scope,model,lookback_days,retrain_days,n,hit_rate,log_loss,brier,p_mean,y_mean
corners_under_12_5_walk_forward,nb,365,30,9842,0.78896565738671,0.5140544040652172,0.16619533321686378,0.7804897961303419,0.7893720788457631
