scope,n,hit_rate,log_loss,brier,p_mean,y_mean
validation_best_predictions_walk_forward,2821,0.7749025168380007,0.5162833684757757,0.1688617297403651,0.7862786948088368,0.7749025168380007
