league,n,hit_rate,log_loss,brier,p_mean
P1,296,0.8074324324324325,0.47152330450453855,0.15021963161953292,0.7911352225550823
I1,369,0.8048780487804879,0.48252677082648965,0.15376290263196285,0.7892797188777535
E0,368,0.7663043478260869,0.5115321666197865,0.16849164876527412,0.7852113505900179
SP1,369,0.7777777777777778,0.5115734163961299,0.16725354885775376,0.7870447406317355
N1,295,0.7762711864406779,0.5236343142717732,0.1707856166036161,0.8063471142377564
E1,530,0.7622641509433963,0.5293064622858595,0.17595150011372238,0.7670849856936144
F1,295,0.7559322033898305,0.545660131941646,0.1799575526631254,0.7873868748550777
D1,299,0.7525083612040134,0.5545932819101258,0.18297793076555272,0.7912645498437955
