bucket,mean_pred,mean_obs,count,calibration_gap
0.0-0.1,,,0,
0.1-0.2,,,0,
0.2-0.3,,,0,
0.3-0.4,,,0,
0.4-0.5,,,0,
0.5-0.6,,,0,
0.6-0.7,0.6695594718726005,0.6912521440823327,583,-0.021692672209732256
0.7-0.8,0.7496713747077666,0.7419668938656281,1027,0.007704480842138484
0.8-0.9,0.8467580769629871,0.8110979929161747,847,0.035660084046812424
0.9-1.0,0.935775914674386,0.9175824175824175,364,0.01819349709196849
