event_id,league,home_team,away_team,match_date,home_goals,away_goals
14025013,E0,liverpool fc,bournemouth,2025-08-15,4.0,2.0
14025016,E0,aston villa,newcastle united,2025-08-16,0.0,0.0
14025020,E0,brighton & hove albion,fulham,2025-08-16,1.0,1.0
14025038,E0,sunderland,west ham united,2025-08-16,3.0,0.0
14025047,E0,tottenham hotspur,burnley,2025-08-16,3.0,0.0
14025050,E0,wolverhampton,manchester city,2025-08-16,0.0,4.0
14025053,E0,chelsea,crystal palace,2025-08-17,0.0,0.0
14025028,E0,nottingham forest,brentford,2025-08-17,3.0,1.0
14025056,E0,manchester united,arsenal,2025-08-17,0.0,1.0
14025059,E0,leeds united,everton,2025-08-18,1.0,0.0
14025088,E0,west ham united,chelsea,2025-08-22,1.0,5.0
14025083,E0,manchester city,tottenham hotspur,2025-08-23,0.0,2.0
14025062,E0,bournemouth,wolverhampton,2025-08-23,1.0,0.0
14025068,E0,brentford,aston villa,2025-08-23,1.0,0.0
14025071,E0,burnley,sunderland,2025-08-23,2.0,0.0
14025065,E0,arsenal,leeds united,2025-08-23,5.0,0.0
14025074,E0,crystal palace,nottingham forest,2025-08-24,1.0,1.0
14025077,E0,everton,brighton & hove albion,2025-08-24,2.0,0.0
14025080,E0,fulham,manchester united,2025-08-24,1.0,1.0
14147154,E0,newcastle united,liverpool fc,2025-08-25,2.0,3.0
14025097,E0,chelsea,fulham,2025-08-30,2.0,0.0
14025106,E0,manchester united,burnley,2025-08-30,3.0,2.0
14025112,E0,sunderland,brentford,2025-08-30,2.0,1.0
14025115,E0,tottenham hotspur,bournemouth,2025-08-30,0.0,1.0
14025118,E0,wolverhampton,everton,2025-08-30,2.0,3.0
14025100,E0,leeds united,newcastle united,2025-08-30,0.0,0.0
14025094,E0,brighton & hove albion,manchester city,2025-08-31,2.0,1.0
14025109,E0,nottingham forest,west ham united,2025-08-31,0.0,3.0
14025103,E0,liverpool fc,arsenal,2025-08-31,1.0,0.0
14025091,E0,aston villa,crystal palace,2025-08-31,0.0,3.0
14025124,E0,arsenal,nottingham forest,2025-09-13,3.0,0.0
14025121,E0,bournemouth,brighton & hove albion,2025-09-13,2.0,1.0
14025133,E0,crystal palace,sunderland,2025-09-13,0.0,0.0
14025136,E0,everton,aston villa,2025-09-13,0.0,0.0
14025139,E0,fulham,leeds united,2025-09-13,1.0,0.0
14025145,E0,newcastle united,wolverhampton,2025-09-13,1.0,0.0
14025148,E0,west ham united,tottenham hotspur,2025-09-13,0.0,3.0
14025127,E0,brentford,chelsea,2025-09-13,2.0,2.0
14025130,E0,burnley,liverpool fc,2025-09-14,0.0,1.0
14025142,E0,manchester city,manchester united,2025-09-14,3.0,0.0
14025166,E0,liverpool fc,everton,2025-09-20,2.0,1.0
14025157,E0,brighton & hove albion,tottenham hotspur,2025-09-20,2.0,2.0
14025160,E0,burnley,nottingham forest,2025-09-20,1.0,1.0
14025175,E0,west ham united,crystal palace,2025-09-20,1.0,2.0
14025178,E0,wolverhampton,leeds united,2025-09-20,1.0,3.0
14025169,E0,manchester united,chelsea,2025-09-20,2.0,1.0
14025163,E0,fulham,brentford,2025-09-20,3.0,1.0
14025151,E0,bournemouth,newcastle united,2025-09-21,0.0,0.0
14025172,E0,sunderland,aston villa,2025-09-21,1.0,1.0
14025154,E0,arsenal,manchester city,2025-09-21,1.0,1.0
14025184,E0,brentford,manchester united,2025-09-27,3.0,1.0
14025187,E0,chelsea,brighton & hove albion,2025-09-27,1.0,3.0
14025190,E0,crystal palace,liverpool fc,2025-09-27,2.0,1.0
14025196,E0,leeds united,bournemouth,2025-09-27,2.0,2.0
14025199,E0,manchester city,burnley,2025-09-27,5.0,1.0
14025205,E0,nottingham forest,sunderland,2025-09-27,0.0,1.0
14025208,E0,tottenham hotspur,wolverhampton,2025-09-27,1.0,1.0
14025181,E0,aston villa,fulham,2025-09-28,3.0,1.0
14025202,E0,newcastle united,arsenal,2025-09-28,1.0,2.0
14311407,E0,everton,west ham united,2025-09-29,1.0,1.0
14025211,E0,bournemouth,fulham,2025-10-03,3.0,1.0
14025225,E0,leeds united,tottenham hotspur,2025-10-04,1.0,2.0
14025214,E0,arsenal,west ham united,2025-10-04,2.0,0.0
14025227,E0,manchester united,sunderland,2025-10-04,2.0,0.0
14025221,E0,chelsea,liverpool fc,2025-10-04,2.0,1.0
14025217,E0,aston villa,burnley,2025-10-05,2.0,1.0
14025223,E0,everton,crystal palace,2025-10-05,2.0,1.0
14025229,E0,newcastle united,nottingham forest,2025-10-05,2.0,0.0
14025231,E0,wolverhampton,brighton & hove albion,2025-10-05,1.0,1.0
14025219,E0,brentford,manchester city,2025-10-05,0.0,1.0
14025245,E0,nottingham forest,chelsea,2025-10-18,0.0,3.0
14025233,E0,brighton & hove albion,newcastle united,2025-10-18,2.0,1.0
14025235,E0,burnley,leeds united,2025-10-18,2.0,0.0
14025237,E0,crystal palace,bournemouth,2025-10-18,3.0,3.0
14025243,E0,manchester city,everton,2025-10-18,2.0,0.0
14025247,E0,sunderland,wolverhampton,2025-10-18,2.0,0.0
14025239,E0,fulham,arsenal,2025-10-18,0.0,1.0
14025249,E0,tottenham hotspur,aston villa,2025-10-19,1.0,2.0
14025241,E0,liverpool fc,manchester united,2025-10-19,1.0,2.0
14504827,E0,west ham united,brentford,2025-10-20,0.0,2.0
14025265,E0,leeds united,west ham united,2025-10-24,2.0,1.0
14025261,E0,chelsea,sunderland,2025-10-25,1.0,2.0
14025269,E0,newcastle united,fulham,2025-10-25,2.0,1.0
14025267,E0,manchester united,brighton & hove albion,2025-10-25,4.0,2.0
14025259,E0,brentford,liverpool fc,2025-10-25,3.0,2.0
14025255,E0,arsenal,crystal palace,2025-10-26,1.0,0.0
14025257,E0,aston villa,manchester city,2025-10-26,1.0,0.0
14025253,E0,bournemouth,nottingham forest,2025-10-26,2.0,0.0
14025271,E0,wolverhampton,burnley,2025-10-26,2.0,3.0
14025263,E0,everton,tottenham hotspur,2025-10-26,0.0,3.0
14025273,E0,brighton & hove albion,leeds united,2025-11-01,3.0,0.0
14025275,E0,burnley,arsenal,2025-11-01,0.0,2.0
14025277,E0,crystal palace,brentford,2025-11-01,2.0,0.0
14025279,E0,fulham,wolverhampton,2025-11-01,3.0,0.0
14025285,E0,nottingham forest,manchester united,2025-11-01,2.0,2.0
14025289,E0,tottenham hotspur,chelsea,2025-11-01,0.0,1.0
14025281,E0,liverpool fc,aston villa,2025-11-01,2.0,0.0
14025291,E0,west ham united,newcastle united,2025-11-02,3.0,1.0
14025283,E0,manchester city,bournemouth,2025-11-02,3.0,1.0
14723615,E0,sunderland,everton,2025-11-03,1.0,1.0
14025057,E0,tottenham hotspur,manchester united,2025-11-08,2.0,2.0
14025043,E0,everton,fulham,2025-11-08,2.0,0.0
14025060,E0,west ham united,burnley,2025-11-08,3.0,2.0
14025054,E0,sunderland,arsenal,2025-11-08,2.0,2.0
14025023,E0,chelsea,wolverhampton,2025-11-08,3.0,0.0
14025014,E0,aston villa,bournemouth,2025-11-09,4.0,0.0
14025017,E0,brentford,newcastle united,2025-11-09,3.0,1.0
14025033,E0,crystal palace,brighton & hove albion,2025-11-09,0.0,0.0
14025051,E0,nottingham forest,leeds united,2025-11-09,3.0,1.0
14025048,E0,manchester city,liverpool fc,2025-11-09,3.0,0.0
14025072,E0,burnley,chelsea,2025-11-22,0.0,2.0
14025063,E0,bournemouth,west ham united,2025-11-22,2.0,2.0
14025069,E0,brighton & hove albion,brentford,2025-11-22,2.0,1.0
14025075,E0,fulham,sunderland,2025-11-22,1.0,0.0
14025081,E0,liverpool fc,nottingham forest,2025-11-22,0.0,3.0
14025090,E0,wolverhampton,crystal palace,2025-11-22,0.0,2.0
14025087,E0,newcastle united,manchester city,2025-11-22,2.0,1.0
14025078,E0,leeds united,aston villa,2025-11-23,1.0,2.0
14025066,E0,arsenal,tottenham hotspur,2025-11-23,4.0,1.0
14723574,E0,manchester united,everton,2025-11-24,0.0,1.0
14025096,E0,brentford,burnley,2025-11-29,3.0,1.0
14025108,E0,manchester city,leeds united,2025-11-29,3.0,2.0
14025114,E0,sunderland,bournemouth,2025-11-29,3.0,2.0
14025105,E0,everton,newcastle united,2025-11-29,1.0,4.0
14025117,E0,tottenham hotspur,fulham,2025-11-29,1.0,2.0
14025102,E0,crystal palace,manchester united,2025-11-30,1.0,2.0
14025093,E0,aston villa,wolverhampton,2025-11-30,1.0,0.0
14025111,E0,nottingham forest,brighton & hove albion,2025-11-30,0.0,2.0
14025120,E0,west ham united,liverpool fc,2025-11-30,0.0,2.0
14025099,E0,chelsea,arsenal,2025-11-30,1.0,1.0
14025123,E0,bournemouth,everton,2025-12-02,0.0,1.0
14025135,E0,fulham,manchester city,2025-12-02,4.0,5.0
14025141,E0,newcastle united,tottenham hotspur,2025-12-02,2.0,2.0
14025126,E0,arsenal,brentford,2025-12-03,2.0,0.0
14025129,E0,brighton & hove albion,aston villa,2025-12-03,3.0,4.0
14025132,E0,burnley,crystal palace,2025-12-03,0.0,1.0
14025144,E0,wolverhampton,nottingham forest,2025-12-03,0.0,1.0
14025138,E0,leeds united,chelsea,2025-12-03,3.0,1.0
14025147,E0,liverpool fc,sunderland,2025-12-03,1.0,1.0
14025150,E0,manchester united,west ham united,2025-12-04,1.0,1.0
14025156,E0,aston villa,arsenal,2025-12-06,2.0,1.0
14025153,E0,bournemouth,chelsea,2025-12-06,0.0,0.0
14025162,E0,everton,nottingham forest,2025-12-06,3.0,0.0
14025171,E0,manchester city,sunderland,2025-12-06,3.0,0.0
14025174,E0,newcastle united,burnley,2025-12-06,2.0,1.0
14025177,E0,tottenham hotspur,brentford,2025-12-06,2.0,0.0
14025168,E0,leeds united,liverpool fc,2025-12-06,3.0,3.0
14025159,E0,brighton & hove albion,west ham united,2025-12-07,1.0,1.0
14025165,E0,fulham,crystal palace,2025-12-07,1.0,2.0
14912436,E0,wolverhampton,manchester united,2025-12-08,1.0,4.0
14025192,E0,chelsea,everton,2025-12-13,2.0,0.0
14025198,E0,liverpool fc,brighton & hove albion,2025-12-13,2.0,0.0
14025189,E0,burnley,fulham,2025-12-13,2.0,3.0
14025183,E0,arsenal,wolverhampton,2025-12-13,2.0,1.0
14025195,E0,crystal palace,manchester city,2025-12-14,0.0,3.0
14025204,E0,nottingham forest,tottenham hotspur,2025-12-14,3.0,0.0
14025207,E0,sunderland,newcastle united,2025-12-14,1.0,0.0
14025210,E0,west ham united,aston villa,2025-12-14,2.0,3.0
14025186,E0,brentford,leeds united,2025-12-14,1.0,1.0
15035359,E0,manchester united,bournemouth,2025-12-15,4.0,4.0
14025228,E0,newcastle united,chelsea,2025-12-20,2.0,2.0
14025213,E0,bournemouth,burnley,2025-12-20,1.0,1.0
14025218,E0,brighton & hove albion,sunderland,2025-12-20,0.0,0.0
14025226,E0,manchester city,west ham united,2025-12-20,3.0,0.0
14025232,E0,wolverhampton,brentford,2025-12-20,0.0,2.0
14025230,E0,tottenham hotspur,liverpool fc,2025-12-20,1.0,2.0
14025220,E0,everton,arsenal,2025-12-20,0.0,1.0
14025224,E0,leeds united,crystal palace,2025-12-20,4.0,1.0
14025216,E0,aston villa,manchester united,2025-12-21,2.0,1.0
14907281,E0,fulham,nottingham forest,2025-12-22,1.0,0.0
14025246,E0,manchester united,newcastle united,2025-12-26,1.0,0.0
14025248,E0,nottingham forest,manchester city,2025-12-27,1.0,2.0
14025234,E0,arsenal,brighton & hove albion,2025-12-27,2.0,1.0
14025236,E0,brentford,bournemouth,2025-12-27,4.0,1.0
14025238,E0,burnley,everton,2025-12-27,0.0,0.0
14025244,E0,liverpool fc,wolverhampton,2025-12-27,2.0,1.0
14025252,E0,west ham united,fulham,2025-12-27,0.0,1.0
14025240,E0,chelsea,aston villa,2025-12-27,1.0,2.0
14025250,E0,sunderland,leeds united,2025-12-28,1.0,1.0
14025242,E0,crystal palace,tottenham hotspur,2025-12-28,0.0,1.0
14025258,E0,burnley,newcastle united,2025-12-30,1.0,3.0
14025260,E0,chelsea,bournemouth,2025-12-30,2.0,2.0
14025268,E0,nottingham forest,everton,2025-12-30,0.0,2.0
14025272,E0,west ham united,brighton & hove albion,2025-12-30,2.0,2.0
14025254,E0,arsenal,aston villa,2025-12-30,4.0,1.0
14025266,E0,manchester united,wolverhampton,2025-12-30,1.0,1.0
14025262,E0,crystal palace,fulham,2026-01-01,1.0,1.0
14025264,E0,liverpool fc,leeds united,2026-01-01,0.0,0.0
14025256,E0,brentford,tottenham hotspur,2026-01-01,0.0,0.0
14025270,E0,sunderland,manchester city,2026-01-01,0.0,0.0
14025276,E0,aston villa,nottingham forest,2026-01-03,3.0,1.0
14025278,E0,brighton & hove albion,burnley,2026-01-03,2.0,0.0
14025292,E0,wolverhampton,west ham united,2026-01-03,3.0,0.0
14025274,E0,bournemouth,arsenal,2026-01-03,2.0,3.0
14025284,E0,leeds united,manchester united,2026-01-04,1.0,1.0
14025280,E0,everton,brentford,2026-01-04,2.0,4.0
14025288,E0,newcastle united,crystal palace,2026-01-04,2.0,0.0
14025290,E0,tottenham hotspur,sunderland,2026-01-04,1.0,1.0
14025282,E0,fulham,liverpool fc,2026-01-04,2.0,2.0
14025286,E0,manchester city,chelsea,2026-01-04,1.0,1.0
14025055,E0,west ham united,nottingham forest,2026-01-06,1.0,2.0
14025015,E0,bournemouth,tottenham hotspur,2026-01-07,3.0,2.0
14025027,E0,brentford,sunderland,2026-01-07,3.0,0.0
14025058,E0,crystal palace,aston villa,2026-01-07,0.0,0.0
14025046,E0,everton,wolverhampton,2026-01-07,1.0,1.0
14025049,E0,fulham,chelsea,2026-01-07,2.0,1.0
14025061,E0,manchester city,brighton & hove albion,2026-01-07,1.0,1.0
14025037,E0,burnley,manchester united,2026-01-07,2.0,2.0
14025052,E0,newcastle united,leeds united,2026-01-07,4.0,3.0
14025019,E0,arsenal,liverpool fc,2026-01-08,0.0,0.0
14025079,E0,manchester united,manchester city,2026-01-17,2.0,0.0
14025070,E0,chelsea,brentford,2026-01-17,2.0,0.0
14025073,E0,leeds united,fulham,2026-01-17,1.0,0.0
14025076,E0,liverpool fc,burnley,2026-01-17,1.0,1.0
14025085,E0,sunderland,crystal palace,2026-01-17,2.0,1.0
14025089,E0,tottenham hotspur,west ham united,2026-01-17,1.0,2.0
14025082,E0,nottingham forest,arsenal,2026-01-17,0.0,0.0
14025092,E0,wolverhampton,newcastle united,2026-01-18,0.0,0.0
14025064,E0,aston villa,everton,2026-01-18,0.0,1.0
15129445,E0,brighton & hove albion,bournemouth,2026-01-19,1.0,1.0
14025122,E0,west ham united,sunderland,2026-01-24,3.0,1.0
14025104,E0,burnley,tottenham hotspur,2026-01-24,2.0,2.0
14025113,E0,fulham,brighton & hove albion,2026-01-24,2.0,1.0
14025116,E0,manchester city,wolverhampton,2026-01-24,2.0,0.0
14025095,E0,bournemouth,liverpool fc,2026-01-24,3.0,2.0
14025101,E0,brentford,nottingham forest,2026-01-25,0.0,2.0
14025107,E0,crystal palace,chelsea,2026-01-25,1.0,3.0
14025119,E0,newcastle united,aston villa,2026-01-25,0.0,2.0
14025098,E0,arsenal,manchester united,2026-01-25,2.0,3.0
15129439,E0,everton,leeds united,2026-01-26,1.0,1.0
14025128,E0,brighton & hove albion,everton,2026-01-31,1.0,1.0
14025134,E0,leeds united,arsenal,2026-01-31,0.0,4.0
14025152,E0,wolverhampton,bournemouth,2026-01-31,0.0,2.0
14025131,E0,chelsea,west ham united,2026-01-31,3.0,2.0
14025137,E0,liverpool fc,newcastle united,2026-01-31,4.0,1.0
14025125,E0,aston villa,brentford,2026-02-01,0.0,1.0
14025140,E0,manchester united,fulham,2026-02-01,3.0,2.0
14025143,E0,nottingham forest,crystal palace,2026-02-01,1.0,1.0
14025149,E0,tottenham hotspur,manchester city,2026-02-01,2.0,2.0
15129444,E0,sunderland,burnley,2026-02-02,3.0,0.0
14025170,E0,leeds united,nottingham forest,2026-02-06,3.0,1.0
14025176,E0,manchester united,tottenham hotspur,2026-02-07,2.0,0.0
14025158,E0,arsenal,sunderland,2026-02-07,3.0,0.0
14025155,E0,bournemouth,aston villa,2026-02-07,1.0,1.0
14025164,E0,burnley,west ham united,2026-02-07,0.0,2.0
14025167,E0,fulham,everton,2026-02-07,1.0,2.0
14025182,E0,wolverhampton,chelsea,2026-02-07,1.0,3.0
14025179,E0,newcastle united,brentford,2026-02-07,2.0,3.0
14025161,E0,brighton & hove albion,crystal palace,2026-02-08,0.0,1.0
14025173,E0,liverpool fc,manchester city,2026-02-08,1.0,2.0
14025188,E0,chelsea,leeds united,2026-02-10,2.0,2.0
14025191,E0,everton,bournemouth,2026-02-10,1.0,2.0
14025200,E0,tottenham hotspur,newcastle united,2026-02-10,1.0,2.0
14025203,E0,west ham united,manchester united,2026-02-10,1.0,1.0
14025206,E0,aston villa,brighton & hove albion,2026-02-11,1.0,0.0
14025209,E0,crystal palace,burnley,2026-02-11,2.0,3.0
14025212,E0,manchester city,fulham,2026-02-11,3.0,0.0
14025194,E0,nottingham forest,wolverhampton,2026-02-11,0.0,0.0
14025197,E0,sunderland,liverpool fc,2026-02-11,0.0,1.0
14025185,E0,brentford,arsenal,2026-02-12,1.0,1.0
14025215,E0,aston villa,leeds united,2026-02-21,1.0,1.0
14024006,E0,brentford,brighton & hove albion,2026-02-21,0.0,2.0
14024007,E0,chelsea,burnley,2026-02-21,1.0,1.0
14023969,E0,west ham united,bournemouth,2026-02-21,0.0,0.0
14024010,E0,manchester city,newcastle united,2026-02-21,2.0,1.0
14024008,E0,crystal palace,wolverhampton,2026-02-22,1.0,0.0
14024013,E0,nottingham forest,liverpool fc,2026-02-22,0.0,1.0
14024011,E0,sunderland,fulham,2026-02-22,1.0,3.0
14024012,E0,tottenham hotspur,arsenal,2026-02-22,1.0,4.0
15238290,E0,everton,manchester united,2026-02-23,0.0,1.0
14023979,E0,wolverhampton,aston villa,2026-02-27,2.0,0.0
14023970,E0,bournemouth,sunderland,2026-02-28,1.0,1.0
14023975,E0,burnley,brentford,2026-02-28,3.0,4.0
14023976,E0,liverpool fc,west ham united,2026-02-28,5.0,2.0
14023977,E0,newcastle united,everton,2026-02-28,2.0,3.0
14023974,E0,leeds united,manchester city,2026-02-28,0.0,1.0
14023972,E0,brighton & hove albion,nottingham forest,2026-03-01,2.0,1.0
14023973,E0,fulham,tottenham hotspur,2026-03-01,2.0,1.0
14023978,E0,manchester united,crystal palace,2026-03-01,2.0,1.0
14023971,E0,arsenal,chelsea,2026-03-01,2.0,1.0
14023980,E0,bournemouth,brentford,2026-03-03,0.0,0.0
14023941,E0,everton,burnley,2026-03-03,2.0,0.0
14023982,E0,leeds united,sunderland,2026-03-03,0.0,1.0
14023985,E0,wolverhampton,liverpool fc,2026-03-03,2.0,1.0
14023986,E0,aston villa,chelsea,2026-03-04,1.0,4.0
14023933,E0,brighton & hove albion,arsenal,2026-03-04,0.0,1.0
14023947,E0,fulham,west ham united,2026-03-04,0.0,1.0
14023984,E0,manchester city,nottingham forest,2026-03-04,2.0,2.0
14023983,E0,newcastle united,manchester united,2026-03-04,2.0,1.0
14023981,E0,tottenham hotspur,crystal palace,2026-03-05,1.0,3.0
14023988,E0,burnley,bournemouth,2026-03-14,0.0,0.0
14023996,E0,sunderland,brighton & hove albion,2026-03-14,0.0,1.0
14023987,E0,arsenal,everton,2026-03-14,2.0,0.0
14023990,E0,chelsea,newcastle united,2026-03-14,0.0,1.0
14023993,E0,west ham united,manchester city,2026-03-14,1.0,1.0
14023991,E0,crystal palace,leeds united,2026-03-15,0.0,0.0
14023994,E0,manchester united,aston villa,2026-03-15,3.0,1.0
14023995,E0,nottingham forest,fulham,2026-03-15,0.0,0.0
14023992,E0,liverpool fc,tottenham hotspur,2026-03-15,1.0,1.0
15408501,E0,brentford,wolverhampton,2026-03-16,2.0,2.0
14025018,E0,wolverhampton,arsenal,2026-02-18,2.0,2.0
14023997,E0,bournemouth,manchester united,2026-03-20,2.0,2.0
14024015,E0,brighton & hove albion,liverpool fc,2026-03-21,2.0,1.0
14024016,E0,fulham,burnley,2026-03-21,3.0,1.0
14024017,E0,everton,chelsea,2026-03-21,3.0,0.0
14024018,E0,leeds united,brentford,2026-03-21,0.0,0.0
14024021,E0,newcastle united,sunderland,2026-03-22,1.0,2.0
14024014,E0,aston villa,west ham united,2026-03-22,2.0,0.0
14024020,E0,tottenham hotspur,nottingham forest,2026-03-22,0.0,3.0
15999228,E0,manchester city,crystal palace,2026-05-13,3.0,0.0
14025029,E0,west ham united,wolverhampton,2026-04-10,4.0,0.0
14025021,E0,arsenal,bournemouth,2026-04-11,1.0,2.0
14025022,E0,brentford,everton,2026-04-11,2.0,2.0
14024002,E0,burnley,brighton & hove albion,2026-04-11,0.0,2.0
14024000,E0,liverpool fc,fulham,2026-04-11,2.0,0.0
14023999,E0,crystal palace,newcastle united,2026-04-12,2.0,1.0
14025025,E0,nottingham forest,aston villa,2026-04-12,1.0,1.0
14025026,E0,sunderland,tottenham hotspur,2026-04-12,1.0,0.0
14023998,E0,chelsea,manchester city,2026-04-12,0.0,3.0
14025024,E0,manchester united,leeds united,2026-04-13,1.0,2.0
14025031,E0,brentford,fulham,2026-04-18,0.0,0.0
14025036,E0,leeds united,wolverhampton,2026-04-18,3.0,0.0
14025040,E0,newcastle united,bournemouth,2026-04-18,1.0,2.0
14025042,E0,tottenham hotspur,brighton & hove albion,2026-04-18,2.0,2.0
14025032,E0,chelsea,manchester united,2026-04-18,0.0,1.0
14025030,E0,aston villa,sunderland,2026-04-19,4.0,3.0
14025035,E0,everton,liverpool fc,2026-04-19,1.0,2.0
14025041,E0,nottingham forest,burnley,2026-04-19,4.0,1.0
14025039,E0,manchester city,arsenal,2026-04-19,2.0,1.0
14025034,E0,crystal palace,west ham united,2026-04-20,0.0,0.0
14024001,E0,brighton & hove albion,chelsea,2026-04-21,3.0,0.0
14025044,E0,bournemouth,leeds united,2026-04-22,2.0,2.0
14024003,E0,burnley,manchester city,2026-04-22,0.0,1.0
14023932,E0,sunderland,nottingham forest,2026-04-24,0.0,5.0
14024004,E0,fulham,aston villa,2026-04-25,1.0,0.0
14024005,E0,liverpool fc,crystal palace,2026-04-25,3.0,1.0
14023934,E0,west ham united,everton,2026-04-25,2.0,1.0
14024022,E0,wolverhampton,tottenham hotspur,2026-04-25,0.0,1.0
14025045,E0,arsenal,newcastle united,2026-04-25,1.0,0.0
14023926,E0,manchester united,brentford,2026-04-27,2.0,1.0
14023940,E0,leeds united,burnley,2026-05-01,3.0,1.0
14023945,E0,brentford,west ham united,2026-05-02,3.0,0.0
14023949,E0,newcastle united,brighton & hove albion,2026-05-02,3.0,1.0
14023951,E0,wolverhampton,sunderland,2026-05-02,1.0,1.0
14023931,E0,arsenal,fulham,2026-05-02,3.0,0.0
14024023,E0,bournemouth,crystal palace,2026-05-03,3.0,0.0
14023939,E0,manchester united,liverpool fc,2026-05-03,3.0,2.0
14023927,E0,aston villa,tottenham hotspur,2026-05-03,1.0,2.0
14023925,E0,chelsea,nottingham forest,2026-05-04,1.0,3.0
14023930,E0,everton,manchester city,2026-05-04,3.0,3.0
14024024,E0,liverpool fc,chelsea,2026-05-09,1.0,1.0
14023935,E0,brighton & hove albion,wolverhampton,2026-05-09,3.0,0.0
14023948,E0,fulham,bournemouth,2026-05-09,0.0,1.0
14023938,E0,sunderland,manchester united,2026-05-09,0.0,0.0
14023946,E0,manchester city,brentford,2026-05-09,3.0,0.0
14023929,E0,burnley,aston villa,2026-05-10,2.0,2.0
14023937,E0,crystal palace,everton,2026-05-10,2.0,2.0
14023943,E0,nottingham forest,newcastle united,2026-05-10,1.0,1.0
14023942,E0,west ham united,arsenal,2026-05-10,0.0,1.0
14023944,E0,tottenham hotspur,leeds united,2026-05-11,1.0,1.0
14023928,E0,aston villa,liverpool fc,2026-05-15,4.0,2.0
14023956,E0,manchester united,nottingham forest,2026-05-17,3.0,2.0
14023953,E0,brentford,crystal palace,2026-05-17,2.0,2.0
14023955,E0,everton,sunderland,2026-05-17,1.0,3.0
14023954,E0,leeds united,brighton & hove albion,2026-05-17,1.0,0.0
14023958,E0,wolverhampton,fulham,2026-05-17,1.0,1.0
14023957,E0,newcastle united,west ham united,2026-05-17,3.0,1.0
14023950,E0,arsenal,burnley,2026-05-18,1.0,0.0
14023936,E0,bournemouth,manchester city,2026-05-19,1.0,1.0
16087727,E0,chelsea,tottenham hotspur,2026-05-19,2.0,1.0
14023959,E0,brighton & hove albion,manchester united,2026-05-24,0.0,3.0
14023960,E0,burnley,wolverhampton,2026-05-24,1.0,1.0
14023963,E0,crystal palace,arsenal,2026-05-24,1.0,2.0
14023965,E0,fulham,newcastle united,2026-05-24,2.0,0.0
14023962,E0,liverpool fc,brentford,2026-05-24,1.0,1.0
14023961,E0,manchester city,aston villa,2026-05-24,1.0,2.0
14023964,E0,nottingham forest,bournemouth,2026-05-24,1.0,1.0
14023966,E0,sunderland,chelsea,2026-05-24,2.0,1.0
14023967,E0,tottenham hotspur,everton,2026-05-24,1.0,0.0
14023968,E0,west ham united,leeds united,2026-05-24,3.0,0.0
16363633,E0,arsenal,coventry city,2026-08-21,3.0,0.0
16363634,E0,hull city,manchester united,2026-08-22,2.0,0.0
16363635,E0,everton,crystal palace,2026-08-22,2.0,0.0
16363636,E0,ipswich town,sunderland,2026-08-22,2.0,1.0
16363238,E0,nottingham forest,leeds united,2026-08-22,0.0,1.0
16363242,E0,brentford,tottenham hotspur,2026-08-22,3.0,0.0
16363236,E0,brighton & hove albion,aston villa,2026-08-23,4.0,0.0
16363243,E0,manchester city,bournemouth,2026-08-23,2.0,1.0
16363246,E0,newcastle united,liverpool fc,2026-08-23,2.0,2.0
16363244,E0,fulham,chelsea,2026-08-24,2.0,3.0
14059455,E1,birmingham city,ipswich town,2025-08-08,1.0,1.0
14059457,E1,charlton athletic,watford,2025-08-09,1.0,0.0
14059460,E1,coventry city,hull city,2025-08-09,0.0,0.0
14059458,E1,southampton,wrexham,2025-08-09,2.0,1.0
14059459,E1,middlesbrough,swansea city,2025-08-09,1.0,0.0
14059461,E1,norwich city,millwall,2025-08-09,1.0,2.0
14059467,E1,oxford united,portsmouth,2025-08-09,0.0,1.0
14059465,E1,queens park rangers,preston north end,2025-08-09,1.0,1.0
14059466,E1,stoke city,derby county,2025-08-09,3.0,1.0
14059470,E1,west bromwich albion,blackburn rovers,2025-08-09,1.0,0.0
14059473,E1,sheffield united,bristol city,2025-08-09,1.0,4.0
14059456,E1,leicester city,sheffield wednesday,2025-08-10,2.0,1.0
14059462,E1,derby county,coventry city,2025-08-16,3.0,5.0
14059469,E1,portsmouth,norwich city,2025-08-16,1.0,2.0
14059464,E1,wrexham,west bromwich albion,2025-08-16,2.0,3.0
14059480,E1,blackburn rovers,birmingham city,2025-08-16,1.0,2.0
14059479,E1,bristol city,charlton athletic,2025-08-16,0.0,0.0
14059476,E1,millwall,middlesbrough,2025-08-16,0.0,3.0
14059472,E1,preston north end,leicester city,2025-08-16,2.0,1.0
14059471,E1,sheffield wednesday,stoke city,2025-08-16,0.0,3.0
14059468,E1,swansea city,sheffield united,2025-08-16,1.0,0.0
14059463,E1,watford,queens park rangers,2025-08-16,2.0,1.0
14059478,E1,ipswich town,southampton,2025-08-17,1.0,1.0
14059477,E1,hull city,oxford united,2025-08-17,3.0,2.0
14059481,E1,derby county,bristol city,2025-08-22,1.0,1.0
14059488,E1,charlton athletic,leicester city,2025-08-23,0.0,1.0
14059485,E1,hull city,blackburn rovers,2025-08-23,0.0,3.0
14059490,E1,swansea city,watford,2025-08-23,1.0,1.0
14059499,E1,birmingham city,oxford united,2025-08-23,1.0,0.0
14059482,E1,coventry city,queens park rangers,2025-08-23,7.0,1.0
14059483,E1,norwich city,middlesbrough,2025-08-23,1.0,2.0
14059484,E1,preston north end,ipswich town,2025-08-23,1.0,0.0
14059487,E1,sheffield united,millwall,2025-08-23,0.0,1.0
14059486,E1,southampton,stoke city,2025-08-23,1.0,2.0
14059489,E1,west bromwich albion,portsmouth,2025-08-23,1.0,1.0
14059496,E1,wrexham,sheffield wednesday,2025-08-23,2.0,2.0
14059494,E1,leicester city,birmingham city,2025-08-29,2.0,0.0
14059495,E1,middlesbrough,sheffield united,2025-08-30,1.0,0.0
14059500,E1,queens park rangers,charlton athletic,2025-08-30,3.0,1.0
14059501,E1,stoke city,west bromwich albion,2025-08-30,0.0,1.0
14059491,E1,blackburn rovers,norwich city,2025-08-30,0.0,2.0
14059492,E1,bristol city,hull city,2025-08-30,4.0,2.0
14059493,E1,ipswich town,derby county,2025-08-30,2.0,2.0
14059497,E1,millwall,wrexham,2025-08-30,0.0,2.0
14059498,E1,oxford united,coventry city,2025-08-30,2.0,2.0
14059502,E1,portsmouth,preston north end,2025-08-30,1.0,0.0
14059505,E1,sheffield wednesday,swansea city,2025-08-30,0.0,2.0
14059506,E1,watford,southampton,2025-08-30,2.0,2.0
14059508,E1,ipswich town,sheffield united,2025-09-12,5.0,0.0
14059503,E1,charlton athletic,millwall,2025-09-13,1.0,1.0
14059509,E1,oxford united,leicester city,2025-09-13,2.0,2.0
14059507,E1,preston north end,middlesbrough,2025-09-13,2.0,2.0
14059504,E1,coventry city,norwich city,2025-09-13,1.0,1.0
14059510,E1,sheffield wednesday,bristol city,2025-09-13,0.0,3.0
14059511,E1,stoke city,birmingham city,2025-09-13,1.0,0.0
14059512,E1,swansea city,hull city,2025-09-13,2.0,2.0
14059515,E1,watford,blackburn rovers,2025-09-13,0.0,1.0
14059516,E1,west bromwich albion,derby county,2025-09-13,0.0,1.0
14059514,E1,wrexham,queens park rangers,2025-09-13,1.0,3.0
14059513,E1,southampton,portsmouth,2025-09-14,0.0,0.0
14059523,E1,middlesbrough,west bromwich albion,2025-09-19,2.0,1.0
14059518,E1,birmingham city,swansea city,2025-09-20,1.0,0.0
14059522,E1,leicester city,coventry city,2025-09-20,0.0,0.0
14059527,E1,queens park rangers,stoke city,2025-09-20,1.0,0.0
14059520,E1,derby county,preston north end,2025-09-20,0.0,1.0
14059521,E1,hull city,southampton,2025-09-20,3.0,1.0
14059525,E1,norwich city,wrexham,2025-09-20,2.0,3.0
14059526,E1,portsmouth,sheffield wednesday,2025-09-20,0.0,2.0
14059528,E1,sheffield united,charlton athletic,2025-09-20,0.0,1.0
14059517,E1,bristol city,oxford united,2025-09-21,1.0,3.0
14120332,E1,millwall,watford,2025-09-22,1.0,0.0
14861167,E1,blackburn rovers,ipswich town,2025-12-02,1.0,1.0
14059540,E1,west bromwich albion,leicester city,2025-09-26,1.0,1.0
14059530,E1,coventry city,birmingham city,2025-09-27,3.0,0.0
14059536,E1,swansea city,millwall,2025-09-27,1.0,1.0
14059539,E1,wrexham,derby county,2025-09-27,1.0,1.0
14059529,E1,charlton athletic,blackburn rovers,2025-09-27,3.0,0.0
14059531,E1,ipswich town,portsmouth,2025-09-27,2.0,1.0
14059532,E1,oxford united,sheffield united,2025-09-27,0.0,1.0
14059533,E1,preston north end,bristol city,2025-09-27,0.0,0.0
14059535,E1,sheffield wednesday,queens park rangers,2025-09-27,1.0,1.0
14059534,E1,southampton,middlesbrough,2025-09-27,1.0,1.0
14059537,E1,stoke city,norwich city,2025-09-27,1.0,1.0
14059538,E1,watford,hull city,2025-09-27,2.0,1.0
14059541,E1,birmingham city,sheffield wednesday,2025-09-30,2.0,2.0
14059543,E1,blackburn rovers,swansea city,2025-09-30,1.0,2.0
14059542,E1,bristol city,ipswich town,2025-09-30,1.0,1.0
14059544,E1,hull city,preston north end,2025-09-30,2.0,2.0
14059547,E1,leicester city,wrexham,2025-09-30,1.0,1.0
14059553,E1,middlesbrough,stoke city,2025-09-30,0.0,0.0
14059546,E1,sheffield united,southampton,2025-09-30,1.0,2.0
14059545,E1,derby county,charlton athletic,2025-09-30,1.0,1.0
14059548,E1,millwall,coventry city,2025-10-01,0.0,4.0
14059552,E1,norwich city,west bromwich albion,2025-10-01,0.0,1.0
14059551,E1,portsmouth,watford,2025-10-01,2.0,2.0
14059550,E1,queens park rangers,oxford united,2025-10-01,0.0,0.0
14059565,E1,wrexham,birmingham city,2025-10-03,1.0,1.0
14059549,E1,blackburn rovers,stoke city,2025-10-04,1.0,1.0
14059557,E1,hull city,sheffield united,2025-10-04,1.0,0.0
14059561,E1,sheffield wednesday,coventry city,2025-10-04,0.0,5.0
14059554,E1,bristol city,queens park rangers,2025-10-04,1.0,2.0
14059555,E1,derby county,southampton,2025-10-04,1.0,1.0
14059558,E1,millwall,west bromwich albion,2025-10-04,3.0,0.0
14059559,E1,portsmouth,middlesbrough,2025-10-04,1.0,0.0
14059560,E1,preston north end,charlton athletic,2025-10-04,2.0,0.0
14059562,E1,swansea city,leicester city,2025-10-04,1.0,3.0
14059563,E1,watford,oxford united,2025-10-04,2.0,1.0
14059556,E1,ipswich town,norwich city,2025-10-05,3.0,1.0
14059569,E1,middlesbrough,ipswich town,2025-10-17,2.0,1.0
14059573,E1,oxford united,derby county,2025-10-18,1.0,0.0
14059571,E1,queens park rangers,millwall,2025-10-18,1.0,2.0
14059574,E1,southampton,swansea city,2025-10-18,0.0,0.0
14059564,E1,birmingham city,hull city,2025-10-18,2.0,3.0
14059566,E1,charlton athletic,sheffield wednesday,2025-10-18,2.0,1.0
14059567,E1,coventry city,blackburn rovers,2025-10-18,2.0,0.0
14059570,E1,norwich city,bristol city,2025-10-18,0.0,1.0
14059572,E1,sheffield united,watford,2025-10-18,1.0,0.0
14059577,E1,stoke city,wrexham,2025-10-18,1.0,0.0
14059576,E1,west bromwich albion,preston north end,2025-10-18,2.0,1.0
14059568,E1,leicester city,portsmouth,2025-10-18,1.0,1.0
14059575,E1,blackburn rovers,sheffield united,2025-10-21,1.0,3.0
14059582,E1,derby county,norwich city,2025-10-21,1.0,0.0
14059580,E1,hull city,leicester city,2025-10-21,2.0,1.0
14059583,E1,ipswich town,charlton athletic,2025-10-21,0.0,3.0
14059578,E1,millwall,stoke city,2025-10-21,2.0,0.0
14059584,E1,portsmouth,coventry city,2025-10-21,1.0,2.0
14059581,E1,preston north end,birmingham city,2025-10-21,0.0,1.0
14059579,E1,bristol city,southampton,2025-10-21,3.0,1.0
14059587,E1,swansea city,queens park rangers,2025-10-22,0.0,1.0
14059585,E1,watford,west bromwich albion,2025-10-22,2.0,1.0
14059591,E1,wrexham,oxford united,2025-10-22,1.0,0.0
14059586,E1,sheffield wednesday,middlesbrough,2025-10-22,0.0,1.0
14059600,E1,preston north end,sheffield united,2025-10-24,3.0,2.0
14059589,E1,coventry city,watford,2025-10-25,3.0,1.0
14059594,E1,ipswich town,west bromwich albion,2025-10-25,1.0,0.0
14059599,E1,portsmouth,stoke city,2025-10-25,0.0,1.0
14059588,E1,blackburn rovers,southampton,2025-10-25,2.0,1.0
14059590,E1,bristol city,birmingham city,2025-10-25,1.0,0.0
14059592,E1,derby county,queens park rangers,2025-10-25,1.0,0.0
14059595,E1,hull city,charlton athletic,2025-10-25,1.0,1.0
14059593,E1,middlesbrough,wrexham,2025-10-25,1.0,1.0
14059596,E1,millwall,leicester city,2025-10-25,1.0,0.0
14059601,E1,sheffield wednesday,oxford united,2025-10-25,1.0,2.0
14059597,E1,swansea city,norwich city,2025-10-25,2.0,1.0
14059611,E1,wrexham,coventry city,2025-10-31,3.0,2.0
14059603,E1,leicester city,blackburn rovers,2025-11-01,0.0,2.0
14059605,E1,norwich city,hull city,2025-11-01,0.0,2.0
14059612,E1,west bromwich albion,sheffield wednesday,2025-11-01,0.0,0.0
14059598,E1,birmingham city,portsmouth,2025-11-01,4.0,0.0
14059602,E1,charlton athletic,swansea city,2025-11-01,1.0,1.0
14059604,E1,oxford united,millwall,2025-11-01,2.0,2.0
14059606,E1,queens park rangers,ipswich town,2025-11-01,1.0,4.0
14059607,E1,sheffield united,derby county,2025-11-01,1.0,3.0
14059610,E1,southampton,preston north end,2025-11-01,0.0,2.0
14059609,E1,stoke city,bristol city,2025-11-01,5.0,1.0
14059608,E1,watford,middlesbrough,2025-11-01,3.0,0.0
14059613,E1,birmingham city,millwall,2025-11-04,4.0,0.0
14059614,E1,bristol city,blackburn rovers,2025-11-04,0.0,1.0
14059617,E1,charlton athletic,west bromwich albion,2025-11-04,1.0,0.0
14059616,E1,derby county,hull city,2025-11-04,2.0,1.0
14059621,E1,ipswich town,watford,2025-11-04,1.0,1.0
14059619,E1,leicester city,middlesbrough,2025-11-04,1.0,1.0
14059618,E1,oxford united,stoke city,2025-11-04,0.0,3.0
14059615,E1,coventry city,sheffield united,2025-11-04,3.0,1.0
14059622,E1,preston north end,swansea city,2025-11-05,2.0,1.0
14059625,E1,queens park rangers,southampton,2025-11-05,1.0,2.0
14059623,E1,sheffield wednesday,norwich city,2025-11-05,1.0,1.0
14059620,E1,portsmouth,wrexham,2025-11-05,0.0,0.0
14059631,E1,watford,bristol city,2025-11-07,1.0,1.0
14059626,E1,blackburn rovers,derby county,2025-11-08,1.0,2.0
14059624,E1,hull city,portsmouth,2025-11-08,3.0,2.0
14059627,E1,millwall,preston north end,2025-11-08,1.0,1.0
14059628,E1,middlesbrough,birmingham city,2025-11-08,2.0,1.0
14059629,E1,norwich city,leicester city,2025-11-08,1.0,2.0
14059632,E1,sheffield united,queens park rangers,2025-11-08,0.0,0.0
14059630,E1,southampton,sheffield wednesday,2025-11-08,3.0,1.0
14059635,E1,stoke city,coventry city,2025-11-08,0.0,1.0
14059633,E1,swansea city,ipswich town,2025-11-08,1.0,4.0
14059634,E1,west bromwich albion,oxford united,2025-11-08,2.0,1.0
14059639,E1,wrexham,charlton athletic,2025-11-08,1.0,0.0
14059647,E1,preston north end,blackburn rovers,2025-11-21,1.0,2.0
14059637,E1,bristol city,swansea city,2025-11-22,3.0,0.0
14059638,E1,charlton athletic,southampton,2025-11-22,1.0,5.0
14059641,E1,coventry city,west bromwich albion,2025-11-22,3.0,2.0
14059636,E1,birmingham city,norwich city,2025-11-22,4.0,1.0
14059640,E1,derby county,watford,2025-11-22,2.0,3.0
14059642,E1,ipswich town,wrexham,2025-11-22,0.0,0.0
14059644,E1,leicester city,stoke city,2025-11-22,2.0,1.0
14059643,E1,oxford united,middlesbrough,2025-11-22,1.0,1.0
14059646,E1,portsmouth,millwall,2025-11-22,3.0,1.0
14059645,E1,queens park rangers,hull city,2025-11-22,3.0,2.0
14059650,E1,sheffield wednesday,sheffield united,2025-11-23,0.0,3.0
14059651,E1,hull city,ipswich town,2025-11-25,0.0,2.0
14059648,E1,middlesbrough,coventry city,2025-11-25,2.0,4.0
14059661,E1,norwich city,oxford united,2025-11-25,1.0,1.0
14059654,E1,stoke city,charlton athletic,2025-11-25,3.0,0.0
14059657,E1,swansea city,derby county,2025-11-25,1.0,2.0
14059656,E1,watford,preston north end,2025-11-25,1.0,1.0
14059653,E1,southampton,leicester city,2025-11-25,3.0,0.0
14059658,E1,blackburn rovers,queens park rangers,2025-11-26,0.0,1.0
14059649,E1,millwall,sheffield wednesday,2025-11-26,1.0,0.0
14059652,E1,sheffield united,portsmouth,2025-11-26,3.0,0.0
14059659,E1,wrexham,bristol city,2025-11-26,2.0,0.0
14059655,E1,west bromwich albion,birmingham city,2025-11-26,1.0,1.0
14059668,E1,oxford united,ipswich town,2025-11-28,2.0,1.0
14059663,E1,leicester city,sheffield united,2025-11-29,2.0,3.0
14059669,E1,portsmouth,bristol city,2025-11-29,0.0,1.0
14059670,E1,stoke city,hull city,2025-11-29,1.0,2.0
14059660,E1,coventry city,charlton athletic,2025-11-29,3.0,1.0
14059666,E1,middlesbrough,derby county,2025-11-29,2.0,1.0
14059664,E1,millwall,southampton,2025-11-29,3.0,2.0
14059665,E1,norwich city,queens park rangers,2025-11-29,3.0,1.0
14059667,E1,sheffield wednesday,preston north end,2025-11-29,2.0,3.0
14059671,E1,west bromwich albion,swansea city,2025-11-29,3.0,2.0
14059674,E1,wrexham,blackburn rovers,2025-11-29,1.0,1.0
14407132,E1,birmingham city,watford,2025-12-01,2.0,1.0
14059675,E1,hull city,middlesbrough,2025-12-05,1.0,4.0
14059680,E1,derby county,leicester city,2025-12-06,1.0,3.0
14059683,E1,watford,norwich city,2025-12-06,3.0,2.0
14059673,E1,bristol city,millwall,2025-12-06,0.0,1.0
14059679,E1,ipswich town,coventry city,2025-12-06,3.0,0.0
14059678,E1,preston north end,wrexham,2025-12-06,1.0,1.0
14059677,E1,queens park rangers,west bromwich albion,2025-12-06,3.0,1.0
14059681,E1,sheffield united,stoke city,2025-12-06,4.0,0.0
14059682,E1,southampton,birmingham city,2025-12-06,3.0,1.0
14059684,E1,swansea city,oxford united,2025-12-06,2.0,0.0
15234031,E1,blackburn rovers,sheffield wednesday,2026-02-03,1.0,0.0
15422419,E1,charlton athletic,portsmouth,2026-02-17,1.0,3.0
14059686,E1,blackburn rovers,oxford united,2025-12-09,1.0,1.0
14059688,E1,charlton athletic,middlesbrough,2025-12-09,1.0,2.0
14059687,E1,preston north end,coventry city,2025-12-09,1.0,1.0
14059685,E1,sheffield united,norwich city,2025-12-09,1.0,1.0
14059690,E1,southampton,west bromwich albion,2025-12-09,3.0,2.0
14059691,E1,swansea city,portsmouth,2025-12-09,1.0,0.0
14059692,E1,watford,sheffield wednesday,2025-12-09,1.0,1.0
14059689,E1,queens park rangers,birmingham city,2025-12-09,2.0,1.0
14059693,E1,bristol city,leicester city,2025-12-10,2.0,2.0
14059695,E1,derby county,millwall,2025-12-10,1.0,1.0
14059694,E1,ipswich town,stoke city,2025-12-10,1.0,0.0
14059699,E1,hull city,wrexham,2025-12-10,2.0,0.0
14059708,E1,west bromwich albion,sheffield united,2025-12-12,2.0,0.0
14059702,E1,norwich city,southampton,2025-12-13,2.0,1.0
14059703,E1,oxford united,preston north end,2025-12-13,1.0,2.0
14059705,E1,stoke city,swansea city,2025-12-13,2.0,1.0
14059696,E1,birmingham city,charlton athletic,2025-12-13,1.0,1.0
14059697,E1,coventry city,bristol city,2025-12-13,1.0,0.0
14059698,E1,leicester city,ipswich town,2025-12-13,3.0,1.0
14059700,E1,middlesbrough,queens park rangers,2025-12-13,3.0,1.0
14059701,E1,millwall,hull city,2025-12-13,1.0,3.0
14059704,E1,portsmouth,blackburn rovers,2025-12-13,2.0,1.0
14059707,E1,wrexham,watford,2025-12-13,2.0,2.0
14407134,E1,sheffield wednesday,derby county,2025-12-15,0.0,3.0
14059718,E1,swansea city,wrexham,2025-12-19,2.0,1.0
14059710,E1,blackburn rovers,millwall,2025-12-20,2.0,0.0
14059714,E1,preston north end,norwich city,2025-12-20,1.0,1.0
14059715,E1,southampton,coventry city,2025-12-20,1.0,1.0
14059709,E1,bristol city,middlesbrough,2025-12-20,2.0,0.0
14059711,E1,charlton athletic,oxford united,2025-12-20,1.0,0.0
14059713,E1,derby county,portsmouth,2025-12-20,1.0,1.0
14059712,E1,hull city,west bromwich albion,2025-12-20,1.0,0.0
14059716,E1,ipswich town,sheffield wednesday,2025-12-20,3.0,1.0
14059717,E1,queens park rangers,leicester city,2025-12-20,4.0,1.0
14059719,E1,sheffield united,birmingham city,2025-12-20,3.0,0.0
14059723,E1,watford,stoke city,2025-12-20,1.0,0.0
14059720,E1,birmingham city,derby county,2025-12-26,1.0,1.0
14059726,E1,millwall,ipswich town,2025-12-26,0.0,0.0
14059721,E1,coventry city,swansea city,2025-12-26,1.0,0.0
14059722,E1,leicester city,watford,2025-12-26,1.0,2.0
14059725,E1,middlesbrough,blackburn rovers,2025-12-26,0.0,0.0
14059724,E1,norwich city,charlton athletic,2025-12-26,1.0,0.0
14059727,E1,oxford united,southampton,2025-12-26,2.0,1.0
14059729,E1,portsmouth,queens park rangers,2025-12-26,1.0,1.0
14059728,E1,sheffield wednesday,hull city,2025-12-26,2.0,2.0
14059730,E1,stoke city,preston north end,2025-12-26,0.0,0.0
14059732,E1,west bromwich albion,bristol city,2025-12-26,1.0,2.0
14059731,E1,wrexham,sheffield united,2025-12-26,5.0,3.0
14059734,E1,coventry city,ipswich town,2025-12-29,0.0,2.0
14059735,E1,leicester city,derby county,2025-12-29,2.0,1.0
14059737,E1,middlesbrough,hull city,2025-12-29,0.0,1.0
14059739,E1,millwall,bristol city,2025-12-29,2.0,1.0
14059736,E1,norwich city,watford,2025-12-29,0.0,1.0
14059738,E1,oxford united,swansea city,2025-12-29,0.0,1.0
14059740,E1,portsmouth,charlton athletic,2025-12-29,2.0,1.0
14059741,E1,sheffield wednesday,blackburn rovers,2025-12-29,0.0,0.0
14059769,E1,stoke city,sheffield united,2025-12-29,1.0,2.0
14059742,E1,west bromwich albion,queens park rangers,2025-12-29,2.0,1.0
14059744,E1,wrexham,preston north end,2025-12-29,2.0,1.0
14059733,E1,birmingham city,southampton,2025-12-29,1.0,1.0
14059743,E1,blackburn rovers,wrexham,2026-01-01,0.0,2.0
14059747,E1,bristol city,portsmouth,2026-01-01,5.0,0.0
14059745,E1,charlton athletic,coventry city,2026-01-01,1.0,1.0
14059746,E1,derby county,middlesbrough,2026-01-01,1.0,0.0
14059748,E1,hull city,stoke city,2026-01-01,0.0,1.0
14059750,E1,ipswich town,oxford united,2026-01-01,2.0,1.0
14059749,E1,preston north end,sheffield wednesday,2026-01-01,3.0,0.0
14059751,E1,queens park rangers,norwich city,2026-01-01,1.0,2.0
14059754,E1,southampton,millwall,2026-01-01,0.0,0.0
14059752,E1,swansea city,west bromwich albion,2026-01-01,1.0,0.0
14059757,E1,watford,birmingham city,2026-01-01,3.0,0.0
14059753,E1,sheffield united,leicester city,2026-01-01,3.0,1.0
14059756,E1,birmingham city,coventry city,2026-01-04,3.0,2.0
14059765,E1,queens park rangers,sheffield wednesday,2026-01-04,3.0,0.0
14059755,E1,blackburn rovers,charlton athletic,2026-01-04,2.0,2.0
14059760,E1,bristol city,preston north end,2026-01-04,0.0,2.0
14059764,E1,derby county,wrexham,2026-01-04,1.0,2.0
14059762,E1,middlesbrough,southampton,2026-01-04,4.0,0.0
14059759,E1,millwall,swansea city,2026-01-04,2.0,1.0
14059763,E1,norwich city,stoke city,2026-01-04,0.0,2.0
14059758,E1,leicester city,west bromwich albion,2026-01-05,2.0,1.0
15376225,E1,hull city,watford,2026-02-03,0.0,0.0
15376246,E1,sheffield united,oxford united,2026-02-03,3.0,1.0
15715158,E1,portsmouth,ipswich town,2026-04-14,2.0,0.0
14059778,E1,west bromwich albion,middlesbrough,2026-01-16,2.0,3.0
14059768,E1,coventry city,leicester city,2026-01-17,2.0,1.0
14059770,E1,ipswich town,blackburn rovers,2026-01-17,3.0,0.0
14059777,E1,watford,millwall,2026-01-17,0.0,2.0
14059771,E1,charlton athletic,sheffield united,2026-01-17,1.0,0.0
14059774,E1,oxford united,bristol city,2026-01-17,0.0,0.0
14059772,E1,preston north end,derby county,2026-01-17,0.0,1.0
14059773,E1,sheffield wednesday,portsmouth,2026-01-17,0.0,1.0
14059775,E1,southampton,hull city,2026-01-17,1.0,2.0
14059776,E1,stoke city,queens park rangers,2026-01-17,0.0,0.0
14059782,E1,wrexham,norwich city,2026-01-17,1.0,2.0
14059779,E1,swansea city,birmingham city,2026-01-17,1.0,1.0
14059790,E1,charlton athletic,derby county,2026-01-20,1.0,2.0
14059780,E1,coventry city,millwall,2026-01-20,2.0,1.0
14059781,E1,ipswich town,bristol city,2026-01-20,2.0,0.0
14059783,E1,oxford united,queens park rangers,2026-01-20,0.0,0.0
14059785,E1,preston north end,hull city,2026-01-20,0.0,3.0
14059784,E1,sheffield wednesday,birmingham city,2026-01-20,0.0,2.0
14059786,E1,swansea city,blackburn rovers,2026-01-20,3.0,1.0
14059787,E1,west bromwich albion,norwich city,2026-01-20,0.0,5.0
14059788,E1,wrexham,leicester city,2026-01-20,1.0,1.0
14059789,E1,southampton,sheffield united,2026-01-21,1.0,0.0
14059793,E1,watford,portsmouth,2026-01-21,1.0,1.0
14059791,E1,stoke city,middlesbrough,2026-01-21,1.0,2.0
14059794,E1,derby county,west bromwich albion,2026-01-23,1.0,1.0
14059798,E1,middlesbrough,preston north end,2026-01-24,4.0,0.0
14059800,E1,millwall,charlton athletic,2026-01-24,4.0,0.0
14059792,E1,birmingham city,stoke city,2026-01-24,1.0,1.0
14059795,E1,blackburn rovers,watford,2026-01-24,1.0,1.0
14059796,E1,bristol city,sheffield wednesday,2026-01-24,2.0,0.0
14059799,E1,hull city,swansea city,2026-01-24,2.0,1.0
14059797,E1,leicester city,oxford united,2026-01-24,1.0,2.0
14059802,E1,queens park rangers,wrexham,2026-01-24,2.0,3.0
14059805,E1,sheffield united,ipswich town,2026-01-24,3.0,1.0
14059803,E1,portsmouth,southampton,2026-01-25,1.0,1.0
14059801,E1,norwich city,coventry city,2026-01-26,2.0,1.0
14059807,E1,bristol city,derby county,2026-01-30,0.0,5.0
14059810,E1,leicester city,charlton athletic,2026-01-31,0.0,2.0
14059813,E1,sheffield wednesday,wrexham,2026-01-31,0.0,1.0
14059815,E1,stoke city,southampton,2026-01-31,0.0,2.0
14059804,E1,blackburn rovers,hull city,2026-01-31,0.0,1.0
14059808,E1,ipswich town,preston north end,2026-01-31,1.0,1.0
14059811,E1,middlesbrough,norwich city,2026-01-31,1.0,0.0
14059809,E1,millwall,sheffield united,2026-01-31,1.0,1.0
14059812,E1,oxford united,birmingham city,2026-01-31,0.0,2.0
14059814,E1,portsmouth,west bromwich albion,2026-01-31,3.0,0.0
14059818,E1,queens park rangers,coventry city,2026-01-31,2.0,1.0
14059817,E1,watford,swansea city,2026-01-31,0.0,2.0
14059820,E1,charlton athletic,queens park rangers,2026-02-06,0.0,0.0
14059823,E1,derby county,ipswich town,2026-02-07,1.0,2.0
14059821,E1,norwich city,blackburn rovers,2026-02-07,2.0,0.0
14059831,E1,southampton,watford,2026-02-07,1.0,0.0
14059816,E1,birmingham city,leicester city,2026-02-07,2.0,1.0
14059819,E1,coventry city,oxford united,2026-02-07,0.0,0.0
14059822,E1,hull city,bristol city,2026-02-07,2.0,3.0
14059844,E1,preston north end,portsmouth,2026-02-07,1.0,0.0
14059825,E1,west bromwich albion,stoke city,2026-02-07,0.0,0.0
14059828,E1,wrexham,millwall,2026-02-07,0.0,2.0
14059824,E1,swansea city,sheffield wednesday,2026-02-08,4.0,0.0
14059847,E1,sheffield united,middlesbrough,2026-02-09,1.0,2.0
14059833,E1,leicester city,southampton,2026-02-10,3.0,4.0
14059835,E1,oxford united,norwich city,2026-02-10,0.0,3.0
14059827,E1,birmingham city,west bromwich albion,2026-02-10,0.0,0.0
14059829,E1,charlton athletic,stoke city,2026-02-11,1.0,0.0
14059836,E1,derby county,swansea city,2026-02-14,2.0,0.0
14059834,E1,portsmouth,sheffield united,2026-02-14,0.0,1.0
14059838,E1,preston north end,watford,2026-02-14,2.0,2.0
14059837,E1,queens park rangers,blackburn rovers,2026-02-14,1.0,3.0
14059841,E1,sheffield wednesday,millwall,2026-02-14,1.0,2.0
14059830,E1,coventry city,middlesbrough,2026-02-16,3.0,1.0
15441237,E1,bristol city,wrexham,2026-02-17,2.0,2.0
15441642,E1,ipswich town,hull city,2026-03-03,1.0,0.0
14059839,E1,blackburn rovers,preston north end,2026-02-20,1.0,0.0
14059840,E1,hull city,queens park rangers,2026-02-21,1.0,3.0
14059849,E1,stoke city,leicester city,2026-02-21,2.0,2.0
14059848,E1,swansea city,bristol city,2026-02-21,1.0,0.0
14059851,E1,west bromwich albion,coventry city,2026-02-21,0.0,2.0
14059842,E1,middlesbrough,oxford united,2026-02-21,0.0,0.0
14059843,E1,millwall,portsmouth,2026-02-21,1.0,3.0
14059846,E1,norwich city,birmingham city,2026-02-21,1.0,2.0
14059845,E1,southampton,charlton athletic,2026-02-21,1.0,1.0
14059850,E1,watford,derby county,2026-02-21,2.0,0.0
14059852,E1,wrexham,ipswich town,2026-02-21,5.0,3.0
14059853,E1,sheffield united,sheffield wednesday,2026-02-22,2.0,1.0
14059860,E1,blackburn rovers,bristol city,2026-02-24,1.0,2.0
14059854,E1,hull city,derby county,2026-02-24,4.0,2.0
14059856,E1,middlesbrough,leicester city,2026-02-24,1.0,1.0
14059858,E1,swansea city,preston north end,2026-02-24,1.0,1.0
14059859,E1,watford,ipswich town,2026-02-24,0.0,2.0
14059862,E1,west bromwich albion,charlton athletic,2026-02-24,1.0,1.0
14059866,E1,wrexham,portsmouth,2026-02-24,2.0,1.0
14059857,E1,southampton,queens park rangers,2026-02-24,5.0,0.0
14059864,E1,millwall,birmingham city,2026-02-25,3.0,0.0
14059861,E1,norwich city,sheffield wednesday,2026-02-25,2.0,0.0
14059863,E1,sheffield united,coventry city,2026-02-25,1.0,2.0
14059855,E1,stoke city,oxford united,2026-02-25,2.0,1.0
14059868,E1,bristol city,watford,2026-02-27,1.0,2.0
14059871,E1,derby county,blackburn rovers,2026-02-28,3.0,1.0
14059872,E1,leicester city,norwich city,2026-02-28,0.0,2.0
14059874,E1,portsmouth,hull city,2026-02-28,0.0,1.0
14059867,E1,charlton athletic,wrexham,2026-02-28,0.0,1.0
14059869,E1,coventry city,stoke city,2026-02-28,2.0,1.0
14059870,E1,ipswich town,swansea city,2026-02-28,3.0,0.0
14059873,E1,oxford united,west bromwich albion,2026-02-28,2.0,1.0
14059875,E1,preston north end,millwall,2026-02-28,0.0,2.0
14059877,E1,queens park rangers,sheffield united,2026-02-28,0.0,2.0
14059876,E1,sheffield wednesday,southampton,2026-02-28,1.0,3.0
15184395,E1,birmingham city,middlesbrough,2026-03-02,1.0,3.0
14059882,E1,preston north end,oxford united,2026-03-06,1.0,3.0
14059878,E1,blackburn rovers,portsmouth,2026-03-07,1.0,1.0
14059886,E1,hull city,millwall,2026-03-07,1.0,3.0
14059880,E1,bristol city,coventry city,2026-03-07,0.0,2.0
14059879,E1,charlton athletic,birmingham city,2026-03-07,1.0,0.0
14059881,E1,derby county,sheffield wednesday,2026-03-07,2.0,1.0
14059883,E1,ipswich town,leicester city,2026-03-07,1.0,1.0
14059885,E1,sheffield united,west bromwich albion,2026-03-07,1.0,1.0
14059888,E1,swansea city,stoke city,2026-03-07,2.0,0.0
14059884,E1,queens park rangers,middlesbrough,2026-03-08,0.0,4.0
15632115,E1,watford,wrexham,2026-03-17,3.0,1.0
15591818,E1,southampton,norwich city,2026-03-18,1.0,0.0
14059891,E1,leicester city,bristol city,2026-03-10,2.0,0.0
14059892,E1,millwall,derby county,2026-03-10,1.0,0.0
14059895,E1,portsmouth,swansea city,2026-03-10,1.0,2.0
14059894,E1,sheffield wednesday,watford,2026-03-10,1.0,1.0
14059897,E1,wrexham,hull city,2026-03-10,1.0,2.0
14059896,E1,stoke city,ipswich town,2026-03-10,3.0,3.0
14059890,E1,birmingham city,queens park rangers,2026-03-11,1.0,0.0
14059899,E1,middlesbrough,charlton athletic,2026-03-11,0.0,1.0
14059893,E1,norwich city,sheffield united,2026-03-11,2.0,1.0
14059900,E1,oxford united,blackburn rovers,2026-03-11,1.0,0.0
14059901,E1,west bromwich albion,southampton,2026-03-11,1.0,1.0
14059898,E1,coventry city,preston north end,2026-03-11,3.0,0.0
14059916,E1,wrexham,swansea city,2026-03-13,2.0,0.0
14059903,E1,coventry city,southampton,2026-03-14,1.0,2.0
14059907,E1,middlesbrough,bristol city,2026-03-14,1.0,1.0
14059908,E1,oxford united,charlton athletic,2026-03-14,1.0,1.0
14059902,E1,birmingham city,sheffield united,2026-03-14,1.0,1.0
14059904,E1,leicester city,queens park rangers,2026-03-14,1.0,3.0
14059905,E1,millwall,blackburn rovers,2026-03-14,1.0,2.0
14059906,E1,norwich city,preston north end,2026-03-14,2.0,0.0
14059910,E1,sheffield wednesday,ipswich town,2026-03-14,0.0,2.0
14059913,E1,stoke city,watford,2026-03-14,3.0,1.0
14059912,E1,west bromwich albion,hull city,2026-03-14,3.0,0.0
15552451,E1,portsmouth,derby county,2026-03-16,0.0,1.0
14059920,E1,preston north end,stoke city,2026-03-20,3.0,1.0
14059911,E1,blackburn rovers,middlesbrough,2026-03-21,0.0,0.0
14059919,E1,derby county,birmingham city,2026-03-21,1.0,0.0
14059918,E1,ipswich town,millwall,2026-03-21,1.0,1.0
14059915,E1,bristol city,west bromwich albion,2026-03-21,0.0,1.0
14059917,E1,charlton athletic,norwich city,2026-03-21,0.0,1.0
14059914,E1,hull city,sheffield wednesday,2026-03-21,3.0,1.0
14059921,E1,queens park rangers,portsmouth,2026-03-21,6.0,1.0
14059923,E1,sheffield united,wrexham,2026-03-21,1.0,2.0
14059922,E1,southampton,oxford united,2026-03-21,2.0,0.0
14059925,E1,watford,leicester city,2026-03-21,0.0,0.0
14059924,E1,swansea city,coventry city,2026-03-21,0.0,3.0
14059932,E1,middlesbrough,millwall,2026-04-03,1.0,2.0
14059926,E1,birmingham city,blackburn rovers,2026-04-03,0.0,1.0
14059927,E1,charlton athletic,bristol city,2026-04-03,1.0,2.0
14059928,E1,leicester city,preston north end,2026-04-03,2.0,2.0
14059930,E1,norwich city,portsmouth,2026-04-03,1.0,1.0
14059931,E1,oxford united,hull city,2026-04-03,1.0,1.0
14059933,E1,queens park rangers,watford,2026-04-03,2.0,1.0
14059934,E1,sheffield united,swansea city,2026-04-03,3.0,3.0
14059937,E1,stoke city,sheffield wednesday,2026-04-03,2.0,0.0
14059938,E1,west bromwich albion,wrexham,2026-04-03,2.0,2.0
14059929,E1,coventry city,derby county,2026-04-03,3.0,2.0
15715159,E1,southampton,ipswich town,2026-04-28,2.0,2.0
14059942,E1,portsmouth,oxford united,2026-04-06,2.0,2.0
14059943,E1,millwall,norwich city,2026-04-06,1.0,2.0
14059940,E1,blackburn rovers,west bromwich albion,2026-04-06,0.0,0.0
14059944,E1,bristol city,sheffield united,2026-04-06,1.0,0.0
14059936,E1,derby county,stoke city,2026-04-06,2.0,0.0
14059941,E1,ipswich town,birmingham city,2026-04-06,2.0,1.0
14059946,E1,preston north end,queens park rangers,2026-04-06,1.0,1.0
14059950,E1,sheffield wednesday,leicester city,2026-04-06,1.0,1.0
14059948,E1,watford,charlton athletic,2026-04-06,1.0,1.0
14059951,E1,swansea city,middlesbrough,2026-04-06,2.0,2.0
14059939,E1,hull city,coventry city,2026-04-06,0.0,0.0
14059947,E1,wrexham,southampton,2026-04-07,1.0,5.0
14059960,E1,west bromwich albion,millwall,2026-04-10,0.0,0.0
14059949,E1,coventry city,sheffield wednesday,2026-04-11,0.0,0.0
14059956,E1,norwich city,ipswich town,2026-04-11,0.0,2.0
14059955,E1,queens park rangers,bristol city,2026-04-11,0.0,0.0
14059954,E1,charlton athletic,preston north end,2026-04-11,1.0,2.0
14059953,E1,leicester city,swansea city,2026-04-11,0.0,1.0
14059952,E1,middlesbrough,portsmouth,2026-04-11,0.0,1.0
14059957,E1,oxford united,watford,2026-04-11,2.0,0.0
14059959,E1,sheffield united,hull city,2026-04-11,2.0,1.0
14059958,E1,southampton,derby county,2026-04-11,2.0,1.0
14059961,E1,stoke city,blackburn rovers,2026-04-11,1.0,1.0
14059945,E1,birmingham city,wrexham,2026-04-12,2.0,0.0
14059962,E1,blackburn rovers,coventry city,2026-04-17,1.0,1.0
14059972,E1,derby county,oxford united,2026-04-18,1.0,0.0
14059968,E1,millwall,queens park rangers,2026-04-18,2.0,0.0
14059967,E1,portsmouth,leicester city,2026-04-18,1.0,0.0
14059970,E1,bristol city,norwich city,2026-04-18,2.0,4.0
14059975,E1,hull city,birmingham city,2026-04-18,1.0,1.0
14059966,E1,preston north end,west bromwich albion,2026-04-18,0.0,2.0
14059969,E1,sheffield wednesday,charlton athletic,2026-04-18,1.0,1.0
14059965,E1,swansea city,southampton,2026-04-18,1.0,2.0
14059963,E1,watford,sheffield united,2026-04-18,0.0,2.0
14059964,E1,wrexham,stoke city,2026-04-18,2.0,0.0
14059971,E1,ipswich town,middlesbrough,2026-04-19,2.0,2.0
14059976,E1,coventry city,portsmouth,2026-04-21,5.0,1.0
14059982,E1,leicester city,hull city,2026-04-21,2.0,2.0
14059979,E1,norwich city,derby county,2026-04-21,2.0,1.0
14059974,E1,oxford united,wrexham,2026-04-21,0.0,1.0
14059977,E1,queens park rangers,swansea city,2026-04-21,1.0,2.0
14059978,E1,southampton,bristol city,2026-04-21,2.0,2.0
14059981,E1,stoke city,millwall,2026-04-21,1.0,3.0
14059980,E1,west bromwich albion,watford,2026-04-21,3.0,0.0
14059983,E1,birmingham city,preston north end,2026-04-22,2.0,1.0
14059986,E1,charlton athletic,ipswich town,2026-04-22,1.0,2.0
14059973,E1,middlesbrough,sheffield wednesday,2026-04-22,1.0,0.0
14059989,E1,sheffield united,blackburn rovers,2026-04-22,1.0,3.0
14059984,E1,southampton,blackburn rovers,2026-04-14,3.0,0.0
14059995,E1,leicester city,millwall,2026-04-24,1.0,1.0
14059993,E1,charlton athletic,hull city,2026-04-25,2.0,1.0
14059990,E1,middlesbrough,watford,2026-04-25,5.0,1.0
14059988,E1,west bromwich albion,ipswich town,2026-04-25,0.0,0.0
14059996,E1,birmingham city,bristol city,2026-04-25,2.0,1.0
14059998,E1,norwich city,swansea city,2026-04-25,1.0,1.0
14059992,E1,oxford united,sheffield wednesday,2026-04-25,4.0,1.0
14059991,E1,queens park rangers,derby county,2026-04-25,2.0,3.0
14059987,E1,sheffield united,preston north end,2026-04-25,2.0,3.0
14059985,E1,stoke city,portsmouth,2026-04-25,1.0,3.0
14059994,E1,coventry city,wrexham,2026-04-26,3.0,1.0
14060009,E1,blackburn rovers,leicester city,2026-05-02,0.0,1.0
14060007,E1,bristol city,stoke city,2026-05-02,2.0,0.0
14060008,E1,derby county,sheffield united,2026-05-02,1.0,2.0
14060006,E1,hull city,norwich city,2026-05-02,2.0,1.0
14060005,E1,ipswich town,queens park rangers,2026-05-02,3.0,0.0
14060004,E1,millwall,oxford united,2026-05-02,2.0,0.0
14060000,E1,portsmouth,birmingham city,2026-05-02,1.0,1.0
14060003,E1,preston north end,southampton,2026-05-02,1.0,3.0
14059999,E1,sheffield wednesday,west bromwich albion,2026-05-02,2.0,1.0
14060001,E1,swansea city,charlton athletic,2026-05-02,3.0,1.0
14060002,E1,watford,coventry city,2026-05-02,0.0,4.0
14059997,E1,wrexham,middlesbrough,2026-05-02,2.0,2.0
16391133,E1,wolverhampton,blackburn rovers,2026-08-14,2.0,2.0
16391135,E1,bolton wanderers,preston north end,2026-08-15,2.0,1.0
16391136,E1,bristol city,millwall,2026-08-15,0.0,2.0
16391137,E1,charlton athletic,derby county,2026-08-15,2.0,1.0
16391138,E1,middlesbrough,lincoln city,2026-08-15,2.0,1.0
16391139,E1,norwich city,west bromwich albion,2026-08-15,1.0,2.0
16391140,E1,portsmouth,queens park rangers,2026-08-15,1.0,3.0
16391141,E1,stoke city,swansea city,2026-08-15,1.0,2.0
16391142,E1,sheffield united,birmingham city,2026-08-15,0.0,0.0
16391143,E1,watford,southampton,2026-08-16,2.0,1.0
16391144,E1,burnley,west ham united,2026-08-16,2.0,2.0
16391145,E1,cardiff city,wrexham,2026-08-17,1.0,1.0
16391147,E1,birmingham city,bristol city,2026-08-22,2.0,2.0
16391150,E1,lincoln city,portsmouth,2026-08-22,1.0,3.0
16391151,E1,millwall,norwich city,2026-08-22,3.0,0.0
16391148,E1,blackburn rovers,middlesbrough,2026-08-22,2.0,1.0
16391149,E1,derby county,cardiff city,2026-08-22,2.0,2.0
16391152,E1,preston north end,wolverhampton,2026-08-22,1.0,3.0
16391153,E1,queens park rangers,bolton wanderers,2026-08-22,0.0,0.0
16391154,E1,southampton,stoke city,2026-08-22,3.0,1.0
16391155,E1,swansea city,sheffield united,2026-08-22,0.0,0.0
16391157,E1,west ham united,charlton athletic,2026-08-22,1.0,2.0
16391179,E1,wrexham,watford,2026-08-22,1.0,1.0
16391156,E1,west bromwich albion,burnley,2026-08-23,3.0,1.0
14056037,D1,fc bayern münchen,rb leipzig,2025-08-22,6.0,0.0
14062011,D1,1. fc heidenheim,vfl wolfsburg,2025-08-23,1.0,3.0
14062006,D1,1. fc union berlin,vfb stuttgart,2025-08-23,2.0,1.0
14062009,D1,bayer 04 leverkusen,tsg hoffenheim,2025-08-23,1.0,2.0
14057744,D1,eintracht frankfurt,sv werder bremen,2025-08-23,4.0,1.0
14062012,D1,sc freiburg,fc augsburg,2025-08-23,1.0,3.0
14062008,D1,fc st. pauli,borussia dortmund,2025-08-23,3.0,3.0
14062010,D1,1. fsv mainz 05,1. fc köln,2025-08-24,0.0,1.0
14062007,D1,borussia m'gladbach,hamburger sv,2025-08-24,0.0,0.0
14065074,D1,hamburger sv,fc st. pauli,2025-08-29,0.0,2.0
14065064,D1,rb leipzig,1. fc heidenheim,2025-08-30,2.0,0.0
14065063,D1,sv werder bremen,bayer 04 leverkusen,2025-08-30,3.0,3.0
14065071,D1,tsg hoffenheim,eintracht frankfurt,2025-08-30,1.0,3.0
14065065,D1,vfb stuttgart,borussia m'gladbach,2025-08-30,1.0,0.0
14065075,D1,fc augsburg,fc bayern münchen,2025-08-30,2.0,3.0
14065067,D1,vfl wolfsburg,1. fsv mainz 05,2025-08-31,1.0,1.0
14065066,D1,borussia dortmund,1. fc union berlin,2025-08-31,3.0,0.0
14065073,D1,1. fc köln,sc freiburg,2025-08-31,4.0,1.0
14065076,D1,bayer 04 leverkusen,eintracht frankfurt,2025-09-12,3.0,1.0
14065082,D1,1. fc heidenheim,borussia dortmund,2025-09-13,0.0,2.0
14065081,D1,1. fc union berlin,tsg hoffenheim,2025-09-13,2.0,4.0
14065078,D1,1. fsv mainz 05,rb leipzig,2025-09-13,0.0,1.0
14065079,D1,sc freiburg,vfb stuttgart,2025-09-13,3.0,1.0
14065077,D1,vfl wolfsburg,1. fc köln,2025-09-13,3.0,3.0
14057801,D1,fc bayern münchen,hamburger sv,2025-09-13,5.0,0.0
14065083,D1,fc st. pauli,fc augsburg,2025-09-14,2.0,1.0
14065080,D1,borussia m'gladbach,sv werder bremen,2025-09-14,0.0,4.0
14065089,D1,vfb stuttgart,fc st. pauli,2025-09-19,2.0,0.0
14065093,D1,fc augsburg,1. fsv mainz 05,2025-09-20,1.0,4.0
14065090,D1,hamburger sv,1. fc heidenheim,2025-09-20,2.0,1.0
14065086,D1,sv werder bremen,sc freiburg,2025-09-20,0.0,3.0
14065096,D1,tsg hoffenheim,fc bayern münchen,2025-09-20,1.0,4.0
14065091,D1,rb leipzig,1. fc köln,2025-09-20,3.0,1.0
14065087,D1,eintracht frankfurt,1. fc union berlin,2025-09-21,3.0,4.0
14065084,D1,bayer 04 leverkusen,borussia m'gladbach,2025-09-21,1.0,1.0
14065085,D1,borussia dortmund,vfl wolfsburg,2025-09-21,1.0,0.0
14065088,D1,fc bayern münchen,sv werder bremen,2025-09-26,4.0,0.0
14065102,D1,1. fc heidenheim,fc augsburg,2025-09-27,2.0,1.0
14065094,D1,1. fsv mainz 05,borussia dortmund,2025-09-27,0.0,2.0
14065095,D1,fc st. pauli,bayer 04 leverkusen,2025-09-27,1.0,2.0
14065103,D1,vfl wolfsburg,rb leipzig,2025-09-27,0.0,1.0
14065092,D1,borussia m'gladbach,eintracht frankfurt,2025-09-27,4.0,6.0
14065097,D1,sc freiburg,tsg hoffenheim,2025-09-28,1.0,1.0
14065099,D1,1. fc köln,vfb stuttgart,2025-09-28,1.0,2.0
14065101,D1,1. fc union berlin,hamburger sv,2025-09-28,0.0,0.0
14065113,D1,tsg hoffenheim,1. fc köln,2025-10-03,0.0,1.0
14065104,D1,bayer 04 leverkusen,1. fc union berlin,2025-10-04,2.0,0.0
14065098,D1,borussia dortmund,rb leipzig,2025-10-04,1.0,1.0
14065107,D1,fc augsburg,vfl wolfsburg,2025-10-04,3.0,1.0
14065106,D1,sv werder bremen,fc st. pauli,2025-10-04,1.0,0.0
14065100,D1,eintracht frankfurt,fc bayern münchen,2025-10-04,0.0,3.0
14065105,D1,vfb stuttgart,1. fc heidenheim,2025-10-05,1.0,0.0
14065108,D1,hamburger sv,1. fsv mainz 05,2025-10-05,4.0,0.0
14065110,D1,borussia m'gladbach,sc freiburg,2025-10-05,0.0,0.0
14065117,D1,1. fc union berlin,borussia m'gladbach,2025-10-17,3.0,1.0
14065118,D1,1. fc heidenheim,sv werder bremen,2025-10-18,2.0,2.0
14065119,D1,1. fc köln,fc augsburg,2025-10-18,1.0,1.0
14065112,D1,1. fsv mainz 05,bayer 04 leverkusen,2025-10-18,3.0,4.0
14065114,D1,rb leipzig,hamburger sv,2025-10-18,2.0,1.0
14065115,D1,vfl wolfsburg,vfb stuttgart,2025-10-18,0.0,3.0
14065109,D1,fc bayern münchen,borussia dortmund,2025-10-18,2.0,1.0
14065111,D1,sc freiburg,eintracht frankfurt,2025-10-19,2.0,2.0
14065116,D1,fc st. pauli,tsg hoffenheim,2025-10-19,0.0,3.0
14065124,D1,sv werder bremen,1. fc union berlin,2025-10-24,1.0,0.0
14065120,D1,eintracht frankfurt,fc st. pauli,2025-10-25,2.0,0.0
14065127,D1,fc augsburg,rb leipzig,2025-10-25,0.0,6.0
14065129,D1,hamburger sv,vfl wolfsburg,2025-10-25,0.0,1.0
14065126,D1,tsg hoffenheim,1. fc heidenheim,2025-10-25,3.0,1.0
14065125,D1,borussia m'gladbach,fc bayern münchen,2025-10-25,0.0,3.0
14065122,D1,borussia dortmund,1. fc köln,2025-10-25,1.0,0.0
14065121,D1,bayer 04 leverkusen,sc freiburg,2025-10-26,2.0,0.0
14065123,D1,vfb stuttgart,1. fsv mainz 05,2025-10-26,2.0,1.0
14065133,D1,fc augsburg,borussia dortmund,2025-10-31,0.0,1.0
14065136,D1,1. fc heidenheim,eintracht frankfurt,2025-11-01,1.0,1.0
14065134,D1,1. fc union berlin,sc freiburg,2025-11-01,0.0,0.0
14065130,D1,1. fsv mainz 05,sv werder bremen,2025-11-01,1.0,1.0
14065135,D1,fc st. pauli,borussia m'gladbach,2025-11-01,0.0,4.0
14065132,D1,rb leipzig,vfb stuttgart,2025-11-01,3.0,1.0
14065128,D1,fc bayern münchen,bayer 04 leverkusen,2025-11-01,3.0,0.0
14065139,D1,1. fc köln,hamburger sv,2025-11-02,4.0,1.0
14065131,D1,vfl wolfsburg,tsg hoffenheim,2025-11-02,2.0,3.0
14065138,D1,sv werder bremen,vfl wolfsburg,2025-11-07,2.0,1.0
14065143,D1,1. fc union berlin,fc bayern münchen,2025-11-08,2.0,2.0
14065137,D1,bayer 04 leverkusen,1. fc heidenheim,2025-11-08,6.0,0.0
14065146,D1,hamburger sv,borussia dortmund,2025-11-08,1.0,1.0
14065145,D1,tsg hoffenheim,rb leipzig,2025-11-08,3.0,1.0
14065144,D1,borussia m'gladbach,1. fc köln,2025-11-08,3.0,1.0
14065142,D1,sc freiburg,fc st. pauli,2025-11-09,2.0,1.0
14065141,D1,vfb stuttgart,fc augsburg,2025-11-09,3.0,2.0
14065140,D1,eintracht frankfurt,1. fsv mainz 05,2025-11-09,1.0,0.0
14065149,D1,1. fsv mainz 05,tsg hoffenheim,2025-11-21,1.0,1.0
14065153,D1,1. fc heidenheim,borussia m'gladbach,2025-11-22,0.0,3.0
14065147,D1,borussia dortmund,vfb stuttgart,2025-11-22,3.0,3.0
14065152,D1,fc augsburg,hamburger sv,2025-11-22,1.0,0.0
14065148,D1,fc bayern münchen,sc freiburg,2025-11-22,6.0,2.0
14065150,D1,vfl wolfsburg,bayer 04 leverkusen,2025-11-22,1.0,3.0
14065155,D1,1. fc köln,eintracht frankfurt,2025-11-22,3.0,4.0
14065151,D1,rb leipzig,sv werder bremen,2025-11-23,2.0,0.0
14065154,D1,fc st. pauli,1. fc union berlin,2025-11-23,0.0,1.0
14065166,D1,borussia m'gladbach,rb leipzig,2025-11-28,0.0,0.0
14065164,D1,1. fc union berlin,1. fc heidenheim,2025-11-29,1.0,2.0
14065156,D1,fc bayern münchen,fc st. pauli,2025-11-29,3.0,1.0
14065159,D1,sv werder bremen,1. fc köln,2025-11-29,1.0,1.0
14065163,D1,tsg hoffenheim,fc augsburg,2025-11-29,3.0,0.0
14065158,D1,bayer 04 leverkusen,borussia dortmund,2025-11-29,1.0,2.0
14065162,D1,hamburger sv,vfb stuttgart,2025-11-30,2.0,1.0
14065157,D1,eintracht frankfurt,vfl wolfsburg,2025-11-30,1.0,1.0
14065160,D1,sc freiburg,1. fsv mainz 05,2025-11-30,4.0,0.0
14065165,D1,1. fsv mainz 05,borussia m'gladbach,2025-12-05,0.0,1.0
14065173,D1,1. fc heidenheim,sc freiburg,2025-12-06,2.0,1.0
14065171,D1,1. fc köln,fc st. pauli,2025-12-06,1.0,1.0
14065169,D1,fc augsburg,bayer 04 leverkusen,2025-12-06,2.0,0.0
14065168,D1,vfb stuttgart,fc bayern münchen,2025-12-06,0.0,5.0
14065170,D1,vfl wolfsburg,1. fc union berlin,2025-12-06,3.0,1.0
14065167,D1,rb leipzig,eintracht frankfurt,2025-12-06,6.0,0.0
14065172,D1,hamburger sv,sv werder bremen,2025-12-07,3.0,2.0
14065161,D1,borussia dortmund,tsg hoffenheim,2025-12-07,2.0,0.0
14062138,D1,1. fc union berlin,rb leipzig,2025-12-12,3.0,1.0
14062146,D1,borussia m'gladbach,vfl wolfsburg,2025-12-13,1.0,3.0
14065176,D1,eintracht frankfurt,fc augsburg,2025-12-13,1.0,0.0
14062155,D1,fc st. pauli,1. fc heidenheim,2025-12-13,2.0,1.0
14062139,D1,tsg hoffenheim,hamburger sv,2025-12-13,4.0,1.0
14065175,D1,bayer 04 leverkusen,1. fc köln,2025-12-13,2.0,0.0
14065177,D1,sc freiburg,borussia dortmund,2025-12-14,1.0,1.0
14065174,D1,fc bayern münchen,1. fsv mainz 05,2025-12-14,2.0,2.0
14062137,D1,sv werder bremen,vfb stuttgart,2025-12-14,0.0,4.0
14062163,D1,borussia dortmund,borussia m'gladbach,2025-12-19,2.0,0.0
14062142,D1,1. fc köln,1. fc union berlin,2025-12-20,0.0,1.0
14062151,D1,fc augsburg,sv werder bremen,2025-12-20,0.0,0.0
14062140,D1,hamburger sv,eintracht frankfurt,2025-12-20,1.0,1.0
14062160,D1,vfb stuttgart,tsg hoffenheim,2025-12-20,0.0,0.0
14062162,D1,vfl wolfsburg,sc freiburg,2025-12-20,3.0,4.0
14062143,D1,rb leipzig,bayer 04 leverkusen,2025-12-20,1.0,3.0
14062159,D1,1. fsv mainz 05,fc st. pauli,2025-12-21,0.0,0.0
14062150,D1,1. fc heidenheim,fc bayern münchen,2025-12-21,0.0,4.0
14062141,D1,eintracht frankfurt,borussia dortmund,2026-01-09,3.0,3.0
14062157,D1,1. fc heidenheim,1. fc köln,2026-01-10,2.0,2.0
14062152,D1,1. fc union berlin,1. fsv mainz 05,2026-01-10,2.0,2.0
14062148,D1,sc freiburg,hamburger sv,2026-01-10,2.0,1.0
14062147,D1,bayer 04 leverkusen,vfb stuttgart,2026-01-10,1.0,4.0
14062158,D1,borussia m'gladbach,fc augsburg,2026-01-11,4.0,0.0
14062145,D1,fc bayern münchen,vfl wolfsburg,2026-01-11,8.0,1.0
15362429,D1,fc st. pauli,rb leipzig,2026-01-27,1.0,1.0
15362425,D1,sv werder bremen,tsg hoffenheim,2026-01-27,0.0,2.0
14062161,D1,vfb stuttgart,eintracht frankfurt,2026-01-13,3.0,2.0
14062156,D1,1. fsv mainz 05,1. fc heidenheim,2026-01-13,2.0,1.0
14062154,D1,borussia dortmund,sv werder bremen,2026-01-13,3.0,0.0
14062164,D1,vfl wolfsburg,fc st. pauli,2026-01-14,2.0,1.0
14062167,D1,1. fc köln,fc bayern münchen,2026-01-14,1.0,3.0
14062149,D1,rb leipzig,sc freiburg,2026-01-14,2.0,0.0
14062166,D1,tsg hoffenheim,borussia m'gladbach,2026-01-14,5.0,1.0
14062165,D1,fc augsburg,1. fc union berlin,2026-01-15,1.0,1.0
15380505,D1,hamburger sv,bayer 04 leverkusen,2026-03-04,0.0,1.0
14062174,D1,sv werder bremen,eintracht frankfurt,2026-01-16,3.0,3.0
14062176,D1,1. fc köln,1. fsv mainz 05,2026-01-17,2.0,1.0
14062168,D1,borussia dortmund,fc st. pauli,2026-01-17,3.0,2.0
14062177,D1,hamburger sv,borussia m'gladbach,2026-01-17,0.0,0.0
14062175,D1,tsg hoffenheim,bayer 04 leverkusen,2026-01-17,1.0,0.0
14062173,D1,vfl wolfsburg,1. fc heidenheim,2026-01-17,1.0,1.0
14062170,D1,rb leipzig,fc bayern münchen,2026-01-17,1.0,5.0
14062171,D1,vfb stuttgart,1. fc union berlin,2026-01-18,1.0,1.0
14062172,D1,fc augsburg,sc freiburg,2026-01-18,2.0,2.0
14062185,D1,fc st. pauli,hamburger sv,2026-01-23,0.0,0.0
14062186,D1,1. fc heidenheim,rb leipzig,2026-01-24,0.0,3.0
14062182,D1,1. fsv mainz 05,vfl wolfsburg,2026-01-24,3.0,1.0
14062178,D1,bayer 04 leverkusen,sv werder bremen,2026-01-24,1.0,0.0
14062180,D1,eintracht frankfurt,tsg hoffenheim,2026-01-24,1.0,3.0
14062179,D1,fc bayern münchen,fc augsburg,2026-01-24,1.0,2.0
14062184,D1,1. fc union berlin,borussia dortmund,2026-01-24,0.0,3.0
14062183,D1,borussia m'gladbach,vfb stuttgart,2026-01-25,0.0,3.0
14062181,D1,sc freiburg,1. fc köln,2026-01-25,2.0,1.0
14062196,D1,1. fc köln,vfl wolfsburg,2026-01-30,1.0,0.0
14062190,D1,eintracht frankfurt,bayer 04 leverkusen,2026-01-31,1.0,3.0
14062195,D1,fc augsburg,fc st. pauli,2026-01-31,2.0,1.0
14062189,D1,rb leipzig,1. fsv mainz 05,2026-01-31,1.0,2.0
14062194,D1,sv werder bremen,borussia m'gladbach,2026-01-31,1.0,1.0
14062197,D1,tsg hoffenheim,1. fc union berlin,2026-01-31,3.0,1.0
14062191,D1,hamburger sv,fc bayern münchen,2026-01-31,2.0,2.0
14062192,D1,vfb stuttgart,sc freiburg,2026-02-01,1.0,0.0
14062187,D1,borussia dortmund,1. fc heidenheim,2026-02-01,3.0,2.0
14062202,D1,1. fc union berlin,eintracht frankfurt,2026-02-06,1.0,1.0
14062203,D1,1. fc heidenheim,hamburger sv,2026-02-07,0.0,2.0
14062198,D1,1. fsv mainz 05,fc augsburg,2026-02-07,2.0,0.0
14062201,D1,fc st. pauli,vfb stuttgart,2026-02-07,2.0,1.0
14062193,D1,sc freiburg,sv werder bremen,2026-02-07,1.0,0.0
14062200,D1,vfl wolfsburg,borussia dortmund,2026-02-07,1.0,2.0
14062199,D1,borussia m'gladbach,bayer 04 leverkusen,2026-02-07,1.0,1.0
14062205,D1,1. fc köln,rb leipzig,2026-02-08,1.0,2.0
14062188,D1,fc bayern münchen,tsg hoffenheim,2026-02-08,5.0,1.0
14062212,D1,borussia dortmund,1. fsv mainz 05,2026-02-13,4.0,0.0
14062206,D1,bayer 04 leverkusen,fc st. pauli,2026-02-14,4.0,0.0
14062208,D1,eintracht frankfurt,borussia m'gladbach,2026-02-14,3.0,0.0
14062213,D1,hamburger sv,1. fc union berlin,2026-02-14,3.0,2.0
14062207,D1,sv werder bremen,fc bayern münchen,2026-02-14,0.0,3.0
14062214,D1,tsg hoffenheim,sc freiburg,2026-02-14,3.0,0.0
14062209,D1,vfb stuttgart,1. fc köln,2026-02-14,3.0,1.0
14062211,D1,fc augsburg,1. fc heidenheim,2026-02-15,1.0,0.0
14062210,D1,rb leipzig,vfl wolfsburg,2026-02-15,2.0,2.0
14062216,D1,1. fsv mainz 05,hamburger sv,2026-02-20,1.0,1.0
14062223,D1,1. fc köln,tsg hoffenheim,2026-02-21,2.0,2.0
14062219,D1,1. fc union berlin,bayer 04 leverkusen,2026-02-21,1.0,0.0
14062215,D1,fc bayern münchen,eintracht frankfurt,2026-02-21,3.0,2.0
14062220,D1,vfl wolfsburg,fc augsburg,2026-02-21,2.0,3.0
14062218,D1,rb leipzig,borussia dortmund,2026-02-21,2.0,2.0
14062217,D1,sc freiburg,borussia m'gladbach,2026-02-22,2.0,1.0
14062221,D1,fc st. pauli,sv werder bremen,2026-02-22,2.0,1.0
14062222,D1,1. fc heidenheim,vfb stuttgart,2026-02-22,3.0,3.0
14062232,D1,fc augsburg,1. fc köln,2026-02-27,2.0,0.0
14062227,D1,bayer 04 leverkusen,1. fsv mainz 05,2026-02-28,1.0,1.0
14062226,D1,borussia m'gladbach,1. fc union berlin,2026-02-28,1.0,0.0
14062230,D1,sv werder bremen,1. fc heidenheim,2026-02-28,2.0,0.0
14062231,D1,tsg hoffenheim,fc st. pauli,2026-02-28,0.0,1.0
14062225,D1,borussia dortmund,fc bayern münchen,2026-02-28,2.0,3.0
14062234,D1,vfb stuttgart,vfl wolfsburg,2026-03-01,4.0,0.0
14062224,D1,eintracht frankfurt,sc freiburg,2026-03-01,2.0,0.0
14062229,D1,hamburger sv,rb leipzig,2026-03-01,1.0,2.0
14062228,D1,fc bayern münchen,borussia m'gladbach,2026-03-06,4.0,1.0
14065186,D1,1. fc heidenheim,tsg hoffenheim,2026-03-07,2.0,4.0
14065179,D1,1. fsv mainz 05,vfb stuttgart,2026-03-07,2.0,2.0
14065180,D1,rb leipzig,fc augsburg,2026-03-07,2.0,1.0
14062233,D1,sc freiburg,bayer 04 leverkusen,2026-03-07,3.0,3.0
14065178,D1,vfl wolfsburg,hamburger sv,2026-03-07,1.0,2.0
14065185,D1,1. fc köln,borussia dortmund,2026-03-07,1.0,2.0
14065181,D1,fc st. pauli,eintracht frankfurt,2026-03-08,0.0,0.0
14065182,D1,1. fc union berlin,sv werder bremen,2026-03-08,1.0,4.0
14065187,D1,borussia m'gladbach,fc st. pauli,2026-03-13,2.0,0.0
14065183,D1,bayer 04 leverkusen,fc bayern münchen,2026-03-14,1.0,1.0
14065184,D1,borussia dortmund,fc augsburg,2026-03-14,2.0,0.0
14065190,D1,eintracht frankfurt,1. fc heidenheim,2026-03-14,1.0,0.0
14065191,D1,tsg hoffenheim,vfl wolfsburg,2026-03-14,1.0,1.0
14065192,D1,hamburger sv,1. fc köln,2026-03-14,1.0,1.0
14065189,D1,sv werder bremen,1. fsv mainz 05,2026-03-15,0.0,2.0
14065188,D1,sc freiburg,1. fc union berlin,2026-03-15,0.0,1.0
14065195,D1,vfb stuttgart,rb leipzig,2026-03-15,1.0,0.0
14065198,D1,rb leipzig,tsg hoffenheim,2026-03-20,5.0,0.0
14065200,D1,1. fc heidenheim,bayer 04 leverkusen,2026-03-21,3.0,3.0
14065202,D1,1. fc köln,borussia m'gladbach,2026-03-21,3.0,3.0
14065193,D1,fc bayern münchen,1. fc union berlin,2026-03-21,4.0,0.0
14065199,D1,vfl wolfsburg,sv werder bremen,2026-03-21,0.0,1.0
14065197,D1,borussia dortmund,hamburger sv,2026-03-21,3.0,2.0
14065194,D1,1. fsv mainz 05,eintracht frankfurt,2026-03-22,2.0,1.0
14065201,D1,fc st. pauli,sc freiburg,2026-03-22,1.0,2.0
14065196,D1,fc augsburg,vfb stuttgart,2026-03-22,2.0,5.0
14065203,D1,bayer 04 leverkusen,vfl wolfsburg,2026-04-04,6.0,3.0
14065208,D1,borussia m'gladbach,1. fc heidenheim,2026-04-04,2.0,2.0
14065211,D1,hamburger sv,fc augsburg,2026-04-04,1.0,1.0
14065206,D1,sc freiburg,fc bayern münchen,2026-04-04,2.0,3.0
14065205,D1,sv werder bremen,rb leipzig,2026-04-04,1.0,2.0
14065210,D1,tsg hoffenheim,1. fsv mainz 05,2026-04-04,1.0,2.0
14065207,D1,vfb stuttgart,borussia dortmund,2026-04-04,0.0,2.0
14065209,D1,1. fc union berlin,fc st. pauli,2026-04-05,1.0,1.0
14065204,D1,eintracht frankfurt,1. fc köln,2026-04-05,2.0,2.0
14065217,D1,fc augsburg,tsg hoffenheim,2026-04-10,2.0,2.0
14065220,D1,1. fc heidenheim,1. fc union berlin,2026-04-11,3.0,1.0
14065215,D1,borussia dortmund,bayer 04 leverkusen,2026-04-11,0.0,1.0
14065212,D1,rb leipzig,borussia m'gladbach,2026-04-11,1.0,0.0
14065216,D1,vfl wolfsburg,eintracht frankfurt,2026-04-11,1.0,2.0
14065219,D1,fc st. pauli,fc bayern münchen,2026-04-11,0.0,5.0
14065218,D1,1. fc köln,sv werder bremen,2026-04-12,3.0,1.0
14065213,D1,vfb stuttgart,hamburger sv,2026-04-12,4.0,0.0
14065214,D1,1. fsv mainz 05,sc freiburg,2026-04-12,0.0,1.0
14065229,D1,fc st. pauli,1. fc köln,2026-04-17,1.0,1.0
14065225,D1,1. fc union berlin,vfl wolfsburg,2026-04-18,1.0,2.0
14065221,D1,bayer 04 leverkusen,fc augsburg,2026-04-18,1.0,2.0
14065224,D1,sv werder bremen,hamburger sv,2026-04-18,3.0,1.0
14065230,D1,tsg hoffenheim,borussia dortmund,2026-04-18,2.0,1.0
14065223,D1,eintracht frankfurt,rb leipzig,2026-04-18,1.0,3.0
14065226,D1,sc freiburg,1. fc heidenheim,2026-04-19,2.0,1.0
14065222,D1,fc bayern münchen,vfb stuttgart,2026-04-19,4.0,2.0
14065227,D1,borussia m'gladbach,1. fsv mainz 05,2026-04-19,1.0,1.0
14065257,D1,rb leipzig,1. fc union berlin,2026-04-24,3.0,1.0
14065234,D1,1. fc heidenheim,fc st. pauli,2026-04-25,2.0,0.0
14065238,D1,1. fc köln,bayer 04 leverkusen,2026-04-25,1.0,2.0
14065235,D1,1. fsv mainz 05,fc bayern münchen,2026-04-25,3.0,4.0
14065231,D1,fc augsburg,eintracht frankfurt,2026-04-25,1.0,1.0
14065233,D1,vfl wolfsburg,borussia m'gladbach,2026-04-25,0.0,0.0
14065237,D1,hamburger sv,tsg hoffenheim,2026-04-25,1.0,2.0
14065256,D1,vfb stuttgart,sv werder bremen,2026-04-26,1.0,1.0
14065228,D1,borussia dortmund,sc freiburg,2026-04-26,4.0,0.0
14065242,D1,1. fc union berlin,1. fc köln,2026-05-02,2.0,2.0
14065239,D1,eintracht frankfurt,hamburger sv,2026-05-02,1.0,2.0
14065232,D1,fc bayern münchen,1. fc heidenheim,2026-05-02,3.0,3.0
14065241,D1,sv werder bremen,fc augsburg,2026-05-02,1.0,3.0
14065244,D1,tsg hoffenheim,vfb stuttgart,2026-05-02,3.0,3.0
14065236,D1,bayer 04 leverkusen,rb leipzig,2026-05-02,4.0,1.0
14065246,D1,fc st. pauli,1. fsv mainz 05,2026-05-03,1.0,2.0
14065243,D1,borussia m'gladbach,borussia dortmund,2026-05-03,1.0,0.0
14065240,D1,sc freiburg,vfl wolfsburg,2026-05-03,1.0,1.0
14065245,D1,borussia dortmund,eintracht frankfurt,2026-05-08,3.0,2.0
14065249,D1,fc augsburg,borussia m'gladbach,2026-05-09,3.0,1.0
14065250,D1,rb leipzig,fc st. pauli,2026-05-09,2.0,1.0
14065252,D1,tsg hoffenheim,sv werder bremen,2026-05-09,1.0,0.0
14065248,D1,vfb stuttgart,bayer 04 leverkusen,2026-05-09,3.0,1.0
14065251,D1,vfl wolfsburg,fc bayern münchen,2026-05-09,0.0,1.0
14065255,D1,hamburger sv,sc freiburg,2026-05-10,3.0,2.0
14065253,D1,1. fc köln,1. fc heidenheim,2026-05-10,1.0,3.0
14065247,D1,1. fsv mainz 05,1. fc union berlin,2026-05-10,1.0,3.0
14065562,D1,1. fc heidenheim,1. fsv mainz 05,2026-05-16,0.0,2.0
14065558,D1,1. fc union berlin,fc augsburg,2026-05-16,4.0,0.0
14065557,D1,bayer 04 leverkusen,hamburger sv,2026-05-16,1.0,1.0
14065559,D1,borussia m'gladbach,tsg hoffenheim,2026-05-16,4.0,0.0
14065560,D1,eintracht frankfurt,vfb stuttgart,2026-05-16,2.0,2.0
14065556,D1,fc bayern münchen,1. fc köln,2026-05-16,5.0,1.0
14065563,D1,fc st. pauli,vfl wolfsburg,2026-05-16,1.0,3.0
14065555,D1,sc freiburg,rb leipzig,2026-05-16,4.0,1.0
14065561,D1,sv werder bremen,borussia dortmund,2026-05-16,0.0,2.0
14060603,D2,fc schalke 04,hertha bsc,2025-08-01,2.0,1.0
14062019,D2,darmstadt 98,vfl bochum 1848,2025-08-02,4.0,1.0
14062016,D2,karlsruher sc,preußen münster,2025-08-02,3.0,2.0
14062015,D2,sc paderborn 07,holstein kiel,2025-08-02,2.0,1.0
14062014,D2,sv 07 elversberg,1. fc nürnberg,2025-08-02,1.0,0.0
14062020,D2,arminia bielefeld,fortuna düsseldorf,2025-08-02,5.0,1.0
14062017,D2,1. fc magdeburg,eintracht braunschweig,2025-08-03,0.0,1.0
14062021,D2,hannover 96,1. fc kaiserslautern,2025-08-03,1.0,0.0
14062018,D2,spvgg greuther fürth,sg dynamo dresden,2025-08-03,3.0,2.0
14065262,D2,1. fc nürnberg,darmstadt 98,2025-08-08,0.0,1.0
14065263,D2,preußen münster,sc paderborn 07,2025-08-08,1.0,1.0
14065266,D2,eintracht braunschweig,spvgg greuther fürth,2025-08-09,3.0,2.0
14065259,D2,fortuna düsseldorf,hannover 96,2025-08-09,0.0,2.0
14065264,D2,sg dynamo dresden,1. fc magdeburg,2025-08-09,1.0,2.0
14065261,D2,1. fc kaiserslautern,fc schalke 04,2025-08-09,1.0,0.0
14065260,D2,hertha bsc,karlsruher sc,2025-08-10,0.0,0.0
14065254,D2,holstein kiel,arminia bielefeld,2025-08-10,0.0,2.0
14065258,D2,vfl bochum 1848,sv 07 elversberg,2025-08-10,2.0,0.0
14065274,D2,preußen münster,1. fc nürnberg,2025-08-22,2.0,1.0
14065265,D2,sv 07 elversberg,1. fc kaiserslautern,2025-08-22,2.0,1.0
14065267,D2,hannover 96,1. fc magdeburg,2025-08-23,3.0,1.0
14065269,D2,karlsruher sc,eintracht braunschweig,2025-08-23,2.0,0.0
14065268,D2,sc paderborn 07,fortuna düsseldorf,2025-08-23,1.0,2.0
14065272,D2,fc schalke 04,vfl bochum 1848,2025-08-23,2.0,1.0
14065275,D2,arminia bielefeld,sg dynamo dresden,2025-08-24,1.0,2.0
14065271,D2,darmstadt 98,hertha bsc,2025-08-24,0.0,0.0
14065270,D2,spvgg greuther fürth,holstein kiel,2025-08-24,0.0,2.0
14065281,D2,1. fc nürnberg,sc paderborn 07,2025-08-29,0.0,0.0
14065287,D2,hertha bsc,sv 07 elversberg,2025-08-29,0.0,2.0
14065284,D2,eintracht braunschweig,arminia bielefeld,2025-08-30,1.0,1.0
14065276,D2,holstein kiel,hannover 96,2025-08-30,1.0,2.0
14065277,D2,vfl bochum 1848,preußen münster,2025-08-30,1.0,2.0
14065279,D2,fortuna düsseldorf,karlsruher sc,2025-08-30,0.0,0.0
14065280,D2,1. fc kaiserslautern,darmstadt 98,2025-08-31,3.0,1.0
14065278,D2,1. fc magdeburg,spvgg greuther fürth,2025-08-31,4.0,5.0
14065282,D2,sg dynamo dresden,fc schalke 04,2025-08-31,0.0,1.0
14065292,D2,arminia bielefeld,1. fc magdeburg,2025-09-12,2.0,0.0
14065288,D2,sc paderborn 07,vfl bochum 1848,2025-09-12,1.0,0.0
14065290,D2,darmstadt 98,eintracht braunschweig,2025-09-13,2.0,1.0
14065291,D2,fc schalke 04,holstein kiel,2025-09-13,0.0,1.0
14065286,D2,karlsruher sc,1. fc nürnberg,2025-09-13,2.0,1.0
14065285,D2,hannover 96,hertha bsc,2025-09-13,0.0,3.0
14065295,D2,preußen münster,fortuna düsseldorf,2025-09-14,1.0,2.0
14065283,D2,sv 07 elversberg,sg dynamo dresden,2025-09-14,2.0,2.0
14065289,D2,spvgg greuther fürth,1. fc kaiserslautern,2025-09-14,0.0,3.0
14065296,D2,1. fc kaiserslautern,preußen münster,2025-09-19,4.0,1.0
14065301,D2,arminia bielefeld,spvgg greuther fürth,2025-09-19,1.0,3.0
14065294,D2,1. fc magdeburg,fc schalke 04,2025-09-20,0.0,2.0
14065299,D2,eintracht braunschweig,sv 07 elversberg,2025-09-20,1.0,4.0
14065300,D2,hertha bsc,sc paderborn 07,2025-09-20,0.0,2.0
14065297,D2,1. fc nürnberg,vfl bochum 1848,2025-09-20,2.0,1.0
14065298,D2,fortuna düsseldorf,darmstadt 98,2025-09-21,0.0,3.0
14065293,D2,holstein kiel,karlsruher sc,2025-09-21,3.0,0.0
14065303,D2,sg dynamo dresden,hannover 96,2025-09-21,2.0,2.0
14065308,D2,darmstadt 98,sg dynamo dresden,2025-09-26,2.0,0.0
14065309,D2,fc schalke 04,spvgg greuther fürth,2025-09-26,1.0,0.0
14065306,D2,karlsruher sc,1. fc magdeburg,2025-09-27,1.0,0.0
14065305,D2,sc paderborn 07,1. fc kaiserslautern,2025-09-27,2.0,0.0
14065304,D2,sv 07 elversberg,holstein kiel,2025-09-27,1.0,0.0
14065302,D2,vfl bochum 1848,fortuna düsseldorf,2025-09-27,0.0,1.0
14065313,D2,1. fc nürnberg,hertha bsc,2025-09-28,0.0,3.0
14065307,D2,hannover 96,arminia bielefeld,2025-09-28,3.0,1.0
14065314,D2,preußen münster,eintracht braunschweig,2025-09-28,3.0,1.0
14065318,D2,eintracht braunschweig,sc paderborn 07,2025-10-03,1.0,2.0
14065311,D2,fortuna düsseldorf,1. fc nürnberg,2025-10-03,2.0,3.0
14065315,D2,1. fc kaiserslautern,vfl bochum 1848,2025-10-04,3.0,2.0
14065319,D2,hertha bsc,preußen münster,2025-10-04,2.0,1.0
14065310,D2,holstein kiel,darmstadt 98,2025-10-04,1.0,1.0
14065322,D2,sg dynamo dresden,karlsruher sc,2025-10-04,3.0,3.0
14065312,D2,1. fc magdeburg,sv 07 elversberg,2025-10-05,0.0,4.0
14065320,D2,arminia bielefeld,fc schalke 04,2025-10-05,1.0,2.0
14065316,D2,spvgg greuther fürth,hannover 96,2025-10-05,2.0,2.0
14065325,D2,fortuna düsseldorf,eintracht braunschweig,2025-10-17,1.0,2.0
14065324,D2,hannover 96,fc schalke 04,2025-10-17,0.0,3.0
14065326,D2,karlsruher sc,1. fc kaiserslautern,2025-10-18,2.0,3.0
14065328,D2,preußen münster,sg dynamo dresden,2025-10-18,2.0,2.0
14065323,D2,sc paderborn 07,arminia bielefeld,2025-10-18,4.0,3.0
14065317,D2,vfl bochum 1848,hertha bsc,2025-10-18,3.0,2.0
14065327,D2,1. fc nürnberg,holstein kiel,2025-10-19,1.0,1.0
14065329,D2,darmstadt 98,1. fc magdeburg,2025-10-19,0.0,0.0
14065321,D2,sv 07 elversberg,spvgg greuther fürth,2025-10-19,6.0,0.0
14065336,D2,fc schalke 04,darmstadt 98,2025-10-24,1.0,0.0
14065332,D2,spvgg greuther fürth,karlsruher sc,2025-10-24,1.0,4.0
14065337,D2,arminia bielefeld,sv 07 elversberg,2025-10-25,2.0,0.0
14065330,D2,holstein kiel,vfl bochum 1848,2025-10-25,1.0,1.0
14065339,D2,sg dynamo dresden,sc paderborn 07,2025-10-25,1.0,2.0
14065333,D2,hertha bsc,fortuna düsseldorf,2025-10-25,1.0,0.0
14065334,D2,1. fc kaiserslautern,1. fc nürnberg,2025-10-26,1.0,1.0
14065331,D2,1. fc magdeburg,preußen münster,2025-10-26,2.0,0.0
14065335,D2,eintracht braunschweig,hannover 96,2025-10-26,0.0,3.0
14065349,D2,preußen münster,holstein kiel,2025-10-31,2.0,1.0
14065340,D2,sv 07 elversberg,hannover 96,2025-10-31,2.0,2.0
14065344,D2,1. fc nürnberg,eintracht braunschweig,2025-11-01,2.0,1.0
14065345,D2,hertha bsc,sg dynamo dresden,2025-11-01,2.0,0.0
14065342,D2,karlsruher sc,fc schalke 04,2025-11-01,2.0,1.0
14065346,D2,darmstadt 98,arminia bielefeld,2025-11-01,2.0,2.0
14065343,D2,fortuna düsseldorf,1. fc kaiserslautern,2025-11-02,1.0,1.0
14065341,D2,sc paderborn 07,spvgg greuther fürth,2025-11-02,2.0,1.0
14065338,D2,vfl bochum 1848,1. fc magdeburg,2025-11-02,2.0,0.0
14065357,D2,sg dynamo dresden,1. fc nürnberg,2025-11-07,1.0,2.0
14065352,D2,spvgg greuther fürth,preußen münster,2025-11-07,1.0,0.0
14065354,D2,arminia bielefeld,karlsruher sc,2025-11-08,4.0,0.0
14065353,D2,fc schalke 04,sv 07 elversberg,2025-11-08,1.0,0.0
14065351,D2,hannover 96,darmstadt 98,2025-11-08,2.0,3.0
14065350,D2,1. fc kaiserslautern,hertha bsc,2025-11-08,0.0,1.0
14065347,D2,1. fc magdeburg,sc paderborn 07,2025-11-09,0.0,1.0
14065355,D2,eintracht braunschweig,vfl bochum 1848,2025-11-09,0.0,2.0
14065348,D2,holstein kiel,fortuna düsseldorf,2025-11-09,1.0,0.0
14065362,D2,hertha bsc,eintracht braunschweig,2025-11-21,1.0,0.0
14065356,D2,vfl bochum 1848,sg dynamo dresden,2025-11-21,1.0,2.0
14065360,D2,fortuna düsseldorf,1. fc magdeburg,2025-11-22,2.0,1.0
14065368,D2,preußen münster,fc schalke 04,2025-11-22,0.0,0.0
14065358,D2,sc paderborn 07,hannover 96,2025-11-22,0.0,2.0
14065364,D2,darmstadt 98,spvgg greuther fürth,2025-11-22,4.0,2.0
14065359,D2,1. fc kaiserslautern,holstein kiel,2025-11-23,4.0,1.0
14065363,D2,1. fc nürnberg,arminia bielefeld,2025-11-23,2.0,0.0
14065361,D2,karlsruher sc,sv 07 elversberg,2025-11-23,2.0,3.0
14065370,D2,fc schalke 04,sc paderborn 07,2025-11-28,2.0,1.0
14065366,D2,hannover 96,karlsruher sc,2025-11-28,3.0,0.0
14065369,D2,eintracht braunschweig,1. fc kaiserslautern,2025-11-29,2.0,0.0
14065365,D2,holstein kiel,hertha bsc,2025-11-29,0.0,1.0
14065375,D2,spvgg greuther fürth,vfl bochum 1848,2025-11-29,0.0,3.0
14065371,D2,1. fc magdeburg,1. fc nürnberg,2025-11-29,3.0,0.0
14065372,D2,arminia bielefeld,preußen münster,2025-11-30,1.0,2.0
14065373,D2,sg dynamo dresden,fortuna düsseldorf,2025-11-30,2.0,1.0
14065367,D2,sv 07 elversberg,darmstadt 98,2025-11-30,0.0,0.0
14065378,D2,fortuna düsseldorf,fc schalke 04,2025-12-05,0.0,2.0
14065381,D2,preußen münster,hannover 96,2025-12-05,2.0,2.0
14065374,D2,1. fc kaiserslautern,sg dynamo dresden,2025-12-06,3.0,1.0
14065380,D2,sc paderborn 07,sv 07 elversberg,2025-12-06,1.0,2.0
14065376,D2,vfl bochum 1848,arminia bielefeld,2025-12-06,1.0,0.0
14065383,D2,darmstadt 98,karlsruher sc,2025-12-06,3.0,2.0
14065377,D2,1. fc nürnberg,spvgg greuther fürth,2025-12-07,2.0,2.0
14065382,D2,eintracht braunschweig,holstein kiel,2025-12-07,1.0,1.0
14065379,D2,hertha bsc,1. fc magdeburg,2025-12-07,0.0,2.0
14065393,D2,sg dynamo dresden,eintracht braunschweig,2025-12-12,2.0,3.0
14065390,D2,spvgg greuther fürth,hertha bsc,2025-12-12,3.0,3.0
14065386,D2,1. fc magdeburg,holstein kiel,2025-12-13,3.0,3.0
14065394,D2,arminia bielefeld,1. fc kaiserslautern,2025-12-13,0.0,0.0
14065384,D2,karlsruher sc,sc paderborn 07,2025-12-13,0.0,4.0
14065389,D2,hannover 96,vfl bochum 1848,2025-12-13,0.0,0.0
14065387,D2,darmstadt 98,preußen münster,2025-12-14,1.0,0.0
14065388,D2,fc schalke 04,1. fc nürnberg,2025-12-14,1.0,0.0
14065385,D2,sv 07 elversberg,fortuna düsseldorf,2025-12-14,1.0,0.0
14065398,D2,hertha bsc,arminia bielefeld,2025-12-19,1.0,1.0
14065396,D2,sc paderborn 07,darmstadt 98,2025-12-19,2.0,2.0
14065397,D2,1. fc kaiserslautern,1. fc magdeburg,2025-12-20,2.0,3.0
14065395,D2,fortuna düsseldorf,spvgg greuther fürth,2025-12-20,2.0,1.0
14065391,D2,vfl bochum 1848,karlsruher sc,2025-12-20,2.0,2.0
14065392,D2,holstein kiel,sg dynamo dresden,2025-12-20,2.0,1.0
14065401,D2,1. fc nürnberg,hannover 96,2025-12-21,2.0,1.0
14065399,D2,eintracht braunschweig,fc schalke 04,2025-12-21,2.0,1.0
14065400,D2,preußen münster,sv 07 elversberg,2025-12-21,1.0,1.0
14065410,D2,eintracht braunschweig,1. fc magdeburg,2026-01-16,0.0,3.0
14065403,D2,fortuna düsseldorf,arminia bielefeld,2026-01-16,1.0,0.0
14065405,D2,1. fc nürnberg,sv 07 elversberg,2026-01-17,3.0,2.0
14065408,D2,preußen münster,karlsruher sc,2026-01-17,0.0,2.0
14065409,D2,sg dynamo dresden,spvgg greuther fürth,2026-01-17,2.0,0.0
14065407,D2,hertha bsc,fc schalke 04,2026-01-17,0.0,0.0
14065404,D2,1. fc kaiserslautern,hannover 96,2026-01-18,3.0,1.0
14065402,D2,holstein kiel,sc paderborn 07,2026-01-18,2.0,0.0
14065406,D2,vfl bochum 1848,darmstadt 98,2026-01-18,3.0,3.0
14065419,D2,arminia bielefeld,holstein kiel,2026-01-23,2.0,2.0
14065416,D2,darmstadt 98,1. fc nürnberg,2026-01-23,2.0,0.0
14065415,D2,hannover 96,fortuna düsseldorf,2026-01-24,2.0,1.0
14065414,D2,karlsruher sc,hertha bsc,2026-01-24,2.0,2.0
14065417,D2,spvgg greuther fürth,eintracht braunschweig,2026-01-24,0.0,0.0
14065413,D2,1. fc magdeburg,sg dynamo dresden,2026-01-24,1.0,2.0
14065421,D2,fc schalke 04,1. fc kaiserslautern,2026-01-25,2.0,2.0
14065411,D2,sc paderborn 07,preußen münster,2026-01-25,2.0,1.0
14065412,D2,sv 07 elversberg,vfl bochum 1848,2026-01-25,1.0,1.0
14065422,D2,1. fc magdeburg,hannover 96,2026-01-30,1.0,2.0
14065426,D2,1. fc nürnberg,preußen münster,2026-01-30,1.0,1.0
14065428,D2,eintracht braunschweig,karlsruher sc,2026-01-31,1.0,0.0
14065418,D2,holstein kiel,spvgg greuther fürth,2026-01-31,1.0,2.0
14065420,D2,vfl bochum 1848,fc schalke 04,2026-01-31,2.0,0.0
14065423,D2,1. fc kaiserslautern,sv 07 elversberg,2026-01-31,1.0,3.0
14065424,D2,fortuna düsseldorf,sc paderborn 07,2026-02-01,2.0,1.0
14065427,D2,hertha bsc,darmstadt 98,2026-02-01,2.0,2.0
14065429,D2,sg dynamo dresden,arminia bielefeld,2026-02-01,1.0,1.0
14065435,D2,preußen münster,vfl bochum 1848,2026-02-06,1.0,1.0
14065433,D2,spvgg greuther fürth,1. fc magdeburg,2026-02-06,4.0,5.0
14065436,D2,fc schalke 04,sg dynamo dresden,2026-02-07,2.0,2.0
14065425,D2,sc paderborn 07,1. fc nürnberg,2026-02-07,2.0,1.0
14065434,D2,sv 07 elversberg,hertha bsc,2026-02-07,0.0,3.0
14065432,D2,darmstadt 98,1. fc kaiserslautern,2026-02-07,4.0,0.0
14065437,D2,arminia bielefeld,eintracht braunschweig,2026-02-08,3.0,2.0
14065431,D2,hannover 96,holstein kiel,2026-02-08,3.0,1.0
14065430,D2,karlsruher sc,fortuna düsseldorf,2026-02-08,1.0,1.0
14065442,D2,1. fc nürnberg,karlsruher sc,2026-02-13,5.0,1.0
14065438,D2,fortuna düsseldorf,preußen münster,2026-02-13,0.0,0.0
14065440,D2,1. fc kaiserslautern,spvgg greuther fürth,2026-02-14,1.0,0.0
14065444,D2,eintracht braunschweig,darmstadt 98,2026-02-14,2.0,2.0
14065445,D2,hertha bsc,hannover 96,2026-02-14,2.0,3.0
14065446,D2,sg dynamo dresden,sv 07 elversberg,2026-02-14,1.0,2.0
14065443,D2,1. fc magdeburg,arminia bielefeld,2026-02-15,0.0,2.0
14065439,D2,holstein kiel,fc schalke 04,2026-02-15,1.0,2.0
14065441,D2,vfl bochum 1848,sc paderborn 07,2026-02-15,0.0,0.0
14065452,D2,spvgg greuther fürth,arminia bielefeld,2026-02-20,2.0,1.0
14065448,D2,vfl bochum 1848,1. fc nürnberg,2026-02-20,1.0,1.0
14065451,D2,darmstadt 98,fortuna düsseldorf,2026-02-21,2.0,1.0
14065450,D2,karlsruher sc,holstein kiel,2026-02-21,3.0,1.0
14065447,D2,sv 07 elversberg,eintracht braunschweig,2026-02-21,3.0,1.0
14065454,D2,fc schalke 04,1. fc magdeburg,2026-02-21,5.0,3.0
14065453,D2,hannover 96,sg dynamo dresden,2026-02-22,0.0,0.0
14065456,D2,preußen münster,1. fc kaiserslautern,2026-02-22,2.0,3.0
14065449,D2,sc paderborn 07,hertha bsc,2026-02-22,5.0,2.0
14065457,D2,fortuna düsseldorf,vfl bochum 1848,2026-02-27,2.0,1.0
14065465,D2,sg dynamo dresden,darmstadt 98,2026-02-27,3.0,1.0
14065458,D2,1. fc kaiserslautern,sc paderborn 07,2026-02-28,1.0,2.0
14065463,D2,arminia bielefeld,hannover 96,2026-02-28,0.0,1.0
14065455,D2,holstein kiel,sv 07 elversberg,2026-02-28,1.0,1.0
14065462,D2,spvgg greuther fürth,fc schalke 04,2026-02-28,1.0,1.0
14065459,D2,1. fc magdeburg,karlsruher sc,2026-03-01,1.0,3.0
14065461,D2,eintracht braunschweig,preußen münster,2026-03-01,1.0,2.0
14065460,D2,hertha bsc,1. fc nürnberg,2026-03-01,2.0,1.0
14065475,D2,fc schalke 04,arminia bielefeld,2026-03-06,1.0,0.0
14065464,D2,sv 07 elversberg,1. fc magdeburg,2026-03-06,1.0,0.0
14065471,D2,1. fc nürnberg,fortuna düsseldorf,2026-03-07,0.0,1.0
14065470,D2,darmstadt 98,holstein kiel,2026-03-07,2.0,0.0
14065466,D2,sc paderborn 07,eintracht braunschweig,2026-03-07,1.0,1.0
14065468,D2,vfl bochum 1848,1. fc kaiserslautern,2026-03-07,3.0,2.0
14065469,D2,hannover 96,spvgg greuther fürth,2026-03-08,1.0,2.0
14065467,D2,karlsruher sc,sg dynamo dresden,2026-03-08,3.0,3.0
14065474,D2,preußen münster,hertha bsc,2026-03-08,1.0,2.0
14065473,D2,1. fc magdeburg,darmstadt 98,2026-03-13,1.0,1.0
14065476,D2,spvgg greuther fürth,sv 07 elversberg,2026-03-13,2.0,0.0
14065477,D2,arminia bielefeld,sc paderborn 07,2026-03-14,2.0,2.0
14065479,D2,eintracht braunschweig,fortuna düsseldorf,2026-03-14,1.0,0.0
14065472,D2,holstein kiel,1. fc nürnberg,2026-03-14,2.0,3.0
14065478,D2,hertha bsc,vfl bochum 1848,2026-03-14,1.0,1.0
14065481,D2,1. fc kaiserslautern,karlsruher sc,2026-03-15,3.0,0.0
14065480,D2,fc schalke 04,hannover 96,2026-03-15,2.0,2.0
14065482,D2,sg dynamo dresden,preußen münster,2026-03-15,6.0,0.0
14065487,D2,hannover 96,eintracht braunschweig,2026-03-20,1.0,0.0
14065486,D2,karlsruher sc,spvgg greuther fürth,2026-03-20,3.0,1.0
14065489,D2,1. fc nürnberg,1. fc kaiserslautern,2026-03-21,3.0,0.0
14065485,D2,sc paderborn 07,sg dynamo dresden,2026-03-21,2.0,1.0
14065484,D2,sv 07 elversberg,arminia bielefeld,2026-03-21,3.0,1.0
14065492,D2,darmstadt 98,fc schalke 04,2026-03-21,1.0,1.0
14065488,D2,fortuna düsseldorf,hertha bsc,2026-03-22,2.0,5.0
14065490,D2,preußen münster,1. fc magdeburg,2026-03-22,1.0,3.0
14065483,D2,vfl bochum 1848,holstein kiel,2026-03-22,2.0,3.0
14065494,D2,1. fc kaiserslautern,fortuna düsseldorf,2026-04-04,3.0,0.0
14065493,D2,1. fc magdeburg,vfl bochum 1848,2026-04-04,4.0,1.0
14065499,D2,arminia bielefeld,darmstadt 98,2026-04-04,2.0,1.0
14065496,D2,sg dynamo dresden,hertha bsc,2026-04-04,0.0,1.0
14065501,D2,eintracht braunschweig,1. fc nürnberg,2026-04-05,1.0,1.0
14065500,D2,fc schalke 04,karlsruher sc,2026-04-05,1.0,0.0
14065495,D2,hannover 96,sv 07 elversberg,2026-04-05,1.0,1.0
14065491,D2,holstein kiel,preußen münster,2026-04-05,0.0,0.0
14065497,D2,spvgg greuther fürth,sc paderborn 07,2026-04-05,0.0,2.0
14065504,D2,fortuna düsseldorf,holstein kiel,2026-04-10,1.0,2.0
14065506,D2,karlsruher sc,arminia bielefeld,2026-04-10,4.0,1.0
14065507,D2,1. fc nürnberg,sg dynamo dresden,2026-04-11,0.0,2.0
14065505,D2,hertha bsc,1. fc kaiserslautern,2026-04-11,0.0,1.0
14065508,D2,preußen münster,spvgg greuther fürth,2026-04-11,0.0,0.0
14065513,D2,darmstadt 98,hannover 96,2026-04-11,0.0,2.0
14065502,D2,sc paderborn 07,1. fc magdeburg,2026-04-12,4.0,3.0
14065503,D2,sv 07 elversberg,fc schalke 04,2026-04-12,1.0,2.0
14065498,D2,vfl bochum 1848,eintracht braunschweig,2026-04-12,4.0,1.0
14065511,D2,holstein kiel,1. fc kaiserslautern,2026-04-17,3.0,0.0
14065512,D2,sv 07 elversberg,karlsruher sc,2026-04-17,3.0,0.0
14065510,D2,1. fc magdeburg,fortuna düsseldorf,2026-04-18,2.0,0.0
14065518,D2,arminia bielefeld,1. fc nürnberg,2026-04-18,1.0,1.0
14065517,D2,sg dynamo dresden,vfl bochum 1848,2026-04-18,2.0,0.0
14065509,D2,hannover 96,sc paderborn 07,2026-04-18,1.0,1.0
14065515,D2,eintracht braunschweig,hertha bsc,2026-04-19,1.0,1.0
14065516,D2,fc schalke 04,preußen münster,2026-04-19,4.0,1.0
14065514,D2,spvgg greuther fürth,darmstadt 98,2026-04-19,3.0,2.0
14065522,D2,1. fc kaiserslautern,eintracht braunschweig,2026-04-24,0.0,2.0
14065524,D2,fortuna düsseldorf,sg dynamo dresden,2026-04-24,3.0,1.0
14065523,D2,hertha bsc,holstein kiel,2026-04-25,0.0,1.0
14065520,D2,karlsruher sc,hannover 96,2026-04-25,1.0,3.0
14065526,D2,preußen münster,arminia bielefeld,2026-04-25,2.0,3.0
14065525,D2,darmstadt 98,sv 07 elversberg,2026-04-25,3.0,3.0
14065530,D2,1. fc nürnberg,1. fc magdeburg,2026-04-26,1.0,0.0
14065519,D2,sc paderborn 07,fc schalke 04,2026-04-26,2.0,3.0
14065521,D2,vfl bochum 1848,spvgg greuther fürth,2026-04-26,2.0,1.0
14065537,D2,arminia bielefeld,vfl bochum 1848,2026-05-02,1.0,1.0
14065532,D2,holstein kiel,eintracht braunschweig,2026-05-02,2.0,0.0
14065536,D2,sg dynamo dresden,1. fc kaiserslautern,2026-05-02,1.0,0.0
14065534,D2,fc schalke 04,fortuna düsseldorf,2026-05-02,1.0,0.0
14065527,D2,1. fc magdeburg,hertha bsc,2026-05-03,1.0,0.0
14065533,D2,hannover 96,preußen münster,2026-05-03,3.0,3.0
14065531,D2,karlsruher sc,darmstadt 98,2026-05-03,2.0,1.0
14065528,D2,sv 07 elversberg,sc paderborn 07,2026-05-03,5.0,1.0
14065529,D2,spvgg greuther fürth,1. fc nürnberg,2026-05-03,1.0,1.0
14065541,D2,1. fc kaiserslautern,arminia bielefeld,2026-05-08,2.0,0.0
14065538,D2,sc paderborn 07,karlsruher sc,2026-05-08,2.0,2.0
14065544,D2,eintracht braunschweig,sg dynamo dresden,2026-05-09,2.0,1.0
14065535,D2,holstein kiel,1. fc magdeburg,2026-05-09,1.0,3.0
14065539,D2,vfl bochum 1848,hannover 96,2026-05-09,1.0,1.0
14065542,D2,1. fc nürnberg,fc schalke 04,2026-05-09,3.0,0.0
14065540,D2,fortuna düsseldorf,sv 07 elversberg,2026-05-10,3.0,1.0
14065543,D2,hertha bsc,spvgg greuther fürth,2026-05-10,2.0,1.0
14065545,D2,preußen münster,darmstadt 98,2026-05-10,1.0,1.0
14065547,D2,1. fc magdeburg,1. fc kaiserslautern,2026-05-17,0.0,1.0
14065552,D2,arminia bielefeld,hertha bsc,2026-05-17,6.0,1.0
14065550,D2,darmstadt 98,sc paderborn 07,2026-05-17,0.0,2.0
14065554,D2,fc schalke 04,eintracht braunschweig,2026-05-17,1.0,0.0
14065549,D2,hannover 96,1. fc nürnberg,2026-05-17,3.0,3.0
14065548,D2,karlsruher sc,vfl bochum 1848,2026-05-17,1.0,2.0
14065553,D2,sg dynamo dresden,holstein kiel,2026-05-17,2.0,1.0
14065546,D2,sv 07 elversberg,preußen münster,2026-05-17,3.0,0.0
14065551,D2,spvgg greuther fürth,fortuna düsseldorf,2026-05-17,3.0,0.0
16434325,D2,vfl bochum 1848,hertha bsc,2026-08-07,0.0,1.0
16434327,D2,1. fc heidenheim,vfl osnabrück,2026-08-08,4.0,3.0
16434334,D2,1. fc magdeburg,eintracht braunschweig,2026-08-08,1.0,6.0
16434330,D2,darmstadt 98,holstein kiel,2026-08-08,2.0,2.0
16434335,D2,karlsruher sc,arminia bielefeld,2026-08-08,2.0,1.0
16434326,D2,vfl wolfsburg,1. fc kaiserslautern,2026-08-08,0.0,0.0
16434329,D2,1. fc nürnberg,sg dynamo dresden,2026-08-09,3.0,0.0
16434332,D2,energie cottbus,hannover 96,2026-08-09,3.0,1.0
16434324,D2,fc st. pauli,spvgg greuther fürth,2026-08-09,1.0,1.0
16434339,D2,eintracht braunschweig,vfl bochum 1848,2026-08-14,0.0,1.0
16434338,D2,holstein kiel,fc st. pauli,2026-08-14,2.0,2.0
16434333,D2,hertha bsc,1. fc heidenheim,2026-08-15,4.0,1.0
16434341,D2,spvgg greuther fürth,1. fc nürnberg,2026-08-15,2.0,4.0
16434340,D2,vfl osnabrück,1. fc magdeburg,2026-08-15,0.0,3.0
16434328,D2,1. fc kaiserslautern,karlsruher sc,2026-08-15,0.0,0.0
16434337,D2,arminia bielefeld,energie cottbus,2026-08-16,3.0,0.0
16434331,D2,hannover 96,vfl wolfsburg,2026-08-16,0.0,1.0
16434336,D2,sg dynamo dresden,darmstadt 98,2026-08-16,1.0,0.0
14082854,SP1,girona fc,rayo vallecano,2025-08-15,1.0,3.0
14082858,SP1,villarreal,real oviedo,2025-08-15,2.0,0.0
14082855,SP1,mallorca,fc barcelona,2025-08-16,0.0,3.0
14082849,SP1,deportivo alavés,levante ud,2025-08-16,2.0,1.0
14082857,SP1,valencia,real sociedad,2025-08-16,1.0,1.0
14082851,SP1,celta vigo,getafe,2025-08-17,0.0,2.0
14082850,SP1,athletic club,sevilla,2025-08-17,3.0,2.0
14082853,SP1,espanyol,atlético madrid,2025-08-17,2.0,1.0
14082852,SP1,elche,real betis,2025-08-18,1.0,1.0
14082856,SP1,real madrid,osasuna,2025-08-19,1.0,0.0
14082864,SP1,real betis,deportivo alavés,2025-08-22,1.0,0.0
14082866,SP1,mallorca,celta vigo,2025-08-23,1.0,1.0
14082860,SP1,atlético madrid,elche,2025-08-23,1.0,1.0
14082865,SP1,levante ud,fc barcelona,2025-08-23,2.0,3.0
14082861,SP1,osasuna,valencia,2025-08-24,1.0,0.0
14082867,SP1,real sociedad,espanyol,2025-08-24,2.0,2.0
14083100,SP1,villarreal,girona fc,2025-08-24,5.0,0.0
14082862,SP1,real oviedo,real madrid,2025-08-24,0.0,3.0
14082859,SP1,athletic club,rayo vallecano,2025-08-25,1.0,0.0
14083092,SP1,sevilla,getafe,2025-08-25,1.0,2.0
14083129,SP1,elche,levante ud,2025-08-29,2.0,0.0
14083187,SP1,valencia,getafe,2025-08-29,3.0,0.0
14083109,SP1,deportivo alavés,atlético madrid,2025-08-30,1.0,1.0
14083157,SP1,real oviedo,real sociedad,2025-08-30,1.0,0.0
14083148,SP1,girona fc,sevilla,2025-08-30,0.0,2.0
14083197,SP1,real madrid,mallorca,2025-08-30,2.0,1.0
14083119,SP1,celta vigo,villarreal,2025-08-31,1.0,1.0
14083167,SP1,real betis,athletic club,2025-08-31,1.0,2.0
14083138,SP1,espanyol,osasuna,2025-08-31,1.0,0.0
14083178,SP1,rayo vallecano,fc barcelona,2025-08-31,1.0,1.0
14083253,SP1,sevilla,elche,2025-09-12,2.0,2.0
14083240,SP1,getafe,real oviedo,2025-09-13,2.0,0.0
14083256,SP1,real sociedad,real madrid,2025-09-13,1.0,2.0
14083246,SP1,athletic club,deportivo alavés,2025-09-13,0.0,1.0
14083206,SP1,atlético madrid,villarreal,2025-09-13,2.0,0.0
14083225,SP1,celta vigo,girona fc,2025-09-14,1.0,1.0
14083249,SP1,levante ud,real betis,2025-09-14,2.0,2.0
14083243,SP1,osasuna,rayo vallecano,2025-09-14,2.0,0.0
14083216,SP1,fc barcelona,valencia,2025-09-14,6.0,0.0
14083234,SP1,espanyol,mallorca,2025-09-15,3.0,2.0
14083266,SP1,real betis,real sociedad,2025-09-19,3.0,1.0
14083285,SP1,girona fc,levante ud,2025-09-20,0.0,4.0
14083333,SP1,real madrid,espanyol,2025-09-20,2.0,0.0
14083259,SP1,deportivo alavés,sevilla,2025-09-20,1.0,2.0
14083351,SP1,villarreal,osasuna,2025-09-20,2.0,1.0
14083298,SP1,valencia,athletic club,2025-09-20,2.0,0.0
14083322,SP1,rayo vallecano,celta vigo,2025-09-21,1.0,1.0
14083310,SP1,mallorca,atlético madrid,2025-09-21,1.0,1.0
14083275,SP1,elche,real oviedo,2025-09-21,1.0,0.0
14083262,SP1,fc barcelona,getafe,2025-09-21,3.0,0.0
14083498,SP1,celta vigo,real betis,2025-08-27,1.0,1.0
14083369,SP1,athletic club,girona fc,2025-09-23,1.0,1.0
14083407,SP1,espanyol,valencia,2025-09-23,2.0,2.0
14083426,SP1,levante ud,real madrid,2025-09-23,1.0,4.0
14083443,SP1,sevilla,villarreal,2025-09-23,1.0,2.0
14083462,SP1,getafe,deportivo alavés,2025-09-24,1.0,1.0
14083386,SP1,atlético madrid,rayo vallecano,2025-09-24,3.0,2.0
14083528,SP1,real sociedad,mallorca,2025-09-24,1.0,0.0
14083516,SP1,osasuna,elche,2025-09-25,1.0,1.0
14083481,SP1,real oviedo,fc barcelona,2025-09-25,1.0,3.0
14083595,SP1,girona fc,espanyol,2025-09-26,0.0,0.0
14083569,SP1,getafe,levante ud,2025-09-27,1.0,1.0
14083541,SP1,atlético madrid,real madrid,2025-09-27,5.0,2.0
14083580,SP1,mallorca,deportivo alavés,2025-09-27,1.0,0.0
14083586,SP1,villarreal,athletic club,2025-09-27,1.0,0.0
14083574,SP1,rayo vallecano,sevilla,2025-09-28,0.0,1.0
14083589,SP1,elche,celta vigo,2025-09-28,2.0,1.0
14083553,SP1,fc barcelona,real sociedad,2025-09-28,2.0,1.0
14083564,SP1,real betis,osasuna,2025-09-28,2.0,0.0
14083601,SP1,valencia,real oviedo,2025-09-30,1.0,2.0
14652471,SP1,osasuna,getafe,2025-10-03,2.0,1.0
14083645,SP1,real oviedo,levante ud,2025-10-04,0.0,2.0
14083615,SP1,girona fc,valencia,2025-10-04,2.0,1.0
14083610,SP1,athletic club,mallorca,2025-10-04,2.0,1.0
14083620,SP1,real madrid,villarreal,2025-10-04,3.0,1.0
14083605,SP1,deportivo alavés,elche,2025-10-05,3.0,1.0
14083630,SP1,sevilla,fc barcelona,2025-10-05,4.0,1.0
14083635,SP1,espanyol,real betis,2025-10-05,1.0,2.0
14083650,SP1,real sociedad,rayo vallecano,2025-10-05,0.0,1.0
14083625,SP1,celta vigo,atlético madrid,2025-10-05,1.0,1.0
14083694,SP1,real oviedo,espanyol,2025-10-17,0.0,2.0
14083699,SP1,sevilla,mallorca,2025-10-18,1.0,3.0
14083664,SP1,fc barcelona,girona fc,2025-10-18,2.0,1.0
14083690,SP1,villarreal,real betis,2025-10-18,2.0,2.0
14083659,SP1,atlético madrid,osasuna,2025-10-18,1.0,0.0
14083685,SP1,elche,athletic club,2025-10-19,0.0,0.0
14083670,SP1,celta vigo,real sociedad,2025-10-19,1.0,1.0
14083680,SP1,levante ud,rayo vallecano,2025-10-19,0.0,3.0
14083675,SP1,getafe,real madrid,2025-10-19,0.0,1.0
14083655,SP1,deportivo alavés,valencia,2025-10-20,0.0,0.0
14083712,SP1,real sociedad,sevilla,2025-10-24,2.0,1.0
14083708,SP1,girona fc,real oviedo,2025-10-25,3.0,3.0
14083737,SP1,espanyol,elche,2025-10-25,1.0,0.0
14083704,SP1,athletic club,getafe,2025-10-25,0.0,1.0
14083717,SP1,valencia,villarreal,2025-10-25,0.0,2.0
14083742,SP1,mallorca,levante ud,2025-10-26,1.0,1.0
14083729,SP1,real madrid,fc barcelona,2025-10-26,2.0,1.0
14083733,SP1,osasuna,celta vigo,2025-10-26,2.0,3.0
14083721,SP1,rayo vallecano,deportivo alavés,2025-10-26,1.0,0.0
14083725,SP1,real betis,atlético madrid,2025-10-27,0.0,2.0
14083098,SP1,getafe,girona fc,2025-10-31,2.0,1.0
14083105,SP1,villarreal,rayo vallecano,2025-11-01,4.0,0.0
14083094,SP1,atlético madrid,sevilla,2025-11-01,3.0,0.0
14083101,SP1,real sociedad,athletic club,2025-11-01,3.0,2.0
14083099,SP1,real madrid,valencia,2025-11-01,4.0,0.0
14083103,SP1,levante ud,celta vigo,2025-11-02,1.0,2.0
14083093,SP1,deportivo alavés,espanyol,2025-11-02,2.0,1.0
14083095,SP1,fc barcelona,elche,2025-11-02,3.0,1.0
14083097,SP1,real betis,mallorca,2025-11-02,3.0,0.0
14083104,SP1,real oviedo,osasuna,2025-11-03,0.0,0.0
14083110,SP1,elche,real sociedad,2025-11-07,1.0,1.0
14083114,SP1,girona fc,deportivo alavés,2025-11-08,1.0,0.0
14083120,SP1,sevilla,osasuna,2025-11-08,1.0,0.0
14083108,SP1,atlético madrid,levante ud,2025-11-08,3.0,1.0
14083111,SP1,espanyol,villarreal,2025-11-08,0.0,2.0
14083106,SP1,athletic club,real oviedo,2025-11-09,1.0,0.0
14083112,SP1,rayo vallecano,real madrid,2025-11-09,0.0,0.0
14083118,SP1,mallorca,getafe,2025-11-09,1.0,0.0
14083116,SP1,valencia,real betis,2025-11-09,1.0,1.0
14083115,SP1,celta vigo,fc barcelona,2025-11-09,2.0,4.0
14083133,SP1,valencia,levante ud,2025-11-21,1.0,0.0
14083121,SP1,deportivo alavés,celta vigo,2025-11-22,0.0,1.0
14083130,SP1,fc barcelona,athletic club,2025-11-22,4.0,0.0
14083126,SP1,osasuna,real sociedad,2025-11-22,1.0,3.0
14083134,SP1,villarreal,mallorca,2025-11-22,2.0,1.0
14083128,SP1,real oviedo,rayo vallecano,2025-11-23,0.0,0.0
14083122,SP1,real betis,girona fc,2025-11-23,1.0,1.0
14083131,SP1,getafe,atlético madrid,2025-11-23,0.0,1.0
14083124,SP1,elche,real madrid,2025-11-23,2.0,2.0
14083125,SP1,espanyol,sevilla,2025-11-24,2.0,1.0
14083149,SP1,getafe,elche,2025-11-28,1.0,0.0
14083140,SP1,mallorca,osasuna,2025-11-29,2.0,2.0
14083144,SP1,fc barcelona,deportivo alavés,2025-11-29,3.0,1.0
14083145,SP1,levante ud,athletic club,2025-11-29,0.0,2.0
14083135,SP1,atlético madrid,real oviedo,2025-11-29,2.0,0.0
14083143,SP1,real sociedad,villarreal,2025-11-30,2.0,3.0
14083147,SP1,sevilla,real betis,2025-11-30,0.0,2.0
14083137,SP1,celta vigo,espanyol,2025-11-30,0.0,1.0
14083139,SP1,girona fc,real madrid,2025-11-30,1.0,1.0
14083141,SP1,rayo vallecano,valencia,2025-12-01,1.0,1.0
14083162,SP1,real oviedo,mallorca,2025-12-05,0.0,0.0
14083159,SP1,villarreal,getafe,2025-12-06,2.0,0.0
14083150,SP1,deportivo alavés,real sociedad,2025-12-06,1.0,0.0
14083155,SP1,real betis,fc barcelona,2025-12-06,3.0,5.0
14083151,SP1,athletic club,atlético madrid,2025-12-06,1.0,0.0
14083153,SP1,elche,girona fc,2025-12-07,3.0,0.0
14083163,SP1,valencia,sevilla,2025-12-07,1.0,1.0
14083154,SP1,espanyol,rayo vallecano,2025-12-07,1.0,0.0
14083158,SP1,real madrid,celta vigo,2025-12-07,0.0,2.0
14083160,SP1,osasuna,levante ud,2025-12-08,2.0,0.0
14083177,SP1,real sociedad,girona fc,2025-12-12,1.0,2.0
14083165,SP1,atlético madrid,valencia,2025-12-13,2.0,1.0
14083174,SP1,mallorca,elche,2025-12-13,3.0,1.0
14083168,SP1,fc barcelona,osasuna,2025-12-13,2.0,0.0
14083175,SP1,getafe,espanyol,2025-12-13,0.0,1.0
14083179,SP1,sevilla,real oviedo,2025-12-14,4.0,0.0
14083171,SP1,celta vigo,athletic club,2025-12-14,2.0,0.0
14083164,SP1,deportivo alavés,real madrid,2025-12-14,1.0,2.0
14083173,SP1,rayo vallecano,real betis,2025-12-15,0.0,0.0
15398993,SP1,levante ud,villarreal,2026-02-18,0.0,1.0
14083193,SP1,valencia,mallorca,2025-12-19,1.0,1.0
14083192,SP1,real oviedo,celta vigo,2025-12-20,0.0,0.0
14083184,SP1,levante ud,real sociedad,2025-12-20,1.0,1.0
14083188,SP1,osasuna,deportivo alavés,2025-12-20,3.0,0.0
14083185,SP1,real madrid,sevilla,2025-12-20,2.0,0.0
14083189,SP1,girona fc,atlético madrid,2025-12-21,0.0,3.0
14083190,SP1,villarreal,fc barcelona,2025-12-21,0.0,2.0
14083183,SP1,elche,rayo vallecano,2025-12-21,4.0,0.0
14083181,SP1,real betis,getafe,2025-12-21,4.0,0.0
14083180,SP1,athletic club,espanyol,2025-12-22,1.0,2.0
14083205,SP1,rayo vallecano,getafe,2026-01-02,1.0,1.0
14083196,SP1,celta vigo,valencia,2026-01-03,4.0,1.0
14083200,SP1,osasuna,athletic club,2026-01-03,1.0,1.0
14083198,SP1,elche,villarreal,2026-01-03,1.0,3.0
14083203,SP1,espanyol,fc barcelona,2026-01-03,0.0,2.0
14083209,SP1,sevilla,levante ud,2026-01-04,0.0,3.0
14083204,SP1,real madrid,real betis,2026-01-04,5.0,1.0
14083194,SP1,deportivo alavés,real oviedo,2026-01-04,1.0,1.0
14083208,SP1,mallorca,girona fc,2026-01-04,1.0,2.0
14083201,SP1,real sociedad,atlético madrid,2026-01-04,1.0,1.0
14083215,SP1,fc barcelona,atlético madrid,2025-12-02,3.0,1.0
14083210,SP1,athletic club,real madrid,2025-12-03,0.0,3.0
14083212,SP1,getafe,real sociedad,2026-01-09,1.0,2.0
14083218,SP1,real oviedo,real betis,2026-01-10,1.0,1.0
14083214,SP1,villarreal,deportivo alavés,2026-01-10,3.0,1.0
14083213,SP1,girona fc,osasuna,2026-01-10,1.0,0.0
14083220,SP1,valencia,elche,2026-01-10,1.0,1.0
14083223,SP1,rayo vallecano,mallorca,2026-01-11,2.0,1.0
14083222,SP1,levante ud,espanyol,2026-01-11,1.0,1.0
14083219,SP1,sevilla,celta vigo,2026-01-12,0.0,1.0
14083229,SP1,espanyol,girona fc,2026-01-16,0.0,2.0
14083238,SP1,real madrid,levante ud,2026-01-17,2.0,0.0
14083235,SP1,mallorca,athletic club,2026-01-17,3.0,2.0
14083232,SP1,osasuna,real oviedo,2026-01-17,3.0,2.0
14083224,SP1,real betis,villarreal,2026-01-17,2.0,0.0
14083230,SP1,getafe,valencia,2026-01-18,0.0,1.0
14083233,SP1,atlético madrid,deportivo alavés,2026-01-18,1.0,0.0
14083226,SP1,celta vigo,rayo vallecano,2026-01-18,3.0,0.0
14083237,SP1,real sociedad,fc barcelona,2026-01-18,2.0,1.0
14083228,SP1,elche,sevilla,2026-01-19,2.0,2.0
14083146,SP1,levante ud,elche,2026-01-23,3.0,2.0
14083176,SP1,rayo vallecano,osasuna,2026-01-24,1.0,3.0
14083156,SP1,valencia,espanyol,2026-01-24,3.0,2.0
14083127,SP1,sevilla,athletic club,2026-01-24,2.0,1.0
14083186,SP1,villarreal,real madrid,2026-01-24,0.0,2.0
14083107,SP1,atlético madrid,mallorca,2026-01-25,3.0,0.0
14083117,SP1,fc barcelona,real oviedo,2026-01-25,3.0,0.0
14083136,SP1,real sociedad,celta vigo,2026-01-25,3.0,1.0
14083096,SP1,deportivo alavés,real betis,2026-01-25,2.0,1.0
14083166,SP1,girona fc,getafe,2026-01-26,1.0,1.0
14083236,SP1,espanyol,deportivo alavés,2026-01-30,1.0,2.0
14083251,SP1,real oviedo,girona fc,2026-01-31,1.0,0.0
14083227,SP1,osasuna,villarreal,2026-01-31,2.0,2.0
14083241,SP1,levante ud,atlético madrid,2026-01-31,0.0,0.0
14083244,SP1,elche,fc barcelona,2026-01-31,1.0,3.0
14083254,SP1,real madrid,rayo vallecano,2026-02-01,2.0,1.0
14083207,SP1,real betis,valencia,2026-02-01,2.0,1.0
14083247,SP1,getafe,celta vigo,2026-02-01,0.0,0.0
14083195,SP1,athletic club,real sociedad,2026-02-01,1.0,1.0
14083217,SP1,mallorca,sevilla,2026-02-02,4.0,1.0
14083279,SP1,celta vigo,osasuna,2026-02-06,1.0,2.0
14083269,SP1,fc barcelona,mallorca,2026-02-07,3.0,0.0
14083292,SP1,real sociedad,elche,2026-02-07,3.0,1.0
14083257,SP1,deportivo alavés,getafe,2026-02-08,0.0,2.0
14083260,SP1,athletic club,levante ud,2026-02-08,4.0,2.0
14083315,SP1,sevilla,girona fc,2026-02-08,1.0,1.0
14083263,SP1,atlético madrid,real betis,2026-02-08,0.0,1.0
14083327,SP1,valencia,real madrid,2026-02-08,0.0,2.0
14083303,SP1,villarreal,espanyol,2026-02-09,4.0,1.0
15534915,SP1,rayo vallecano,real oviedo,2026-03-04,3.0,0.0
14083360,SP1,elche,osasuna,2026-02-13,0.0,0.0
14083524,SP1,espanyol,celta vigo,2026-02-14,2.0,2.0
14083378,SP1,getafe,villarreal,2026-02-14,2.0,1.0
14083436,SP1,sevilla,deportivo alavés,2026-02-14,1.0,1.0
14083418,SP1,real madrid,real sociedad,2026-02-14,4.0,1.0
14083454,SP1,real oviedo,athletic club,2026-02-15,1.0,2.0
14083472,SP1,rayo vallecano,atlético madrid,2026-02-15,3.0,0.0
14083396,SP1,levante ud,valencia,2026-02-15,0.0,2.0
14083509,SP1,mallorca,real betis,2026-02-15,1.0,2.0
14083491,SP1,girona fc,fc barcelona,2026-02-16,2.0,1.0
14083549,SP1,athletic club,elche,2026-02-20,2.0,1.0
14081792,SP1,real sociedad,real oviedo,2026-02-21,3.0,3.0
14083572,SP1,real betis,rayo vallecano,2026-02-21,1.0,1.0
14081794,SP1,osasuna,real madrid,2026-02-21,2.0,1.0
14083561,SP1,atlético madrid,espanyol,2026-02-21,4.0,2.0
14083582,SP1,getafe,sevilla,2026-02-22,0.0,1.0
14083567,SP1,fc barcelona,levante ud,2026-02-22,3.0,0.0
14083577,SP1,celta vigo,mallorca,2026-02-22,2.0,0.0
14081796,SP1,villarreal,valencia,2026-02-22,2.0,1.0
14083537,SP1,deportivo alavés,girona fc,2026-02-23,2.0,2.0
14081793,SP1,levante ud,deportivo alavés,2026-02-27,2.0,0.0
14081790,SP1,rayo vallecano,athletic club,2026-02-28,1.0,1.0
14081789,SP1,fc barcelona,villarreal,2026-02-28,4.0,1.0
14081818,SP1,mallorca,real sociedad,2026-02-28,0.0,1.0
14081795,SP1,real oviedo,atlético madrid,2026-02-28,0.0,1.0
14081819,SP1,elche,espanyol,2026-03-01,2.0,2.0
14083591,SP1,valencia,osasuna,2026-03-01,1.0,0.0
14081791,SP1,real betis,sevilla,2026-03-01,2.0,2.0
14081797,SP1,girona fc,celta vigo,2026-03-01,1.0,2.0
14081798,SP1,real madrid,getafe,2026-03-02,0.0,1.0
14083607,SP1,celta vigo,real madrid,2026-03-06,1.0,2.0
14081805,SP1,osasuna,mallorca,2026-03-07,2.0,2.0
14081802,SP1,levante ud,girona fc,2026-03-07,1.0,1.0
14083602,SP1,atlético madrid,real sociedad,2026-03-07,3.0,2.0
14083597,SP1,athletic club,fc barcelona,2026-03-07,0.0,1.0
14081803,SP1,villarreal,elche,2026-03-08,2.0,1.0
14081801,SP1,getafe,real betis,2026-03-08,2.0,0.0
14081804,SP1,sevilla,rayo vallecano,2026-03-08,1.0,1.0
14081799,SP1,valencia,deportivo alavés,2026-03-08,3.0,2.0
14081800,SP1,espanyol,real oviedo,2026-03-09,1.0,1.0
14081806,SP1,deportivo alavés,villarreal,2026-03-13,1.0,1.0
14083632,SP1,girona fc,athletic club,2026-03-14,3.0,0.0
14083612,SP1,atlético madrid,getafe,2026-03-14,1.0,0.0
14083627,SP1,real oviedo,valencia,2026-03-14,1.0,0.0
14083637,SP1,real madrid,elche,2026-03-14,4.0,1.0
14083642,SP1,mallorca,espanyol,2026-03-15,2.0,1.0
14083617,SP1,fc barcelona,sevilla,2026-03-15,5.0,2.0
14083622,SP1,real betis,celta vigo,2026-03-15,1.0,1.0
14083652,SP1,real sociedad,osasuna,2026-03-15,3.0,1.0
14083647,SP1,rayo vallecano,levante ud,2026-03-16,1.0,1.0
14081808,SP1,villarreal,real sociedad,2026-03-20,3.0,1.0
14083668,SP1,elche,mallorca,2026-03-21,2.0,1.0
14083673,SP1,espanyol,getafe,2026-03-21,1.0,2.0
14083678,SP1,levante ud,real oviedo,2026-03-21,4.0,2.0
14081815,SP1,osasuna,girona fc,2026-03-21,1.0,0.0
14083684,SP1,sevilla,valencia,2026-03-21,0.0,2.0
14083662,SP1,fc barcelona,rayo vallecano,2026-03-22,1.0,0.0
14083689,SP1,celta vigo,deportivo alavés,2026-03-22,3.0,4.0
14083657,SP1,athletic club,real betis,2026-03-22,2.0,1.0
14081807,SP1,real madrid,atlético madrid,2026-03-22,3.0,2.0
14083697,SP1,rayo vallecano,elche,2026-04-03,1.0,0.0
14083701,SP1,real sociedad,levante ud,2026-04-04,2.0,0.0
14081816,SP1,mallorca,real madrid,2026-04-04,2.0,1.0
14081811,SP1,real betis,espanyol,2026-04-04,0.0,0.0
14081810,SP1,atlético madrid,fc barcelona,2026-04-04,1.0,2.0
14081813,SP1,getafe,athletic club,2026-04-05,2.0,0.0
14081817,SP1,valencia,celta vigo,2026-04-05,2.0,3.0
14081814,SP1,real oviedo,sevilla,2026-04-05,1.0,0.0
14081809,SP1,deportivo alavés,osasuna,2026-04-05,2.0,2.0
14081812,SP1,girona fc,villarreal,2026-04-06,1.0,0.0
14083191,SP1,real madrid,girona fc,2026-04-10,1.0,1.0
14083152,SP1,real sociedad,deportivo alavés,2026-04-11,3.0,3.0
14083132,SP1,elche,valencia,2026-04-11,1.0,0.0
14083113,SP1,fc barcelona,espanyol,2026-04-11,4.0,1.0
14083161,SP1,sevilla,atlético madrid,2026-04-11,2.0,1.0
14083172,SP1,osasuna,real betis,2026-04-12,1.0,1.0
14083142,SP1,mallorca,rayo vallecano,2026-04-12,3.0,0.0
14083123,SP1,celta vigo,real oviedo,2026-04-12,0.0,3.0
14083102,SP1,athletic club,villarreal,2026-04-12,1.0,2.0
14083182,SP1,levante ud,getafe,2026-04-13,1.0,0.0
14083211,SP1,real betis,real madrid,2026-04-24,1.0,1.0
14083202,SP1,deportivo alavés,mallorca,2026-04-25,2.0,1.0
14083245,SP1,getafe,fc barcelona,2026-04-25,0.0,2.0
14083255,SP1,valencia,girona fc,2026-04-25,2.0,1.0
14083242,SP1,atlético madrid,athletic club,2026-04-25,3.0,2.0
14083239,SP1,rayo vallecano,real sociedad,2026-04-26,3.0,3.0
14083252,SP1,real oviedo,elche,2026-04-26,1.0,2.0
14083231,SP1,osasuna,sevilla,2026-04-26,2.0,1.0
14083248,SP1,villarreal,celta vigo,2026-04-26,2.0,1.0
14083221,SP1,espanyol,levante ud,2026-04-27,0.0,0.0
14083258,SP1,athletic club,osasuna,2026-04-21,1.0,0.0
14083270,SP1,mallorca,valencia,2026-04-21,1.0,1.0
14083318,SP1,girona fc,real betis,2026-04-21,2.0,3.0
14083295,SP1,real madrid,deportivo alavés,2026-04-21,2.0,1.0
14083306,SP1,elche,atlético madrid,2026-04-22,3.0,2.0
14083346,SP1,real sociedad,getafe,2026-04-22,0.0,1.0
14083261,SP1,fc barcelona,celta vigo,2026-04-22,1.0,0.0
14083265,SP1,levante ud,sevilla,2026-04-23,2.0,0.0
14083330,SP1,rayo vallecano,espanyol,2026-04-23,1.0,0.0
14083282,SP1,real oviedo,villarreal,2026-04-23,1.0,1.0
14083457,SP1,girona fc,mallorca,2026-05-01,0.0,1.0
14083512,SP1,villarreal,levante ud,2026-05-02,5.0,1.0
14083476,SP1,valencia,atlético madrid,2026-05-02,0.0,2.0
14083364,SP1,deportivo alavés,athletic club,2026-05-02,2.0,4.0
14083495,SP1,osasuna,fc barcelona,2026-05-02,1.0,2.0
14083401,SP1,celta vigo,elche,2026-05-03,3.0,1.0
14083440,SP1,getafe,rayo vallecano,2026-05-03,0.0,2.0
14083381,SP1,real betis,real oviedo,2026-05-03,3.0,0.0
14083422,SP1,espanyol,real madrid,2026-05-03,0.0,2.0
14083526,SP1,sevilla,real sociedad,2026-05-04,1.0,0.0
14083568,SP1,levante ud,osasuna,2026-05-08,3.0,2.0
14083578,SP1,elche,deportivo alavés,2026-05-09,1.0,1.0
14083587,SP1,sevilla,espanyol,2026-05-09,2.0,1.0
14083551,SP1,atlético madrid,celta vigo,2026-05-09,0.0,1.0
14083583,SP1,real sociedad,real betis,2026-05-09,2.0,2.0
14083573,SP1,mallorca,villarreal,2026-05-10,1.0,1.0
14083539,SP1,athletic club,valencia,2026-05-10,0.0,1.0
14083592,SP1,real oviedo,getafe,2026-05-10,0.0,0.0
14083562,SP1,fc barcelona,real madrid,2026-05-10,2.0,0.0
14083598,SP1,rayo vallecano,girona fc,2026-05-11,1.0,1.0
14083613,SP1,celta vigo,levante ud,2026-05-12,2.0,3.0
14083608,SP1,real betis,elche,2026-05-12,2.0,1.0
14083634,SP1,osasuna,atlético madrid,2026-05-12,1.0,2.0
14083629,SP1,espanyol,athletic club,2026-05-13,2.0,0.0
14083644,SP1,villarreal,sevilla,2026-05-13,2.0,3.0
14083603,SP1,deportivo alavés,fc barcelona,2026-05-13,1.0,0.0
14083618,SP1,getafe,mallorca,2026-05-13,3.0,1.0
14083639,SP1,valencia,rayo vallecano,2026-05-14,1.0,1.0
14083624,SP1,girona fc,real sociedad,2026-05-14,1.0,1.0
14083649,SP1,real madrid,real oviedo,2026-05-14,2.0,0.0
14083656,SP1,athletic club,celta vigo,2026-05-17,1.0,1.0
14083661,SP1,atlético madrid,girona fc,2026-05-17,1.0,0.0
14083671,SP1,elche,getafe,2026-05-17,1.0,0.0
14083676,SP1,levante ud,mallorca,2026-05-17,2.0,0.0
14083696,SP1,osasuna,espanyol,2026-05-17,1.0,2.0
14083682,SP1,rayo vallecano,villarreal,2026-05-17,2.0,0.0
14083692,SP1,real oviedo,deportivo alavés,2026-05-17,0.0,1.0
14083687,SP1,real sociedad,valencia,2026-05-17,3.0,4.0
14083702,SP1,sevilla,real madrid,2026-05-17,0.0,1.0
14083666,SP1,fc barcelona,real betis,2026-05-17,3.0,1.0
14083715,SP1,celta vigo,sevilla,2026-05-23,1.0,0.0
14083706,SP1,deportivo alavés,rayo vallecano,2026-05-23,1.0,2.0
14083719,SP1,espanyol,real sociedad,2026-05-23,1.0,1.0
14083723,SP1,getafe,osasuna,2026-05-23,1.0,0.0
14083743,SP1,girona fc,elche,2026-05-23,1.0,1.0
14083727,SP1,mallorca,real oviedo,2026-05-23,3.0,0.0
14083710,SP1,real betis,levante ud,2026-05-23,2.0,1.0
14083731,SP1,real madrid,athletic club,2026-05-23,4.0,2.0
14083739,SP1,valencia,fc barcelona,2026-05-23,3.0,1.0
14083735,SP1,villarreal,atlético madrid,2026-05-24,5.0,1.0
16421047,SP1,deportivo alavés,getafe,2026-08-15,3.0,0.0
16421052,SP1,sevilla,rayo vallecano,2026-08-15,2.0,1.0
16421061,SP1,real racing club,villarreal,2026-08-16,2.0,2.0
16421053,SP1,espanyol,levante ud,2026-08-16,3.0,0.0
16421050,SP1,deportivo de a coruña,elche,2026-08-17,1.0,1.0
16421055,SP1,atlético madrid,málaga cf,2026-08-19,2.0,0.0
16421049,SP1,valencia,real betis,2026-08-25,0.0,1.0
16421051,SP1,real madrid,real sociedad,2026-08-26,4.0,1.0
16416292,SP1,rayo vallecano,deportivo alavés,2026-08-20,1.0,1.0
16416293,SP1,real betis,real sociedad,2026-08-21,1.0,0.0
16416301,SP1,athletic club,sevilla,2026-08-22,1.0,3.0
16416298,SP1,valencia,celta vigo,2026-08-22,0.0,0.0
16416306,SP1,espanyol,real madrid,2026-08-22,1.0,2.0
16416302,SP1,atlético madrid,villarreal,2026-08-23,2.0,2.0
16416300,SP1,getafe,real racing club,2026-08-23,1.0,0.0
16416311,SP1,elche,fc barcelona,2026-08-23,0.0,5.0
16416296,SP1,osasuna,levante ud,2026-08-24,0.0,0.0
16416307,SP1,málaga cf,deportivo de a coruña,2026-08-24,1.0,1.0
14082828,SP2,burgos club de fútbol,cultural leonesa,2025-08-15,5.0,1.0
14082835,SP2,real valladolid,ad ceuta,2025-08-15,3.0,0.0
14082834,SP2,real racing club,cd castellón,2025-08-16,3.0,1.0
14082838,SP2,málaga cf,eibar,2025-08-16,1.0,1.0
14082837,SP2,granada,deportivo de a coruña,2025-08-16,1.0,3.0
14082832,SP2,real sociedad b,real zaragoza,2025-08-17,1.0,0.0
14082829,SP2,cádiz,mirandés,2025-08-17,1.0,0.0
14082831,SP2,huesca,leganés,2025-08-17,1.0,1.0
14082839,SP2,ud las palmas,fc andorra,2025-08-17,1.0,1.0
14082836,SP2,sporting gijón,córdoba,2025-08-18,2.0,1.0
14082833,SP2,almería,albacete balompié,2025-08-18,4.0,4.0
14082844,SP2,eibar,granada,2025-08-22,3.0,0.0
14082841,SP2,cd castellón,real valladolid,2025-08-22,0.0,1.0
14083267,SP2,leganés,cádiz,2025-08-22,1.0,1.0
14083277,SP2,mirandés,huesca,2025-08-23,0.0,1.0
14082842,SP2,ad ceuta,sporting gijón,2025-08-23,0.0,1.0
14083301,SP2,real zaragoza,fc andorra,2025-08-23,1.0,3.0
14082846,SP2,deportivo de a coruña,burgos club de fútbol,2025-08-24,0.0,0.0
14083290,SP2,cultural leonesa,almería,2025-08-24,0.0,1.0
14082845,SP2,málaga cf,real sociedad b,2025-08-24,1.0,0.0
14082840,SP2,albacete balompié,real racing club,2025-08-25,2.0,3.0
14082843,SP2,córdoba,ud las palmas,2025-08-25,1.0,3.0
14083484,SP2,real sociedad b,almería,2025-08-29,2.0,2.0
14083465,SP2,sporting gijón,cultural leonesa,2025-08-29,1.0,0.0
14083390,SP2,real racing club,ad ceuta,2025-08-30,4.0,1.0
14083410,SP2,real valladolid,córdoba,2025-08-30,0.0,0.0
14083313,SP2,cd castellón,real zaragoza,2025-08-30,1.0,1.0
14083373,SP2,cádiz,albacete balompié,2025-08-31,2.0,1.0
14083355,SP2,fc andorra,burgos club de fútbol,2025-08-31,2.0,1.0
14083337,SP2,ud las palmas,málaga cf,2025-08-31,0.0,1.0
14083324,SP2,granada,mirandés,2025-08-31,1.0,2.0
14083447,SP2,huesca,eibar,2025-09-01,2.0,1.0
14083430,SP2,leganés,deportivo de a coruña,2025-09-01,2.0,2.0
14083501,SP2,albacete balompié,mirandés,2025-09-05,1.0,4.0
14083571,SP2,córdoba,cd castellón,2025-09-05,2.0,1.0
14083544,SP2,deportivo de a coruña,sporting gijón,2025-09-06,1.0,0.0
14083585,SP2,real zaragoza,real valladolid,2025-09-06,1.0,1.0
14083576,SP2,málaga cf,granada,2025-09-06,2.0,2.0
14083532,SP2,ad ceuta,huesca,2025-09-07,2.0,1.0
14083519,SP2,burgos club de fútbol,ud las palmas,2025-09-07,0.0,0.0
14083566,SP2,real sociedad b,cádiz,2025-09-07,3.0,3.0
14083555,SP2,almería,real racing club,2025-09-07,2.0,3.0
14083581,SP2,cultural leonesa,leganés,2025-09-07,0.0,0.0
14083588,SP2,eibar,fc andorra,2025-09-08,2.0,0.0
14083614,SP2,ud las palmas,real sociedad b,2025-09-12,2.0,1.0
14083594,SP2,cádiz,eibar,2025-09-13,1.0,0.0
14083633,SP2,mirandés,deportivo de a coruña,2025-09-13,1.0,5.0
14083609,SP2,huesca,málaga cf,2025-09-13,1.0,0.0
14083643,SP2,real valladolid,almería,2025-09-13,3.0,1.0
14083619,SP2,fc andorra,córdoba,2025-09-14,3.0,1.0
14083638,SP2,real racing club,cultural leonesa,2025-09-14,2.0,4.0
14083599,SP2,cd castellón,ad ceuta,2025-09-14,3.0,3.0
14083628,SP2,sporting gijón,burgos club de fútbol,2025-09-14,2.0,3.0
14083604,SP2,granada,leganés,2025-09-14,0.0,2.0
14083623,SP2,real zaragoza,albacete balompié,2025-09-15,0.0,0.0
14083669,SP2,deportivo de a coruña,huesca,2025-09-19,4.0,0.0
14083698,SP2,cultural leonesa,cd castellón,2025-09-20,1.0,3.0
14083688,SP2,fc andorra,mirandés,2025-09-20,1.0,1.0
14083679,SP2,leganés,ud las palmas,2025-09-20,0.0,1.0
14083683,SP2,almería,sporting gijón,2025-09-20,2.0,1.0
14083658,SP2,ad ceuta,real zaragoza,2025-09-21,1.0,0.0
14083648,SP2,albacete balompié,real valladolid,2025-09-21,2.0,0.0
14083674,SP2,eibar,real sociedad b,2025-09-21,2.0,1.0
14083693,SP2,málaga cf,cádiz,2025-09-21,0.0,1.0
14083663,SP2,córdoba,real racing club,2025-09-21,2.0,2.0
14083653,SP2,burgos club de fútbol,granada,2025-09-22,1.0,1.0
14083711,SP2,mirandés,real zaragoza,2025-09-26,0.0,1.0
14083728,SP2,eibar,deportivo de a coruña,2025-09-27,1.0,1.0
14083744,SP2,real racing club,fc andorra,2025-09-27,1.0,2.0
14083740,SP2,ud las palmas,almería,2025-09-27,0.0,1.0
14083724,SP2,real sociedad b,córdoba,2025-09-28,1.0,1.0
14083703,SP2,burgos club de fútbol,málaga cf,2025-09-28,2.0,1.0
14083707,SP2,cádiz,ad ceuta,2025-09-28,0.0,0.0
14083736,SP2,real valladolid,cultural leonesa,2025-09-28,0.0,1.0
14083716,SP2,sporting gijón,albacete balompié,2025-09-28,3.0,4.0
14083732,SP2,huesca,granada,2025-09-28,0.0,1.0
14083720,SP2,leganés,cd castellón,2025-09-29,0.0,1.0
14083748,SP2,ad ceuta,eibar,2025-10-03,1.0,0.0
14083765,SP2,deportivo de a coruña,almería,2025-10-04,1.0,1.0
14083752,SP2,fc andorra,leganés,2025-10-04,1.0,2.0
14083756,SP2,huesca,burgos club de fútbol,2025-10-04,2.0,1.0
14083750,SP2,granada,real sociedad b,2025-10-04,5.0,2.0
14083760,SP2,real zaragoza,córdoba,2025-10-05,0.0,1.0
14083746,SP2,cd castellón,sporting gijón,2025-10-05,3.0,1.0
14083763,SP2,real racing club,málaga cf,2025-10-05,3.0,0.0
14083767,SP2,real valladolid,mirandés,2025-10-05,1.0,1.0
14083758,SP2,ud las palmas,cádiz,2025-10-05,1.0,0.0
14083754,SP2,cultural leonesa,albacete balompié,2025-10-06,0.0,0.0
14083777,SP2,granada,ud las palmas,2025-10-10,0.0,0.0
14083785,SP2,mirandés,leganés,2025-10-11,0.0,0.0
14083779,SP2,almería,real zaragoza,2025-10-11,4.0,2.0
14083789,SP2,real sociedad b,fc andorra,2025-10-11,3.0,0.0
14083769,SP2,albacete balompié,ad ceuta,2025-10-12,0.0,0.0
14083781,SP2,eibar,cd castellón,2025-10-12,0.0,0.0
14083787,SP2,sporting gijón,real racing club,2025-10-12,2.0,1.0
14083771,SP2,burgos club de fútbol,real valladolid,2025-10-12,0.0,1.0
14083773,SP2,cádiz,huesca,2025-10-12,1.0,0.0
14083783,SP2,málaga cf,deportivo de a coruña,2025-10-12,3.0,0.0
14083775,SP2,córdoba,cultural leonesa,2025-10-13,1.0,0.0
14083271,SP2,fc andorra,granada,2025-10-17,0.0,0.0
14083792,SP2,ad ceuta,mirandés,2025-10-18,2.0,0.0
14083281,SP2,real zaragoza,cultural leonesa,2025-10-18,0.0,5.0
14083268,SP2,leganés,málaga cf,2025-10-19,2.0,0.0
14083272,SP2,cd castellón,albacete balompié,2025-10-19,0.0,1.0
14083283,SP2,real valladolid,sporting gijón,2025-10-19,2.0,3.0
14083284,SP2,córdoba,almería,2025-10-19,1.0,1.0
14083276,SP2,real racing club,deportivo de a coruña,2025-10-19,2.0,1.0
14083278,SP2,ud las palmas,eibar,2025-10-19,3.0,1.0
14083274,SP2,cádiz,burgos club de fútbol,2025-10-20,1.0,3.0
14938372,SP2,real sociedad b,huesca,2025-11-05,2.0,0.0
14083294,SP2,huesca,ud las palmas,2025-10-24,1.0,1.0
14083304,SP2,cultural leonesa,ad ceuta,2025-10-25,0.0,1.0
14083286,SP2,albacete balompié,córdoba,2025-10-25,1.0,3.0
14083293,SP2,eibar,leganés,2025-10-25,0.0,0.0
14083289,SP2,burgos club de fútbol,real sociedad b,2025-10-25,1.0,0.0
14083302,SP2,granada,cádiz,2025-10-25,0.0,0.0
14083300,SP2,mirandés,real racing club,2025-10-25,1.0,3.0
14083305,SP2,málaga cf,fc andorra,2025-10-26,4.0,1.0
14083297,SP2,almería,cd castellón,2025-10-26,1.0,0.0
14083296,SP2,sporting gijón,real zaragoza,2025-10-26,1.0,0.0
14083291,SP2,deportivo de a coruña,real valladolid,2025-10-26,1.0,1.0
14083312,SP2,real racing club,real sociedad b,2025-10-31,1.0,0.0
14083309,SP2,cultural leonesa,mirandés,2025-11-01,3.0,2.0
14083307,SP2,albacete balompié,huesca,2025-11-01,2.0,1.0
14083317,SP2,leganés,burgos club de fútbol,2025-11-01,1.0,2.0
14083314,SP2,almería,eibar,2025-11-01,3.0,1.0
14083316,SP2,fc andorra,cádiz,2025-11-02,0.0,0.0
14083319,SP2,córdoba,ad ceuta,2025-11-02,2.0,0.0
14083325,SP2,sporting gijón,ud las palmas,2025-11-02,0.0,0.0
14083308,SP2,cd castellón,málaga cf,2025-11-02,2.0,1.0
14083320,SP2,real zaragoza,deportivo de a coruña,2025-11-02,0.0,2.0
14083323,SP2,real valladolid,granada,2025-11-03,2.0,1.0
14083335,SP2,mirandés,sporting gijón,2025-11-07,2.0,1.0
14083343,SP2,real sociedad b,leganés,2025-11-08,2.0,1.0
14083338,SP2,eibar,albacete balompié,2025-11-08,3.0,2.0
14083348,SP2,huesca,fc andorra,2025-11-08,2.0,2.0
14083329,SP2,deportivo de a coruña,cultural leonesa,2025-11-08,3.0,0.0
14083339,SP2,málaga cf,córdoba,2025-11-08,2.0,2.0
14083332,SP2,ud las palmas,real racing club,2025-11-09,3.0,1.0
14083331,SP2,granada,real zaragoza,2025-11-09,3.0,1.0
14083328,SP2,cádiz,real valladolid,2025-11-09,0.0,0.0
14083326,SP2,burgos club de fútbol,cd castellón,2025-11-10,0.0,0.0
14083345,SP2,ad ceuta,almería,2025-11-26,3.0,2.0
14083379,SP2,real valladolid,ud las palmas,2025-11-14,0.0,1.0
14083350,SP2,albacete balompié,fc andorra,2025-11-15,1.0,0.0
14083354,SP2,cd castellón,real sociedad b,2025-11-15,5.0,4.0
14083374,SP2,real racing club,granada,2025-11-15,2.0,2.0
14083357,SP2,ad ceuta,leganés,2025-11-16,1.0,2.0
14083365,SP2,almería,cádiz,2025-11-16,3.0,0.0
14083371,SP2,sporting gijón,eibar,2025-11-16,1.0,1.0
14083359,SP2,córdoba,deportivo de a coruña,2025-11-16,1.0,3.0
14083367,SP2,mirandés,burgos club de fútbol,2025-11-16,0.0,2.0
14083376,SP2,real zaragoza,huesca,2025-11-16,1.0,0.0
14083362,SP2,cultural leonesa,málaga cf,2025-11-17,1.0,0.0
14083404,SP2,ud las palmas,albacete balompié,2025-11-21,2.0,1.0
14083397,SP2,fc andorra,cd castellón,2025-11-22,1.0,3.0
14083387,SP2,eibar,real zaragoza,2025-11-22,1.0,2.0
14083416,SP2,leganés,almería,2025-11-22,0.0,3.0
14083413,SP2,granada,córdoba,2025-11-22,1.0,1.0
14083408,SP2,deportivo de a coruña,ad ceuta,2025-11-23,2.0,1.0
14083384,SP2,cádiz,cultural leonesa,2025-11-23,1.0,2.0
14083391,SP2,huesca,sporting gijón,2025-11-23,2.0,0.0
14083382,SP2,burgos club de fútbol,real racing club,2025-11-23,0.0,2.0
14083393,SP2,málaga cf,mirandés,2025-11-23,3.0,2.0
14083400,SP2,real sociedad b,real valladolid,2025-11-24,1.0,0.0
14083448,SP2,sporting gijón,fc andorra,2025-11-28,1.0,1.0
14083431,SP2,ad ceuta,burgos club de fútbol,2025-11-29,1.0,0.0
14083438,SP2,cultural leonesa,granada,2025-11-29,0.0,1.0
14083419,SP2,albacete balompié,deportivo de a coruña,2025-11-29,0.0,2.0
14083424,SP2,almería,huesca,2025-11-29,0.0,0.0
14083444,SP2,real valladolid,málaga cf,2025-11-29,1.0,1.0
14083441,SP2,real zaragoza,leganés,2025-11-30,3.0,2.0
14083435,SP2,real racing club,eibar,2025-11-30,4.0,0.0
14083433,SP2,córdoba,cádiz,2025-11-30,1.0,2.0
14083427,SP2,mirandés,real sociedad b,2025-11-30,1.0,0.0
14083421,SP2,cd castellón,ud las palmas,2025-11-30,1.0,0.0
14083478,SP2,fc andorra,almería,2025-12-06,1.0,2.0
14083455,SP2,huesca,real valladolid,2025-12-06,1.0,4.0
14083464,SP2,real sociedad b,sporting gijón,2025-12-06,0.0,1.0
14083450,SP2,cádiz,real racing club,2025-12-07,2.0,3.0
14083474,SP2,leganés,córdoba,2025-12-07,0.0,0.0
14083469,SP2,deportivo de a coruña,cd castellón,2025-12-07,1.0,3.0
14083452,SP2,eibar,cultural leonesa,2025-12-07,1.0,2.0
14083471,SP2,granada,ad ceuta,2025-12-07,1.0,1.0
14083467,SP2,burgos club de fútbol,albacete balompié,2025-12-08,0.0,1.0
14083458,SP2,ud las palmas,mirandés,2025-12-08,0.0,0.0
14083460,SP2,málaga cf,real zaragoza,2025-12-08,1.0,1.0
14083506,SP2,cultural leonesa,huesca,2025-12-12,0.0,2.0
14083492,SP2,córdoba,eibar,2025-12-13,0.0,0.0
14083511,SP2,real valladolid,fc andorra,2025-12-13,0.0,1.0
14083504,SP2,sporting gijón,granada,2025-12-13,1.0,0.0
14083508,SP2,real racing club,leganés,2025-12-13,1.0,1.0
14083494,SP2,deportivo de a coruña,real sociedad b,2025-12-13,0.0,3.0
14083502,SP2,real zaragoza,cádiz,2025-12-13,1.0,2.0
14083483,SP2,albacete balompié,málaga cf,2025-12-14,1.0,3.0
14083497,SP2,almería,burgos club de fútbol,2025-12-14,1.0,2.0
14083489,SP2,ad ceuta,ud las palmas,2025-12-14,1.0,1.0
14083487,SP2,cd castellón,mirandés,2025-12-15,3.0,1.0
14083273,SP2,eibar,real valladolid,2025-12-19,3.0,0.0
14083311,SP2,fc andorra,deportivo de a coruña,2025-12-20,1.0,0.0
14083287,SP2,huesca,real racing club,2025-12-20,1.0,1.0
14083299,SP2,leganés,sporting gijón,2025-12-20,0.0,1.0
14083370,SP2,ud las palmas,cultural leonesa,2025-12-20,4.0,0.0
14083388,SP2,málaga cf,almería,2025-12-21,2.0,1.0
14083352,SP2,mirandés,córdoba,2025-12-21,1.0,2.0
14083334,SP2,real sociedad b,ad ceuta,2025-12-21,1.0,3.0
14083514,SP2,burgos club de fútbol,real zaragoza,2025-12-21,1.0,1.0
14083321,SP2,granada,albacete balompié,2025-12-21,1.0,1.0
14083517,SP2,cádiz,cd castellón,2025-12-21,2.0,0.0
14083446,SP2,eibar,mirandés,2026-01-02,2.0,1.0
14083463,SP2,cultural leonesa,real sociedad b,2026-01-03,1.0,1.0
14083482,SP2,almería,granada,2026-01-03,3.0,2.0
14083428,SP2,cd castellón,huesca,2026-01-03,4.0,1.0
14083554,SP2,real valladolid,real racing club,2026-01-03,1.0,1.0
14083500,SP2,córdoba,burgos club de fútbol,2026-01-03,2.0,0.0
14083543,SP2,sporting gijón,málaga cf,2026-01-04,1.0,3.0
14083565,SP2,ad ceuta,fc andorra,2026-01-04,2.0,1.0
14083409,SP2,albacete balompié,leganés,2026-01-04,1.0,3.0
14083531,SP2,real zaragoza,ud las palmas,2026-01-04,1.0,2.0
14083518,SP2,deportivo de a coruña,cádiz,2026-01-04,2.0,2.0
14083575,SP2,cádiz,sporting gijón,2026-01-09,3.0,2.0
14083621,SP2,mirandés,almería,2026-01-10,2.0,2.0
14083593,SP2,real sociedad b,albacete balompié,2026-01-10,0.0,0.0
14083570,SP2,burgos club de fútbol,eibar,2026-01-10,1.0,0.0
14083590,SP2,fc andorra,cultural leonesa,2026-01-10,1.0,1.0
14083616,SP2,ud las palmas,deportivo de a coruña,2026-01-10,1.0,1.0
14083584,SP2,real racing club,real zaragoza,2026-01-10,2.0,3.0
14083579,SP2,leganés,real valladolid,2026-01-11,3.0,0.0
14083600,SP2,granada,cd castellón,2026-01-11,0.0,0.0
14083606,SP2,málaga cf,ad ceuta,2026-01-11,2.0,1.0
14083611,SP2,huesca,córdoba,2026-01-12,1.0,2.0
14083636,SP2,cd castellón,leganés,2026-01-16,2.0,0.0
14083641,SP2,ad ceuta,real valladolid,2026-01-17,0.0,3.0
14083651,SP2,cultural leonesa,sporting gijón,2026-01-17,2.0,4.0
14083677,SP2,real zaragoza,real sociedad b,2026-01-17,1.0,1.0
14083654,SP2,almería,deportivo de a coruña,2026-01-17,1.0,2.0
14083672,SP2,mirandés,fc andorra,2026-01-18,1.0,2.0
14083665,SP2,real racing club,ud las palmas,2026-01-18,4.0,1.0
14083626,SP2,albacete balompié,cádiz,2026-01-18,1.0,0.0
14083631,SP2,burgos club de fútbol,huesca,2026-01-18,1.0,0.0
14083646,SP2,córdoba,málaga cf,2026-01-18,0.0,1.0
14083660,SP2,granada,eibar,2026-01-19,0.0,0.0
14083709,SP2,málaga cf,burgos club de fútbol,2026-01-23,3.0,0.0
14083705,SP2,real valladolid,albacete balompié,2026-01-24,0.0,1.0
14083695,SP2,leganés,real sociedad b,2026-01-24,2.0,0.0
14083726,SP2,sporting gijón,mirandés,2026-01-24,3.0,0.0
14083718,SP2,ud las palmas,córdoba,2026-01-24,1.0,2.0
14083681,SP2,cádiz,granada,2026-01-24,1.0,2.0
14083700,SP2,fc andorra,huesca,2026-01-25,1.0,1.0
14083722,SP2,eibar,almería,2026-01-25,1.0,0.0
14083713,SP2,real zaragoza,cd castellón,2026-01-25,0.0,0.0
14083691,SP2,deportivo de a coruña,real racing club,2026-01-25,0.0,1.0
14083686,SP2,ad ceuta,cultural leonesa,2026-01-26,3.0,1.0
14083753,SP2,real sociedad b,ud las palmas,2026-01-30,1.0,1.0
14083730,SP2,albacete balompié,real zaragoza,2026-01-31,2.0,0.0
14083734,SP2,burgos club de fútbol,leganés,2026-01-31,2.0,1.0
14083751,SP2,cultural leonesa,deportivo de a coruña,2026-01-31,0.0,1.0
14083738,SP2,córdoba,real valladolid,2026-01-31,3.0,1.0
14083747,SP2,almería,ad ceuta,2026-02-01,4.0,2.0
14083741,SP2,eibar,sporting gijón,2026-02-01,1.0,0.0
14083757,SP2,cd castellón,fc andorra,2026-02-01,2.0,0.0
14083749,SP2,huesca,cádiz,2026-02-01,1.0,0.0
14083745,SP2,granada,real racing club,2026-02-01,1.0,0.0
14083755,SP2,mirandés,málaga cf,2026-02-02,2.0,1.0
14083772,SP2,leganés,granada,2026-02-06,1.0,0.0
14083761,SP2,fc andorra,real sociedad b,2026-02-07,1.0,2.0
14083766,SP2,ud las palmas,burgos club de fútbol,2026-02-07,0.0,0.0
14083770,SP2,real zaragoza,eibar,2026-02-07,1.0,1.0
14083768,SP2,real valladolid,cd castellón,2026-02-08,0.0,4.0
14083778,SP2,cádiz,almería,2026-02-08,1.0,2.0
14083764,SP2,deportivo de a coruña,albacete balompié,2026-02-08,2.0,1.0
14083774,SP2,sporting gijón,huesca,2026-02-08,2.0,1.0
14083776,SP2,málaga cf,cultural leonesa,2026-02-08,2.0,1.0
14083780,SP2,real racing club,mirandés,2026-02-09,1.0,0.0
15535698,SP2,ad ceuta,córdoba,2026-02-25,3.0,2.0
14083796,SP2,almería,fc andorra,2026-02-13,3.0,2.0
14083788,SP2,córdoba,leganés,2026-02-14,2.0,1.0
14083784,SP2,burgos club de fútbol,cádiz,2026-02-14,1.0,1.0
14083795,SP2,cultural leonesa,real zaragoza,2026-02-14,0.0,0.0
14083794,SP2,granada,real valladolid,2026-02-14,5.0,1.0
14083798,SP2,mirandés,ud las palmas,2026-02-15,1.0,1.0
14083790,SP2,eibar,real racing club,2026-02-15,2.0,1.0
14083797,SP2,huesca,ad ceuta,2026-02-15,2.0,0.0
14083782,SP2,albacete balompié,sporting gijón,2026-02-15,1.0,1.0
14083786,SP2,cd castellón,deportivo de a coruña,2026-02-15,2.0,0.0
14083799,SP2,real sociedad b,málaga cf,2026-02-16,2.0,1.0
14083801,SP2,ad ceuta,granada,2026-02-20,2.0,1.0
14083804,SP2,leganés,cultural leonesa,2026-02-21,1.0,1.0
14083802,SP2,deportivo de a coruña,eibar,2026-02-21,1.0,0.0
14083803,SP2,huesca,mirandés,2026-02-21,1.0,2.0
14083807,SP2,almería,córdoba,2026-02-21,2.0,1.0
14083811,SP2,ud las palmas,cd castellón,2026-02-21,1.0,1.0
14083806,SP2,sporting gijón,real valladolid,2026-02-22,2.0,2.0
14083808,SP2,fc andorra,real zaragoza,2026-02-22,2.0,1.0
14083810,SP2,real racing club,burgos club de fútbol,2026-02-22,1.0,0.0
14083809,SP2,málaga cf,albacete balompié,2026-02-22,1.0,0.0
14083800,SP2,cádiz,real sociedad b,2026-02-23,0.0,2.0
14083812,SP2,albacete balompié,almería,2026-02-27,1.0,1.0
14083340,SP2,real zaragoza,burgos club de fútbol,2026-02-28,0.0,1.0
14083814,SP2,granada,málaga cf,2026-02-28,0.0,1.0
14083353,SP2,real valladolid,huesca,2026-02-28,1.0,0.0
14083813,SP2,cd castellón,real racing club,2026-02-28,1.0,3.0
14083349,SP2,real sociedad b,deportivo de a coruña,2026-03-01,2.0,3.0
14083347,SP2,mirandés,ad ceuta,2026-03-01,0.0,1.0
14083336,SP2,cultural leonesa,ud las palmas,2026-03-01,0.0,3.0
14083344,SP2,eibar,cádiz,2026-03-01,3.0,1.0
14083356,SP2,sporting gijón,leganés,2026-03-02,0.0,0.0
14083358,SP2,córdoba,fc andorra,2026-03-02,1.0,4.0
14083363,SP2,cádiz,real zaragoza,2026-03-06,0.0,1.0
14083377,SP2,huesca,albacete balompié,2026-03-07,0.0,0.0
14083380,SP2,real sociedad b,cd castellón,2026-03-07,4.0,2.0
14083361,SP2,burgos club de fútbol,mirandés,2026-03-07,2.0,0.0
14083368,SP2,málaga cf,real valladolid,2026-03-07,3.0,3.0
14083383,SP2,ud las palmas,ad ceuta,2026-03-08,4.0,0.0
14083375,SP2,fc andorra,sporting gijón,2026-03-08,1.0,0.0
14083389,SP2,leganés,eibar,2026-03-08,0.0,1.0
14083385,SP2,real racing club,córdoba,2026-03-08,4.0,3.0
14083366,SP2,deportivo de a coruña,granada,2026-03-08,0.0,2.0
14083372,SP2,almería,cultural leonesa,2026-03-09,3.0,0.0
14083411,SP2,mirandés,cádiz,2026-03-13,0.0,2.0
14083402,SP2,cultural leonesa,real racing club,2026-03-14,1.0,2.0
14083420,SP2,real valladolid,leganés,2026-03-14,3.0,2.0
14083423,SP2,real zaragoza,almería,2026-03-14,2.0,0.0
14083394,SP2,ad ceuta,deportivo de a coruña,2026-03-14,1.0,2.0
14083398,SP2,córdoba,real sociedad b,2026-03-15,0.0,2.0
14083425,SP2,granada,fc andorra,2026-03-15,1.0,1.0
14083405,SP2,eibar,burgos club de fútbol,2026-03-15,0.0,0.0
14083417,SP2,málaga cf,huesca,2026-03-15,5.0,3.0
14083414,SP2,sporting gijón,cd castellón,2026-03-15,4.0,1.0
14083392,SP2,albacete balompié,ud las palmas,2026-03-16,2.0,1.0
14083456,SP2,huesca,almería,2026-03-20,1.0,3.0
14083451,SP2,leganés,ad ceuta,2026-03-21,5.0,2.0
14083445,SP2,fc andorra,eibar,2026-03-21,0.0,1.0
14083449,SP2,real racing club,albacete balompié,2026-03-21,0.0,4.0
14083432,SP2,cádiz,málaga cf,2026-03-21,0.0,3.0
14083437,SP2,deportivo de a coruña,real zaragoza,2026-03-21,2.0,1.0
14083429,SP2,burgos club de fútbol,córdoba,2026-03-22,4.0,0.0
14083442,SP2,mirandés,real valladolid,2026-03-22,2.0,1.0
14083453,SP2,real sociedad b,granada,2026-03-22,0.0,2.0
14083439,SP2,ud las palmas,sporting gijón,2026-03-22,1.0,0.0
14083434,SP2,cd castellón,cultural leonesa,2026-03-23,1.0,1.0
14083461,SP2,córdoba,mirandés,2026-03-27,2.0,2.0
14083475,SP2,ad ceuta,cádiz,2026-03-28,2.0,1.0
14083468,SP2,granada,huesca,2026-03-28,4.0,2.0
14083473,SP2,real valladolid,burgos club de fútbol,2026-03-28,0.0,1.0
14083485,SP2,málaga cf,leganés,2026-03-28,0.0,0.0
14083459,SP2,albacete balompié,cd castellón,2026-03-28,1.0,1.0
14352514,SP2,sporting gijón,deportivo de a coruña,2026-03-28,1.0,1.0
14083466,SP2,eibar,ud las palmas,2026-03-29,3.0,1.0
14083488,SP2,cultural leonesa,fc andorra,2026-03-29,0.0,4.0
14083486,SP2,real zaragoza,real racing club,2026-03-29,2.0,0.0
14083470,SP2,almería,real sociedad b,2026-03-29,5.0,1.0
14083505,SP2,mirandés,albacete balompié,2026-03-31,1.0,1.0
14083510,SP2,deportivo de a coruña,córdoba,2026-03-31,2.0,0.0
14083507,SP2,real valladolid,cádiz,2026-03-31,3.0,0.0
14083503,SP2,fc andorra,málaga cf,2026-04-01,3.0,3.0
14083490,SP2,burgos club de fútbol,ad ceuta,2026-04-01,1.0,1.0
14083493,SP2,huesca,cultural leonesa,2026-04-01,1.0,1.0
14083499,SP2,real racing club,sporting gijón,2026-04-01,3.0,1.0
14083515,SP2,ud las palmas,granada,2026-04-02,2.0,0.0
14083520,SP2,cd castellón,almería,2026-04-02,2.0,0.0
14083513,SP2,real sociedad b,eibar,2026-04-02,0.0,1.0
14083496,SP2,leganés,real zaragoza,2026-04-02,1.0,1.0
14083522,SP2,cádiz,córdoba,2026-04-04,1.0,3.0
14083521,SP2,albacete balompié,burgos club de fútbol,2026-04-04,2.0,3.0
14083527,SP2,cultural leonesa,real valladolid,2026-04-04,1.0,0.0
14083525,SP2,deportivo de a coruña,málaga cf,2026-04-04,1.0,1.0
14083534,SP2,eibar,ad ceuta,2026-04-05,3.0,0.0
14083533,SP2,fc andorra,real racing club,2026-04-05,6.0,2.0
14083529,SP2,almería,leganés,2026-04-05,2.0,1.0
14083535,SP2,ud las palmas,huesca,2026-04-05,2.0,1.0
14083536,SP2,real zaragoza,mirandés,2026-04-05,1.0,2.0
14083523,SP2,cd castellón,granada,2026-04-06,3.0,2.0
14083538,SP2,sporting gijón,real sociedad b,2026-04-06,1.0,0.0
14083542,SP2,ad ceuta,real sociedad b,2026-04-10,0.0,0.0
14083540,SP2,burgos club de fútbol,sporting gijón,2026-04-11,1.0,0.0
14083547,SP2,leganés,albacete balompié,2026-04-11,2.0,1.0
14083556,SP2,málaga cf,ud las palmas,2026-04-11,2.0,0.0
14083545,SP2,córdoba,real zaragoza,2026-04-11,1.0,0.0
14083546,SP2,granada,cultural leonesa,2026-04-12,1.0,0.0
14083550,SP2,huesca,deportivo de a coruña,2026-04-12,1.0,1.0
14083558,SP2,cádiz,fc andorra,2026-04-12,0.0,1.0
14083548,SP2,mirandés,cd castellón,2026-04-12,2.0,2.0
14083557,SP2,real racing club,almería,2026-04-12,5.0,1.0
14083552,SP2,real valladolid,eibar,2026-04-13,0.0,0.0
14081731,SP2,real sociedad b,real racing club,2026-04-17,1.0,3.0
14081747,SP2,ud las palmas,leganés,2026-04-17,2.0,0.0
14081728,SP2,real zaragoza,ad ceuta,2026-04-18,2.0,2.0
14081726,SP2,cd castellón,burgos club de fútbol,2026-04-18,3.0,1.0
14081723,SP2,cultural leonesa,córdoba,2026-04-18,1.0,2.0
14081725,SP2,fc andorra,real valladolid,2026-04-19,1.0,0.0
14081722,SP2,sporting gijón,cádiz,2026-04-19,3.0,0.0
14083559,SP2,albacete balompié,granada,2026-04-19,4.0,1.0
14083563,SP2,eibar,huesca,2026-04-19,2.0,1.0
14081736,SP2,almería,málaga cf,2026-04-19,3.0,2.0
14083560,SP2,deportivo de a coruña,mirandés,2026-04-20,3.0,1.0
14081741,SP2,albacete balompié,eibar,2026-04-24,0.0,3.0
14081732,SP2,real valladolid,real sociedad b,2026-04-25,1.0,0.0
14081729,SP2,burgos club de fútbol,deportivo de a coruña,2026-04-25,1.0,1.0
14081724,SP2,málaga cf,cd castellón,2026-04-25,2.0,3.0
14081745,SP2,córdoba,sporting gijón,2026-04-26,3.0,2.0
14081750,SP2,granada,almería,2026-04-26,2.0,4.0
14081748,SP2,mirandés,cultural leonesa,2026-04-26,2.0,1.0
14081740,SP2,huesca,real zaragoza,2026-04-26,1.0,0.0
14081739,SP2,leganés,fc andorra,2026-04-26,0.0,4.0
14081737,SP2,ad ceuta,real racing club,2026-04-26,0.0,0.0
14081749,SP2,cádiz,ud las palmas,2026-04-27,1.0,2.0
14081744,SP2,fc andorra,albacete balompié,2026-05-01,0.0,1.0
14081738,SP2,deportivo de a coruña,leganés,2026-05-01,2.0,1.0
14081734,SP2,real zaragoza,granada,2026-05-01,0.0,1.0
14081733,SP2,cultural leonesa,cádiz,2026-05-02,2.0,2.0
14081746,SP2,cd castellón,córdoba,2026-05-02,1.0,2.0
14081735,SP2,eibar,málaga cf,2026-05-02,2.0,4.0
14081730,SP2,real racing club,huesca,2026-05-03,4.0,2.0
14081721,SP2,sporting gijón,ad ceuta,2026-05-03,1.0,2.0
14081743,SP2,real sociedad b,burgos club de fútbol,2026-05-03,0.0,0.0
14081727,SP2,ud las palmas,real valladolid,2026-05-03,2.0,1.0
14081742,SP2,almería,mirandés,2026-05-04,4.0,2.0
14081751,SP2,cádiz,deportivo de a coruña,2026-05-08,0.0,1.0
14081756,SP2,ad ceuta,cd castellón,2026-05-09,1.0,1.0
14081755,SP2,albacete balompié,cultural leonesa,2026-05-09,2.0,1.0
14081760,SP2,burgos club de fútbol,almería,2026-05-09,0.0,0.0
14081757,SP2,real valladolid,real zaragoza,2026-05-09,2.0,0.0
14081754,SP2,málaga cf,sporting gijón,2026-05-09,2.0,1.0
14081758,SP2,fc andorra,ud las palmas,2026-05-10,5.0,1.0
14081764,SP2,leganés,real racing club,2026-05-10,1.0,2.0
14081752,SP2,córdoba,granada,2026-05-10,1.0,0.0
14081763,SP2,mirandés,eibar,2026-05-10,0.0,1.0
14081753,SP2,huesca,real sociedad b,2026-05-11,1.0,2.0
14081766,SP2,cd castellón,cádiz,2026-05-15,1.0,1.0
14081762,SP2,córdoba,albacete balompié,2026-05-15,1.0,2.0
14081769,SP2,real sociedad b,mirandés,2026-05-16,2.0,2.0
14081759,SP2,ad ceuta,málaga cf,2026-05-16,1.0,4.0
14081776,SP2,cultural leonesa,eibar,2026-05-16,2.0,1.0
14081761,SP2,almería,ud las palmas,2026-05-16,1.0,2.0
14081777,SP2,granada,burgos club de fútbol,2026-05-16,0.0,1.0
14081765,SP2,real racing club,real valladolid,2026-05-16,4.0,1.0
14081771,SP2,deportivo de a coruña,fc andorra,2026-05-17,2.0,1.0
14081767,SP2,real zaragoza,sporting gijón,2026-05-17,1.0,3.0
14081768,SP2,leganés,huesca,2026-05-18,0.0,0.0
14081770,SP2,albacete balompié,real sociedad b,2026-05-24,3.0,1.0
14081780,SP2,fc andorra,ad ceuta,2026-05-24,0.0,2.0
14081781,SP2,cultural leonesa,burgos club de fútbol,2026-05-24,0.0,2.0
14081774,SP2,cádiz,leganés,2026-05-24,3.0,0.0
14081782,SP2,eibar,córdoba,2026-05-24,2.0,0.0
14081772,SP2,huesca,cd castellón,2026-05-24,0.0,1.0
14081779,SP2,mirandés,granada,2026-05-24,3.0,1.0
14081775,SP2,málaga cf,real racing club,2026-05-24,1.0,1.0
14081778,SP2,real valladolid,deportivo de a coruña,2026-05-24,0.0,2.0
14081783,SP2,sporting gijón,almería,2026-05-24,3.0,1.0
14081773,SP2,ud las palmas,real zaragoza,2026-05-24,1.0,1.0
14083412,SP2,ad ceuta,albacete balompié,2026-05-30,1.0,0.0
14081786,SP2,real sociedad b,cultural leonesa,2026-05-30,1.0,1.0
14083399,SP2,granada,sporting gijón,2026-05-30,1.0,2.0
14083406,SP2,almería,real valladolid,2026-05-31,1.0,0.0
14081785,SP2,burgos club de fútbol,fc andorra,2026-05-31,1.0,0.0
14081784,SP2,cd castellón,eibar,2026-05-31,2.0,1.0
14083395,SP2,deportivo de a coruña,ud las palmas,2026-05-31,1.0,2.0
14083415,SP2,real racing club,cádiz,2026-05-31,4.0,1.0
14081788,SP2,real zaragoza,málaga cf,2026-05-31,0.0,2.0
14081787,SP2,córdoba,huesca,2026-05-31,1.0,1.0
14083403,SP2,leganés,mirandés,2026-05-31,1.0,0.0
16418272,SP2,real sociedad b,cd castellón,2026-08-14,0.0,1.0
16418265,SP2,fc andorra,ad ceuta,2026-08-15,5.0,1.0
16418269,SP2,cádiz,celta fortuna,2026-08-15,0.0,0.0
16418273,SP2,real oviedo,granada,2026-08-15,0.0,0.0
16418271,SP2,mallorca,real valladolid,2026-08-15,2.0,0.0
16418267,SP2,eibar,cd tenerife,2026-08-16,1.0,3.0
16418266,SP2,burgos club de fútbol,córdoba,2026-08-16,3.0,2.0
16418268,SP2,girona fc,leganés,2026-08-16,1.0,1.0
16418274,SP2,ud las palmas,albacete balompié,2026-08-16,2.0,1.0
16418275,SP2,sporting gijón,ce sabadell,2026-08-17,0.0,0.0
16418263,SP2,almería,cd eldense,2026-08-17,3.0,0.0
16418225,SP2,córdoba,girona fc,2026-08-21,2.0,1.0
16418276,SP2,real oviedo,leganés,2026-08-22,0.0,1.0
16418232,SP2,ad ceuta,ud las palmas,2026-08-22,0.0,2.0
16418216,SP2,albacete balompié,real sociedad b,2026-08-22,1.0,2.0
16418270,SP2,cd eldense,cádiz,2026-08-22,2.0,2.0
16418277,SP2,eibar,real valladolid,2026-08-23,1.0,0.0
16418222,SP2,cd castellón,ce sabadell,2026-08-23,0.0,0.0
16418280,SP2,sporting gijón,burgos club de fútbol,2026-08-23,1.0,0.0
16418220,SP2,cd tenerife,almería,2026-08-23,1.0,0.0
16418214,SP2,celta fortuna,fc andorra,2026-08-24,4.0,2.0
16418284,SP2,granada,mallorca,2026-08-24,2.0,0.0
13981422,I1,genoa,lecce,2025-08-23,0.0,0.0
13981431,I1,sassuolo,ssc napoli,2025-08-23,0.0,2.0
13981439,I1,ac milan,cremonese,2025-08-23,1.0,2.0
13981428,I1,as roma,bologna,2025-08-23,1.0,0.0
13981425,I1,cagliari,fiorentina,2025-08-24,1.0,1.0
13981423,I1,como,lazio,2025-08-24,2.0,0.0
13981444,I1,atalanta,pisa,2025-08-24,1.0,1.0
13981424,I1,juventus,parma,2025-08-24,2.0,0.0
13981438,I1,udinese,hellas verona,2025-08-25,1.0,1.0
13981421,I1,inter,torino,2025-08-25,5.0,0.0
13981443,I1,cremonese,sassuolo,2025-08-29,3.0,2.0
13981447,I1,lecce,ac milan,2025-08-29,0.0,2.0
13981433,I1,bologna,como,2025-08-30,1.0,0.0
13981426,I1,parma,atalanta,2025-08-30,1.0,1.0
13981441,I1,pisa,as roma,2025-08-30,0.0,1.0
13981436,I1,ssc napoli,cagliari,2025-08-30,1.0,0.0
13981448,I1,genoa,juventus,2025-08-31,0.0,1.0
13981429,I1,torino,fiorentina,2025-08-31,0.0,0.0
13981432,I1,inter,udinese,2025-08-31,1.0,2.0
13981446,I1,lazio,hellas verona,2025-08-31,4.0,0.0
13981427,I1,cagliari,parma,2025-09-13,2.0,0.0
13981435,I1,juventus,inter,2025-09-13,4.0,3.0
13981442,I1,fiorentina,ssc napoli,2025-09-13,1.0,3.0
13981434,I1,as roma,torino,2025-09-14,0.0,1.0
13981450,I1,atalanta,lecce,2025-09-14,4.0,1.0
13981445,I1,pisa,udinese,2025-09-14,0.0,1.0
13981449,I1,sassuolo,lazio,2025-09-14,1.0,0.0
13981437,I1,ac milan,bologna,2025-09-14,1.0,0.0
13981451,I1,hellas verona,cremonese,2025-09-15,0.0,0.0
13981430,I1,como,genoa,2025-09-15,1.0,1.0
13981455,I1,lecce,cagliari,2025-09-19,1.0,2.0
13981460,I1,bologna,genoa,2025-09-20,2.0,1.0
13981452,I1,hellas verona,juventus,2025-09-20,1.0,1.0
13981453,I1,udinese,ac milan,2025-09-20,0.0,3.0
13981457,I1,lazio,as roma,2025-09-21,0.0,1.0
13981463,I1,cremonese,parma,2025-09-21,0.0,0.0
13981454,I1,torino,atalanta,2025-09-21,0.0,3.0
13981461,I1,fiorentina,como,2025-09-21,1.0,2.0
13981456,I1,inter,sassuolo,2025-09-21,2.0,1.0
13981458,I1,ssc napoli,pisa,2025-09-22,3.0,2.0
13981462,I1,como,cremonese,2025-09-27,1.0,1.0
13981465,I1,juventus,atalanta,2025-09-27,1.0,1.0
13981459,I1,cagliari,inter,2025-09-27,0.0,2.0
13981476,I1,sassuolo,udinese,2025-09-28,3.0,1.0
13981469,I1,as roma,hellas verona,2025-09-28,2.0,0.0
13981467,I1,pisa,fiorentina,2025-09-28,0.0,0.0
13981468,I1,lecce,bologna,2025-09-28,2.0,2.0
13981472,I1,ac milan,ssc napoli,2025-09-28,2.0,1.0
13981466,I1,parma,torino,2025-09-29,2.0,1.0
13981464,I1,genoa,lazio,2025-09-29,0.0,3.0
13981481,I1,hellas verona,sassuolo,2025-10-03,0.0,1.0
13981473,I1,lazio,torino,2025-10-04,3.0,3.0
13981480,I1,parma,lecce,2025-10-04,0.0,1.0
13981475,I1,inter,cremonese,2025-10-04,4.0,1.0
13981483,I1,atalanta,como,2025-10-04,1.0,1.0
13981477,I1,udinese,cagliari,2025-10-05,1.0,1.0
13981470,I1,bologna,pisa,2025-10-05,4.0,0.0
13981478,I1,fiorentina,as roma,2025-10-05,1.0,2.0
13981474,I1,ssc napoli,genoa,2025-10-05,2.0,1.0
13981471,I1,juventus,ac milan,2025-10-05,0.0,0.0
13981490,I1,lecce,sassuolo,2025-10-18,0.0,0.0
13981484,I1,pisa,hellas verona,2025-10-18,0.0,0.0
13981479,I1,torino,ssc napoli,2025-10-18,1.0,0.0
13981485,I1,as roma,inter,2025-10-18,0.0,1.0
13981482,I1,como,juventus,2025-10-19,2.0,0.0
13981495,I1,cagliari,bologna,2025-10-19,0.0,2.0
13981494,I1,genoa,parma,2025-10-19,0.0,0.0
13981487,I1,atalanta,lazio,2025-10-19,0.0,0.0
13981486,I1,ac milan,fiorentina,2025-10-19,2.0,1.0
13981491,I1,cremonese,udinese,2025-10-20,1.0,1.0
13981499,I1,ac milan,pisa,2025-10-24,2.0,2.0
13981497,I1,parma,como,2025-10-25,0.0,0.0
13981493,I1,udinese,lecce,2025-10-25,3.0,2.0
13981498,I1,ssc napoli,inter,2025-10-25,3.0,1.0
13981488,I1,cremonese,atalanta,2025-10-25,1.0,1.0
13981492,I1,torino,genoa,2025-10-26,2.0,1.0
13981489,I1,hellas verona,cagliari,2025-10-26,2.0,2.0
13981496,I1,sassuolo,as roma,2025-10-26,0.0,1.0
13981502,I1,fiorentina,bologna,2025-10-26,2.0,2.0
13981500,I1,lazio,juventus,2025-10-26,1.0,0.0
13981509,I1,lecce,ssc napoli,2025-10-28,0.0,1.0
13981501,I1,atalanta,ac milan,2025-10-28,1.0,1.0
13981512,I1,as roma,parma,2025-10-29,2.0,1.0
13981507,I1,como,hellas verona,2025-10-29,3.0,1.0
13981508,I1,juventus,udinese,2025-10-29,3.0,1.0
13981504,I1,bologna,torino,2025-10-29,0.0,0.0
13981505,I1,genoa,cremonese,2025-10-29,0.0,2.0
13981506,I1,inter,fiorentina,2025-10-29,3.0,0.0
13981503,I1,cagliari,sassuolo,2025-10-30,1.0,2.0
13981511,I1,pisa,lazio,2025-10-30,0.0,0.0
13981516,I1,udinese,atalanta,2025-11-01,1.0,0.0
13981514,I1,ssc napoli,como,2025-11-01,0.0,0.0
13981510,I1,cremonese,juventus,2025-11-01,1.0,2.0
13981518,I1,hellas verona,inter,2025-11-02,1.0,2.0
13981513,I1,fiorentina,lecce,2025-11-02,0.0,1.0
13981520,I1,torino,pisa,2025-11-02,2.0,2.0
13981522,I1,parma,bologna,2025-11-02,1.0,3.0
13981517,I1,ac milan,as roma,2025-11-02,1.0,0.0
13981524,I1,sassuolo,genoa,2025-11-03,1.0,2.0
13981515,I1,lazio,cagliari,2025-11-03,2.0,0.0
13981525,I1,pisa,cremonese,2025-11-07,1.0,0.0
13981529,I1,como,cagliari,2025-11-08,0.0,0.0
13981526,I1,lecce,hellas verona,2025-11-08,0.0,0.0
13981531,I1,juventus,torino,2025-11-08,0.0,0.0
13981528,I1,parma,ac milan,2025-11-08,2.0,2.0
13981521,I1,atalanta,sassuolo,2025-11-09,0.0,3.0
13981519,I1,bologna,ssc napoli,2025-11-09,2.0,0.0
13981530,I1,genoa,fiorentina,2025-11-09,2.0,2.0
13981523,I1,as roma,udinese,2025-11-09,2.0,0.0
13981527,I1,inter,lazio,2025-11-09,2.0,0.0
13981542,I1,cagliari,genoa,2025-11-22,3.0,3.0
13981534,I1,udinese,bologna,2025-11-22,0.0,3.0
13981539,I1,fiorentina,juventus,2025-11-22,1.0,1.0
13981533,I1,ssc napoli,atalanta,2025-11-22,3.0,1.0
13981532,I1,hellas verona,parma,2025-11-23,1.0,2.0
13981541,I1,cremonese,as roma,2025-11-23,1.0,3.0
13981537,I1,lazio,lecce,2025-11-23,2.0,0.0
13981538,I1,inter,ac milan,2025-11-23,0.0,1.0
13981535,I1,torino,como,2025-11-24,1.0,5.0
13981536,I1,sassuolo,pisa,2025-11-24,2.0,2.0
13981548,I1,como,sassuolo,2025-11-28,2.0,0.0
13981547,I1,genoa,hellas verona,2025-11-29,2.0,1.0
13981544,I1,parma,udinese,2025-11-29,0.0,2.0
13981551,I1,juventus,cagliari,2025-11-29,2.0,1.0
13981545,I1,ac milan,lazio,2025-11-29,1.0,0.0
13981546,I1,lecce,torino,2025-11-30,2.0,1.0
13981543,I1,pisa,inter,2025-11-30,0.0,2.0
13981549,I1,atalanta,fiorentina,2025-11-30,2.0,0.0
13981540,I1,as roma,ssc napoli,2025-11-30,0.0,1.0
13981550,I1,bologna,cremonese,2025-12-01,1.0,3.0
13981558,I1,sassuolo,fiorentina,2025-12-06,3.0,1.0
13981559,I1,inter,como,2025-12-06,4.0,0.0
13981553,I1,hellas verona,atalanta,2025-12-06,3.0,1.0
13981563,I1,cremonese,lecce,2025-12-07,2.0,0.0
13981560,I1,cagliari,as roma,2025-12-07,1.0,0.0
13981556,I1,lazio,bologna,2025-12-07,1.0,1.0
13981557,I1,ssc napoli,juventus,2025-12-07,2.0,1.0
13981555,I1,pisa,parma,2025-12-08,0.0,1.0
13981552,I1,udinese,genoa,2025-12-08,1.0,2.0
13981554,I1,torino,ac milan,2025-12-08,2.0,3.0
13981561,I1,lecce,pisa,2025-12-12,1.0,0.0
13981573,I1,torino,cremonese,2025-12-13,1.0,0.0
13981566,I1,parma,lazio,2025-12-13,0.0,1.0
13981569,I1,atalanta,cagliari,2025-12-13,2.0,1.0
13981562,I1,ac milan,sassuolo,2025-12-14,2.0,2.0
13981571,I1,fiorentina,hellas verona,2025-12-14,1.0,2.0
13981570,I1,udinese,ssc napoli,2025-12-14,1.0,0.0
13981564,I1,genoa,inter,2025-12-14,1.0,2.0
13981565,I1,bologna,juventus,2025-12-14,0.0,1.0
13981577,I1,as roma,como,2025-12-15,1.0,0.0
13981572,I1,lazio,cremonese,2025-12-20,0.0,0.0
13981575,I1,juventus,as roma,2025-12-20,2.0,1.0
13981581,I1,cagliari,pisa,2025-12-21,2.0,2.0
13981580,I1,sassuolo,torino,2025-12-21,0.0,1.0
13981568,I1,fiorentina,udinese,2025-12-21,5.0,1.0
13981579,I1,genoa,atalanta,2025-12-21,0.0,1.0
14844295,I1,ssc napoli,parma,2026-01-14,0.0,0.0
14844287,I1,inter,lecce,2026-01-14,1.0,0.0
14844293,I1,hellas verona,bologna,2026-01-15,2.0,3.0
14844296,I1,como,ac milan,2026-01-15,1.0,3.0
13981587,I1,parma,fiorentina,2025-12-27,1.0,0.0
13981590,I1,lecce,como,2025-12-27,0.0,3.0
13981584,I1,torino,cagliari,2025-12-27,1.0,2.0
13981583,I1,udinese,lazio,2025-12-27,1.0,1.0
13981585,I1,pisa,juventus,2025-12-27,0.0,2.0
13981588,I1,ac milan,hellas verona,2025-12-28,3.0,0.0
13981582,I1,cremonese,ssc napoli,2025-12-28,0.0,2.0
13981589,I1,bologna,sassuolo,2025-12-28,1.0,1.0
13981591,I1,atalanta,inter,2025-12-28,0.0,1.0
13981586,I1,as roma,genoa,2025-12-29,3.0,1.0
13981602,I1,cagliari,ac milan,2026-01-02,0.0,1.0
13981600,I1,como,udinese,2026-01-03,1.0,0.0
13981598,I1,genoa,pisa,2026-01-03,1.0,1.0
13981595,I1,sassuolo,parma,2026-01-03,1.0,1.0
13981596,I1,juventus,lecce,2026-01-03,1.0,1.0
13981594,I1,atalanta,as roma,2026-01-03,1.0,0.0
13981592,I1,lazio,ssc napoli,2026-01-04,0.0,2.0
13981599,I1,fiorentina,cremonese,2026-01-04,1.0,0.0
13981593,I1,hellas verona,torino,2026-01-04,0.0,3.0
13981597,I1,inter,bologna,2026-01-04,3.0,1.0
13981609,I1,pisa,como,2026-01-06,0.0,3.0
13981604,I1,lecce,as roma,2026-01-06,0.0,2.0
13981608,I1,sassuolo,juventus,2026-01-06,0.0,3.0
13981601,I1,bologna,atalanta,2026-01-07,0.0,2.0
13981607,I1,ssc napoli,hellas verona,2026-01-07,2.0,2.0
13981605,I1,lazio,fiorentina,2026-01-07,2.0,2.0
13981610,I1,parma,inter,2026-01-07,0.0,2.0
13981611,I1,torino,udinese,2026-01-07,1.0,2.0
14844436,I1,cremonese,cagliari,2026-01-08,2.0,2.0
14844437,I1,ac milan,genoa,2026-01-08,1.0,1.0
13981616,I1,como,bologna,2026-01-10,1.0,1.0
13981624,I1,udinese,pisa,2026-01-10,2.0,2.0
13981619,I1,as roma,sassuolo,2026-01-10,2.0,0.0
13981613,I1,atalanta,torino,2026-01-10,2.0,0.0
13981621,I1,lecce,parma,2026-01-11,1.0,2.0
13981614,I1,fiorentina,ac milan,2026-01-11,1.0,1.0
13981615,I1,hellas verona,lazio,2026-01-11,0.0,1.0
13981618,I1,inter,ssc napoli,2026-01-11,2.0,2.0
13981617,I1,genoa,cagliari,2026-01-12,3.0,0.0
13981623,I1,juventus,cremonese,2026-01-12,5.0,0.0
13981629,I1,pisa,atalanta,2026-01-16,1.0,1.0
13981630,I1,udinese,inter,2026-01-17,0.0,1.0
13981633,I1,ssc napoli,sassuolo,2026-01-17,1.0,0.0
13981625,I1,cagliari,juventus,2026-01-17,1.0,0.0
13981627,I1,parma,genoa,2026-01-18,0.0,0.0
13981620,I1,bologna,fiorentina,2026-01-18,1.0,2.0
13981634,I1,torino,as roma,2026-01-18,0.0,2.0
13981628,I1,ac milan,lecce,2026-01-18,1.0,0.0
13981622,I1,cremonese,hellas verona,2026-01-19,0.0,0.0
13981626,I1,lazio,como,2026-01-19,0.0,3.0
13981637,I1,inter,pisa,2026-01-23,6.0,2.0
13981631,I1,como,torino,2026-01-24,6.0,0.0
13981632,I1,fiorentina,cagliari,2026-01-24,1.0,2.0
13981639,I1,lecce,lazio,2026-01-24,0.0,0.0
13981642,I1,sassuolo,cremonese,2026-01-25,1.0,0.0
13981635,I1,atalanta,parma,2026-01-25,4.0,0.0
13981636,I1,genoa,bologna,2026-01-25,3.0,2.0
13981638,I1,juventus,ssc napoli,2026-01-25,3.0,0.0
13981641,I1,as roma,ac milan,2026-01-25,1.0,1.0
13981640,I1,hellas verona,udinese,2026-01-26,1.0,3.0
13981646,I1,lazio,genoa,2026-01-30,3.0,2.0
13981652,I1,pisa,sassuolo,2026-01-31,1.0,3.0
13981647,I1,ssc napoli,fiorentina,2026-01-31,2.0,1.0
13981644,I1,cagliari,hellas verona,2026-01-31,4.0,0.0
13981653,I1,torino,lecce,2026-02-01,1.0,0.0
13981645,I1,como,atalanta,2026-02-01,0.0,0.0
13981649,I1,cremonese,inter,2026-02-01,0.0,2.0
13981648,I1,parma,juventus,2026-02-01,1.0,4.0
13981651,I1,udinese,as roma,2026-02-02,1.0,0.0
15370282,I1,bologna,ac milan,2026-02-03,0.0,3.0
13981662,I1,hellas verona,pisa,2026-02-06,0.0,0.0
13981666,I1,genoa,ssc napoli,2026-02-07,2.0,3.0
13981658,I1,fiorentina,torino,2026-02-07,2.0,2.0
13981654,I1,bologna,parma,2026-02-08,0.0,1.0
13981656,I1,lecce,udinese,2026-02-08,2.0,1.0
13981660,I1,sassuolo,inter,2026-02-08,0.0,5.0
13981655,I1,juventus,lazio,2026-02-08,2.0,2.0
13981650,I1,atalanta,cremonese,2026-02-09,2.0,1.0
13981664,I1,as roma,cagliari,2026-02-09,2.0,0.0
15462526,I1,ac milan,como,2026-02-18,1.0,1.0
13981670,I1,pisa,ac milan,2026-02-13,1.0,2.0
13981667,I1,como,fiorentina,2026-02-14,1.0,2.0
13981659,I1,lazio,atalanta,2026-02-14,0.0,2.0
13981671,I1,inter,juventus,2026-02-14,3.0,2.0
13981672,I1,udinese,sassuolo,2026-02-15,1.0,2.0
13981657,I1,cremonese,genoa,2026-02-15,0.0,0.0
13981668,I1,parma,hellas verona,2026-02-15,2.0,1.0
13981669,I1,torino,bologna,2026-02-15,1.0,2.0
13981665,I1,ssc napoli,as roma,2026-02-15,2.0,2.0
13981663,I1,cagliari,lecce,2026-02-16,0.0,2.0
13981681,I1,sassuolo,hellas verona,2026-02-20,3.0,0.0
13981678,I1,juventus,como,2026-02-21,0.0,2.0
13981679,I1,lecce,inter,2026-02-21,0.0,2.0
13981674,I1,cagliari,lazio,2026-02-21,0.0,0.0
13981676,I1,genoa,torino,2026-02-22,3.0,0.0
13981673,I1,atalanta,ssc napoli,2026-02-22,2.0,1.0
13981680,I1,ac milan,parma,2026-02-22,0.0,1.0
13981682,I1,as roma,cremonese,2026-02-22,3.0,0.0
13981677,I1,fiorentina,pisa,2026-02-23,1.0,0.0
13981675,I1,bologna,udinese,2026-02-23,1.0,0.0
13981687,I1,parma,cagliari,2026-02-27,1.0,1.0
13981683,I1,como,lecce,2026-02-28,3.0,1.0
13981694,I1,hellas verona,ssc napoli,2026-02-28,1.0,2.0
13981684,I1,inter,genoa,2026-02-28,2.0,0.0
13981685,I1,cremonese,ac milan,2026-03-01,0.0,2.0
13981689,I1,sassuolo,atalanta,2026-03-01,2.0,1.0
13981690,I1,torino,lazio,2026-03-01,2.0,0.0
13981688,I1,as roma,juventus,2026-03-01,3.0,3.0
13981686,I1,pisa,bologna,2026-03-02,0.0,1.0
13981691,I1,udinese,fiorentina,2026-03-02,3.0,0.0
13981702,I1,ssc napoli,torino,2026-03-06,2.0,1.0
13981693,I1,cagliari,como,2026-03-07,1.0,2.0
13981695,I1,atalanta,udinese,2026-03-07,2.0,2.0
13981697,I1,juventus,pisa,2026-03-07,4.0,0.0
13981701,I1,lecce,cremonese,2026-03-08,2.0,1.0
13981692,I1,bologna,hellas verona,2026-03-08,1.0,2.0
13981696,I1,fiorentina,parma,2026-03-08,0.0,0.0
13981698,I1,genoa,as roma,2026-03-08,2.0,1.0
13981700,I1,ac milan,inter,2026-03-08,1.0,0.0
13981699,I1,lazio,sassuolo,2026-03-09,2.0,1.0
13981714,I1,torino,parma,2026-03-13,4.0,1.0
13981705,I1,inter,atalanta,2026-03-14,1.0,1.0
13981708,I1,ssc napoli,lecce,2026-03-14,2.0,1.0
13981712,I1,udinese,juventus,2026-03-14,0.0,1.0
13981710,I1,hellas verona,genoa,2026-03-15,0.0,2.0
13981706,I1,pisa,cagliari,2026-03-15,3.0,1.0
13981711,I1,sassuolo,bologna,2026-03-15,0.0,1.0
13981703,I1,como,as roma,2026-03-15,2.0,1.0
13981707,I1,lazio,ac milan,2026-03-15,1.0,0.0
13981704,I1,cremonese,fiorentina,2026-03-16,1.0,4.0
13981717,I1,cagliari,ssc napoli,2026-03-20,0.0,1.0
13981716,I1,genoa,udinese,2026-03-20,0.0,2.0
13981721,I1,parma,cremonese,2026-03-21,0.0,2.0
13981724,I1,ac milan,torino,2026-03-21,3.0,2.0
13981719,I1,juventus,sassuolo,2026-03-21,1.0,1.0
13981718,I1,como,pisa,2026-03-22,5.0,0.0
13981709,I1,atalanta,hellas verona,2026-03-22,1.0,0.0
13981713,I1,bologna,lazio,2026-03-22,0.0,2.0
13981722,I1,as roma,lecce,2026-03-22,1.0,0.0
13981715,I1,fiorentina,inter,2026-03-22,1.0,1.0
13981730,I1,sassuolo,cagliari,2026-04-04,2.0,1.0
13981732,I1,hellas verona,fiorentina,2026-04-04,0.0,1.0
13981729,I1,lazio,parma,2026-04-04,1.0,1.0
13981725,I1,cremonese,bologna,2026-04-05,1.0,2.0
13981728,I1,pisa,torino,2026-04-05,0.0,1.0
13981720,I1,inter,as roma,2026-04-05,5.0,2.0
13981731,I1,udinese,como,2026-04-06,0.0,0.0
13981726,I1,lecce,atalanta,2026-04-06,0.0,3.0
13981723,I1,juventus,genoa,2026-04-06,2.0,0.0
13981727,I1,ssc napoli,ac milan,2026-04-06,1.0,0.0
13981742,I1,as roma,pisa,2026-04-10,3.0,0.0
13981735,I1,cagliari,cremonese,2026-04-11,1.0,0.0
13981741,I1,torino,hellas verona,2026-04-11,2.0,1.0
13981739,I1,ac milan,udinese,2026-04-11,0.0,3.0
13981733,I1,atalanta,juventus,2026-04-11,0.0,1.0
13981737,I1,genoa,sassuolo,2026-04-12,2.0,1.0
13981740,I1,parma,ssc napoli,2026-04-12,1.0,1.0
13981734,I1,bologna,lecce,2026-04-12,2.0,0.0
13981736,I1,como,inter,2026-04-12,3.0,4.0
13981738,I1,fiorentina,lazio,2026-04-13,1.0,0.0
13980103,I1,sassuolo,como,2026-04-17,2.0,1.0
13981744,I1,inter,cagliari,2026-04-17,3.0,0.0
13980108,I1,udinese,parma,2026-04-18,0.0,1.0
13980101,I1,ssc napoli,lazio,2026-04-18,0.0,2.0
13980102,I1,as roma,atalanta,2026-04-18,1.0,1.0
13981743,I1,cremonese,torino,2026-04-19,0.0,0.0
13980115,I1,hellas verona,ac milan,2026-04-19,0.0,1.0
13980100,I1,pisa,genoa,2026-04-19,1.0,2.0
13980098,I1,juventus,bologna,2026-04-19,2.0,0.0
13980099,I1,lecce,fiorentina,2026-04-20,1.0,1.0
13980105,I1,ssc napoli,cremonese,2026-04-24,4.0,0.0
13980107,I1,parma,pisa,2026-04-25,1.0,0.0
13980113,I1,bologna,as roma,2026-04-25,0.0,2.0
13980114,I1,hellas verona,lecce,2026-04-25,0.0,0.0
13980110,I1,fiorentina,sassuolo,2026-04-26,0.0,0.0
13980109,I1,genoa,como,2026-04-26,0.0,2.0
13980104,I1,torino,inter,2026-04-26,2.0,2.0
13980106,I1,ac milan,juventus,2026-04-26,0.0,0.0
13980111,I1,cagliari,atalanta,2026-04-27,3.0,2.0
13980112,I1,lazio,udinese,2026-04-27,3.0,3.0
13980097,I1,pisa,lecce,2026-05-01,1.0,2.0
13980095,I1,udinese,torino,2026-05-02,2.0,0.0
13980081,I1,como,ssc napoli,2026-05-02,0.0,0.0
13980083,I1,atalanta,genoa,2026-05-02,0.0,0.0
13980082,I1,bologna,cagliari,2026-05-03,0.0,0.0
13980087,I1,sassuolo,ac milan,2026-05-03,2.0,0.0
13980091,I1,juventus,hellas verona,2026-05-03,1.0,1.0
13980084,I1,inter,parma,2026-05-03,2.0,0.0
13980094,I1,cremonese,lazio,2026-05-04,1.0,2.0
13980086,I1,as roma,fiorentina,2026-05-04,4.0,0.0
13980073,I1,torino,sassuolo,2026-05-08,2.0,1.0
13980088,I1,cagliari,udinese,2026-05-09,0.0,2.0
13980090,I1,lazio,inter,2026-05-09,0.0,3.0
13980092,I1,lecce,juventus,2026-05-09,0.0,1.0
13980059,I1,hellas verona,como,2026-05-10,0.0,1.0
13980093,I1,cremonese,pisa,2026-05-10,3.0,0.0
13980085,I1,fiorentina,genoa,2026-05-10,0.0,0.0
13980062,I1,parma,as roma,2026-05-10,2.0,3.0
13980096,I1,ac milan,atalanta,2026-05-10,2.0,3.0
13980089,I1,ssc napoli,bologna,2026-05-11,2.0,3.0
13980063,I1,as roma,lazio,2026-05-17,2.0,0.0
13980069,I1,como,parma,2026-05-17,1.0,0.0
13980068,I1,genoa,ac milan,2026-05-17,1.0,2.0
13980075,I1,juventus,fiorentina,2026-05-17,0.0,2.0
13980065,I1,pisa,ssc napoli,2026-05-17,0.0,3.0
13980067,I1,inter,hellas verona,2026-05-17,1.0,1.0
13980058,I1,atalanta,bologna,2026-05-17,0.0,1.0
13980060,I1,cagliari,torino,2026-05-17,2.0,1.0
13980078,I1,sassuolo,lecce,2026-05-17,2.0,3.0
13980076,I1,udinese,cremonese,2026-05-17,0.0,1.0
13980080,I1,fiorentina,atalanta,2026-05-22,1.0,1.0
13980079,I1,bologna,inter,2026-05-23,3.0,3.0
13980072,I1,lazio,pisa,2026-05-23,2.0,1.0
13980074,I1,parma,sassuolo,2026-05-24,1.0,0.0
13980061,I1,ssc napoli,udinese,2026-05-24,1.0,0.0
13980071,I1,ac milan,cagliari,2026-05-24,1.0,2.0
13980070,I1,cremonese,como,2026-05-24,1.0,4.0
13980064,I1,hellas verona,as roma,2026-05-24,0.0,2.0
13980066,I1,lecce,genoa,2026-05-24,1.0,0.0
13980077,I1,torino,juventus,2026-05-24,2.0,2.0
16283050,I1,inter,monza,2026-08-22,4.0,1.0
16283044,I1,udinese,como,2026-08-22,1.0,1.0
16283040,I1,genoa,ssc napoli,2026-08-22,0.0,2.0
16283043,I1,parma,cagliari,2026-08-22,0.0,1.0
16283048,I1,frosinone,juventus,2026-08-23,0.0,1.0
16283047,I1,venezia,lecce,2026-08-23,0.0,2.0
16283041,I1,atalanta,sassuolo,2026-08-23,2.0,1.0
16283046,I1,torino,ac milan,2026-08-23,1.0,2.0
16283049,I1,bologna,lazio,2026-08-24,0.0,1.0
16283045,I1,as roma,fiorentina,2026-08-24,4.0,0.0
14317966,I2,pescara,cesena,2025-08-22,1.0,3.0
14317933,I2,empoli,padova,2025-08-23,3.0,1.0
14317930,I2,virtus entella,juve stabia,2025-08-23,1.0,1.0
14317963,I2,monza,mantova,2025-08-23,1.0,0.0
14317973,I2,palermo,reggiana,2025-08-23,2.0,1.0
14317938,I2,spezia,carrarese,2025-08-24,0.0,2.0
14317941,I2,venezia,bari,2025-08-24,2.0,1.0
14317934,I2,catanzaro,südtirol,2025-08-24,1.0,1.0
14317962,I2,frosinone,us avellino 1912,2025-08-24,2.0,0.0
14317932,I2,sampdoria,modena,2025-08-25,0.0,2.0
14317936,I2,reggiana,empoli,2025-08-29,3.0,1.0
14317951,I2,juve stabia,venezia,2025-08-30,0.0,0.0
14317931,I2,mantova,pescara,2025-08-30,2.0,1.0
14317929,I2,cesena,virtus entella,2025-08-30,1.0,1.0
14317955,I2,palermo,frosinone,2025-08-30,0.0,0.0
14317940,I2,spezia,catanzaro,2025-08-30,0.0,0.0
14317939,I2,carrarese,padova,2025-08-31,0.0,0.0
14317935,I2,südtirol,sampdoria,2025-08-31,3.0,1.0
14317949,I2,bari,monza,2025-08-31,1.0,1.0
14317954,I2,modena,us avellino 1912,2025-08-31,1.0,1.0
14317942,I2,us avellino 1912,monza,2025-09-12,2.0,1.0
14317945,I2,juve stabia,reggiana,2025-09-13,0.0,0.0
14317947,I2,modena,bari,2025-09-13,3.0,0.0
14317944,I2,padova,frosinone,2025-09-13,0.0,1.0
14317956,I2,pescara,venezia,2025-09-13,2.0,2.0
14317957,I2,catanzaro,carrarese,2025-09-13,1.0,1.0
14317952,I2,sampdoria,cesena,2025-09-13,1.0,2.0
14317946,I2,virtus entella,mantova,2025-09-14,1.0,0.0
14317937,I2,südtirol,palermo,2025-09-14,0.0,2.0
14317950,I2,empoli,spezia,2025-09-14,1.0,1.0
14317953,I2,frosinone,südtirol,2025-09-19,2.0,2.0
14317959,I2,palermo,bari,2025-09-19,2.0,0.0
14317964,I2,reggiana,catanzaro,2025-09-20,2.0,2.0
14317961,I2,spezia,juve stabia,2025-09-20,1.0,3.0
14317969,I2,venezia,cesena,2025-09-20,1.0,2.0
14317958,I2,monza,sampdoria,2025-09-20,1.0,0.0
14317948,I2,mantova,modena,2025-09-20,1.0,3.0
14317943,I2,carrarese,us avellino 1912,2025-09-21,3.0,4.0
14317965,I2,pescara,empoli,2025-09-21,4.0,0.0
14317960,I2,padova,virtus entella,2025-09-21,2.0,1.0
14317968,I2,catanzaro,juve stabia,2025-09-26,2.0,2.0
14317972,I2,cesena,palermo,2025-09-27,1.0,1.0
14317974,I2,mantova,frosinone,2025-09-27,1.0,5.0
14317978,I2,südtirol,reggiana,2025-09-27,3.0,1.0
14317970,I2,us avellino 1912,virtus entella,2025-09-27,2.0,0.0
14317987,I2,venezia,spezia,2025-09-27,2.0,0.0
14317983,I2,monza,padova,2025-09-27,0.0,1.0
14317967,I2,bari,sampdoria,2025-09-27,1.0,1.0
14317975,I2,modena,pescara,2025-09-28,2.0,1.0
14317971,I2,empoli,carrarese,2025-09-28,2.0,2.0
14317977,I2,frosinone,cesena,2025-09-30,3.0,1.0
14317982,I2,juve stabia,mantova,2025-09-30,2.0,1.0
14317814,I2,padova,us avellino 1912,2025-09-30,2.0,2.0
14317802,I2,palermo,venezia,2025-09-30,0.0,0.0
14317809,I2,reggiana,spezia,2025-09-30,1.0,1.0
14317828,I2,virtus entella,bari,2025-09-30,2.0,2.0
14317988,I2,carrarese,modena,2025-10-01,0.0,0.0
14317801,I2,empoli,monza,2025-10-01,1.0,1.0
14317805,I2,pescara,südtirol,2025-10-01,1.0,1.0
14317808,I2,sampdoria,catanzaro,2025-10-01,0.0,0.0
14317810,I2,bari,padova,2025-10-04,2.0,1.0
14317817,I2,monza,catanzaro,2025-10-04,2.0,1.0
14317825,I2,us avellino 1912,mantova,2025-10-04,0.0,0.0
14317807,I2,venezia,frosinone,2025-10-04,3.0,0.0
14317812,I2,spezia,palermo,2025-10-04,1.0,2.0
14317804,I2,cesena,reggiana,2025-10-04,1.0,2.0
14317823,I2,carrarese,juve stabia,2025-10-05,3.0,0.0
14317826,I2,südtirol,empoli,2025-10-05,1.0,2.0
14317819,I2,sampdoria,pescara,2025-10-05,4.0,1.0
14317803,I2,modena,virtus entella,2025-10-05,2.0,0.0
14317976,I2,virtus entella,sampdoria,2025-10-17,3.0,1.0
14317984,I2,frosinone,monza,2025-10-18,0.0,1.0
14317986,I2,mantova,südtirol,2025-10-18,1.0,1.0
14317989,I2,pescara,carrarese,2025-10-18,2.0,2.0
14317990,I2,reggiana,bari,2025-10-18,3.0,1.0
14317985,I2,juve stabia,us avellino 1912,2025-10-18,2.0,0.0
14317991,I2,spezia,cesena,2025-10-18,1.0,2.0
14317981,I2,palermo,modena,2025-10-19,1.0,1.0
14317979,I2,empoli,venezia,2025-10-19,1.0,1.0
14317806,I2,catanzaro,padova,2025-10-19,0.0,1.0
14318001,I2,modena,empoli,2025-10-24,2.0,1.0
14317998,I2,monza,reggiana,2025-10-25,3.0,1.0
14318003,I2,sampdoria,frosinone,2025-10-25,1.0,1.0
14318000,I2,südtirol,cesena,2025-10-25,0.0,1.0
14317992,I2,us avellino 1912,spezia,2025-10-25,0.0,4.0
14317996,I2,virtus entella,pescara,2025-10-25,1.0,1.0
14317994,I2,carrarese,venezia,2025-10-25,3.0,2.0
14317995,I2,catanzaro,palermo,2025-10-25,1.0,0.0
14317999,I2,padova,juve stabia,2025-10-26,2.0,2.0
14317993,I2,bari,mantova,2025-10-26,1.0,0.0
14318005,I2,cesena,carrarese,2025-10-28,2.0,1.0
14318006,I2,empoli,sampdoria,2025-10-28,1.0,1.0
14318008,I2,frosinone,virtus entella,2025-10-28,4.0,0.0
14318007,I2,palermo,monza,2025-10-28,0.0,3.0
14318010,I2,pescara,us avellino 1912,2025-10-28,1.0,1.0
14318009,I2,reggiana,modena,2025-10-28,1.0,0.0
14318004,I2,mantova,catanzaro,2025-10-29,1.0,3.0
14318011,I2,spezia,padova,2025-10-29,1.0,1.0
14318012,I2,venezia,südtirol,2025-10-29,3.0,0.0
15007362,I2,juve stabia,bari,2025-12-04,0.0,0.0
14318013,I2,us avellino 1912,reggiana,2025-11-01,4.0,3.0
14318014,I2,carrarese,frosinone,2025-11-01,0.0,2.0
14317855,I2,padova,südtirol,2025-11-01,1.0,1.0
14317852,I2,virtus entella,empoli,2025-11-01,1.0,0.0
14317856,I2,palermo,pescara,2025-11-01,5.0,0.0
14318015,I2,bari,cesena,2025-11-02,1.0,0.0
14317851,I2,catanzaro,venezia,2025-11-02,2.0,1.0
14317853,I2,modena,juve stabia,2025-11-02,3.0,0.0
14317854,I2,monza,spezia,2025-11-02,1.0,0.0
14317858,I2,sampdoria,mantova,2025-11-02,0.0,1.0
14317865,I2,spezia,bari,2025-11-07,1.0,1.0
14317857,I2,empoli,catanzaro,2025-11-08,1.0,0.0
14317861,I2,frosinone,modena,2025-11-08,2.0,2.0
14317862,I2,mantova,padova,2025-11-08,1.0,0.0
14317864,I2,reggiana,virtus entella,2025-11-08,0.0,0.0
14317867,I2,südtirol,carrarese,2025-11-08,1.0,1.0
14317860,I2,juve stabia,palermo,2025-11-08,1.0,0.0
14317869,I2,venezia,sampdoria,2025-11-08,3.0,1.0
14317859,I2,cesena,us avellino 1912,2025-11-09,3.0,0.0
14317863,I2,pescara,monza,2025-11-09,0.0,2.0
14317872,I2,catanzaro,pescara,2025-11-21,3.0,3.0
14317870,I2,carrarese,reggiana,2025-11-22,0.0,0.0
14317866,I2,us avellino 1912,empoli,2025-11-22,0.0,3.0
14317871,I2,virtus entella,palermo,2025-11-22,1.0,1.0
14317877,I2,padova,venezia,2025-11-22,0.0,2.0
14317868,I2,bari,frosinone,2025-11-22,2.0,3.0
14317875,I2,mantova,spezia,2025-11-23,4.0,1.0
14317874,I2,modena,südtirol,2025-11-23,0.0,0.0
14317873,I2,monza,cesena,2025-11-23,1.0,0.0
14317876,I2,sampdoria,juve stabia,2025-11-24,1.0,0.0
14317881,I2,cesena,modena,2025-11-28,1.0,0.0
14317883,I2,empoli,bari,2025-11-29,5.0,0.0
14317816,I2,pescara,padova,2025-11-29,0.0,1.0
14317815,I2,reggiana,frosinone,2025-11-29,0.0,1.0
14317822,I2,venezia,mantova,2025-11-29,3.0,0.0
14317829,I2,südtirol,us avellino 1912,2025-11-29,0.0,1.0
14317878,I2,catanzaro,virtus entella,2025-11-29,3.0,2.0
14317882,I2,palermo,carrarese,2025-11-29,5.0,0.0
14317879,I2,juve stabia,monza,2025-11-30,2.0,2.0
14317820,I2,spezia,sampdoria,2025-11-30,1.0,0.0
14317813,I2,empoli,palermo,2025-12-07,1.0,3.0
14317831,I2,sampdoria,carrarese,2025-12-07,3.0,2.0
14317830,I2,modena,catanzaro,2025-12-08,1.0,2.0
14317821,I2,frosinone,juve stabia,2025-12-08,3.0,0.0
14317824,I2,mantova,reggiana,2025-12-08,0.0,1.0
14317832,I2,monza,südtirol,2025-12-08,1.0,1.0
14317834,I2,padova,cesena,2025-12-08,1.0,1.0
14317818,I2,us avellino 1912,venezia,2025-12-08,1.0,1.0
14317811,I2,bari,pescara,2025-12-08,1.0,1.0
14317827,I2,virtus entella,spezia,2025-12-08,0.0,1.0
14317837,I2,palermo,sampdoria,2025-12-12,1.0,0.0
14317840,I2,juve stabia,empoli,2025-12-13,2.0,0.0
14317838,I2,reggiana,padova,2025-12-13,1.0,2.0
14317841,I2,spezia,modena,2025-12-13,0.0,2.0
14317843,I2,südtirol,bari,2025-12-13,0.0,0.0
14317844,I2,venezia,monza,2025-12-13,2.0,0.0
14317833,I2,catanzaro,us avellino 1912,2025-12-13,1.0,0.0
14317836,I2,cesena,mantova,2025-12-13,3.0,2.0
14317835,I2,carrarese,virtus entella,2025-12-14,3.0,1.0
14317842,I2,pescara,frosinone,2025-12-14,1.0,2.0
14317846,I2,bari,catanzaro,2025-12-19,1.0,2.0
14317845,I2,cesena,juve stabia,2025-12-20,1.0,1.0
14317847,I2,frosinone,spezia,2025-12-20,2.0,1.0
14317850,I2,modena,venezia,2025-12-20,1.0,2.0
14317681,I2,monza,carrarese,2025-12-20,4.0,1.0
14317678,I2,padova,sampdoria,2025-12-20,1.0,1.0
14317839,I2,us avellino 1912,palermo,2025-12-20,2.0,2.0
14317683,I2,pescara,reggiana,2025-12-20,2.0,1.0
14317887,I2,virtus entella,südtirol,2025-12-21,1.0,1.0
14317848,I2,mantova,empoli,2025-12-21,0.0,1.0
14317695,I2,modena,monza,2025-12-26,1.0,2.0
14317704,I2,spezia,pescara,2025-12-27,2.0,1.0
14317676,I2,carrarese,mantova,2025-12-27,0.0,0.0
14317690,I2,catanzaro,cesena,2025-12-27,2.0,0.0
14317694,I2,empoli,frosinone,2025-12-27,1.0,1.0
14317689,I2,juve stabia,südtirol,2025-12-27,1.0,0.0
14317693,I2,sampdoria,reggiana,2025-12-27,2.0,1.0
14317687,I2,venezia,virtus entella,2025-12-27,1.0,0.0
14317675,I2,palermo,padova,2025-12-27,1.0,0.0
14317688,I2,bari,us avellino 1912,2025-12-27,1.0,1.0
14317686,I2,carrarese,bari,2026-01-10,1.0,0.0
14317682,I2,frosinone,catanzaro,2026-01-10,2.0,0.0
14317713,I2,reggiana,venezia,2026-01-10,1.0,3.0
14317702,I2,südtirol,spezia,2026-01-10,2.0,1.0
14317684,I2,us avellino 1912,sampdoria,2026-01-10,2.0,1.0
14317692,I2,virtus entella,monza,2026-01-10,1.0,0.0
14317701,I2,juve stabia,pescara,2026-01-10,2.0,2.0
14317679,I2,cesena,empoli,2026-01-10,0.0,1.0
14317680,I2,mantova,palermo,2026-01-11,1.0,1.0
14317711,I2,padova,modena,2026-01-11,2.0,0.0
14317722,I2,sampdoria,virtus entella,2026-01-16,1.0,1.0
14317720,I2,empoli,südtirol,2026-01-17,0.0,1.0
14317716,I2,monza,frosinone,2026-01-17,2.0,2.0
14317718,I2,padova,mantova,2026-01-17,1.0,2.0
14317685,I2,us avellino 1912,carrarese,2026-01-17,1.0,2.0
14317880,I2,venezia,catanzaro,2026-01-17,3.0,1.0
14317721,I2,reggiana,cesena,2026-01-17,1.0,2.0
14317715,I2,bari,juve stabia,2026-01-17,0.0,1.0
14317719,I2,pescara,modena,2026-01-18,0.0,2.0
14317717,I2,palermo,spezia,2026-01-18,1.0,0.0
14317886,I2,carrarese,empoli,2026-01-23,3.0,0.0
14317884,I2,cesena,bari,2026-01-24,1.0,2.0
14317889,I2,frosinone,reggiana,2026-01-24,1.0,0.0
14317890,I2,juve stabia,virtus entella,2026-01-24,1.0,0.0
14317888,I2,mantova,venezia,2026-01-24,2.0,5.0
14317891,I2,monza,pescara,2026-01-24,3.0,0.0
14317895,I2,modena,palermo,2026-01-24,0.0,0.0
14317892,I2,spezia,us avellino 1912,2026-01-24,1.0,0.0
14317893,I2,südtirol,padova,2026-01-25,3.0,0.0
14317885,I2,catanzaro,sampdoria,2026-01-25,0.0,0.0
14317896,I2,bari,palermo,2026-01-30,0.0,3.0
14317894,I2,empoli,modena,2026-01-31,0.0,0.0
14317900,I2,südtirol,catanzaro,2026-01-31,2.0,1.0
14317897,I2,us avellino 1912,cesena,2026-01-31,3.0,1.0
14317705,I2,venezia,carrarese,2026-01-31,2.0,1.0
14317898,I2,virtus entella,frosinone,2026-01-31,1.0,1.0
14317699,I2,pescara,mantova,2026-01-31,2.0,2.0
14317697,I2,sampdoria,spezia,2026-01-31,1.0,0.0
14317700,I2,reggiana,juve stabia,2026-02-01,1.0,1.0
14317899,I2,padova,monza,2026-02-01,1.0,2.0
14317691,I2,cesena,pescara,2026-02-06,2.0,0.0
14317703,I2,carrarese,südtirol,2026-02-07,0.0,0.0
14317698,I2,catanzaro,reggiana,2026-02-07,2.0,0.0
14317696,I2,frosinone,venezia,2026-02-07,1.0,2.0
14317706,I2,juve stabia,padova,2026-02-07,3.0,3.0
14317707,I2,mantova,bari,2026-02-07,2.0,1.0
14317709,I2,modena,sampdoria,2026-02-07,1.0,2.0
14317714,I2,palermo,empoli,2026-02-07,3.0,2.0
14317710,I2,spezia,virtus entella,2026-02-07,1.0,1.0
14317708,I2,monza,us avellino 1912,2026-02-08,2.0,1.0
14317761,I2,sampdoria,palermo,2026-02-10,3.0,3.0
14317727,I2,padova,carrarese,2026-02-10,1.0,0.0
14317759,I2,pescara,catanzaro,2026-02-10,0.0,2.0
14317763,I2,reggiana,mantova,2026-02-10,1.0,0.0
14317764,I2,venezia,modena,2026-02-10,0.0,2.0
14317760,I2,virtus entella,cesena,2026-02-10,3.0,1.0
14317762,I2,südtirol,monza,2026-02-11,0.0,0.0
14317758,I2,bari,spezia,2026-02-11,0.0,0.0
14317757,I2,empoli,juve stabia,2026-02-11,1.0,2.0
14317712,I2,us avellino 1912,frosinone,2026-02-11,1.0,3.0
14317768,I2,modena,carrarese,2026-02-14,2.0,0.0
14317773,I2,palermo,virtus entella,2026-02-14,3.0,0.0
14317771,I2,sampdoria,padova,2026-02-14,1.0,0.0
14317767,I2,catanzaro,mantova,2026-02-14,2.0,0.0
14317769,I2,cesena,venezia,2026-02-14,0.0,4.0
14317766,I2,bari,südtirol,2026-02-15,1.0,2.0
14317772,I2,monza,juve stabia,2026-02-15,2.0,1.0
14317774,I2,spezia,frosinone,2026-02-15,0.0,2.0
14317770,I2,empoli,reggiana,2026-02-15,1.0,1.0
14317765,I2,us avellino 1912,pescara,2026-02-15,0.0,1.0
14317572,I2,frosinone,empoli,2026-02-20,2.0,2.0
14317558,I2,mantova,sampdoria,2026-02-21,2.0,1.0
14317563,I2,padova,bari,2026-02-21,1.0,1.0
14317553,I2,palermo,südtirol,2026-02-21,3.0,0.0
14317567,I2,venezia,pescara,2026-02-21,3.0,2.0
14317649,I2,virtus entella,catanzaro,2026-02-21,1.0,3.0
14317554,I2,cesena,spezia,2026-02-21,2.0,3.0
14317555,I2,carrarese,monza,2026-02-21,0.0,1.0
14317551,I2,juve stabia,modena,2026-02-22,1.0,2.0
14317566,I2,reggiana,us avellino 1912,2026-02-22,1.0,1.0
14317724,I2,monza,virtus entella,2026-02-27,2.0,0.0
14317735,I2,sampdoria,bari,2026-02-27,0.0,2.0
14317726,I2,empoli,cesena,2026-02-28,1.0,1.0
14317725,I2,modena,padova,2026-02-28,1.0,2.0
14317729,I2,südtirol,venezia,2026-02-28,1.0,1.0
14317730,I2,spezia,reggiana,2026-02-28,0.0,1.0
14317559,I2,us avellino 1912,juve stabia,2026-02-28,0.0,0.0
14317568,I2,catanzaro,frosinone,2026-03-01,2.0,2.0
14317732,I2,pescara,palermo,2026-03-01,2.0,1.0
14317723,I2,mantova,carrarese,2026-03-01,1.0,1.0
14317738,I2,padova,spezia,2026-03-03,2.0,2.0
14317731,I2,cesena,monza,2026-03-03,1.0,3.0
14317740,I2,reggiana,südtirol,2026-03-03,0.0,4.0
14317741,I2,venezia,us avellino 1912,2026-03-03,4.0,0.0
14317736,I2,virtus entella,modena,2026-03-03,2.0,1.0
14317728,I2,carrarese,catanzaro,2026-03-04,3.0,3.0
14317734,I2,bari,empoli,2026-03-04,2.0,1.0
14317733,I2,frosinone,pescara,2026-03-04,2.0,2.0
14317737,I2,juve stabia,sampdoria,2026-03-04,1.0,1.0
14317739,I2,palermo,mantova,2026-03-04,2.0,1.0
14317748,I2,spezia,monza,2026-03-07,4.0,2.0
14317752,I2,südtirol,virtus entella,2026-03-07,0.0,1.0
14317744,I2,us avellino 1912,padova,2026-03-07,1.0,0.0
14317751,I2,venezia,reggiana,2026-03-07,2.0,0.0
14317745,I2,modena,cesena,2026-03-07,0.0,0.0
14317743,I2,catanzaro,empoli,2026-03-08,3.0,2.0
14317746,I2,frosinone,sampdoria,2026-03-08,3.0,0.0
14317747,I2,mantova,juve stabia,2026-03-08,2.0,0.0
14317742,I2,carrarese,palermo,2026-03-08,0.0,1.0
14317749,I2,pescara,bari,2026-03-08,4.0,0.0
14317587,I2,modena,spezia,2026-03-13,3.0,0.0
14317750,I2,bari,reggiana,2026-03-14,4.0,1.0
14317753,I2,cesena,frosinone,2026-03-14,2.0,2.0
14317755,I2,empoli,mantova,2026-03-14,2.0,2.0
14317585,I2,juve stabia,carrarese,2026-03-14,1.0,1.0
14317593,I2,padova,catanzaro,2026-03-14,1.0,3.0
14317590,I2,monza,palermo,2026-03-14,3.0,0.0
14317603,I2,sampdoria,venezia,2026-03-14,0.0,0.0
14317756,I2,virtus entella,us avellino 1912,2026-03-15,1.0,2.0
14317600,I2,südtirol,pescara,2026-03-15,0.0,0.0
14317605,I2,palermo,juve stabia,2026-03-17,2.0,2.0
14317607,I2,mantova,cesena,2026-03-17,3.0,0.0
14317610,I2,reggiana,monza,2026-03-17,0.0,0.0
14317606,I2,spezia,empoli,2026-03-17,1.0,1.0
14317609,I2,venezia,padova,2026-03-17,3.0,1.0
14317602,I2,frosinone,bari,2026-03-18,2.0,1.0
14317592,I2,carrarese,sampdoria,2026-03-18,2.0,0.0
14317604,I2,pescara,virtus entella,2026-03-18,3.0,0.0
14317591,I2,us avellino 1912,südtirol,2026-03-18,3.0,2.0
15853513,I2,catanzaro,modena,2026-04-14,2.0,2.0
14317613,I2,cesena,catanzaro,2026-03-21,3.0,1.0
14317615,I2,juve stabia,spezia,2026-03-21,3.0,1.0
14317618,I2,padova,palermo,2026-03-21,0.0,1.0
14317616,I2,monza,venezia,2026-03-21,1.0,1.0
14317614,I2,modena,mantova,2026-03-21,2.0,1.0
14317608,I2,bari,carrarese,2026-03-22,0.0,3.0
14317611,I2,empoli,pescara,2026-03-22,4.0,2.0
14317621,I2,südtirol,frosinone,2026-03-22,1.0,3.0
14317617,I2,sampdoria,us avellino 1912,2026-03-22,2.0,1.0
14317612,I2,virtus entella,reggiana,2026-03-22,3.0,0.0
14317622,I2,frosinone,padova,2026-04-05,2.0,0.0
14317573,I2,palermo,us avellino 1912,2026-04-05,2.0,0.0
14317624,I2,cesena,südtirol,2026-04-06,1.0,1.0
14317619,I2,bari,modena,2026-04-06,3.0,1.0
14317623,I2,catanzaro,monza,2026-04-06,1.0,1.0
14317628,I2,mantova,virtus entella,2026-04-06,1.0,0.0
14317552,I2,reggiana,pescara,2026-04-06,1.0,3.0
14317562,I2,venezia,juve stabia,2026-04-06,3.0,1.0
14317560,I2,sampdoria,empoli,2026-04-06,1.0,0.0
14317620,I2,carrarese,spezia,2026-04-06,3.0,1.0
14317556,I2,frosinone,palermo,2026-04-10,1.0,1.0
14317577,I2,juve stabia,cesena,2026-04-11,2.0,0.0
14317571,I2,pescara,sampdoria,2026-04-11,1.0,2.0
14317575,I2,südtirol,modena,2026-04-11,1.0,1.0
14317557,I2,virtus entella,venezia,2026-04-11,1.0,1.0
14317561,I2,us avellino 1912,catanzaro,2026-04-11,1.0,1.0
14317565,I2,monza,bari,2026-04-11,2.0,0.0
14317564,I2,padova,empoli,2026-04-12,1.0,0.0
14317570,I2,spezia,mantova,2026-04-12,0.0,2.0
14317578,I2,reggiana,carrarese,2026-04-12,2.0,0.0
14317581,I2,sampdoria,monza,2026-04-17,0.0,3.0
14317569,I2,bari,venezia,2026-04-18,0.0,3.0
14317579,I2,mantova,us avellino 1912,2026-04-18,0.0,2.0
14317580,I2,modena,frosinone,2026-04-18,1.0,2.0
14317584,I2,spezia,südtirol,2026-04-18,6.0,1.0
14317589,I2,palermo,cesena,2026-04-18,2.0,0.0
14317576,I2,juve stabia,catanzaro,2026-04-18,1.0,1.0
14317588,I2,carrarese,pescara,2026-04-19,2.0,2.0
14317582,I2,padova,reggiana,2026-04-19,1.0,0.0
14317574,I2,empoli,virtus entella,2026-04-19,1.0,1.0
14317597,I2,monza,modena,2026-04-24,1.0,0.0
14317598,I2,us avellino 1912,bari,2026-04-24,2.0,0.0
14317595,I2,catanzaro,spezia,2026-04-25,4.0,2.0
14317594,I2,frosinone,carrarese,2026-04-25,3.0,0.0
14317599,I2,pescara,juve stabia,2026-04-25,1.0,1.0
14317596,I2,reggiana,palermo,2026-04-25,1.0,1.0
14317625,I2,südtirol,mantova,2026-04-25,0.0,3.0
14317586,I2,virtus entella,padova,2026-04-25,1.0,0.0
14317626,I2,venezia,empoli,2026-04-25,2.0,0.0
14317583,I2,cesena,sampdoria,2026-04-25,0.0,0.0
14317627,I2,bari,virtus entella,2026-05-01,2.0,0.0
14317629,I2,carrarese,cesena,2026-05-01,0.0,0.0
14317631,I2,empoli,us avellino 1912,2026-05-01,1.0,0.0
14317634,I2,juve stabia,frosinone,2026-05-01,0.0,1.0
14317630,I2,mantova,monza,2026-05-01,3.0,2.0
14317632,I2,modena,reggiana,2026-05-01,2.0,1.0
14317636,I2,padova,pescara,2026-05-01,1.0,0.0
14317633,I2,palermo,catanzaro,2026-05-01,3.0,2.0
14317637,I2,sampdoria,südtirol,2026-05-01,1.0,0.0
14317638,I2,spezia,venezia,2026-05-01,2.0,2.0
14317641,I2,catanzaro,bari,2026-05-08,2.0,3.0
14317640,I2,cesena,padova,2026-05-08,3.0,4.0
14317643,I2,frosinone,mantova,2026-05-08,5.0,0.0
14317646,I2,monza,empoli,2026-05-08,2.0,2.0
14317642,I2,pescara,spezia,2026-05-08,1.0,1.0
14317644,I2,reggiana,sampdoria,2026-05-08,1.0,0.0
14317648,I2,südtirol,juve stabia,2026-05-08,1.0,1.0
14317635,I2,us avellino 1912,modena,2026-05-08,1.0,0.0
14317647,I2,venezia,palermo,2026-05-08,2.0,0.0
14317639,I2,virtus entella,carrarese,2026-05-08,2.0,1.0
16607551,I2,l.r. vicenza,catanzaro,2026-08-21,3.0,2.0
16607548,I2,carrarese,mantova,2026-08-22,1.0,2.0
16607554,I2,südtirol,virtus entella,2026-08-22,1.0,0.0
16607547,I2,benevento,modena,2026-08-22,1.0,2.0
16607550,I2,empoli,cremonese,2026-08-22,1.0,0.0
16607546,I2,us avellino 1912,arezzo,2026-08-22,1.0,2.0
16607555,I2,hellas verona,ascoli,2026-08-23,1.0,2.0
16607553,I2,pisa,padova,2026-08-23,0.0,1.0
16607549,I2,cesena,sampdoria,2026-08-23,1.0,1.0
16607552,I2,palermo,juve stabia,2026-08-23,1.0,0.0
14061188,F1,stade rennais,olympique de marseille,2025-08-15,1.0,0.0
14061760,F1,rc lens,olympique lyonnais,2025-08-16,0.0,1.0
14061187,F1,as monaco,le havre,2025-08-16,3.0,1.0
14061183,F1,nice,toulouse,2025-08-16,0.0,1.0
14061179,F1,stade brestois,lille,2025-08-17,3.0,3.0
14061180,F1,angers,paris fc,2025-08-17,1.0,0.0
14061182,F1,auxerre,lorient,2025-08-17,1.0,0.0
14061192,F1,metz,rc strasbourg,2025-08-17,0.0,1.0
14061185,F1,nantes,paris saint-germain,2025-08-17,0.0,1.0
14065702,F1,paris saint-germain,angers,2025-08-22,1.0,0.0
14065703,F1,olympique de marseille,paris fc,2025-08-23,5.0,2.0
14065698,F1,nice,auxerre,2025-08-23,3.0,1.0
14065707,F1,olympique lyonnais,metz,2025-08-23,3.0,0.0
14065700,F1,lorient,stade rennais,2025-08-24,4.0,0.0
14065699,F1,le havre,rc lens,2025-08-24,1.0,2.0
14065710,F1,rc strasbourg,nantes,2025-08-24,1.0,0.0
14065701,F1,toulouse,stade brestois,2025-08-24,2.0,0.0
14065697,F1,lille,as monaco,2025-08-24,1.0,0.0
14065713,F1,rc lens,stade brestois,2025-08-29,3.0,1.0
14065716,F1,lorient,lille,2025-08-30,1.0,7.0
14065717,F1,nantes,auxerre,2025-08-30,1.0,0.0
14065705,F1,toulouse,paris saint-germain,2025-08-30,3.0,6.0
14065714,F1,angers,stade rennais,2025-08-31,1.0,1.0
14065706,F1,as monaco,rc strasbourg,2025-08-31,3.0,2.0
14065712,F1,le havre,nice,2025-08-31,3.0,1.0
14065708,F1,paris fc,metz,2025-08-31,3.0,2.0
14065715,F1,olympique lyonnais,olympique de marseille,2025-08-31,1.0,0.0
14065718,F1,olympique de marseille,lorient,2025-09-12,4.0,0.0
14065721,F1,nice,nantes,2025-09-13,1.0,0.0
14065719,F1,auxerre,as monaco,2025-09-13,1.0,2.0
14065728,F1,lille,toulouse,2025-09-14,2.0,1.0
14065723,F1,metz,angers,2025-09-14,1.0,1.0
14065720,F1,paris saint-germain,rc lens,2025-09-14,2.0,0.0
14065724,F1,rc strasbourg,le havre,2025-09-14,1.0,0.0
14065722,F1,stade brestois,paris fc,2025-09-14,1.0,2.0
14065727,F1,stade rennais,olympique lyonnais,2025-09-14,3.0,1.0
14065737,F1,olympique lyonnais,angers,2025-09-19,1.0,0.0
14065726,F1,nantes,stade rennais,2025-09-20,2.0,2.0
14065730,F1,stade brestois,nice,2025-09-20,4.0,1.0
14065725,F1,rc lens,lille,2025-09-20,3.0,0.0
14065729,F1,paris fc,rc strasbourg,2025-09-21,2.0,3.0
14065733,F1,as monaco,metz,2025-09-21,5.0,2.0
14065731,F1,auxerre,toulouse,2025-09-21,1.0,0.0
14065732,F1,le havre,lorient,2025-09-21,1.0,1.0
14065734,F1,olympique de marseille,paris saint-germain,2025-09-22,1.0,0.0
14065740,F1,rc strasbourg,olympique de marseille,2025-09-26,1.0,2.0
14167868,F1,lorient,as monaco,2025-09-27,3.0,1.0
14065736,F1,toulouse,nantes,2025-09-27,2.0,2.0
14167872,F1,paris saint-germain,auxerre,2025-09-27,2.0,0.0
14065741,F1,nice,paris fc,2025-09-28,1.0,1.0
14065738,F1,angers,stade brestois,2025-09-28,0.0,2.0
14167870,F1,lille,olympique lyonnais,2025-09-28,0.0,1.0
14065735,F1,metz,le havre,2025-09-28,0.0,0.0
14065739,F1,stade rennais,rc lens,2025-09-28,0.0,0.0
14661320,F1,paris fc,lorient,2025-10-03,2.0,0.0
14167876,F1,metz,olympique de marseille,2025-10-04,0.0,3.0
14167886,F1,stade brestois,nantes,2025-10-04,0.0,0.0
14167888,F1,auxerre,rc lens,2025-10-04,1.0,2.0
14167878,F1,olympique lyonnais,toulouse,2025-10-05,1.0,2.0
14167874,F1,as monaco,nice,2025-10-05,2.0,2.0
14167880,F1,le havre,stade rennais,2025-10-05,2.0,2.0
14167884,F1,rc strasbourg,angers,2025-10-05,5.0,0.0
14167890,F1,lille,paris saint-germain,2025-10-05,1.0,1.0
14167897,F1,paris saint-germain,rc strasbourg,2025-10-17,3.0,3.0
14167895,F1,nice,olympique lyonnais,2025-10-18,3.0,2.0
14167905,F1,angers,as monaco,2025-10-18,1.0,1.0
14167893,F1,olympique de marseille,le havre,2025-10-18,6.0,2.0
14167901,F1,rc lens,paris fc,2025-10-19,2.0,1.0
14167903,F1,lorient,stade brestois,2025-10-19,3.0,3.0
14167909,F1,stade rennais,auxerre,2025-10-19,2.0,2.0
14167899,F1,toulouse,metz,2025-10-19,4.0,0.0
14167907,F1,nantes,lille,2025-10-19,0.0,2.0
14167923,F1,paris fc,nantes,2025-10-24,1.0,2.0
14167927,F1,stade brestois,paris saint-germain,2025-10-25,0.0,3.0
14167915,F1,as monaco,toulouse,2025-10-25,1.0,0.0
14167925,F1,rc lens,olympique de marseille,2025-10-25,2.0,1.0
14167921,F1,lille,metz,2025-10-26,6.0,1.0
14167913,F1,angers,lorient,2025-10-26,2.0,0.0
14167919,F1,auxerre,le havre,2025-10-26,0.0,1.0
14167917,F1,stade rennais,nice,2025-10-26,1.0,2.0
14167911,F1,olympique lyonnais,rc strasbourg,2025-10-26,2.0,1.0
14064516,F1,le havre,stade brestois,2025-10-29,1.0,0.0
14064505,F1,lorient,paris saint-germain,2025-10-29,1.0,1.0
14064507,F1,metz,rc lens,2025-10-29,2.0,0.0
14064509,F1,nice,lille,2025-10-29,2.0,0.0
14064508,F1,nantes,as monaco,2025-10-29,3.0,5.0
14064511,F1,olympique de marseille,angers,2025-10-29,2.0,2.0
14064512,F1,paris fc,olympique lyonnais,2025-10-29,3.0,3.0
14064506,F1,rc strasbourg,auxerre,2025-10-29,3.0,0.0
14064520,F1,toulouse,stade rennais,2025-10-29,2.0,2.0
14674515,F1,paris saint-germain,nice,2025-11-01,1.0,0.0
14167945,F1,as monaco,paris fc,2025-11-01,0.0,1.0
14167947,F1,auxerre,olympique de marseille,2025-11-01,0.0,1.0
14167937,F1,stade rennais,rc strasbourg,2025-11-02,4.0,1.0
14167935,F1,lille,angers,2025-11-02,1.0,0.0
14167943,F1,nantes,metz,2025-11-02,0.0,2.0
14167939,F1,rc lens,lorient,2025-11-02,3.0,0.0
14167933,F1,toulouse,le havre,2025-11-02,0.0,0.0
14167941,F1,stade brestois,olympique lyonnais,2025-11-02,0.0,0.0
14064412,F1,paris fc,stade rennais,2025-11-07,0.0,1.0
14064403,F1,olympique de marseille,stade brestois,2025-11-08,3.0,0.0
14064402,F1,le havre,nantes,2025-11-08,1.0,1.0
14064424,F1,as monaco,rc lens,2025-11-08,1.0,4.0
14064423,F1,lorient,toulouse,2025-11-09,1.0,1.0
14064413,F1,angers,auxerre,2025-11-09,2.0,0.0
14064406,F1,metz,nice,2025-11-09,2.0,1.0
14064410,F1,rc strasbourg,lille,2025-11-09,2.0,0.0
14064421,F1,olympique lyonnais,paris saint-germain,2025-11-09,2.0,3.0
14064405,F1,nice,olympique de marseille,2025-11-21,1.0,5.0
14064414,F1,rc lens,rc strasbourg,2025-11-22,1.0,0.0
14064408,F1,stade rennais,as monaco,2025-11-22,4.0,1.0
14064416,F1,paris saint-germain,le havre,2025-11-22,3.0,0.0
14064415,F1,auxerre,olympique lyonnais,2025-11-23,0.0,0.0
14064429,F1,nantes,lorient,2025-11-23,1.0,1.0
14064411,F1,stade brestois,metz,2025-11-23,3.0,2.0
14064409,F1,toulouse,angers,2025-11-23,0.0,1.0
14064407,F1,lille,paris fc,2025-11-23,4.0,2.0
14064426,F1,metz,stade rennais,2025-11-28,0.0,1.0
14064418,F1,as monaco,paris saint-germain,2025-11-29,1.0,0.0
14064425,F1,paris fc,auxerre,2025-11-29,1.0,1.0
14064433,F1,olympique de marseille,toulouse,2025-11-29,2.0,2.0
14064420,F1,rc strasbourg,stade brestois,2025-11-30,1.0,2.0
14064430,F1,angers,rc lens,2025-11-30,1.0,2.0
14064404,F1,le havre,lille,2025-11-30,0.0,1.0
14064419,F1,lorient,nice,2025-11-30,3.0,1.0
14064428,F1,olympique lyonnais,nantes,2025-11-30,3.0,0.0
14064436,F1,stade brestois,as monaco,2025-12-05,1.0,0.0
14064427,F1,lille,olympique de marseille,2025-12-05,1.0,0.0
14064431,F1,nantes,rc lens,2025-12-06,1.0,2.0
14064434,F1,toulouse,rc strasbourg,2025-12-06,1.0,0.0
14064445,F1,paris saint-germain,stade rennais,2025-12-06,5.0,0.0
14064432,F1,nice,angers,2025-12-07,0.0,1.0
14064422,F1,auxerre,metz,2025-12-07,3.0,1.0
14064417,F1,le havre,paris fc,2025-12-07,0.0,0.0
14064435,F1,lorient,olympique lyonnais,2025-12-07,1.0,0.0
14064439,F1,angers,nantes,2025-12-12,4.0,1.0
14064440,F1,stade rennais,stade brestois,2025-12-13,3.0,1.0
14064442,F1,metz,paris saint-germain,2025-12-13,2.0,3.0
14064443,F1,paris fc,toulouse,2025-12-13,0.0,3.0
14064441,F1,olympique lyonnais,le havre,2025-12-14,1.0,0.0
14064437,F1,auxerre,lille,2025-12-14,3.0,4.0
14064446,F1,rc lens,nice,2025-12-14,2.0,0.0
14064444,F1,rc strasbourg,lorient,2025-12-14,0.0,0.0
14064438,F1,olympique de marseille,as monaco,2025-12-14,1.0,0.0
14064454,F1,toulouse,rc lens,2026-01-02,0.0,3.0
14064448,F1,as monaco,olympique lyonnais,2026-01-03,1.0,3.0
14064447,F1,nice,rc strasbourg,2026-01-03,1.0,1.0
14064449,F1,lille,stade rennais,2026-01-03,0.0,2.0
14064458,F1,olympique de marseille,nantes,2026-01-04,0.0,2.0
14064453,F1,le havre,angers,2026-01-04,2.0,1.0
14064452,F1,lorient,metz,2026-01-04,1.0,1.0
14064450,F1,stade brestois,auxerre,2026-01-04,2.0,0.0
14064451,F1,paris saint-germain,paris fc,2026-01-04,2.0,1.0
14064463,F1,as monaco,lorient,2026-01-16,1.0,3.0
14064464,F1,paris saint-germain,lille,2026-01-16,3.0,0.0
14064461,F1,rc lens,auxerre,2026-01-17,1.0,0.0
14064457,F1,toulouse,nice,2026-01-17,5.0,1.0
14064462,F1,angers,olympique de marseille,2026-01-17,2.0,5.0
14064456,F1,rc strasbourg,metz,2026-01-18,2.0,1.0
14064459,F1,nantes,paris fc,2026-01-18,1.0,2.0
14064460,F1,stade rennais,le havre,2026-01-18,1.0,1.0
14064455,F1,olympique lyonnais,stade brestois,2026-01-18,2.0,1.0
14064470,F1,auxerre,paris saint-germain,2026-01-23,0.0,1.0
14064471,F1,stade rennais,lorient,2026-01-24,0.0,2.0
14064473,F1,le havre,as monaco,2026-01-24,0.0,0.0
14064469,F1,olympique de marseille,rc lens,2026-01-24,3.0,1.0
14064474,F1,nantes,nice,2026-01-25,1.0,4.0
14064467,F1,metz,olympique lyonnais,2026-01-25,2.0,5.0
14064466,F1,paris fc,angers,2026-01-25,0.0,0.0
14064472,F1,stade brestois,toulouse,2026-01-25,0.0,2.0
14064465,F1,lille,rc strasbourg,2026-01-25,1.0,4.0
14064480,F1,rc lens,le havre,2026-01-30,1.0,0.0
14064475,F1,paris fc,olympique de marseille,2026-01-31,2.0,2.0
14064478,F1,lorient,nantes,2026-01-31,2.0,1.0
14064479,F1,as monaco,stade rennais,2026-01-31,4.0,0.0
14064468,F1,olympique lyonnais,lille,2026-02-01,1.0,0.0
14064482,F1,angers,metz,2026-02-01,1.0,0.0
14064481,F1,nice,stade brestois,2026-02-01,2.0,2.0
14064476,F1,toulouse,auxerre,2026-02-01,0.0,0.0
14064477,F1,rc strasbourg,paris saint-germain,2026-02-01,1.0,2.0
14064496,F1,metz,lille,2026-02-06,0.0,0.0
14064487,F1,rc lens,stade rennais,2026-02-07,3.0,1.0
14064488,F1,stade brestois,lorient,2026-02-07,2.0,0.0
14064486,F1,nantes,olympique lyonnais,2026-02-07,0.0,1.0
14064483,F1,nice,as monaco,2026-02-08,0.0,0.0
14064489,F1,angers,toulouse,2026-02-08,1.0,0.0
14064484,F1,auxerre,paris fc,2026-02-08,0.0,0.0
14064490,F1,le havre,rc strasbourg,2026-02-08,2.0,1.0
14064485,F1,paris saint-germain,olympique de marseille,2026-02-08,5.0,0.0
14064499,F1,stade rennais,paris saint-germain,2026-02-13,3.0,1.0
14064500,F1,as monaco,nantes,2026-02-13,3.0,1.0
14064494,F1,olympique de marseille,rc strasbourg,2026-02-14,2.0,2.0
14064498,F1,lille,stade brestois,2026-02-14,1.0,1.0
14064492,F1,paris fc,rc lens,2026-02-14,0.0,5.0
14064491,F1,le havre,toulouse,2026-02-15,2.0,1.0
14064497,F1,lorient,angers,2026-02-15,2.0,0.0
14064493,F1,metz,auxerre,2026-02-15,1.0,3.0
14064495,F1,olympique lyonnais,nice,2026-02-15,2.0,0.0
14167866,F1,stade brestois,olympique de marseille,2026-02-20,2.0,0.0
14167892,F1,rc lens,as monaco,2026-02-21,2.0,3.0
14167871,F1,toulouse,paris fc,2026-02-21,1.0,1.0
14167865,F1,paris saint-germain,metz,2026-02-21,3.0,0.0
14167875,F1,auxerre,stade rennais,2026-02-22,0.0,3.0
14167873,F1,angers,lille,2026-02-22,0.0,1.0
14167869,F1,nantes,le havre,2026-02-22,2.0,0.0
14167867,F1,nice,lorient,2026-02-22,3.0,3.0
14064501,F1,rc strasbourg,olympique lyonnais,2026-02-22,3.0,1.0
14167891,F1,rc strasbourg,rc lens,2026-02-27,1.0,1.0
14167879,F1,stade rennais,toulouse,2026-02-28,1.0,0.0
14167881,F1,as monaco,angers,2026-02-28,2.0,0.0
14167877,F1,le havre,paris saint-germain,2026-02-28,0.0,1.0
14167889,F1,paris fc,nice,2026-03-01,1.0,0.0
14167887,F1,lille,nantes,2026-03-01,1.0,0.0
14167883,F1,lorient,auxerre,2026-03-01,2.0,2.0
14167885,F1,metz,stade brestois,2026-03-01,0.0,1.0
14167894,F1,olympique de marseille,olympique lyonnais,2026-03-01,3.0,2.0
14167912,F1,paris saint-germain,as monaco,2026-03-06,1.0,3.0
14167910,F1,nantes,angers,2026-03-07,0.0,1.0
14167908,F1,auxerre,rc strasbourg,2026-03-07,0.0,0.0
14167896,F1,toulouse,olympique de marseille,2026-03-07,0.0,1.0
14167904,F1,rc lens,metz,2026-03-08,3.0,0.0
14167906,F1,lille,lorient,2026-03-08,1.0,1.0
14167900,F1,nice,stade rennais,2026-03-08,0.0,4.0
14167898,F1,stade brestois,le havre,2026-03-08,2.0,0.0
14167902,F1,olympique lyonnais,paris fc,2026-03-08,1.0,1.0
14167929,F1,olympique de marseille,auxerre,2026-03-13,1.0,0.0
14167916,F1,lorient,rc lens,2026-03-14,2.0,1.0
14167926,F1,angers,nice,2026-03-14,0.0,2.0
14167928,F1,as monaco,stade brestois,2026-03-14,2.0,0.0
14167920,F1,rc strasbourg,paris fc,2026-03-15,0.0,0.0
14167918,F1,le havre,olympique lyonnais,2026-03-15,0.0,0.0
14167922,F1,metz,toulouse,2026-03-15,3.0,4.0
14167924,F1,stade rennais,lille,2026-03-15,1.0,2.0
14167914,F1,paris saint-germain,nantes,2026-04-22,3.0,0.0
14167938,F1,rc lens,angers,2026-03-20,5.0,1.0
14167942,F1,toulouse,lorient,2026-03-21,1.0,0.0
14167932,F1,auxerre,stade brestois,2026-03-21,3.0,0.0
14167944,F1,nice,paris saint-germain,2026-03-21,0.0,4.0
14167930,F1,olympique lyonnais,as monaco,2026-03-22,1.0,2.0
14167946,F1,olympique de marseille,lille,2026-03-22,1.0,2.0
14167940,F1,paris fc,le havre,2026-03-22,3.0,2.0
14167934,F1,stade rennais,metz,2026-03-22,0.0,0.0
14167936,F1,nantes,rc strasbourg,2026-03-22,2.0,3.0
14167955,F1,paris saint-germain,toulouse,2026-04-03,3.0,1.0
14167956,F1,rc strasbourg,nice,2026-04-04,3.0,1.0
14167949,F1,stade brestois,stade rennais,2026-04-04,3.0,4.0
14167954,F1,lille,rc lens,2026-04-04,3.0,0.0
14167950,F1,angers,olympique lyonnais,2026-04-05,0.0,0.0
14167952,F1,le havre,auxerre,2026-04-05,1.0,1.0
14167953,F1,lorient,paris fc,2026-04-05,1.0,1.0
14689441,F1,metz,nantes,2026-04-05,0.0,0.0
14167948,F1,as monaco,olympique de marseille,2026-04-05,2.0,1.0
14167962,F1,paris fc,as monaco,2026-04-10,4.0,1.0
14167957,F1,olympique de marseille,metz,2026-04-10,3.0,1.0
14167964,F1,auxerre,nantes,2026-04-11,0.0,0.0
14167959,F1,stade rennais,angers,2026-04-11,2.0,1.0
14167960,F1,nice,le havre,2026-04-12,1.0,1.0
14167963,F1,toulouse,lille,2026-04-12,0.0,4.0
14167958,F1,olympique lyonnais,lorient,2026-04-12,2.0,0.0
15889322,F1,stade brestois,rc strasbourg,2026-05-13,1.0,2.0
15889331,F1,rc lens,paris saint-germain,2026-05-13,0.0,2.0
14167969,F1,rc lens,toulouse,2026-04-17,3.0,2.0
14167966,F1,lorient,olympique de marseille,2026-04-18,2.0,0.0
14167970,F1,angers,le havre,2026-04-18,1.0,1.0
14167973,F1,lille,nice,2026-04-18,0.0,0.0
14167971,F1,as monaco,auxerre,2026-04-19,2.0,2.0
14167968,F1,metz,paris fc,2026-04-19,1.0,3.0
14167972,F1,nantes,stade brestois,2026-04-19,1.0,1.0
14167967,F1,rc strasbourg,stade rennais,2026-04-19,0.0,3.0
14167974,F1,paris saint-germain,olympique lyonnais,2026-04-19,1.0,2.0
14167982,F1,stade brestois,rc lens,2026-04-24,3.0,3.0
14167980,F1,olympique lyonnais,auxerre,2026-04-25,3.0,2.0
14167976,F1,angers,paris saint-germain,2026-04-25,0.0,3.0
14167981,F1,toulouse,as monaco,2026-04-25,2.0,2.0
14167979,F1,lorient,rc strasbourg,2026-04-26,2.0,3.0
14167977,F1,le havre,metz,2026-04-26,4.0,4.0
14167978,F1,paris fc,lille,2026-04-26,0.0,1.0
14167975,F1,stade rennais,nantes,2026-04-26,2.0,1.0
14167983,F1,olympique de marseille,nice,2026-04-26,1.0,1.0
14167985,F1,nantes,olympique de marseille,2026-05-02,3.0,0.0
14167984,F1,paris saint-germain,lorient,2026-05-02,2.0,2.0
14167986,F1,metz,as monaco,2026-05-02,1.0,2.0
14167992,F1,nice,rc lens,2026-05-02,1.0,1.0
14167987,F1,lille,le havre,2026-05-03,1.0,1.0
14167991,F1,auxerre,angers,2026-05-03,3.0,1.0
14167990,F1,paris fc,stade brestois,2026-05-03,4.0,0.0
14167988,F1,rc strasbourg,toulouse,2026-05-03,1.0,2.0
14167989,F1,olympique lyonnais,stade rennais,2026-05-03,4.0,2.0
14064514,F1,rc lens,nantes,2026-05-08,1.0,0.0
14064521,F1,as monaco,lille,2026-05-10,0.0,1.0
14064518,F1,angers,rc strasbourg,2026-05-10,1.0,1.0
14064519,F1,auxerre,nice,2026-05-10,2.0,1.0
14064504,F1,le havre,olympique de marseille,2026-05-10,0.0,1.0
14064517,F1,metz,lorient,2026-05-10,0.0,4.0
14064510,F1,paris saint-germain,stade brestois,2026-05-10,1.0,0.0
14064513,F1,stade rennais,paris fc,2026-05-10,2.0,1.0
14064515,F1,toulouse,olympique lyonnais,2026-05-10,2.0,1.0
14061906,F1,lille,auxerre,2026-05-17,0.0,2.0
14061904,F1,lorient,le havre,2026-05-17,0.0,2.0
14061909,F1,nice,metz,2026-05-17,0.0,0.0
14061911,F1,olympique lyonnais,rc lens,2026-05-17,0.0,4.0
14061907,F1,olympique de marseille,stade rennais,2026-05-17,3.0,1.0
14061910,F1,paris fc,paris saint-germain,2026-05-17,2.0,1.0
14061905,F1,rc strasbourg,as monaco,2026-05-17,5.0,4.0
14061908,F1,stade brestois,angers,2026-05-17,1.0,1.0
16310922,F1,olympique de marseille,rc strasbourg,2026-08-21,4.0,0.0
16310921,F1,rc lens,auxerre,2026-08-22,5.0,2.0
16310920,F1,le mans,stade brestois,2026-08-22,2.0,2.0
16310923,F1,nice,lorient,2026-08-22,0.0,0.0
16310926,F1,toulouse,olympique lyonnais,2026-08-22,0.0,2.0
16310927,F1,troyes,paris fc,2026-08-22,0.0,0.0
16310918,F1,angers,lille,2026-08-23,0.0,2.0
16310919,F1,le havre,as monaco,2026-08-23,0.0,1.0
16311125,F1,stade rennais,paris saint-germain,2026-08-23,2.0,2.0
14053578,N1,fortuna sittard,go ahead eagles,2025-08-08,2.0,2.0
14053579,N1,nec nijmegen,excelsior,2025-08-09,5.0,0.0
14053580,N1,feyenoord,nac breda,2025-08-09,2.0,0.0
14053581,N1,sc heerenveen,fc volendam,2025-08-09,1.0,1.0
14053583,N1,psv eindhoven,sparta rotterdam,2025-08-09,6.0,1.0
14053584,N1,pec zwolle,fc twente,2025-08-10,1.0,0.0
14053587,N1,afc ajax,sc telstar,2025-08-10,2.0,0.0
14053585,N1,az alkmaar,fc groningen,2025-08-10,4.0,1.0
14053590,N1,fc utrecht,heracles almelo,2025-08-10,4.0,0.0
14053592,N1,sc telstar,pec zwolle,2025-08-15,0.0,2.0
14053594,N1,excelsior,feyenoord,2025-08-16,1.0,2.0
14046019,N1,heracles almelo,nec nijmegen,2025-08-16,1.0,4.0
14046020,N1,fc groningen,sc heerenveen,2025-08-16,2.0,1.0
14053598,N1,go ahead eagles,afc ajax,2025-08-17,2.0,2.0
14053603,N1,fc twente,psv eindhoven,2025-08-17,0.0,2.0
14053601,N1,sparta rotterdam,fc utrecht,2025-08-17,2.0,1.0
14053606,N1,fc volendam,az alkmaar,2025-08-17,2.0,2.0
14053609,N1,nac breda,fortuna sittard,2025-08-17,2.0,1.0
14053612,N1,go ahead eagles,sparta rotterdam,2025-08-23,0.0,3.0
14053615,N1,psv eindhoven,fc groningen,2025-08-23,4.0,2.0
14053618,N1,sc telstar,fc volendam,2025-08-23,2.0,2.0
14053621,N1,sc heerenveen,fc twente,2025-08-24,1.0,2.0
14053626,N1,fc utrecht,excelsior,2025-08-24,4.0,1.0
14053629,N1,nec nijmegen,nac breda,2025-08-24,3.0,0.0
14053632,N1,afc ajax,heracles almelo,2025-08-24,2.0,0.0
14053685,N1,feyenoord,fortuna sittard,2025-09-17,2.0,0.0
14468218,N1,az alkmaar,pec zwolle,2025-09-24,2.0,2.0
14053634,N1,fc groningen,heracles almelo,2025-08-29,4.0,0.0
14053637,N1,fc volendam,afc ajax,2025-08-30,1.0,1.0
14053640,N1,sc heerenveen,go ahead eagles,2025-08-30,2.0,2.0
14053643,N1,psv eindhoven,sc telstar,2025-08-30,0.0,2.0
14053646,N1,excelsior,fc twente,2025-08-30,1.0,0.0
14053648,N1,fortuna sittard,nec nijmegen,2025-08-31,3.0,2.0
14053654,N1,pec zwolle,fc utrecht,2025-08-31,0.0,2.0
14053651,N1,sparta rotterdam,feyenoord,2025-08-31,0.0,4.0
14053657,N1,nac breda,az alkmaar,2025-08-31,0.0,1.0
14053660,N1,afc ajax,pec zwolle,2025-09-13,3.0,1.0
14053662,N1,nec nijmegen,psv eindhoven,2025-09-13,3.0,5.0
14053665,N1,go ahead eagles,fc volendam,2025-09-13,3.0,0.0
14053668,N1,fc twente,nac breda,2025-09-13,2.0,2.0
14053671,N1,feyenoord,sc heerenveen,2025-09-13,1.0,0.0
14053674,N1,excelsior,sparta rotterdam,2025-09-14,0.0,1.0
14053677,N1,fc utrecht,fc groningen,2025-09-14,0.0,1.0
14053679,N1,heracles almelo,az alkmaar,2025-09-14,1.0,2.0
14053682,N1,sc telstar,fortuna sittard,2025-09-14,1.0,3.0
14053688,N1,sparta rotterdam,fc twente,2025-09-19,1.0,5.0
14053690,N1,fc volendam,excelsior,2025-09-20,1.0,2.0
14053693,N1,fc groningen,sc telstar,2025-09-20,2.0,0.0
14053696,N1,fortuna sittard,fc utrecht,2025-09-20,1.0,0.0
14053699,N1,nac breda,heracles almelo,2025-09-20,2.0,1.0
14053702,N1,pec zwolle,go ahead eagles,2025-09-21,0.0,2.0
14053705,N1,psv eindhoven,afc ajax,2025-09-21,2.0,2.0
14053707,N1,sc heerenveen,nec nijmegen,2025-09-21,3.0,2.0
14053710,N1,az alkmaar,feyenoord,2025-09-21,3.0,3.0
14053713,N1,fc twente,fortuna sittard,2025-09-26,3.0,2.0
14053718,N1,afc ajax,nac breda,2025-09-27,2.0,1.0
14053721,N1,fc volendam,pec zwolle,2025-09-27,2.0,1.0
14053724,N1,excelsior,psv eindhoven,2025-09-27,1.0,2.0
14053730,N1,heracles almelo,sparta rotterdam,2025-09-27,3.0,0.0
14053727,N1,nec nijmegen,az alkmaar,2025-09-28,2.0,1.0
14053715,N1,fc groningen,feyenoord,2025-09-28,0.0,1.0
14053733,N1,fc utrecht,sc heerenveen,2025-09-28,2.0,2.0
14053735,N1,sc telstar,go ahead eagles,2025-09-28,4.0,2.0
14053737,N1,nac breda,fc groningen,2025-10-03,1.0,2.0
14053740,N1,sparta rotterdam,afc ajax,2025-10-04,3.0,3.0
14053743,N1,fortuna sittard,fc volendam,2025-10-04,1.0,0.0
14053746,N1,pec zwolle,psv eindhoven,2025-10-04,0.0,4.0
14053749,N1,sc heerenveen,excelsior,2025-10-04,2.0,1.0
14053752,N1,fc twente,heracles almelo,2025-10-05,2.0,1.0
14053755,N1,feyenoord,fc utrecht,2025-10-05,3.0,2.0
14053757,N1,az alkmaar,sc telstar,2025-10-05,2.0,1.0
14053760,N1,go ahead eagles,nec nijmegen,2025-10-05,1.0,1.0
14053780,N1,nec nijmegen,fc twente,2025-10-18,3.0,3.0
14053768,N1,fc utrecht,fc volendam,2025-10-18,3.0,1.0
14053765,N1,psv eindhoven,go ahead eagles,2025-10-18,2.0,1.0
14053771,N1,afc ajax,az alkmaar,2025-10-18,0.0,2.0
14053773,N1,nac breda,pec zwolle,2025-10-18,2.0,2.0
14046018,N1,sc telstar,sc heerenveen,2025-10-19,2.0,3.0
14053777,N1,excelsior,fortuna sittard,2025-10-19,1.0,0.0
14046017,N1,fc groningen,sparta rotterdam,2025-10-19,0.0,2.0
14053762,N1,heracles almelo,feyenoord,2025-10-19,0.0,7.0
14053783,N1,sc heerenveen,nac breda,2025-10-24,3.0,3.0
14053786,N1,fortuna sittard,fc groningen,2025-10-25,1.0,2.0
14053791,N1,sparta rotterdam,sc telstar,2025-10-25,1.0,0.0
14053788,N1,fc volendam,heracles almelo,2025-10-25,3.0,0.0
14053794,N1,pec zwolle,nec nijmegen,2025-10-25,2.0,2.0
14053797,N1,fc twente,afc ajax,2025-10-26,2.0,3.0
14053803,N1,feyenoord,psv eindhoven,2025-10-26,2.0,3.0
14053805,N1,az alkmaar,fc utrecht,2025-10-26,4.0,1.0
14053800,N1,go ahead eagles,excelsior,2025-10-26,2.0,0.0
14053808,N1,psv eindhoven,fortuna sittard,2025-10-31,5.0,2.0
14053816,N1,afc ajax,sc heerenveen,2025-11-01,1.0,1.0
14053812,N1,nac breda,go ahead eagles,2025-11-01,1.0,0.0
14053810,N1,feyenoord,fc volendam,2025-11-01,3.0,1.0
14053814,N1,sc telstar,excelsior,2025-11-01,2.0,2.0
14053818,N1,heracles almelo,pec zwolle,2025-11-02,8.0,2.0
14053820,N1,fc groningen,fc twente,2025-11-02,1.0,1.0
14053821,N1,sparta rotterdam,az alkmaar,2025-11-02,0.0,1.0
14053823,N1,fc utrecht,nec nijmegen,2025-11-02,1.0,0.0
14053825,N1,fc twente,sc telstar,2025-11-07,0.0,0.0
14053582,N1,excelsior,heracles almelo,2025-11-08,1.0,2.0
14053586,N1,fc volendam,nac breda,2025-11-08,2.0,1.0
14053588,N1,fortuna sittard,sc heerenveen,2025-11-08,2.0,0.0
14053591,N1,pec zwolle,sparta rotterdam,2025-11-08,1.0,0.0
14053593,N1,fc utrecht,afc ajax,2025-11-09,2.0,1.0
14053599,N1,nec nijmegen,fc groningen,2025-11-09,2.0,0.0
14053596,N1,az alkmaar,psv eindhoven,2025-11-09,1.0,5.0
14053602,N1,go ahead eagles,feyenoord,2025-11-09,2.0,1.0
14053630,N1,nac breda,psv eindhoven,2025-11-22,0.0,1.0
14053605,N1,afc ajax,excelsior,2025-11-22,1.0,2.0
14053627,N1,fc volendam,fc twente,2025-11-22,1.0,1.0
14053617,N1,heracles almelo,go ahead eagles,2025-11-22,4.0,2.0
14053620,N1,sparta rotterdam,fortuna sittard,2025-11-22,1.0,1.0
14053614,N1,sc heerenveen,az alkmaar,2025-11-23,3.0,1.0
14053608,N1,feyenoord,nec nijmegen,2025-11-23,2.0,4.0
14053624,N1,sc telstar,fc utrecht,2025-11-23,1.0,1.0
14053611,N1,fc groningen,pec zwolle,2025-11-23,2.0,2.0
14053658,N1,pec zwolle,sc heerenveen,2025-11-28,2.0,1.0
14053633,N1,excelsior,nac breda,2025-11-29,1.0,0.0
14053652,N1,fortuna sittard,heracles almelo,2025-11-29,1.0,1.0
14053645,N1,nec nijmegen,sparta rotterdam,2025-11-29,3.0,1.0
14053639,N1,psv eindhoven,fc volendam,2025-11-30,3.0,0.0
14053655,N1,go ahead eagles,fc utrecht,2025-11-30,2.0,2.0
14053649,N1,sc telstar,feyenoord,2025-11-30,1.0,2.0
14053636,N1,fc twente,az alkmaar,2025-11-30,1.0,0.0
14053642,N1,afc ajax,fc groningen,2025-12-02,2.0,0.0
14053661,N1,excelsior,fc groningen,2025-12-05,0.0,2.0
14053670,N1,sc heerenveen,psv eindhoven,2025-12-06,0.0,2.0
14053680,N1,fortuna sittard,afc ajax,2025-12-06,1.0,3.0
14053686,N1,heracles almelo,sc telstar,2025-12-06,1.0,1.0
14053664,N1,feyenoord,pec zwolle,2025-12-06,6.0,1.0
14053676,N1,fc utrecht,fc twente,2025-12-07,1.0,1.0
14053667,N1,az alkmaar,go ahead eagles,2025-12-07,2.0,2.0
14053683,N1,fc volendam,nec nijmegen,2025-12-07,2.0,3.0
14053673,N1,sparta rotterdam,nac breda,2025-12-07,1.0,0.0
14053698,N1,sc telstar,nec nijmegen,2025-12-13,2.0,2.0
14053701,N1,fc groningen,fc volendam,2025-12-13,3.0,0.0
14053714,N1,psv eindhoven,heracles almelo,2025-12-13,4.0,3.0
14053695,N1,pec zwolle,fortuna sittard,2025-12-13,1.0,0.0
14053704,N1,sparta rotterdam,sc heerenveen,2025-12-14,0.0,3.0
14053692,N1,afc ajax,feyenoord,2025-12-14,2.0,0.0
14053708,N1,fc twente,go ahead eagles,2025-12-14,2.0,0.0
14053711,N1,nac breda,fc utrecht,2025-12-14,1.0,1.0
15269642,N1,az alkmaar,excelsior,2026-01-21,1.0,1.0
14053723,N1,heracles almelo,sc heerenveen,2025-12-20,0.0,3.0
14053717,N1,excelsior,pec zwolle,2025-12-20,2.0,1.0
14053726,N1,nec nijmegen,afc ajax,2025-12-20,2.0,2.0
14053729,N1,nac breda,sc telstar,2025-12-20,0.0,1.0
14053742,N1,fc utrecht,psv eindhoven,2025-12-21,1.0,2.0
14053736,N1,feyenoord,fc twente,2025-12-21,1.0,1.0
14053739,N1,go ahead eagles,fc groningen,2025-12-21,1.0,1.0
14053732,N1,fc volendam,sparta rotterdam,2025-12-21,0.0,1.0
14053720,N1,fortuna sittard,az alkmaar,2025-12-21,4.0,3.0
14053759,N1,az alkmaar,fc volendam,2026-01-10,1.0,0.0
14053763,N1,fc twente,pec zwolle,2026-01-10,1.0,1.0
14053745,N1,psv eindhoven,excelsior,2026-01-10,5.0,1.0
14053766,N1,fc groningen,nac breda,2026-01-10,0.0,0.0
14053769,N1,sc heerenveen,feyenoord,2026-01-11,2.0,2.0
14053756,N1,go ahead eagles,fortuna sittard,2026-01-11,2.0,2.0
14053750,N1,sc telstar,afc ajax,2026-01-11,2.0,3.0
14053747,N1,sparta rotterdam,heracles almelo,2026-01-11,2.0,0.0
15390794,N1,nec nijmegen,fc utrecht,2026-02-11,1.0,3.0
14053793,N1,afc ajax,go ahead eagles,2026-01-17,2.0,2.0
14053784,N1,pec zwolle,az alkmaar,2026-01-17,3.0,1.0
14053772,N1,excelsior,sc telstar,2026-01-17,2.0,2.0
14053775,N1,fortuna sittard,psv eindhoven,2026-01-17,1.0,2.0
14053796,N1,nac breda,nec nijmegen,2026-01-17,3.0,4.0
14053790,N1,sc heerenveen,fc groningen,2026-01-18,0.0,2.0
14053778,N1,fc volendam,fc utrecht,2026-01-18,2.0,1.0
14053781,N1,heracles almelo,fc twente,2026-01-18,0.0,2.0
14053787,N1,feyenoord,sparta rotterdam,2026-01-18,3.0,4.0
14053811,N1,afc ajax,fc volendam,2026-01-24,2.0,0.0
14053806,N1,nec nijmegen,pec zwolle,2026-01-24,2.0,1.0
14053802,N1,psv eindhoven,nac breda,2026-01-24,2.0,2.0
14053799,N1,fc twente,excelsior,2026-01-24,0.0,0.0
14053809,N1,sc telstar,az alkmaar,2026-01-25,0.0,1.0
14053819,N1,fc groningen,fortuna sittard,2026-01-25,1.0,2.0
14053817,N1,fc utrecht,sparta rotterdam,2026-01-25,0.0,1.0
14053815,N1,feyenoord,heracles almelo,2026-01-25,4.0,2.0
15294982,N1,go ahead eagles,sc heerenveen,2026-02-11,1.0,3.0
14053829,N1,nac breda,fc twente,2026-01-30,2.0,2.0
14053828,N1,az alkmaar,nec nijmegen,2026-01-31,1.0,3.0
14053830,N1,pec zwolle,sc telstar,2026-01-31,4.0,1.0
14053827,N1,sparta rotterdam,fc groningen,2026-01-31,2.0,0.0
14053822,N1,excelsior,afc ajax,2026-02-01,2.0,2.0
14053824,N1,heracles almelo,fortuna sittard,2026-02-01,2.0,1.0
14053832,N1,psv eindhoven,feyenoord,2026-02-01,3.0,0.0
14053826,N1,sc heerenveen,fc utrecht,2026-02-01,1.0,1.0
14053831,N1,fc volendam,go ahead eagles,2026-02-01,1.0,1.0
14053833,N1,nac breda,excelsior,2026-02-06,0.0,2.0
14053840,N1,nec nijmegen,heracles almelo,2026-02-07,4.0,1.0
14053838,N1,pec zwolle,fc volendam,2026-02-07,1.0,2.0
14053834,N1,fc twente,sc heerenveen,2026-02-07,5.0,0.0
14053841,N1,fortuna sittard,sparta rotterdam,2026-02-07,2.0,2.0
14053837,N1,fc utrecht,feyenoord,2026-02-08,0.0,1.0
14053836,N1,az alkmaar,afc ajax,2026-02-08,1.0,1.0
14053835,N1,go ahead eagles,sc telstar,2026-02-08,1.0,1.0
14053839,N1,fc groningen,psv eindhoven,2026-02-08,1.0,2.0
14053604,N1,fc volendam,psv eindhoven,2026-02-13,2.0,1.0
14053597,N1,heracles almelo,nac breda,2026-02-14,0.0,1.0
14053842,N1,excelsior,az alkmaar,2026-02-14,1.0,2.0
14053843,N1,afc ajax,fortuna sittard,2026-02-14,4.0,1.0
14053600,N1,fc groningen,fc utrecht,2026-02-14,1.0,2.0
14053607,N1,feyenoord,go ahead eagles,2026-02-15,1.0,0.0
14053610,N1,sc heerenveen,pec zwolle,2026-02-15,4.0,2.0
14053595,N1,sc telstar,fc twente,2026-02-15,1.0,1.0
14053589,N1,sparta rotterdam,nec nijmegen,2026-02-17,1.0,1.0
14053613,N1,fortuna sittard,excelsior,2026-02-20,2.0,1.0
14053638,N1,psv eindhoven,sc heerenveen,2026-02-21,3.0,1.0
14053631,N1,nac breda,fc volendam,2026-02-21,1.0,0.0
14053625,N1,afc ajax,nec nijmegen,2026-02-21,1.0,1.0
14053616,N1,fc twente,fc groningen,2026-02-22,2.0,1.0
14053635,N1,fc utrecht,pec zwolle,2026-02-22,1.0,1.0
14053628,N1,go ahead eagles,heracles almelo,2026-02-22,4.0,0.0
14053622,N1,az alkmaar,sparta rotterdam,2026-02-22,3.0,1.0
14053619,N1,feyenoord,sc telstar,2026-02-22,2.0,1.0
14053656,N1,sc telstar,nac breda,2026-02-27,3.0,0.0
14053659,N1,sc heerenveen,sparta rotterdam,2026-02-28,2.0,1.0
14053644,N1,heracles almelo,psv eindhoven,2026-02-28,1.0,3.0
14053653,N1,nec nijmegen,fortuna sittard,2026-02-28,2.0,3.0
14053650,N1,pec zwolle,afc ajax,2026-03-01,0.0,0.0
14053666,N1,fc twente,feyenoord,2026-03-01,2.0,0.0
14053663,N1,fc volendam,fc groningen,2026-03-01,3.0,2.0
14053647,N1,fc utrecht,az alkmaar,2026-03-01,2.0,0.0
14053641,N1,excelsior,go ahead eagles,2026-03-01,0.0,1.0
14053687,N1,heracles almelo,fc utrecht,2026-03-06,0.0,0.0
14053678,N1,fc groningen,afc ajax,2026-03-07,3.0,1.0
14053691,N1,psv eindhoven,az alkmaar,2026-03-07,2.0,1.0
14053669,N1,excelsior,sc heerenveen,2026-03-07,1.0,2.0
14053681,N1,sparta rotterdam,pec zwolle,2026-03-08,1.0,1.0
14053694,N1,fortuna sittard,sc telstar,2026-03-08,1.0,4.0
14053675,N1,go ahead eagles,fc twente,2026-03-08,1.0,4.0
14053684,N1,nac breda,feyenoord,2026-03-08,3.0,3.0
14053672,N1,nec nijmegen,fc volendam,2026-03-08,3.0,0.0
14053719,N1,pec zwolle,fc groningen,2026-03-13,1.0,1.0
14053703,N1,fc volendam,fortuna sittard,2026-03-14,1.0,2.0
14053716,N1,psv eindhoven,nec nijmegen,2026-03-14,2.0,3.0
14053722,N1,sc heerenveen,sc telstar,2026-03-14,3.0,0.0
14053706,N1,afc ajax,sparta rotterdam,2026-03-14,4.0,0.0
14053709,N1,fc twente,fc utrecht,2026-03-15,0.0,2.0
14053700,N1,az alkmaar,heracles almelo,2026-03-15,4.0,0.0
14053697,N1,feyenoord,excelsior,2026-03-15,2.0,1.0
14053712,N1,go ahead eagles,nac breda,2026-03-15,6.0,0.0
14053725,N1,heracles almelo,excelsior,2026-03-20,1.0,1.0
14053741,N1,fortuna sittard,fc twente,2026-03-21,1.0,2.0
14053744,N1,sparta rotterdam,fc volendam,2026-03-21,2.0,0.0
14053728,N1,pec zwolle,nac breda,2026-03-21,2.0,1.0
14053748,N1,nec nijmegen,sc heerenveen,2026-03-22,2.0,2.0
14053734,N1,fc utrecht,go ahead eagles,2026-03-22,2.0,0.0
14053738,N1,feyenoord,afc ajax,2026-03-22,1.0,1.0
14053731,N1,fc groningen,az alkmaar,2026-03-22,3.0,0.0
14053751,N1,sc telstar,psv eindhoven,2026-03-22,3.0,1.0
14053764,N1,psv eindhoven,fc utrecht,2026-04-04,4.0,3.0
14053770,N1,sc telstar,fc groningen,2026-04-04,0.0,2.0
14053758,N1,az alkmaar,fortuna sittard,2026-04-04,2.0,0.0
14053779,N1,afc ajax,fc twente,2026-04-04,1.0,2.0
14053754,N1,excelsior,nec nijmegen,2026-04-04,0.0,2.0
14053774,N1,go ahead eagles,pec zwolle,2026-04-05,5.0,0.0
14053767,N1,fc volendam,feyenoord,2026-04-05,0.0,0.0
14053761,N1,sc heerenveen,heracles almelo,2026-04-05,4.0,1.0
14053776,N1,nac breda,sparta rotterdam,2026-04-05,0.0,0.0
14053807,N1,fc twente,fc volendam,2026-04-10,2.0,1.0
14053795,N1,fc utrecht,sc telstar,2026-04-11,4.0,1.0
14053789,N1,sparta rotterdam,psv eindhoven,2026-04-11,0.0,2.0
14053792,N1,fc groningen,go ahead eagles,2026-04-11,0.0,0.0
14053785,N1,heracles almelo,afc ajax,2026-04-11,0.0,3.0
14053798,N1,fortuna sittard,nac breda,2026-04-12,1.0,1.0
14053801,N1,nec nijmegen,feyenoord,2026-04-12,1.0,1.0
14053782,N1,pec zwolle,excelsior,2026-04-12,2.0,2.0
14053804,N1,az alkmaar,sc heerenveen,2026-04-12,3.0,0.0
14028536,N1,sc telstar,sparta rotterdam,2026-04-22,4.0,1.0
14028543,N1,go ahead eagles,az alkmaar,2026-04-23,0.0,0.0
14028551,N1,psv eindhoven,pec zwolle,2026-04-23,6.0,1.0
14028532,N1,feyenoord,fc groningen,2026-04-25,3.0,1.0
14028542,N1,sc heerenveen,fortuna sittard,2026-04-25,2.0,1.0
14028527,N1,nac breda,afc ajax,2026-04-25,0.0,2.0
14028538,N1,fc twente,nec nijmegen,2026-04-25,1.0,1.0
14028547,N1,excelsior,fc utrecht,2026-04-26,5.0,0.0
14028535,N1,heracles almelo,fc volendam,2026-04-26,0.0,2.0
14028549,N1,fc utrecht,nac breda,2026-05-02,2.0,0.0
14028540,N1,fc groningen,excelsior,2026-05-02,2.0,3.0
14028539,N1,afc ajax,psv eindhoven,2026-05-02,2.0,2.0
14028537,N1,nec nijmegen,sc telstar,2026-05-02,1.0,1.0
14028552,N1,fc volendam,sc heerenveen,2026-05-03,0.0,2.0
14028545,N1,fortuna sittard,feyenoord,2026-05-03,1.0,2.0
14028553,N1,pec zwolle,heracles almelo,2026-05-03,1.0,0.0
14028550,N1,az alkmaar,fc twente,2026-05-03,2.0,2.0
14028541,N1,sparta rotterdam,go ahead eagles,2026-05-03,2.0,2.0
14028534,N1,afc ajax,fc utrecht,2026-05-10,1.0,2.0
14028546,N1,excelsior,fc volendam,2026-05-10,1.0,1.0
14028544,N1,fc groningen,nec nijmegen,2026-05-10,2.0,1.0
14028554,N1,fc twente,sparta rotterdam,2026-05-10,4.0,0.0
14028558,N1,feyenoord,az alkmaar,2026-05-10,1.0,1.0
14028533,N1,fortuna sittard,pec zwolle,2026-05-10,3.0,2.0
14028548,N1,go ahead eagles,psv eindhoven,2026-05-10,1.0,4.0
14028556,N1,sc telstar,heracles almelo,2026-05-10,3.0,0.0
14028555,N1,nac breda,sc heerenveen,2026-05-11,2.0,0.0
14028526,N1,az alkmaar,nac breda,2026-05-17,3.0,3.0
14028528,N1,fc utrecht,fortuna sittard,2026-05-17,2.0,0.0
14028531,N1,fc volendam,sc telstar,2026-05-17,1.0,2.0
14028559,N1,heracles almelo,fc groningen,2026-05-17,1.0,2.0
14028561,N1,nec nijmegen,go ahead eagles,2026-05-17,2.0,1.0
14028529,N1,pec zwolle,feyenoord,2026-05-17,0.0,2.0
14028530,N1,psv eindhoven,fc twente,2026-05-17,5.0,1.0
14028525,N1,sc heerenveen,afc ajax,2026-05-17,0.0,0.0
14028557,N1,sparta rotterdam,excelsior,2026-05-17,2.0,3.0
16316793,N1,sc cambuur,excelsior,2026-08-07,0.0,4.0
16316776,N1,nec nijmegen,sc telstar,2026-08-08,1.0,2.0
16316772,N1,go ahead eagles,willem ii tilburg,2026-08-08,4.0,1.0
16316792,N1,psv eindhoven,fortuna sittard,2026-08-08,2.0,2.0
16316784,N1,az alkmaar,ado den haag,2026-08-08,2.0,0.0
16316764,N1,sparta rotterdam,feyenoord,2026-08-09,0.0,1.0
16316779,N1,fc groningen,fc utrecht,2026-08-09,2.0,1.0
16316782,N1,pec zwolle,afc ajax,2026-08-09,0.0,2.0
16316767,N1,sc heerenveen,fc twente,2026-08-09,1.0,0.0
16316787,N1,sc telstar,sparta rotterdam,2026-08-14,1.0,3.0
16316769,N1,willem ii tilburg,nec nijmegen,2026-08-15,1.0,4.0
16316791,N1,fc utrecht,az alkmaar,2026-08-15,1.0,4.0
16316790,N1,excelsior,psv eindhoven,2026-08-15,1.0,2.0
16316778,N1,fortuna sittard,sc cambuur,2026-08-15,3.0,1.0
16316788,N1,ado den haag,fc groningen,2026-08-16,1.0,4.0
16316786,N1,fc twente,pec zwolle,2026-08-16,3.0,1.0
16316768,N1,feyenoord,go ahead eagles,2026-08-16,2.0,2.0
16316781,N1,afc ajax,sc heerenveen,2026-08-16,2.0,2.0
16316763,N1,fortuna sittard,az alkmaar,2026-08-22,0.0,2.0
16316789,N1,sparta rotterdam,fc utrecht,2026-08-22,3.0,3.0
16316766,N1,sc heerenveen,pec zwolle,2026-08-22,0.0,2.0
16316780,N1,go ahead eagles,ado den haag,2026-08-23,3.0,1.0
16316774,N1,psv eindhoven,fc groningen,2026-08-23,5.0,1.0
16316773,N1,sc cambuur,feyenoord,2026-08-23,2.0,5.0
14131857,P1,casa pia,sporting cp,2025-08-08,0.0,2.0
14131864,P1,cd nacional,gil vicente,2025-08-09,0.0,2.0
14131860,P1,fc arouca,avs - futebol sad,2025-08-09,3.0,1.0
14131866,P1,famalicão,santa clara,2025-08-10,3.0,0.0
14131863,P1,moreirense,fc alverca,2025-08-10,2.0,1.0
14131858,P1,sporting braga,tondela,2025-08-10,3.0,0.0
14131861,P1,estoril praia,cf estrela amadora,2025-08-11,1.0,1.0
14357790,P1,fc porto,vitória sc,2025-08-11,3.0,0.0
14131859,P1,benfica,rio ave,2025-09-23,1.0,1.0
14131868,P1,avs - futebol sad,casa pia,2025-08-15,0.0,2.0
14131875,P1,tondela,famalicão,2025-08-16,0.0,1.0
14131873,P1,vitória sc,estoril praia,2025-08-16,3.0,2.0
14131876,P1,cf estrela amadora,benfica,2025-08-16,0.0,1.0
14131872,P1,rio ave,cd nacional,2025-08-17,1.0,1.0
14131869,P1,fc alverca,sporting braga,2025-08-17,0.0,3.0
14131871,P1,santa clara,moreirense,2025-08-17,0.0,1.0
14131874,P1,sporting cp,fc arouca,2025-08-17,6.0,0.0
14131870,P1,gil vicente,fc porto,2025-08-18,0.0,2.0
14131885,P1,moreirense,vitória sc,2025-08-23,2.0,0.0
14131877,P1,cd nacional,sporting cp,2025-08-23,1.0,4.0
14131880,P1,benfica,tondela,2025-08-23,3.0,0.0
14131878,P1,fc arouca,rio ave,2025-08-23,3.0,3.0
14131879,P1,famalicão,gil vicente,2025-08-24,0.0,0.0
14131882,P1,fc porto,casa pia,2025-08-24,4.0,0.0
14131881,P1,sporting braga,avs - futebol sad,2025-08-24,2.0,2.0
14131883,P1,cf estrela amadora,fc alverca,2025-08-25,2.0,2.0
14131884,P1,estoril praia,santa clara,2025-09-06,0.0,1.0
14131889,P1,gil vicente,moreirense,2025-08-29,2.0,0.0
14131887,P1,casa pia,cd nacional,2025-08-30,0.0,2.0
14131886,P1,avs - futebol sad,famalicão,2025-08-30,0.0,1.0
14131892,P1,vitória sc,fc arouca,2025-08-30,1.0,1.0
14131893,P1,sporting cp,fc porto,2025-08-30,1.0,2.0
14131891,P1,tondela,estoril praia,2025-08-31,2.0,2.0
14131888,P1,fc alverca,benfica,2025-08-31,1.0,2.0
14131894,P1,rio ave,sporting braga,2025-08-31,2.0,2.0
14131890,P1,santa clara,cf estrela amadora,2025-08-31,0.0,0.0
14131901,P1,benfica,santa clara,2025-09-12,1.0,1.0
14131896,P1,fc alverca,tondela,2025-09-12,1.0,0.0
14131902,P1,estoril praia,avs - futebol sad,2025-09-13,3.0,1.0
14131899,P1,moreirense,rio ave,2025-09-13,3.0,1.0
14131903,P1,fc porto,cd nacional,2025-09-13,1.0,0.0
14131898,P1,famalicão,sporting cp,2025-09-13,1.0,2.0
14131895,P1,cf estrela amadora,vitória sc,2025-09-14,0.0,2.0
14131897,P1,fc arouca,casa pia,2025-09-14,0.0,2.0
14131900,P1,sporting braga,gil vicente,2025-09-14,0.0,1.0
14131911,P1,rio ave,fc porto,2025-09-19,0.0,3.0
14131910,P1,cd nacional,fc arouca,2025-09-20,1.0,2.0
14131908,P1,santa clara,fc alverca,2025-09-20,2.0,1.0
14131904,P1,avs - futebol sad,benfica,2025-09-20,0.0,3.0
14131913,P1,vitória sc,sporting braga,2025-09-20,1.0,1.0
14131907,P1,tondela,cf estrela amadora,2025-09-21,0.0,0.0
14131906,P1,gil vicente,estoril praia,2025-09-21,2.0,0.0
14131905,P1,casa pia,famalicão,2025-09-21,1.0,1.0
14131912,P1,sporting cp,moreirense,2025-09-22,3.0,0.0
14131920,P1,benfica,gil vicente,2025-09-26,2.0,1.0
14131922,P1,moreirense,casa pia,2025-09-27,2.0,1.0
14131918,P1,santa clara,tondela,2025-09-27,1.0,2.0
14131921,P1,cf estrela amadora,avs - futebol sad,2025-09-27,3.0,0.0
14131914,P1,estoril praia,sporting cp,2025-09-27,0.0,1.0
14131915,P1,fc alverca,vitória sc,2025-09-28,2.0,0.0
14131919,P1,sporting braga,cd nacional,2025-09-28,0.0,1.0
14131917,P1,famalicão,rio ave,2025-09-28,0.0,0.0
14131916,P1,fc arouca,fc porto,2025-09-29,0.0,4.0
14131924,P1,casa pia,estoril praia,2025-10-03,2.0,2.0
14131928,P1,cd nacional,moreirense,2025-10-04,3.0,2.0
14131927,P1,gil vicente,cf estrela amadora,2025-10-04,2.0,0.0
14131923,P1,avs - futebol sad,fc alverca,2025-10-04,1.0,3.0
14131929,P1,vitória sc,santa clara,2025-10-04,2.0,1.0
14131925,P1,fc arouca,famalicão,2025-10-05,1.0,1.0
14131926,P1,rio ave,tondela,2025-10-05,3.0,0.0
14131930,P1,sporting cp,sporting braga,2025-10-05,1.0,1.0
14131931,P1,fc porto,benfica,2025-10-05,0.0,0.0
14131934,P1,fc alverca,gil vicente,2025-10-24,0.0,4.0
14131938,P1,santa clara,avs - futebol sad,2025-10-25,2.0,0.0
14131939,P1,benfica,fc arouca,2025-10-25,5.0,0.0
14131933,P1,cf estrela amadora,rio ave,2025-10-25,1.0,2.0
14131932,P1,estoril praia,cd nacional,2025-10-26,1.0,1.0
14131935,P1,famalicão,vitória sc,2025-10-26,2.0,0.0
14131940,P1,tondela,sporting cp,2025-10-26,0.0,3.0
14131937,P1,sporting braga,casa pia,2025-10-26,4.0,0.0
14131936,P1,moreirense,fc porto,2025-10-27,1.0,2.0
14131945,P1,sporting cp,fc alverca,2025-10-31,2.0,0.0
14131946,P1,cd nacional,famalicão,2025-11-01,0.0,1.0
14131942,P1,casa pia,cf estrela amadora,2025-11-01,3.0,5.0
14131944,P1,rio ave,estoril praia,2025-11-01,0.0,4.0
14131949,P1,vitória sc,benfica,2025-11-01,0.0,3.0
14131941,P1,avs - futebol sad,tondela,2025-11-02,2.0,2.0
14131943,P1,fc arouca,moreirense,2025-11-02,0.0,2.0
14131948,P1,fc porto,sporting braga,2025-11-02,2.0,1.0
14131947,P1,gil vicente,santa clara,2025-11-03,1.0,0.0
14131957,P1,estoril praia,fc arouca,2025-11-07,4.0,3.0
14131952,P1,fc alverca,rio ave,2025-11-08,1.0,1.0
14131958,P1,tondela,vitória sc,2025-11-08,0.0,1.0
14131954,P1,santa clara,sporting cp,2025-11-08,1.0,2.0
14131950,P1,avs - futebol sad,gil vicente,2025-11-09,1.0,1.0
14131951,P1,cf estrela amadora,cd nacional,2025-11-09,1.0,1.0
14131953,P1,famalicão,fc porto,2025-11-09,0.0,1.0
14131956,P1,benfica,casa pia,2025-11-09,2.0,2.0
14131955,P1,sporting braga,moreirense,2025-11-09,2.0,1.0
14131962,P1,vitória sc,avs - futebol sad,2025-11-28,4.0,0.0
14131965,P1,casa pia,fc alverca,2025-11-29,0.0,2.0
14131966,P1,moreirense,famalicão,2025-11-29,2.0,2.0
14131968,P1,cd nacional,benfica,2025-11-29,1.0,2.0
14131961,P1,gil vicente,tondela,2025-11-29,0.0,1.0
14131967,P1,rio ave,santa clara,2025-11-30,1.0,1.0
14131964,P1,sporting cp,cf estrela amadora,2025-11-30,4.0,0.0
14131963,P1,fc porto,estoril praia,2025-11-30,1.0,0.0
14131959,P1,fc arouca,sporting braga,2025-12-01,0.0,4.0
14131973,P1,benfica,sporting cp,2025-12-05,1.0,1.0
14131972,P1,santa clara,casa pia,2025-12-06,1.0,0.0
14131969,P1,avs - futebol sad,rio ave,2025-12-06,1.0,2.0
14131977,P1,famalicão,sporting braga,2025-12-06,1.0,2.0
14131970,P1,estoril praia,moreirense,2025-12-07,3.0,3.0
14131975,P1,cf estrela amadora,fc arouca,2025-12-07,3.0,1.0
14131971,P1,fc alverca,cd nacional,2025-12-07,1.0,0.0
14131976,P1,tondela,fc porto,2025-12-07,0.0,2.0
14131974,P1,vitória sc,gil vicente,2025-12-08,0.0,0.0
14131978,P1,casa pia,gil vicente,2025-12-13,1.0,1.0
14131987,P1,rio ave,vitória sc,2025-12-13,0.0,1.0
14131981,P1,sporting cp,avs - futebol sad,2025-12-13,6.0,0.0
14131982,P1,famalicão,estoril praia,2025-12-14,4.0,0.0
14131986,P1,moreirense,benfica,2025-12-14,0.0,4.0
14131984,P1,fc arouca,fc alverca,2025-12-14,1.0,0.0
15216704,P1,cd nacional,tondela,2025-12-15,3.0,1.0
14131980,P1,sporting braga,santa clara,2025-12-15,1.0,0.0
14131983,P1,fc porto,cf estrela amadora,2025-12-15,3.0,1.0
14288903,P1,estoril praia,sporting braga,2025-12-19,1.0,0.0
14288817,P1,gil vicente,rio ave,2025-12-20,2.0,2.0
14288795,P1,cf estrela amadora,moreirense,2025-12-20,0.0,0.0
14131988,P1,avs - futebol sad,cd nacional,2025-12-21,2.0,2.0
14288886,P1,tondela,casa pia,2025-12-21,1.0,2.0
14288902,P1,santa clara,fc arouca,2025-12-21,0.0,0.0
14288796,P1,fc alverca,fc porto,2025-12-22,0.0,3.0
14288840,P1,benfica,famalicão,2025-12-22,1.0,0.0
14288863,P1,vitória sc,sporting cp,2025-12-23,1.0,4.0
14288910,P1,famalicão,cf estrela amadora,2025-12-27,2.0,3.0
14288911,P1,estoril praia,fc alverca,2025-12-27,4.0,1.0
14288905,P1,casa pia,vitória sc,2025-12-28,0.0,0.0
14288906,P1,fc arouca,gil vicente,2025-12-28,2.0,2.0
14288915,P1,sporting braga,benfica,2025-12-28,2.0,2.0
14288913,P1,sporting cp,rio ave,2025-12-28,4.0,0.0
14288909,P1,fc porto,avs - futebol sad,2025-12-29,2.0,0.0
14288914,P1,cd nacional,santa clara,2026-01-11,3.0,3.0
14288907,P1,moreirense,tondela,2026-01-11,1.0,0.0
14288919,P1,gil vicente,sporting cp,2026-01-02,1.0,1.0
14288923,P1,vitória sc,cd nacional,2026-01-02,2.0,1.0
14288927,P1,tondela,fc arouca,2026-01-03,3.0,1.0
14288921,P1,benfica,estoril praia,2026-01-03,3.0,1.0
14288929,P1,cf estrela amadora,sporting braga,2026-01-03,3.0,3.0
14288917,P1,avs - futebol sad,moreirense,2026-01-03,0.0,2.0
14288925,P1,rio ave,casa pia,2026-01-04,3.0,1.0
14288920,P1,santa clara,fc porto,2026-01-04,0.0,1.0
14288918,P1,fc alverca,famalicão,2026-01-04,1.0,0.0
14288930,P1,sporting cp,casa pia,2026-01-16,3.0,0.0
14288940,P1,gil vicente,cd nacional,2026-01-17,2.0,1.0
14288936,P1,avs - futebol sad,fc arouca,2026-01-17,0.0,1.0
14288938,P1,fc alverca,moreirense,2026-01-17,2.0,1.0
14288934,P1,rio ave,benfica,2026-01-17,0.0,2.0
14288942,P1,santa clara,famalicão,2026-01-18,0.0,1.0
14288932,P1,tondela,sporting braga,2026-01-18,0.0,1.0
14288944,P1,vitória sc,fc porto,2026-01-18,0.0,1.0
14288937,P1,cf estrela amadora,estoril praia,2026-01-19,0.0,5.0
14288946,P1,casa pia,avs - futebol sad,2026-01-23,3.0,3.0
14288951,P1,moreirense,santa clara,2026-01-24,1.0,0.0
14288955,P1,fc arouca,sporting cp,2026-01-24,1.0,2.0
14288954,P1,estoril praia,vitória sc,2026-01-24,4.0,2.0
14288953,P1,cd nacional,rio ave,2026-01-25,4.0,0.0
14288958,P1,benfica,cf estrela amadora,2026-01-25,4.0,0.0
14288957,P1,famalicão,tondela,2026-01-25,3.0,0.0
14288948,P1,sporting braga,fc alverca,2026-01-25,5.0,0.0
14288950,P1,fc porto,gil vicente,2026-01-26,3.0,0.0
14288973,P1,vitória sc,moreirense,2026-01-30,1.0,0.0
14288972,P1,santa clara,estoril praia,2026-01-31,2.0,4.0
14288963,P1,rio ave,fc arouca,2026-01-31,0.0,3.0
14288970,P1,fc alverca,cf estrela amadora,2026-01-31,1.0,1.0
14288964,P1,gil vicente,famalicão,2026-02-01,5.0,0.0
14288960,P1,sporting cp,cd nacional,2026-02-01,2.0,1.0
14288966,P1,tondela,benfica,2026-02-01,0.0,0.0
14288968,P1,avs - futebol sad,sporting braga,2026-02-02,0.0,4.0
14288969,P1,casa pia,fc porto,2026-02-02,2.0,1.0
14288982,P1,cf estrela amadora,santa clara,2026-02-07,1.0,0.0
14288981,P1,moreirense,gil vicente,2026-02-07,1.0,2.0
14288984,P1,estoril praia,tondela,2026-02-07,2.0,2.0
14288986,P1,fc arouca,vitória sc,2026-02-07,3.0,2.0
14288977,P1,cd nacional,casa pia,2026-02-08,0.0,0.0
14288989,P1,sporting braga,rio ave,2026-02-08,3.0,0.0
14288979,P1,benfica,fc alverca,2026-02-08,2.0,1.0
14288974,P1,famalicão,avs - futebol sad,2026-02-09,3.0,1.0
14288988,P1,fc porto,sporting cp,2026-02-09,1.0,1.0
14288997,P1,santa clara,benfica,2026-02-13,1.0,2.0
14288991,P1,tondela,fc alverca,2026-02-13,1.0,1.0
14288993,P1,casa pia,fc arouca,2026-02-14,3.0,2.0
14288990,P1,vitória sc,cf estrela amadora,2026-02-14,2.0,1.0
14288996,P1,gil vicente,sporting braga,2026-02-14,2.0,1.0
14288999,P1,cd nacional,fc porto,2026-02-15,0.0,1.0
14288998,P1,avs - futebol sad,estoril praia,2026-02-15,3.0,0.0
14288994,P1,sporting cp,famalicão,2026-02-15,1.0,0.0
14288995,P1,rio ave,moreirense,2026-02-16,1.0,2.0
14288798,P1,cf estrela amadora,tondela,2026-02-20,0.0,2.0
14288799,P1,fc alverca,santa clara,2026-02-21,1.0,1.0
14288800,P1,fc arouca,cd nacional,2026-02-21,3.0,0.0
14289000,P1,benfica,avs - futebol sad,2026-02-21,3.0,0.0
14288802,P1,moreirense,sporting cp,2026-02-21,0.0,3.0
14288803,P1,sporting braga,vitória sc,2026-02-21,3.0,2.0
14288797,P1,estoril praia,gil vicente,2026-02-22,3.0,1.0
14288801,P1,fc porto,rio ave,2026-02-22,1.0,0.0
14289002,P1,famalicão,casa pia,2026-02-23,2.0,0.0
14288806,P1,fc porto,fc arouca,2026-02-27,3.0,1.0
14288804,P1,sporting cp,estoril praia,2026-02-27,3.0,0.0
14288811,P1,avs - futebol sad,cf estrela amadora,2026-02-28,0.0,0.0
14288809,P1,cd nacional,sporting braga,2026-02-28,1.0,2.0
14288805,P1,vitória sc,fc alverca,2026-02-28,1.0,1.0
14288808,P1,tondela,santa clara,2026-03-01,2.0,2.0
14288812,P1,casa pia,moreirense,2026-03-01,1.0,1.0
14288807,P1,rio ave,famalicão,2026-03-01,0.0,0.0
14288810,P1,gil vicente,benfica,2026-03-02,1.0,2.0
14288815,P1,famalicão,fc arouca,2026-03-06,1.0,0.0
14288813,P1,fc alverca,avs - futebol sad,2026-03-07,0.0,0.0
14288819,P1,moreirense,cd nacional,2026-03-07,1.0,1.0
14288821,P1,sporting braga,sporting cp,2026-03-07,2.0,2.0
14288814,P1,estoril praia,casa pia,2026-03-07,0.0,0.0
14288818,P1,cf estrela amadora,gil vicente,2026-03-08,2.0,2.0
14288822,P1,benfica,fc porto,2026-03-08,2.0,2.0
14288820,P1,santa clara,vitória sc,2026-03-08,2.0,0.0
14288816,P1,tondela,rio ave,2026-03-09,0.0,1.0
14288826,P1,vitória sc,famalicão,2026-03-14,1.0,2.0
14288825,P1,gil vicente,fc alverca,2026-03-14,2.0,2.0
14288830,P1,fc arouca,benfica,2026-03-14,1.0,2.0
14288829,P1,avs - futebol sad,santa clara,2026-03-15,0.0,1.0
14288823,P1,cd nacional,estoril praia,2026-03-15,0.0,1.0
14288824,P1,rio ave,cf estrela amadora,2026-03-15,2.0,1.0
14288827,P1,fc porto,moreirense,2026-03-15,3.0,0.0
14288828,P1,casa pia,sporting braga,2026-04-23,0.0,1.0
16033937,P1,sporting cp,tondela,2026-04-29,2.0,2.0
14288833,P1,cf estrela amadora,casa pia,2026-03-20,4.0,0.0
14288837,P1,famalicão,cd nacional,2026-03-21,1.0,0.0
14288834,P1,moreirense,fc arouca,2026-03-21,0.0,1.0
14288841,P1,benfica,vitória sc,2026-03-21,3.0,0.0
14288838,P1,santa clara,gil vicente,2026-03-21,1.0,0.0
14288832,P1,tondela,avs - futebol sad,2026-03-21,0.0,0.0
14288835,P1,estoril praia,rio ave,2026-03-22,1.0,2.0
14288836,P1,fc alverca,sporting cp,2026-03-22,1.0,4.0
14288839,P1,sporting braga,fc porto,2026-03-22,1.0,2.0
14288842,P1,gil vicente,avs - futebol sad,2026-04-03,3.0,0.0
14288850,P1,vitória sc,tondela,2026-04-03,5.0,0.0
14288846,P1,sporting cp,santa clara,2026-04-03,4.0,2.0
14288843,P1,cd nacional,cf estrela amadora,2026-04-04,2.0,0.0
14288847,P1,moreirense,sporting braga,2026-04-04,0.0,1.0
14288844,P1,rio ave,fc alverca,2026-04-04,1.0,2.0
14288845,P1,fc porto,famalicão,2026-04-04,2.0,2.0
14288849,P1,fc arouca,estoril praia,2026-04-06,3.0,2.0
14288848,P1,casa pia,benfica,2026-04-06,1.0,1.0
14288857,P1,famalicão,moreirense,2026-04-10,1.0,1.0
14288853,P1,avs - futebol sad,vitória sc,2026-04-11,1.0,1.0
14288858,P1,santa clara,rio ave,2026-04-11,0.0,2.0
14288855,P1,cf estrela amadora,sporting cp,2026-04-11,0.0,1.0
14288856,P1,fc alverca,casa pia,2026-04-12,3.0,1.0
14288859,P1,benfica,cd nacional,2026-04-12,2.0,0.0
14288851,P1,sporting braga,fc arouca,2026-04-12,1.0,0.0
14288854,P1,estoril praia,fc porto,2026-04-12,1.0,3.0
14288852,P1,tondela,gil vicente,2026-04-13,2.0,2.0
14288860,P1,rio ave,avs - futebol sad,2026-04-17,2.0,2.0
14288862,P1,cd nacional,fc alverca,2026-04-18,1.0,0.0
14288864,P1,casa pia,santa clara,2026-04-18,0.0,0.0
14288866,P1,gil vicente,vitória sc,2026-04-18,0.0,1.0
14288867,P1,fc arouca,cf estrela amadora,2026-04-19,1.0,0.0
14288865,P1,sporting cp,benfica,2026-04-19,1.0,2.0
14288868,P1,fc porto,tondela,2026-04-19,2.0,0.0
14288869,P1,sporting braga,famalicão,2026-04-19,2.0,2.0
14288861,P1,moreirense,estoril praia,2026-04-20,1.0,0.0
14288876,P1,fc alverca,fc arouca,2026-04-24,2.0,1.0
14288871,P1,tondela,cd nacional,2026-04-25,0.0,2.0
14288877,P1,benfica,moreirense,2026-04-25,4.0,1.0
14288878,P1,vitória sc,rio ave,2026-04-25,2.0,0.0
14288874,P1,estoril praia,famalicão,2026-04-26,0.0,1.0
14288875,P1,cf estrela amadora,fc porto,2026-04-26,1.0,2.0
14288872,P1,santa clara,sporting braga,2026-04-26,2.0,1.0
14288873,P1,avs - futebol sad,sporting cp,2026-04-26,1.0,1.0
14288870,P1,gil vicente,casa pia,2026-04-27,2.0,1.0
14288879,P1,cd nacional,avs - futebol sad,2026-05-02,1.0,2.0
14288887,P1,fc arouca,santa clara,2026-05-02,2.0,2.0
14288880,P1,moreirense,cf estrela amadora,2026-05-02,3.0,2.0
14288883,P1,famalicão,benfica,2026-05-02,2.0,2.0
14288881,P1,fc porto,fc alverca,2026-05-02,1.0,0.0
14288885,P1,casa pia,tondela,2026-05-03,0.0,1.0
14288888,P1,sporting braga,estoril praia,2026-05-03,1.0,1.0
14288882,P1,rio ave,gil vicente,2026-05-03,0.0,0.0
14288884,P1,sporting cp,vitória sc,2026-05-04,5.0,1.0
14288892,P1,avs - futebol sad,fc porto,2026-05-10,3.0,1.0
14288895,P1,fc alverca,estoril praia,2026-05-10,1.0,1.0
14288898,P1,benfica,sporting braga,2026-05-11,2.0,2.0
14288893,P1,cf estrela amadora,famalicão,2026-05-11,0.0,0.0
14288890,P1,gil vicente,fc arouca,2026-05-11,1.0,3.0
14288896,P1,rio ave,sporting cp,2026-05-11,1.0,4.0
14288897,P1,santa clara,cd nacional,2026-05-11,2.0,0.0
14288891,P1,tondela,moreirense,2026-05-11,2.0,0.0
14288889,P1,vitória sc,casa pia,2026-05-11,0.0,1.0
14336196,P1,fc porto,santa clara,2026-05-16,1.0,0.0
14288899,P1,moreirense,avs - futebol sad,2026-05-16,0.0,0.0
14336199,P1,cd nacional,vitória sc,2026-05-16,2.0,0.0
14336201,P1,casa pia,rio ave,2026-05-16,1.0,1.0
14336202,P1,fc arouca,tondela,2026-05-16,3.0,1.0
14336204,P1,sporting braga,cf estrela amadora,2026-05-16,2.0,2.0
14336198,P1,estoril praia,benfica,2026-05-16,1.0,3.0
14288900,P1,famalicão,fc alverca,2026-05-16,1.0,0.0
14288901,P1,sporting cp,gil vicente,2026-05-16,3.0,0.0
16450736,P1,estoril praia,famalicão,2026-08-07,1.0,1.0
16450738,P1,cs marítimo,casa pia,2026-08-08,1.0,0.0
16450743,P1,vitória sc,fc arouca,2026-08-08,0.0,1.0
16450735,P1,cf estrela amadora,sporting cp,2026-08-08,2.0,2.0
16450740,P1,fc porto,fc alverca,2026-08-09,2.0,0.0
16450742,P1,benfica,académico viseu fc,2026-08-09,2.0,2.0
16450737,P1,gil vicente,rio ave,2026-08-09,1.0,0.0
16450739,P1,moreirense,sporting braga,2026-08-09,2.0,2.0
16450741,P1,santa clara,cd nacional,2026-08-10,2.0,2.0
16450754,P1,sporting cp,vitória sc,2026-08-14,3.0,2.0
16450745,P1,fc alverca,cf estrela amadora,2026-08-15,2.0,2.0
16450744,P1,académico viseu fc,santa clara,2026-08-15,0.0,1.0
16450753,P1,rio ave,fc porto,2026-08-15,0.0,2.0
16450752,P1,cd nacional,estoril praia,2026-08-16,2.0,0.0
16450747,P1,fc arouca,moreirense,2026-08-16,4.0,0.0
16450751,P1,famalicão,cs marítimo,2026-08-16,1.0,2.0
16450750,P1,casa pia,benfica,2026-08-17,0.0,7.0
16450759,P1,cs marítimo,académico viseu fc,2026-08-22,2.0,2.0
16450757,P1,estoril praia,rio ave,2026-08-22,0.0,2.0
16450765,P1,sporting cp,fc alverca,2026-08-22,3.0,1.0
16450798,P1,vitória sc,cd nacional,2026-08-23,1.0,0.0
16450764,P1,santa clara,famalicão,2026-08-23,1.0,0.0
16450762,P1,fc porto,fc arouca,2026-08-23,2.0,0.0
16450758,P1,gil vicente,casa pia,2026-08-24,2.0,0.0
14054679,RO1,fc metaloglobus bucurești,fc universitatea cluj,2025-07-11,1.0,4.0
14054675,RO1,fc argeș pitești,fc rapid bucurești,2025-07-11,0.0,2.0
14054681,RO1,uta arad,universitatea craiova,2025-07-12,3.0,3.0
14054671,RO1,fcsb,fc hermannstadt,2025-07-12,1.0,1.0
14054672,RO1,sc oțelul galați,fc petrolul ploiești,2025-07-13,0.0,0.0
14054676,RO1,cfr 1907 cluj,afc unirea 04 slobozia,2025-07-13,2.0,1.0
14054677,RO1,fc botoșani,fcv farul constanța,2025-07-14,1.0,1.0
14054674,RO1,fk csíkszereda miercurea ciuc,fc dinamo bucurești,2025-07-14,2.0,2.0
15689838,RO1,uta arad,fc hermannstadt,2026-03-13,3.0,2.0
15698608,RO1,universitatea craiova,fc argeș pitești,2026-03-13,0.0,1.0
15689829,RO1,sc oțelul galați,fk csíkszereda miercurea ciuc,2026-03-14,2.0,3.0
15698587,RO1,fc rapid bucurești,fc dinamo bucurești,2026-03-14,3.0,2.0
15689837,RO1,fcv farul constanța,fc petrolul ploiești,2026-03-15,2.0,0.0
15689834,RO1,fcsb,fc metaloglobus bucurești,2026-03-15,0.0,0.0
15689839,RO1,fc botoșani,afc unirea 04 slobozia,2026-03-16,3.0,2.0
15698614,RO1,fc universitatea cluj,cfr 1907 cluj,2026-03-16,2.0,1.0
14054683,RO1,fc hermannstadt,fc metaloglobus bucurești,2025-07-18,2.0,2.0
14054680,RO1,universitatea craiova,fc argeș pitești,2025-07-18,3.0,1.0
14054678,RO1,fc universitatea cluj,uta arad,2025-07-19,1.0,1.0
14054687,RO1,fc petrolul ploiești,fcsb,2025-07-19,0.0,1.0
14054685,RO1,fcv farul constanța,sc oțelul galați,2025-07-20,3.0,2.0
14054673,RO1,fc rapid bucurești,cfr 1907 cluj,2025-07-20,1.0,1.0
14054684,RO1,afc unirea 04 slobozia,fk csíkszereda miercurea ciuc,2025-07-21,6.0,1.0
14054688,RO1,fc dinamo bucurești,fc botoșani,2025-07-21,0.0,0.0
15698594,RO1,fc dinamo bucurești,universitatea craiova,2026-03-19,0.0,1.0
15689840,RO1,fcsb,uta arad,2026-03-20,1.0,0.0
15698585,RO1,cfr 1907 cluj,fc rapid bucurești,2026-03-20,1.0,0.0
15689843,RO1,fc metaloglobus bucurești,fc petrolul ploiești,2026-03-21,1.0,0.0
15689846,RO1,fk csíkszereda miercurea ciuc,fcv farul constanța,2026-03-21,1.0,1.0
15698586,RO1,fc argeș pitești,fc universitatea cluj,2026-03-21,0.0,1.0
15689841,RO1,fc hermannstadt,fc botoșani,2026-03-22,3.0,0.0
15689844,RO1,afc unirea 04 slobozia,sc oțelul galați,2026-03-23,2.0,1.0
14054686,RO1,fc metaloglobus bucurești,fc petrolul ploiești,2025-07-25,0.0,3.0
14054693,RO1,fk csíkszereda miercurea ciuc,fc rapid bucurești,2025-07-25,0.0,2.0
14054682,RO1,uta arad,fc hermannstadt,2025-07-26,1.0,0.0
14054689,RO1,fcsb,fcv farul constanța,2025-07-26,1.0,2.0
14054692,RO1,cfr 1907 cluj,fc argeș pitești,2025-07-27,0.0,2.0
14054690,RO1,sc oțelul galați,fc dinamo bucurești,2025-07-27,2.0,1.0
14054691,RO1,fc botoșani,afc unirea 04 slobozia,2025-07-28,4.0,0.0
14054695,RO1,universitatea craiova,fc universitatea cluj,2025-07-28,2.0,1.0
15689851,RO1,fc botoșani,fcsb,2026-04-03,3.0,2.0
15689848,RO1,sc oțelul galați,fc hermannstadt,2026-04-04,2.0,0.0
15698591,RO1,fc argeș pitești,fc dinamo bucurești,2026-04-04,1.0,1.0
15689852,RO1,uta arad,fc metaloglobus bucurești,2026-04-05,5.0,1.0
15689849,RO1,fcv farul constanța,afc unirea 04 slobozia,2026-04-05,0.0,1.0
15698612,RO1,fc rapid bucurești,fc universitatea cluj,2026-04-05,1.0,2.0
15689842,RO1,fc petrolul ploiești,fk csíkszereda miercurea ciuc,2026-04-06,2.0,0.0
15698589,RO1,universitatea craiova,cfr 1907 cluj,2026-04-06,2.0,0.0
14054696,RO1,fcv farul constanța,fc metaloglobus bucurești,2025-08-01,2.0,1.0
14054694,RO1,fc petrolul ploiești,uta arad,2025-08-01,1.0,2.0
14054700,RO1,fc argeș pitești,fk csíkszereda miercurea ciuc,2025-08-02,3.0,1.0
14054697,RO1,fc dinamo bucurești,fcsb,2025-08-02,4.0,3.0
14054704,RO1,fc hermannstadt,fc universitatea cluj,2025-08-03,2.0,2.0
14054702,RO1,cfr 1907 cluj,universitatea craiova,2025-08-03,2.0,3.0
14054699,RO1,afc unirea 04 slobozia,sc oțelul galați,2025-08-04,0.0,0.0
14054698,RO1,fc rapid bucurești,fc botoșani,2025-08-04,2.0,1.0
15689816,RO1,fc hermannstadt,fcv farul constanța,2026-04-10,1.0,0.0
15689821,RO1,uta arad,fc botoșani,2026-04-11,3.0,1.0
15689850,RO1,fcsb,sc oțelul galați,2026-04-11,4.0,0.0
15689854,RO1,afc unirea 04 slobozia,fc petrolul ploiești,2026-04-12,1.0,2.0
15698597,RO1,cfr 1907 cluj,fc dinamo bucurești,2026-04-12,1.0,1.0
15689853,RO1,fc metaloglobus bucurești,fk csíkszereda miercurea ciuc,2026-04-13,0.0,1.0
15698613,RO1,fc rapid bucurești,fc argeș pitești,2026-04-13,0.0,0.0
15867505,RO1,fc universitatea cluj,universitatea craiova,2026-04-13,4.0,0.0
14054701,RO1,fc metaloglobus bucurești,fc dinamo bucurești,2025-08-08,0.0,1.0
14054713,RO1,uta arad,fcv farul constanța,2025-08-09,2.0,1.0
14054707,RO1,fc universitatea cluj,fc petrolul ploiești,2025-08-09,1.0,1.0
14054710,RO1,universitatea craiova,fc hermannstadt,2025-08-10,1.0,0.0
14054706,RO1,fcsb,afc unirea 04 slobozia,2025-08-10,0.0,1.0
14054703,RO1,fc botoșani,fc argeș pitești,2025-08-11,3.0,1.0
14054705,RO1,sc oțelul galați,fc rapid bucurești,2025-08-11,1.0,1.0
14385595,RO1,fk csíkszereda miercurea ciuc,cfr 1907 cluj,2025-10-16,2.0,2.0
15689817,RO1,sc oțelul galați,uta arad,2026-04-17,1.0,0.0
15698592,RO1,fc argeș pitești,cfr 1907 cluj,2026-04-17,0.0,1.0
15689835,RO1,fk csíkszereda miercurea ciuc,afc unirea 04 slobozia,2026-04-18,3.0,2.0
15698593,RO1,fc dinamo bucurești,fc universitatea cluj,2026-04-18,2.0,1.0
15689855,RO1,fc petrolul ploiești,fc hermannstadt,2026-04-19,1.0,1.0
15698584,RO1,universitatea craiova,fc rapid bucurești,2026-04-19,1.0,0.0
15689827,RO1,fc botoșani,fc metaloglobus bucurești,2026-04-20,3.0,2.0
15689828,RO1,fcv farul constanța,fcsb,2026-04-20,2.0,3.0
14054712,RO1,afc unirea 04 slobozia,fc metaloglobus bucurești,2025-08-15,2.0,1.0
14054709,RO1,fc dinamo bucurești,uta arad,2025-08-15,1.0,1.0
14054716,RO1,fc petrolul ploiești,fc hermannstadt,2025-08-16,1.0,1.0
14054719,RO1,fk csíkszereda miercurea ciuc,universitatea craiova,2025-08-17,1.0,2.0
14054729,RO1,cfr 1907 cluj,fc botoșani,2025-08-17,3.0,3.0
14054711,RO1,fc rapid bucurești,fcsb,2025-08-17,2.0,2.0
14054714,RO1,fc argeș pitești,sc oțelul galați,2025-08-18,2.0,0.0
14054715,RO1,fcv farul constanța,fc universitatea cluj,2025-08-18,0.0,1.0
15689856,RO1,fc hermannstadt,fk csíkszereda miercurea ciuc,2026-04-24,0.0,0.0
15689818,RO1,fcsb,fc petrolul ploiești,2026-04-24,3.0,1.0
15689833,RO1,fc botoșani,sc oțelul galați,2026-04-25,1.0,1.0
15698607,RO1,cfr 1907 cluj,fc universitatea cluj,2026-04-25,1.0,0.0
15689830,RO1,uta arad,fcv farul constanța,2026-04-26,0.0,0.0
15698603,RO1,fc dinamo bucurești,fc rapid bucurești,2026-04-26,3.0,1.0
15689859,RO1,fc metaloglobus bucurești,afc unirea 04 slobozia,2026-04-27,1.0,1.0
15698600,RO1,fc argeș pitești,universitatea craiova,2026-04-27,0.0,1.0
14054717,RO1,uta arad,afc unirea 04 slobozia,2025-08-22,1.0,1.0
14054720,RO1,fc metaloglobus bucurești,fc rapid bucurești,2025-08-22,1.0,2.0
14054725,RO1,fc botoșani,fk csíkszereda miercurea ciuc,2025-08-23,3.0,1.0
14054721,RO1,fc universitatea cluj,fc dinamo bucurești,2025-08-23,0.0,1.0
14054723,RO1,sc oțelul galați,cfr 1907 cluj,2025-08-24,4.0,1.0
14054724,RO1,universitatea craiova,fc petrolul ploiești,2025-08-24,2.0,0.0
14054718,RO1,fcsb,fc argeș pitești,2025-08-24,0.0,2.0
14054722,RO1,fc hermannstadt,fcv farul constanța,2025-08-25,1.0,0.0
15689820,RO1,fk csíkszereda miercurea ciuc,fcsb,2026-05-01,1.0,0.0
15689815,RO1,sc oțelul galați,fc metaloglobus bucurești,2026-05-02,2.0,2.0
15689826,RO1,fcv farul constanța,fc botoșani,2026-05-02,1.0,1.0
15698604,RO1,fc universitatea cluj,fc argeș pitești,2026-05-02,1.0,0.0
15689857,RO1,fc petrolul ploiești,uta arad,2026-05-03,1.0,1.0
15698606,RO1,universitatea craiova,fc dinamo bucurești,2026-05-03,2.0,1.0
15689832,RO1,afc unirea 04 slobozia,fc hermannstadt,2026-05-04,2.0,2.0
15698605,RO1,fc rapid bucurești,cfr 1907 cluj,2026-05-04,1.0,2.0
14054727,RO1,fc rapid bucurești,uta arad,2025-08-29,2.0,0.0
14054734,RO1,afc unirea 04 slobozia,fc universitatea cluj,2025-08-30,0.0,1.0
14054726,RO1,fc dinamo bucurești,fc hermannstadt,2025-08-30,2.0,0.0
14054730,RO1,fc argeș pitești,fc metaloglobus bucurești,2025-08-31,2.0,1.0
14054728,RO1,fc botoșani,universitatea craiova,2025-08-31,1.0,1.0
14054732,RO1,cfr 1907 cluj,fcsb,2025-08-31,2.0,2.0
14054739,RO1,fk csíkszereda miercurea ciuc,sc oțelul galați,2025-09-01,1.0,1.0
14054738,RO1,fcv farul constanța,fc petrolul ploiești,2025-09-01,2.0,1.0
15689819,RO1,uta arad,fk csíkszereda miercurea ciuc,2026-05-08,1.0,0.0
15698611,RO1,cfr 1907 cluj,universitatea craiova,2026-05-08,0.0,0.0
15689836,RO1,sc oțelul galați,fcv farul constanța,2026-05-09,3.0,2.0
15698601,RO1,fc universitatea cluj,fc rapid bucurești,2026-05-09,1.0,0.0
15689847,RO1,fc botoșani,fc petrolul ploiești,2026-05-10,1.0,1.0
15698602,RO1,fc dinamo bucurești,fc argeș pitești,2026-05-10,2.0,1.0
15689858,RO1,fc metaloglobus bucurești,fc hermannstadt,2026-05-11,2.0,2.0
15689825,RO1,fcsb,afc unirea 04 slobozia,2026-05-11,0.0,0.0
14054731,RO1,fc universitatea cluj,fc rapid bucurești,2025-09-12,0.0,0.0
14054735,RO1,uta arad,fc argeș pitești,2025-09-13,3.0,3.0
14054733,RO1,fc metaloglobus bucurești,cfr 1907 cluj,2025-09-13,1.0,1.0
14054737,RO1,sc oțelul galați,fc botoșani,2025-09-14,0.0,1.0
14054741,RO1,universitatea craiova,fcv farul constanța,2025-09-14,2.0,0.0
14060341,RO1,fk csíkszereda miercurea ciuc,fcsb,2025-09-14,1.0,1.0
14054740,RO1,fc hermannstadt,afc unirea 04 slobozia,2025-09-15,0.0,2.0
14054736,RO1,fc petrolul ploiești,fc dinamo bucurești,2025-09-15,0.0,3.0
15698588,RO1,fc argeș pitești,fc rapid bucurești,2026-05-15,2.0,2.0
15689824,RO1,fk csíkszereda miercurea ciuc,fc botoșani,2026-05-16,2.0,0.0
15698590,RO1,fc dinamo bucurești,cfr 1907 cluj,2026-05-16,0.0,0.0
15698610,RO1,universitatea craiova,fc universitatea cluj,2026-05-17,5.0,0.0
15689822,RO1,afc unirea 04 slobozia,uta arad,2026-05-18,0.0,1.0
15689845,RO1,fc hermannstadt,fcsb,2026-05-18,2.0,0.0
15689831,RO1,fc petrolul ploiești,sc oțelul galați,2026-05-18,1.0,5.0
15689823,RO1,fcv farul constanța,fc metaloglobus bucurești,2026-05-18,0.0,1.0
14054748,RO1,fc botoșani,fcsb,2025-09-19,3.0,1.0
14054745,RO1,fc argeș pitești,fc universitatea cluj,2025-09-20,1.0,0.0
14054752,RO1,sc oțelul galați,universitatea craiova,2025-09-20,1.0,0.0
14054747,RO1,afc unirea 04 slobozia,fc petrolul ploiești,2025-09-21,1.0,0.0
14054742,RO1,cfr 1907 cluj,uta arad,2025-09-21,1.0,1.0
14054744,RO1,fc rapid bucurești,fc hermannstadt,2025-09-21,1.0,2.0
14054746,RO1,fk csíkszereda miercurea ciuc,fc metaloglobus bucurești,2025-09-22,2.0,2.0
14054749,RO1,fc dinamo bucurești,fcv farul constanța,2025-09-22,1.0,1.0
15698598,RO1,cfr 1907 cluj,fc argeș pitești,2026-05-22,1.0,1.0
15698599,RO1,fc universitatea cluj,fc dinamo bucurești,2026-05-23,1.0,1.0
15698595,RO1,fc rapid bucurești,universitatea craiova,2026-05-25,0.0,0.0
14054751,RO1,fc hermannstadt,fc argeș pitești,2025-09-26,0.0,1.0
14054756,RO1,universitatea craiova,fc dinamo bucurești,2025-09-26,2.0,2.0
14054750,RO1,uta arad,fk csíkszereda miercurea ciuc,2025-09-27,0.0,0.0
14054753,RO1,fc petrolul ploiești,fc rapid bucurești,2025-09-27,0.0,1.0
14054758,RO1,fcv farul constanța,afc unirea 04 slobozia,2025-09-28,1.0,1.0
14054757,RO1,fcsb,sc oțelul galați,2025-09-28,1.0,0.0
14054755,RO1,fc metaloglobus bucurești,fc botoșani,2025-09-29,0.0,2.0
14054754,RO1,fc universitatea cluj,cfr 1907 cluj,2025-09-29,2.0,2.0
14054767,RO1,afc unirea 04 slobozia,fc dinamo bucurești,2025-10-03,0.0,1.0
14054760,RO1,fk csíkszereda miercurea ciuc,fc universitatea cluj,2025-10-04,2.0,1.0
14054762,RO1,fc argeș pitești,fc petrolul ploiești,2025-10-04,0.0,1.0
14054763,RO1,fc rapid bucurești,fcv farul constanța,2025-10-04,3.0,1.0
14054761,RO1,cfr 1907 cluj,fc hermannstadt,2025-10-05,2.0,1.0
14054764,RO1,fcsb,universitatea craiova,2025-10-05,1.0,0.0
14054766,RO1,sc oțelul galați,fc metaloglobus bucurești,2025-10-06,4.0,0.0
14054759,RO1,fc botoșani,uta arad,2025-10-06,2.0,1.0
14054770,RO1,fcv farul constanța,fc argeș pitești,2025-10-17,0.0,0.0
14054768,RO1,fc universitatea cluj,fc botoșani,2025-10-18,0.0,2.0
14054773,RO1,universitatea craiova,afc unirea 04 slobozia,2025-10-18,3.0,1.0
14054774,RO1,fc metaloglobus bucurești,fcsb,2025-10-18,2.0,1.0
14054765,RO1,uta arad,sc oțelul galați,2025-10-19,0.0,4.0
14054772,RO1,fc dinamo bucurești,fc rapid bucurești,2025-10-19,0.0,2.0
14054769,RO1,fc hermannstadt,fk csíkszereda miercurea ciuc,2025-10-20,0.0,2.0
14054771,RO1,fc petrolul ploiești,cfr 1907 cluj,2025-10-20,1.0,0.0
14054784,RO1,fk csíkszereda miercurea ciuc,fc petrolul ploiești,2025-10-24,1.0,1.0
14054780,RO1,fc argeș pitești,fc dinamo bucurești,2025-10-24,1.0,1.0
14054775,RO1,sc oțelul galați,fc universitatea cluj,2025-10-25,1.0,2.0
14054779,RO1,cfr 1907 cluj,fcv farul constanța,2025-10-25,0.0,2.0
14054781,RO1,fc metaloglobus bucurești,universitatea craiova,2025-10-26,0.0,0.0
14054777,RO1,fcsb,uta arad,2025-10-26,4.0,0.0
14054776,RO1,fc botoșani,fc hermannstadt,2025-10-27,2.0,0.0
14054782,RO1,fc rapid bucurești,afc unirea 04 slobozia,2025-10-27,4.0,1.0
14054795,RO1,fc dinamo bucurești,cfr 1907 cluj,2025-10-31,2.0,1.0
14054787,RO1,afc unirea 04 slobozia,fc argeș pitești,2025-11-01,0.0,1.0
14054786,RO1,fc universitatea cluj,fcsb,2025-11-01,0.0,2.0
14054778,RO1,uta arad,fc metaloglobus bucurești,2025-11-02,2.0,0.0
14054794,RO1,fc hermannstadt,sc oțelul galați,2025-11-02,1.0,3.0
14054788,RO1,universitatea craiova,fc rapid bucurești,2025-11-02,2.0,2.0
14054785,RO1,fcv farul constanța,fk csíkszereda miercurea ciuc,2025-11-03,3.0,0.0
14054783,RO1,fc petrolul ploiești,fc botoșani,2025-11-03,0.0,0.0
14060301,RO1,fc universitatea cluj,fc metaloglobus bucurești,2025-11-07,3.0,1.0
14060300,RO1,fcv farul constanța,fc botoșani,2025-11-07,2.0,0.0
14060304,RO1,fc petrolul ploiești,sc oțelul galați,2025-11-08,0.0,0.0
14060306,RO1,fc dinamo bucurești,fk csíkszereda miercurea ciuc,2025-11-08,4.0,0.0
14060308,RO1,fc rapid bucurești,fc argeș pitești,2025-11-08,2.0,0.0
14060303,RO1,afc unirea 04 slobozia,cfr 1907 cluj,2025-11-09,0.0,1.0
14060291,RO1,universitatea craiova,uta arad,2025-11-09,1.0,2.0
14060305,RO1,fc hermannstadt,fcsb,2025-11-09,3.0,3.0
14060317,RO1,fk csíkszereda miercurea ciuc,afc unirea 04 slobozia,2025-11-21,2.0,1.0
14060314,RO1,fc argeș pitești,universitatea craiova,2025-11-21,1.0,2.0
14060307,RO1,uta arad,fc universitatea cluj,2025-11-22,0.0,2.0
14060310,RO1,fcsb,fc petrolul ploiești,2025-11-22,1.0,1.0
14060312,RO1,sc oțelul galați,fcv farul constanța,2025-11-23,2.0,2.0
14060311,RO1,cfr 1907 cluj,fc rapid bucurești,2025-11-23,3.0,0.0
14060309,RO1,fc metaloglobus bucurești,fc hermannstadt,2025-11-24,1.0,1.0
14060313,RO1,fc botoșani,fc dinamo bucurești,2025-11-24,1.0,1.0
14060322,RO1,fc rapid bucurești,fk csíkszereda miercurea ciuc,2025-11-28,4.0,1.0
14060321,RO1,fc argeș pitești,cfr 1907 cluj,2025-11-29,3.0,0.0
14060318,RO1,fc dinamo bucurești,sc oțelul galați,2025-11-29,1.0,0.0
14060315,RO1,fc hermannstadt,uta arad,2025-11-30,1.0,2.0
14060320,RO1,afc unirea 04 slobozia,fc botoșani,2025-11-30,0.0,1.0
14060319,RO1,fcv farul constanța,fcsb,2025-11-30,1.0,2.0
14060316,RO1,fc petrolul ploiești,fc metaloglobus bucurești,2025-12-01,4.0,1.0
14065016,RO1,fc universitatea cluj,universitatea craiova,2025-12-01,0.0,0.0
14065008,RO1,sc oțelul galați,afc unirea 04 slobozia,2025-12-05,3.0,0.0
14065000,RO1,fk csíkszereda miercurea ciuc,fc argeș pitești,2025-12-06,0.0,2.0
14065001,RO1,fcsb,fc dinamo bucurești,2025-12-06,0.0,0.0
14064999,RO1,fc universitatea cluj,fc hermannstadt,2025-12-07,3.0,0.0
14065021,RO1,fc metaloglobus bucurești,fcv farul constanța,2025-12-07,2.0,1.0
14060323,RO1,universitatea craiova,cfr 1907 cluj,2025-12-07,1.0,1.0
14065004,RO1,uta arad,fc petrolul ploiești,2025-12-08,1.0,0.0
14065009,RO1,fc botoșani,fc rapid bucurești,2025-12-08,0.0,0.0
14065017,RO1,cfr 1907 cluj,fk csíkszereda miercurea ciuc,2025-12-12,3.0,1.0
14065007,RO1,fc argeș pitești,fc botoșani,2025-12-13,0.0,0.0
14065022,RO1,fc rapid bucurești,sc oțelul galați,2025-12-13,0.0,2.0
14065010,RO1,fc petrolul ploiești,fc universitatea cluj,2025-12-14,0.0,1.0
14060324,RO1,fc dinamo bucurești,fc metaloglobus bucurești,2025-12-14,4.0,0.0
14065013,RO1,fc hermannstadt,universitatea craiova,2025-12-14,0.0,2.0
14065006,RO1,fcv farul constanța,uta arad,2025-12-15,1.0,1.0
14060325,RO1,afc unirea 04 slobozia,fcsb,2025-12-15,0.0,2.0
14065020,RO1,fc botoșani,cfr 1907 cluj,2025-12-19,0.0,1.0
14065011,RO1,fc metaloglobus bucurești,afc unirea 04 slobozia,2025-12-20,2.0,3.0
14065003,RO1,sc oțelul galați,fc argeș pitești,2025-12-20,2.0,1.0
14065015,RO1,uta arad,fc dinamo bucurești,2025-12-20,2.0,0.0
14065012,RO1,fc hermannstadt,fc petrolul ploiești,2025-12-21,1.0,1.0
14065005,RO1,fc universitatea cluj,fcv farul constanța,2025-12-21,1.0,0.0
14065018,RO1,fcsb,fc rapid bucurești,2025-12-21,2.0,1.0
14065014,RO1,universitatea craiova,fk csíkszereda miercurea ciuc,2025-12-22,5.0,0.0
14065026,RO1,fc argeș pitești,fcsb,2026-01-16,1.0,0.0
14065023,RO1,afc unirea 04 slobozia,uta arad,2026-01-17,1.0,3.0
14065040,RO1,fcv farul constanța,fc hermannstadt,2026-01-17,1.0,1.0
14065025,RO1,fc rapid bucurești,fc metaloglobus bucurești,2026-01-17,1.0,0.0
14065030,RO1,fk csíkszereda miercurea ciuc,fc botoșani,2026-01-18,1.0,0.0
14065029,RO1,cfr 1907 cluj,sc oțelul galați,2026-01-18,1.0,0.0
14065027,RO1,fc dinamo bucurești,fc universitatea cluj,2026-01-18,1.0,0.0
14060327,RO1,fc petrolul ploiești,universitatea craiova,2026-01-19,0.0,4.0
14060328,RO1,fc metaloglobus bucurești,fc argeș pitești,2026-01-23,0.0,2.0
14060333,RO1,fc hermannstadt,fc dinamo bucurești,2026-01-23,1.0,2.0
14060330,RO1,fc universitatea cluj,afc unirea 04 slobozia,2026-01-24,1.0,0.0
14060331,RO1,universitatea craiova,fc botoșani,2026-01-24,2.0,0.0
14060329,RO1,fc petrolul ploiești,fcv farul constanța,2026-01-25,0.0,1.0
14060334,RO1,fcsb,cfr 1907 cluj,2026-01-25,1.0,4.0
14060335,RO1,sc oțelul galați,fk csíkszereda miercurea ciuc,2026-01-26,3.0,0.0
14060326,RO1,uta arad,fc rapid bucurești,2026-01-26,1.0,2.0
14060338,RO1,cfr 1907 cluj,fc metaloglobus bucurești,2026-01-30,4.0,2.0
14060339,RO1,fc dinamo bucurești,fc petrolul ploiești,2026-01-30,1.0,1.0
14060337,RO1,afc unirea 04 slobozia,fc hermannstadt,2026-01-31,2.0,3.0
14060332,RO1,fc argeș pitești,uta arad,2026-01-31,0.0,1.0
14060336,RO1,fc rapid bucurești,fc universitatea cluj,2026-01-31,0.0,2.0
14060342,RO1,fcv farul constanța,universitatea craiova,2026-02-01,4.0,1.0
14642998,RO1,fcsb,fk csíkszereda miercurea ciuc,2026-02-01,1.0,0.0
14060343,RO1,fc botoșani,sc oțelul galați,2026-02-02,0.0,0.0
14060345,RO1,fc petrolul ploiești,afc unirea 04 slobozia,2026-02-03,1.0,0.0
14060346,RO1,fc universitatea cluj,fc argeș pitești,2026-02-03,3.0,1.0
14060347,RO1,fc hermannstadt,fc rapid bucurești,2026-02-03,0.0,3.0
14060344,RO1,fc metaloglobus bucurești,fk csíkszereda miercurea ciuc,2026-02-04,0.0,1.0
14060340,RO1,uta arad,cfr 1907 cluj,2026-02-04,0.0,1.0
14060349,RO1,fcv farul constanța,fc dinamo bucurești,2026-02-04,2.0,3.0
14060351,RO1,universitatea craiova,sc oțelul galați,2026-02-05,1.0,0.0
14060348,RO1,fcsb,fc botoșani,2026-02-05,2.0,1.0
14060355,RO1,fc argeș pitești,fc hermannstadt,2026-02-06,3.0,1.0
14060353,RO1,fc rapid bucurești,fc petrolul ploiești,2026-02-06,1.0,1.0
14060356,RO1,afc unirea 04 slobozia,fcv farul constanța,2026-02-07,2.0,1.0
14060352,RO1,fk csíkszereda miercurea ciuc,uta arad,2026-02-07,2.0,0.0
14060350,RO1,cfr 1907 cluj,fc universitatea cluj,2026-02-07,3.0,2.0
14060354,RO1,fc botoșani,fc metaloglobus bucurești,2026-02-08,3.0,0.0
14060357,RO1,sc oțelul galați,fcsb,2026-02-08,1.0,4.0
14060358,RO1,fc dinamo bucurești,universitatea craiova,2026-02-09,1.0,1.0
14060362,RO1,fc petrolul ploiești,fc argeș pitești,2026-02-13,2.0,1.0
14060366,RO1,fc metaloglobus bucurești,sc oțelul galați,2026-02-14,0.0,1.0
14060360,RO1,fc universitatea cluj,fk csíkszereda miercurea ciuc,2026-02-14,4.0,1.0
14060359,RO1,uta arad,fc botoșani,2026-02-15,2.0,1.0
14060363,RO1,fcv farul constanța,fc rapid bucurești,2026-02-15,3.0,1.0
14060365,RO1,universitatea craiova,fcsb,2026-02-15,1.0,0.0
14060361,RO1,fc hermannstadt,cfr 1907 cluj,2026-02-16,0.0,1.0
14060364,RO1,fc dinamo bucurești,afc unirea 04 slobozia,2026-02-16,1.0,0.0
14060367,RO1,sc oțelul galați,uta arad,2026-02-20,2.0,2.0
14060368,RO1,fc botoșani,fc universitatea cluj,2026-02-20,1.0,3.0
14065031,RO1,cfr 1907 cluj,fc petrolul ploiești,2026-02-21,2.0,1.0
14065036,RO1,fc rapid bucurești,fc dinamo bucurești,2026-02-21,2.0,1.0
14065033,RO1,fc argeș pitești,fcv farul constanța,2026-02-22,1.0,0.0
14065037,RO1,afc unirea 04 slobozia,universitatea craiova,2026-02-22,0.0,3.0
14065032,RO1,fk csíkszereda miercurea ciuc,fc hermannstadt,2026-02-23,2.0,1.0
14065035,RO1,fcsb,fc metaloglobus bucurești,2026-02-23,4.0,1.0
14065041,RO1,fc hermannstadt,fc botoșani,2026-02-27,3.0,1.0
14065038,RO1,fc universitatea cluj,sc oțelul galați,2026-02-27,4.0,0.0
14065045,RO1,universitatea craiova,fc metaloglobus bucurești,2026-02-28,2.0,1.0
14065042,RO1,fcv farul constanța,cfr 1907 cluj,2026-02-28,1.0,2.0
14065039,RO1,fc petrolul ploiești,fk csíkszereda miercurea ciuc,2026-03-01,1.0,1.0
14065043,RO1,fc dinamo bucurești,fc argeș pitești,2026-03-01,0.0,1.0
14065034,RO1,uta arad,fcsb,2026-03-01,2.0,4.0
14065044,RO1,afc unirea 04 slobozia,fc rapid bucurești,2026-03-02,1.0,2.0
14065050,RO1,fk csíkszereda miercurea ciuc,fcv farul constanța,2026-03-06,1.0,0.0
14065047,RO1,fc metaloglobus bucurești,uta arad,2026-03-07,2.0,2.0
14065052,RO1,fc botoșani,fc petrolul ploiești,2026-03-07,0.0,1.0
14065046,RO1,fcsb,fc universitatea cluj,2026-03-07,1.0,3.0
14065048,RO1,sc oțelul galați,fc hermannstadt,2026-03-08,0.0,2.0
14065055,RO1,fc argeș pitești,afc unirea 04 slobozia,2026-03-08,0.0,0.0
14065051,RO1,fc rapid bucurești,universitatea craiova,2026-03-08,1.0,1.0
14065049,RO1,cfr 1907 cluj,fc dinamo bucurești,2026-03-09,2.0,0.0
16403828,RO1,fc voluntari,fc botoșani,2026-07-17,2.0,2.0
16403845,RO1,fcsb,fc argeș pitești,2026-07-17,2.0,0.0
16403832,RO1,sc oțelul galați,cfr 1907 cluj,2026-07-18,2.0,1.0
16403834,RO1,universitatea craiova,uta arad,2026-07-18,4.0,0.0
16403826,RO1,fc universitatea cluj,fcv farul constanța,2026-07-19,2.0,1.0
16403821,RO1,fc petrolul ploiești,fc dinamo bucurești,2026-07-19,1.0,0.0
16403819,RO1,fc corvinul hunedoara,fk csíkszereda miercurea ciuc,2026-07-20,3.0,0.0
16403816,RO1,fc rapid bucurești,sepsi osk sfântu gheorghe,2026-07-20,1.0,0.0
16403843,RO1,uta arad,sc oțelul galați,2026-07-24,2.0,2.0
16403836,RO1,fc argeș pitești,fc petrolul ploiești,2026-07-24,1.0,0.0
16403820,RO1,fcv farul constanța,fc corvinul hunedoara,2026-07-25,2.0,0.0
16403844,RO1,fc dinamo bucurești,universitatea craiova,2026-07-25,5.0,1.0
16403837,RO1,sepsi osk sfântu gheorghe,fc universitatea cluj,2026-07-26,1.0,0.0
16403838,RO1,fk csíkszereda miercurea ciuc,fcsb,2026-07-26,0.0,2.0
16403825,RO1,cfr 1907 cluj,fc voluntari,2026-07-27,5.0,0.0
16403840,RO1,fc botoșani,fc rapid bucurești,2026-07-27,1.0,1.0
16403829,RO1,fc argeș pitești,fk csíkszereda miercurea ciuc,2026-07-31,1.0,0.0
16403839,RO1,sc oțelul galați,fc dinamo bucurești,2026-07-31,1.0,1.0
16403835,RO1,fc voluntari,uta arad,2026-08-01,1.0,0.0
16403831,RO1,universitatea craiova,fc petrolul ploiești,2026-08-01,4.0,0.0
16403841,RO1,fc corvinul hunedoara,sepsi osk sfântu gheorghe,2026-08-02,1.0,1.0
16403827,RO1,fc rapid bucurești,cfr 1907 cluj,2026-08-02,3.0,1.0
16403822,RO1,fc universitatea cluj,fc botoșani,2026-08-03,2.0,1.0
16403833,RO1,fcsb,fcv farul constanța,2026-08-03,2.0,2.0
16403842,RO1,uta arad,fc rapid bucurești,2026-08-07,0.0,0.0
16403846,RO1,fcv farul constanța,fk csíkszereda miercurea ciuc,2026-08-08,3.0,2.0
16403824,RO1,fc dinamo bucurești,fc voluntari,2026-08-08,4.0,0.0
16403818,RO1,fc petrolul ploiești,sc oțelul galați,2026-08-09,1.0,0.0
16403847,RO1,universitatea craiova,fc argeș pitești,2026-08-09,0.0,1.0
16403823,RO1,fc botoșani,fc corvinul hunedoara,2026-08-10,0.0,0.0
16403817,RO1,sepsi osk sfântu gheorghe,fcsb,2026-08-10,0.0,0.0
16403850,RO1,fc voluntari,fc petrolul ploiești,2026-08-14,1.0,2.0
16403853,RO1,fc argeș pitești,fcv farul constanța,2026-08-14,1.0,1.0
16403856,RO1,fk csíkszereda miercurea ciuc,sepsi osk sfântu gheorghe,2026-08-15,0.0,0.0
16403852,RO1,fc rapid bucurești,fc dinamo bucurești,2026-08-15,0.0,1.0
16403854,RO1,sc oțelul galați,universitatea craiova,2026-08-16,1.0,1.0
16403849,RO1,fc corvinul hunedoara,cfr 1907 cluj,2026-08-16,3.0,0.0
16403851,RO1,fc universitatea cluj,uta arad,2026-08-17,2.0,1.0
16403848,RO1,fcsb,fc botoșani,2026-08-17,3.0,2.0
16403858,RO1,fc petrolul ploiești,fc rapid bucurești,2026-08-21,0.0,2.0
16403857,RO1,uta arad,fc corvinul hunedoara,2026-08-22,0.0,0.0
16403859,RO1,fc dinamo bucurești,fc universitatea cluj,2026-08-22,2.0,1.0
16403862,RO1,sepsi osk sfântu gheorghe,fcv farul constanța,2026-08-23,1.0,1.0
16403861,RO1,universitatea craiova,fc voluntari,2026-08-23,3.0,1.0
16403855,RO1,cfr 1907 cluj,fcsb,2026-08-23,1.0,0.0
16403860,RO1,fc botoșani,fk csíkszereda miercurea ciuc,2026-08-24,1.0,0.0
16403863,RO1,sc oțelul galați,fc argeș pitești,2026-08-24,1.0,0.0
14015386,RS1,fk crvena zvezda,fk javor ivanjica,2025-07-19,4.0,0.0
14015391,RS1,fk čukarički,fk napredak kruševac,2025-07-19,1.0,0.0
14015390,RS1,fk mladost lučani,fk imt beograd,2025-07-20,1.0,1.0
14015389,RS1,fk tsc bačka topola,fk radnički niš,2025-07-20,2.0,1.0
14015388,RS1,fk vojvodina,fk radnik surdulica,2025-07-20,2.0,0.0
14015393,RS1,fk železničar pančevo,fk partizan,2025-07-20,0.0,1.0
14015387,RS1,ofk beograd mozzart bet,fk spartak subotica,2025-07-21,1.0,3.0
14666216,RS1,fk novi pazar,fk radnički 1923,2025-09-24,1.0,1.0
15986079,RS1,fk čukarički,fk radnik surdulica,2026-04-18,2.0,2.0
15986019,RS1,fk crvena zvezda,fk vojvodina,2026-04-18,4.0,1.0
15986020,RS1,fk novi pazar,ofk beograd mozzart bet,2026-04-18,1.0,5.0
15986078,RS1,fk partizan,fk železničar pančevo,2026-04-18,2.0,1.0
15986023,RS1,fk tsc bačka topola,fk napredak kruševac,2026-04-19,4.0,1.0
15986045,RS1,fk javor ivanjica,fk spartak subotica,2026-04-19,1.0,0.0
15986027,RS1,fk radnički 1923,fk radnički niš,2026-04-19,1.0,1.0
15986044,RS1,fk imt beograd,fk mladost lučani,2026-04-19,1.0,1.0
14015401,RS1,fk crvena zvezda,ofk beograd mozzart bet,2025-07-26,7.0,1.0
14015399,RS1,fk radnik surdulica,fk tsc bačka topola,2025-07-26,0.0,0.0
14015398,RS1,fk radnički niš,fk mladost lučani,2025-07-26,3.0,1.0
14015396,RS1,fk napredak kruševac,fk novi pazar,2025-07-27,2.0,2.0
14015397,RS1,fk imt beograd,fk čukarički,2025-07-27,1.0,3.0
14015395,RS1,fk radnički 1923,fk železničar pančevo,2025-07-27,1.0,1.0
14015400,RS1,fk spartak subotica,fk vojvodina,2025-07-27,1.0,3.0
14925448,RS1,fk javor ivanjica,fk partizan,2025-11-05,2.0,3.0
15986018,RS1,fk radnik surdulica,fk novi pazar,2026-04-22,2.0,0.0
15986016,RS1,fk vojvodina,fk partizan,2026-04-22,0.0,0.0
15986022,RS1,ofk beograd mozzart bet,fk čukarički,2026-04-22,0.0,0.0
15986017,RS1,fk železničar pančevo,fk crvena zvezda,2026-04-22,2.0,2.0
15986046,RS1,fk radnički niš,fk javor ivanjica,2026-04-23,3.0,2.0
15986047,RS1,fk napredak kruševac,fk imt beograd,2026-04-23,0.0,1.0
15986048,RS1,fk mladost lučani,fk radnički 1923,2026-04-23,0.0,0.0
15986049,RS1,fk spartak subotica,fk tsc bačka topola,2026-04-23,1.0,4.0
14015405,RS1,fk mladost lučani,fk radnik surdulica,2025-08-02,1.0,0.0
14015404,RS1,fk tsc bačka topola,fk spartak subotica,2025-08-02,2.0,0.0
14015402,RS1,ofk beograd mozzart bet,fk javor ivanjica,2025-08-02,1.0,0.0
14015407,RS1,fk čukarički,fk radnički niš,2025-08-03,1.0,1.0
14015410,RS1,fk partizan,fk radnički 1923,2025-08-03,2.0,1.0
14015408,RS1,fk novi pazar,fk imt beograd,2025-08-04,1.0,2.0
14015409,RS1,fk železničar pančevo,fk napredak kruševac,2025-08-04,0.0,0.0
14925202,RS1,fk vojvodina,fk crvena zvezda,2025-10-30,3.0,2.0
15986031,RS1,ofk beograd mozzart bet,fk radnik surdulica,2026-04-26,1.0,1.0
15986028,RS1,fk novi pazar,fk čukarički,2026-04-26,2.0,2.0
15986021,RS1,fk crvena zvezda,fk partizan,2026-04-26,3.0,0.0
15986024,RS1,fk vojvodina,fk železničar pančevo,2026-04-26,0.0,0.0
15986050,RS1,fk imt beograd,fk radnički niš,2026-04-27,2.0,0.0
15986051,RS1,fk javor ivanjica,fk napredak kruševac,2026-04-27,4.0,0.0
15986053,RS1,fk radnički 1923,fk spartak subotica,2026-04-27,4.0,0.0
15986055,RS1,fk tsc bačka topola,fk mladost lučani,2026-04-27,1.0,2.0
14015415,RS1,fk radnik surdulica,fk čukarički,2025-08-09,3.0,1.0
14015417,RS1,fk crvena zvezda,fk tsc bačka topola,2025-08-09,1.0,0.0
14015416,RS1,fk spartak subotica,fk mladost lučani,2025-08-09,1.0,1.0
14015418,RS1,ofk beograd mozzart bet,fk vojvodina,2025-08-09,1.0,2.0
14015414,RS1,fk radnički niš,fk novi pazar,2025-08-10,2.0,3.0
14015412,RS1,fk napredak kruševac,fk partizan,2025-08-10,2.0,7.0
14015413,RS1,fk imt beograd,fk železničar pančevo,2025-08-11,1.0,4.0
14015411,RS1,fk javor ivanjica,fk radnički 1923,2025-08-11,2.0,2.0
15986029,RS1,fk partizan,fk novi pazar,2026-05-02,2.0,1.0
15986040,RS1,fk železničar pančevo,ofk beograd mozzart bet,2026-05-02,2.0,0.0
15986059,RS1,fk javor ivanjica,fk imt beograd,2026-05-03,0.0,0.0
15986052,RS1,fk mladost lučani,fk spartak subotica,2026-05-03,2.0,1.0
15986057,RS1,fk napredak kruševac,fk radnički niš,2026-05-03,0.0,1.0
15986054,RS1,fk radnički 1923,fk tsc bačka topola,2026-05-03,2.0,2.0
15986041,RS1,fk radnik surdulica,fk vojvodina,2026-05-04,1.0,4.0
15986042,RS1,fk čukarički,fk crvena zvezda,2026-05-04,1.0,2.0
14015422,RS1,fk mladost lučani,fk crvena zvezda,2025-08-15,1.0,4.0
14015423,RS1,fk čukarički,fk spartak subotica,2025-08-15,2.0,1.0
14015424,RS1,fk novi pazar,fk radnik surdulica,2025-08-16,2.0,0.0
14015420,RS1,fk vojvodina,fk javor ivanjica,2025-08-16,2.0,2.0
14015427,RS1,fk radnički 1923,fk napredak kruševac,2025-08-17,0.0,0.0
14015421,RS1,fk tsc bačka topola,ofk beograd mozzart bet,2025-08-17,1.0,3.0
14015425,RS1,fk železničar pančevo,fk radnički niš,2025-08-17,3.0,0.0
14015426,RS1,fk partizan,fk imt beograd,2025-08-18,5.0,1.0
15986037,RS1,fk vojvodina,fk čukarički,2026-05-08,1.0,0.0
15986035,RS1,fk železničar pančevo,fk radnik surdulica,2026-05-09,1.0,1.0
15986033,RS1,fk crvena zvezda,fk novi pazar,2026-05-09,1.0,2.0
15986030,RS1,fk partizan,ofk beograd mozzart bet,2026-05-09,1.0,1.0
15986060,RS1,fk imt beograd,fk radnički 1923,2026-05-10,0.0,0.0
15986058,RS1,fk radnički niš,fk mladost lučani,2026-05-10,1.0,0.0
15986061,RS1,fk spartak subotica,fk napredak kruševac,2026-05-10,0.0,3.0
15986056,RS1,fk tsc bačka topola,fk javor ivanjica,2026-05-10,6.0,1.0
14015429,RS1,fk javor ivanjica,fk napredak kruševac,2025-08-22,0.0,0.0
14015435,RS1,ofk beograd mozzart bet,fk mladost lučani,2025-08-23,1.0,1.0
14015436,RS1,fk vojvodina,fk tsc bačka topola,2025-08-23,2.0,0.0
14015432,RS1,fk radnik surdulica,fk železničar pančevo,2025-08-24,1.0,2.0
14015430,RS1,fk imt beograd,fk radnički 1923,2025-08-24,2.0,0.0
14015431,RS1,fk radnički niš,fk partizan,2025-08-24,2.0,2.0
14015433,RS1,fk spartak subotica,fk novi pazar,2025-08-24,1.0,1.0
14925744,RS1,fk crvena zvezda,fk čukarički,2025-12-04,3.0,0.0
15986065,RS1,fk javor ivanjica,fk mladost lučani,2026-05-16,2.0,4.0
15986062,RS1,fk napredak kruševac,fk radnički 1923,2026-05-16,0.0,0.0
15986070,RS1,fk spartak subotica,fk imt beograd,2026-05-16,0.0,1.0
15986064,RS1,fk tsc bačka topola,fk radnički niš,2026-05-16,1.0,2.0
15986026,RS1,fk čukarički,fk partizan,2026-05-17,0.0,0.0
15986032,RS1,fk novi pazar,fk železničar pančevo,2026-05-17,2.0,2.0
15986039,RS1,fk radnik surdulica,fk crvena zvezda,2026-05-17,0.0,0.0
15986025,RS1,ofk beograd mozzart bet,fk vojvodina,2026-05-17,1.0,2.0
14015440,RS1,fk čukarički,ofk beograd mozzart bet,2025-08-29,1.0,3.0
14015437,RS1,fk tsc bačka topola,fk javor ivanjica,2025-08-30,2.0,2.0
14015443,RS1,fk partizan,fk radnik surdulica,2025-08-30,2.0,0.0
14015439,RS1,fk mladost lučani,fk vojvodina,2025-08-30,0.0,0.0
14015441,RS1,fk novi pazar,fk crvena zvezda,2025-08-31,1.0,5.0
14015446,RS1,fk napredak kruševac,fk imt beograd,2025-08-31,3.0,1.0
14015444,RS1,fk radnički 1923,fk radnički niš,2025-08-31,1.0,0.0
14015442,RS1,fk železničar pančevo,fk spartak subotica,2025-08-31,1.0,1.0
15986036,RS1,fk železničar pančevo,fk čukarički,2026-05-22,0.0,0.0
15986038,RS1,fk crvena zvezda,ofk beograd mozzart bet,2026-05-22,1.0,2.0
15986034,RS1,fk partizan,fk radnik surdulica,2026-05-23,5.0,0.0
15986043,RS1,fk vojvodina,fk novi pazar,2026-05-23,3.0,0.0
15986066,RS1,fk imt beograd,fk tsc bačka topola,2026-05-24,1.0,1.0
15986069,RS1,fk mladost lučani,fk napredak kruševac,2026-05-24,1.0,0.0
15986063,RS1,fk radnički 1923,fk javor ivanjica,2026-05-24,2.0,2.0
15986071,RS1,fk radnički niš,fk spartak subotica,2026-05-24,2.0,1.0
14015447,RS1,fk javor ivanjica,fk imt beograd,2025-09-13,2.0,0.0
14015450,RS1,fk radnik surdulica,fk radnički 1923,2025-09-13,2.0,3.0
14015453,RS1,ofk beograd mozzart bet,fk novi pazar,2025-09-13,0.0,2.0
14015455,RS1,fk vojvodina,fk čukarički,2025-09-13,3.0,1.0
14015449,RS1,fk radnički niš,fk napredak kruševac,2025-09-14,3.0,0.0
14015452,RS1,fk crvena zvezda,fk železničar pančevo,2025-09-14,7.0,1.0
14015456,RS1,fk tsc bačka topola,fk mladost lučani,2025-09-14,1.0,0.0
14015451,RS1,fk spartak subotica,fk partizan,2025-09-14,2.0,5.0
14015464,RS1,fk napredak kruševac,fk radnik surdulica,2025-09-19,1.0,3.0
14015462,RS1,fk radnički 1923,fk spartak subotica,2025-09-20,2.0,0.0
14015459,RS1,fk novi pazar,fk vojvodina,2025-09-20,1.0,0.0
14015461,RS1,fk partizan,fk crvena zvezda,2025-09-20,1.0,2.0
14015460,RS1,fk železničar pančevo,ofk beograd mozzart bet,2025-09-20,1.0,3.0
14015465,RS1,fk imt beograd,fk radnički niš,2025-09-21,1.0,0.0
14015458,RS1,fk čukarički,fk tsc bačka topola,2025-09-21,4.0,2.0
14015457,RS1,fk mladost lučani,fk javor ivanjica,2025-09-21,2.0,1.0
14015467,RS1,fk radnik surdulica,fk imt beograd,2025-09-26,2.0,0.0
14015466,RS1,fk javor ivanjica,fk radnički niš,2025-09-27,2.0,1.0
14015471,RS1,ofk beograd mozzart bet,fk partizan,2025-09-27,0.0,2.0
14015472,RS1,fk vojvodina,fk železničar pančevo,2025-09-27,1.0,1.0
14015473,RS1,fk tsc bačka topola,fk novi pazar,2025-09-28,1.0,0.0
14015474,RS1,fk mladost lučani,fk čukarički,2025-09-28,1.0,1.0
14015468,RS1,fk spartak subotica,fk napredak kruševac,2025-09-28,2.0,1.0
14015470,RS1,fk crvena zvezda,fk radnički 1923,2025-09-28,2.0,1.0
14015484,RS1,fk radnički niš,fk radnik surdulica,2025-10-03,4.0,2.0
14015477,RS1,fk novi pazar,fk mladost lučani,2025-10-04,1.0,0.0
14015480,RS1,fk radnički 1923,ofk beograd mozzart bet,2025-10-04,0.0,2.0
14015478,RS1,fk železničar pančevo,fk tsc bačka topola,2025-10-04,1.0,0.0
14015479,RS1,fk partizan,fk vojvodina,2025-10-04,1.0,0.0
14015475,RS1,fk čukarički,fk javor ivanjica,2025-10-05,1.0,0.0
14015482,RS1,fk imt beograd,fk spartak subotica,2025-10-05,1.0,0.0
14015481,RS1,fk napredak kruševac,fk crvena zvezda,2025-10-05,0.0,3.0
14015489,RS1,ofk beograd mozzart bet,fk napredak kruševac,2025-10-18,4.0,0.0
14015485,RS1,fk javor ivanjica,fk radnik surdulica,2025-10-18,3.0,2.0
14015490,RS1,fk vojvodina,fk radnički 1923,2025-10-18,4.0,1.0
14015492,RS1,fk tsc bačka topola,fk partizan,2025-10-18,0.0,1.0
14015494,RS1,fk čukarički,fk novi pazar,2025-10-19,1.0,1.0
14015493,RS1,fk mladost lučani,fk železničar pančevo,2025-10-19,2.0,1.0
14015488,RS1,fk crvena zvezda,fk imt beograd,2025-10-19,6.0,1.0
14015487,RS1,fk spartak subotica,fk radnički niš,2025-10-19,2.0,0.0
14015499,RS1,fk napredak kruševac,fk vojvodina,2025-10-24,1.0,4.0
14015495,RS1,fk novi pazar,fk javor ivanjica,2025-10-24,1.0,2.0
14015497,RS1,fk partizan,fk mladost lučani,2025-10-24,3.0,0.0
14015501,RS1,fk imt beograd,ofk beograd mozzart bet,2025-10-25,1.0,1.0
14015498,RS1,fk radnički 1923,fk tsc bačka topola,2025-10-25,2.0,1.0
14015503,RS1,fk radnik surdulica,fk spartak subotica,2025-10-25,2.0,0.0
14015496,RS1,fk železničar pančevo,fk čukarički,2025-10-25,1.0,0.0
14015502,RS1,fk radnički niš,fk crvena zvezda,2025-10-26,0.0,0.0
14015504,RS1,fk javor ivanjica,fk spartak subotica,2025-11-01,1.0,1.0
14015512,RS1,fk čukarički,fk partizan,2025-11-01,4.0,1.0
14015513,RS1,fk novi pazar,fk železničar pančevo,2025-11-02,1.0,0.0
14015509,RS1,fk tsc bačka topola,fk napredak kruševac,2025-11-02,1.0,1.0
14015505,RS1,fk crvena zvezda,fk radnik surdulica,2025-11-02,1.0,1.0
14015507,RS1,fk vojvodina,fk imt beograd,2025-11-02,1.0,3.0
14015506,RS1,ofk beograd mozzart bet,fk radnički niš,2025-11-03,0.0,1.0
14015511,RS1,fk mladost lučani,fk radnički 1923,2025-12-03,0.0,2.0
14015521,RS1,fk radnik surdulica,ofk beograd mozzart bet,2025-11-08,1.0,0.0
14015518,RS1,fk napredak kruševac,fk mladost lučani,2025-11-08,0.0,1.0
14015520,RS1,fk radnički niš,fk vojvodina,2025-11-08,0.0,1.0
14015514,RS1,fk železničar pančevo,fk javor ivanjica,2025-11-09,2.0,0.0
14015522,RS1,fk spartak subotica,fk crvena zvezda,2025-11-09,2.0,3.0
14015519,RS1,fk imt beograd,fk tsc bačka topola,2025-11-09,1.0,1.0
14015515,RS1,fk partizan,fk novi pazar,2025-11-09,2.0,0.0
15158126,RS1,fk radnički 1923,fk čukarički,2025-12-17,3.0,2.0
14015526,RS1,fk radnik surdulica,fk vojvodina,2025-11-21,3.0,1.0
14015530,RS1,fk napredak kruševac,fk čukarički,2025-11-22,1.0,1.0
14015532,RS1,fk partizan,fk železničar pančevo,2025-11-22,1.0,3.0
14015525,RS1,fk spartak subotica,ofk beograd mozzart bet,2025-11-22,2.0,2.0
14015529,RS1,fk imt beograd,fk mladost lučani,2025-11-23,1.0,3.0
14015527,RS1,fk radnički niš,fk tsc bačka topola,2025-11-23,1.0,1.0
14015523,RS1,fk javor ivanjica,fk crvena zvezda,2025-11-23,1.0,0.0
14015531,RS1,fk radnički 1923,fk novi pazar,2025-11-23,0.0,0.0
14015536,RS1,fk čukarički,fk imt beograd,2025-11-28,1.0,1.0
14015534,RS1,fk železničar pančevo,fk radnički 1923,2025-11-29,1.0,0.0
14015537,RS1,fk mladost lučani,fk radnički niš,2025-11-29,2.0,1.0
14015539,RS1,fk vojvodina,fk spartak subotica,2025-11-29,2.0,0.0
14015535,RS1,fk novi pazar,fk napredak kruševac,2025-11-29,2.0,1.0
14015533,RS1,fk partizan,fk javor ivanjica,2025-11-29,4.0,0.0
14015538,RS1,fk tsc bačka topola,fk radnik surdulica,2025-11-30,0.0,2.0
14015540,RS1,ofk beograd mozzart bet,fk crvena zvezda,2025-11-30,3.0,4.0
14015541,RS1,fk javor ivanjica,ofk beograd mozzart bet,2025-12-06,0.0,1.0
14015547,RS1,fk napredak kruševac,fk železničar pančevo,2025-12-07,2.0,1.0
14015546,RS1,fk imt beograd,fk novi pazar,2025-12-07,2.0,3.0
14015548,RS1,fk radnički 1923,fk partizan,2025-12-07,2.0,4.0
14015542,RS1,fk crvena zvezda,fk vojvodina,2025-12-07,0.0,1.0
14015544,RS1,fk radnik surdulica,fk mladost lučani,2025-12-08,0.0,0.0
14015545,RS1,fk radnički niš,fk čukarički,2025-12-08,1.0,2.0
14015543,RS1,fk spartak subotica,fk tsc bačka topola,2025-12-08,1.0,2.0
14015554,RS1,fk čukarički,fk radnik surdulica,2025-12-13,1.0,1.0
14015549,RS1,fk radnički 1923,fk javor ivanjica,2025-12-13,1.0,1.0
14015557,RS1,fk vojvodina,ofk beograd mozzart bet,2025-12-13,0.0,0.0
14015551,RS1,fk železničar pančevo,fk imt beograd,2025-12-13,1.0,0.0
14015550,RS1,fk partizan,fk napredak kruševac,2025-12-13,3.0,2.0
14015555,RS1,fk mladost lučani,fk spartak subotica,2025-12-14,0.0,0.0
14015553,RS1,fk novi pazar,fk radnički niš,2025-12-14,1.0,0.0
14015556,RS1,fk tsc bačka topola,fk crvena zvezda,2025-12-15,0.0,0.0
14015563,RS1,fk radnički niš,fk železničar pančevo,2025-12-20,1.0,0.0
14015558,RS1,fk javor ivanjica,fk vojvodina,2025-12-20,1.0,2.0
14015560,RS1,fk crvena zvezda,fk mladost lučani,2025-12-20,4.0,0.0
14015564,RS1,fk imt beograd,fk partizan,2025-12-20,1.0,0.0
14015559,RS1,ofk beograd mozzart bet,fk tsc bačka topola,2025-12-21,0.0,1.0
14015561,RS1,fk spartak subotica,fk čukarički,2025-12-21,1.0,3.0
14015562,RS1,fk radnik surdulica,fk novi pazar,2025-12-21,1.0,0.0
14015565,RS1,fk napredak kruševac,fk radnički 1923,2025-12-22,0.0,1.0
14015566,RS1,fk napredak kruševac,fk javor ivanjica,2026-01-31,1.0,2.0
14015567,RS1,fk radnički 1923,fk imt beograd,2026-01-31,3.0,1.0
14015568,RS1,fk partizan,fk radnički niš,2026-01-31,0.0,0.0
14015569,RS1,fk železničar pančevo,fk radnik surdulica,2026-01-31,1.0,0.0
14015573,RS1,fk mladost lučani,ofk beograd mozzart bet,2026-02-01,0.0,0.0
14015570,RS1,fk novi pazar,fk spartak subotica,2026-02-01,2.0,2.0
14015574,RS1,fk tsc bačka topola,fk vojvodina,2026-02-01,0.0,2.0
14015572,RS1,fk čukarički,fk crvena zvezda,2026-02-01,1.0,3.0
14015575,RS1,fk javor ivanjica,fk tsc bačka topola,2026-02-07,0.0,0.0
14015580,RS1,fk radnik surdulica,fk partizan,2026-02-07,2.0,3.0
14015578,RS1,fk crvena zvezda,fk novi pazar,2026-02-07,5.0,0.0
14015581,RS1,fk radnički niš,fk radnički 1923,2026-02-08,2.0,1.0
14015582,RS1,fk imt beograd,fk napredak kruševac,2026-02-08,2.0,0.0
14015579,RS1,fk spartak subotica,fk železničar pančevo,2026-02-08,0.0,3.0
14015576,RS1,fk vojvodina,fk mladost lučani,2026-02-08,5.0,0.0
14015577,RS1,ofk beograd mozzart bet,fk čukarički,2026-02-09,2.0,0.0
14015584,RS1,fk napredak kruševac,fk radnički niš,2026-02-14,2.0,4.0
14015586,RS1,fk partizan,fk spartak subotica,2026-02-14,2.0,1.0
14015589,RS1,fk čukarički,fk vojvodina,2026-02-14,2.0,3.0
14015587,RS1,fk železničar pančevo,fk crvena zvezda,2026-02-14,0.0,3.0
14015588,RS1,fk novi pazar,ofk beograd mozzart bet,2026-02-15,2.0,1.0
14015585,RS1,fk radnički 1923,fk radnik surdulica,2026-02-15,0.0,0.0
14015590,RS1,fk mladost lučani,fk tsc bačka topola,2026-02-15,1.0,3.0
14015583,RS1,fk imt beograd,fk javor ivanjica,2026-02-16,1.0,0.0
14015597,RS1,fk radnik surdulica,fk napredak kruševac,2026-02-21,2.0,1.0
14015594,RS1,ofk beograd mozzart bet,fk železničar pančevo,2026-02-21,0.0,0.0
14015593,RS1,fk vojvodina,fk novi pazar,2026-02-21,0.0,3.0
14015598,RS1,fk radnički niš,fk imt beograd,2026-02-22,2.0,1.0
14015596,RS1,fk spartak subotica,fk radnički 1923,2026-02-22,3.0,3.0
14015595,RS1,fk crvena zvezda,fk partizan,2026-02-22,3.0,0.0
14015592,RS1,fk tsc bačka topola,fk čukarički,2026-02-22,1.0,1.0
14015591,RS1,fk javor ivanjica,fk mladost lučani,2026-02-23,0.0,0.0
14015605,RS1,fk novi pazar,fk tsc bačka topola,2026-02-28,2.0,0.0
14015606,RS1,fk čukarički,fk mladost lučani,2026-02-28,3.0,1.0
14015604,RS1,fk železničar pančevo,fk vojvodina,2026-02-28,2.0,0.0
14015603,RS1,fk partizan,ofk beograd mozzart bet,2026-02-28,1.0,2.0
14015599,RS1,fk radnički niš,fk javor ivanjica,2026-03-01,1.0,0.0
14015601,RS1,fk napredak kruševac,fk spartak subotica,2026-03-01,1.0,1.0
14015602,RS1,fk radnički 1923,fk crvena zvezda,2026-03-01,0.0,2.0
14015600,RS1,fk imt beograd,fk radnik surdulica,2026-03-02,0.0,0.0
14015609,RS1,fk tsc bačka topola,fk železničar pančevo,2026-03-07,0.0,0.0
14015607,RS1,fk javor ivanjica,fk čukarički,2026-03-07,1.0,0.0
14015614,RS1,fk radnik surdulica,fk radnički niš,2026-03-08,2.0,2.0
14015612,RS1,fk crvena zvezda,fk napredak kruševac,2026-03-08,4.0,0.0
14015613,RS1,fk spartak subotica,fk imt beograd,2026-03-08,0.0,1.0
14015610,RS1,fk vojvodina,fk partizan,2026-03-08,3.0,0.0
14015608,RS1,fk mladost lučani,fk novi pazar,2026-03-09,0.0,2.0
14015611,RS1,ofk beograd mozzart bet,fk radnički 1923,2026-03-09,0.0,0.0
14015615,RS1,fk radnik surdulica,fk javor ivanjica,2026-03-14,1.0,1.0
14015616,RS1,fk radnički niš,fk spartak subotica,2026-03-14,0.0,2.0
14015620,RS1,fk partizan,fk tsc bačka topola,2026-03-14,2.0,1.0
14015622,RS1,fk novi pazar,fk čukarički,2026-03-15,1.0,1.0
14015621,RS1,fk železničar pančevo,fk mladost lučani,2026-03-15,5.0,0.0
14015617,RS1,fk imt beograd,fk crvena zvezda,2026-03-15,1.0,2.0
14015619,RS1,fk radnički 1923,fk vojvodina,2026-03-15,0.0,1.0
14015618,RS1,fk napredak kruševac,ofk beograd mozzart bet,2026-03-16,2.0,2.0
14015630,RS1,fk spartak subotica,fk radnik surdulica,2026-03-20,1.0,3.0
14015623,RS1,fk javor ivanjica,fk novi pazar,2026-03-21,0.0,0.0
14015629,RS1,fk crvena zvezda,fk radnički niš,2026-03-21,2.0,0.0
14015627,RS1,fk vojvodina,fk napredak kruševac,2026-03-21,4.0,1.0
14015625,RS1,fk mladost lučani,fk partizan,2026-03-21,1.0,1.0
14015628,RS1,ofk beograd mozzart bet,fk imt beograd,2026-03-22,3.0,3.0
14015626,RS1,fk tsc bačka topola,fk radnički 1923,2026-03-22,0.0,0.0
14015624,RS1,fk čukarički,fk železničar pančevo,2026-03-22,3.0,2.0
14015633,RS1,fk radnički niš,ofk beograd mozzart bet,2026-04-03,1.0,2.0
14015636,RS1,fk napredak kruševac,fk tsc bačka topola,2026-04-03,1.0,2.0
14015639,RS1,fk železničar pančevo,fk novi pazar,2026-04-04,2.0,0.0
14015637,RS1,fk radnički 1923,fk mladost lučani,2026-04-04,1.0,1.0
14015631,RS1,fk spartak subotica,fk javor ivanjica,2026-04-04,1.0,2.0
14015635,RS1,fk imt beograd,fk vojvodina,2026-04-04,0.0,0.0
14015632,RS1,fk radnik surdulica,fk crvena zvezda,2026-04-05,1.0,2.0
14015638,RS1,fk partizan,fk čukarički,2026-04-05,0.0,0.0
14015640,RS1,fk javor ivanjica,fk železničar pančevo,2026-04-08,1.0,2.0
14015644,RS1,fk tsc bačka topola,fk imt beograd,2026-04-08,1.0,3.0
14015645,RS1,fk vojvodina,fk radnički niš,2026-04-08,3.0,2.0
14015643,RS1,fk mladost lučani,fk napredak kruševac,2026-04-08,2.0,0.0
14015641,RS1,fk novi pazar,fk partizan,2026-04-09,2.0,3.0
14015647,RS1,fk crvena zvezda,fk spartak subotica,2026-04-09,3.0,2.0
14015642,RS1,fk čukarički,fk radnički 1923,2026-04-09,0.0,0.0
14015646,RS1,ofk beograd mozzart bet,fk radnik surdulica,2026-04-09,0.0,0.0
16326400,RS1,fk crvena zvezda,fk mačva šabac,2026-07-17,5.0,0.0
16326398,RS1,fk železničar pančevo,fk radnički niš,2026-07-17,2.0,1.0
16326604,RS1,fk novi pazar,fk radnički 1923,2026-07-18,1.0,0.0
16326600,RS1,fk zemun,fk partizan,2026-07-18,2.0,2.0
16326603,RS1,fk radnik surdulica,fk mladost lučani,2026-07-19,1.0,1.0
16326606,RS1,fk vojvodina,ofk beograd mozzart bet,2026-07-19,4.0,0.0
16326605,RS1,fk čukarički,fk imt beograd,2026-07-19,0.0,1.0
16326396,RS1,fk radnički niš,fk čukarički,2026-07-25,0.0,2.0
16326405,RS1,fk imt beograd,fk zemun,2026-07-25,4.0,0.0
16326413,RS1,ofk beograd mozzart bet,fk radnik surdulica,2026-07-25,0.0,0.0
16326412,RS1,fk crvena zvezda,fk vojvodina,2026-07-26,3.0,1.0
16326408,RS1,fk mladost lučani,fk novi pazar,2026-07-26,0.0,0.0
16326397,RS1,fk mačva šabac,fk partizan,2026-07-26,1.0,3.0
16326416,RS1,fk novi pazar,ofk beograd mozzart bet,2026-08-01,1.0,4.0
16326417,RS1,fk čukarički,fk radnički 1923,2026-08-01,3.0,0.0
16326418,RS1,fk partizan,fk imt beograd,2026-08-02,1.0,2.0
16326415,RS1,fk zemun,fk radnički niš,2026-08-02,0.0,1.0
16326414,RS1,fk vojvodina,fk mačva šabac,2026-08-03,2.0,0.0
16326410,RS1,fk železničar pančevo,fk mladost lučani,2026-08-03,0.0,0.0
16326423,RS1,fk crvena zvezda,fk novi pazar,2026-08-08,2.0,0.0
16326420,RS1,fk radnički 1923,fk zemun,2026-08-08,3.0,0.0
16326419,RS1,fk mačva šabac,fk imt beograd,2026-08-09,1.0,0.0
16326424,RS1,fk vojvodina,fk radnik surdulica,2026-08-09,2.0,1.0
16326422,RS1,fk mladost lučani,fk čukarički,2026-08-09,2.0,2.0
16326425,RS1,ofk beograd mozzart bet,fk železničar pančevo,2026-08-09,2.0,2.0
16326426,RS1,fk radnik surdulica,fk mačva šabac,2026-08-15,2.0,1.0
16326432,RS1,fk čukarički,ofk beograd mozzart bet,2026-08-15,2.0,0.0
16326431,RS1,fk imt beograd,fk radnički niš,2026-08-16,0.0,0.0
16326429,RS1,fk partizan,fk radnički 1923,2026-08-16,0.0,1.0
16326430,RS1,fk zemun,fk mladost lučani,2026-08-16,0.0,1.0
16326427,RS1,fk novi pazar,fk vojvodina,2026-08-17,2.0,0.0
16326436,RS1,fk mačva šabac,fk radnički niš,2026-08-22,1.0,0.0
16326434,RS1,fk radnički 1923,fk imt beograd,2026-08-22,2.0,1.0
16326435,RS1,ofk beograd mozzart bet,fk zemun,2026-08-22,1.0,0.0
16326439,RS1,fk crvena zvezda,fk čukarički,2026-08-23,4.0,0.0
16326440,RS1,fk radnik surdulica,fk novi pazar,2026-08-23,1.0,0.0
16326433,RS1,fk mladost lučani,fk partizan,2026-08-23,3.0,1.0
16326438,RS1,fk vojvodina,fk železničar pančevo,2026-08-23,1.0,0.0
14429527,SA1,damac fc,al-hazem,2025-08-28,1.0,1.0
14429529,SA1,al-ahli,neom sc,2025-08-28,1.0,0.0
14429528,SA1,al-ettifaq,al-kholood,2025-08-28,2.0,1.0
14429530,SA1,al-hilal,al-riyadh,2025-08-29,2.0,0.0
14429532,SA1,al-shabab,al-khaleej,2025-08-29,1.0,4.0
14429533,SA1,al-taawoun,al-nassr,2025-08-29,0.0,5.0
14429534,SA1,al-fateh,al-fayha,2025-08-30,1.0,2.0
14429536,SA1,al-okhdood,al-ittihad,2025-08-30,2.0,5.0
14429535,SA1,al-qadsiah,al-najma sc,2025-08-30,3.0,1.0
14429537,SA1,al-ettifaq,al-ahli,2025-09-12,0.0,0.0
14429538,SA1,al-shabab,al-hazem,2025-09-12,1.0,0.0
14429543,SA1,al-ittihad,al-fateh,2025-09-12,4.0,2.0
14429540,SA1,al-khaleej,al-fayha,2025-09-13,3.0,0.0
14429542,SA1,al-okhdood,al-taawoun,2025-09-13,2.0,3.0
14429539,SA1,al-hilal,al-qadsiah,2025-09-13,2.0,2.0
14429544,SA1,al-riyadh,al-najma sc,2025-09-14,2.0,1.0
14429545,SA1,damac fc,neom sc,2025-09-14,1.0,2.0
14429546,SA1,al-nassr,al-kholood,2025-09-14,2.0,0.0
14429547,SA1,al-kholood,damac fc,2025-09-18,2.0,1.0
14429548,SA1,al-taawoun,al-ettifaq,2025-09-18,4.0,1.0
14429549,SA1,neom sc,al-okhdood,2025-09-18,1.0,0.0
14429550,SA1,al-qadsiah,al-khaleej,2025-09-19,2.0,1.0
14429551,SA1,al-fayha,al-shabab,2025-09-19,0.0,0.0
14429552,SA1,al-ahli,al-hilal,2025-09-19,3.0,3.0
14429553,SA1,al-hazem,al-fateh,2025-09-20,0.0,0.0
14429554,SA1,al-najma sc,al-ittihad,2025-09-20,0.0,1.0
14429555,SA1,al-nassr,al-riyadh,2025-09-20,5.0,1.0
14429137,SA1,al-khaleej,al-taawoun,2025-09-25,0.0,1.0
14429139,SA1,al-shabab,al-kholood,2025-09-25,1.0,2.0
14429144,SA1,al-hilal,al-okhdood,2025-09-25,3.0,1.0
14429560,SA1,al-hazem,al-ahli,2025-09-26,0.0,2.0
14429557,SA1,damac fc,al-ettifaq,2025-09-26,1.0,3.0
14429558,SA1,al-ittihad,al-nassr,2025-09-26,0.0,2.0
14429559,SA1,al-riyadh,neom sc,2025-09-27,2.0,3.0
14429556,SA1,al-najma sc,al-fayha,2025-09-27,1.0,2.0
14429561,SA1,al-fateh,al-qadsiah,2025-09-27,0.0,1.0
14429565,SA1,al-fayha,al-ittihad,2025-10-17,1.0,1.0
14429562,SA1,al-kholood,al-najma sc,2025-10-17,5.0,1.0
14429563,SA1,al-ahli,al-shabab,2025-10-17,1.0,1.0
14429564,SA1,al-ettifaq,al-hilal,2025-10-18,0.0,5.0
14429566,SA1,al-okhdood,al-hazem,2025-10-18,1.0,2.0
14429567,SA1,al-nassr,al-fateh,2025-10-18,5.0,1.0
14429568,SA1,al-khaleej,al-riyadh,2025-10-19,4.0,1.0
14429569,SA1,al-taawoun,damac fc,2025-10-19,6.0,1.0
14429570,SA1,neom sc,al-qadsiah,2025-10-19,1.0,3.0
14429571,SA1,al-riyadh,al-kholood,2025-10-23,1.0,0.0
14429572,SA1,al-fayha,al-taawoun,2025-10-23,1.0,2.0
14429573,SA1,al-najma sc,al-ahli,2025-10-23,0.0,1.0
14429574,SA1,al-fateh,al-ettifaq,2025-10-24,2.0,1.0
14429575,SA1,neom sc,al-khaleej,2025-10-24,1.0,1.0
14429576,SA1,al-ittihad,al-hilal,2025-10-24,0.0,2.0
14429578,SA1,al-qadsiah,al-okhdood,2025-10-25,0.0,0.0
14429579,SA1,al-shabab,damac fc,2025-10-25,1.0,1.0
14429580,SA1,al-hazem,al-nassr,2025-10-25,0.0,2.0
14771803,SA1,damac fc,al-fateh,2025-10-30,1.0,1.0
14771798,SA1,al-ahli,al-riyadh,2025-10-30,1.0,1.0
14771799,SA1,al-kholood,neom sc,2025-10-30,2.0,3.0
14771796,SA1,al-okhdood,al-najma sc,2025-10-31,2.0,1.0
14771802,SA1,al-hilal,al-shabab,2025-10-31,1.0,0.0
14771807,SA1,al-ettifaq,al-hazem,2025-10-31,2.0,2.0
14771800,SA1,al-taawoun,al-qadsiah,2025-11-01,2.0,0.0
14771797,SA1,al-khaleej,al-ittihad,2025-11-01,4.0,4.0
14833584,SA1,al-nassr,al-fayha,2025-11-01,2.0,1.0
14771809,SA1,al-hazem,al-khaleej,2025-11-06,1.0,4.0
14771896,SA1,al-qadsiah,al-kholood,2025-11-06,4.0,0.0
14771888,SA1,al-riyadh,damac fc,2025-11-06,1.0,1.0
14771805,SA1,al-fayha,al-okhdood,2025-11-07,2.0,0.0
14771801,SA1,al-fateh,al-taawoun,2025-11-07,2.0,5.0
14771808,SA1,al-najma sc,al-hilal,2025-11-07,2.0,4.0
14771806,SA1,neom sc,al-nassr,2025-11-08,1.0,3.0
14771811,SA1,al-shabab,al-ettifaq,2025-11-08,1.0,1.0
14771810,SA1,al-ittihad,al-ahli,2025-11-08,0.0,1.0
14771899,SA1,al-kholood,al-hazem,2025-11-21,1.0,2.0
14771900,SA1,al-ittihad,al-riyadh,2025-11-21,2.0,1.0
14771895,SA1,al-ahli,al-qadsiah,2025-11-21,2.0,1.0
14771903,SA1,damac fc,al-najma sc,2025-11-22,0.0,0.0
14771897,SA1,al-ettifaq,al-fayha,2025-11-22,3.0,2.0
14771898,SA1,al-hilal,al-fateh,2025-11-22,2.0,1.0
14771902,SA1,al-okhdood,al-shabab,2025-11-23,1.0,1.0
14771901,SA1,al-nassr,al-khaleej,2025-11-23,4.0,1.0
14771904,SA1,al-taawoun,neom sc,2025-11-23,1.0,1.0
15220786,SA1,al-fateh,al-okhdood,2026-02-23,2.0,1.0
15220783,SA1,al-qadsiah,al-ettifaq,2026-02-23,4.0,0.0
15220782,SA1,al-shabab,al-riyadh,2026-02-23,3.0,1.0
15220784,SA1,damac fc,al-ahli,2026-02-23,0.0,1.0
15220788,SA1,al-hazem,al-ittihad,2026-02-24,1.0,1.0
15220775,SA1,al-khaleej,al-kholood,2026-02-24,2.0,3.0
15220776,SA1,al-taawoun,al-hilal,2026-02-24,1.0,1.0
15220779,SA1,al-fayha,neom sc,2026-02-25,1.0,1.0
15220787,SA1,al-najma sc,al-nassr,2026-02-25,0.0,5.0
14771915,SA1,al-fayha,al-hazem,2025-12-25,0.0,0.0
14771927,SA1,al-riyadh,al-ettifaq,2025-12-25,0.0,2.0
14771930,SA1,neom sc,al-najma sc,2025-12-25,2.0,1.0
14771912,SA1,al-fateh,al-ahli,2025-12-26,2.0,1.0
14771920,SA1,al-kholood,al-taawoun,2025-12-26,0.0,2.0
14771916,SA1,al-hilal,al-khaleej,2025-12-26,3.0,2.0
14771919,SA1,al-qadsiah,damac fc,2025-12-27,1.0,1.0
14771921,SA1,al-nassr,al-okhdood,2025-12-27,3.0,0.0
14771917,SA1,al-ittihad,al-shabab,2025-12-27,2.0,0.0
14773676,SA1,al-khaleej,al-fateh,2025-12-29,0.0,1.0
14773675,SA1,al-riyadh,al-hazem,2025-12-29,1.0,2.0
14773680,SA1,al-taawoun,al-najma sc,2025-12-29,1.0,0.0
14773672,SA1,al-ahli,al-fayha,2025-12-30,2.0,0.0
14773671,SA1,al-ettifaq,al-nassr,2025-12-30,2.0,2.0
14773674,SA1,al-okhdood,damac fc,2025-12-30,0.0,1.0
14773678,SA1,neom sc,al-ittihad,2025-12-31,1.0,3.0
14773673,SA1,al-kholood,al-hilal,2025-12-31,1.0,3.0
14773677,SA1,al-shabab,al-qadsiah,2025-12-31,2.0,3.0
14773682,SA1,al-najma sc,al-khaleej,2026-01-02,2.0,2.0
14773681,SA1,al-ettifaq,al-okhdood,2026-01-02,2.0,0.0
14773679,SA1,al-ahli,al-nassr,2026-01-02,3.0,2.0
14773684,SA1,al-fateh,al-shabab,2026-01-03,2.0,0.0
14773686,SA1,al-fayha,al-kholood,2026-01-03,0.0,5.0
14773683,SA1,al-ittihad,al-taawoun,2026-01-03,1.0,0.0
14773687,SA1,al-hazem,neom sc,2026-01-04,1.0,2.0
14771918,SA1,al-qadsiah,al-riyadh,2026-01-04,4.0,0.0
14771922,SA1,damac fc,al-hilal,2026-01-04,0.0,2.0
14771926,SA1,al-hilal,al-hazem,2026-01-08,3.0,0.0
14771925,SA1,al-najma sc,al-ettifaq,2026-01-08,3.0,4.0
14771929,SA1,al-nassr,al-qadsiah,2026-01-08,1.0,2.0
14771923,SA1,al-khaleej,damac fc,2026-01-09,4.0,0.0
14771932,SA1,al-taawoun,al-shabab,2026-01-09,2.0,0.0
14771924,SA1,al-kholood,al-ittihad,2026-01-09,0.0,4.0
14771931,SA1,neom sc,al-fateh,2026-01-10,0.0,1.0
14773685,SA1,al-riyadh,al-fayha,2026-01-10,1.0,1.0
14771928,SA1,al-okhdood,al-ahli,2026-01-10,0.0,1.0
14771940,SA1,al-hazem,al-najma sc,2026-01-12,3.0,2.0
14771935,SA1,al-ettifaq,al-khaleej,2026-01-12,1.0,2.0
14771934,SA1,al-hilal,al-nassr,2026-01-12,3.0,1.0
14771942,SA1,al-okhdood,al-kholood,2026-01-13,1.0,0.0
14771936,SA1,al-fateh,al-riyadh,2026-01-13,3.0,1.0
14771939,SA1,damac fc,al-ittihad,2026-01-13,1.0,1.0
14771943,SA1,al-qadsiah,al-fayha,2026-01-14,5.0,0.0
14771933,SA1,al-ahli,al-taawoun,2026-01-14,2.0,1.0
14771938,SA1,al-shabab,neom sc,2026-01-14,3.0,2.0
14771948,SA1,al-najma sc,al-fateh,2026-01-16,1.0,1.0
14771946,SA1,al-khaleej,al-okhdood,2026-01-16,4.0,1.0
14771944,SA1,al-ittihad,al-ettifaq,2026-01-16,0.0,1.0
14771937,SA1,al-fayha,damac fc,2026-01-17,1.0,1.0
14771945,SA1,al-kholood,al-ahli,2026-01-17,0.0,1.0
14771947,SA1,al-nassr,al-shabab,2026-01-17,3.0,2.0
14771941,SA1,al-hazem,al-qadsiah,2026-01-18,1.0,5.0
14771949,SA1,al-riyadh,al-taawoun,2026-01-18,1.0,3.0
14771950,SA1,neom sc,al-hilal,2026-01-18,1.0,2.0
14773694,SA1,al-shabab,al-najma sc,2026-01-20,0.0,0.0
14773688,SA1,al-ahli,al-khaleej,2026-01-20,4.0,1.0
14773691,SA1,al-fateh,al-kholood,2026-01-20,2.0,5.0
14773692,SA1,al-okhdood,al-riyadh,2026-01-21,2.0,2.0
14773690,SA1,al-ettifaq,neom sc,2026-01-21,0.0,0.0
14773696,SA1,damac fc,al-nassr,2026-01-21,1.0,2.0
14773695,SA1,al-taawoun,al-hazem,2026-01-22,2.0,2.0
14773693,SA1,al-hilal,al-fayha,2026-01-22,4.0,1.0
14773689,SA1,al-qadsiah,al-ittihad,2026-01-22,2.0,1.0
14773699,SA1,al-khaleej,al-shabab,2026-01-24,0.0,0.0
14773700,SA1,al-kholood,al-ettifaq,2026-01-24,1.0,2.0
14773705,SA1,neom sc,al-ahli,2026-01-24,0.0,3.0
14773704,SA1,al-najma sc,al-qadsiah,2026-01-25,1.0,3.0
14773697,SA1,al-fayha,al-fateh,2026-01-25,2.0,0.0
14773703,SA1,al-riyadh,al-hilal,2026-01-25,1.0,1.0
14773698,SA1,al-hazem,damac fc,2026-01-26,2.0,1.0
14773702,SA1,al-ittihad,al-okhdood,2026-01-26,2.0,1.0
14773701,SA1,al-nassr,al-taawoun,2026-01-26,1.0,0.0
14773707,SA1,al-najma sc,al-riyadh,2026-01-28,1.0,1.0
14773706,SA1,al-ahli,al-ettifaq,2026-01-28,4.0,0.0
14773709,SA1,al-fayha,al-khaleej,2026-01-28,3.0,1.0
14773711,SA1,al-fateh,al-ittihad,2026-01-29,2.0,2.0
14773710,SA1,al-hazem,al-shabab,2026-01-29,0.0,4.0
14773712,SA1,al-qadsiah,al-hilal,2026-01-29,2.0,2.0
14773716,SA1,al-taawoun,al-okhdood,2026-01-30,1.0,0.0
14773708,SA1,al-kholood,al-nassr,2026-01-30,0.0,3.0
14773714,SA1,neom sc,damac fc,2026-01-30,3.0,0.0
14773722,SA1,al-shabab,al-fayha,2026-02-01,1.0,0.0
14773717,SA1,al-fateh,al-hazem,2026-02-01,1.0,1.0
14773720,SA1,al-ittihad,al-najma sc,2026-02-01,1.0,0.0
14773718,SA1,al-riyadh,al-nassr,2026-02-02,0.0,1.0
14773715,SA1,al-hilal,al-ahli,2026-02-02,0.0,0.0
14773719,SA1,al-okhdood,neom sc,2026-02-02,1.0,1.0
14773723,SA1,damac fc,al-kholood,2026-02-03,0.0,0.0
15251352,SA1,al-ettifaq,al-taawoun,2026-02-03,1.0,0.0
14773721,SA1,al-khaleej,al-qadsiah,2026-02-03,0.0,1.0
14773726,SA1,al-fayha,al-najma sc,2026-02-05,3.0,0.0
14773724,SA1,al-ahli,al-hazem,2026-02-05,2.0,0.0
14773729,SA1,al-okhdood,al-hilal,2026-02-05,0.0,6.0
14773732,SA1,neom sc,al-riyadh,2026-02-06,1.0,0.0
14773725,SA1,al-ettifaq,damac fc,2026-02-06,2.0,0.0
14773728,SA1,al-nassr,al-ittihad,2026-02-06,2.0,0.0
14773727,SA1,al-kholood,al-shabab,2026-02-07,1.0,0.0
14773730,SA1,al-taawoun,al-khaleej,2026-02-07,1.0,1.0
14773731,SA1,al-qadsiah,al-fateh,2026-02-07,1.0,1.0
14773743,SA1,damac fc,al-taawoun,2026-02-12,2.0,1.0
14773736,SA1,al-hazem,al-okhdood,2026-02-12,2.0,1.0
14773737,SA1,al-qadsiah,neom sc,2026-02-12,1.0,0.0
14773740,SA1,al-shabab,al-ahli,2026-02-13,2.0,5.0
14773735,SA1,al-hilal,al-ettifaq,2026-02-13,2.0,0.0
14773734,SA1,al-ittihad,al-fayha,2026-02-13,2.0,1.0
14773738,SA1,al-riyadh,al-khaleej,2026-02-14,1.0,1.0
14773739,SA1,al-najma sc,al-kholood,2026-02-14,2.0,1.0
14773733,SA1,al-fateh,al-nassr,2026-02-14,0.0,2.0
14773741,SA1,al-ahli,al-najma sc,2026-02-19,4.0,1.0
14773742,SA1,al-ettifaq,al-fateh,2026-02-19,4.0,3.0
14773745,SA1,al-kholood,al-riyadh,2026-02-19,0.0,2.0
14773746,SA1,al-okhdood,al-qadsiah,2026-02-20,2.0,4.0
14773748,SA1,al-taawoun,al-fayha,2026-02-20,2.0,3.0
14773750,SA1,damac fc,al-shabab,2026-02-20,1.0,3.0
14773744,SA1,al-hilal,al-ittihad,2026-02-21,1.0,1.0
14773749,SA1,al-khaleej,neom sc,2026-02-21,0.0,1.0
14773747,SA1,al-nassr,al-hazem,2026-02-21,4.0,0.0
14773752,SA1,al-fateh,damac fc,2026-02-26,1.0,1.0
14773756,SA1,al-riyadh,al-ahli,2026-02-26,0.0,1.0
14773753,SA1,al-hazem,al-ettifaq,2026-02-27,3.0,1.0
14773754,SA1,al-ittihad,al-khaleej,2026-02-27,1.0,0.0
14773758,SA1,al-shabab,al-hilal,2026-02-27,3.0,5.0
14773751,SA1,al-fayha,al-nassr,2026-02-28,1.0,3.0
14773755,SA1,al-najma sc,al-okhdood,2026-02-28,1.0,3.0
14773757,SA1,al-qadsiah,al-taawoun,2026-02-28,1.0,1.0
14773760,SA1,neom sc,al-kholood,2026-02-28,1.0,2.0
14771860,SA1,damac fc,al-riyadh,2026-03-05,3.0,0.0
14773759,SA1,al-ahli,al-ittihad,2026-03-06,3.0,1.0
14771855,SA1,al-hilal,al-najma sc,2026-03-06,4.0,0.0
14771854,SA1,al-khaleej,al-hazem,2026-03-06,2.0,1.0
14771861,SA1,al-taawoun,al-fateh,2026-03-06,3.0,2.0
14771853,SA1,al-ettifaq,al-shabab,2026-03-07,1.0,1.0
14771856,SA1,al-kholood,al-qadsiah,2026-03-07,1.0,4.0
14771858,SA1,al-nassr,neom sc,2026-03-07,1.0,0.0
14771857,SA1,al-okhdood,al-fayha,2026-03-07,0.0,5.0
14773761,SA1,al-hazem,al-kholood,2026-03-12,2.0,1.0
14773763,SA1,al-najma sc,damac fc,2026-03-12,1.0,3.0
14773767,SA1,neom sc,al-taawoun,2026-03-12,2.0,2.0
14771859,SA1,al-fayha,al-ettifaq,2026-03-13,1.0,0.0
14773764,SA1,al-qadsiah,al-ahli,2026-03-13,3.0,2.0
14773765,SA1,al-riyadh,al-ittihad,2026-03-13,3.0,1.0
14771864,SA1,al-fateh,al-hilal,2026-03-14,0.0,1.0
14773762,SA1,al-khaleej,al-nassr,2026-03-14,0.0,5.0
14773766,SA1,al-shabab,al-okhdood,2026-03-14,2.0,0.0
14773772,SA1,al-kholood,al-khaleej,2026-04-03,2.0,2.0
14773771,SA1,al-ittihad,al-hazem,2026-04-03,1.0,0.0
14773775,SA1,al-nassr,al-najma sc,2026-04-03,5.0,2.0
14773768,SA1,al-ahli,damac fc,2026-04-04,3.0,0.0
14773777,SA1,neom sc,al-fayha,2026-04-04,1.0,0.0
14773770,SA1,al-hilal,al-taawoun,2026-04-04,2.0,2.0
14773773,SA1,al-okhdood,al-fateh,2026-04-05,1.0,0.0
14773769,SA1,al-ettifaq,al-qadsiah,2026-04-05,3.0,2.0
14773774,SA1,al-riyadh,al-shabab,2026-04-05,1.0,1.0
14773783,SA1,damac fc,al-qadsiah,2026-04-09,1.0,1.0
14773776,SA1,al-ettifaq,al-riyadh,2026-04-09,2.0,3.0
14773781,SA1,al-najma sc,neom sc,2026-04-11,2.0,1.0
14773784,SA1,al-taawoun,al-kholood,2026-04-11,1.0,2.0
14773780,SA1,al-hazem,al-fayha,2026-04-11,2.0,0.0
14773782,SA1,al-okhdood,al-nassr,2026-04-11,0.0,2.0
16017798,SA1,al-khaleej,al-hilal,2026-05-05,1.0,2.0
16017540,SA1,al-ahli,al-fateh,2026-05-06,3.0,1.0
16017541,SA1,al-shabab,al-ittihad,2026-05-17,3.0,2.0
14773787,SA1,al-fayha,al-ahli,2026-04-08,1.0,1.0
14773788,SA1,al-hilal,al-kholood,2026-04-08,6.0,0.0
14773791,SA1,al-ittihad,neom sc,2026-04-08,3.0,4.0
14771863,SA1,al-qadsiah,al-shabab,2026-04-14,2.0,2.0
14773793,SA1,al-nassr,al-ettifaq,2026-04-15,1.0,0.0
14773790,SA1,al-najma sc,al-taawoun,2026-04-23,1.0,2.0
14771866,SA1,damac fc,al-okhdood,2026-04-23,2.0,0.0
14773786,SA1,al-fateh,al-khaleej,2026-04-24,1.0,0.0
14773789,SA1,al-hazem,al-riyadh,2026-04-24,2.0,1.0
14773792,SA1,al-shabab,al-fateh,2026-04-28,1.0,1.0
14771877,SA1,neom sc,al-hazem,2026-04-28,1.0,1.0
14771862,SA1,al-hilal,damac fc,2026-04-28,1.0,0.0
14771872,SA1,al-khaleej,al-najma sc,2026-04-28,3.0,1.0
14771881,SA1,al-riyadh,al-qadsiah,2026-04-29,0.0,4.0
14771870,SA1,al-taawoun,al-ittihad,2026-04-29,0.0,2.0
14771873,SA1,al-nassr,al-ahli,2026-04-29,2.0,0.0
14771865,SA1,al-okhdood,al-ettifaq,2026-04-30,1.0,3.0
14771867,SA1,al-kholood,al-fayha,2026-04-30,1.0,1.0
14771875,SA1,al-fateh,neom sc,2026-05-02,2.0,2.0
14771879,SA1,damac fc,al-khaleej,2026-05-02,0.0,2.0
14771880,SA1,al-hazem,al-hilal,2026-05-02,0.0,3.0
14771871,SA1,al-shabab,al-taawoun,2026-05-03,1.0,5.0
14771868,SA1,al-ahli,al-okhdood,2026-05-03,4.0,0.0
14771876,SA1,al-qadsiah,al-nassr,2026-05-03,3.0,1.0
14771874,SA1,al-fayha,al-riyadh,2026-05-04,4.0,2.0
14771869,SA1,al-ettifaq,al-najma sc,2026-05-04,0.0,0.0
14771878,SA1,al-ittihad,al-kholood,2026-05-04,0.0,0.0
14771884,SA1,al-khaleej,al-ettifaq,2026-05-09,0.0,5.0
14771887,SA1,al-najma sc,al-hazem,2026-05-09,2.0,2.0
14771882,SA1,al-fayha,al-qadsiah,2026-05-09,1.0,2.0
14771886,SA1,al-riyadh,al-fateh,2026-05-10,1.0,0.0
14771883,SA1,al-ittihad,damac fc,2026-05-10,2.0,1.0
14771892,SA1,neom sc,al-shabab,2026-05-11,2.0,1.0
14771889,SA1,al-taawoun,al-ahli,2026-05-11,1.0,2.0
14771885,SA1,al-kholood,al-okhdood,2026-05-12,0.0,0.0
14771891,SA1,al-nassr,al-hilal,2026-05-12,1.0,1.0
14773797,SA1,al-shabab,al-nassr,2026-05-07,2.0,4.0
14771894,SA1,al-fateh,al-najma sc,2026-05-14,2.0,0.0
14771890,SA1,al-ettifaq,al-ittihad,2026-05-14,1.0,3.0
14773795,SA1,al-qadsiah,al-hazem,2026-05-14,2.0,0.0
14773799,SA1,damac fc,al-fayha,2026-05-15,3.0,0.0
14773798,SA1,al-taawoun,al-riyadh,2026-05-15,1.0,1.0
14773794,SA1,al-hilal,neom sc,2026-05-16,2.0,0.0
14773796,SA1,al-okhdood,al-khaleej,2026-05-16,3.0,1.0
14771893,SA1,al-ahli,al-kholood,2026-05-16,3.0,0.0
14773802,SA1,al-khaleej,al-ahli,2026-05-20,1.0,4.0
14773808,SA1,al-najma sc,al-shabab,2026-05-20,1.0,0.0
14773800,SA1,al-fayha,al-hilal,2026-05-21,0.0,1.0
14773801,SA1,al-hazem,al-taawoun,2026-05-21,2.0,0.0
14773803,SA1,al-ittihad,al-qadsiah,2026-05-21,1.0,5.0
14773804,SA1,al-kholood,al-fateh,2026-05-21,0.0,0.0
14773805,SA1,al-nassr,damac fc,2026-05-21,4.0,1.0
14773807,SA1,al-riyadh,al-okhdood,2026-05-21,1.0,0.0
14773806,SA1,neom sc,al-ettifaq,2026-05-21,1.0,1.0
16629408,SA1,abha,al-hazem,2026-08-13,1.0,2.0
16629410,SA1,al diriyah,al-ahli,2026-08-13,0.0,1.0
16629409,SA1,al-shabab,al-qadsiah,2026-08-13,1.0,3.0
16629414,SA1,neom sc,al-fayha,2026-08-14,2.0,1.0
16629415,SA1,al-ettifaq,al-riyadh,2026-08-14,4.0,2.0
16629416,SA1,al-hilal,al faisaly,2026-08-14,4.0,2.0
16629417,SA1,al-taawoun,al-khaleej,2026-08-15,0.0,0.0
16629418,SA1,al-ittihad,al-kholood,2026-08-15,1.0,1.0
16629419,SA1,al-nassr,al-fateh,2026-08-15,3.0,0.0
16629420,SA1,al-fayha,al-hilal,2026-08-20,0.0,3.0
16629421,SA1,al-riyadh,al-nassr,2026-08-21,0.0,4.0
16629422,SA1,al-hazem,al diriyah,2026-08-21,0.0,1.0
16629424,SA1,al faisaly,neom sc,2026-08-21,0.0,2.0
16629425,SA1,al-qadsiah,al-ittihad,2026-08-21,0.0,1.0
16629426,SA1,al-fateh,al-ettifaq,2026-08-22,0.0,1.0
16629427,SA1,al-kholood,al-taawoun,2026-08-22,3.0,2.0
16629429,SA1,al-ahli,abha,2026-08-22,4.0,0.0
16629428,SA1,al-khaleej,al-shabab,2026-08-22,0.0,0.0
16629430,SA1,neom sc,al-qadsiah,2026-08-24,0.0,2.0
16629431,SA1,al-ittihad,al-hazem,2026-08-24,3.0,2.0
16629432,SA1,abha,al-khaleej,2026-08-25,1.0,1.0
16629433,SA1,al-taawoun,al-fayha,2026-08-25,0.0,0.0
16629434,SA1,al-ettifaq,al-nassr,2026-08-25,2.0,3.0
16629435,SA1,al-shabab,al-riyadh,2026-08-25,3.0,3.0
16629436,SA1,al faisaly,al-fateh,2026-08-26,1.0,1.0
16629437,SA1,al diriyah,al-kholood,2026-08-26,1.0,1.0
14038682,SW1,fc zürich,fc sion,2025-07-25,2.0,3.0
14038829,SW1,fc st. gallen 1879,basel,2025-07-26,2.0,1.0
14038679,SW1,grasshopper club zürich,fc luzern,2025-07-26,2.0,3.0
14038681,SW1,bsc young boys,servette fc,2025-07-26,3.0,1.0
14038680,SW1,fc lausanne-sport,fc winterthur,2025-07-27,3.0,2.0
14038683,SW1,fc lugano,fc thun,2025-07-27,1.0,2.0
14038685,SW1,fc winterthur,bsc young boys,2025-08-02,1.0,1.0
14038684,SW1,servette fc,fc st. gallen 1879,2025-08-02,1.0,4.0
14038686,SW1,basel,grasshopper club zürich,2025-08-02,2.0,1.0
14038687,SW1,fc thun,fc lausanne-sport,2025-08-03,2.0,1.0
14038688,SW1,fc luzern,fc zürich,2025-08-03,1.0,1.0
14038689,SW1,fc sion,fc lugano,2025-08-03,4.0,0.0
14038725,SW1,fc st. gallen 1879,fc winterthur,2025-08-09,5.0,0.0
14038726,SW1,fc luzern,fc thun,2025-08-09,1.0,2.0
14038727,SW1,bsc young boys,fc sion,2025-08-10,0.0,0.0
14038731,SW1,fc lausanne-sport,fc zürich,2025-08-10,1.0,2.0
14038730,SW1,fc lugano,basel,2025-08-10,3.0,1.0
14038728,SW1,servette fc,grasshopper club zürich,2025-08-10,1.0,1.0
14038729,SW1,basel,bsc young boys,2025-08-06,4.0,1.0
14038732,SW1,fc zürich,fc thun,2025-08-23,0.0,4.0
14038737,SW1,grasshopper club zürich,fc winterthur,2025-08-24,2.0,2.0
14038736,SW1,fc st. gallen 1879,fc luzern,2025-08-24,0.0,1.0
14484348,SW1,fc lugano,fc lausanne-sport,2025-09-17,1.0,1.0
14484345,SW1,fc sion,servette fc,2025-09-17,0.0,2.0
14038745,SW1,fc thun,grasshopper club zürich,2025-08-30,1.0,1.0
14038738,SW1,fc winterthur,fc zürich,2025-08-30,1.0,3.0
14038734,SW1,fc sion,basel,2025-08-30,0.0,1.0
14038740,SW1,fc lausanne-sport,fc st. gallen 1879,2025-08-31,1.0,2.0
14038739,SW1,bsc young boys,fc lugano,2025-08-31,3.0,1.0
14038742,SW1,servette fc,fc luzern,2025-08-31,2.0,2.0
14038744,SW1,fc thun,basel,2025-09-13,1.0,3.0
14038741,SW1,fc zürich,servette fc,2025-09-13,2.0,1.0
14038751,SW1,fc st. gallen 1879,fc lugano,2025-09-13,1.0,0.0
14038747,SW1,fc winterthur,fc sion,2025-09-14,2.0,3.0
14038743,SW1,fc luzern,bsc young boys,2025-09-14,1.0,2.0
14038752,SW1,grasshopper club zürich,fc lausanne-sport,2025-09-14,3.0,1.0
14038750,SW1,fc lugano,grasshopper club zürich,2025-09-27,2.0,1.0
14038753,SW1,servette fc,fc winterthur,2025-09-27,4.0,0.0
14038746,SW1,fc zürich,fc st. gallen 1879,2025-09-27,3.0,1.0
14038748,SW1,bsc young boys,fc thun,2025-09-28,4.0,2.0
14038754,SW1,basel,fc luzern,2025-09-28,1.0,2.0
14038749,SW1,fc sion,fc lausanne-sport,2025-09-28,0.0,0.0
14038756,SW1,fc luzern,fc sion,2025-10-04,3.0,3.0
14038755,SW1,fc st. gallen 1879,fc thun,2025-10-04,1.0,2.0
14038760,SW1,grasshopper club zürich,fc zürich,2025-10-04,3.0,0.0
14038757,SW1,fc lausanne-sport,bsc young boys,2025-10-05,5.0,0.0
14038759,SW1,fc winterthur,fc lugano,2025-10-05,2.0,4.0
14038761,SW1,servette fc,basel,2025-10-05,0.0,3.0
14038764,SW1,basel,fc winterthur,2025-10-18,3.0,0.0
14038762,SW1,fc thun,servette fc,2025-10-18,3.0,1.0
14038765,SW1,fc lugano,fc zürich,2025-10-18,1.0,0.0
14038766,SW1,grasshopper club zürich,fc sion,2025-10-19,0.0,1.0
14038767,SW1,bsc young boys,fc st. gallen 1879,2025-10-19,1.0,2.0
14038769,SW1,fc luzern,fc lausanne-sport,2025-10-19,2.0,2.0
14038768,SW1,fc sion,fc thun,2025-10-25,0.0,1.0
14038771,SW1,fc st. gallen 1879,grasshopper club zürich,2025-10-25,5.0,0.0
14038770,SW1,fc winterthur,fc luzern,2025-10-25,2.0,2.0
14038773,SW1,fc zürich,bsc young boys,2025-10-26,2.0,3.0
14038774,SW1,fc lausanne-sport,basel,2025-10-26,5.0,1.0
14038772,SW1,servette fc,fc lugano,2025-10-26,2.0,1.0
14038775,SW1,fc sion,fc st. gallen 1879,2025-10-28,3.0,2.0
14038776,SW1,fc thun,fc winterthur,2025-10-28,3.0,0.0
14038781,SW1,basel,fc zürich,2025-10-29,2.0,0.0
14038778,SW1,fc lausanne-sport,servette fc,2025-10-29,1.0,3.0
14038777,SW1,fc lugano,fc luzern,2025-10-30,2.0,0.0
14038780,SW1,grasshopper club zürich,bsc young boys,2025-10-30,3.0,3.0
14038779,SW1,fc thun,fc sion,2025-11-01,2.0,1.0
14038783,SW1,fc winterthur,servette fc,2025-11-01,4.0,2.0
14038786,SW1,fc zürich,fc lausanne-sport,2025-11-01,1.0,2.0
14038787,SW1,bsc young boys,basel,2025-11-02,0.0,0.0
14038782,SW1,fc luzern,grasshopper club zürich,2025-11-02,6.0,0.0
15012156,SW1,fc lugano,fc st. gallen 1879,2025-11-26,1.0,3.0
14038785,SW1,fc winterthur,grasshopper club zürich,2025-11-08,0.0,1.0
14038784,SW1,fc zürich,fc luzern,2025-11-08,3.0,2.0
14038788,SW1,servette fc,fc thun,2025-11-08,0.0,1.0
14038796,SW1,basel,fc lugano,2025-11-09,0.0,1.0
14038790,SW1,fc lausanne-sport,fc sion,2025-11-09,2.0,2.0
14038792,SW1,fc st. gallen 1879,bsc young boys,2025-11-09,1.0,4.0
14038793,SW1,bsc young boys,fc winterthur,2025-11-22,5.0,0.0
14038797,SW1,fc luzern,servette fc,2025-11-22,2.0,2.0
14038791,SW1,fc thun,fc lugano,2025-11-22,0.0,1.0
14038795,SW1,fc sion,fc zürich,2025-11-23,2.0,2.0
14038794,SW1,fc st. gallen 1879,fc lausanne-sport,2025-11-23,1.0,0.0
14038799,SW1,grasshopper club zürich,basel,2025-11-23,1.0,1.0
14038802,SW1,fc lugano,fc sion,2025-11-29,1.0,1.0
14038798,SW1,fc zürich,grasshopper club zürich,2025-11-29,1.0,0.0
14038801,SW1,fc luzern,fc winterthur,2025-11-29,1.0,3.0
14038800,SW1,servette fc,bsc young boys,2025-11-30,4.0,4.0
14038804,SW1,basel,fc st. gallen 1879,2025-11-30,0.0,0.0
14038803,SW1,fc lausanne-sport,fc thun,2025-11-30,2.0,1.0
14038805,SW1,fc thun,fc luzern,2025-12-06,4.0,1.0
14038809,SW1,grasshopper club zürich,servette fc,2025-12-06,0.0,1.0
14038807,SW1,fc st. gallen 1879,fc zürich,2025-12-06,1.0,2.0
14038806,SW1,fc winterthur,basel,2025-12-07,1.0,2.0
14038811,SW1,fc lausanne-sport,fc lugano,2025-12-07,0.0,0.0
14038808,SW1,fc sion,bsc young boys,2025-12-07,2.0,0.0
14038814,SW1,fc sion,grasshopper club zürich,2025-12-13,1.0,0.0
14038812,SW1,fc zürich,fc winterthur,2025-12-13,2.0,2.0
14038810,SW1,fc thun,fc st. gallen 1879,2025-12-13,0.0,2.0
14038813,SW1,bsc young boys,fc luzern,2025-12-14,2.0,0.0
14038816,SW1,basel,fc lausanne-sport,2025-12-14,0.0,0.0
14038815,SW1,fc lugano,servette fc,2025-12-14,4.0,2.0
14038821,SW1,fc st. gallen 1879,fc sion,2025-12-16,3.0,1.0
14038819,SW1,fc winterthur,fc thun,2025-12-16,1.0,4.0
14038818,SW1,bsc young boys,grasshopper club zürich,2025-12-17,2.0,6.0
14038822,SW1,fc luzern,basel,2025-12-17,1.0,2.0
14038817,SW1,fc zürich,fc lugano,2025-12-17,0.0,1.0
14038823,SW1,servette fc,fc lausanne-sport,2026-01-14,0.0,1.0
14038824,SW1,fc thun,fc zürich,2025-12-20,4.0,2.0
14038832,SW1,basel,servette fc,2025-12-20,1.0,1.0
14038827,SW1,fc lausanne-sport,fc luzern,2025-12-21,0.0,4.0
14038826,SW1,fc lugano,bsc young boys,2025-12-21,3.0,0.0
14038828,SW1,grasshopper club zürich,fc st. gallen 1879,2025-12-21,1.0,2.0
15306996,SW1,fc sion,fc winterthur,2026-01-14,2.0,0.0
14038833,SW1,fc luzern,fc lugano,2026-01-17,2.0,5.0
14038831,SW1,bsc young boys,fc lausanne-sport,2026-01-17,1.0,3.0
14038834,SW1,servette fc,fc zürich,2026-01-18,1.0,1.0
14038846,SW1,basel,fc sion,2026-01-18,1.0,1.0
14038839,SW1,grasshopper club zürich,fc thun,2026-01-18,1.0,3.0
15515587,SW1,fc winterthur,fc st. gallen 1879,2026-02-18,1.0,5.0
14038848,SW1,fc lausanne-sport,grasshopper club zürich,2026-01-24,1.0,1.0
14038836,SW1,fc lugano,fc winterthur,2026-01-24,4.0,1.0
14038835,SW1,fc sion,fc luzern,2026-01-24,1.0,1.0
14038842,SW1,fc thun,bsc young boys,2026-01-25,4.0,1.0
14038837,SW1,fc st. gallen 1879,servette fc,2026-01-25,2.0,4.0
14038838,SW1,fc zürich,basel,2026-01-25,3.0,4.0
14038841,SW1,fc winterthur,fc lausanne-sport,2026-01-31,2.0,1.0
14038847,SW1,servette fc,fc sion,2026-01-31,3.0,3.0
14038840,SW1,grasshopper club zürich,fc lugano,2026-01-31,1.0,1.0
14038845,SW1,fc luzern,fc st. gallen 1879,2026-02-01,2.0,2.0
14038844,SW1,bsc young boys,fc zürich,2026-02-01,3.0,0.0
14038843,SW1,basel,fc thun,2026-02-01,1.0,2.0
15362689,SW1,fc sion,fc luzern,2026-02-07,0.0,0.0
15362664,SW1,fc winterthur,fc lugano,2026-02-07,1.0,1.0
15362670,SW1,grasshopper club zürich,bsc young boys,2026-02-07,1.0,1.0
15362677,SW1,servette fc,fc thun,2026-02-08,1.0,3.0
15362682,SW1,basel,fc zürich,2026-02-08,2.0,1.0
15362668,SW1,fc lausanne-sport,fc st. gallen 1879,2026-02-08,1.0,1.0
15362673,SW1,fc luzern,grasshopper club zürich,2026-02-10,4.0,3.0
15362674,SW1,fc lugano,servette fc,2026-02-11,1.0,1.0
15362675,SW1,fc st. gallen 1879,bsc young boys,2026-02-11,2.0,1.0
15362671,SW1,fc zürich,fc winterthur,2026-02-11,3.0,0.0
15362678,SW1,fc sion,basel,2026-02-12,2.0,0.0
15362685,SW1,fc thun,fc lausanne-sport,2026-02-12,5.0,1.0
15362667,SW1,fc st. gallen 1879,grasshopper club zürich,2026-02-14,0.0,0.0
15362676,SW1,fc zürich,fc luzern,2026-02-14,1.0,4.0
15362663,SW1,bsc young boys,fc winterthur,2026-02-14,6.0,1.0
15362681,SW1,fc thun,fc sion,2026-02-15,1.0,0.0
15362687,SW1,basel,fc lugano,2026-02-15,1.0,1.0
15362680,SW1,fc lausanne-sport,servette fc,2026-02-15,3.0,3.0
15362690,SW1,servette fc,fc st. gallen 1879,2026-02-21,1.0,1.0
15362672,SW1,grasshopper club zürich,fc zürich,2026-02-21,1.0,2.0
15362669,SW1,fc sion,bsc young boys,2026-02-22,3.0,1.0
15362665,SW1,fc lugano,fc lausanne-sport,2026-02-22,2.0,1.0
15362666,SW1,fc luzern,basel,2026-02-22,4.0,2.0
15594738,SW1,fc winterthur,fc thun,2026-02-25,0.0,3.0
15362679,SW1,fc st. gallen 1879,fc winterthur,2026-02-28,2.0,1.0
15362684,SW1,fc thun,fc luzern,2026-02-28,2.0,1.0
15362683,SW1,servette fc,fc sion,2026-02-28,0.0,0.0
15362686,SW1,fc lausanne-sport,basel,2026-03-01,1.0,2.0
15362691,SW1,bsc young boys,fc zürich,2026-03-01,3.0,0.0
15362692,SW1,grasshopper club zürich,fc lugano,2026-03-01,1.0,0.0
15362695,SW1,fc winterthur,servette fc,2026-03-03,1.0,1.0
15362694,SW1,fc lugano,fc sion,2026-03-04,2.0,1.0
15362696,SW1,fc luzern,bsc young boys,2026-03-04,1.0,2.0
15362693,SW1,fc zürich,fc lausanne-sport,2026-03-04,1.0,2.0
15362699,SW1,basel,grasshopper club zürich,2026-03-05,1.0,0.0
15362697,SW1,fc thun,fc st. gallen 1879,2026-03-05,2.0,2.0
15362698,SW1,fc sion,fc winterthur,2026-03-07,1.0,1.0
15362702,SW1,servette fc,fc zürich,2026-03-07,2.0,1.0
15362700,SW1,fc lugano,fc luzern,2026-03-07,1.0,3.0
15362703,SW1,fc st. gallen 1879,basel,2026-03-08,3.0,0.0
15362701,SW1,bsc young boys,fc thun,2026-03-08,1.0,2.0
15362705,SW1,grasshopper club zürich,fc lausanne-sport,2026-03-08,2.0,3.0
15362704,SW1,fc thun,grasshopper club zürich,2026-03-14,5.0,1.0
15362706,SW1,fc zürich,fc sion,2026-03-14,1.0,2.0
15362708,SW1,fc lausanne-sport,bsc young boys,2026-03-15,0.0,2.0
15362710,SW1,basel,servette fc,2026-03-15,3.0,1.0
15362709,SW1,fc luzern,fc winterthur,2026-03-15,1.0,2.0
15754640,SW1,fc st. gallen 1879,fc lugano,2026-03-17,1.0,1.0
15362711,SW1,fc zürich,fc thun,2026-03-21,2.0,1.0
15362715,SW1,servette fc,grasshopper club zürich,2026-03-21,5.0,0.0
15362713,SW1,fc sion,fc st. gallen 1879,2026-03-21,1.0,1.0
15362719,SW1,fc winterthur,basel,2026-03-22,0.0,2.0
15362712,SW1,bsc young boys,fc lugano,2026-03-22,1.0,1.0
15362714,SW1,fc luzern,fc lausanne-sport,2026-03-22,4.0,0.0
15362716,SW1,fc lausanne-sport,fc winterthur,2026-04-04,2.0,1.0
15362717,SW1,fc lugano,fc thun,2026-04-04,1.0,0.0
15362728,SW1,basel,bsc young boys,2026-04-04,3.0,3.0
15362720,SW1,grasshopper club zürich,fc sion,2026-04-06,0.0,4.0
15362718,SW1,fc st. gallen 1879,fc zürich,2026-04-06,2.0,1.0
15362726,SW1,servette fc,fc luzern,2026-04-06,3.0,0.0
15362725,SW1,fc winterthur,grasshopper club zürich,2026-04-11,0.0,2.0
15362721,SW1,fc zürich,fc lugano,2026-04-11,0.0,1.0
15362724,SW1,bsc young boys,servette fc,2026-04-12,1.0,1.0
15362727,SW1,fc luzern,fc st. gallen 1879,2026-04-12,2.0,2.0
15362722,SW1,fc sion,fc lausanne-sport,2026-04-12,3.0,0.0
15999232,SW1,fc thun,basel,2026-04-18,3.0,1.0
15916410,SW1,fc lausanne-sport,fc zürich,2026-04-25,3.0,0.0
15916415,SW1,grasshopper club zürich,fc luzern,2026-04-25,1.0,2.0
15916395,SW1,fc thun,fc lugano,2026-04-25,0.0,1.0
15916411,SW1,basel,fc sion,2026-04-26,0.0,2.0
15916388,SW1,bsc young boys,fc st. gallen 1879,2026-04-26,1.0,2.0
15916400,SW1,servette fc,fc winterthur,2026-04-26,5.0,3.0
15916401,SW1,fc lausanne-sport,fc luzern,2026-05-02,1.0,3.0
15916405,SW1,fc winterthur,fc zürich,2026-05-02,2.0,2.0
15916392,SW1,basel,fc thun,2026-05-02,3.0,1.0
15916387,SW1,fc st. gallen 1879,fc sion,2026-05-03,0.0,3.0
15916390,SW1,fc lugano,bsc young boys,2026-05-03,1.0,0.0
15916397,SW1,grasshopper club zürich,servette fc,2026-05-03,0.0,2.0
15916402,SW1,fc winterthur,fc lausanne-sport,2026-05-09,2.0,1.0
15916403,SW1,fc zürich,grasshopper club zürich,2026-05-09,2.0,1.0
15916412,SW1,fc luzern,servette fc,2026-05-09,3.0,3.0
15916416,SW1,fc lugano,fc st. gallen 1879,2026-05-10,1.0,2.0
15916393,SW1,bsc young boys,basel,2026-05-10,3.0,0.0
15916389,SW1,fc sion,fc thun,2026-05-10,2.0,0.0
15916413,SW1,fc luzern,fc zürich,2026-05-12,1.0,0.0
15916409,SW1,grasshopper club zürich,fc winterthur,2026-05-12,3.0,2.0
15916398,SW1,servette fc,fc lausanne-sport,2026-05-12,2.0,0.0
15916396,SW1,basel,fc st. gallen 1879,2026-05-14,1.0,3.0
15916394,SW1,fc sion,fc lugano,2026-05-14,2.0,2.0
15916399,SW1,fc thun,bsc young boys,2026-05-14,3.0,8.0
15916404,SW1,fc lausanne-sport,grasshopper club zürich,2026-05-16,1.0,3.0
15916408,SW1,fc winterthur,fc luzern,2026-05-16,0.0,3.0
15916407,SW1,fc zürich,servette fc,2026-05-16,0.0,2.0
15916406,SW1,bsc young boys,fc sion,2026-05-17,3.0,3.0
15916414,SW1,fc lugano,basel,2026-05-17,4.0,0.0
15916391,SW1,fc st. gallen 1879,fc thun,2026-05-17,1.0,1.0
16357061,SW1,fc lausanne-sport,grasshopper club zürich,2026-07-25,1.0,1.0
16357065,SW1,servette fc,basel,2026-07-25,0.0,1.0
16357162,SW1,fc luzern,fc thun,2026-07-25,1.0,3.0
16357185,SW1,bsc young boys,fc sion,2026-07-26,4.0,2.0
16357159,SW1,fc lugano,fc vaduz,2026-07-26,2.0,1.0
16357068,SW1,fc st. gallen 1879,fc zürich,2026-07-26,2.0,1.0
16357071,SW1,basel,fc lausanne-sport,2026-08-01,0.0,1.0
16357057,SW1,fc zürich,servette fc,2026-08-01,2.0,1.0
16357073,SW1,fc thun,bsc young boys,2026-08-01,0.0,6.0
16357069,SW1,fc vaduz,fc st. gallen 1879,2026-08-02,2.0,3.0
16357072,SW1,fc sion,fc luzern,2026-08-02,3.0,0.0
16357076,SW1,grasshopper club zürich,fc lugano,2026-08-02,1.0,4.0
16357088,SW1,fc lausanne-sport,bsc young boys,2026-08-08,2.0,2.0
16357091,SW1,servette fc,grasshopper club zürich,2026-08-08,2.0,1.0
16357118,SW1,fc lugano,fc zürich,2026-08-09,5.0,0.0
16357083,SW1,basel,fc thun,2026-08-09,4.0,2.0
16357153,SW1,fc sion,fc vaduz,2026-08-09,3.0,2.0
16357148,SW1,fc st. gallen 1879,fc luzern,2026-08-09,2.0,2.0
16357149,SW1,fc luzern,fc lausanne-sport,2026-08-22,1.0,0.0
16357155,SW1,fc zürich,basel,2026-08-22,1.0,2.0
16357150,SW1,bsc young boys,fc vaduz,2026-08-23,4.0,2.0
13984561,DK1,viborg ff,fc københavn,2025-07-18,2.0,3.0
13984579,DK1,fc fredericia,fc nordsjælland,2025-07-20,2.0,3.0
13984575,DK1,vejle,randers fc,2025-07-20,1.0,1.0
13984562,DK1,sønderjyske fodbold,agf,2025-07-20,1.0,1.0
13984572,DK1,fc midtjylland,odense boldklub,2025-07-20,3.0,3.0
13984573,DK1,brøndby if,silkeborg if,2025-07-20,3.0,0.0
13984567,DK1,agf,randers fc,2025-07-25,1.0,2.0
13984571,DK1,fc københavn,vejle,2025-07-26,2.0,0.0
13984577,DK1,odense boldklub,viborg ff,2025-07-27,3.0,1.0
13984569,DK1,silkeborg if,fc fredericia,2025-07-27,0.0,2.0
13984580,DK1,fc nordsjælland,brøndby if,2025-07-27,0.0,1.0
13984564,DK1,fc midtjylland,sønderjyske fodbold,2025-07-28,6.0,2.0
13984583,DK1,fc fredericia,fc københavn,2025-08-01,0.0,2.0
13984558,DK1,vejle,odense boldklub,2025-08-01,4.0,0.0
13984565,DK1,randers fc,silkeborg if,2025-08-03,1.0,0.0
13984574,DK1,sønderjyske fodbold,fc nordsjælland,2025-08-03,3.0,2.0
13984566,DK1,agf,fc midtjylland,2025-08-03,0.0,0.0
13984559,DK1,brøndby if,viborg ff,2025-08-03,0.0,2.0
13984585,DK1,fc københavn,agf,2025-08-08,2.0,3.0
13984582,DK1,viborg ff,sønderjyske fodbold,2025-08-08,1.0,0.0
13984557,DK1,fc midtjylland,fc fredericia,2025-08-10,3.0,3.0
13984584,DK1,silkeborg if,fc nordsjælland,2025-08-10,4.0,2.0
13984570,DK1,brøndby if,vejle,2025-08-10,2.0,1.0
13984560,DK1,odense boldklub,randers fc,2025-08-11,3.0,2.0
13984586,DK1,fc nordsjælland,fc københavn,2025-08-15,1.0,3.0
13984568,DK1,fc fredericia,sønderjyske fodbold,2025-08-15,3.0,2.0
13984581,DK1,vejle,fc midtjylland,2025-08-17,0.0,2.0
13984576,DK1,viborg ff,silkeborg if,2025-08-17,2.0,3.0
13984578,DK1,randers fc,brøndby if,2025-08-17,0.0,2.0
13984563,DK1,odense boldklub,agf,2025-08-18,1.0,5.0
13984589,DK1,fc københavn,odense boldklub,2025-08-23,1.0,1.0
13984587,DK1,fc fredericia,randers fc,2025-08-24,1.0,0.0
13984588,DK1,fc midtjylland,silkeborg if,2025-08-24,4.0,2.0
13984590,DK1,sønderjyske fodbold,brøndby if,2025-08-24,2.0,0.0
13984594,DK1,agf,vejle,2025-08-24,1.0,0.0
13984593,DK1,fc nordsjælland,viborg ff,2025-08-25,1.0,0.0
13984596,DK1,vejle,viborg ff,2025-08-29,1.0,2.0
13984591,DK1,agf,fc fredericia,2025-08-31,4.0,1.0
13984598,DK1,silkeborg if,sønderjyske fodbold,2025-08-31,0.0,2.0
13984592,DK1,odense boldklub,fc nordsjælland,2025-08-31,1.0,2.0
13984599,DK1,randers fc,fc københavn,2025-08-31,1.0,5.0
13984595,DK1,brøndby if,fc midtjylland,2025-08-31,1.0,3.0
13984604,DK1,sønderjyske fodbold,randers fc,2025-09-12,0.0,1.0
13996996,DK1,brøndby if,fc københavn,2025-09-13,2.0,1.0
13984601,DK1,viborg ff,agf,2025-09-14,1.0,2.0
13984600,DK1,fc nordsjælland,fc midtjylland,2025-09-14,1.0,0.0
13984602,DK1,silkeborg if,odense boldklub,2025-09-14,2.0,1.0
13984597,DK1,fc fredericia,vejle,2025-09-15,1.0,1.0
13984610,DK1,odense boldklub,fc fredericia,2025-09-19,3.0,2.0
13984616,DK1,fc midtjylland,viborg ff,2025-09-20,2.0,0.0
13984611,DK1,vejle,sønderjyske fodbold,2025-09-21,2.0,2.0
13984605,DK1,fc københavn,silkeborg if,2025-09-21,3.0,3.0
13984603,DK1,agf,brøndby if,2025-09-21,1.0,0.0
13984608,DK1,randers fc,fc nordsjælland,2025-09-22,3.0,0.0
13984614,DK1,sønderjyske fodbold,fc københavn,2025-09-27,1.0,2.0
13984613,DK1,viborg ff,fc fredericia,2025-09-28,2.0,1.0
13984606,DK1,silkeborg if,vejle,2025-09-28,1.0,1.0
13984612,DK1,fc nordsjælland,agf,2025-09-28,1.0,2.0
13984607,DK1,brøndby if,odense boldklub,2025-09-28,5.0,1.0
13984609,DK1,fc midtjylland,randers fc,2025-09-29,2.0,1.0
13984615,DK1,odense boldklub,sønderjyske fodbold,2025-10-03,1.0,1.0
13984619,DK1,randers fc,viborg ff,2025-10-05,2.0,1.0
13984620,DK1,vejle,fc nordsjælland,2025-10-05,0.0,3.0
13984617,DK1,agf,silkeborg if,2025-10-05,3.0,1.0
13984618,DK1,fc københavn,fc midtjylland,2025-10-05,1.0,1.0
13984621,DK1,fc fredericia,brøndby if,2025-10-05,0.0,2.0
13984628,DK1,silkeborg if,fc københavn,2025-10-17,3.0,1.0
13984627,DK1,fc nordsjælland,randers fc,2025-10-19,1.0,0.0
13984625,DK1,viborg ff,odense boldklub,2025-10-19,1.0,2.0
13984632,DK1,brøndby if,agf,2025-10-19,3.0,3.0
13984623,DK1,fc midtjylland,vejle,2025-10-19,5.0,1.0
13984630,DK1,sønderjyske fodbold,fc fredericia,2025-10-20,3.0,0.0
13984624,DK1,agf,fc nordsjælland,2025-10-24,1.0,0.0
13984626,DK1,fc fredericia,fc midtjylland,2025-10-26,0.0,4.0
13984633,DK1,vejle,silkeborg if,2025-10-26,1.0,2.0
13984622,DK1,randers fc,sønderjyske fodbold,2025-10-26,0.0,0.0
13984631,DK1,fc københavn,viborg ff,2025-10-26,0.0,0.0
13984629,DK1,odense boldklub,brøndby if,2025-10-27,1.0,4.0
13984641,DK1,fc københavn,fc fredericia,2025-11-01,3.0,2.0
13984640,DK1,viborg ff,randers fc,2025-11-02,3.0,2.0
13984635,DK1,sønderjyske fodbold,vejle,2025-11-02,2.0,1.0
13984634,DK1,fc nordsjælland,odense boldklub,2025-11-02,2.0,4.0
13984637,DK1,silkeborg if,brøndby if,2025-11-02,0.0,2.0
13984636,DK1,fc midtjylland,agf,2025-11-03,1.0,1.0
13984643,DK1,odense boldklub,silkeborg if,2025-11-07,1.0,1.0
13984638,DK1,fc fredericia,viborg ff,2025-11-09,0.0,3.0
13984645,DK1,vejle,fc københavn,2025-11-09,2.0,0.0
13984644,DK1,randers fc,fc midtjylland,2025-11-09,0.0,2.0
13984639,DK1,agf,sønderjyske fodbold,2025-11-09,2.0,3.0
13984642,DK1,brøndby if,fc nordsjælland,2025-11-09,2.0,0.0
13984649,DK1,silkeborg if,agf,2025-11-21,0.0,2.0
13984646,DK1,fc københavn,brøndby if,2025-11-23,1.0,0.0
13984658,DK1,viborg ff,vejle,2025-11-23,5.0,2.0
13984665,DK1,fc nordsjælland,fc fredericia,2025-11-23,5.0,0.0
13984654,DK1,sønderjyske fodbold,fc midtjylland,2025-11-23,2.0,1.0
13984647,DK1,randers fc,odense boldklub,2025-11-24,0.0,0.0
13984659,DK1,sønderjyske fodbold,viborg ff,2025-11-28,2.0,2.0
13984648,DK1,agf,fc københavn,2025-11-30,2.0,0.0
13984655,DK1,silkeborg if,randers fc,2025-11-30,0.0,0.0
13984652,DK1,fc midtjylland,fc nordsjælland,2025-11-30,6.0,0.0
13984666,DK1,odense boldklub,vejle,2025-11-30,3.0,0.0
13984650,DK1,brøndby if,fc fredericia,2025-12-01,1.0,3.0
13984653,DK1,fc fredericia,odense boldklub,2025-12-05,1.0,3.0
13984657,DK1,fc nordsjælland,silkeborg if,2025-12-07,5.0,0.0
13984660,DK1,viborg ff,fc midtjylland,2025-12-07,3.0,3.0
13984656,DK1,randers fc,agf,2025-12-07,1.0,2.0
13984651,DK1,fc københavn,sønderjyske fodbold,2025-12-07,0.0,2.0
13984664,DK1,vejle,brøndby if,2025-12-08,2.0,1.0
13984662,DK1,fc nordsjælland,sønderjyske fodbold,2026-02-08,2.0,1.0
13984667,DK1,silkeborg if,viborg ff,2026-02-08,0.0,1.0
13984668,DK1,fc midtjylland,fc københavn,2026-02-08,2.0,1.0
13984661,DK1,brøndby if,randers fc,2026-02-08,0.0,0.0
13984669,DK1,vejle,fc fredericia,2026-02-09,2.0,3.0
15495619,DK1,agf,odense boldklub,2026-02-09,2.0,1.0
13984672,DK1,randers fc,vejle,2026-02-13,2.0,0.0
13984670,DK1,fc københavn,fc nordsjælland,2026-02-14,1.0,2.0
13984677,DK1,fc fredericia,agf,2026-02-15,1.0,1.0
13984671,DK1,odense boldklub,fc midtjylland,2026-02-15,1.0,4.0
14017142,DK1,viborg ff,brøndby if,2026-02-15,1.0,0.0
13984673,DK1,sønderjyske fodbold,silkeborg if,2026-02-16,2.0,1.0
13984681,DK1,fc nordsjælland,vejle,2026-02-20,3.0,3.0
13984678,DK1,odense boldklub,fc københavn,2026-02-21,2.0,2.0
13984680,DK1,randers fc,fc fredericia,2026-02-22,1.0,2.0
13984682,DK1,silkeborg if,fc midtjylland,2026-02-22,0.0,4.0
13984674,DK1,agf,viborg ff,2026-02-22,5.0,2.0
13984675,DK1,brøndby if,sønderjyske fodbold,2026-02-23,0.0,0.0
13984684,DK1,fc fredericia,silkeborg if,2026-03-01,2.0,1.0
13984683,DK1,fc københavn,randers fc,2026-03-01,1.0,2.0
13984686,DK1,fc midtjylland,brøndby if,2026-03-01,0.0,0.0
13984687,DK1,sønderjyske fodbold,odense boldklub,2026-03-01,1.0,0.0
13984685,DK1,vejle,agf,2026-03-01,1.0,2.0
13984688,DK1,viborg ff,fc nordsjælland,2026-03-01,2.0,1.0
15676281,DK1,fc fredericia,randers fc,2026-03-13,0.0,3.0
15676221,DK1,fc midtjylland,fc nordsjælland,2026-03-15,0.0,1.0
15676244,DK1,odense boldklub,fc københavn,2026-03-15,2.0,1.0
15676225,DK1,sønderjyske fodbold,agf,2026-03-15,1.0,1.0
15676238,DK1,brøndby if,viborg ff,2026-03-15,0.0,1.0
15676247,DK1,silkeborg if,vejle,2026-03-16,1.0,1.0
15676249,DK1,vejle,odense boldklub,2026-03-20,1.0,1.0
15676222,DK1,fc nordsjælland,sønderjyske fodbold,2026-03-22,2.0,0.0
15676250,DK1,randers fc,silkeborg if,2026-03-22,0.0,3.0
15676252,DK1,fc københavn,fc fredericia,2026-03-22,1.0,2.0
15676233,DK1,agf,brøndby if,2026-03-22,0.0,0.0
15676224,DK1,viborg ff,fc midtjylland,2026-03-22,1.0,1.0
15676226,DK1,fc midtjylland,sønderjyske fodbold,2026-04-04,2.0,2.0
15676255,DK1,fc københavn,silkeborg if,2026-04-05,7.0,0.0
15676256,DK1,vejle,randers fc,2026-04-06,1.0,1.0
15676258,DK1,odense boldklub,fc fredericia,2026-04-06,1.0,0.0
15676223,DK1,viborg ff,agf,2026-04-06,1.0,2.0
15676229,DK1,fc nordsjælland,brøndby if,2026-04-07,2.0,1.0
15676241,DK1,agf,fc nordsjælland,2026-04-10,1.0,1.0
15676228,DK1,sønderjyske fodbold,viborg ff,2026-04-12,0.0,2.0
15676259,DK1,silkeborg if,odense boldklub,2026-04-12,3.0,1.0
15676230,DK1,brøndby if,fc midtjylland,2026-04-12,1.0,2.0
15676261,DK1,randers fc,fc københavn,2026-04-12,1.0,2.0
15676262,DK1,fc fredericia,vejle,2026-04-13,2.0,2.0
15676231,DK1,brøndby if,sønderjyske fodbold,2026-04-17,6.0,0.0
15676263,DK1,odense boldklub,randers fc,2026-04-19,3.0,1.0
15676264,DK1,silkeborg if,fc fredericia,2026-04-19,2.0,2.0
15676242,DK1,fc nordsjælland,viborg ff,2026-04-19,2.0,1.0
15676265,DK1,vejle,fc københavn,2026-04-19,1.0,4.0
15676237,DK1,fc midtjylland,agf,2026-04-20,2.0,1.0
15676268,DK1,fc københavn,odense boldklub,2026-04-22,2.0,1.0
15676267,DK1,vejle,silkeborg if,2026-04-22,1.0,2.0
15676227,DK1,viborg ff,brøndby if,2026-04-22,0.0,1.0
15676239,DK1,fc nordsjælland,agf,2026-04-23,1.0,1.0
15676269,DK1,randers fc,fc fredericia,2026-04-23,2.0,2.0
15676235,DK1,sønderjyske fodbold,fc midtjylland,2026-04-23,1.0,2.0
15676266,DK1,fc fredericia,odense boldklub,2026-04-26,0.0,2.0
15676270,DK1,silkeborg if,randers fc,2026-04-26,2.0,0.0
15676232,DK1,sønderjyske fodbold,brøndby if,2026-04-26,3.0,0.0
15676234,DK1,viborg ff,fc nordsjælland,2026-04-26,1.0,0.0
15676236,DK1,agf,fc midtjylland,2026-04-26,0.0,0.0
15676272,DK1,fc københavn,vejle,2026-04-27,3.0,0.0
15676245,DK1,brøndby if,fc nordsjælland,2026-05-01,1.0,1.0
15676276,DK1,odense boldklub,silkeborg if,2026-05-03,2.0,3.0
15676280,DK1,randers fc,vejle,2026-05-03,1.0,0.0
15676271,DK1,fc fredericia,fc københavn,2026-05-03,3.0,3.0
15676243,DK1,agf,sønderjyske fodbold,2026-05-03,2.0,1.0
15676246,DK1,fc midtjylland,viborg ff,2026-05-04,3.0,3.0
15676251,DK1,viborg ff,sønderjyske fodbold,2026-05-08,0.0,1.0
15676253,DK1,fc nordsjælland,fc midtjylland,2026-05-10,0.0,0.0
15676275,DK1,vejle,fc fredericia,2026-05-10,2.0,0.0
15676274,DK1,silkeborg if,fc københavn,2026-05-10,0.0,4.0
15676248,DK1,brøndby if,agf,2026-05-10,0.0,2.0
15676273,DK1,randers fc,odense boldklub,2026-05-11,2.0,2.0
15676278,DK1,fc fredericia,silkeborg if,2026-05-17,4.0,1.0
15676279,DK1,fc københavn,randers fc,2026-05-17,5.0,0.0
15676277,DK1,odense boldklub,vejle,2026-05-17,0.0,1.0
15676254,DK1,agf,viborg ff,2026-05-17,6.0,2.0
15676257,DK1,fc midtjylland,brøndby if,2026-05-17,2.0,3.0
15676260,DK1,sønderjyske fodbold,fc nordsjælland,2026-05-17,1.0,4.0
16278668,DK1,viborg ff,odense boldklub,2026-07-24,1.0,0.0
16278667,DK1,agf,brøndby if,2026-07-25,1.0,1.0
16278671,DK1,sønderjyske fodbold,fc midtjylland,2026-07-26,2.0,3.0
16278672,DK1,fc københavn,lyngby,2026-07-26,3.0,2.0
16278675,DK1,ac horsens,fc nordsjælland,2026-07-26,1.0,1.0
16278676,DK1,randers fc,silkeborg if,2026-07-27,1.0,1.0
16278688,DK1,lyngby,agf,2026-08-01,2.0,2.0
16278666,DK1,fc midtjylland,ac horsens,2026-08-02,2.0,1.0
16278665,DK1,fc nordsjælland,randers fc,2026-08-02,1.0,0.0
16278670,DK1,brøndby if,viborg ff,2026-08-02,1.0,0.0
16278677,DK1,silkeborg if,fc københavn,2026-08-02,1.0,3.0
16278685,DK1,odense boldklub,sønderjyske fodbold,2026-08-03,1.0,0.0
16278684,DK1,sønderjyske fodbold,viborg ff,2026-08-07,0.0,0.0
16278669,DK1,randers fc,lyngby,2026-08-09,2.0,0.0
16278674,DK1,ac horsens,brøndby if,2026-08-09,0.0,2.0
16278679,DK1,silkeborg if,odense boldklub,2026-08-10,1.0,0.0
16278682,DK1,viborg ff,agf,2026-08-14,2.0,1.0
16278689,DK1,fc nordsjælland,silkeborg if,2026-08-16,1.0,0.0
16278687,DK1,odense boldklub,ac horsens,2026-08-16,1.0,2.0
16278680,DK1,lyngby,fc midtjylland,2026-08-16,1.0,1.0
16278693,DK1,randers fc,fc københavn,2026-08-16,0.0,4.0
16278673,DK1,brøndby if,sønderjyske fodbold,2026-08-17,3.0,2.0
16278692,DK1,sønderjyske fodbold,fc nordsjælland,2026-08-23,0.0,3.0
16278694,DK1,agf,odense boldklub,2026-08-23,2.0,2.0
16278681,DK1,fc midtjylland,randers fc,2026-08-23,1.0,0.0
16278678,DK1,ac horsens,lyngby,2026-08-23,2.0,1.0
16278690,DK1,viborg ff,fc københavn,2026-08-23,4.0,0.0
16278691,DK1,brøndby if,silkeborg if,2026-08-24,3.0,1.0
14035825,B1,royal antwerp fc,royale union saint-gilloise,2025-07-25,1.0,1.0
14035830,B1,fcv dender,cercle brugge,2025-07-26,0.0,0.0
14035829,B1,sv zulte waregem,kv mechelen,2025-07-26,1.0,1.0
14035832,B1,raal la louvière,standard liège,2025-07-26,0.0,2.0
14035828,B1,rsc anderlecht,kvc westerlo,2025-07-27,5.0,2.0
14035831,B1,oud-heverlee leuven,rc sporting charleroi,2025-07-27,2.0,2.0
14035834,B1,club brugge kv,krc genk,2025-07-27,2.0,1.0
14035833,B1,sint-truidense vv,kaa gent,2025-07-27,3.0,1.0
15858605,B1,royal antwerp fc,krc genk,2026-04-03,1.0,2.0
15858629,B1,sv zulte waregem,cercle brugge,2026-04-04,2.0,2.0
15858613,B1,oud-heverlee leuven,standard liège,2026-04-04,1.0,3.0
15858608,B1,royale union saint-gilloise,sint-truidense vv,2026-04-04,1.0,0.0
15858611,B1,kvc westerlo,rc sporting charleroi,2026-04-05,2.0,0.0
15858607,B1,club brugge kv,rsc anderlecht,2026-04-06,4.0,2.0
15858630,B1,raal la louvière,fcv dender,2026-04-06,0.0,1.0
15858604,B1,kaa gent,kv mechelen,2026-04-06,1.0,1.0
14035839,B1,kv mechelen,club brugge kv,2025-08-01,2.0,1.0
14035835,B1,kvc westerlo,sv zulte waregem,2025-08-02,3.0,1.0
14035836,B1,standard liège,fcv dender,2025-08-02,1.0,1.0
14035837,B1,kaa gent,raal la louvière,2025-08-02,1.0,0.0
14035840,B1,krc genk,royal antwerp fc,2025-08-03,1.0,1.0
14035838,B1,cercle brugge,rsc anderlecht,2025-08-03,0.0,2.0
14035841,B1,royale union saint-gilloise,oud-heverlee leuven,2025-08-03,5.0,0.0
14035842,B1,rc sporting charleroi,sint-truidense vv,2025-08-03,1.0,1.0
15858612,B1,rc sporting charleroi,royal antwerp fc,2026-04-10,2.0,1.0
15858631,B1,cercle brugge,raal la louvière,2026-04-11,3.0,0.0
15858614,B1,standard liège,kvc westerlo,2026-04-11,1.0,2.0
15858609,B1,sint-truidense vv,club brugge kv,2026-04-11,1.0,2.0
15858610,B1,kv mechelen,royale union saint-gilloise,2026-04-12,0.0,1.0
15858615,B1,krc genk,oud-heverlee leuven,2026-04-12,0.0,0.0
15858566,B1,rsc anderlecht,kaa gent,2026-04-12,3.0,1.0
15858620,B1,fcv dender,sv zulte waregem,2026-04-12,1.0,2.0
14035845,B1,sint-truidense vv,fcv dender,2025-08-08,2.0,0.0
14035843,B1,club brugge kv,cercle brugge,2025-08-09,2.0,0.0
14035844,B1,kvc westerlo,kv mechelen,2025-08-09,0.0,1.0
14035846,B1,kaa gent,royale union saint-gilloise,2025-08-09,2.0,3.0
14035847,B1,raal la louvière,rc sporting charleroi,2025-08-10,1.0,0.0
14035849,B1,rsc anderlecht,sv zulte waregem,2025-08-10,2.0,3.0
14035848,B1,standard liège,krc genk,2025-08-10,2.0,1.0
14035850,B1,royal antwerp fc,oud-heverlee leuven,2025-08-10,3.0,1.0
15858583,B1,royal antwerp fc,oud-heverlee leuven,2026-04-18,2.0,0.0
15858606,B1,kvc westerlo,krc genk,2026-04-18,1.0,2.0
15858616,B1,rc sporting charleroi,standard liège,2026-04-18,1.0,2.0
15858568,B1,kv mechelen,rsc anderlecht,2026-04-18,1.0,2.0
15858576,B1,kaa gent,sint-truidense vv,2026-04-19,0.0,0.0
15858622,B1,fcv dender,cercle brugge,2026-04-19,1.0,4.0
15858580,B1,royale union saint-gilloise,club brugge kv,2026-04-19,2.0,1.0
15858626,B1,raal la louvière,sv zulte waregem,2026-04-19,0.0,2.0
14035851,B1,oud-heverlee leuven,krc genk,2025-08-15,1.0,2.0
14035852,B1,sv zulte waregem,club brugge kv,2025-08-16,0.0,1.0
14035854,B1,kv mechelen,kaa gent,2025-08-16,1.0,1.0
14035853,B1,royale union saint-gilloise,standard liège,2025-08-16,3.0,0.0
14035855,B1,fcv dender,rsc anderlecht,2025-08-17,0.0,2.0
14035857,B1,sint-truidense vv,raal la louvière,2025-08-17,2.0,1.0
14035861,B1,rc sporting charleroi,royal antwerp fc,2025-08-17,1.0,1.0
14035856,B1,cercle brugge,kvc westerlo,2025-08-17,4.0,1.0
15858593,B1,krc genk,rc sporting charleroi,2026-04-21,1.0,1.0
15858617,B1,oud-heverlee leuven,kvc westerlo,2026-04-21,0.0,2.0
15858618,B1,standard liège,royal antwerp fc,2026-04-21,1.0,2.0
15858560,B1,club brugge kv,kv mechelen,2026-04-22,6.0,1.0
15858561,B1,royale union saint-gilloise,kaa gent,2026-04-22,0.0,0.0
15858572,B1,sint-truidense vv,rsc anderlecht,2026-04-23,2.0,0.0
15858624,B1,cercle brugge,fcv dender,2026-04-24,2.0,1.0
15858625,B1,sv zulte waregem,raal la louvière,2026-04-26,4.0,0.0
14035859,B1,standard liège,cercle brugge,2025-08-23,0.0,3.0
14035862,B1,sv zulte waregem,sint-truidense vv,2025-08-23,0.0,2.0
14035863,B1,royal antwerp fc,kv mechelen,2025-08-24,2.0,1.0
14035864,B1,raal la louvière,royale union saint-gilloise,2025-08-24,0.0,0.0
14035867,B1,fcv dender,oud-heverlee leuven,2025-08-24,0.0,1.0
14607840,B1,krc genk,rc sporting charleroi,2025-09-17,0.0,1.0
14607824,B1,rsc anderlecht,kaa gent,2025-09-23,1.0,0.0
14607841,B1,club brugge kv,kvc westerlo,2025-09-24,5.0,5.0
15858585,B1,oud-heverlee leuven,rc sporting charleroi,2026-04-25,0.0,2.0
15858584,B1,krc genk,standard liège,2026-04-25,1.0,1.0
15858589,B1,kvc westerlo,royal antwerp fc,2026-04-25,2.0,4.0
15858619,B1,kaa gent,club brugge kv,2026-04-26,0.0,2.0
15858571,B1,kv mechelen,sint-truidense vv,2026-04-26,1.0,4.0
15858562,B1,rsc anderlecht,royale union saint-gilloise,2026-04-26,1.0,3.0
15858627,B1,cercle brugge,sv zulte waregem,2026-05-01,2.0,3.0
15858621,B1,fcv dender,raal la louvière,2026-05-03,2.0,1.0
14035865,B1,cercle brugge,sint-truidense vv,2025-08-29,1.0,1.0
14035870,B1,kv mechelen,raal la louvière,2025-08-30,3.0,2.0
14035869,B1,kvc westerlo,royal antwerp fc,2025-08-30,2.0,0.0
14035872,B1,rc sporting charleroi,fcv dender,2025-08-30,3.0,1.0
14035871,B1,kaa gent,club brugge kv,2025-08-31,1.0,1.0
14035868,B1,oud-heverlee leuven,standard liège,2025-08-31,1.0,0.0
14035875,B1,royale union saint-gilloise,rsc anderlecht,2025-08-31,2.0,0.0
14035873,B1,krc genk,sv zulte waregem,2025-08-31,3.0,2.0
15858587,B1,kvc westerlo,oud-heverlee leuven,2026-05-02,3.0,3.0
15858586,B1,rc sporting charleroi,krc genk,2026-05-02,2.0,0.0
15858564,B1,sint-truidense vv,royale union saint-gilloise,2026-05-02,2.0,1.0
15858573,B1,kv mechelen,kaa gent,2026-05-03,1.0,0.0
15858591,B1,royal antwerp fc,standard liège,2026-05-03,0.0,5.0
15858575,B1,rsc anderlecht,club brugge kv,2026-05-03,1.0,3.0
15858623,B1,raal la louvière,cercle brugge,2026-05-09,4.0,1.0
15858628,B1,sv zulte waregem,fcv dender,2026-05-09,2.0,1.0
14035876,B1,standard liège,kv mechelen,2025-09-12,1.0,1.0
14035874,B1,sv zulte waregem,oud-heverlee leuven,2025-09-13,2.0,0.0
14035877,B1,fcv dender,royale union saint-gilloise,2025-09-13,0.0,1.0
14035878,B1,raal la louvière,club brugge kv,2025-09-13,1.0,0.0
14035881,B1,royal antwerp fc,kaa gent,2025-09-14,1.0,2.0
14035879,B1,cercle brugge,rc sporting charleroi,2025-09-14,2.0,3.0
14035884,B1,rsc anderlecht,krc genk,2025-09-14,1.0,1.0
14035880,B1,sint-truidense vv,kvc westerlo,2025-09-14,0.0,3.0
15858588,B1,standard liège,oud-heverlee leuven,2026-05-08,2.0,1.0
15858563,B1,club brugge kv,sint-truidense vv,2026-05-09,2.0,0.0
15858565,B1,kaa gent,rsc anderlecht,2026-05-10,1.0,1.0
15858590,B1,royal antwerp fc,rc sporting charleroi,2026-05-10,0.0,1.0
15858578,B1,royale union saint-gilloise,kv mechelen,2026-05-10,3.0,0.0
15858592,B1,krc genk,kvc westerlo,2026-05-10,3.0,0.0
14035883,B1,kaa gent,fcv dender,2025-09-19,3.0,0.0
14035889,B1,oud-heverlee leuven,raal la louvière,2025-09-20,1.0,2.0
14035891,B1,rc sporting charleroi,sv zulte waregem,2025-09-20,1.0,2.0
14035882,B1,rsc anderlecht,royal antwerp fc,2025-09-20,0.0,0.0
14035886,B1,krc genk,royale union saint-gilloise,2025-09-21,1.0,2.0
14035888,B1,kvc westerlo,standard liège,2025-09-21,0.0,2.0
14035887,B1,club brugge kv,sint-truidense vv,2025-09-21,2.0,0.0
14035885,B1,kv mechelen,cercle brugge,2025-09-21,0.0,0.0
15858596,B1,oud-heverlee leuven,royal antwerp fc,2026-05-15,3.0,0.0
15858594,B1,rc sporting charleroi,kvc westerlo,2026-05-16,0.0,1.0
15858597,B1,standard liège,krc genk,2026-05-16,0.0,0.0
15858577,B1,sint-truidense vv,kaa gent,2026-05-16,1.0,1.0
15858581,B1,rsc anderlecht,kv mechelen,2026-05-17,2.0,2.0
15858567,B1,club brugge kv,royale union saint-gilloise,2026-05-17,5.0,0.0
14035892,B1,oud-heverlee leuven,rsc anderlecht,2025-09-26,1.0,1.0
14035894,B1,sv zulte waregem,royal antwerp fc,2025-09-27,2.0,0.0
14035895,B1,standard liège,club brugge kv,2025-09-27,1.0,2.0
14035898,B1,royale union saint-gilloise,kvc westerlo,2025-09-27,2.0,0.0
14035890,B1,sint-truidense vv,krc genk,2025-09-28,1.0,2.0
14035897,B1,cercle brugge,kaa gent,2025-09-28,2.0,4.0
14035896,B1,rc sporting charleroi,kv mechelen,2025-09-28,0.0,2.0
14035893,B1,fcv dender,raal la louvière,2025-09-28,0.0,0.0
15858599,B1,krc genk,royal antwerp fc,2026-05-19,0.0,0.0
15858600,B1,kvc westerlo,standard liège,2026-05-19,1.0,2.0
15858598,B1,rc sporting charleroi,oud-heverlee leuven,2026-05-19,1.0,1.0
15858595,B1,kaa gent,royale union saint-gilloise,2026-05-21,0.0,0.0
15858570,B1,kv mechelen,club brugge kv,2026-05-21,2.0,2.0
15858579,B1,rsc anderlecht,sint-truidense vv,2026-05-21,3.0,1.0
14035900,B1,kaa gent,rc sporting charleroi,2025-10-03,2.0,1.0
14035903,B1,kv mechelen,sint-truidense vv,2025-10-04,1.0,3.0
14035899,B1,raal la louvière,sv zulte waregem,2025-10-04,0.0,0.0
14035902,B1,royal antwerp fc,cercle brugge,2025-10-04,1.0,1.0
14035904,B1,rsc anderlecht,standard liège,2025-10-05,1.0,0.0
14035906,B1,krc genk,fcv dender,2025-10-05,2.0,1.0
14035901,B1,club brugge kv,royale union saint-gilloise,2025-10-05,1.0,0.0
14035905,B1,kvc westerlo,oud-heverlee leuven,2025-10-05,2.0,0.0
15858602,B1,oud-heverlee leuven,krc genk,2026-05-23,0.0,2.0
15858601,B1,royal antwerp fc,kvc westerlo,2026-05-23,2.0,0.0
15858603,B1,standard liège,rc sporting charleroi,2026-05-23,0.0,2.0
15858582,B1,club brugge kv,kaa gent,2026-05-24,5.0,0.0
15858574,B1,royale union saint-gilloise,rsc anderlecht,2026-05-24,5.0,1.0
15858569,B1,sint-truidense vv,kv mechelen,2026-05-24,3.0,0.0
14035911,B1,raal la louvière,kvc westerlo,2025-10-18,0.0,0.0
14035913,B1,oud-heverlee leuven,club brugge kv,2025-10-18,0.0,1.0
14035909,B1,royale union saint-gilloise,rc sporting charleroi,2025-10-18,3.0,1.0
14035910,B1,cercle brugge,krc genk,2025-10-19,2.0,2.0
14035914,B1,fcv dender,kv mechelen,2025-10-19,1.0,3.0
14035907,B1,sint-truidense vv,rsc anderlecht,2025-10-19,2.0,2.0
14035908,B1,sv zulte waregem,kaa gent,2025-10-19,4.0,1.0
14035912,B1,standard liège,royal antwerp fc,2025-10-20,1.0,0.0
14035926,B1,rc sporting charleroi,rsc anderlecht,2025-10-24,1.0,0.0
14035918,B1,kvc westerlo,fcv dender,2025-10-25,1.0,1.0
14035915,B1,kv mechelen,oud-heverlee leuven,2025-10-25,1.0,1.0
14035920,B1,kaa gent,standard liège,2025-10-25,4.0,0.0
14035919,B1,royal antwerp fc,club brugge kv,2025-10-26,0.0,1.0
14035917,B1,cercle brugge,sv zulte waregem,2025-10-26,1.0,1.0
14035921,B1,krc genk,raal la louvière,2025-10-26,1.0,1.0
14035916,B1,royale union saint-gilloise,sint-truidense vv,2025-10-26,2.0,0.0
14035929,B1,standard liège,rc sporting charleroi,2025-10-31,3.0,1.0
14035925,B1,sv zulte waregem,royale union saint-gilloise,2025-11-01,1.0,4.0
14035930,B1,club brugge kv,fcv dender,2025-11-01,2.0,1.0
14035924,B1,rsc anderlecht,kv mechelen,2025-11-01,3.0,1.0
14035922,B1,kvc westerlo,krc genk,2025-11-02,0.0,1.0
14035928,B1,oud-heverlee leuven,kaa gent,2025-11-02,4.0,0.0
14035927,B1,sint-truidense vv,royal antwerp fc,2025-11-02,1.0,0.0
14035923,B1,raal la louvière,cercle brugge,2025-11-02,2.0,1.0
14035933,B1,fcv dender,sv zulte waregem,2025-11-07,2.0,2.0
14035935,B1,cercle brugge,oud-heverlee leuven,2025-11-08,1.0,2.0
14035934,B1,rc sporting charleroi,kvc westerlo,2025-11-08,2.0,0.0
14035931,B1,royal antwerp fc,raal la louvière,2025-11-08,3.0,1.0
14035942,B1,rsc anderlecht,club brugge kv,2025-11-09,1.0,0.0
14035937,B1,sint-truidense vv,standard liège,2025-11-09,1.0,0.0
14035932,B1,kaa gent,krc genk,2025-11-09,1.0,1.0
14035936,B1,kv mechelen,royale union saint-gilloise,2025-11-09,1.0,1.0
14035944,B1,standard liège,sv zulte waregem,2025-11-21,0.0,0.0
14035946,B1,royale union saint-gilloise,cercle brugge,2025-11-22,2.0,0.0
14035943,B1,kvc westerlo,kaa gent,2025-11-22,0.0,0.0
14035940,B1,club brugge kv,rc sporting charleroi,2025-11-22,1.0,0.0
14035938,B1,krc genk,kv mechelen,2025-11-23,0.0,1.0
14035939,B1,royal antwerp fc,fcv dender,2025-11-23,1.0,2.0
14035941,B1,raal la louvière,rsc anderlecht,2025-11-23,0.0,1.0
14035945,B1,oud-heverlee leuven,sint-truidense vv,2025-11-23,1.0,2.0
14035949,B1,kv mechelen,standard liège,2025-11-28,0.0,1.0
14035948,B1,fcv dender,kvc westerlo,2025-11-29,2.0,2.0
14035950,B1,sv zulte waregem,cercle brugge,2025-11-29,1.0,1.0
14035951,B1,rc sporting charleroi,raal la louvière,2025-11-29,0.0,0.0
14035953,B1,club brugge kv,royal antwerp fc,2025-11-30,0.0,1.0
14035952,B1,krc genk,oud-heverlee leuven,2025-11-30,2.0,1.0
14035955,B1,rsc anderlecht,royale union saint-gilloise,2025-11-30,1.0,0.0
14035947,B1,kaa gent,sint-truidense vv,2025-11-30,1.0,2.0
14032419,B1,raal la louvière,fcv dender,2025-12-05,1.0,2.0
14032415,B1,cercle brugge,standard liège,2025-12-06,1.0,2.0
14035954,B1,royale union saint-gilloise,kaa gent,2025-12-06,1.0,1.0
14032422,B1,sint-truidense vv,club brugge kv,2025-12-06,3.0,2.0
14032420,B1,kv mechelen,rc sporting charleroi,2025-12-07,1.0,0.0
14032421,B1,kvc westerlo,rsc anderlecht,2025-12-07,4.0,0.0
14032424,B1,royal antwerp fc,krc genk,2025-12-07,3.0,0.0
14032423,B1,oud-heverlee leuven,sv zulte waregem,2025-12-07,1.0,1.0
14035958,B1,standard liège,oud-heverlee leuven,2025-12-12,0.0,1.0
14035960,B1,cercle brugge,kv mechelen,2025-12-13,2.0,3.0
14035956,B1,sv zulte waregem,raal la louvière,2025-12-13,2.0,2.0
14035962,B1,rsc anderlecht,sint-truidense vv,2025-12-13,2.0,1.0
14035959,B1,kaa gent,royal antwerp fc,2025-12-14,0.0,2.0
14035963,B1,fcv dender,club brugge kv,2025-12-14,1.0,5.0
14035961,B1,rc sporting charleroi,royale union saint-gilloise,2025-12-14,1.0,1.0
14035957,B1,krc genk,kvc westerlo,2025-12-14,1.0,1.0
14035970,B1,rc sporting charleroi,krc genk,2025-12-19,2.0,2.0
14035969,B1,fcv dender,standard liège,2025-12-20,0.0,1.0
14035971,B1,kvc westerlo,raal la louvière,2025-12-20,2.0,1.0
14035965,B1,royale union saint-gilloise,sv zulte waregem,2025-12-20,2.0,0.0
14035964,B1,club brugge kv,kaa gent,2025-12-21,2.0,1.0
14035968,B1,sint-truidense vv,kv mechelen,2025-12-21,1.0,0.0
14035966,B1,royal antwerp fc,rsc anderlecht,2025-12-21,2.0,2.0
14035967,B1,oud-heverlee leuven,cercle brugge,2025-12-21,0.0,2.0
14035973,B1,krc genk,club brugge kv,2025-12-26,3.0,5.0
14035980,B1,cercle brugge,royale union saint-gilloise,2025-12-26,1.0,1.0
14035975,B1,standard liège,sint-truidense vv,2025-12-26,1.0,2.0
14035976,B1,rsc anderlecht,rc sporting charleroi,2025-12-26,1.0,2.0
14035979,B1,royal antwerp fc,sv zulte waregem,2025-12-27,2.0,1.0
14035972,B1,raal la louvière,oud-heverlee leuven,2025-12-27,0.0,0.0
14035974,B1,kv mechelen,fcv dender,2025-12-27,1.0,1.0
14035977,B1,kaa gent,kvc westerlo,2025-12-27,2.0,0.0
14032380,B1,club brugge kv,raal la louvière,2026-01-16,2.0,3.0
14035982,B1,sv zulte waregem,krc genk,2026-01-17,2.0,1.0
14035983,B1,kvc westerlo,cercle brugge,2026-01-17,0.0,2.0
14032382,B1,royale union saint-gilloise,kv mechelen,2026-01-17,1.0,0.0
14035986,B1,kaa gent,rsc anderlecht,2026-01-18,4.0,2.0
14035984,B1,fcv dender,royal antwerp fc,2026-01-18,1.0,0.0
14035978,B1,rc sporting charleroi,standard liège,2026-01-18,2.0,0.0
14035981,B1,sint-truidense vv,oud-heverlee leuven,2026-01-18,1.0,0.0
14032390,B1,standard liège,kaa gent,2026-01-23,0.0,4.0
14032389,B1,raal la louvière,sint-truidense vv,2026-01-24,1.0,2.0
14032384,B1,club brugge kv,sv zulte waregem,2026-01-24,4.0,3.0
14032387,B1,oud-heverlee leuven,royale union saint-gilloise,2026-01-24,0.0,0.0
14032386,B1,royal antwerp fc,rc sporting charleroi,2026-01-25,0.0,2.0
14032385,B1,krc genk,cercle brugge,2026-01-25,1.0,1.0
14032383,B1,rsc anderlecht,fcv dender,2026-01-25,0.0,0.0
14032388,B1,kv mechelen,kvc westerlo,2026-01-25,1.0,1.0
14032398,B1,raal la louvière,kaa gent,2026-01-30,1.0,1.0
14032391,B1,cercle brugge,royal antwerp fc,2026-01-31,0.0,4.0
14032395,B1,sv zulte waregem,kvc westerlo,2026-01-31,0.0,1.0
14032394,B1,sint-truidense vv,rc sporting charleroi,2026-01-31,0.0,2.0
14032396,B1,standard liège,rsc anderlecht,2026-02-01,2.0,0.0
14032397,B1,fcv dender,krc genk,2026-02-01,1.0,2.0
14032393,B1,royale union saint-gilloise,club brugge kv,2026-02-01,1.0,0.0
14032392,B1,oud-heverlee leuven,kv mechelen,2026-02-01,2.0,2.0
14032399,B1,kvc westerlo,sint-truidense vv,2026-02-06,0.0,4.0
14032401,B1,sv zulte waregem,fcv dender,2026-02-07,1.0,0.0
14032403,B1,rc sporting charleroi,cercle brugge,2026-02-07,3.0,4.0
14032400,B1,kaa gent,oud-heverlee leuven,2026-02-07,1.0,3.0
14032404,B1,krc genk,rsc anderlecht,2026-02-08,2.0,0.0
14032408,B1,royale union saint-gilloise,raal la louvière,2026-02-08,2.0,1.0
14032402,B1,club brugge kv,standard liège,2026-02-08,3.0,0.0
14032409,B1,kv mechelen,royal antwerp fc,2026-02-08,2.0,0.0
14032410,B1,kv mechelen,krc genk,2026-02-13,2.0,3.0
14032414,B1,oud-heverlee leuven,fcv dender,2026-02-14,3.0,2.0
14032413,B1,rc sporting charleroi,kaa gent,2026-02-14,2.0,3.0
14032417,B1,standard liège,royale union saint-gilloise,2026-02-14,1.0,1.0
14032405,B1,cercle brugge,club brugge kv,2026-02-15,1.0,2.0
14032412,B1,royal antwerp fc,kvc westerlo,2026-02-15,0.0,2.0
14032407,B1,rsc anderlecht,raal la louvière,2026-02-15,0.0,0.0
14032406,B1,sint-truidense vv,sv zulte waregem,2026-02-15,3.0,2.0
14032411,B1,kaa gent,cercle brugge,2026-02-20,0.0,1.0
14032428,B1,fcv dender,sint-truidense vv,2026-02-21,1.0,4.0
14032418,B1,club brugge kv,oud-heverlee leuven,2026-02-21,2.0,1.0
14032356,B1,royale union saint-gilloise,royal antwerp fc,2026-02-21,2.0,1.0
14032352,B1,krc genk,standard liège,2026-02-22,0.0,3.0
14032416,B1,raal la louvière,kv mechelen,2026-02-22,0.0,2.0
14032426,B1,sv zulte waregem,rsc anderlecht,2026-02-22,2.0,4.0
14032429,B1,kvc westerlo,rc sporting charleroi,2026-02-22,2.0,1.0
14032353,B1,standard liège,raal la louvière,2026-02-27,1.0,1.0
14032354,B1,kv mechelen,sv zulte waregem,2026-02-28,2.0,1.0
14032350,B1,royal antwerp fc,sint-truidense vv,2026-02-28,1.0,0.0
14032425,B1,rsc anderlecht,oud-heverlee leuven,2026-02-28,5.0,1.0
14032349,B1,krc genk,kaa gent,2026-03-01,3.0,0.0
14032358,B1,kvc westerlo,royale union saint-gilloise,2026-03-01,0.0,0.0
14032351,B1,rc sporting charleroi,club brugge kv,2026-03-01,1.0,2.0
14032427,B1,cercle brugge,fcv dender,2026-03-01,0.0,0.0
14032361,B1,raal la louvière,royal antwerp fc,2026-03-06,0.0,0.0
14032357,B1,oud-heverlee leuven,kvc westerlo,2026-03-07,0.0,1.0
14032360,B1,fcv dender,rc sporting charleroi,2026-03-07,2.0,2.0
14032364,B1,royale union saint-gilloise,krc genk,2026-03-07,2.0,1.0
14032362,B1,club brugge kv,rsc anderlecht,2026-03-08,2.0,2.0
14032371,B1,kaa gent,kv mechelen,2026-03-08,3.0,1.0
14032355,B1,sv zulte waregem,standard liège,2026-03-08,0.0,1.0
14032359,B1,sint-truidense vv,cercle brugge,2026-03-08,2.0,1.0
14032369,B1,kaa gent,sv zulte waregem,2026-03-13,2.0,0.0
14032373,B1,rc sporting charleroi,oud-heverlee leuven,2026-03-14,0.0,2.0
14032367,B1,royale union saint-gilloise,fcv dender,2026-03-14,2.0,0.0
14032374,B1,kvc westerlo,club brugge kv,2026-03-14,1.0,2.0
14032370,B1,krc genk,sint-truidense vv,2026-03-15,1.0,0.0
14032366,B1,royal antwerp fc,standard liège,2026-03-15,1.0,1.0
14032363,B1,kv mechelen,rsc anderlecht,2026-03-15,1.0,0.0
14032365,B1,cercle brugge,raal la louvière,2026-03-15,1.0,3.0
14032381,B1,club brugge kv,kv mechelen,2026-03-22,4.0,1.0
14032372,B1,fcv dender,kaa gent,2026-03-22,1.0,3.0
14032378,B1,oud-heverlee leuven,royal antwerp fc,2026-03-22,1.0,0.0
14032377,B1,raal la louvière,krc genk,2026-03-22,5.0,5.0
14032368,B1,rsc anderlecht,cercle brugge,2026-03-22,2.0,3.0
14032375,B1,sv zulte waregem,rc sporting charleroi,2026-03-22,1.0,0.0
14032379,B1,sint-truidense vv,royale union saint-gilloise,2026-03-22,1.0,3.0
14032376,B1,standard liège,kvc westerlo,2026-03-22,0.0,0.0
16361870,B1,club brugge kv,kv kortrijk,2026-08-07,3.0,0.0
16361872,B1,standard liège,cercle brugge,2026-08-08,2.0,2.0
16361873,B1,kvc westerlo,royale union saint-gilloise,2026-08-08,1.0,5.0
16361874,B1,sint-truidense vv,lommel sk,2026-08-08,1.0,1.0
16361875,B1,kaa gent,kv mechelen,2026-08-09,2.0,0.0
16361871,B1,rc sporting charleroi,oud-heverlee leuven,2026-08-09,3.0,1.0
16361876,B1,sv zulte waregem,krc genk,2026-08-09,2.0,1.0
16361877,B1,rsc anderlecht,raal la louvière,2026-08-09,2.0,1.0
16361878,B1,royal antwerp fc,sk beveren,2026-08-09,2.0,1.0
16361879,B1,cercle brugge,sint-truidense vv,2026-08-14,3.0,3.0
16361880,B1,royale union saint-gilloise,sv zulte waregem,2026-08-15,0.0,0.0
16361881,B1,kv kortrijk,royal antwerp fc,2026-08-15,0.0,3.0
16361883,B1,krc genk,kvc westerlo,2026-08-15,3.0,2.0
16361882,B1,oud-heverlee leuven,club brugge kv,2026-08-15,0.0,3.0
16361884,B1,sk beveren,rsc anderlecht,2026-08-16,1.0,0.0
16361885,B1,raal la louvière,kaa gent,2026-08-16,1.0,2.0
16361886,B1,kv mechelen,standard liège,2026-08-16,3.0,3.0
16361887,B1,lommel sk,rc sporting charleroi,2026-08-16,0.0,1.0
16361888,B1,standard liège,raal la louvière,2026-08-21,2.0,0.0
16361889,B1,sv zulte waregem,sk beveren,2026-08-22,4.0,0.0
16361890,B1,rc sporting charleroi,kv mechelen,2026-08-22,2.0,0.0
16361892,B1,royal antwerp fc,krc genk,2026-08-22,4.0,4.0
16361894,B1,lommel sk,kvc westerlo,2026-08-23,4.0,0.0
16361895,B1,club brugge kv,cercle brugge,2026-08-23,1.0,0.0
14117574,B2,oc charleroi,kaa gent reserve u23,2025-08-08,1.0,4.0
14117575,B2,rfc seraing,k. beerschot v.a.,2025-08-08,1.0,2.0
14117577,B2,rsca futures u23,kv kortrijk,2025-08-09,1.0,3.0
14117578,B2,kas eupen,rfc liège,2025-08-09,2.0,0.0
14117581,B2,koninklijke lierse sportkring,sk beveren,2025-08-09,0.0,2.0
14117579,B2,patro eisden maasmechelen,ksc lokeren,2025-08-09,2.0,1.0
14117580,B2,rwdm brussels,lommel sk,2025-08-09,3.0,3.0
14117582,B2,club nxt u23,royal francs borains,2025-08-10,1.0,1.0
14117584,B2,royal francs borains,patro eisden maasmechelen,2025-08-15,2.0,0.0
14117583,B2,sk beveren,jong krc genk u23,2025-08-15,1.0,0.0
14117585,B2,kv kortrijk,koninklijke lierse sportkring,2025-08-16,1.0,0.0
14117589,B2,k. beerschot v.a.,kas eupen,2025-08-16,1.0,1.0
14117586,B2,kaa gent reserve u23,rsca futures u23,2025-08-16,0.0,1.0
14117588,B2,ksc lokeren,rwdm brussels,2025-08-16,1.0,3.0
14117587,B2,lommel sk,oc charleroi,2025-08-16,3.0,0.0
14117590,B2,rfc liège,rfc seraing,2025-08-17,2.0,0.0
14117591,B2,kaa gent reserve u23,k. beerschot v.a.,2025-08-22,1.0,1.0
14117593,B2,patro eisden maasmechelen,club nxt u23,2025-08-22,2.0,1.0
14117594,B2,rwdm brussels,sk beveren,2025-08-23,0.0,2.0
14117596,B2,jong krc genk u23,rfc seraing,2025-08-23,0.0,0.0
14117597,B2,ksc lokeren,rfc liège,2025-08-23,0.0,1.0
14117599,B2,koninklijke lierse sportkring,kas eupen,2025-08-23,3.0,2.0
14117595,B2,oc charleroi,kv kortrijk,2025-08-23,0.0,3.0
14117598,B2,royal francs borains,lommel sk,2025-08-23,0.0,0.0
14117602,B2,kv kortrijk,royal francs borains,2025-08-29,2.0,0.0
14117601,B2,sk beveren,kaa gent reserve u23,2025-08-29,3.0,0.0
14117603,B2,k. beerschot v.a.,koninklijke lierse sportkring,2025-08-30,1.0,0.0
14117606,B2,kas eupen,rsca futures u23,2025-08-30,1.0,0.0
14117605,B2,lommel sk,ksc lokeren,2025-08-30,3.0,1.0
14117607,B2,rfc liège,patro eisden maasmechelen,2025-08-30,0.0,2.0
14117608,B2,rfc seraing,oc charleroi,2025-08-30,3.0,1.0
14117609,B2,club nxt u23,jong krc genk u23,2025-08-31,1.0,2.0
14117610,B2,ksc lokeren,koninklijke lierse sportkring,2025-09-12,2.0,0.0
14117611,B2,rsca futures u23,k. beerschot v.a.,2025-09-12,0.0,2.0
14117613,B2,patro eisden maasmechelen,lommel sk,2025-09-13,0.0,2.0
14117615,B2,club nxt u23,rfc liège,2025-09-13,0.0,2.0
14117616,B2,jong krc genk u23,kv kortrijk,2025-09-13,1.0,3.0
14117614,B2,royal francs borains,kas eupen,2025-09-13,0.0,3.0
14117618,B2,rwdm brussels,rfc seraing,2025-09-14,5.0,0.0
14117617,B2,oc charleroi,sk beveren,2025-09-14,0.0,5.0
14117622,B2,koninklijke lierse sportkring,rwdm brussels,2025-09-19,2.0,0.0
14117625,B2,lommel sk,jong krc genk u23,2025-09-19,1.0,2.0
14117627,B2,rfc liège,rsca futures u23,2025-09-20,1.0,1.0
14117619,B2,k. beerschot v.a.,royal francs borains,2025-09-20,4.0,1.0
14117621,B2,kas eupen,patro eisden maasmechelen,2025-09-20,0.0,0.0
14117628,B2,rfc seraing,kaa gent reserve u23,2025-09-20,0.0,2.0
14117624,B2,kv kortrijk,club nxt u23,2025-09-21,1.0,1.0
14117620,B2,sk beveren,ksc lokeren,2025-09-21,1.0,0.0
14117633,B2,jong krc genk u23,k. beerschot v.a.,2025-09-23,0.0,2.0
14117637,B2,oc charleroi,rsca futures u23,2025-09-23,0.0,2.0
14117632,B2,royal francs borains,rfc seraing,2025-09-23,0.0,0.0
14117630,B2,club nxt u23,lommel sk,2025-09-24,0.0,2.0
14117636,B2,ksc lokeren,kas eupen,2025-09-24,3.0,3.0
14117638,B2,rfc liège,sk beveren,2025-09-24,1.0,2.0
14117631,B2,rwdm brussels,kv kortrijk,2025-09-24,1.0,2.0
14117635,B2,kaa gent reserve u23,koninklijke lierse sportkring,2025-09-25,0.0,0.0
14117643,B2,jong krc genk u23,patro eisden maasmechelen,2025-09-26,1.0,4.0
14117639,B2,rsca futures u23,club nxt u23,2025-09-27,2.0,2.0
14117641,B2,k. beerschot v.a.,ksc lokeren,2025-09-27,1.0,0.0
14117647,B2,kv kortrijk,kas eupen,2025-09-27,1.0,0.0
14117642,B2,sk beveren,rfc seraing,2025-09-27,2.0,1.0
14117645,B2,kaa gent reserve u23,rwdm brussels,2025-09-28,0.0,2.0
14117648,B2,lommel sk,rfc liège,2025-09-28,0.0,1.0
14117646,B2,koninklijke lierse sportkring,oc charleroi,2025-09-28,0.0,0.0
14117658,B2,rfc seraing,lommel sk,2025-10-03,2.0,3.0
14117651,B2,royal francs borains,rsca futures u23,2025-10-03,3.0,3.0
14117649,B2,club nxt u23,kaa gent reserve u23,2025-10-04,0.0,4.0
14117650,B2,kas eupen,rwdm brussels,2025-10-04,2.0,2.0
14117654,B2,oc charleroi,ksc lokeren,2025-10-04,0.0,1.0
14117655,B2,patro eisden maasmechelen,koninklijke lierse sportkring,2025-10-04,2.0,1.0
14117653,B2,kv kortrijk,sk beveren,2025-10-05,1.0,3.0
14117657,B2,rfc liège,jong krc genk u23,2025-10-05,5.0,0.0
14117660,B2,k. beerschot v.a.,sk beveren,2025-10-17,1.0,1.0
14117667,B2,oc charleroi,kas eupen,2025-10-17,0.0,1.0
14117663,B2,jong krc genk u23,royal francs borains,2025-10-18,3.0,1.0
14117664,B2,kaa gent reserve u23,kv kortrijk,2025-10-18,2.0,3.0
14117659,B2,rsca futures u23,lommel sk,2025-10-18,2.0,2.0
14117661,B2,rwdm brussels,club nxt u23,2025-10-18,3.0,1.0
14117665,B2,koninklijke lierse sportkring,rfc liège,2025-10-19,1.0,2.0
14117668,B2,patro eisden maasmechelen,rfc seraing,2025-10-19,2.0,2.0
14117679,B2,rfc seraing,koninklijke lierse sportkring,2025-10-24,1.0,1.0
14117675,B2,royal francs borains,kaa gent reserve u23,2025-10-24,2.0,0.0
14117672,B2,club nxt u23,oc charleroi,2025-10-25,1.0,1.0
14117674,B2,kas eupen,jong krc genk u23,2025-10-25,2.0,1.0
14117677,B2,rfc liège,rwdm brussels,2025-10-25,4.0,3.0
14117671,B2,sk beveren,patro eisden maasmechelen,2025-10-25,2.0,1.0
14117676,B2,lommel sk,k. beerschot v.a.,2025-10-26,1.0,2.0
14117669,B2,rsca futures u23,ksc lokeren,2025-10-26,1.0,2.0
14117686,B2,ksc lokeren,royal francs borains,2025-10-31,2.0,2.0
14117685,B2,koninklijke lierse sportkring,lommel sk,2025-10-31,4.0,4.0
14117684,B2,kaa gent reserve u23,kas eupen,2025-11-01,2.0,1.0
14117687,B2,oc charleroi,rfc liège,2025-11-01,1.0,1.0
14117683,B2,rwdm brussels,jong krc genk u23,2025-11-01,1.0,1.0
14117681,B2,sk beveren,club nxt u23,2025-11-01,2.0,1.0
14117680,B2,k. beerschot v.a.,kv kortrijk,2025-11-02,1.0,2.0
14117688,B2,patro eisden maasmechelen,rsca futures u23,2025-11-02,0.0,0.0
14117695,B2,lommel sk,sk beveren,2025-11-07,2.0,2.0
14117696,B2,rfc liège,kaa gent reserve u23,2025-11-07,0.0,2.0
14117689,B2,club nxt u23,koninklijke lierse sportkring,2025-11-08,0.0,1.0
14117694,B2,kv kortrijk,patro eisden maasmechelen,2025-11-08,2.0,0.0
14117698,B2,rfc seraing,ksc lokeren,2025-11-08,1.0,1.0
14117690,B2,rwdm brussels,k. beerschot v.a.,2025-11-09,0.0,1.0
14117691,B2,royal francs borains,oc charleroi,2025-11-09,0.0,1.0
14956183,B2,jong krc genk u23,rsca futures u23,2025-12-09,3.0,2.0
14117701,B2,royal francs borains,rfc liège,2025-11-21,2.0,0.0
14117700,B2,sk beveren,kas eupen,2025-11-21,1.0,1.0
14117705,B2,ksc lokeren,club nxt u23,2025-11-22,3.0,2.0
14117703,B2,kaa gent reserve u23,jong krc genk u23,2025-11-22,0.0,0.0
14117704,B2,kv kortrijk,lommel sk,2025-11-22,4.0,2.0
14117699,B2,rsca futures u23,rfc seraing,2025-11-22,2.0,2.0
14117706,B2,oc charleroi,k. beerschot v.a.,2025-11-23,1.0,2.0
14117707,B2,patro eisden maasmechelen,rwdm brussels,2025-11-23,1.0,0.0
14117709,B2,k. beerschot v.a.,rfc liège,2025-11-28,3.0,0.0
14117711,B2,kas eupen,lommel sk,2025-11-28,1.0,2.0
14117715,B2,ksc lokeren,kv kortrijk,2025-11-29,1.0,1.0
14117714,B2,koninklijke lierse sportkring,rsca futures u23,2025-11-29,1.0,0.0
14117716,B2,patro eisden maasmechelen,kaa gent reserve u23,2025-11-29,2.0,1.0
14117710,B2,rwdm brussels,royal francs borains,2025-11-29,1.0,3.0
14117713,B2,jong krc genk u23,oc charleroi,2025-11-30,3.0,4.0
14117718,B2,rfc seraing,club nxt u23,2025-11-30,1.0,0.0
14117725,B2,oc charleroi,patro eisden maasmechelen,2025-12-05,0.0,0.0
14117728,B2,rfc seraing,kas eupen,2025-12-05,0.0,1.0
14117724,B2,koninklijke lierse sportkring,jong krc genk u23,2025-12-06,2.0,1.0
14117721,B2,club nxt u23,k. beerschot v.a.,2025-12-06,3.0,1.0
14117719,B2,rsca futures u23,rwdm brussels,2025-12-06,2.0,2.0
14117720,B2,sk beveren,royal francs borains,2025-12-06,1.0,0.0
14117723,B2,kaa gent reserve u23,ksc lokeren,2025-12-07,1.0,3.0
14117726,B2,rfc liège,kv kortrijk,2025-12-07,2.0,0.0
14117738,B2,lommel sk,kaa gent reserve u23,2025-12-12,2.0,0.0
14117731,B2,sk beveren,rsca futures u23,2025-12-12,2.0,1.0
14117736,B2,kv kortrijk,rfc seraing,2025-12-13,1.0,0.0
14117729,B2,k. beerschot v.a.,patro eisden maasmechelen,2025-12-13,0.0,2.0
14117732,B2,rwdm brussels,oc charleroi,2025-12-13,3.0,3.0
14117735,B2,royal francs borains,koninklijke lierse sportkring,2025-12-13,0.0,1.0
14117733,B2,kas eupen,club nxt u23,2025-12-14,2.0,1.0
14117737,B2,ksc lokeren,jong krc genk u23,2025-12-14,2.0,2.0
14117741,B2,k. beerschot v.a.,kaa gent reserve u23,2025-12-16,1.0,2.0
14117745,B2,koninklijke lierse sportkring,kv kortrijk,2025-12-16,0.0,0.0
14117746,B2,oc charleroi,lommel sk,2025-12-16,1.0,2.0
14117742,B2,club nxt u23,rwdm brussels,2025-12-17,0.0,1.0
14117744,B2,jong krc genk u23,sk beveren,2025-12-17,1.0,2.0
14117739,B2,rsca futures u23,royal francs borains,2025-12-17,2.0,0.0
14117747,B2,patro eisden maasmechelen,kas eupen,2025-12-18,0.0,1.0
14117748,B2,rfc liège,ksc lokeren,2025-12-18,0.0,1.0
14117754,B2,kaa gent reserve u23,rfc seraing,2025-12-19,3.0,1.0
14117758,B2,lommel sk,koninklijke lierse sportkring,2025-12-19,4.0,3.0
14117753,B2,royal francs borains,club nxt u23,2025-12-20,1.0,0.0
14117756,B2,kv kortrijk,rsca futures u23,2025-12-20,5.0,2.0
14117750,B2,sk beveren,k. beerschot v.a.,2025-12-20,4.0,2.0
14117757,B2,ksc lokeren,patro eisden maasmechelen,2025-12-21,1.0,1.0
14117751,B2,rwdm brussels,rfc liège,2025-12-21,0.0,3.0
14117752,B2,kas eupen,oc charleroi,2025-12-21,2.0,2.0
14117766,B2,jong krc genk u23,lommel sk,2026-01-16,0.0,2.0
14117770,B2,rfc seraing,rwdm brussels,2026-01-16,3.0,1.0
14117760,B2,rsca futures u23,kaa gent reserve u23,2026-01-17,1.0,2.0
14117765,B2,kas eupen,sk beveren,2026-01-17,1.0,2.0
14117767,B2,patro eisden maasmechelen,kv kortrijk,2026-01-17,1.0,0.0
14117768,B2,rfc liège,royal francs borains,2026-01-17,3.0,1.0
14117763,B2,club nxt u23,ksc lokeren,2026-01-18,1.0,2.0
14117762,B2,k. beerschot v.a.,oc charleroi,2026-01-18,2.0,1.0
14117776,B2,kv kortrijk,jong krc genk u23,2026-01-23,4.0,1.0
14117779,B2,oc charleroi,club nxt u23,2026-01-23,0.0,3.0
14117777,B2,ksc lokeren,k. beerschot v.a.,2026-01-24,0.0,0.0
14117778,B2,lommel sk,kas eupen,2026-01-24,3.0,2.0
14117780,B2,rfc seraing,rfc liège,2026-01-24,2.0,2.0
14117774,B2,rwdm brussels,patro eisden maasmechelen,2026-01-24,2.0,4.0
14117775,B2,kaa gent reserve u23,royal francs borains,2026-01-25,1.0,0.0
14117771,B2,sk beveren,koninklijke lierse sportkring,2026-01-25,1.0,0.0
14117783,B2,club nxt u23,kv kortrijk,2026-01-27,2.0,0.0
14117785,B2,jong krc genk u23,rwdm brussels,2026-01-27,0.0,2.0
14117782,B2,k. beerschot v.a.,rfc seraing,2026-01-27,0.0,0.0
14117784,B2,kas eupen,ksc lokeren,2026-01-27,1.0,1.0
14117787,B2,patro eisden maasmechelen,oc charleroi,2026-01-27,1.0,0.0
14117788,B2,rfc liège,lommel sk,2026-01-27,1.0,0.0
14117786,B2,kaa gent reserve u23,sk beveren,2026-01-28,2.0,4.0
14117781,B2,rsca futures u23,koninklijke lierse sportkring,2026-01-28,2.0,2.0
14117790,B2,club nxt u23,rfc seraing,2026-01-30,1.0,0.0
14117794,B2,jong krc genk u23,kas eupen,2026-01-30,2.0,0.0
14117799,B2,oc charleroi,royal francs borains,2026-01-31,0.0,3.0
14117789,B2,rsca futures u23,rfc liège,2026-01-31,0.0,0.0
14117798,B2,lommel sk,patro eisden maasmechelen,2026-01-31,1.0,1.0
14117792,B2,rwdm brussels,kaa gent reserve u23,2026-01-31,1.0,0.0
14117797,B2,kv kortrijk,ksc lokeren,2026-02-01,3.0,2.0
14117795,B2,koninklijke lierse sportkring,k. beerschot v.a.,2026-02-01,1.0,2.0
14117808,B2,patro eisden maasmechelen,jong krc genk u23,2026-02-06,4.0,4.0
14117809,B2,rfc liège,koninklijke lierse sportkring,2026-02-06,2.0,1.0
14117803,B2,kas eupen,kv kortrijk,2026-02-07,1.0,0.0
14117800,B2,k. beerschot v.a.,club nxt u23,2026-02-07,2.0,1.0
14117806,B2,ksc lokeren,oc charleroi,2026-02-07,1.0,1.0
14117810,B2,rfc seraing,rsca futures u23,2026-02-07,1.0,2.0
14117805,B2,royal francs borains,rwdm brussels,2026-02-08,0.0,0.0
14117802,B2,sk beveren,lommel sk,2026-02-08,2.0,0.0
14117812,B2,club nxt u23,patro eisden maasmechelen,2026-02-13,2.0,3.0
14117819,B2,koninklijke lierse sportkring,rfc seraing,2026-02-13,0.0,1.0
14117822,B2,lommel sk,rsca futures u23,2026-02-14,2.0,0.0
14117817,B2,jong krc genk u23,rfc liège,2026-02-14,2.0,0.0
14117821,B2,kv kortrijk,k. beerschot v.a.,2026-02-14,1.0,0.0
14117814,B2,rwdm brussels,ksc lokeren,2026-02-14,1.0,2.0
14117815,B2,royal francs borains,sk beveren,2026-02-15,0.0,2.0
14117818,B2,kaa gent reserve u23,oc charleroi,2026-02-24,1.0,3.0
14117831,B2,rfc liège,club nxt u23,2026-02-20,3.0,2.0
14117823,B2,rsca futures u23,jong krc genk u23,2026-02-20,2.0,1.0
14117832,B2,rfc seraing,kv kortrijk,2026-02-21,,
14117826,B2,kas eupen,royal francs borains,2026-02-21,1.0,1.0
14117828,B2,ksc lokeren,lommel sk,2026-02-21,2.0,3.0
14117827,B2,koninklijke lierse sportkring,kaa gent reserve u23,2026-02-21,1.0,3.0
14117825,B2,k. beerschot v.a.,rwdm brussels,2026-02-22,1.0,1.0
14117829,B2,patro eisden maasmechelen,sk beveren,2026-02-22,1.0,4.0
14117839,B2,kaa gent reserve u23,patro eisden maasmechelen,2026-02-27,2.0,1.0
14117840,B2,kv kortrijk,rfc liège,2026-02-27,3.0,1.0
14117833,B2,sk beveren,oc charleroi,2026-02-28,2.0,0.0
14117834,B2,club nxt u23,rsca futures u23,2026-02-28,0.0,5.0
14117838,B2,jong krc genk u23,koninklijke lierse sportkring,2026-02-28,2.0,3.0
14117837,B2,royal francs borains,k. beerschot v.a.,2026-02-28,0.0,2.0
14117841,B2,lommel sk,rfc seraing,2026-03-01,0.0,1.0
14117835,B2,rwdm brussels,kas eupen,2026-03-01,2.0,2.0
14117844,B2,k. beerschot v.a.,jong krc genk u23,2026-03-06,1.0,0.0
14117846,B2,kas eupen,kaa gent reserve u23,2026-03-06,4.0,0.0
14117847,B2,koninklijke lierse sportkring,club nxt u23,2026-03-07,2.0,1.0
14117851,B2,lommel sk,kv kortrijk,2026-03-07,1.0,1.0
14117852,B2,oc charleroi,rwdm brussels,2026-03-07,0.0,2.0
14117843,B2,rsca futures u23,patro eisden maasmechelen,2026-03-07,0.0,0.0
14117850,B2,ksc lokeren,sk beveren,2026-03-08,1.0,2.0
14117854,B2,rfc seraing,royal francs borains,2026-03-08,4.0,0.0
14117860,B2,jong krc genk u23,club nxt u23,2026-03-10,0.0,0.0
14117855,B2,k. beerschot v.a.,rsca futures u23,2026-03-10,4.0,2.0
14117857,B2,kas eupen,koninklijke lierse sportkring,2026-03-10,0.0,1.0
14117864,B2,patro eisden maasmechelen,rfc liège,2026-03-10,1.0,1.0
14117861,B2,kaa gent reserve u23,lommel sk,2026-03-11,2.0,2.0
14117863,B2,oc charleroi,rfc seraing,2026-03-11,2.0,4.0
14117856,B2,sk beveren,rwdm brussels,2026-03-11,3.0,2.0
14117859,B2,royal francs borains,ksc lokeren,2026-03-12,1.0,0.0
14117867,B2,koninklijke lierse sportkring,patro eisden maasmechelen,2026-03-13,1.0,2.0
14117865,B2,rsca futures u23,kas eupen,2026-03-13,0.0,1.0
14117866,B2,club nxt u23,sk beveren,2026-03-14,2.0,2.0
14117868,B2,kv kortrijk,oc charleroi,2026-03-14,3.0,1.0
14117871,B2,rfc liège,k. beerschot v.a.,2026-03-14,0.0,1.0
14117873,B2,rfc seraing,jong krc genk u23,2026-03-14,2.0,2.0
14117869,B2,ksc lokeren,kaa gent reserve u23,2026-03-15,4.0,1.0
14117870,B2,lommel sk,royal francs borains,2026-03-15,3.0,1.0
14117877,B2,kas eupen,rfc seraing,2026-03-20,0.0,0.0
14117883,B2,oc charleroi,jong krc genk u23,2026-03-20,1.0,2.0
14117884,B2,patro eisden maasmechelen,k. beerschot v.a.,2026-03-20,0.0,4.0
14117880,B2,kaa gent reserve u23,club nxt u23,2026-03-21,3.0,2.0
14117878,B2,royal francs borains,kv kortrijk,2026-03-21,4.0,1.0
14117882,B2,ksc lokeren,rsca futures u23,2026-03-21,4.0,2.0
14117875,B2,rwdm brussels,koninklijke lierse sportkring,2026-03-21,1.0,1.0
14117874,B2,sk beveren,rfc liège,2026-03-21,4.0,0.0
14117889,B2,jong krc genk u23,ksc lokeren,2026-04-03,2.0,2.0
14117892,B2,kv kortrijk,kaa gent reserve u23,2026-04-03,2.0,0.0
14117886,B2,rsca futures u23,sk beveren,2026-04-04,0.0,5.0
14117887,B2,club nxt u23,kas eupen,2026-04-04,0.0,1.0
14117890,B2,koninklijke lierse sportkring,royal francs borains,2026-04-04,0.0,2.0
14117893,B2,lommel sk,rwdm brussels,2026-04-04,3.0,2.0
14117894,B2,rfc liège,oc charleroi,2026-04-05,2.0,1.0
14117895,B2,rfc seraing,patro eisden maasmechelen,2026-04-05,2.0,0.0
14117899,B2,kas eupen,k. beerschot v.a.,2026-04-10,3.0,3.0
14117903,B2,ksc lokeren,rfc seraing,2026-04-10,1.0,1.0
14117898,B2,rwdm brussels,rsca futures u23,2026-04-11,2.0,1.0
14117904,B2,lommel sk,club nxt u23,2026-04-11,0.0,1.0
14117905,B2,oc charleroi,koninklijke lierse sportkring,2026-04-11,0.0,1.0
14117901,B2,royal francs borains,jong krc genk u23,2026-04-11,2.0,2.0
14117897,B2,sk beveren,kv kortrijk,2026-04-11,1.0,0.0
14117902,B2,kaa gent reserve u23,rfc liège,2026-04-12,0.0,2.0
14117908,B2,jong krc genk u23,kaa gent reserve u23,2026-04-17,1.0,1.0
14117907,B2,k. beerschot v.a.,lommel sk,2026-04-17,2.0,1.0
14117910,B2,kv kortrijk,rwdm brussels,2026-04-17,3.0,1.0
14117909,B2,koninklijke lierse sportkring,ksc lokeren,2026-04-17,1.0,1.0
14117911,B2,patro eisden maasmechelen,royal francs borains,2026-04-17,4.0,0.0
14117913,B2,rfc liège,kas eupen,2026-04-17,2.0,1.0
14117914,B2,rfc seraing,sk beveren,2026-04-17,1.0,2.0
14117906,B2,rsca futures u23,oc charleroi,2026-04-17,5.0,0.0
16384051,B2,koninklijke sporting hasselt,fcv dender,2026-08-14,1.0,0.0
16380088,B2,rfc seraing,ksc lokeren,2026-08-14,0.0,2.0
16380086,B2,kas eupen,jong krc genk u23,2026-08-15,4.0,1.0
16380090,B2,patro eisden maasmechelen,rsca futures u23,2026-08-15,2.0,1.0
16380089,B2,royal excelsior virton,koninklijke lierse sportkring,2026-08-15,3.0,0.0
16380091,B2,k. beerschot v.a.,kaa gent reserve u23,2026-08-16,4.0,0.0
16380092,B2,rfc liège,royal francs borains,2026-08-17,1.0,2.0
16380093,B2,ksc lokeren,kas eupen,2026-08-21,2.0,1.0
16380096,B2,rsca futures u23,royal excelsior virton,2026-08-21,0.0,1.0
16380097,B2,club nxt u23,rfc seraing,2026-08-22,3.0,2.0
16380095,B2,fcv dender,k. beerschot v.a.,2026-08-22,2.0,0.0
16380098,B2,koninklijke lierse sportkring,patro eisden maasmechelen,2026-08-22,2.0,1.0
16380099,B2,jong krc genk u23,rfc liège,2026-08-23,2.0,3.0
16380100,B2,royal francs borains,koninklijke sporting hasselt,2026-08-23,0.0,1.0
14109605,TR1,gaziantep fk,galatasaray,2025-08-08,0.0,3.0
14109603,TR1,samsunspor,gençlerbirliği,2025-08-09,2.0,1.0
14109601,TR1,antalyaspor,kasımpaşa,2025-08-09,2.0,1.0
14109607,TR1,çaykur rizespor,göztepe,2025-08-10,0.0,3.0
14109600,TR1,eyüpspor,konyaspor,2025-08-10,1.0,4.0
14109602,TR1,trabzonspor,kocaelispor,2025-08-11,1.0,0.0
14613411,TR1,fatih karagümrük,başakşehir fk,2025-09-17,0.0,2.0
14613405,TR1,fenerbahçe,alanyaspor,2025-09-17,2.0,2.0
14683084,TR1,kayserispor,beşiktaş jk,2025-09-24,0.0,4.0
14109615,TR1,galatasaray,fatih karagümrük,2025-08-15,3.0,0.0
14109617,TR1,kocaelispor,samsunspor,2025-08-16,0.0,1.0
14109612,TR1,alanyaspor,çaykur rizespor,2025-08-16,0.0,0.0
14109614,TR1,göztepe,fenerbahçe,2025-08-16,0.0,0.0
14109616,TR1,gençlerbirliği,antalyaspor,2025-08-17,0.0,1.0
14109610,TR1,konyaspor,gaziantep fk,2025-08-17,3.0,0.0
14109613,TR1,başakşehir fk,kayserispor,2025-08-17,1.0,1.0
14109611,TR1,beşiktaş jk,eyüpspor,2025-08-17,2.0,1.0
14109609,TR1,kasımpaşa,trabzonspor,2025-08-18,0.0,1.0
14109622,TR1,fatih karagümrük,göztepe,2025-08-22,0.0,2.0
14109624,TR1,fenerbahçe,kocaelispor,2025-08-23,3.0,1.0
14109623,TR1,gaziantep fk,gençlerbirliği,2025-08-23,2.0,1.0
14109620,TR1,trabzonspor,antalyaspor,2025-08-24,1.0,0.0
14109627,TR1,kayserispor,galatasaray,2025-08-24,0.0,4.0
14109618,TR1,eyüpspor,alanyaspor,2025-08-25,2.0,1.0
14613415,TR1,samsunspor,kasımpaşa,2025-09-17,0.0,0.0
14837589,TR1,konyaspor,beşiktaş jk,2025-10-22,0.0,2.0
14875545,TR1,çaykur rizespor,başakşehir fk,2025-10-22,0.0,0.0
14109633,TR1,göztepe,konyaspor,2025-08-29,1.0,1.0
14109628,TR1,kasımpaşa,gaziantep fk,2025-08-30,2.0,3.0
14109636,TR1,kocaelispor,kayserispor,2025-08-30,1.0,1.0
14109629,TR1,antalyaspor,fatih karagümrük,2025-08-30,1.0,2.0
14109634,TR1,galatasaray,çaykur rizespor,2025-08-30,3.0,1.0
14109632,TR1,başakşehir fk,eyüpspor,2025-08-31,0.0,0.0
14109635,TR1,gençlerbirliği,fenerbahçe,2025-08-31,1.0,3.0
14109631,TR1,alanyaspor,beşiktaş jk,2025-08-31,2.0,0.0
14109630,TR1,trabzonspor,samsunspor,2025-08-31,1.0,1.0
