event_id,league,home_team,away_team,match_date,home_goals,away_goals
CWuae5l9,E0,arsenal,everton,2022-05-22,5,1
QZq3fP3F,E0,brentford,leeds,2022-05-22,1,2
8bZ7gqJL,E0,brighton,west ham,2022-05-22,3,1
nkYBh3YR,E0,burnley,newcastle,2022-05-22,1,2
IXKwlNtq,E0,chelsea,watford,2022-05-22,2,1
dOJsmsdk,E0,crystal palace,manchester utd,2022-05-22,1,0
vm9nn1Be,E0,leicester,southampton,2022-05-22,4,1
hjDjoLQ1,E0,liverpool,wolves,2022-05-22,3,1
6g1Y9432,E0,manchester city,aston villa,2022-05-22,3,2
pp0x9OI8,E0,norwich,tottenham,2022-05-22,0,5
UZOxr6ME,E0,aston villa,burnley,2022-05-19,1,1
8tdRk9xq,E0,chelsea,leicester,2022-05-19,1,1
YqNGxuLF,E0,everton,crystal palace,2022-05-19,3,2
SKD2jeop,E0,southampton,liverpool,2022-05-17,1,2
IBoZ7NGH,E0,newcastle,arsenal,2022-05-16,2,0
SMhMAPWb,E0,everton,brentford,2022-05-15,2,3
lWgIB5Hh,E0,aston villa,crystal palace,2022-05-15,1,1
ddcQ9qn5,E0,leeds,brighton,2022-05-15,1,1
0YBAlZFd,E0,watford,leicester,2022-05-15,1,5
vJsicRJd,E0,west ham,manchester city,2022-05-15,2,2
I9tedoZ2,E0,wolves,norwich,2022-05-15,1,1
MsD6kF0j,E0,tottenham,burnley,2022-05-15,1,0
ltwL0Wk8,E0,tottenham,arsenal,2022-05-12,3,0
8EwivhdK,E0,wolves,manchester city,2022-05-11,1,5
OMqfxd7j,E0,leicester,norwich,2022-05-11,3,0
CzGnGQ7o,E0,watford,everton,2022-05-11,0,0
QuopLCkr,E0,leeds,chelsea,2022-05-11,0,3
fgOCwL59,E0,aston villa,liverpool,2022-05-10,1,2
h409DRnt,E0,manchester city,newcastle,2022-05-08,5,0
2a3raSXn,E0,arsenal,leeds,2022-05-08,2,1
xhQagO1O,E0,leicester,everton,2022-05-08,1,2
674DCo2n,E0,norwich,west ham,2022-05-08,0,4
GrP3hrHU,E0,liverpool,tottenham,2022-05-07,1,1
OEiic62a,E0,brighton,manchester utd,2022-05-07,4,0
tj2nbnmg,E0,brentford,southampton,2022-05-07,3,0
xIeedQH5,E0,burnley,aston villa,2022-05-07,1,3
WveaepXB,E0,chelsea,wolves,2022-05-07,2,2
AVg3f4nI,E0,crystal palace,watford,2022-05-07,1,0
SnxDqmYa,E0,manchester utd,brentford,2022-05-02,3,0
WGCC4lAP,E0,west ham,arsenal,2022-05-01,1,2
fZw5o93m,E0,everton,chelsea,2022-05-01,1,0
IyVPtoII,E0,tottenham,leicester,2022-05-01,3,1
ldw9pTIg,E0,leeds,manchester city,2022-04-30,0,4
tWZ0nkls,E0,aston villa,norwich,2022-04-30,2,0
OEVLsR2C,E0,southampton,crystal palace,2022-04-30,1,2
UBYTu5XO,E0,watford,burnley,2022-04-30,1,2
YPbv08It,E0,wolves,brighton,2022-04-30,0,3
pOWHr7m6,E0,newcastle,liverpool,2022-04-30,0,1
zmdU831B,E0,manchester utd,chelsea,2022-04-28,1,1
8xMwVmJ6,E0,crystal palace,leeds,2022-04-25,0,0
UiAnTRmJ,E0,liverpool,everton,2022-04-24,2,0
MLJRXkZm,E0,brighton,southampton,2022-04-24,2,2
0CIVW9lf,E0,burnley,wolves,2022-04-24,1,0
fZHZVT30,E0,chelsea,west ham,2022-04-24,1,0
4pPMYVJs,E0,brentford,tottenham,2022-04-23,0,0
j1BrU7YC,E0,leicester,aston villa,2022-04-23,0,0
dbbUiBQJ,E0,manchester city,watford,2022-04-23,5,1
zkcYjVuQ,E0,norwich,newcastle,2022-04-23,0,3
2ywewCBQ,E0,arsenal,manchester utd,2022-04-23,3,1
CzfH0o8b,E0,burnley,southampton,2022-04-21,2,0
0dnUcqhH,E0,manchester city,brighton,2022-04-20,3,0
bXkrVY0G,E0,chelsea,arsenal,2022-04-20,2,4
0MoAPc6m,E0,everton,leicester,2022-04-20,1,1
vmoYd37N,E0,newcastle,crystal palace,2022-04-20,1,0
6ZnQbPxB,E0,liverpool,manchester utd,2022-04-19,4,0
M7vgJjKf,E0,newcastle,leicester,2022-04-17,2,1
ATKmuYtE,E0,west ham,burnley,2022-04-17,1,1
vqklKW4l,E0,manchester utd,norwich,2022-04-16,3,2
0bwcIAZ0,E0,southampton,arsenal,2022-04-16,1,0
8Ot5Gl4D,E0,watford,brentford,2022-04-16,1,2
UXs1HUl7,E0,tottenham,brighton,2022-04-16,0,1
QLQKIJTq,E0,manchester city,liverpool,2022-04-10,2,2
GnyoPLjG,E0,brentford,west ham,2022-04-10,2,0
OCvgNaLS,E0,leicester,crystal palace,2022-04-10,2,1
MmKTGcbd,E0,norwich,burnley,2022-04-10,2,0
YNotQ1yA,E0,aston villa,tottenham,2022-04-09,0,4
MmrxRsM3,E0,arsenal,brighton,2022-04-09,1,2
zi8Busyc,E0,southampton,chelsea,2022-04-09,0,6
Es7Fv1j3,E0,watford,leeds,2022-04-09,0,3
fwzkOu6M,E0,everton,manchester utd,2022-04-09,1,0
8pGPHwqj,E0,newcastle,wolves,2022-04-08,1,0
pYadye5a,E0,burnley,everton,2022-04-06,3,2
KKL6B2MG,E0,crystal palace,arsenal,2022-04-04,3,0
CI0o4KEj,E0,tottenham,newcastle,2022-04-03,5,1
lzpUS3ii,E0,west ham,everton,2022-04-03,2,1
YR1s50ap,E0,manchester utd,leicester,2022-04-02,1,1
829eE4xb,E0,brighton,norwich,2022-04-02,0,0
ng8aDOi4,E0,burnley,manchester city,2022-04-02,0,2
tUM2Cr7A,E0,chelsea,brentford,2022-04-02,1,4
2qBBAMyN,E0,leeds,southampton,2022-04-02,1,1
SQrYRN6c,E0,wolves,aston villa,2022-04-02,2,1
GnFF9tiT,E0,liverpool,watford,2022-04-02,2,0
bXR4isVp,E0,tottenham,west ham,2022-03-20,3,1
faqMa5N4,E0,leicester,brentford,2022-03-20,2,1
YqeD1Rhh,E0,aston villa,arsenal,2022-03-19,0,1
QwKjFpNi,E0,wolves,leeds,2022-03-18,2,3
foImVv0N,E0,everton,newcastle,2022-03-17,1,0
b76idBaF,E0,arsenal,liverpool,2022-03-16,0,2
Ua8TGTNF,E0,brighton,tottenham,2022-03-16,0,2
EuOno68B,E0,crystal palace,manchester city,2022-03-14,0,0
nD4wkl9n,E0,arsenal,leicester,2022-03-13,2,0
YT6knng5,E0,chelsea,newcastle,2022-03-13,1,0
hWMjpQNH,E0,everton,wolves,2022-03-13,0,1
ngMfqpwO,E0,leeds,norwich,2022-03-13,2,1
QJi53mOu,E0,southampton,watford,2022-03-13,1,2
4Aj927wn,E0,west ham,aston villa,2022-03-13,2,1
0dQbr4hU,E0,manchester utd,tottenham,2022-03-12,3,2
0G8sl8Oh,E0,brentford,burnley,2022-03-12,2,0
fw8omSwa,E0,brighton,liverpool,2022-03-12,0,2
M1w8YmqE,E0,arsenal,wolves,2023-05-28,5,0
KndBX7bK,E0,aston villa,brighton,2023-05-28,2,1
E9eFWRDQ,E0,brentford,manchester city,2023-05-28,1,0
GIssSoMs,E0,chelsea,newcastle,2023-05-28,1,1
YgxnR5yl,E0,crystal palace,nottingham,2023-05-28,1,1
CpyjQPjf,E0,everton,bournemouth,2023-05-28,1,0
67zfPq60,E0,leeds,tottenham,2023-05-28,1,4
KAvbO3L6,E0,leicester,west ham,2023-05-28,2,1
2ZT2NNzD,E0,manchester utd,fulham,2023-05-28,2,1
tQS6MsjJ,E0,southampton,liverpool,2023-05-28,4,4
n7guQMeI,E0,manchester utd,chelsea,2023-05-25,4,1
G8hKUpsm,E0,brighton,manchester city,2023-05-24,1,1
jH78Dn7l,E0,newcastle,leicester,2023-05-22,0,0
xE34ESir,E0,manchester city,chelsea,2023-05-21,1,0
0W0yLUEE,E0,brighton,southampton,2023-05-21,3,1
t60LApi7,E0,west ham,leeds,2023-05-21,3,1
YucDC6Mf,E0,nottingham,arsenal,2023-05-20,1,0
Mu2XLAa8,E0,bournemouth,manchester utd,2023-05-20,0,1
trIYJlUK,E0,fulham,crystal palace,2023-05-20,2,2
KYGxJ8qR,E0,liverpool,aston villa,2023-05-20,1,1
KdaP946D,E0,wolves,everton,2023-05-20,1,1
CWeHBQy1,E0,tottenham,brentford,2023-05-20,1,3
Q1SWq2U0,E0,newcastle,brighton,2023-05-18,4,1
CAKtamhe,E0,leicester,liverpool,2023-05-15,0,3
zPwj9XF2,E0,arsenal,brighton,2023-05-14,0,3
8xxb7BpF,E0,brentford,west ham,2023-05-14,2,0
4pHY09Nr,E0,everton,manchester city,2023-05-14,0,3
EFxf8iV8,E0,aston villa,tottenham,2023-05-13,2,1
KCu26VaL,E0,chelsea,nottingham,2023-05-13,2,2
2yV65kFR,E0,crystal palace,bournemouth,2023-05-13,2,0
fZ9ob771,E0,manchester utd,wolves,2023-05-13,2,0
8xEkcRM7,E0,southampton,fulham,2023-05-13,0,2
YJLx0Txk,E0,leeds,newcastle,2023-05-13,2,2
Cjhemjgq,E0,nottingham,southampton,2023-05-08,4,3
CSDCeEo3,E0,brighton,everton,2023-05-08,1,5
fi3HfY09,E0,fulham,leicester,2023-05-08,5,3
KGe3oUNe,E0,west ham,manchester utd,2023-05-07,1,0
69FSiWpS,E0,newcastle,arsenal,2023-05-07,0,2
Ys2LghGF,E0,liverpool,brentford,2023-05-06,1,0
bP98dfWd,E0,bournemouth,chelsea,2023-05-06,1,3
SIGOhCVL,E0,manchester city,leeds,2023-05-06,2,1
QgdanA8k,E0,tottenham,crystal palace,2023-05-06,1,0
b7f7plw2,E0,wolves,aston villa,2023-05-06,1,0
6DkGCi44,E0,brighton,manchester utd,2023-05-04,1,0
2uqPAVYG,E0,liverpool,fulham,2023-05-03,1,0
d2rT9klN,E0,manchester city,west ham,2023-05-03,3,0
Gr9TeNun,E0,arsenal,chelsea,2023-05-02,3,1
CU4liafH,E0,leicester,everton,2023-05-01,2,2
lfSHZWOq,E0,liverpool,tottenham,2023-04-30,4,3
xhAPd3Qu,E0,bournemouth,leeds,2023-04-30,4,1
I75phuuB,E0,fulham,manchester city,2023-04-30,1,2
6VMMYjvj,E0,manchester utd,aston villa,2023-04-30,1,0
pMLQXAgd,E0,newcastle,southampton,2023-04-30,3,1
pIDXfseh,E0,brentford,nottingham,2023-04-29,2,1
O8Cyf1Ab,E0,brighton,wolves,2023-04-29,6,0
6X1tgLP4,E0,crystal palace,west ham,2023-04-29,4,3
ClR1sOQh,E0,tottenham,manchester utd,2023-04-27,2,2
EDoRmQmP,E0,everton,newcastle,2023-04-27,1,4
bRvFx0uO,E0,southampton,bournemouth,2023-04-27,0,1
CUrJyKfU,E0,manchester city,arsenal,2023-04-26,4,1
44uBwtQH,E0,chelsea,brentford,2023-04-26,0,2
6BQ5trta,E0,west ham,liverpool,2023-04-26,1,2
boNcr4Bn,E0,nottingham,brighton,2023-04-26,3,1
GMXhqpdt,E0,leeds,leicester,2023-04-25,1,1
QDt7vMAB,E0,aston villa,fulham,2023-04-25,1,0
p2P9u2e5,E0,wolves,crystal palace,2023-04-25,2,0
6Z2pym4J,E0,bournemouth,west ham,2023-04-23,0,4
QchqPtBO,E0,newcastle,tottenham,2023-04-23,6,1
xIgGVQRt,E0,brentford,aston villa,2023-04-22,1,1
YqmPT4dg,E0,crystal palace,everton,2023-04-22,0,0
6coXRrR5,E0,leicester,wolves,2023-04-22,2,1
4r4zR2tC,E0,liverpool,nottingham,2023-04-22,3,2
CznTSOBa,E0,fulham,leeds,2023-04-22,2,1
Kx7lz7JP,E0,arsenal,southampton,2023-04-21,3,3
n5nuYbWs,E0,leeds,liverpool,2023-04-17,1,6
fVkmWx1f,E0,nottingham,manchester utd,2023-04-16,0,2
OAw0TzoD,E0,west ham,arsenal,2023-04-16,2,2
tSoqXIol,E0,manchester city,leicester,2023-04-15,3,1
SK58wL8K,E0,chelsea,brighton,2023-04-15,1,2
pd0DxuOQ,E0,everton,fulham,2023-04-15,1,3
xfuhVdG0,E0,southampton,crystal palace,2023-04-15,0,2
GpvdUGV6,E0,tottenham,bournemouth,2023-04-15,2,3
21x4Sf0J,E0,wolves,brentford,2023-04-15,2,0
lU64v1gE,E0,aston villa,newcastle,2023-04-15,3,0
Y1M5JaHl,E0,liverpool,arsenal,2023-04-09,2,2
ED9Xy8XF,E0,leeds,crystal palace,2023-04-09,1,5
tSPDHwn1,E0,southampton,manchester city,2023-04-08,1,4
Sd7LvAmc,E0,aston villa,nottingham,2023-04-08,2,0
6m6PwU23,E0,brentford,newcastle,2023-04-08,1,2
0A5TxlI9,E0,fulham,west ham,2023-04-08,0,1
fBN1Ku2r,E0,leicester,bournemouth,2023-04-08,0,1
OjFIGc17,E0,tottenham,brighton,2023-04-08,2,1
zRIMFHGD,E0,wolves,chelsea,2023-04-08,1,0
2yR9IJWf,E0,manchester utd,everton,2023-04-08,2,0
nBTSprFf,E0,manchester utd,brentford,2023-04-05,1,0
U3hSY7oJ,E0,west ham,newcastle,2023-04-05,1,5
trMpik1m,E0,chelsea,liverpool,2023-04-04,0,0
djISpEvE,E0,bournemouth,brighton,2023-04-04,0,2
llc7wWWm,E0,leeds,nottingham,2023-04-04,2,1
0O0Bxjnf,E0,leicester,aston villa,2023-04-04,1,2
ld76N8IM,E0,everton,tottenham,2023-04-03,1,1
8tlwIntp,E0,newcastle,manchester utd,2023-04-02,2,0
tfnoGQAd,E0,west ham,southampton,2023-04-02,1,0
jXP8f29S,E0,arsenal,everton,2024-05-19,2,1
htCzjMHq,E0,brentford,newcastle,2024-05-19,2,4
z51uktXk,E0,brighton,manchester utd,2024-05-19,0,2
nu5ql0nd,E0,burnley,nottingham,2024-05-19,1,2
0rgRCqPd,E0,chelsea,bournemouth,2024-05-19,2,1
vZiVB3v3,E0,crystal palace,aston villa,2024-05-19,5,0
dAnzBNg9,E0,liverpool,wolves,2024-05-19,2,0
z1ovAs9F,E0,luton,fulham,2024-05-19,2,4
Sd97hFwr,E0,manchester city,west ham,2024-05-19,3,1
t0DBiZhl,E0,sheffield utd,tottenham,2024-05-19,0,3
C43exrWn,E0,manchester utd,newcastle,2024-05-15,3,2
ro9WXSv1,E0,brighton,chelsea,2024-05-15,1,2
I163zM0a,E0,tottenham,manchester city,2024-05-14,0,2
GziuczET,E0,aston villa,liverpool,2024-05-13,3,3
ERUq06ui,E0,manchester utd,arsenal,2024-05-12,0,1
nuTibpA3,E0,nottingham,chelsea,2024-05-11,2,3
2XnybGbN,E0,bournemouth,brentford,2024-05-11,1,2
YFw7hfMp,E0,everton,sheffield utd,2024-05-11,1,0
hITmaQfc,E0,newcastle,brighton,2024-05-11,1,1
0rXec4P9,E0,tottenham,burnley,2024-05-11,2,1
r7M0dOvG,E0,west ham,luton,2024-05-11,3,1
McL4erfM,E0,wolves,crystal palace,2024-05-11,1,3
C6xBiEyi,E0,fulham,manchester city,2024-05-11,0,4
jT5F2vph,E0,crystal palace,manchester utd,2024-05-06,4,0
YieK1bab,E0,liverpool,tottenham,2024-05-05,4,2
xWC2qHqU,E0,brighton,aston villa,2024-05-05,1,0
hrmC3KUo,E0,chelsea,west ham,2024-05-05,5,0
tIbSaxUA,E0,manchester city,wolves,2024-05-04,5,1
KfIcpcUN,E0,brentford,fulham,2024-05-04,0,0
vuaUvyho,E0,burnley,newcastle,2024-05-04,1,4
K8cWbdqH,E0,sheffield utd,nottingham,2024-05-04,1,3
t4JgowFH,E0,arsenal,bournemouth,2024-05-04,3,0
CrfO0IE4,E0,luton,everton,2024-05-03,1,1
lUEplQC8,E0,chelsea,tottenham,2024-05-02,2,0
CORxkLFh,E0,nottingham,manchester city,2024-04-28,0,2
ETaCYaVB,E0,bournemouth,brighton,2024-04-28,3,0
jFQtluVb,E0,tottenham,arsenal,2024-04-28,2,3
hKbGXJpI,E0,aston villa,chelsea,2024-04-27,2,2
nsbKWw0O,E0,everton,brentford,2024-04-27,1,0
0p2OVcFU,E0,fulham,crystal palace,2024-04-27,1,1
Q7TUjsot,E0,manchester utd,burnley,2024-04-27,1,1
4bSYk10n,E0,newcastle,sheffield utd,2024-04-27,5,1
nsKknJaB,E0,wolves,luton,2024-04-27,2,1
YwGomap5,E0,west ham,liverpool,2024-04-27,2,2
44mim5qC,E0,brighton,manchester city,2024-04-25,0,4
A1jaoqEO,E0,crystal palace,newcastle,2024-04-24,2,0
C6UsASjP,E0,everton,liverpool,2024-04-24,2,0
MuKH3QTh,E0,manchester utd,sheffield utd,2024-04-24,4,2
I7DQ14b5,E0,wolves,bournemouth,2024-04-24,0,1
QDlmloU5,E0,arsenal,chelsea,2024-04-23,5,0
hGjNfjnE,E0,fulham,liverpool,2024-04-21,1,3
Us5SY8Pf,E0,aston villa,bournemouth,2024-04-21,3,1
Q9byXnf7,E0,crystal palace,west ham,2024-04-21,5,2
40cuW69D,E0,everton,nottingham,2024-04-21,2,0
dh57ZuG5,E0,wolves,arsenal,2024-04-20,0,2
UuEjwOGt,E0,luton,brentford,2024-04-20,1,5
Ov7ay2og,E0,sheffield utd,burnley,2024-04-20,1,4
KYplrD28,E0,chelsea,everton,2024-04-15,6,0
A33cLkee,E0,arsenal,aston villa,2024-04-14,0,2
YykhsXHE,E0,liverpool,crystal palace,2024-04-14,0,1
zL5OZlAl,E0,west ham,fulham,2024-04-14,0,2
WC4gMVuk,E0,bournemouth,manchester utd,2024-04-13,2,2
vw81K9A1,E0,brentford,sheffield utd,2024-04-13,2,0
IT65JTP7,E0,burnley,brighton,2024-04-13,1,1
SbldtiXK,E0,manchester city,luton,2024-04-13,5,1
dU6KzVfr,E0,nottingham,wolves,2024-04-13,2,2
6km0uBnR,E0,newcastle,tottenham,2024-04-13,4,0
EeOMRiIR,E0,tottenham,nottingham,2024-04-07,3,1
KYOISX2L,E0,sheffield utd,chelsea,2024-04-07,2,2
trQETDmF,E0,manchester utd,liverpool,2024-04-07,2,2
zokF8CBk,E0,brighton,arsenal,2024-04-06,0,3
dfjB9hdq,E0,aston villa,brentford,2024-04-06,3,3
WCrO6jt2,E0,everton,burnley,2024-04-06,1,0
pGW5VZI2,E0,fulham,newcastle,2024-04-06,0,1
O6V9UgY8,E0,luton,bournemouth,2024-04-06,2,1
llFlNBQr,E0,wolves,west ham,2024-04-06,1,2
I9vK7WQe,E0,crystal palace,manchester city,2024-04-06,2,4
jgBWGz49,E0,chelsea,manchester utd,2024-04-04,4,3
nL4uFEYL,E0,liverpool,sheffield utd,2024-04-04,3,1
QB3qEYmS,E0,manchester city,aston villa,2024-04-03,4,1
8AVXeZRq,E0,arsenal,luton,2024-04-03,2,0
2XUyegsj,E0,brentford,brighton,2024-04-03,0,0
dWBSHGl3,E0,west ham,tottenham,2024-04-02,1,1
n7P60FJS,E0,bournemouth,crystal palace,2024-04-02,1,0
tOTufDdd,E0,burnley,wolves,2024-04-02,1,1
4dFzGfJF,E0,newcastle,everton,2024-04-02,1,1
IuDOIdZd,E0,nottingham,fulham,2024-04-02,3,1
z3ro5w5c,E0,manchester city,arsenal,2024-03-31,0,0
Mavs6Jki,E0,liverpool,brighton,2024-03-31,2,1
U5ierGcp,E0,brentford,manchester utd,2024-03-30,1,1
jLBYarTH,E0,aston villa,wolves,2024-03-30,2,0
CUCU0ODB,E0,bournemouth,everton,2024-03-30,2,1
8djaszDj,E0,chelsea,burnley,2024-03-30,2,2
dIWg3HZ9,E0,nottingham,crystal palace,2024-03-30,1,1
Qiyb2ykG,E0,sheffield utd,fulham,2024-03-30,3,3
4rz21e4M,E0,tottenham,luton,2024-03-30,2,1
IRXk4cK3,E0,newcastle,west ham,2024-03-30,4,3
449M2pqa,E0,west ham,aston villa,2024-03-17,1,1
EFG95nat,E0,fulham,tottenham,2024-03-16,3,0
bRnenPbI,E0,burnley,brentford,2024-03-16,2,1
rkLD46En,E0,luton,nottingham,2024-03-16,1,1
zkobxEe6,E0,bournemouth,luton,2024-03-13,4,3
xlGack7J,E0,chelsea,newcastle,2024-03-11,3,2
44RKa9ke,E0,bournemouth,leicester,2025-05-25,2,0
QJFTcmK7,E0,fulham,manchester city,2025-05-25,0,2
hQ7FLjCE,E0,ipswich,west ham,2025-05-25,1,3
lh1OJUtR,E0,liverpool,crystal palace,2025-05-25,1,1
pOnfE84l,E0,manchester utd,aston villa,2025-05-25,2,0
4Q2eCnZ0,E0,newcastle,everton,2025-05-25,0,1
Cj63AQ3D,E0,nottingham,chelsea,2025-05-25,0,1
hnqjYTeK,E0,southampton,arsenal,2025-05-25,1,2
OUZLS7Js,E0,tottenham,brighton,2025-05-25,1,4
4vrUQolf,E0,wolves,brentford,2025-05-25,1,1
boy65vMG,E0,crystal palace,wolves,2025-05-20,4,2
Wh8WLa6c,E0,manchester city,bournemouth,2025-05-20,3,1
fgvk9MMi,E0,brighton,liverpool,2025-05-19,3,2
xI7Oh1xB,E0,arsenal,newcastle,2025-05-18,1,0
2ai3oJUp,E0,brentford,fulham,2025-05-18,2,3
GpQqbdEj,E0,leicester,ipswich,2025-05-18,2,0
b7OC1VKr,E0,west ham,nottingham,2025-05-18,1,2
K0PE3IjT,E0,everton,southampton,2025-05-18,2,0
jLXc70i4,E0,chelsea,manchester utd,2025-05-16,1,0
prBWju7N,E0,aston villa,tottenham,2025-05-16,2,0
8GvXq6gt,E0,liverpool,arsenal,2025-05-11,2,2
UVSurpOh,E0,manchester utd,west ham,2025-05-11,0,2
YNPdv2NH,E0,nottingham,leicester,2025-05-11,2,2
8xG7dqwn,E0,tottenham,crystal palace,2025-05-11,0,2
xdWmtOh5,E0,newcastle,chelsea,2025-05-11,2,0
4Uh7Tp9a,E0,bournemouth,aston villa,2025-05-10,0,1
xriFROwC,E0,fulham,everton,2025-05-10,1,3
Y9pOP28O,E0,ipswich,brentford,2025-05-10,0,1
6yO4xthU,E0,southampton,manchester city,2025-05-10,0,0
G2JFfN7b,E0,wolves,brighton,2025-05-10,0,2
xdGPqoxq,E0,crystal palace,nottingham,2025-05-05,1,1
tQUgk7EL,E0,chelsea,liverpool,2025-05-04,3,1
KKqaTPi2,E0,brentford,manchester utd,2025-05-04,4,3
nRyoiTq9,E0,brighton,newcastle,2025-05-04,1,1
82abV6vm,E0,west ham,tottenham,2025-05-04,1,1
SM4Kz8aS,E0,arsenal,bournemouth,2025-05-03,1,2
YN9YsP6e,E0,everton,ipswich,2025-05-03,2,2
tlDtt3y8,E0,leicester,southampton,2025-05-03,2,0
b5ejVoNk,E0,aston villa,fulham,2025-05-03,1,0
OCxRmFfE,E0,manchester city,wolves,2025-05-02,1,0
YmgPGn8d,E0,nottingham,brentford,2025-05-01,0,2
zgBxQjoA,E0,liverpool,tottenham,2025-04-27,5,1
tWk3BiWG,E0,bournemouth,manchester utd,2025-04-27,1,1
nXUs49Oj,E0,brighton,west ham,2025-04-26,3,2
QNkHI8wp,E0,newcastle,ipswich,2025-04-26,3,0
ldyCvj03,E0,southampton,fulham,2025-04-26,1,2
M9ZJxUUF,E0,wolves,leicester,2025-04-26,3,0
vRHTRCGc,E0,chelsea,everton,2025-04-26,1,0
SnlB9V0T,E0,arsenal,crystal palace,2025-04-23,2,2
tjEpOUFM,E0,manchester city,aston villa,2025-04-22,2,1
CjbnFZWi,E0,tottenham,nottingham,2025-04-21,1,2
QegS9veC,E0,leicester,liverpool,2025-04-20,0,1
xMsCDMem,E0,fulham,chelsea,2025-04-20,1,2
pnoKB0Qa,E0,ipswich,arsenal,2025-04-20,0,4
drGaiWvo,E0,manchester utd,wolves,2025-04-20,0,1
YRapaNtf,E0,aston villa,newcastle,2025-04-19,4,1
6ubhc1B6,E0,brentford,brighton,2025-04-19,4,2
QsEgeutJ,E0,crystal palace,bournemouth,2025-04-19,0,0
hl6uJrYP,E0,everton,manchester city,2025-04-19,0,2
KG1fDD14,E0,west ham,southampton,2025-04-19,1,1
tW9QWPoQ,E0,newcastle,crystal palace,2025-04-16,5,0
AB7LZ6Dr,E0,bournemouth,fulham,2025-04-14,1,0
KOZApOR0,E0,newcastle,manchester utd,2025-04-13,4,1
Wb1NgS4E,E0,chelsea,ipswich,2025-04-13,2,2
SQfWi6ZQ,E0,liverpool,west ham,2025-04-13,2,1
x06y1qCs,E0,wolves,tottenham,2025-04-13,4,2
IyBTXpre,E0,arsenal,brentford,2025-04-12,1,1
viaxWOC7,E0,brighton,leicester,2025-04-12,2,2
QLxJr2dD,E0,nottingham,everton,2025-04-12,0,1
6HF565lK,E0,southampton,aston villa,2025-04-12,0,3
Odt2npcl,E0,manchester city,crystal palace,2025-04-12,5,2
d8snL7bk,E0,leicester,newcastle,2025-04-07,0,3
4YpfJoT1,E0,manchester utd,manchester city,2025-04-06,0,0
bDsnPGaN,E0,brentford,chelsea,2025-04-06,0,0
UgR5uxp4,E0,fulham,liverpool,2025-04-06,3,2
IDStskL8,E0,tottenham,southampton,2025-04-06,3,1
jmvvRxVA,E0,aston villa,nottingham,2025-04-05,2,1
IcOIJfNp,E0,crystal palace,brighton,2025-04-05,2,1
xKUDwGEG,E0,ipswich,wolves,2025-04-05,1,2
jRQluTkL,E0,west ham,bournemouth,2025-04-05,2,2
AiB4sbFi,E0,everton,arsenal,2025-04-05,1,1
YmDnxLN5,E0,chelsea,tottenham,2025-04-03,1,0
UXkVSb0b,E0,liverpool,everton,2025-04-02,1,0
6Dg5Psv0,E0,bournemouth,ipswich,2025-04-02,1,2
zgoMLawP,E0,brighton,aston villa,2025-04-02,0,3
UF6ezahI,E0,manchester city,leicester,2025-04-02,2,0
2T43YxNU,E0,newcastle,brentford,2025-04-02,2,1
xQXNUKVo,E0,southampton,crystal palace,2025-04-02,1,1
QHQVu3Ot,E0,nottingham,manchester utd,2025-04-01,1,0
vRiDNL8C,E0,arsenal,fulham,2025-04-01,2,1
nXEvvsgg,E0,wolves,west ham,2025-04-01,1,0
hATVArP6,E0,leicester,manchester utd,2025-03-16,0,3
WM1fBiJk,E0,arsenal,chelsea,2025-03-16,1,0
Eq0NEQPs,E0,fulham,tottenham,2025-03-16,2,0
27BOGDeS,E0,bournemouth,brentford,2025-03-15,1,2
KrrkXYu9,E0,everton,west ham,2025-03-15,1,1
ncbVC4ff,E0,ipswich,nottingham,2025-03-15,2,4
0zXw9MgJ,E0,manchester city,brighton,2025-03-15,2,2
CE0dR39m,E0,southampton,wolves,2025-03-15,1,2
YRJ7Ked3,E0,west ham,newcastle,2025-03-10,0,1
nV1t4zCM,E0,manchester utd,arsenal,2025-03-09,1,1
jqIwpFKj,E0,chelsea,leicester,2025-03-09,1,0
IJyLdh4d,E0,tottenham,bournemouth,2025-03-09,2,2
6uIFIZQF,E0,wolves,everton,2025-03-08,1,1
viJaicSG,E0,brentford,aston villa,2025-03-08,0,1
nHM7kycT,E0,brighton,fulham,2025-03-08,2,1
rw5P7ICc,E0,crystal palace,ipswich,2025-03-08,1,0
v5bY5dsA,E0,liverpool,southampton,2025-03-08,3,1
W2wDbEZq,E0,nottingham,manchester city,2025-03-08,1,0
QZ5U62OH,E0,bournemouth,manchester utd,2026-03-20,2,2
0jR7cwU6,E0,brentford,wolves,2026-03-16,2,2
dtZvdoAa,E0,liverpool,tottenham,2026-03-15,1,1
0EuWc7um,E0,crystal palace,leeds,2026-03-15,0,0
UgXnfPvC,E0,manchester utd,aston villa,2026-03-15,3,1
QLQeh39O,E0,nottingham,fulham,2026-03-15,0,0
Ms9DApPh,E0,west ham,manchester city,2026-03-14,1,1
4OXbaaaf,E0,arsenal,everton,2026-03-14,2,0
juf03THP,E0,chelsea,newcastle,2026-03-14,0,1
8GUFeHbJ,E0,burnley,bournemouth,2026-03-14,0,0
0SK4C6ft,E0,sunderland,brighton,2026-03-14,0,1
vwIIJTp9,E0,tottenham,crystal palace,2026-03-05,1,3
CWPWeQh2,E0,newcastle,manchester utd,2026-03-04,2,1
Y1fIjVGM,E0,aston villa,chelsea,2026-03-04,1,4
QaZdqm9d,E0,brighton,arsenal,2026-03-04,0,1
ELFi5UVF,E0,fulham,west ham,2026-03-04,0,1
jHyOcnOk,E0,manchester city,nottingham,2026-03-04,2,2
WAZj1LUs,E0,wolves,liverpool,2026-03-03,2,1
IZVlo9vp,E0,bournemouth,brentford,2026-03-03,0,0
t8Hq7j13,E0,everton,burnley,2026-03-03,2,0
KYph380S,E0,leeds,sunderland,2026-03-03,0,1
CE2gREmB,E0,arsenal,chelsea,2026-03-01,2,1
lfdXJWuo,E0,brighton,nottingham,2026-03-01,2,1
CSsSuE24,E0,fulham,tottenham,2026-03-01,2,1
vqBFW9Pj,E0,manchester utd,crystal palace,2026-03-01,2,1
YsWzvhXG,E0,leeds,manchester city,2026-02-28,0,1
42vKszYi,E0,burnley,brentford,2026-02-28,3,4
KbUrxW1T,E0,liverpool,west ham,2026-02-28,5,2
Wxb1fDHc,E0,newcastle,everton,2026-02-28,2,3
hOA1PhIN,E0,bournemouth,sunderland,2026-02-28,1,1
S4iAhinA,E0,wolves,aston villa,2026-02-27,2,0
UBn9TqDs,E0,everton,manchester utd,2026-02-23,0,1
rZAxVdln,E0,tottenham,arsenal,2026-02-22,1,4
bTewZ5kK,E0,crystal palace,wolves,2026-02-22,1,0
bivQP1C6,E0,nottingham,liverpool,2026-02-22,0,1
IgfRNusJ,E0,sunderland,fulham,2026-02-22,1,3
QwtIRNsf,E0,manchester city,newcastle,2026-02-21,2,1
4laoTzJb,E0,west ham,bournemouth,2026-02-21,0,0
G8MZEpbl,E0,aston villa,leeds,2026-02-21,1,1
CzGrDOS0,E0,brentford,brighton,2026-02-21,0,2
IXIjB2cD,E0,chelsea,burnley,2026-02-21,1,1
rXDVZ0h4,E0,wolves,arsenal,2026-02-18,2,2
lKNJm8ak,E0,brentford,arsenal,2026-02-12,1,1
W2uAbPD7,E0,sunderland,liverpool,2026-02-11,0,1
4nnmgUyS,E0,aston villa,brighton,2026-02-11,1,0
AP8E9kM8,E0,crystal palace,burnley,2026-02-11,2,3
2Nmg27Er,E0,manchester city,fulham,2026-02-11,3,0
Ami10oqe,E0,nottingham,wolves,2026-02-11,0,0
Kxy4K6zR,E0,west ham,manchester utd,2026-02-10,1,1
dpRRonU1,E0,chelsea,leeds,2026-02-10,2,2
rw7M7TjL,E0,everton,bournemouth,2026-02-10,1,2
OAseMS5E,E0,tottenham,newcastle,2026-02-10,1,2
lbnqyVFq,E0,liverpool,manchester city,2026-02-08,1,2
lrdmg9KU,E0,brighton,crystal palace,2026-02-08,0,1
xKSwcCx3,E0,newcastle,brentford,2026-02-07,2,3
K24WdiL5,E0,arsenal,sunderland,2026-02-07,3,0
GUcueVkI,E0,bournemouth,aston villa,2026-02-07,1,1
UyEecLWo,E0,burnley,west ham,2026-02-07,0,2
MqW2ea1b,E0,fulham,everton,2026-02-07,1,2
dMruej7F,E0,wolves,chelsea,2026-02-07,1,3
pQuhZ8pd,E0,manchester utd,tottenham,2026-02-07,2,0
raKBgwWA,E0,leeds,nottingham,2026-02-06,3,1
M7x6tWzP,E0,sunderland,burnley,2026-02-02,3,0
CWHF0ZLt,E0,tottenham,manchester city,2026-02-01,2,2
YBkFXzhf,E0,aston villa,brentford,2026-02-01,0,1
hSpkpEy0,E0,manchester utd,fulham,2026-02-01,3,2
Quqcrh6C,E0,nottingham,crystal palace,2026-02-01,1,1
bTitnz7m,E0,liverpool,newcastle,2026-01-31,4,1
nkONThiJ,E0,chelsea,west ham,2026-01-31,3,2
vPKFVEM6,E0,brighton,everton,2026-01-31,1,1
Sp1AidqQ,E0,leeds,arsenal,2026-01-31,0,4
Yo6ObDjg,E0,wolves,bournemouth,2026-01-31,0,2
neRXKc8l,E0,everton,leeds,2026-01-26,1,1
YqgQO69M,E0,arsenal,manchester utd,2026-01-25,2,3
4YS4HO1d,E0,brentford,nottingham,2026-01-25,0,2
hf9aw6OF,E0,crystal palace,chelsea,2026-01-25,1,3
tEAzuJaK,E0,newcastle,aston villa,2026-01-25,0,2
IHUdJpXq,E0,bournemouth,liverpool,2026-01-24,3,2
KtBiuSg3,E0,burnley,tottenham,2026-01-24,2,2
hhUuJyw1,E0,fulham,brighton,2026-01-24,2,1
E7IlHF7D,E0,manchester city,wolves,2026-01-24,2,0
0bi7ZdNs,E0,west ham,sunderland,2026-01-24,3,1
MBSHcUAN,E0,brighton,bournemouth,2026-01-19,1,1
QqZ8ajtB,E0,aston villa,everton,2026-01-18,0,1
QJkIQSvA,E0,wolves,newcastle,2026-01-18,0,0
YVDiA7fT,E0,nottingham,arsenal,2026-01-17,0,0
IsEmh8Yp,E0,chelsea,brentford,2026-01-17,2,0
dQISFBQi,E0,leeds,fulham,2026-01-17,1,0
4jMzEke4,E0,liverpool,burnley,2026-01-17,1,1
xb9N4oIj,E0,sunderland,crystal palace,2026-01-17,2,1
Uid9SlAc,E0,tottenham,west ham,2026-01-17,1,2
Q5AqCTPG,E0,manchester utd,manchester city,2026-01-17,2,0
SC5rmMjl,E0,arsenal,liverpool,2026-01-08,0,0
AZ3Bject,E0,burnley,manchester utd,2026-01-07,2,2
d4sh3Ytn,E0,newcastle,leeds,2026-01-07,4,3
Ovaio0L0,E0,bournemouth,tottenham,2026-01-07,3,2
W42aqvjD,E0,brentford,sunderland,2026-01-07,3,0
r1HIlZRh,E0,crystal palace,aston villa,2026-01-07,0,0
vTARnDd5,E0,everton,wolves,2026-01-07,1,1
Ct9ZpiRH,E0,fulham,chelsea,2026-01-07,2,1
882rqVeU,E0,manchester city,brighton,2026-01-07,1,1
IJV01CBb,E0,west ham,nottingham,2026-01-06,1,2
lMp9YMye,E0,manchester city,chelsea,2026-01-04,1,1
byvxt5qL,E0,fulham,liverpool,2026-01-04,2,2
QNuUsRE8,E0,everton,brentford,2026-01-04,2,4
AyZHW067,E0,newcastle,crystal palace,2026-01-04,2,0
xrR3f4bE,E0,tottenham,sunderland,2026-01-04,1,1
tds1zq7r,E0,leeds,manchester utd,2026-01-04,1,1
CYlDZYZg,E1,huddersfield,nottingham,2022-05-29,0,1
hppMTMMo,E1,nottingham,sheffield utd,2022-05-17,2,2
EaYUR0ib,E1,huddersfield,luton,2022-05-16,1,0
4Ujv5wpo,E1,sheffield utd,nottingham,2022-05-14,1,2
WzqQStxh,E1,luton,huddersfield,2022-05-13,1,1
8hx5DcsR,E1,birmingham,blackburn,2022-05-07,1,2
0pUW8Hkr,E1,bournemouth,millwall,2022-05-07,1,0
Q35NrtwT,E1,derby,cardiff,2022-05-07,0,1
vyTz8y5l,E1,huddersfield,bristol city,2022-05-07,2,0
MaIu7eKf,E1,hull,nottingham,2022-05-07,1,1
YZLq6FZ0,E1,luton,reading,2022-05-07,1,0
SdLm5Zl7,E1,peterborough,blackpool,2022-05-07,5,0
6mKi4g4D,E1,preston,middlesbrough,2022-05-07,4,1
r53zTxsE,E1,sheffield utd,fulham,2022-05-07,4,0
Me2vSddK,E1,stoke,coventry,2022-05-07,1,1
SCikv0op,E1,swansea,qpr,2022-05-07,0,1
GI1rRGBQ,E1,west brom,barnsley,2022-05-07,4,0
0fuwZejL,E1,bournemouth,nottingham,2022-05-03,1,0
ttc6hd51,E1,fulham,luton,2022-05-02,7,0
jejZavDR,E1,blackburn,bournemouth,2022-04-30,0,3
SGs1ebLr,E1,blackpool,derby,2022-04-30,0,2
Mws5fIzk,E1,bristol city,hull,2022-04-30,5,0
UyCEp28G,E1,cardiff,birmingham,2022-04-30,1,1
0Uu9gxje,E1,coventry,huddersfield,2022-04-30,1,2
KWeAiGK7,E1,middlesbrough,stoke,2022-04-30,3,1
YZqhGac8,E1,millwall,peterborough,2022-04-30,3,0
8SAIqMNM,E1,nottingham,swansea,2022-04-30,5,1
U1w1EwSK,E1,reading,west brom,2022-04-30,0,1
8W0U0KcL,E1,barnsley,preston,2022-04-30,1,3
nwldFJCE,E1,qpr,sheffield utd,2022-04-29,1,3
GbHzZ494,E1,middlesbrough,cardiff,2022-04-27,2,0
EsVDRbQ4,E1,barnsley,blackpool,2022-04-26,0,2
dKTUEUar,E1,fulham,nottingham,2022-04-26,0,1
UsggMRPb,E1,swansea,bournemouth,2022-04-26,3,3
MFbI3MD2,E1,preston,blackburn,2022-04-25,1,4
z5NmlsEF,E1,birmingham,millwall,2022-04-23,2,2
URMim1TL,E1,bournemouth,fulham,2022-04-23,1,1
8ILenLrS,E1,derby,bristol city,2022-04-23,1,3
S22Sta6k,E1,hull,reading,2022-04-23,3,0
KAKZvwy2,E1,peterborough,nottingham,2022-04-23,0,1
xUg7nOw4,E1,sheffield utd,cardiff,2022-04-23,1,0
06cM2tT8,E1,stoke,qpr,2022-04-23,1,0
zFCAorgA,E1,swansea,middlesbrough,2022-04-23,1,1
Uu2Q10rF,E1,west brom,coventry,2022-04-23,0,0
MP1WuJLe,E1,luton,blackpool,2022-04-23,1,1
lC3Osuiq,E1,huddersfield,barnsley,2022-04-22,2,1
fkrkTuxj,E1,fulham,preston,2022-04-19,3,0
vwUvj3q3,E1,nottingham,west brom,2022-04-18,4,0
0lQGolhH,E1,bristol city,sheffield utd,2022-04-18,1,1
AaX3lj8b,E1,barnsley,peterborough,2022-04-18,0,2
SzS8mAN4,E1,blackburn,stoke,2022-04-18,0,1
6RQCnUxB,E1,blackpool,birmingham,2022-04-18,6,1
GE5blp9i,E1,cardiff,luton,2022-04-18,0,1
CQhpULMq,E1,coventry,bournemouth,2022-04-18,0,3
0nVziqUd,E1,millwall,hull,2022-04-18,2,1
M1JqkNb9,E1,qpr,derby,2022-04-18,1,0
f542m4Oc,E1,reading,swansea,2022-04-18,4,4
YusgSaid,E1,middlesbrough,huddersfield,2022-04-18,0,2
W8CUZjg5,E1,derby,fulham,2022-04-15,2,1
EX1ZYA8B,E1,huddersfield,qpr,2022-04-15,2,2
Or9MyDOh,E1,birmingham,coventry,2022-04-15,2,4
I58QzXwa,E1,bournemouth,middlesbrough,2022-04-15,0,0
l8DCQtHp,E1,hull,cardiff,2022-04-15,2,1
Mc5sXlwO,E1,peterborough,blackburn,2022-04-15,2,1
0l4oW8hU,E1,preston,millwall,2022-04-15,1,1
QBViihOu,E1,sheffield utd,reading,2022-04-15,1,2
xnZejCwn,E1,stoke,bristol city,2022-04-15,0,1
SbCGP0Wj,E1,swansea,barnsley,2022-04-15,1,1
W8YakWhh,E1,west brom,blackpool,2022-04-15,2,1
hO0wYUNH,E1,luton,nottingham,2022-04-15,1,0
S0BaMXO5,E1,huddersfield,luton,2022-04-11,2,0
bR6eND9a,E1,fulham,coventry,2022-04-10,1,3
xCInPZvm,E1,blackburn,blackpool,2022-04-09,1,1
Kz8iOgfg,E1,bristol city,peterborough,2022-04-09,1,1
6iA3LivC,E1,middlesbrough,hull,2022-04-09,0,1
lGa8KBgI,E1,millwall,barnsley,2022-04-09,4,1
2J3CJV8O,E1,nottingham,birmingham,2022-04-09,2,0
GMifrFoP,E1,preston,qpr,2022-04-09,2,1
UNWuW2gN,E1,reading,cardiff,2022-04-09,1,2
rRzpVM8T,E1,swansea,derby,2022-04-09,2,1
phAIxg9n,E1,west brom,stoke,2022-04-09,1,3
IVwMwZgt,E1,sheffield utd,bournemouth,2022-04-09,0,0
tjSDB1hc,E1,west brom,bournemouth,2022-04-06,2,0
vPWiNwzC,E1,middlesbrough,fulham,2022-04-06,0,1
pObP4VJp,E1,nottingham,coventry,2022-04-06,2,0
SnO9Cswi,E1,reading,stoke,2022-04-05,2,1
SnnG0PMs,E1,millwall,swansea,2022-04-05,0,1
OEcT3kZj,E1,peterborough,luton,2022-04-05,1,1
SIptCSq1,E1,preston,blackpool,2022-04-05,1,0
4Cc5C733,E1,sheffield utd,qpr,2022-04-05,1,0
zP77SmUs,E1,birmingham,west brom,2022-04-03,1,0
YFLuXTLQ,E1,barnsley,reading,2022-04-02,1,1
Mu6FQRbf,E1,bournemouth,bristol city,2022-04-02,3,2
z1XyXrvH,E1,cardiff,swansea,2022-04-02,0,4
44eKPoE0,E1,coventry,blackburn,2022-04-02,2,2
I7aOO5T6,E1,derby,preston,2022-04-02,1,0
jLcWMqbJ,E1,luton,millwall,2022-04-02,2,2
U5TCVy2J,E1,peterborough,middlesbrough,2022-04-02,0,4
8dSGUeHP,E1,qpr,fulham,2022-04-02,0,2
QyFrQFPt,E1,stoke,sheffield utd,2022-04-02,1,0
rk7BR7ql,E1,blackpool,nottingham,2022-04-02,1,4
CUbSNPrD,E1,hull,huddersfield,2022-04-01,0,1
pfuoBna7,E1,qpr,peterborough,2022-03-20,1,3
h08YDd30,E1,coventry,luton,2023-05-27,1,2
bufcorN3,E1,middlesbrough,coventry,2023-05-17,0,1
QRekm4hi,E1,luton,sunderland,2023-05-16,2,0
4IfgnO7c,E1,coventry,middlesbrough,2023-05-14,0,0
QZkEOKFj,E1,sunderland,luton,2023-05-13,2,1
Shg5yxzc,E1,birmingham,sheffield utd,2023-05-08,1,2
fo0EurXa,E1,burnley,cardiff,2023-05-08,3,0
6qh9zdk3,E1,huddersfield,reading,2023-05-08,2,0
zJdDZF49,E1,luton,hull,2023-05-08,0,0
E9eHYZJF,E1,middlesbrough,coventry,2023-05-08,1,1
dYpMXgZL,E1,millwall,blackburn,2023-05-08,3,4
88lQWDlS,E1,norwich,blackpool,2023-05-08,0,1
QmyhSXdq,E1,preston,sunderland,2023-05-08,0,3
4vzdRiCk,E1,qpr,bristol city,2023-05-08,0,2
OK4Iv2n6,E1,swansea,west brom,2023-05-08,3,2
MFU0QBRe,E1,watford,stoke,2023-05-08,2,0
06T4PVt2,E1,wigan,rotherham,2023-05-08,0,0
OpW48w6A,E1,huddersfield,sheffield utd,2023-05-04,1,0
tM2VObji,E1,blackburn,luton,2023-05-01,1,1
lhgjKz5M,E1,rotherham,middlesbrough,2023-05-01,1,0
YVB5s42m,E1,cardiff,huddersfield,2023-04-30,1,2
QmFMChcd,E1,west brom,norwich,2023-04-29,2,1
2yivNxL3,E1,bristol city,burnley,2023-04-29,1,2
GverMdzA,E1,coventry,birmingham,2023-04-29,2,0
Gf1AtOHg,E1,hull,swansea,2023-04-29,1,1
A1fnLGkG,E1,reading,wigan,2023-04-29,1,1
GEPnJfKS,E1,sheffield utd,preston,2023-04-29,4,1
INBEEESq,E1,stoke,qpr,2023-04-29,0,1
CpBIDYsj,E1,sunderland,watford,2023-04-29,2,2
KC1ZNI5c,E1,blackpool,millwall,2023-04-28,2,3
E9HnlFJ2,E1,rotherham,cardiff,2023-04-27,1,2
f9bvwzgB,E1,sheffield utd,west brom,2023-04-26,2,0
OSEKME8U,E1,blackburn,burnley,2023-04-25,0,1
dbUC6HzN,E1,luton,middlesbrough,2023-04-24,2,1
EFAq1ebp,E1,west brom,sunderland,2023-04-23,1,2
8YXG5yjT,E1,preston,blackburn,2023-04-22,1,1
KhZmCL6o,E1,birmingham,blackpool,2023-04-22,0,1
YewhBuMi,E1,bristol city,rotherham,2023-04-22,2,1
SIxdAayb,E1,burnley,qpr,2023-04-22,1,2
I56zmQvQ,E1,cardiff,stoke,2023-04-22,1,1
69y09Jj4,E1,coventry,reading,2023-04-22,2,1
2yV87cLG,E1,hull,watford,2023-04-22,1,0
zog2rpms,E1,norwich,swansea,2023-04-22,0,3
h69m0FDj,E1,wigan,millwall,2023-04-22,2,1
8E9Zhb6N,E1,middlesbrough,hull,2023-04-19,3,1
Ime5mxUp,E1,reading,luton,2023-04-19,1,1
UNAVgviH,E1,blackburn,coventry,2023-04-19,1,1
Gv9whILT,E1,qpr,norwich,2023-04-19,1,1
2cOmPMnJ,E1,swansea,preston,2023-04-19,4,2
vF7Wm6PJ,E1,watford,cardiff,2023-04-19,1,3
r7O9b2xn,E1,millwall,birmingham,2023-04-18,0,1
4GP5arNu,E1,blackpool,west brom,2023-04-18,0,2
0rJEcMih,E1,rotherham,burnley,2023-04-18,2,2
vZHIdt7b,E1,sheffield utd,bristol city,2023-04-18,1,0
naLQfKyB,E1,stoke,wigan,2023-04-18,0,1
YeHMe0M4,E1,sunderland,huddersfield,2023-04-18,1,1
YFNa3iOD,E1,blackburn,hull,2023-04-15,0,0
C6M32BwK,E1,blackpool,wigan,2023-04-15,1,0
rkDZdk1s,E1,millwall,preston,2023-04-15,2,0
QD2vd9Gm,E1,qpr,coventry,2023-04-15,0,3
441reTVg,E1,reading,burnley,2023-04-15,0,0
Yw6nfmo0,E1,rotherham,luton,2023-04-15,0,2
CU4jg706,E1,stoke,west brom,2023-04-15,1,2
fgfehRFC,E1,sunderland,birmingham,2023-04-15,2,1
O6PqQ2XC,E1,swansea,huddersfield,2023-04-15,1,0
hvDbioVI,E1,watford,bristol city,2023-04-15,2,0
UqQuRrI6,E1,sheffield utd,cardiff,2023-04-15,4,1
6TL71VhQ,E1,middlesbrough,norwich,2023-04-14,5,1
htlz5qrL,E1,burnley,sheffield utd,2023-04-10,2,0
AHbV5PSE,E1,bristol city,middlesbrough,2023-04-10,2,2
bseR65D8,E1,birmingham,stoke,2023-04-10,0,0
YHWWS4mf,E1,cardiff,sunderland,2023-04-10,0,1
WWnv43cR,E1,coventry,watford,2023-04-10,2,2
2FwAbsLl,E1,hull,millwall,2023-04-10,1,0
pvTEc1ze,E1,luton,blackpool,2023-04-10,3,1
bsXIdLk1,E1,norwich,rotherham,2023-04-10,0,0
h4WMeu57,E1,preston,reading,2023-04-10,2,1
WfVQfaKD,E1,west brom,qpr,2023-04-10,2,2
GtMySO20,E1,wigan,swansea,2023-04-10,0,2
OOv6aN5r,E1,huddersfield,blackburn,2023-04-10,2,2
OnLlgnq9,E1,middlesbrough,burnley,2023-04-07,1,2
6m8uq2L1,E1,sunderland,hull,2023-04-07,4,4
pdMpfST2,E1,blackburn,norwich,2023-04-07,0,2
n1YOUQIs,E1,blackpool,cardiff,2023-04-07,1,3
dEYeiQDL,E1,qpr,preston,2023-04-07,0,2
vwO0jpTR,E1,reading,birmingham,2023-04-07,1,1
ALEWpOjk,E1,sheffield utd,wigan,2023-04-07,1,0
lCDzpr6e,E1,stoke,bristol city,2023-04-07,1,2
fRXSTpYm,E1,swansea,coventry,2023-04-07,0,0
pv7qrMz8,E1,watford,huddersfield,2023-04-07,2,3
GbFSo4yq,E1,rotherham,west brom,2023-04-07,3,1
INZih6bF,E1,millwall,luton,2023-04-07,0,0
MNEKI57d,E1,birmingham,blackburn,2023-04-01,1,0
Aw82skpc,E1,bristol city,reading,2023-04-01,1,1
AyBenglF,E1,cardiff,swansea,2023-04-01,2,3
WhdBuTE9,E1,coventry,stoke,2023-04-01,0,4
rTaFvmUF,E1,huddersfield,middlesbrough,2023-04-01,4,2
xjaJw7qM,E1,hull,rotherham,2023-04-01,0,0
dztjYp7q,E1,norwich,sheffield utd,2023-04-01,0,1
UmvbWOyd,E1,west brom,millwall,2023-04-01,0,0
rir2Vri2,E1,wigan,qpr,2023-04-01,1,0
GtbNxRbS,E1,luton,watford,2023-04-01,2,0
zRvfX4Mk,E1,preston,blackpool,2023-04-01,3,1
lU66t9a3,E1,burnley,sunderland,2023-03-31,0,0
SCLjmZY8,E1,swansea,bristol city,2023-03-19,2,0
YJBMWNJa,E1,leeds,southampton,2024-05-26,0,1
INcgaD7l,E1,southampton,west brom,2024-05-17,3,1
pzkAeV6D,E1,leeds,norwich,2024-05-16,4,0
bwHM4ZqR,E1,west brom,southampton,2024-05-12,0,0
OK01cix1,E1,norwich,leeds,2024-05-12,0,0
4WLAk4Z3,E1,birmingham,norwich,2024-05-04,1,0
IZPElOlA,E1,coventry,qpr,2024-05-04,1,2
0bFJmr4G,E1,ipswich,huddersfield,2024-05-04,2,0
vkENn2JM,E1,leeds,southampton,2024-05-04,1,2
8OIRoMYS,E1,leicester,blackburn,2024-05-04,0,2
AX4gstsp,E1,middlesbrough,watford,2024-05-04,3,1
hdfbt0dj,E1,plymouth,hull,2024-05-04,1,0
6FvA8wct,E1,rotherham,cardiff,2024-05-04,5,2
jsD1uKBd,E1,stoke,bristol city,2024-05-04,4,0
4p1q43lc,E1,sunderland,sheffield wed,2024-05-04,0,2
zkqE7cCn,E1,swansea,millwall,2024-05-04,0,1
ry0m3N33,E1,west brom,preston,2024-05-04,3,0
dpLdP7Lb,E1,coventry,ipswich,2024-04-30,1,2
zeWeY24T,E1,preston,leicester,2024-04-29,0,3
vTxmzPZG,E1,hull,ipswich,2024-04-27,3,3
hCzywRkb,E1,blackburn,coventry,2024-04-27,0,0
W2Zvxo54,E1,bristol city,rotherham,2024-04-27,2,0
21EalzCO,E1,cardiff,middlesbrough,2024-04-27,1,4
0xvqy5KA,E1,huddersfield,birmingham,2024-04-27,1,1
MiSiZrkN,E1,millwall,plymouth,2024-04-27,1,0
46hrDJlP,E1,norwich,swansea,2024-04-27,2,2
WQHRStSj,E1,sheffield wed,west brom,2024-04-27,3,0
WIN2iQ4i,E1,southampton,stoke,2024-04-27,0,1
A9M6jpKc,E1,watford,sunderland,2024-04-27,1,0
hzJNTMCp,E1,qpr,leeds,2024-04-26,4,0
ChwTrK5K,E1,coventry,hull,2024-04-24,2,3
4jI7yxbf,E1,leicester,southampton,2024-04-23,5,0
hCE5NojB,E1,middlesbrough,leeds,2024-04-22,3,4
IgMhQm6h,E1,blackburn,sheffield wed,2024-04-21,1,3
QPCDLPKN,E1,qpr,preston,2024-04-20,1,0
fyBijdsC,E1,cardiff,southampton,2024-04-20,2,1
lbAekGdI,E1,huddersfield,swansea,2024-04-20,0,4
nZD9M55H,E1,norwich,bristol city,2024-04-20,1,1
r17IKqzU,E1,rotherham,birmingham,2024-04-20,0,0
pAgpG3ro,E1,stoke,plymouth,2024-04-20,3,0
bDsSvmLo,E1,sunderland,millwall,2024-04-20,0,1
AmoWw7zh,E1,watford,hull,2024-04-20,0,0
v9A1ORz5,E1,leicester,west brom,2024-04-20,2,1
COF1M5hj,E1,southampton,preston,2024-04-16,3,0
YkKnUd7Q,E1,birmingham,coventry,2024-04-13,3,0
8rBEPGFs,E1,bristol city,huddersfield,2024-04-13,1,1
25AIOzVm,E1,hull,qpr,2024-04-13,3,0
td9MNfpf,E1,ipswich,middlesbrough,2024-04-13,1,1
lOuihICa,E1,millwall,cardiff,2024-04-13,3,1
Wp2ZKhUC,E1,preston,norwich,2024-04-13,0,1
pl6wKCqJ,E1,sheffield wed,stoke,2024-04-13,1,1
pS8oS9yt,E1,southampton,watford,2024-04-13,3,2
GpCmixS5,E1,swansea,rotherham,2024-04-13,1,0
OI7kRTjn,E1,west brom,sunderland,2024-04-13,0,1
bX3RMEa0,E1,leeds,blackburn,2024-04-13,0,1
xO2VLYE6,E1,plymouth,leicester,2024-04-12,1,0
AXtmgbcg,E1,swansea,stoke,2024-04-10,3,0
jRUsVxhK,E1,west brom,rotherham,2024-04-10,2,0
GAsqfvrm,E1,birmingham,cardiff,2024-04-10,0,1
pUwh8Fp7,E1,bristol city,blackburn,2024-04-10,5,0
OKxd7ZaD,E1,hull,middlesbrough,2024-04-10,2,2
CzWwWIxE,E1,ipswich,watford,2024-04-10,0,0
YTrCHJNK,E1,leeds,sunderland,2024-04-09,0,0
CKsGGwwR,E1,millwall,leicester,2024-04-09,1,0
GlnyCcor,E1,plymouth,qpr,2024-04-09,1,1
fuouBH0l,E1,preston,huddersfield,2024-04-09,4,1
l2pqAyGf,E1,sheffield wed,norwich,2024-04-09,2,2
25lm9eV0,E1,southampton,coventry,2024-04-09,2,1
f5UVqu2k,E1,blackburn,southampton,2024-04-06,0,0
dQ0Ca0KP,E1,cardiff,hull,2024-04-06,1,3
jXNvrJW1,E1,coventry,leeds,2024-04-06,2,1
rRAQ5MO8,E1,huddersfield,millwall,2024-04-06,1,0
025V4tvF,E1,leicester,birmingham,2024-04-06,2,1
27wueKSt,E1,middlesbrough,swansea,2024-04-06,2,0
xra9cbWl,E1,qpr,sheffield wed,2024-04-06,0,2
Ob1LfdG7,E1,stoke,west brom,2024-04-06,2,2
Q3u4Jug8,E1,sunderland,bristol city,2024-04-06,0,0
v7q8Ia8E,E1,watford,preston,2024-04-06,0,0
YF3w3K8R,E1,norwich,ipswich,2024-04-06,1,0
GYcDdIoe,E1,rotherham,plymouth,2024-04-05,0,1
zcgGkAYA,E1,leeds,hull,2024-04-01,3,1
SWk8iW3b,E1,ipswich,southampton,2024-04-01,3,2
6H1aghZo,E1,birmingham,preston,2024-04-01,1,0
UJ8QycSI,E1,coventry,cardiff,2024-04-01,1,2
SUAlX1Iq,E1,middlesbrough,sheffield wed,2024-04-01,2,0
0r9dVumd,E1,plymouth,bristol city,2024-04-01,0,1
x0hufPPd,E1,rotherham,millwall,2024-04-01,2,1
ADjmh3f9,E1,stoke,huddersfield,2024-04-01,1,1
OGfiiN9F,E1,sunderland,blackburn,2024-04-01,1,5
IZ180t5J,E1,swansea,qpr,2024-04-01,0,1
pWr0k1vS,E1,west brom,watford,2024-04-01,2,2
ILrLlUmH,E1,leicester,norwich,2024-04-01,3,1
hEcefYJu,E1,watford,leeds,2024-03-29,2,2
l2WgmZd6,E1,blackburn,ipswich,2024-03-29,0,1
84KHwJc6,E1,cardiff,sunderland,2024-03-29,0,2
YkY5pXtP,E1,huddersfield,coventry,2024-03-29,1,3
YZeQtFkt,E1,hull,stoke,2024-03-29,0,2
OOlwvDZb,E1,norwich,plymouth,2024-03-29,2,1
xShswXl5,E1,preston,rotherham,2024-03-29,3,0
AuikyBJH,E1,qpr,birmingham,2024-03-29,2,1
jT9MxwDC,E1,sheffield wed,swansea,2024-03-29,1,1
x2NozVYN,E1,southampton,middlesbrough,2024-03-29,1,1
290UuZ4n,E1,millwall,west brom,2024-03-29,1,1
ShVcngCC,E1,bristol city,leicester,2024-03-29,1,0
8OObwbTs,E1,leeds,millwall,2024-03-17,2,0
C2tsLGDD,E1,birmingham,watford,2024-03-16,0,1
6FxXsvLQ,E1,ipswich,sheffield wed,2024-03-16,6,0
CGLFZFS6,E1,middlesbrough,blackburn,2024-03-16,0,0
fuBKYZsD,E1,plymouth,preston,2024-03-16,0,1
0xb6dwzK,E1,rotherham,huddersfield,2024-03-16,0,0
vTdAeckQ,E1,stoke,norwich,2024-03-16,0,3
bDwsjyDm,E1,sunderland,qpr,2024-03-16,0,0
WQyklFs0,E1,west brom,bristol city,2024-03-16,2,0
dUGDvar0,E1,swansea,cardiff,2024-03-16,2,0
M1eruO26,E1,sheffield utd,sunderland,2025-05-24,1,2
OdSjdVml,E1,sunderland,coventry,2025-05-13,1,1
E5mk5QWI,E1,sheffield utd,bristol city,2025-05-12,3,0
fR9S1iQQ,E1,coventry,sunderland,2025-05-09,1,2
6ups7n26,E1,bristol city,sheffield utd,2025-05-08,0,3
xjy0CkNj,E1,bristol city,preston,2025-05-03,2,2
IoEnzgFc,E1,burnley,millwall,2025-05-03,3,1
42CfYWqA,E1,coventry,middlesbrough,2025-05-03,2,0
0U53WAEM,E1,derby,stoke,2025-05-03,0,0
08UcjQMh,E1,norwich,cardiff,2025-05-03,4,2
d0iZQlxp,E1,plymouth,leeds,2025-05-03,1,2
hSprPS6d,E1,portsmouth,hull,2025-05-03,1,1
4GiTnWb3,E1,sheffield utd,blackburn,2025-05-03,1,1
QVuxoATF,E1,sunderland,qpr,2025-05-03,0,1
dzO6l4i5,E1,swansea,oxford utd,2025-05-03,3,3
YeqpqlbS,E1,watford,sheffield wed,2025-05-03,1,1
htQGwSLk,E1,west brom,luton,2025-05-03,5,3
nPz6ROWP,E1,leeds,bristol city,2025-04-28,4,0
Wj9SUcwI,E1,blackburn,watford,2025-04-26,2,1
Cpwt1MJD,E1,cardiff,west brom,2025-04-26,0,0
WGhJ3LvJ,E1,hull,derby,2025-04-26,0,1
l8ixKtPa,E1,middlesbrough,norwich,2025-04-26,0,0
SfWkhnht,E1,millwall,swansea,2025-04-26,1,0
dYfpIKgC,E1,oxford utd,sunderland,2025-04-26,2,0
ImqgGbOO,E1,preston,plymouth,2025-04-26,1,2
2BHBYuvg,E1,sheffield wed,portsmouth,2025-04-26,1,1
reMyM2fm,E1,luton,coventry,2025-04-26,1,0
8CO2z29t,E1,qpr,burnley,2025-04-26,0,5
zPFJWJ85,E1,stoke,sheffield utd,2025-04-25,0,2
OjkB5sA6,E1,burnley,sheffield utd,2025-04-21,2,1
I3yQ44Kl,E1,cardiff,oxford utd,2025-04-21,1,1
fBFgv5B7,E1,hull,preston,2025-04-21,2,1
AJct283E,E1,leeds,stoke,2025-04-21,6,0
Iq1l0nYQ,E1,luton,bristol city,2025-04-21,3,1
2HxLfQel,E1,millwall,norwich,2025-04-21,3,1
lYzTh4Q0,E1,plymouth,coventry,2025-04-21,3,1
p0UyireD,E1,portsmouth,watford,2025-04-21,1,0
vJPY2rk1,E1,qpr,swansea,2025-04-21,1,2
xfHNEomK,E1,sheffield wed,middlesbrough,2025-04-21,2,1
dvbf9PAs,E1,sunderland,blackburn,2025-04-21,0,1
2y1273uf,E1,west brom,derby,2025-04-21,1,3
EZhc2Hcc,E1,oxford utd,leeds,2025-04-18,0,1
jgioCnSE,E1,sheffield utd,cardiff,2025-04-18,2,0
pvwwrSfo,E1,blackburn,millwall,2025-04-18,4,1
S22NkvEi,E1,bristol city,sunderland,2025-04-18,2,1
zT5VmIr4,E1,coventry,west brom,2025-04-18,2,0
48cnpzrT,E1,middlesbrough,plymouth,2025-04-18,2,1
nT0BvE5j,E1,norwich,portsmouth,2025-04-18,3,5
zks60eS9,E1,preston,qpr,2025-04-18,1,2
tl9wrmCr,E1,stoke,sheffield wed,2025-04-18,2,0
nLpfAQdR,E1,swansea,hull,2025-04-18,1,0
McHotRte,E1,watford,burnley,2025-04-18,1,2
WfavndDG,E1,derby,luton,2025-04-18,0,1
xWS0tFJt,E1,hull,coventry,2025-04-14,1,1
40Bjj55e,E1,cardiff,stoke,2025-04-12,0,1
6BKHxXI5,E1,luton,blackburn,2025-04-12,0,1
EyOPzBmI,E1,millwall,middlesbrough,2025-04-12,1,0
jH1sgh3n,E1,portsmouth,derby,2025-04-12,2,2
nqejiWXb,E1,qpr,bristol city,2025-04-12,1,1
KdgbkA2B,E1,sheffield wed,oxford utd,2025-04-12,0,1
ba4alqz8,E1,sunderland,swansea,2025-04-12,0,1
GOn7mlXN,E1,west brom,watford,2025-04-12,2,1
AqR8vglg,E1,leeds,preston,2025-04-12,2,1
ziCYYlIU,E1,plymouth,sheffield utd,2025-04-12,2,1
0YcjMBYO,E1,burnley,norwich,2025-04-11,2,1
OS2RRF4m,E1,coventry,portsmouth,2025-04-09,1,0
h8frOX3C,E1,oxford utd,qpr,2025-04-09,1,3
dz8rhRzq,E1,swansea,plymouth,2025-04-09,3,0
QX2RVO5L,E1,middlesbrough,leeds,2025-04-08,0,1
IH2X9sq2,E1,blackburn,sheffield wed,2025-04-08,2,2
YPpKXpy9,E1,bristol city,west brom,2025-04-08,2,1
Wh6ZPgZa,E1,derby,burnley,2025-04-08,0,0
A5vbQ2Tr,E1,norwich,sunderland,2025-04-08,0,0
C2WBcmDL,E1,preston,cardiff,2025-04-08,2,2
IVs6Otbe,E1,sheffield utd,millwall,2025-04-08,0,1
EcyFMKS7,E1,stoke,luton,2025-04-08,1,1
6iO0pOKE,E1,watford,hull,2025-04-08,1,0
dK7f8U7c,E1,bristol city,watford,2025-04-05,2,1
fFksaQUq,E1,millwall,portsmouth,2025-04-05,2,1
jsqjc4ad,E1,oxford utd,sheffield utd,2025-04-05,1,0
ImyxL7i3,E1,plymouth,norwich,2025-04-05,2,1
v3PpJoMF,E1,preston,stoke,2025-04-05,1,1
QgOOy6j2,E1,qpr,cardiff,2025-04-05,0,0
QJNhHPjS,E1,sheffield wed,hull,2025-04-05,0,1
4xT3a9r9,E1,swansea,derby,2025-04-05,1,0
4pB268xA,E1,coventry,burnley,2025-04-05,1,2
bq4B4n7M,E1,luton,leeds,2025-04-05,1,1
p44PB3Ek,E1,west brom,sunderland,2025-04-05,0,1
GOU7pRFj,E1,blackburn,middlesbrough,2025-04-04,0,2
WpxJwkSP,E1,derby,preston,2025-04-02,2,0
vikXFozJ,E1,burnley,bristol city,2025-03-29,1,0
I12qQpGG,E1,cardiff,sheffield wed,2025-03-29,1,1
ETehOOpT,E1,leeds,swansea,2025-03-29,2,2
beMcW6Ka,E1,middlesbrough,oxford utd,2025-03-29,2,1
KAA6UpkC,E1,norwich,west brom,2025-03-29,1,0
6R8ESOJO,E1,portsmouth,blackburn,2025-03-29,1,0
I5xXp6Zh,E1,stoke,qpr,2025-03-29,3,1
EXVuqp45,E1,sunderland,millwall,2025-03-29,1,0
jVIkYSkm,E1,hull,luton,2025-03-29,0,1
6ulmsOYH,E1,watford,plymouth,2025-03-29,0,0
phvPnS4t,E1,sheffield utd,coventry,2025-03-28,3,1
xShGJTzf,E1,sheffield wed,sheffield utd,2025-03-16,0,1
lMASTSGi,E1,blackburn,cardiff,2025-03-15,1,2
Otn0RKx3,E1,coventry,sunderland,2025-03-15,3,0
pdz9Pb7F,E1,luton,middlesbrough,2025-03-15,0,0
nNek5UL0,E1,oxford utd,watford,2025-03-15,1,0
Kzfc38jD,E1,plymouth,derby,2025-03-15,2,3
pUDyRBrK,E1,preston,portsmouth,2025-03-15,2,1
pl4yS6o4,E1,swansea,burnley,2025-03-15,0,2
phdOH756,E1,west brom,hull,2025-03-15,1,1
je2t7jil,E1,millwall,stoke,2025-03-15,1,0
GC47Lk6s,E1,qpr,leeds,2025-03-15,2,2
xnX3PJ6T,E1,preston,stoke,2026-03-20,3,1
Iship0s3,E1,southampton,norwich,2026-03-18,1,0
t81ovm9U,E1,watford,wrexham,2026-03-17,3,1
QPIxDkH6,E1,portsmouth,derby,2026-03-16,0,1
nemO7fuR,E1,birmingham,sheffield utd,2026-03-14,1,1
vgS20CX0,E1,leicester,qpr,2026-03-14,1,3
SE8cMgfK,E1,millwall,blackburn,2026-03-14,1,2
dpRLGXHs,E1,norwich,preston,2026-03-14,2,0
YkMpBToJ,E1,sheffield wed,ipswich,2026-03-14,0,2
p4SdIpgn,E1,stoke,watford,2026-03-14,3,1
IHQ4GONb,E1,west brom,hull,2026-03-14,3,0
WSOf2Y2l,E1,coventry,southampton,2026-03-14,1,2
zLLBbj2D,E1,middlesbrough,bristol city,2026-03-14,1,1
4AUTEBnf,E1,oxford utd,charlton,2026-03-14,1,1
0CYBf8gB,E1,wrexham,swansea,2026-03-13,2,0
dAACkeJr,E1,coventry,preston,2026-03-11,3,0
Q7earvCF,E1,birmingham,qpr,2026-03-11,1,0
hx4LmZme,E1,middlesbrough,charlton,2026-03-11,0,1
bFrnZZY1,E1,norwich,sheffield utd,2026-03-11,2,1
Qk2ToDI7,E1,oxford utd,blackburn,2026-03-11,1,0
tbpG9GAE,E1,west brom,southampton,2026-03-11,1,1
nyPteHeL,E1,stoke,ipswich,2026-03-10,3,3
6H37tItS,E1,leicester,bristol city,2026-03-10,2,0
2mkwyd4k,E1,millwall,derby,2026-03-10,1,0
WWtebjfn,E1,portsmouth,swansea,2026-03-10,1,2
QLzYdwR8,E1,sheffield wed,watford,2026-03-10,1,1
Sbz4dUOb,E1,wrexham,hull,2026-03-10,1,2
ULBdOIKq,E1,qpr,middlesbrough,2026-03-08,0,4
QT8lUmi5,E1,bristol city,coventry,2026-03-07,0,2
WQBdSRLH,E1,charlton,birmingham,2026-03-07,1,0
ht05Q5jU,E1,derby,sheffield wed,2026-03-07,2,1
vXYNrm6b,E1,ipswich,leicester,2026-03-07,1,1
xnF4Mdkd,E1,sheffield utd,west brom,2026-03-07,1,1
KhDxt9vI,E1,swansea,stoke,2026-03-07,2,0
U1FuW9Mh,E1,blackburn,portsmouth,2026-03-07,1,1
r5uFp9yn,E1,hull,millwall,2026-03-07,1,3
CpXVtRzB,E1,preston,oxford utd,2026-03-06,1,3
WAN2zAel,E1,ipswich,hull,2026-03-03,1,0
vVuJMpSs,E1,birmingham,middlesbrough,2026-03-02,1,3
ITGLqiug,E1,charlton,wrexham,2026-02-28,0,1
8AXZI2R6,E1,coventry,stoke,2026-02-28,2,1
EeAUsV95,E1,ipswich,swansea,2026-02-28,3,0
Emf1ZNBm,E1,oxford utd,west brom,2026-02-28,2,1
rToIVuBC,E1,preston,millwall,2026-02-28,0,2
GfaPTJuP,E1,qpr,sheffield utd,2026-02-28,0,2
dlHXXVit,E1,sheffield wed,southampton,2026-02-28,1,3
29QrHtdJ,E1,derby,blackburn,2026-02-28,3,1
f3DUvplQ,E1,leicester,norwich,2026-02-28,0,2
MDc9X1t0,E1,portsmouth,hull,2026-02-28,0,1
0pURKOdf,E1,bristol city,watford,2026-02-27,1,2
QgxH6Yyp,E1,stoke,oxford utd,2026-02-25,2,1
0Ohi8oDl,E1,millwall,birmingham,2026-02-25,3,0
djn06Ps1,E1,norwich,sheffield wed,2026-02-25,2,0
8nkmS64K,E1,sheffield utd,coventry,2026-02-25,1,2
UNjoCfEM,E1,southampton,qpr,2026-02-24,5,0
fPQJQgTF,E1,blackburn,bristol city,2026-02-24,1,2
nuaUFxFc,E1,hull,derby,2026-02-24,4,2
YecxEGqA,E1,middlesbrough,leicester,2026-02-24,1,1
WYB1vd3D,E1,swansea,preston,2026-02-24,1,1
MLVP4C6d,E1,watford,ipswich,2026-02-24,0,2
Y9xBSFb3,E1,west brom,charlton,2026-02-24,1,1
pGIDoDAt,E1,wrexham,portsmouth,2026-02-24,2,1
CMpn3aVi,E1,sheffield utd,sheffield wed,2026-02-22,2,1
hIDLnvoB,E1,middlesbrough,oxford utd,2026-02-21,0,0
0rHTpIFN,E1,millwall,portsmouth,2026-02-21,1,3
pGh0udwo,E1,norwich,birmingham,2026-02-21,1,2
6Lwe1w04,E1,southampton,charlton,2026-02-21,1,1
z1VBceaT,E1,watford,derby,2026-02-21,2,0
pIDgtIY0,E1,wrexham,ipswich,2026-02-21,5,3
n5rLl0Gb,E1,hull,qpr,2026-02-21,1,3
vZy3aHUG,E1,stoke,leicester,2026-02-21,2,2
hKYEm0tR,E1,swansea,bristol city,2026-02-21,1,0
6qMshZMj,E1,west brom,coventry,2026-02-21,0,2
zRE2WI0U,E1,blackburn,preston,2026-02-20,1,0
4bhKRIJ7,E1,bristol city,wrexham,2026-02-17,2,2
tfxwHx2d,E1,charlton,portsmouth,2026-02-17,1,3
nwnWuWXQ,E1,coventry,middlesbrough,2026-02-16,3,1
dhu6kMBE,E1,derby,swansea,2026-02-14,2,0
4MQUwq2t,E1,portsmouth,sheffield utd,2026-02-14,0,1
0lKwxNWh,E1,preston,watford,2026-02-14,2,2
6oNoz115,E1,qpr,blackburn,2026-02-14,1,3
S0BfYvWH,E1,sheffield wed,millwall,2026-02-14,1,2
vDrOsh3E,E1,charlton,stoke,2026-02-11,1,0
O40yKlB7,E1,birmingham,west brom,2026-02-10,0,0
IRLAYmQ0,E1,leicester,southampton,2026-02-10,3,4
EgFJWRfD,E1,oxford utd,norwich,2026-02-10,0,3
va3kThlL,E1,sheffield utd,middlesbrough,2026-02-09,1,2
GOt4V0Kr,E1,swansea,sheffield wed,2026-02-08,4,0
llaMAPGd,E1,birmingham,leicester,2026-02-07,2,1
vwSEGF4F,E1,coventry,oxford utd,2026-02-07,0,0
Wz7g9Xdk,E1,hull,bristol city,2026-02-07,2,3
IqFtVEJ8,E1,preston,portsmouth,2026-02-07,1,0
ji2TLAte,E1,west brom,stoke,2026-02-07,0,0
OlpCTvke,E1,wrexham,millwall,2026-02-07,0,2
z5LNEgZR,E1,derby,ipswich,2026-02-07,1,2
jwNf7BR1,E1,norwich,blackburn,2026-02-07,2,0
AsfLNWBr,E1,southampton,watford,2026-02-07,1,0
WCO6Iyz3,E1,charlton,qpr,2026-02-06,0,0
j9V5OK9M,E1,blackburn,sheffield wed,2026-02-03,1,0
bkwDeaAa,E1,hull,watford,2026-02-03,0,0
SrA26GOH,E1,sheffield utd,oxford utd,2026-02-03,3,1
URrY1eYO,E1,blackburn,hull,2026-01-31,0,1
vwCjKxlg,E1,ipswich,preston,2026-01-31,1,1
rV87GfmI,E1,middlesbrough,norwich,2026-01-31,1,0
2JLubnXj,E1,millwall,sheffield utd,2026-01-31,1,1
fRNQLkPc,E1,oxford utd,birmingham,2026-01-31,0,2
jgHZJTgA,E1,portsmouth,west brom,2026-01-31,3,0
O6FsI7OM,E1,qpr,coventry,2026-01-31,2,1
Wj5XzNdL,E1,watford,swansea,2026-01-31,0,2
z55aIGI5,E1,leicester,charlton,2026-01-31,0,2
OQ1PxqS8,E1,sheffield wed,wrexham,2026-01-31,0,1
ridEConp,E1,stoke,southampton,2026-01-31,0,2
Cb4msdT8,D1,hamburger sv,hertha berlin,2022-05-23,0,2
Y75qrxE2,D1,hertha berlin,hamburger sv,2022-05-19,0,1
vgG6Vc6s,D1,arminia bielefeld,rb leipzig,2022-05-14,1,1
SGmwmQyF,D1,augsburg,greuther furth,2022-05-14,2,1
pY7vSOak,D1,bayer leverkusen,freiburg,2022-05-14,2,1
Io6nQ2U1,D1,b. monchengladbach,hoffenheim,2022-05-14,5,1
t6C8XpxS,D1,dortmund,hertha berlin,2022-05-14,2,1
YglZm6M8,D1,mainz,eintracht frankfurt,2022-05-14,2,2
f3kVln72,D1,stuttgart,fc koln,2022-05-14,2,1
ve7rRrFe,D1,union berlin,bochum,2022-05-14,3,2
nmkyT4pq,D1,wolfsburg,bayern munich,2022-05-14,2,2
QHC4FoGq,D1,rb leipzig,augsburg,2022-05-08,4,0
O8QxKR7S,D1,bayern munich,stuttgart,2022-05-08,2,2
6TT1E5Vk,D1,eintracht frankfurt,b. monchengladbach,2022-05-08,1,1
CQKiyTx3,D1,hertha berlin,mainz,2022-05-07,1,2
fkAdzmh9,D1,fc koln,wolfsburg,2022-05-07,0,1
pKS5DPpd,D1,freiburg,union berlin,2022-05-07,1,4
2FD4YQML,D1,greuther furth,dortmund,2022-05-07,1,3
bNGmx9Nd,D1,hoffenheim,bayer leverkusen,2022-05-07,2,4
Yu90Z67F,D1,bochum,arminia bielefeld,2022-05-06,2,1
Wf1THJKp,D1,bayer leverkusen,eintracht frankfurt,2022-05-02,2,0
n3VDPVwi,D1,b. monchengladbach,rb leipzig,2022-05-02,3,1
fTYLN983,D1,hoffenheim,freiburg,2022-04-30,3,4
UoRYK7hM,D1,arminia bielefeld,hertha berlin,2022-04-30,1,1
GrNULmwG,D1,augsburg,fc koln,2022-04-30,1,4
EFE1MaCT,D1,dortmund,bochum,2022-04-30,3,4
YJXPMTN9,D1,mainz,bayern munich,2022-04-30,3,1
QgUHOkgc,D1,stuttgart,wolfsburg,2022-04-30,1,1
rV4XGwzi,D1,union berlin,greuther furth,2022-04-29,1,1
pzNpQsD4,D1,hertha berlin,stuttgart,2022-04-24,2,0
ImLhOLsH,D1,bochum,augsburg,2022-04-24,0,2
fiuP8trU,D1,bayern munich,dortmund,2022-04-23,3,1
l8TyS3rh,D1,eintracht frankfurt,hoffenheim,2022-04-23,2,2
vcMlP1SA,D1,fc koln,arminia bielefeld,2022-04-23,3,1
WWItRNcb,D1,freiburg,b. monchengladbach,2022-04-23,3,3
zPFcNucN,D1,greuther furth,bayer leverkusen,2022-04-23,1,4
d0Rj40jo,D1,rb leipzig,union berlin,2022-04-23,1,2
AHUXSqTo,D1,wolfsburg,mainz,2022-04-22,5,0
OniiG6qt,D1,bayer leverkusen,rb leipzig,2022-04-17,0,1
QBm8COr5,D1,hoffenheim,greuther furth,2022-04-17,0,0
zNfeFQbn,D1,union berlin,eintracht frankfurt,2022-04-17,2,0
CSkK9MSN,D1,arminia bielefeld,bayern munich,2022-04-17,0,3
UqfaEpEh,D1,b. monchengladbach,fc koln,2022-04-16,1,3
bPoGA2DH,D1,augsburg,hertha berlin,2022-04-16,0,1
O8lq89iJ,D1,dortmund,wolfsburg,2022-04-16,6,1
8zg3D4Tb,D1,freiburg,bochum,2022-04-16,3,0
42nCBrbB,D1,mainz,stuttgart,2022-04-16,0,0
4rjeJZaK,D1,rb leipzig,hoffenheim,2022-04-10,3,0
n3gKDDNs,D1,eintracht frankfurt,freiburg,2022-04-10,1,2
GroyAVM6,D1,bochum,bayer leverkusen,2022-04-10,0,0
fTdSBihf,D1,hertha berlin,union berlin,2022-04-09,1,4
QiiiKFpE,D1,bayern munich,augsburg,2022-04-09,1,0
xhnXAB70,D1,fc koln,mainz,2022-04-09,3,2
pIku9kxD,D1,greuther furth,b. monchengladbach,2022-04-09,0,2
pf7hIgFQ,D1,wolfsburg,arminia bielefeld,2022-04-09,4,0
tQhOCXxl,D1,stuttgart,dortmund,2022-04-08,0,2
2yaSfaH2,D1,augsburg,mainz,2022-04-06,2,1
8d6haE8l,D1,b. monchengladbach,mainz,2022-04-03,1,1
boa5dCh7,D1,augsburg,wolfsburg,2022-04-03,3,0
WGCE6dGE,D1,dortmund,rb leipzig,2022-04-02,1,4
Cl39eW7D,D1,arminia bielefeld,stuttgart,2022-04-02,1,1
OOUL4zoR,D1,bayer leverkusen,hertha berlin,2022-04-02,2,1
QwCI5GVK,D1,eintracht frankfurt,greuther furth,2022-04-02,0,0
xWAdbYNf,D1,freiburg,bayern munich,2022-04-02,1,4
GM90chw1,D1,hoffenheim,bochum,2022-04-02,1,2
U57l0fgr,D1,union berlin,fc koln,2022-04-01,1,0
xIVNqZ81,D1,fc koln,dortmund,2022-03-20,1,1
pKjqiHGR,D1,wolfsburg,bayer leverkusen,2022-03-20,0,2
xfiuhc1L,D1,rb leipzig,eintracht frankfurt,2022-03-20,0,0
b3hygwnF,D1,bayern munich,union berlin,2022-03-19,4,0
hQDA7x18,D1,greuther furth,freiburg,2022-03-19,0,0
reWJpFge,D1,hertha berlin,hoffenheim,2022-03-19,3,0
UiSFoevk,D1,mainz,arminia bielefeld,2022-03-19,4,0
nTxBnyPr,D1,stuttgart,augsburg,2022-03-19,3,2
G8URrgO7,D1,bochum,b. monchengladbach,2022-03-18,0,2
0ChbKIuj,D1,mainz,dortmund,2022-03-16,0,1
Gv3WgJW8,D1,greuther furth,rb leipzig,2022-03-13,1,6
2ywcuKHF,D1,dortmund,arminia bielefeld,2022-03-13,1,0
p0S1vvXL,D1,eintracht frankfurt,bochum,2022-03-13,2,1
dzW5wbnS,D1,bayer leverkusen,fc koln,2022-03-13,0,1
h6HyYyAk,D1,b. monchengladbach,hertha berlin,2022-03-12,2,0
AsCtXePe,D1,freiburg,wolfsburg,2022-03-12,3,2
lYApWFv2,D1,hoffenheim,bayern munich,2022-03-12,1,1
EFIXYHfq,D1,union berlin,stuttgart,2022-03-12,1,1
fBZlstm3,D1,fc koln,hoffenheim,2022-03-06,0,1
6kgfLbQq,D1,stuttgart,b. monchengladbach,2022-03-05,3,2
OC0QvmR4,D1,bayern munich,bayer leverkusen,2022-03-05,1,1
Opvgt029,D1,bochum,greuther furth,2022-03-05,2,1
EFd2Jxed,D1,hertha berlin,eintracht frankfurt,2022-03-05,1,4
23aUw7tB,D1,rb leipzig,freiburg,2022-03-05,1,1
UPVQxReH,D1,wolfsburg,union berlin,2022-03-05,1,0
GKzorMXd,D1,arminia bielefeld,augsburg,2022-03-04,0,1
YN7Dsksn,D1,augsburg,dortmund,2022-02-27,1,1
GncIt9dh,D1,bochum,rb leipzig,2022-02-27,0,1
GnymRTd5,D1,eintracht frankfurt,bayern munich,2022-02-26,0,1
A9ziQmCB,D1,bayer leverkusen,arminia bielefeld,2022-02-26,3,0
48TaORtO,D1,b. monchengladbach,wolfsburg,2022-02-26,2,2
raS3NodU,D1,freiburg,hertha berlin,2022-02-26,3,0
Uk1MuTBb,D1,greuther furth,fc koln,2022-02-26,1,1
MqveP7RH,D1,union berlin,mainz,2022-02-26,3,1
fX89rVRu,D1,hoffenheim,stuttgart,2022-02-25,2,1
tUrzUVCn,D1,hertha berlin,rb leipzig,2022-02-20,1,6
MPFDCUsC,D1,dortmund,b. monchengladbach,2022-02-20,6,0
rZG9DAS5,D1,bayern munich,greuther furth,2022-02-20,4,1
fZ9fBLTO,D1,hamburger sv,stuttgart,2023-06-05,1,3
GrBjC1EI,D1,stuttgart,hamburger sv,2023-06-01,3,0
Q5QC6sy8,D1,b. monchengladbach,augsburg,2023-05-27,2,0
bBUeT4rL,D1,bochum,bayer leverkusen,2023-05-27,3,0
MDTeAPyq,D1,dortmund,mainz,2023-05-27,2,2
v9EfVQD8,D1,eintracht frankfurt,freiburg,2023-05-27,2,1
C2M87NL1,D1,fc koln,bayern munich,2023-05-27,1,2
jmYa9qik,D1,rb leipzig,schalke,2023-05-27,4,2
x2TaSOcR,D1,stuttgart,hoffenheim,2023-05-27,1,1
UwX3836e,D1,union berlin,werder bremen,2023-05-27,1,0
IaDbUpTE,D1,wolfsburg,hertha berlin,2023-05-27,1,2
dCgNeQMk,D1,bayer leverkusen,b. monchengladbach,2023-05-21,2,2
pYZHH7q9,D1,augsburg,dortmund,2023-05-21,0,3
UPiVg4i2,D1,mainz,stuttgart,2023-05-21,1,4
r9kJd67q,D1,bayern munich,rb leipzig,2023-05-20,1,3
veZLGRbF,D1,hertha berlin,bochum,2023-05-20,1,1
6syEImU2,D1,hoffenheim,union berlin,2023-05-20,4,2
xthPFoEL,D1,schalke,eintracht frankfurt,2023-05-20,2,2
K4sUE5TR,D1,werder bremen,fc koln,2023-05-20,1,1
jZhRfpxd,D1,freiburg,wolfsburg,2023-05-19,2,0
2kYmsR7d,D1,rb leipzig,werder bremen,2023-05-14,2,1
xSCj1naS,D1,stuttgart,bayer leverkusen,2023-05-14,1,1
ObZqr7hj,D1,dortmund,b. monchengladbach,2023-05-13,5,2
6Nvuqmwp,D1,bayern munich,schalke,2023-05-13,6,0
byEn2SqM,D1,bochum,augsburg,2023-05-13,3,2
CKFv4lF9,D1,eintracht frankfurt,mainz,2023-05-13,3,0
GhMV5Apc,D1,union berlin,freiburg,2023-05-13,4,2
jBEr38UF,D1,wolfsburg,hoffenheim,2023-05-13,2,1
UeQZ4Ua3,D1,fc koln,hertha berlin,2023-05-12,5,2
ETF1VT8p,D1,dortmund,wolfsburg,2023-05-07,6,0
4EhDmTUS,D1,werder bremen,bayern munich,2023-05-06,1,2
bHk5kk0G,D1,augsburg,union berlin,2023-05-06,1,0
Gh00jVpA,D1,b. monchengladbach,bochum,2023-05-06,2,0
UyblgX0i,D1,freiburg,rb leipzig,2023-05-06,0,1
Aig9l9FM,D1,hertha berlin,stuttgart,2023-05-06,2,1
x21diBV3,D1,hoffenheim,eintracht frankfurt,2023-05-06,3,1
SWJ5UmOj,D1,bayer leverkusen,fc koln,2023-05-05,1,2
8SdhhiGc,D1,mainz,schalke,2023-05-05,2,3
xUNTkbfa,D1,wolfsburg,mainz,2023-04-30,3,0
dGk7YdPO,D1,bayern munich,hertha berlin,2023-04-30,2,0
MXiYndvI,D1,schalke,werder bremen,2023-04-29,2,1
r7OPjvug,D1,eintracht frankfurt,augsburg,2023-04-29,1,1
U3KLiKPn,D1,fc koln,freiburg,2023-04-29,0,1
pWrkct2P,D1,rb leipzig,hoffenheim,2023-04-29,1,0
rsgUmxPB,D1,stuttgart,b. monchengladbach,2023-04-29,2,1
nuVGh0At,D1,union berlin,bayer leverkusen,2023-04-29,0,0
GKMXlI95,D1,bochum,dortmund,2023-04-28,1,1
U3bjxuQa,D1,b. monchengladbach,union berlin,2023-04-23,0,1
x6JBqNXP,D1,bayer leverkusen,rb leipzig,2023-04-23,2,0
fo6wusts,D1,freiburg,schalke,2023-04-23,4,0
O2F7p3IJ,D1,dortmund,eintracht frankfurt,2023-04-22,4,0
OQcfyau6,D1,bochum,wolfsburg,2023-04-22,1,5
IPj3ZxAI,D1,hertha berlin,werder bremen,2023-04-22,2,4
jDanwLAg,D1,hoffenheim,fc koln,2023-04-22,1,3
Yy5sv1em,D1,mainz,bayern munich,2023-04-22,3,1
z11bzJfC,D1,augsburg,stuttgart,2023-04-21,1,1
djvDOLe0,D1,wolfsburg,bayer leverkusen,2023-04-16,0,0
61o0RNBs,D1,union berlin,bochum,2023-04-16,1,1
McyPLJuJ,D1,werder bremen,freiburg,2023-04-16,1,2
ERl8P1tf,D1,eintracht frankfurt,b. monchengladbach,2023-04-15,1,1
nH4TWqlK,D1,bayern munich,hoffenheim,2023-04-15,1,1
0Op4QsRm,D1,fc koln,mainz,2023-04-15,1,1
4haYV33Q,D1,rb leipzig,augsburg,2023-04-15,3,2
zswHNuB6,D1,stuttgart,dortmund,2023-04-15,3,3
r7xLMaQC,D1,schalke,hertha berlin,2023-04-14,5,2
zNAVBrCf,D1,hoffenheim,schalke,2023-04-09,2,0
dxavAMt7,D1,bochum,stuttgart,2023-04-09,2,3
ED9ZA2R0,D1,b. monchengladbach,wolfsburg,2023-04-09,2,0
8Q5PXPYD,D1,hertha berlin,rb leipzig,2023-04-08,0,1
fNHs9tdD,D1,augsburg,fc koln,2023-04-08,1,3
MFUfIpZQ,D1,bayer leverkusen,eintracht frankfurt,2023-04-08,3,1
8CQjJQJK,D1,dortmund,union berlin,2023-04-08,2,1
Sd7ND4sr,D1,freiburg,bayern munich,2023-04-08,0,1
6m6RCOdl,D1,mainz,werder bremen,2023-04-08,2,2
EkRnK64E,D1,werder bremen,hoffenheim,2023-04-02,1,2
2gOabPse,D1,fc koln,b. monchengladbach,2023-04-02,0,0
0S2JIgT9,D1,bayern munich,dortmund,2023-04-01,4,2
ljKea5Sl,D1,freiburg,hertha berlin,2023-04-01,1,1
U17NHDrG,D1,rb leipzig,mainz,2023-04-01,0,3
zaSrLnk8,D1,schalke,bayer leverkusen,2023-04-01,0,3
6RUj0oDr,D1,union berlin,stuttgart,2023-04-01,3,0
z7M7d3C7,D1,wolfsburg,augsburg,2023-04-01,2,2
dGN3cqc1,D1,eintracht frankfurt,bochum,2023-03-31,1,1
fkth2YrT,D1,mainz,freiburg,2023-03-19,1,1
Myrp4fEG,D1,bayer leverkusen,bayern munich,2023-03-19,2,1
Gbsl3ETM,D1,union berlin,eintracht frankfurt,2023-03-19,2,0
8Ywt5zaA,D1,dortmund,fc koln,2023-03-18,6,1
vDEAKFbc,D1,augsburg,schalke,2023-03-18,1,1
SxB6Leqi,D1,bochum,rb leipzig,2023-03-18,1,0
zqOKchip,D1,hoffenheim,hertha berlin,2023-03-18,3,1
My4FJZD3,D1,stuttgart,wolfsburg,2023-03-18,0,1
EZMOdC6j,D1,b. monchengladbach,werder bremen,2023-03-17,2,2
EixQ8Iao,D1,wolfsburg,union berlin,2023-03-12,1,1
Q9ly6Gq4,D1,werder bremen,bayer leverkusen,2023-03-12,2,3
vyLD5nYN,D1,freiburg,hoffenheim,2023-03-12,2,1
nJkX6dUc,D1,schalke,dortmund,2023-03-11,2,2
r9R4783B,D1,bayern munich,augsburg,2023-03-11,5,3
AJBq0Qeo,D1,eintracht frankfurt,stuttgart,2023-03-11,1,1
hryU7xFi,D1,hertha berlin,mainz,2023-03-11,1,1
0pM96SIH,D1,rb leipzig,b. monchengladbach,2023-03-11,3,0
YcKH46mU,D1,fc koln,bochum,2023-03-10,0,2
GdzlBj4n,D1,wolfsburg,eintracht frankfurt,2023-03-05,2,2
4I6Vh9lI,D1,bayer leverkusen,hertha berlin,2023-03-05,4,1
UBjWdVpR,D1,dusseldorf,bochum,2024-05-27,0,4
dpwPbiGE,D1,bochum,dusseldorf,2024-05-23,0,3
r7QOmnxn,D1,bayer leverkusen,augsburg,2024-05-18,2,1
fBoFTriU,D1,dortmund,darmstadt,2024-05-18,4,0
QVFTn6ih,D1,eintracht frankfurt,rb leipzig,2024-05-18,2,2
8EBlrr6N,D1,heidenheim,fc koln,2024-05-18,4,1
YeJyopM4,D1,hoffenheim,bayern munich,2024-05-18,4,2
fB7pqOjH,D1,stuttgart,b. monchengladbach,2024-05-18,4,0
WWMKlSMu,D1,union berlin,freiburg,2024-05-18,2,1
CnIup4yB,D1,werder bremen,bochum,2024-05-18,4,1
4MEXoQ6b,D1,wolfsburg,mainz,2024-05-18,1,3
Khg2Wp7B,D1,bochum,bayer leverkusen,2024-05-12,0,5
6NvEhyOD,D1,bayern munich,wolfsburg,2024-05-12,2,0
GKnBUOyO,D1,darmstadt,hoffenheim,2024-05-12,0,6
U30kZnNh,D1,mainz,dortmund,2024-05-11,3,0
CSkfY6xa,D1,b. monchengladbach,eintracht frankfurt,2024-05-11,1,1
QVgbXQi5,D1,fc koln,union berlin,2024-05-11,3,2
jD1ozT7n,D1,freiburg,heidenheim,2024-05-11,1,1
rm2sy9ht,D1,rb leipzig,werder bremen,2024-05-11,1,1
bqh6V4MH,D1,augsburg,stuttgart,2024-05-10,0,1
2kEXqqKD,D1,heidenheim,mainz,2024-05-05,1,1
2RVpgmcR,D1,eintracht frankfurt,bayer leverkusen,2024-05-05,1,5
4tDsfTsL,D1,union berlin,bochum,2024-05-05,3,4
bcHGmRKl,D1,fc koln,freiburg,2024-05-04,0,0
MHNxe9SE,D1,dortmund,augsburg,2024-05-04,5,1
lnATpP47,D1,stuttgart,bayern munich,2024-05-04,3,1
fPAPo5k1,D1,werder bremen,b. monchengladbach,2024-05-04,2,2
K6ICl75r,D1,wolfsburg,darmstadt,2024-05-04,3,0
GYBLnoze,D1,hoffenheim,rb leipzig,2024-05-03,1,1
rROYekD8,D1,darmstadt,heidenheim,2024-04-28,0,1
Khwvz8jk,D1,mainz,fc koln,2024-04-28,1,1
YesrZR5e,D1,b. monchengladbach,union berlin,2024-04-28,0,0
QVwzylyq,D1,bayer leverkusen,stuttgart,2024-04-27,2,2
fBVjX5z8,D1,augsburg,werder bremen,2024-04-27,0,3
4Ky7sjbF,D1,bayern munich,eintracht frankfurt,2024-04-27,2,1
OMi8uUSR,D1,freiburg,wolfsburg,2024-04-27,1,2
rBzBtADL,D1,rb leipzig,dortmund,2024-04-27,4,1
GKWnYoL1,D1,bochum,hoffenheim,2024-04-26,3,2
2iFySAbS,D1,freiburg,mainz,2024-04-21,1,1
dfCTTWTF,D1,dortmund,bayer leverkusen,2024-04-21,1,1
dfYbqCT2,D1,werder bremen,stuttgart,2024-04-21,2,1
jHBXSjqM,D1,union berlin,bayern munich,2024-04-20,1,5
GbeCL8yd,D1,fc koln,darmstadt,2024-04-20,0,2
Acx3rWr9,D1,heidenheim,rb leipzig,2024-04-20,1,2
fkfGKSj2,D1,hoffenheim,b. monchengladbach,2024-04-20,4,3
nPj8MlMk,D1,wolfsburg,bochum,2024-04-20,1,0
8Yi4NU6q,D1,eintracht frankfurt,augsburg,2024-04-19,3,1
AcjbEiUS,D1,bayer leverkusen,werder bremen,2024-04-14,5,0
I3DPUCE9,D1,darmstadt,freiburg,2024-04-14,0,1
0SIKVha3,D1,stuttgart,eintracht frankfurt,2024-04-13,3,0
xWxiGDaG,D1,bayern munich,fc koln,2024-04-13,2,0
fVRU8Vij,D1,b. monchengladbach,dortmund,2024-04-13,1,2
8YVY7k7d,D1,bochum,heidenheim,2024-04-13,1,1
C6xQ9Bxp,D1,mainz,hoffenheim,2024-04-13,4,1
GMyeFXEM,D1,rb leipzig,wolfsburg,2024-04-13,3,0
MyKGWYqc,D1,augsburg,union berlin,2024-04-12,2,0
WY1ieCNj,D1,wolfsburg,b. monchengladbach,2024-04-07,1,3
t4qrIZU3,D1,hoffenheim,augsburg,2024-04-07,3,1
6mnBFt95,D1,dortmund,stuttgart,2024-04-06,0,1
nspvJFFc,D1,fc koln,bochum,2024-04-06,2,1
0nuKDKwI,D1,freiburg,rb leipzig,2024-04-06,1,4
f7mnHgpA,D1,heidenheim,bayern munich,2024-04-06,3,2
8jozKe0i,D1,mainz,darmstadt,2024-04-06,4,0
lCyGE0OB,D1,union berlin,bayer leverkusen,2024-04-06,0,1
hr3mdh8p,D1,eintracht frankfurt,werder bremen,2024-04-05,1,1
KWqaIrPn,D1,bochum,darmstadt,2024-03-31,2,2
Sdm7GMga,D1,stuttgart,heidenheim,2024-03-31,3,3
bNr3H2vg,D1,augsburg,fc koln,2024-03-31,1,1
lj0u2Nv6,D1,bayern munich,dortmund,2024-03-30,0,2
8hGt019I,D1,bayer leverkusen,hoffenheim,2024-03-30,2,1
0n3SN41P,D1,b. monchengladbach,freiburg,2024-03-30,0,3
nqFpaLOO,D1,eintracht frankfurt,union berlin,2024-03-30,0,0
Staq1sfC,D1,rb leipzig,mainz,2024-03-30,0,0
x8ffJO9t,D1,werder bremen,wolfsburg,2024-03-30,0,2
fFL2l4A6,D1,dortmund,eintracht frankfurt,2024-03-17,3,1
nNwAnruJ,D1,freiburg,bayer leverkusen,2024-03-17,2,3
b17S4Pfm,D1,hoffenheim,stuttgart,2024-03-16,0,3
fT0y33Pa,D1,darmstadt,bayern munich,2024-03-16,2,5
tQdX3qAg,D1,heidenheim,b. monchengladbach,2024-03-16,1,1
SIGdAoXP,D1,mainz,bochum,2024-03-16,2,0
lxL6mOPC,D1,union berlin,werder bremen,2024-03-16,2,1
lSHhBRHJ,D1,wolfsburg,augsburg,2024-03-16,1,3
KA8O55us,D1,fc koln,rb leipzig,2024-03-15,1,5
SblBblYD,D1,bayer leverkusen,wolfsburg,2024-03-10,2,0
6kmFc8mK,D1,eintracht frankfurt,hoffenheim,2024-03-10,3,1
KdTki6Qm,D1,bochum,freiburg,2024-03-10,1,2
QZTohnBs,D1,werder bremen,dortmund,2024-03-09,1,2
bmSgjQuf,D1,augsburg,heidenheim,2024-03-09,1,0
M11Pzot7,D1,bayern munich,mainz,2024-03-09,8,1
lExKdS2Q,D1,b. monchengladbach,fc koln,2024-03-09,3,3
0h0TZ4eD,D1,rb leipzig,darmstadt,2024-03-09,2,0
GOMbkpe0,D1,stuttgart,union berlin,2024-03-08,2,0
hM98vTtr,D1,hoffenheim,werder bremen,2024-03-03,2,1
CSRuq9YQ,D1,fc koln,bayer leverkusen,2024-03-03,0,2
vFTXpV3E,D1,wolfsburg,stuttgart,2024-03-02,2,3
WC8Cwmdl,D1,bochum,rb leipzig,2024-03-02,1,4
vwCKyRQ0,D1,darmstadt,augsburg,2024-03-02,0,6
QZ7Gx7Bf,D1,heidenheim,eintracht frankfurt,2024-03-02,1,2
YyTypkJK,D1,mainz,b. monchengladbach,2024-03-02,1,1
QZooNRB7,D1,union berlin,dortmund,2024-03-02,0,2
SvQToBl8,D1,freiburg,bayern munich,2024-03-01,2,2
I9rwPmse,D1,augsburg,freiburg,2024-02-25,2,1
prcdovbc,D1,dortmund,hoffenheim,2024-02-25,2,3
pIR0rxrG,D1,eintracht frankfurt,wolfsburg,2024-02-25,2,2
EgJGN7p2,D1,elversberg,heidenheim,2025-05-26,1,2
IRP7PTFk,D1,heidenheim,elversberg,2025-05-22,2,2
YmLinyG6,D1,augsburg,union berlin,2025-05-17,1,2
M91n8IxQ,D1,b. monchengladbach,wolfsburg,2025-05-17,0,1
KpeIXy1D,D1,dortmund,holstein kiel,2025-05-17,3,0
xMRrlcof,D1,freiburg,eintracht frankfurt,2025-05-17,1,3
48TzjJGs,D1,heidenheim,werder bremen,2025-05-17,1,4
nim4eugK,D1,hoffenheim,bayern munich,2025-05-17,0,4
tEOapFpJ,D1,mainz,bayer leverkusen,2025-05-17,2,2
bV69ZcW0,D1,rb leipzig,stuttgart,2025-05-17,2,3
Ig2H2d0m,D1,st. pauli,bochum,2025-05-17,0,2
4zhoqB3c,D1,stuttgart,augsburg,2025-05-11,4,0
jqSQOtIr,D1,eintracht frankfurt,st. pauli,2025-05-11,2,2
Ct5aL7Bj,D1,bayer leverkusen,dortmund,2025-05-11,2,4
02ofskY9,D1,bayern munich,b. monchengladbach,2025-05-10,2,0
8p0xstvR,D1,bochum,mainz,2025-05-10,1,4
j531yK1l,D1,holstein kiel,freiburg,2025-05-10,1,2
zX1Ur29E,D1,union berlin,heidenheim,2025-05-10,0,3
CbGZMKne,D1,werder bremen,rb leipzig,2025-05-10,0,0
KOJsLbH7,D1,wolfsburg,hoffenheim,2025-05-09,2,2
x0Y3WXJi,D1,mainz,eintracht frankfurt,2025-05-04,1,1
QL4oEj4N,D1,freiburg,bayer leverkusen,2025-05-04,2,2
MijH8URp,D1,augsburg,holstein kiel,2025-05-04,1,3
Od8UHY4b,D1,dortmund,wolfsburg,2025-05-03,4,0
pQyCUBl4,D1,b. monchengladbach,hoffenheim,2025-05-03,4,4
2sKLJfzn,D1,rb leipzig,bayern munich,2025-05-03,3,3
hdOSQTmT,D1,st. pauli,stuttgart,2025-05-03,0,1
6uQKSkJG,D1,union berlin,werder bremen,2025-05-03,2,2
WMBxGCZA,D1,heidenheim,bochum,2025-05-02,0,0
xQHf5eLh,D1,werder bremen,st. pauli,2025-04-27,0,0
659B1DKH,D1,bochum,union berlin,2025-04-27,1,1
OI1v35vP,D1,eintracht frankfurt,rb leipzig,2025-04-26,4,0
lt7F89Am,D1,bayer leverkusen,augsburg,2025-04-26,2,0
ILbW4R9C,D1,bayern munich,mainz,2025-04-26,3,0
UaEn7Hjt,D1,hoffenheim,dortmund,2025-04-26,2,3
CIvCaikU,D1,holstein kiel,b. monchengladbach,2025-04-26,4,3
YiB33Zk5,D1,wolfsburg,freiburg,2025-04-26,0,1
Mg5N6mu0,D1,stuttgart,heidenheim,2025-04-25,0,1
fuksRHQE,D1,st. pauli,bayer leverkusen,2025-04-20,1,1
KlV5hcKk,D1,dortmund,b. monchengladbach,2025-04-20,3,2
K2Av7dZr,D1,augsburg,eintracht frankfurt,2025-04-20,0,0
lr2e3EY7,D1,union berlin,stuttgart,2025-04-19,4,4
0IT7CIBL,D1,freiburg,hoffenheim,2025-04-19,3,2
SEYDjyk2,D1,heidenheim,bayern munich,2025-04-19,0,4
SSDn5z4e,D1,mainz,wolfsburg,2025-04-19,2,2
zHgZcJdS,D1,rb leipzig,holstein kiel,2025-04-19,1,1
S4VaEvs9,D1,werder bremen,bochum,2025-04-19,1,0
MXBrkODc,D1,eintracht frankfurt,heidenheim,2025-04-13,3,0
AgrQWtbT,D1,stuttgart,werder bremen,2025-04-13,1,2
6PTeRKLj,D1,bayern munich,dortmund,2025-04-12,2,2
ERlHY2TG,D1,bayer leverkusen,union berlin,2025-04-12,0,0
Gfmvvb5d,D1,b. monchengladbach,freiburg,2025-04-12,1,2
8lzQ11c3,D1,bochum,augsburg,2025-04-12,1,2
SUEjm2rA,D1,hoffenheim,mainz,2025-04-12,2,0
SjjRauSF,D1,holstein kiel,st. pauli,2025-04-12,1,2
KSgVuKzp,D1,wolfsburg,rb leipzig,2025-04-11,2,3
bwwsXkhC,D1,union berlin,wolfsburg,2025-04-06,1,0
t0yAzPb4,D1,st. pauli,b. monchengladbach,2025-04-06,1,1
KnI7IjwJ,D1,werder bremen,eintracht frankfurt,2025-04-05,2,0
Kpm1xoUi,D1,bochum,stuttgart,2025-04-05,0,4
0reftfVP,D1,freiburg,dortmund,2025-04-05,1,4
CMEaKC86,D1,heidenheim,bayer leverkusen,2025-04-05,0,1
QPvZYBNa,D1,mainz,holstein kiel,2025-04-05,1,1
hKbbMYwf,D1,rb leipzig,hoffenheim,2025-04-05,3,1
WQoQzYhm,D1,augsburg,bayern munich,2025-04-04,1,3
SftwHw2E,D1,dortmund,mainz,2025-03-30,3,1
C0wP7ZO0,D1,freiburg,union berlin,2025-03-30,1,2
08voFHWQ,D1,eintracht frankfurt,stuttgart,2025-03-29,1,0
CnbjgzA7,D1,bayern munich,st. pauli,2025-03-29,3,2
0MJJTGoK,D1,b. monchengladbach,rb leipzig,2025-03-29,1,0
KhLH9efl,D1,hoffenheim,augsburg,2025-03-29,1,1
K60jOf9s,D1,holstein kiel,werder bremen,2025-03-29,0,3
YFRX5DgD,D1,wolfsburg,heidenheim,2025-03-29,0,1
QVaredue,D1,bayer leverkusen,bochum,2025-03-28,3,1
lCLZdcgo,D1,stuttgart,bayer leverkusen,2025-03-16,3,4
ObVJ2ms4,D1,heidenheim,holstein kiel,2025-03-16,3,1
YXK32vmL,D1,bochum,eintracht frankfurt,2025-03-16,1,3
GYRB49Ci,D1,rb leipzig,dortmund,2025-03-15,2,0
jDo0rJek,D1,augsburg,wolfsburg,2025-03-15,1,0
pCv9tcQ1,D1,mainz,freiburg,2025-03-15,2,2
x6Rf40I8,D1,union berlin,bayern munich,2025-03-15,1,1
pEJS0RBG,D1,werder bremen,b. monchengladbach,2025-03-15,2,4
4GBZdIAr,D1,st. pauli,hoffenheim,2025-03-14,1,0
vwAUmKGU,D1,hoffenheim,heidenheim,2025-03-09,1,1
rBGLktnI,D1,eintracht frankfurt,union berlin,2025-03-09,1,2
SYlv8N1n,D1,freiburg,rb leipzig,2025-03-08,0,0
SEQdepIt,D1,bayer leverkusen,werder bremen,2025-03-08,0,2
EVO4gOng,D1,bayern munich,bochum,2025-03-08,2,3
AcIDi2H5,D1,dortmund,augsburg,2025-03-08,0,1
htz42JVN,D1,holstein kiel,stuttgart,2025-03-08,2,2
llwm61Wb,D1,wolfsburg,st. pauli,2025-03-08,1,1
dEte4u1B,D1,b. monchengladbach,mainz,2025-03-07,1,3
ne5Nto3m,D1,augsburg,freiburg,2025-03-02,0,0
K83VvPXa,D1,union berlin,holstein kiel,2025-03-02,0,1
f7TdQPI6,D1,eintracht frankfurt,bayer leverkusen,2025-03-01,1,4
Gzcvw32C,D1,bochum,hoffenheim,2025-03-01,0,1
GMH5O3mJ,D1,heidenheim,b. monchengladbach,2025-03-01,0,3
nsQlSolf,D1,rb leipzig,mainz,2025-03-01,1,2
O00nysXO,D1,st. pauli,dortmund,2025-03-01,0,2
rT9in7uQ,D1,werder bremen,wolfsburg,2025-03-01,1,2
SvAmU7Js,D1,stuttgart,bayern munich,2025-02-28,1,3
nNTXZxj3,D1,hoffenheim,stuttgart,2025-02-23,1,1
2Hn8JH5M,D1,bayern munich,eintracht frankfurt,2025-02-23,4,0
b1mwEeTq,D1,rb leipzig,heidenheim,2025-02-23,2,2
SrS8qyAO,D1,rb leipzig,hoffenheim,2026-03-20,5,0
xKhKjXaf,D1,stuttgart,rb leipzig,2026-03-15,1,0
pMDubF7K,D1,freiburg,union berlin,2026-03-15,0,1
46fChgVs,D1,werder bremen,mainz,2026-03-15,0,2
M7ELf1IP,D1,hamburger sv,fc koln,2026-03-14,1,1
AqZxvfGl,D1,bayer leverkusen,bayern munich,2026-03-14,1,1
vPQgzCFD,D1,dortmund,augsburg,2026-03-14,2,0
I9xoxYp1,D1,eintracht frankfurt,heidenheim,2026-03-14,1,0
vqkymkaJ,D1,hoffenheim,wolfsburg,2026-03-14,1,1
YonTlBU6,D1,b. monchengladbach,st. pauli,2026-03-13,2,0
AVg4Pf1e,D1,union berlin,werder bremen,2026-03-08,1,4
IecCNYV7,D1,st. pauli,eintracht frankfurt,2026-03-08,0,0
jah6qGhR,D1,fc koln,dortmund,2026-03-07,1,2
WKzyOsQj,D1,freiburg,bayer leverkusen,2026-03-07,3,3
IofboxOE,D1,heidenheim,hoffenheim,2026-03-07,2,4
OENMooIc,D1,mainz,stuttgart,2026-03-07,2,2
rHwOqPnA,D1,rb leipzig,augsburg,2026-03-07,2,1
lG5eRGWr,D1,wolfsburg,hamburger sv,2026-03-07,1,2
Czf4T32T,D1,bayern munich,b. monchengladbach,2026-03-06,4,1
Yg01qtZp,D1,hamburger sv,bayer leverkusen,2026-03-04,0,1
4AjdVPXG,D1,hamburger sv,rb leipzig,2026-03-01,1,2
zBzbMUln,D1,eintracht frankfurt,freiburg,2026-03-01,2,0
QJVMGQIN,D1,stuttgart,wolfsburg,2026-03-01,4,0
dQO6K8Jb,D1,dortmund,bayern munich,2026-02-28,2,3
pnel2R3U,D1,bayer leverkusen,mainz,2026-02-28,1,1
MkHhB4to,D1,b. monchengladbach,union berlin,2026-02-28,1,0
re2mXo34,D1,hoffenheim,st. pauli,2026-02-28,0,1
UixEInlB,D1,werder bremen,heidenheim,2026-02-28,2,0
xbauZ7Yi,D1,augsburg,fc koln,2026-02-27,2,0
G63X5945,D1,heidenheim,stuttgart,2026-02-22,3,3
M7AO7VZh,D1,st. pauli,werder bremen,2026-02-22,2,1
AmPlehjm,D1,freiburg,b. monchengladbach,2026-02-22,2,1
23wbiAkC,D1,rb leipzig,dortmund,2026-02-21,2,2
Gn7GD06E,D1,bayern munich,eintracht frankfurt,2026-02-21,3,2
lK1u4mZH,D1,fc koln,hoffenheim,2026-02-21,2,2
Es7G9i5t,D1,union berlin,bayer leverkusen,2026-02-21,1,0
ATt6klKO,D1,wolfsburg,augsburg,2026-02-21,2,3
r1NdgWKa,D1,mainz,hamburger sv,2026-02-20,1,1
SComwKU1,D1,rb leipzig,wolfsburg,2026-02-15,2,2
zJ8EguFr,D1,augsburg,heidenheim,2026-02-15,1,0
GYRsa1iL,D1,stuttgart,fc koln,2026-02-14,3,1
lb80nO7F,D1,bayer leverkusen,st. pauli,2026-02-14,4,0
dOB8p2xS,D1,eintracht frankfurt,b. monchengladbach,2026-02-14,3,0
ltFUkcE7,D1,hamburger sv,union berlin,2026-02-14,3,2
SQQLiJqe,D1,hoffenheim,freiburg,2026-02-14,3,0
rLTZ0NM8,D1,werder bremen,bayern munich,2026-02-14,0,3
tdmuut0k,D1,dortmund,mainz,2026-02-13,4,0
ne5gywrH,D1,bayern munich,hoffenheim,2026-02-08,5,1
hWEilpw3,D1,fc koln,rb leipzig,2026-02-08,1,2
6FjAy7gc,D1,b. monchengladbach,bayer leverkusen,2026-02-07,1,1
rNb2ZGCT,D1,freiburg,werder bremen,2026-02-07,1,0
0xS5Qtod,D1,heidenheim,hamburger sv,2026-02-07,0,2
vgpYTfzi,D1,mainz,augsburg,2026-02-07,2,0
6wZdS2Gq,D1,st. pauli,stuttgart,2026-02-07,2,1
EufIZpO9,D1,wolfsburg,dortmund,2026-02-07,1,2
zerRXOhM,D1,union berlin,eintracht frankfurt,2026-02-06,1,1
vRmqLQiJ,D1,dortmund,heidenheim,2026-02-01,3,2
QN5Aynx0,D1,stuttgart,freiburg,2026-02-01,1,0
vV1owaD4,D1,hamburger sv,bayern munich,2026-01-31,2,2
by4IZP6C,D1,augsburg,st. pauli,2026-01-31,2,1
W0pyNnN6,D1,eintracht frankfurt,bayer leverkusen,2026-01-31,1,3
hxMjHHjo,D1,hoffenheim,union berlin,2026-01-31,3,1
KMQVrUqQ,D1,rb leipzig,mainz,2026-01-31,1,2
UeC1w87m,D1,werder bremen,b. monchengladbach,2026-01-31,1,1
IFDxuLrh,D1,fc koln,wolfsburg,2026-01-30,1,0
ObDLNPCO,D1,st. pauli,rb leipzig,2026-01-27,1,1
2B3cTTrm,D1,werder bremen,hoffenheim,2026-01-27,0,2
27DoCV8l,D1,freiburg,fc koln,2026-01-25,2,1
Wn528m8D,D1,b. monchengladbach,stuttgart,2026-01-25,0,3
bgclWj0K,D1,union berlin,dortmund,2026-01-24,0,3
nZBEJDGE,D1,bayer leverkusen,werder bremen,2026-01-24,1,0
WQTReAO7,D1,bayern munich,augsburg,2026-01-24,1,2
KnAMHioR,D1,eintracht frankfurt,hoffenheim,2026-01-24,1,3
zZjSO8hf,D1,heidenheim,rb leipzig,2026-01-24,0,3
AXGgA9w1,D1,mainz,wolfsburg,2026-01-24,3,1
2LhKQUNs,D1,st. pauli,hamburger sv,2026-01-23,0,0
x4hW6zX8,D1,augsburg,freiburg,2026-01-18,2,2
lrCyogAk,D1,stuttgart,union berlin,2026-01-18,1,1
dSod5Ne4,D1,rb leipzig,bayern munich,2026-01-17,1,5
l2rl7qRi,D1,dortmund,st. pauli,2026-01-17,3,2
2oxBahPr,D1,fc koln,mainz,2026-01-17,2,1
O0QJcWge,D1,hamburger sv,b. monchengladbach,2026-01-17,0,0
YVou5E1L,D1,hoffenheim,bayer leverkusen,2026-01-17,1,0
pA5pqXv2,D1,wolfsburg,heidenheim,2026-01-17,1,1
Isz531QG,D1,werder bremen,eintracht frankfurt,2026-01-16,3,3
zaIEhpCb,D1,augsburg,union berlin,2026-01-15,1,1
xOEVl2BN,D1,fc koln,bayern munich,2026-01-14,1,3
rPLMjOtB,D1,hoffenheim,b. monchengladbach,2026-01-14,5,1
4IYfxPRH,D1,rb leipzig,freiburg,2026-01-14,2,0
EqU5f6sn,D1,wolfsburg,st. pauli,2026-01-14,2,1
zwsvt7Sh,D1,dortmund,werder bremen,2026-01-13,3,0
W4zmvoc5,D1,mainz,heidenheim,2026-01-13,2,1
OKldz3dU,D1,stuttgart,eintracht frankfurt,2026-01-13,3,2
8lrOEUTg,D1,bayern munich,wolfsburg,2026-01-11,8,1
zP15R7Da,D1,b. monchengladbach,augsburg,2026-01-11,4,0
GEoWC8b6,D1,bayer leverkusen,stuttgart,2026-01-10,1,4
rRMQYkLP,D1,freiburg,hamburger sv,2026-01-10,2,1
SCwWsTct,D1,heidenheim,fc koln,2026-01-10,2,2
WjeEPorC,D1,union berlin,mainz,2026-01-10,2,2
xUZvBnTI,D1,eintracht frankfurt,dortmund,2026-01-09,3,3
QRccRnd2,D1,heidenheim,bayern munich,2025-12-21,0,4
SdcOE9Cd,D1,mainz,st. pauli,2025-12-21,0,0
KjpAxD43,D1,rb leipzig,bayer leverkusen,2025-12-20,1,3
I1fkT8Rk,D1,augsburg,werder bremen,2025-12-20,0,0
tzSsZbF8,D1,fc koln,union berlin,2025-12-20,0,1
CMlFGjas,D1,hamburger sv,eintracht frankfurt,2025-12-20,1,1
Q3FAziZF,D1,stuttgart,hoffenheim,2025-12-20,0,0
YTIIYU3S,D1,wolfsburg,freiburg,2025-12-20,3,4
6mWgKndt,D2,sg dynamo dresden,kaiserslautern,2022-05-24,0,2
URvSOSmP,D2,kaiserslautern,sg dynamo dresden,2022-05-20,0,0
KjOdyXWP,D2,darmstadt,paderborn,2022-05-15,3,0
Cl3yUlPa,D2,hannover,ingolstadt,2022-05-15,3,2
2wdlRn9I,D2,hansa rostock,hamburger sv,2022-05-15,2,3
xWAOWjus,D2,heidenheim,karlsruher sc,2022-05-15,2,0
Yc4XUU9g,D2,nurnberg,schalke,2022-05-15,1,2
6B2uT8v6,D2,sandhausen,holstein kiel,2022-05-15,3,1
KE6qSSgC,D2,sg dynamo dresden,aue,2022-05-15,0,1
GM9SVAfm,D2,st. pauli,dusseldorf,2022-05-15,2,0
M55gxDHJ,D2,werder bremen,regensburg,2022-05-15,2,0
CzO2FkA6,D2,aue,werder bremen,2022-05-08,0,3
tnpKND2Q,D2,holstein kiel,nurnberg,2022-05-08,3,0
jLZgHBuf,D2,karlsruher sc,sg dynamo dresden,2022-05-08,2,2
0zTMOgmK,D2,schalke,st. pauli,2022-05-07,3,2
reWoJXAs,D2,hamburger sv,hannover,2022-05-07,2,1
K0RADTvJ,D2,ingolstadt,hansa rostock,2022-05-07,0,0
tAS6E9PC,D2,regensburg,heidenheim,2022-05-07,0,2
xIVkIiQm,D2,dusseldorf,darmstadt,2022-05-06,2,1
YqPbGVf0,D2,paderborn,sandhausen,2022-05-06,2,0
p0WoNtCF,D2,darmstadt,aue,2022-04-30,6,0
8tty1jeD,D2,hansa rostock,paderborn,2022-04-30,0,0
MqUIPZXD,D2,ingolstadt,hamburger sv,2022-04-30,0,4
fwxX1Wu7,D2,sg dynamo dresden,regensburg,2022-04-30,1,1
YNmO3hBf,D2,hannover,karlsruher sc,2022-04-29,2,0
QcpG5Etr,D2,heidenheim,dusseldorf,2022-04-29,1,3
CEnS2CQ0,D2,sandhausen,schalke,2022-04-29,1,2
4lqK4Yel,D2,st. pauli,nurnberg,2022-04-29,1,1
YPSsOMd9,D2,werder bremen,holstein kiel,2022-04-29,2,3
0CUZPrSd,D2,aue,hansa rostock,2022-04-24,2,2
Ofoi1akd,D2,nurnberg,sandhausen,2022-04-24,2,4
jsmq3LKq,D2,paderborn,hannover,2022-04-24,3,0
p4nm2uzj,D2,st. pauli,darmstadt,2022-04-23,1,2
h6789NsG,D2,holstein kiel,heidenheim,2022-04-23,1,1
v3TwP2s3,D2,regensburg,hamburger sv,2022-04-23,2,4
bVh5A3S9,D2,schalke,werder bremen,2022-04-23,1,4
Wd6C8scM,D2,dusseldorf,sg dynamo dresden,2022-04-22,2,2
ELeH71CS,D2,karlsruher sc,ingolstadt,2022-04-22,2,2
CYWZfOSM,D2,darmstadt,schalke,2022-04-17,2,5
xG4dCPcc,D2,hansa rostock,regensburg,2022-04-17,1,1
jPVwfrrT,D2,heidenheim,aue,2022-04-17,0,2
Kvf1BqD3,D2,ingolstadt,paderborn,2022-04-17,0,1
6yURdpbA,D2,werder bremen,nurnberg,2022-04-17,1,1
IBXVe4DG,D2,hamburger sv,karlsruher sc,2022-04-16,3,0
WID6k2jp,D2,hannover,dusseldorf,2022-04-16,0,0
A9CAlM5j,D2,sandhausen,st. pauli,2022-04-16,1,1
OC0hD5ri,D2,sg dynamo dresden,holstein kiel,2022-04-16,0,0
OlMfbxIH,D2,holstein kiel,hamburger sv,2022-04-10,1,0
d2K2dGnU,D2,paderborn,karlsruher sc,2022-04-10,2,2
OCvNcQr4,D2,sandhausen,sg dynamo dresden,2022-04-10,2,1
xdxB0Sbo,D2,nurnberg,darmstadt,2022-04-09,3,1
GnyFanEi,D2,aue,hannover,2022-04-09,1,3
rw5caI2B,D2,schalke,heidenheim,2022-04-09,3,0
YNBUizeo,D2,st. pauli,werder bremen,2022-04-09,1,1
2uLbcdXN,D2,dusseldorf,hansa rostock,2022-04-08,3,0
pMuJb6Tc,D2,regensburg,ingolstadt,2022-04-08,1,1
lv62X8D1,D2,hamburger sv,aue,2022-04-05,4,0
z7Ex4tlt,D2,heidenheim,nurnberg,2022-04-03,3,1
prZSqw3O,D2,karlsruher sc,dusseldorf,2022-04-03,2,2
4YQKoaYB,D2,werder bremen,sandhausen,2022-04-03,1,1
AP6k1vYb,D2,hansa rostock,st. pauli,2022-04-02,1,0
OYXWrcIU,D2,darmstadt,holstein kiel,2022-04-02,3,1
2JqOpJmI,D2,hamburger sv,paderborn,2022-04-02,1,2
EcDt303n,D2,hannover,regensburg,2022-04-02,1,1
4n6g0bm5,D2,ingolstadt,aue,2022-04-01,3,2
dM2o2KIh,D2,sg dynamo dresden,schalke,2022-04-01,1,2
SlTmq6CD,D2,holstein kiel,ingolstadt,2022-03-20,1,0
zgZ3ksZn,D2,nurnberg,sg dynamo dresden,2022-03-20,1,1
WKSCmL3a,D2,regensburg,paderborn,2022-03-20,1,0
tYUuoSs1,D2,werder bremen,darmstadt,2022-03-19,1,0
Ug7W7kkE,D2,dusseldorf,hamburger sv,2022-03-19,1,1
ABRGnuJ5,D2,sandhausen,hansa rostock,2022-03-19,0,1
lbUqpnc7,D2,schalke,hannover,2022-03-19,2,1
EqY7l1lg,D2,aue,karlsruher sc,2022-03-18,0,3
tWZajNJt,D2,st. pauli,heidenheim,2022-03-18,1,0
lzj1hAkR,D2,hannover,nurnberg,2022-03-13,0,3
2sWyn8Sf,D2,ingolstadt,schalke,2022-03-13,0,3
0E96WSS7,D2,karlsruher sc,regensburg,2022-03-13,1,1
h8dhfWKE,D2,heidenheim,werder bremen,2022-03-12,2,1
AqicgjzL,D2,paderborn,dusseldorf,2022-03-12,1,1
6FxTmUcr,D2,sg dynamo dresden,st. pauli,2022-03-12,1,1
EHcleC58,D2,darmstadt,sandhausen,2022-03-11,1,1
KItXnlDl,D2,hansa rostock,holstein kiel,2022-03-11,3,2
SOHgZUrk,D2,aue,regensburg,2022-03-06,1,0
0EXEtDjF,D2,dusseldorf,ingolstadt,2022-03-06,3,0
tbEWJkq2,D2,werder bremen,sg dynamo dresden,2022-03-06,2,1
bkDkzBTr,D2,nurnberg,hamburger sv,2022-03-05,2,1
6FGcYlbe,D2,sandhausen,hannover,2022-03-05,3,1
S0Z6rZL2,D2,schalke,hansa rostock,2022-03-05,3,4
dtRNviLR,D2,st. pauli,karlsruher sc,2022-03-05,3,1
EHyJuX5L,D2,darmstadt,heidenheim,2022-03-04,3,2
6iYAsgy9,D2,holstein kiel,paderborn,2022-03-04,3,4
8pvXVexc,D2,hamburger sv,werder bremen,2022-02-27,2,3
2qXuUZ69,D2,heidenheim,sandhausen,2022-02-27,1,1
l0ZiRXjS,D2,regensburg,dusseldorf,2022-02-27,0,0
fsCKMiaq,D2,sg dynamo dresden,darmstadt,2022-02-26,0,1
8pGOLBEk,D2,hansa rostock,nurnberg,2022-02-26,0,2
27FSKVTe,D2,ingolstadt,st. pauli,2022-02-26,1,3
KKsyVFi3,D2,karlsruher sc,schalke,2022-02-26,1,1
A9zlSDyM,D2,hannover,holstein kiel,2022-02-25,2,0
tzWqTgMF,D2,paderborn,aue,2022-02-25,3,3
2qBAEf7M,D2,darmstadt,hansa rostock,2022-02-20,1,1
lt76FzhG,D2,dusseldorf,aue,2022-02-20,3,1
d6AEDEMS,D2,st. pauli,hannover,2022-02-20,0,3
KGHsENq6,D2,arminia bielefeld,wehen,2023-06-06,1,2
QgIwF3Ua,D2,wehen,arminia bielefeld,2023-06-02,4,0
fXCvjnXp,D2,greuther furth,darmstadt,2023-05-28,4,0
rgkVC9vb,D2,hannover,holstein kiel,2023-05-28,1,5
ddgZBTg4,D2,hansa rostock,braunschweig,2023-05-28,2,1
Qyoj8ogT,D2,kaiserslautern,dusseldorf,2023-05-28,0,3
nonn9RwN,D2,magdeburg,arminia bielefeld,2023-05-28,4,0
0UaQDkPi,D2,paderborn,nurnberg,2023-05-28,0,1
U9isA7OG,D2,regensburg,heidenheim,2023-05-28,2,3
jJhwBm9A,D2,sandhausen,hamburger sv,2023-05-28,0,1
Mw1MEV9o,D2,st. pauli,karlsruher sc,2023-05-28,1,1
Mud29zY5,D2,dusseldorf,hannover,2023-05-21,3,3
zq068fmC,D2,karlsruher sc,kaiserslautern,2023-05-21,2,0
lScfBd3g,D2,nurnberg,hansa rostock,2023-05-21,0,0
zLHJHbQP,D2,hamburger sv,greuther furth,2023-05-20,2,1
xzaGIvBJ,D2,arminia bielefeld,paderborn,2023-05-20,2,2
I7kB7E2I,D2,braunschweig,regensburg,2023-05-20,1,2
Wj3kCxlm,D2,heidenheim,sandhausen,2023-05-20,1,0
h04oDIYt,D2,darmstadt,magdeburg,2023-05-19,1,0
SIdbAGIa,D2,holstein kiel,st. pauli,2023-05-19,3,4
6kTGcwZg,D2,hannover,darmstadt,2023-05-14,2,1
bPP8aa4s,D2,paderborn,heidenheim,2023-05-14,3,2
S4HPeH36,D2,regensburg,hamburger sv,2023-05-14,1,5
dGws4udQ,D2,st. pauli,dusseldorf,2023-05-13,0,0
G4Mq5LtK,D2,greuther furth,braunschweig,2023-05-13,2,2
hnPCbJJm,D2,holstein kiel,karlsruher sc,2023-05-13,2,1
zVKXgeYI,D2,kaiserslautern,arminia bielefeld,2023-05-13,1,2
dvMTfyJC,D2,magdeburg,nurnberg,2023-05-12,2,2
lEILdcl0,D2,sandhausen,hansa rostock,2023-05-12,1,2
xENu61RD,D2,braunschweig,sandhausen,2023-05-07,2,1
KIxso0kl,D2,heidenheim,magdeburg,2023-05-07,0,0
lhsopK4f,D2,nurnberg,kaiserslautern,2023-05-07,3,3
tSwwntzr,D2,darmstadt,st. pauli,2023-05-06,0,3
SrtkqvK0,D2,dusseldorf,holstein kiel,2023-05-06,3,0
OAZcsIlD,D2,hansa rostock,regensburg,2023-05-06,2,0
A7VgrbZ6,D2,karlsruher sc,hannover,2023-05-06,2,1
OAc6i2CK,D2,arminia bielefeld,greuther furth,2023-05-05,1,1
zo1AjMRQ,D2,hamburger sv,paderborn,2023-05-05,2,2
vaV9nh9e,D2,dusseldorf,karlsruher sc,2023-04-30,3,2
QeR5mYgk,D2,holstein kiel,darmstadt,2023-04-30,0,3
CCTHpWw8,D2,sandhausen,regensburg,2023-04-30,2,1
YLUDoCO1,D2,hannover,nurnberg,2023-04-29,3,0
Umb2hrcE,D2,kaiserslautern,hansa rostock,2023-04-29,0,1
jcabgOs8,D2,magdeburg,hamburger sv,2023-04-29,3,2
tOkZhfWR,D2,st. pauli,arminia bielefeld,2023-04-29,2,1
nmyWgzHL,D2,greuther furth,heidenheim,2023-04-28,0,2
rXy1lEvq,D2,paderborn,braunschweig,2023-04-28,5,1
2a1SZEPk,D2,heidenheim,holstein kiel,2023-04-23,3,0
QXnNedn9,D2,regensburg,kaiserslautern,2023-04-23,0,0
CUrJdxX2,D2,sandhausen,paderborn,2023-04-23,2,2
8dxSfG1F,D2,braunschweig,magdeburg,2023-04-22,1,2
Kxyig3QA,D2,arminia bielefeld,hannover,2023-04-22,1,3
bRfyYhf2,D2,hansa rostock,greuther furth,2023-04-22,2,0
KzdXYYvd,D2,nurnberg,dusseldorf,2023-04-22,2,0
O82OzeAq,D2,darmstadt,karlsruher sc,2023-04-21,2,1
WCvehNuH,D2,hamburger sv,st. pauli,2023-04-21,4,3
lh5iY1lo,D2,dusseldorf,darmstadt,2023-04-16,1,0
Umrvd5th,D2,karlsruher sc,arminia bielefeld,2023-04-16,4,2
vJFHv4BH,D2,st. pauli,braunschweig,2023-04-16,1,2
xEonfqB4,D2,kaiserslautern,hamburger sv,2023-04-15,2,0
CWDPxrtU,D2,holstein kiel,nurnberg,2023-04-15,2,1
bNnrePeb,D2,magdeburg,sandhausen,2023-04-15,1,2
I9ELwOQN,D2,paderborn,hansa rostock,2023-04-15,3,0
b7bKupdB,D2,greuther furth,regensburg,2023-04-14,2,1
jcqzcoRo,D2,hannover,heidenheim,2023-04-14,0,3
K2KsSQRB,D2,arminia bielefeld,dusseldorf,2023-04-09,2,2
0CSkQ4dO,D2,darmstadt,paderborn,2023-04-09,2,1
UR63qSdn,D2,hansa rostock,holstein kiel,2023-04-09,2,3
Qg0Cs6Rb,D2,regensburg,magdeburg,2023-04-09,2,2
Cjd8rnCh,D2,sandhausen,greuther furth,2023-04-09,0,2
v3RgPOBU,D2,heidenheim,st. pauli,2023-04-08,0,1
KGaGtQt5,D2,braunschweig,kaiserslautern,2023-04-08,1,0
ImwoRpsI,D2,hamburger sv,hannover,2023-04-08,6,1
jy8ap8st,D2,nurnberg,karlsruher sc,2023-04-08,1,1
KvxeyV4P,D2,holstein kiel,arminia bielefeld,2023-04-02,2,3
nkMZTnca,D2,magdeburg,hansa rostock,2023-04-02,3,0
vqa8DRCI,D2,paderborn,greuther furth,2023-04-02,3,2
QuLwT6C5,D2,kaiserslautern,heidenheim,2023-04-01,2,2
jNSQV8Sn,D2,hannover,sandhausen,2023-04-01,3,1
UDRUUSsg,D2,karlsruher sc,braunschweig,2023-04-01,1,1
WIa4E7cC,D2,st. pauli,regensburg,2023-04-01,1,0
d0TMWlDt,D2,dusseldorf,hamburger sv,2023-03-31,2,2
IZcCCoSO,D2,nurnberg,darmstadt,2023-03-31,0,1
hS00Fmr6,D2,braunschweig,hannover,2023-03-19,1,0
2w8mIkbm,D2,hansa rostock,dusseldorf,2023-03-19,2,5
d07iH9Dg,D2,sandhausen,st. pauli,2023-03-19,0,5
rgRGNBzQ,D2,darmstadt,kaiserslautern,2023-03-18,2,0
javVa8rJ,D2,greuther furth,magdeburg,2023-03-18,3,0
42SCOiLJ,D2,hamburger sv,holstein kiel,2023-03-18,0,0
A3BeGTSa,D2,regensburg,paderborn,2023-03-18,1,0
vPzR0lTC,D2,arminia bielefeld,nurnberg,2023-03-17,2,2
On9qJVrs,D2,heidenheim,karlsruher sc,2023-03-17,5,2
AqqA4WTm,D2,hannover,hansa rostock,2023-03-12,1,1
GrRyNvpF,D2,holstein kiel,regensburg,2023-03-12,1,2
lzrE3jqf,D2,karlsruher sc,hamburger sv,2023-03-12,4,2
SKg55CEs,D2,dusseldorf,heidenheim,2023-03-11,1,1
dS7g0Hx2,D2,arminia bielefeld,darmstadt,2023-03-11,3,1
I9nI2Ab0,D2,magdeburg,paderborn,2023-03-11,0,0
rVSTO0F2,D2,st. pauli,greuther furth,2023-03-11,2,1
d0oM1UD6,D2,kaiserslautern,sandhausen,2023-03-10,2,2
MLRXNKU8,D2,nurnberg,braunschweig,2023-03-10,2,0
Iy9k1cNe,D2,braunschweig,arminia bielefeld,2023-03-05,3,3
OEXgCNVd,D2,greuther furth,hannover,2023-03-05,1,1
QwUA8uVL,D2,hansa rostock,karlsruher sc,2023-03-05,0,2
0pW8jp3d,D2,wehen,regensburg,2024-05-28,1,2
hKS0h6Yq,D2,regensburg,wehen,2024-05-24,2,2
IymNbXwC,D2,dusseldorf,magdeburg,2024-05-19,3,2
ARXxGY8n,D2,elversberg,karlsruher sc,2024-05-19,0,3
jsi6LfoP,D2,greuther furth,schalke,2024-05-19,2,0
volJaDO5,D2,hamburger sv,nurnberg,2024-05-19,4,1
xv3OdB8O,D2,hannover,holstein kiel,2024-05-19,1,2
S2rYGEgt,D2,hansa rostock,paderborn,2024-05-19,1,2
bm4KcigI,D2,kaiserslautern,braunschweig,2024-05-19,5,0
lIWtFhOh,D2,vfl osnabruck,hertha berlin,2024-05-19,2,1
IiyoECwa,D2,wehen,st. pauli,2024-05-19,1,2
pOlF0g9a,D2,braunschweig,wehen,2024-05-12,1,0
rcTYKNfE,D2,karlsruher sc,hannover,2024-05-12,1,2
0Y3lDBy8,D2,st. pauli,vfl osnabruck,2024-05-12,3,1
A5d23ePt,D2,holstein kiel,dusseldorf,2024-05-11,1,1
lb0pEiM1,D2,hertha berlin,kaiserslautern,2024-05-11,3,1
WKpB1Zgg,D2,nurnberg,elversberg,2024-05-11,3,0
fy1tFX6e,D2,schalke,hansa rostock,2024-05-11,2,1
lde62Fvm,D2,magdeburg,greuther furth,2024-05-10,0,0
46UUL3u8,D2,paderborn,hamburger sv,2024-05-10,1,0
b97XGgxq,D2,vfl osnabruck,schalke,2024-05-07,0,4
d0L5LZTR,D2,elversberg,hertha berlin,2024-05-05,4,2
6BShOyp9,D2,hannover,paderborn,2024-05-05,3,2
Gp2xGDik,D2,wehen,holstein kiel,2024-05-05,0,1
SKTlPHU2,D2,kaiserslautern,magdeburg,2024-05-04,4,1
lzIcNeaF,D2,greuther furth,braunschweig,2024-05-04,3,3
2wM1MFEL,D2,hansa rostock,karlsruher sc,2024-05-04,1,2
E3Q70Yi2,D2,dusseldorf,nurnberg,2024-05-03,3,1
zDR31Exd,D2,hamburger sv,st. pauli,2024-05-03,1,0
rFnP8dpM,D2,magdeburg,vfl osnabruck,2024-04-28,1,1
M5oT7GaS,D2,nurnberg,karlsruher sc,2024-04-28,0,1
hlxa2fNk,D2,wehen,greuther furth,2024-04-28,3,5
voCPme8d,D2,schalke,dusseldorf,2024-04-27,1,1
voYf3z8q,D2,braunschweig,hamburger sv,2024-04-27,0,4
QwhK9xVF,D2,holstein kiel,kaiserslautern,2024-04-27,1,3
nmgGAIF9,D2,paderborn,elversberg,2024-04-27,3,1
tjj8Cvoc,D2,hertha berlin,hannover,2024-04-26,1,1
hQgCBb03,D2,st. pauli,hansa rostock,2024-04-26,1,0
YqTtdJ0G,D2,hannover,st. pauli,2024-04-21,1,2
nmXpewGM,D2,hansa rostock,magdeburg,2024-04-21,0,2
0WUYcuW3,D2,karlsruher sc,hertha berlin,2024-04-21,3,2
tUEXa11i,D2,hamburger sv,holstein kiel,2024-04-20,0,1
KKDyaLGc,D2,dusseldorf,greuther furth,2024-04-20,1,0
vNTxcaoA,D2,kaiserslautern,wehen,2024-04-20,1,1
0fDLlygj,D2,vfl osnabruck,braunschweig,2024-04-20,0,3
WK8HkHwp,D2,elversberg,schalke,2024-04-19,1,1
UBMkfcVS,D2,nurnberg,paderborn,2024-04-19,0,2
ENMoxb9p,D2,braunschweig,hannover,2024-04-14,0,0
UkoFsKoN,D2,magdeburg,hamburger sv,2024-04-14,2,2
v1h2pM14,D2,st. pauli,elversberg,2024-04-14,3,4
ngzenrXi,D2,schalke,nurnberg,2024-04-13,2,0
0GtBr0WG,D2,holstein kiel,vfl osnabruck,2024-04-13,4,0
MPs7qtHA,D2,paderborn,karlsruher sc,2024-04-13,1,1
SQQkyIOj,D2,wehen,dusseldorf,2024-04-13,0,2
8tpJtv1T,D2,greuther furth,kaiserslautern,2024-04-12,2,1
tGZbo2nb,D2,hertha berlin,hansa rostock,2024-04-12,4,0
IFwKpVem,D2,dusseldorf,braunschweig,2024-04-07,2,0
neRWsTu6,D2,hannover,schalke,2024-04-07,1,1
82yimOHo,D2,vfl osnabruck,greuther furth,2024-04-07,2,0
4WySr9Qa,D2,karlsruher sc,st. pauli,2024-04-06,2,1
Wph8Ovuo,D2,elversberg,magdeburg,2024-04-06,0,0
vPvGoBts,D2,hamburger sv,kaiserslautern,2024-04-06,2,1
fLUvt7AI,D2,nurnberg,holstein kiel,2024-04-06,0,4
0bVzsmeC,D2,hansa rostock,wehen,2024-04-05,3,1
QuwOqkBg,D2,paderborn,hertha berlin,2024-04-05,2,3
6yA1SmtJ,D2,greuther furth,hamburger sv,2024-03-31,1,1
SpBcTTQC,D2,magdeburg,hannover,2024-03-31,0,3
rcPyYiCs,D2,schalke,karlsruher sc,2024-03-31,0,0
xdIpWVtf,D2,st. pauli,paderborn,2024-03-31,2,1
Ys2mjiYP,D2,wehen,vfl osnabruck,2024-03-31,0,1
QLEtXBRm,D2,hertha berlin,nurnberg,2024-03-30,3,3
KvbqiXIJ,D2,braunschweig,elversberg,2024-03-30,5,0
WIHlVkd0,D2,holstein kiel,hansa rostock,2024-03-30,2,0
A9GhU9B6,D2,kaiserslautern,dusseldorf,2024-03-30,1,3
IuNAJhcl,D2,hamburger sv,wehen,2024-03-17,3,0
vkO6KYsr,D2,hertha berlin,schalke,2024-03-17,5,2
OhhBHWR0,D2,karlsruher sc,magdeburg,2024-03-17,7,0
IFiFGjs7,D2,hannover,kaiserslautern,2024-03-16,1,1
CEY5wElK,D2,elversberg,holstein kiel,2024-03-16,0,2
WIeJFAdD,D2,hansa rostock,greuther furth,2024-03-16,1,0
YNZ1vfZD,D2,nurnberg,st. pauli,2024-03-16,0,2
p2g7ICCf,D2,paderborn,braunschweig,2024-03-15,1,2
tlwAxY3Q,D2,vfl osnabruck,dusseldorf,2024-03-15,0,4
QsrWQz5E,D2,greuther furth,elversberg,2024-03-10,1,4
byjp3XC7,D2,kaiserslautern,vfl osnabruck,2024-03-10,3,2
xM1y5gre,D2,st. pauli,hertha berlin,2024-03-10,2,0
niqSRGk8,D2,magdeburg,nurnberg,2024-03-09,0,1
Kpit4Dc1,D2,holstein kiel,karlsruher sc,2024-03-09,1,0
WObT6FDr,D2,schalke,paderborn,2024-03-09,3,3
M9yuPEZQ,D2,wehen,hannover,2024-03-09,1,1
86XzQfKK,D2,braunschweig,hansa rostock,2024-03-08,0,1
QobX5ZSl,D2,dusseldorf,hamburger sv,2024-03-08,2,0
UFC1Be5R,D2,elversberg,wehen,2024-03-03,0,3
pSxbizEe,D2,hamburger sv,vfl osnabruck,2024-03-03,1,2
OIy2jfT1,D2,paderborn,magdeburg,2024-03-03,0,0
QNFpFw62,D2,karlsruher sc,greuther furth,2024-03-02,4,0
vRJlEcL8,D2,hannover,dusseldorf,2024-03-02,2,2
YmJhDHzF,D2,hansa rostock,kaiserslautern,2024-03-02,0,3
CvIdCyjL,D2,nurnberg,braunschweig,2024-03-02,2,1
x2wfhGbk,D2,hertha berlin,holstein kiel,2024-03-01,2,2
bBvjgdqq,D2,schalke,st. pauli,2024-03-01,3,1
0OzheqFT,D2,dusseldorf,hansa rostock,2024-02-25,2,0
WdO9DQUc,D2,greuther furth,nurnberg,2024-02-25,2,1
IaomdPaN,D2,hamburger sv,elversberg,2024-02-25,1,0
WA1QCjWq,D2,braunschweig,saarbrucken,2025-05-27,2,2
xAqhVbnB,D2,saarbrucken,braunschweig,2025-05-23,0,2
4UEN5vp4,D2,braunschweig,nurnberg,2025-05-18,1,4
OCY7B9GP,D2,darmstadt,regensburg,2025-05-18,3,1
r1sV3ccJ,D2,fc koln,kaiserslautern,2025-05-18,4,0
GADn4R8a,D2,greuther furth,hamburger sv,2025-05-18,3,2
OzHf25wC,D2,hertha berlin,hannover,2025-05-18,1,1
fePw6mvm,D2,karlsruher sc,paderborn,2025-05-18,3,0
82LE70Fi,D2,magdeburg,dusseldorf,2025-05-18,4,2
G8YSqcNp,D2,schalke,elversberg,2025-05-18,1,2
CfIV3IEG,D2,ulm,preussen munster,2025-05-18,2,2
tfCXf2El,D2,hannover,greuther furth,2025-05-11,1,1
6en691Ts,D2,kaiserslautern,darmstadt,2025-05-11,2,1
AmqN5JS6,D2,regensburg,karlsruher sc,2025-05-11,2,2
M9V00OjR,D2,hamburger sv,ulm,2025-05-10,6,1
zgXh2pME,D2,dusseldorf,schalke,2025-05-10,2,0
AZ3liKDD,D2,elversberg,braunschweig,2025-05-10,3,0
E7Augtq1,D2,paderborn,magdeburg,2025-05-10,2,1
MNAZEN5K,D2,nurnberg,fc koln,2025-05-09,1,2
ELkE7ubf,D2,preussen munster,hertha berlin,2025-05-09,2,0
YTQOR3p2,D2,hertha berlin,greuther furth,2025-05-04,1,0
CExGTPFk,D2,karlsruher sc,kaiserslautern,2025-05-04,2,2
fZBJmo7L,D2,nurnberg,elversberg,2025-05-04,1,3
02urlf14,D2,fc koln,regensburg,2025-05-03,1,1
nXjbt3ae,D2,braunschweig,dusseldorf,2025-05-03,2,2
6FArnYVG,D2,darmstadt,hamburger sv,2025-05-03,0,4
fcf6vsU7,D2,ulm,hannover,2025-05-03,1,2
j5ckrPUr,D2,magdeburg,preussen munster,2025-05-02,0,5
0zJAk7x9,D2,schalke,paderborn,2025-05-02,0,2
6ufZKeXH,D2,hamburger sv,karlsruher sc,2025-04-27,1,2
27mrJZ1U,D2,hannover,fc koln,2025-04-27,1,0
tb8HXYGN,D2,kaiserslautern,schalke,2025-04-27,2,1
KOeRMH25,D2,dusseldorf,nurnberg,2025-04-26,3,3
IJNiwwmn,D2,paderborn,elversberg,2025-04-26,1,1
CtamSCvo,D2,preussen munster,darmstadt,2025-04-26,1,1
SlszjGWi,D2,regensburg,braunschweig,2025-04-26,1,1
EoH0yHHb,D2,greuther furth,ulm,2025-04-25,0,1
KrK8ZfnB,D2,hertha berlin,magdeburg,2025-04-25,1,1
vieJgJYI,D2,darmstadt,hannover,2025-04-20,3,1
KluIeu46,D2,fc koln,preussen munster,2025-04-20,3,1
6cm5HMQP,D2,karlsruher sc,greuther furth,2025-04-20,1,0
CIYa6dIO,D2,magdeburg,regensburg,2025-04-20,3,0
b97IOwYh,D2,ulm,hertha berlin,2025-04-20,2,3
jVOyC0lm,D2,schalke,hamburger sv,2025-04-19,2,2
jq4AQa3t,D2,braunschweig,kaiserslautern,2025-04-19,2,0
beSqAvJa,D2,elversberg,dusseldorf,2025-04-19,1,1
v5zh8ImC,D2,nurnberg,paderborn,2025-04-19,2,3
6J0f3W5F,D2,paderborn,dusseldorf,2025-04-13,1,2
j9m1aN4s,D2,preussen munster,karlsruher sc,2025-04-13,1,1
nysAc1Zg,D2,regensburg,schalke,2025-04-13,2,0
4ErsfSS1,D2,kaiserslautern,nurnberg,2025-04-12,1,2
Ai7o5hy3,D2,hannover,elversberg,2025-04-12,1,3
bHuZelbk,D2,hertha berlin,darmstadt,2025-04-12,1,1
pALTHVK8,D2,ulm,magdeburg,2025-04-12,1,0
vXb21AzS,D2,greuther furth,fc koln,2025-04-11,1,1
Iq50skqd,D2,hamburger sv,braunschweig,2025-04-11,2,4
d6Y4hFic,D2,elversberg,regensburg,2025-04-06,6,0
QoQLlXjM,D2,magdeburg,kaiserslautern,2025-04-06,2,0
UPu7Uhxi,D2,schalke,ulm,2025-04-06,2,1
AasJuJph,D2,fc koln,hertha berlin,2025-04-05,0,1
U1cKwcF4,D2,darmstadt,greuther furth,2025-04-05,1,0
xS0SyypH,D2,dusseldorf,preussen munster,2025-04-05,1,0
UJWCjgM9,D2,nurnberg,hamburger sv,2025-04-05,0,3
dUGiqBEq,D2,braunschweig,paderborn,2025-04-04,3,2
bskyzFET,D2,karlsruher sc,hannover,2025-04-04,1,0
St7yZDSq,D2,greuther furth,schalke,2025-03-30,3,3
boumiDlS,D2,preussen munster,braunschweig,2025-03-30,1,1
S0VIoiCk,D2,regensburg,nurnberg,2025-03-30,2,1
U5mWfek3,D2,kaiserslautern,dusseldorf,2025-03-29,3,1
0SjegrEb,D2,hannover,magdeburg,2025-03-29,0,0
Ec5qXicd,D2,hertha berlin,karlsruher sc,2025-03-29,3,1
8hf3iMrB,D2,paderborn,fc koln,2025-03-29,1,2
40cne4qn,D2,hamburger sv,elversberg,2025-03-28,0,0
2JovgZJF,D2,ulm,darmstadt,2025-03-28,2,1
llNxy1bU,D2,braunschweig,hertha berlin,2025-03-16,1,5
dKTfQqpC,D2,karlsruher sc,ulm,2025-03-16,0,0
0EBMvqa5,D2,nurnberg,greuther furth,2025-03-16,3,0
hSWwURpm,D2,fc koln,darmstadt,2025-03-15,2,1
0hznS5Fa,D2,dusseldorf,regensburg,2025-03-15,1,0
vaNDt5Uh,D2,elversberg,preussen munster,2025-03-15,0,1
UXR2ONEO,D2,paderborn,kaiserslautern,2025-03-15,5,3
8vFUxNTH,D2,magdeburg,hamburger sv,2025-03-14,0,3
WYJ5rRat,D2,schalke,hannover,2025-03-14,1,2
v1htFbKD,D2,hannover,braunschweig,2025-03-09,1,1
rH3LBpVI,D2,preussen munster,nurnberg,2025-03-09,0,1
8fe7ZmNP,D2,regensburg,paderborn,2025-03-09,0,0
WzkYGKk1,D2,hamburger sv,dusseldorf,2025-03-08,4,1
MPHQMAwK,D2,greuther furth,magdeburg,2025-03-08,1,1
I9IeHl1s,D2,hertha berlin,schalke,2025-03-08,1,2
nkACD606,D2,ulm,fc koln,2025-03-08,0,1
z9ePItLl,D2,darmstadt,karlsruher sc,2025-03-07,3,0
EyC4FSVg,D2,kaiserslautern,elversberg,2025-03-07,1,1
jJ8IMkMM,D2,elversberg,hertha berlin,2025-03-02,4,0
ANuqwB63,D2,magdeburg,darmstadt,2025-03-02,4,1
b3f9QXMc,D2,paderborn,hamburger sv,2025-03-02,2,0
reCM2UUj,D2,karlsruher sc,fc koln,2025-03-01,1,0
4MYiykyG,D2,braunschweig,ulm,2025-03-01,1,1
rHmcF7Ed,D2,kaiserslautern,regensburg,2025-03-01,3,0
M1alHTqp,D2,nurnberg,hannover,2025-03-01,1,2
CCLj8j7T,D2,dusseldorf,greuther furth,2025-02-28,1,2
WGhHOBiA,D2,schalke,preussen munster,2025-02-28,1,0
zm2p1Hgn,D2,darmstadt,schalke,2025-02-23,2,0
dMWZtE8U,D2,fc koln,dusseldorf,2025-02-23,1,1
ATYujioo,D2,greuther furth,braunschweig,2025-02-23,3,0
hOlu2j7N,D2,hannover,braunschweig,2026-03-20,1,0
pboX3CxB,D2,karlsruher sc,greuther furth,2026-03-20,3,1
4KTtc4PQ,D2,kaiserslautern,karlsruher sc,2026-03-15,3,0
hp2Um0nD,D2,schalke,hannover,2026-03-15,2,2
ALYf4LWg,D2,sg dynamo dresden,preussen munster,2026-03-15,6,0
O4ADirml,D2,hertha berlin,bochum,2026-03-14,1,1
2eVn6s2s,D2,arminia bielefeld,paderborn,2026-03-14,2,2
INgGB3vK,D2,braunschweig,dusseldorf,2026-03-14,1,0
lUjkiEy8,D2,holstein kiel,nurnberg,2026-03-14,2,3
dI8LkMH0,D2,greuther furth,elversberg,2026-03-13,2,0
WhGZbQfE,D2,magdeburg,darmstadt,2026-03-13,1,1
S0N7vyh2,D2,hannover,greuther furth,2026-03-08,1,2
6oZbtcNk,D2,karlsruher sc,sg dynamo dresden,2026-03-08,3,3
t4msgz7e,D2,preussen munster,hertha berlin,2026-03-08,1,2
rmUJk103,D2,bochum,kaiserslautern,2026-03-07,3,2
l6820IEL,D2,darmstadt,holstein kiel,2026-03-07,2,0
f7Fg2vp9,D2,nurnberg,dusseldorf,2026-03-07,0,1
z3rToJaS,D2,paderborn,braunschweig,2026-03-07,1,1
G0SRmuVF,D2,elversberg,magdeburg,2026-03-06,1,0
pxfYfdxq,D2,schalke,arminia bielefeld,2026-03-06,1,0
0QVjnSgB,D2,braunschweig,preussen munster,2026-03-01,1,2
CjKzjAfn,D2,hertha berlin,nurnberg,2026-03-01,2,1
EehAZlA5,D2,magdeburg,karlsruher sc,2026-03-01,1,3
8IDqllPb,D2,greuther furth,schalke,2026-02-28,1,1
KErPTJwp,D2,arminia bielefeld,hannover,2026-02-28,0,1
ht41yBug,D2,holstein kiel,elversberg,2026-02-28,1,1
dvpRV69U,D2,kaiserslautern,paderborn,2026-02-28,1,2
0CjIXSvI,D2,dusseldorf,bochum,2026-02-27,2,1
SvnXRc8d,D2,sg dynamo dresden,darmstadt,2026-02-27,3,1
WCzKOXem,D2,hannover,sg dynamo dresden,2026-02-22,0,0
KY616jtJ,D2,paderborn,hertha berlin,2026-02-22,5,2
pG0gwXAt,D2,preussen munster,kaiserslautern,2026-02-22,2,3
6kVrJTPO,D2,schalke,magdeburg,2026-02-21,5,3
vwvSMBQa,D2,darmstadt,dusseldorf,2026-02-21,2,1
ELy18CB6,D2,elversberg,braunschweig,2026-02-21,3,1
nuamUgYP,D2,karlsruher sc,holstein kiel,2026-02-21,3,1
t8wgAYtf,D2,bochum,nurnberg,2026-02-20,1,1
YyXzLkeC,D2,greuther furth,arminia bielefeld,2026-02-20,2,1
bRGrfMjd,D2,bochum,paderborn,2026-02-15,0,0
xCSZerMq,D2,holstein kiel,schalke,2026-02-15,1,2
4O3UHPr3,D2,magdeburg,arminia bielefeld,2026-02-15,0,2
ptppCfCs,D2,sg dynamo dresden,elversberg,2026-02-14,1,2
EcgEHGlK,D2,braunschweig,darmstadt,2026-02-14,2,2
Y1GRgDdD,D2,hertha berlin,hannover,2026-02-14,2,3
WxKAcecl,D2,kaiserslautern,greuther furth,2026-02-14,1,0
0jcwG3DF,D2,dusseldorf,preussen munster,2026-02-13,0,0
S4DJeZR0,D2,nurnberg,karlsruher sc,2026-02-13,5,1
6Ty414bM,D2,arminia bielefeld,braunschweig,2026-02-08,3,2
p08MlREG,D2,hannover,holstein kiel,2026-02-08,3,1
xz5Ejmp4,D2,karlsruher sc,dusseldorf,2026-02-08,1,1
6FdVn5qT,D2,darmstadt,kaiserslautern,2026-02-07,4,0
Qw2RU5Np,D2,elversberg,hertha berlin,2026-02-07,0,3
IXlDh9Fi,D2,paderborn,nurnberg,2026-02-07,2,1
xlpm5nac,D2,schalke,sg dynamo dresden,2026-02-07,2,2
xbm1sq7j,D2,greuther furth,magdeburg,2026-02-06,4,5
A1re3QT9,D2,preussen munster,bochum,2026-02-06,1,1
I9AFwtkI,D2,dusseldorf,paderborn,2026-02-01,2,1
xETwvA0b,D2,hertha berlin,darmstadt,2026-02-01,2,2
6gLfzSaN,D2,sg dynamo dresden,arminia bielefeld,2026-02-01,1,1
jN8NyKJU,D2,kaiserslautern,elversberg,2026-01-31,1,3
lG3asOkg,D2,bochum,schalke,2026-01-31,2,0
bTHnxlVA,D2,braunschweig,karlsruher sc,2026-01-31,1,0
S0FjqpLt,D2,holstein kiel,greuther furth,2026-01-31,1,2
MsH6u2K5,D2,magdeburg,hannover,2026-01-30,1,2
WGQVuWVo,D2,nurnberg,preussen munster,2026-01-30,1,1
44uIYg7L,D2,elversberg,bochum,2026-01-25,1,1
0zRmTXUr,D2,paderborn,preussen munster,2026-01-25,2,1
6g5Wwkq1,D2,schalke,kaiserslautern,2026-01-25,2,2
KxskRBae,D2,magdeburg,sg dynamo dresden,2026-01-24,1,2
Yu7OuBEl,D2,greuther furth,braunschweig,2026-01-24,0,0
8bNqmgME,D2,hannover,dusseldorf,2026-01-24,2,1
S2pcPkU7,D2,karlsruher sc,hertha berlin,2026-01-24,2,2
2LbuxTDD,D2,arminia bielefeld,holstein kiel,2026-01-23,2,2
GOQioXjR,D2,darmstadt,nurnberg,2026-01-23,2,0
YoSX1eWq,D2,bochum,darmstadt,2026-01-18,3,3
lEj17H8M,D2,holstein kiel,paderborn,2026-01-18,2,0
zB8SNxg3,D2,kaiserslautern,hannover,2026-01-18,3,1
4j0qKfhS,D2,hertha berlin,schalke,2026-01-17,0,0
8O6zMGNF,D2,nurnberg,elversberg,2026-01-17,3,2
KG5EEYFk,D2,preussen munster,karlsruher sc,2026-01-17,0,2
8xn9zGx9,D2,sg dynamo dresden,greuther furth,2026-01-17,2,0
tWgNCCp2,D2,braunschweig,magdeburg,2026-01-16,0,3
K2Qu0Z0d,D2,dusseldorf,arminia bielefeld,2026-01-16,1,0
tlmg9wvA,D2,braunschweig,schalke,2025-12-21,2,1
0fkQ54XH,D2,nurnberg,hannover,2025-12-21,2,1
pMgpBa9c,D2,preussen munster,elversberg,2025-12-21,1,1
2PligRmC,D2,holstein kiel,sg dynamo dresden,2025-12-20,2,1
zwmai5IO,D2,bochum,karlsruher sc,2025-12-20,2,2
WEc99nYh,D2,dusseldorf,greuther furth,2025-12-20,2,1
hUoI7Q25,D2,kaiserslautern,magdeburg,2025-12-20,2,3
hS6bmdHj,D2,hertha berlin,arminia bielefeld,2025-12-19,1,1
Olf1B83t,D2,paderborn,darmstadt,2025-12-19,2,2
hfV8tl46,D2,darmstadt,preussen munster,2025-12-14,1,0
YqFZRlkD,D2,elversberg,dusseldorf,2025-12-14,1,0
EaG32VQP,D2,schalke,nurnberg,2025-12-14,1,0
KtX0rAZg,D2,hannover,bochum,2025-12-13,0,0
bXizc9lm,D2,arminia bielefeld,kaiserslautern,2025-12-13,0,0
OEwhpW4s,D2,karlsruher sc,paderborn,2025-12-13,0,4
EuhMkhsK,D2,magdeburg,holstein kiel,2025-12-13,3,3
lMOHvSYI,D2,greuther furth,hertha berlin,2025-12-12,3,3
6ceremJa,D2,sg dynamo dresden,braunschweig,2025-12-12,2,3
QJBRTAK0,D2,braunschweig,holstein kiel,2025-12-07,1,1
hCOvwFcE,D2,hertha berlin,magdeburg,2025-12-07,0,2
Q5WhFB57,D2,nurnberg,greuther furth,2025-12-07,2,2
4dkgChbD,SP1,barcelona,villarreal,2022-05-22,0,2
MmlCSDrf,SP1,real sociedad,atl. madrid,2022-05-22,1,2
GAmGRXc0,SP1,sevilla,ath bilbao,2022-05-22,1,0
dWooEET0,SP1,alaves,cadiz cf,2022-05-22,0,1
61TyyxyE,SP1,granada cf,espanyol,2022-05-22,0,0
ERWqZF5Q,SP1,osasuna,mallorca,2022-05-22,0,2
IZXEnZZP,SP1,elche,getafe,2022-05-22,3,1
CxsPPBSC,SP1,valencia,celta vigo,2022-05-21,2,0
jTuTOVsJ,SP1,rayo vallecano,levante,2022-05-20,2,4
GzJBUZDs,SP1,real madrid,betis,2022-05-20,0,0
25IIMoG3,SP1,ath bilbao,osasuna,2022-05-15,2,0
G8MML5V9,SP1,atl. madrid,sevilla,2022-05-15,1,1
xOAVJq0M,SP1,betis,granada cf,2022-05-15,2,0
zJxdz5p3,SP1,cadiz cf,real madrid,2022-05-15,1,1
plAZI3FS,SP1,celta vigo,elche,2022-05-15,1,0
rPkAC1hd,SP1,getafe,barcelona,2022-05-15,0,0
OtfYGGqr,SP1,levante,alaves,2022-05-15,3,1
ULo6Dswj,SP1,mallorca,rayo vallecano,2022-05-15,2,1
IumsFfEf,SP1,villarreal,real sociedad,2022-05-15,1,2
WpW4YrFF,SP1,espanyol,valencia,2022-05-14,1,1
8Uwt9So4,SP1,real madrid,levante,2022-05-12,6,0
hzySaO8j,SP1,rayo vallecano,villarreal,2022-05-12,1,5
Gfsl76GG,SP1,real sociedad,cadiz cf,2022-05-12,3,0
UiKAO7oi,SP1,elche,atl. madrid,2022-05-11,0,2
bJWh6QVM,SP1,sevilla,mallorca,2022-05-11,0,0
IaBJiRGT,SP1,alaves,espanyol,2022-05-11,2,1
UwuxA8Wc,SP1,osasuna,getafe,2022-05-11,1,1
K8comoPp,SP1,barcelona,celta vigo,2022-05-10,3,1
nFkXAlHi,SP1,granada cf,ath bilbao,2022-05-10,1,0
EqxO04gp,SP1,valencia,betis,2022-05-10,0,3
KOiQa3ig,SP1,atl. madrid,real madrid,2022-05-08,1,0
8825dk2b,SP1,espanyol,osasuna,2022-05-08,1,1
bceIgmnH,SP1,villarreal,sevilla,2022-05-08,1,1
Mi0gaiIu,SP1,getafe,rayo vallecano,2022-05-08,0,0
EoiUbN6a,SP1,betis,barcelona,2022-05-07,1,2
UH31cVnh,SP1,cadiz cf,elche,2022-05-07,3,0
ADpwc1yC,SP1,celta vigo,alaves,2022-05-07,4,0
OdbH1PMt,SP1,ath bilbao,valencia,2022-05-07,0,0
rRroeu6O,SP1,mallorca,granada cf,2022-05-07,2,6
4zdEfTWA,SP1,levante,real sociedad,2022-05-06,2,1
Cx1B5YNE,SP1,getafe,betis,2022-05-02,0,0
02c76E88,SP1,barcelona,mallorca,2022-05-01,2,1
YFX6f8FD,SP1,rayo vallecano,real sociedad,2022-05-01,1,1
pjaJ3ChR,SP1,granada cf,celta vigo,2022-05-01,1,1
nXzlJihE,SP1,elche,osasuna,2022-05-01,1,1
K6KKrBG1,SP1,ath bilbao,atl. madrid,2022-04-30,2,0
C0qbdUp1,SP1,valencia,levante,2022-04-30,1,1
QqsnaW0r,SP1,real madrid,espanyol,2022-04-30,4,0
CtHCpXok,SP1,alaves,villarreal,2022-04-30,2,1
bcufcAVf,SP1,sevilla,cadiz cf,2022-04-29,1,1
Gba7hCQq,SP1,barcelona,rayo vallecano,2022-04-24,0,1
bZzxiZ8L,SP1,real sociedad,barcelona,2022-04-21,0,1
YZTpWXWe,SP1,cadiz cf,ath bilbao,2022-04-21,2,3
nwYlVin2,SP1,espanyol,rayo vallecano,2022-04-21,0,1
vXKzgev9,SP1,levante,sevilla,2022-04-21,2,3
KrxYiFgF,SP1,osasuna,real madrid,2022-04-20,1,3
KSmAxzfS,SP1,celta vigo,getafe,2022-04-20,0,2
0StbuxA9,SP1,atl. madrid,granada cf,2022-04-20,0,0
UHR7oDWr,SP1,villarreal,valencia,2022-04-19,2,0
txk6wGvM,SP1,betis,elche,2022-04-19,0,1
CKuxYg2q,SP1,mallorca,alaves,2022-04-19,2,1
YiNGSbQ3,SP1,barcelona,cadiz cf,2022-04-18,0,1
C603Jfmj,SP1,sevilla,real madrid,2022-04-17,2,3
xQT7UKei,SP1,ath bilbao,celta vigo,2022-04-17,0,2
jTXBTvBc,SP1,atl. madrid,espanyol,2022-04-17,2,1
baKSPdAM,SP1,granada cf,levante,2022-04-17,1,4
K8LOQxeG,SP1,getafe,villarreal,2022-04-16,1,2
SErjsbuc,SP1,valencia,osasuna,2022-04-16,1,2
pWtM6H3p,SP1,alaves,rayo vallecano,2022-04-16,1,0
65sftIf3,SP1,elche,mallorca,2022-04-16,3,0
Iq1aKzYq,SP1,real sociedad,betis,2022-04-15,0,0
pYLuRoka,SP1,rayo vallecano,valencia,2022-04-11,1,1
jV2I9pKO,SP1,levante,barcelona,2022-04-10,2,3
ULNiOqZH,SP1,elche,real sociedad,2022-04-10,1,2
xSbEAQ4I,SP1,espanyol,celta vigo,2022-04-10,1,0
hzs1YTdP,SP1,osasuna,alaves,2022-04-10,1,0
fqTSTm5t,SP1,real madrid,getafe,2022-04-09,2,0
d8PqQ545,SP1,villarreal,ath bilbao,2022-04-09,1,1
4E06Cnz6,SP1,mallorca,atl. madrid,2022-04-09,1,0
r5aAB6kC,SP1,cadiz cf,betis,2022-04-09,1,2
OIXWS7Kn,SP1,sevilla,granada cf,2022-04-08,4,2
4vW1Fljm,SP1,real sociedad,espanyol,2022-04-04,1,0
dY8zaT56,SP1,barcelona,sevilla,2022-04-03,1,0
pfkVKASP,SP1,granada cf,rayo vallecano,2022-04-03,2,2
b1V5E85g,SP1,valencia,cadiz cf,2022-04-03,0,0
vcbubmLC,SP1,betis,osasuna,2022-04-03,4,1
jy6S0kyf,SP1,ath bilbao,elche,2022-04-03,2,1
pb5Wa9j0,SP1,atl. madrid,alaves,2022-04-02,4,1
Imcqc7zJ,SP1,celta vigo,real madrid,2022-04-02,1,2
jyScGUzs,SP1,levante,villarreal,2022-04-02,2,0
63jRLjDJ,SP1,getafe,mallorca,2022-04-02,1,0
bwRm8XrK,SP1,real madrid,barcelona,2022-03-20,0,4
h0Qi7ibQ,SP1,sevilla,real sociedad,2022-03-20,0,0
4vpcoAy7,SP1,cadiz cf,villarreal,2022-03-20,1,0
dEpgnjM0,SP1,celta vigo,betis,2022-03-20,0,0
rVr1pUjD,SP1,espanyol,mallorca,2022-03-20,1,0
f9CJ2B6s,SP1,rayo vallecano,atl. madrid,2022-03-19,0,1
pzNq9DTD,SP1,osasuna,levante,2022-03-19,3,1
Cp7O1VLm,SP1,elche,valencia,2022-03-19,0,1
zadplCil,SP1,alaves,granada cf,2022-03-19,2,3
INokmW6f,SP1,ath bilbao,getafe,2022-03-18,1,1
I96GYWi1,SP1,mallorca,real madrid,2022-03-14,0,3
dfI7zgNl,SP1,barcelona,osasuna,2022-03-13,4,0
QP6AfEEK,SP1,real sociedad,alaves,2022-03-13,1,0
zoHBZCxe,SP1,betis,ath bilbao,2022-03-13,1,0
4G5EgYTQ,SP1,rayo vallecano,sevilla,2022-03-13,1,1
lx5qBKi8,SP1,betis,valencia,2023-06-04,1,1
KQrS2dal,SP1,celta vigo,barcelona,2023-06-04,2,1
vTbT0zU0,SP1,elche,cadiz cf,2023-06-04,1,1
YkbXafq7,SP1,espanyol,almeria,2023-06-04,3,3
0x0P1GEf,SP1,valladolid,getafe,2023-06-04,0,0
SS3mAv7E,SP1,mallorca,rayo vallecano,2023-06-04,3,0
ng2yaEbD,SP1,osasuna,girona,2023-06-04,2,1
Ofcd8IyR,SP1,real madrid,ath bilbao,2023-06-04,1,1
Aigh9bMK,SP1,real sociedad,sevilla,2023-06-04,2,1
tzpO3xpr,SP1,villarreal,atl. madrid,2023-06-04,2,2
SWJlkwVl,SP1,almeria,valladolid,2023-05-28,0,0
S8y2bs82,SP1,ath bilbao,elche,2023-05-28,0,1
tCu6c1N8,SP1,atl. madrid,real sociedad,2023-05-28,2,1
zZvAdLxF,SP1,barcelona,mallorca,2023-05-28,3,0
W0YIfa7R,SP1,cadiz cf,celta vigo,2023-05-28,1,0
EPwEeuhL,SP1,getafe,osasuna,2023-05-28,2,1
v7Nhlcpe,SP1,girona,betis,2023-05-28,1,2
Y9KpjJFr,SP1,rayo vallecano,villarreal,2023-05-28,2,1
MVCcmHa1,SP1,valencia,espanyol,2023-05-28,2,2
0MB1nyF7,SP1,sevilla,real madrid,2023-05-27,1,2
KpTZf81A,SP1,osasuna,ath bilbao,2023-05-25,2,0
QNTVeln4,SP1,mallorca,valencia,2023-05-25,1,0
j5yJbj2o,SP1,betis,getafe,2023-05-24,0,1
YmXwfSGG,SP1,espanyol,atl. madrid,2023-05-24,3,3
nXURdUWc,SP1,elche,sevilla,2023-05-24,1,1
nDbFzvGe,SP1,real madrid,rayo vallecano,2023-05-24,2,1
hxpCyK0k,SP1,villarreal,cadiz cf,2023-05-24,2,0
Eoo8x0oq,SP1,valladolid,barcelona,2023-05-23,3,1
UezNcAHi,SP1,celta vigo,girona,2023-05-23,1,1
Q3cJZcV1,SP1,real sociedad,almeria,2023-05-23,1,0
tf80t9nH,SP1,sevilla,betis,2023-05-21,0,0
x2myz7Pp,SP1,valencia,real madrid,2023-05-21,1,0
ruCuoXXo,SP1,atl. madrid,osasuna,2023-05-21,3,0
29d9vmHT,SP1,rayo vallecano,espanyol,2023-05-21,1,2
x2Bqpimh,SP1,barcelona,real sociedad,2023-05-20,1,2
YT4hrVH4,SP1,almeria,mallorca,2023-05-20,3,0
Kp74uT1N,SP1,getafe,elche,2023-05-20,1,1
4lDynDIu,SP1,ath bilbao,celta vigo,2023-05-20,2,1
CK3dskXA,SP1,girona,villarreal,2023-05-20,1,2
j5FmqB2b,SP1,cadiz cf,valladolid,2023-05-19,2,0
KnrtgREP,SP1,betis,rayo vallecano,2023-05-15,3,1
WvsKoq7a,SP1,espanyol,barcelona,2023-05-14,2,4
6cZWrsiI,SP1,valladolid,sevilla,2023-05-14,0,3
25xGnPig,SP1,elche,atl. madrid,2023-05-14,1,0
tjl7loNt,SP1,celta vigo,valencia,2023-05-14,1,2
AVuOp3M5,SP1,real madrid,getafe,2023-05-13,1,0
OEwCm5xm,SP1,villarreal,ath bilbao,2023-05-13,5,1
0KYzr16O,SP1,osasuna,almeria,2023-05-13,3,1
vBXvsLLU,SP1,real sociedad,girona,2023-05-13,2,2
hfVSqNyC,SP1,mallorca,cadiz cf,2023-05-12,1,0
hCObtlVJ,SP1,ath bilbao,betis,2023-05-04,0,1
O0bwZ5Ng,SP1,rayo vallecano,valladolid,2023-05-04,2,1
WQ1oXqh6,SP1,girona,mallorca,2023-05-04,2,1
ShefVNMI,SP1,sevilla,espanyol,2023-05-04,3,2
W2N2u8pQ,SP1,atl. madrid,cadiz cf,2023-05-03,5,1
AH0kW37C,SP1,getafe,celta vigo,2023-05-03,1,0
tx9YZo8m,SP1,valencia,villarreal,2023-05-03,1,1
6qfbUsxP,SP1,real sociedad,real madrid,2023-05-02,2,0
x42sYPx0,SP1,almeria,elche,2023-05-02,2,1
2oAUzShs,SP1,barcelona,osasuna,2023-05-02,1,0
j7pGH4hJ,SP1,sevilla,girona,2023-05-01,0,2
nFmaLngf,SP1,mallorca,ath bilbao,2023-05-01,1,1
4jr4K680,SP1,valladolid,atl. madrid,2023-04-30,2,5
E1kiN8Os,SP1,espanyol,getafe,2023-04-30,1,0
rss8JQN6,SP1,villarreal,celta vigo,2023-04-30,3,1
4hNNvyfF,SP1,cadiz cf,valencia,2023-04-30,2,1
rwZEtcP2,SP1,barcelona,betis,2023-04-29,4,0
x4tCIpwD,SP1,real madrid,almeria,2023-04-29,4,2
MTXIuHv9,SP1,elche,rayo vallecano,2023-04-29,4,0
8OleMSwl,SP1,osasuna,real sociedad,2023-04-28,0,2
AeTuUJuc,SP1,ath bilbao,sevilla,2023-04-27,0,1
2P0hPefS,SP1,valencia,valladolid,2023-04-27,2,1
GWtTIgXe,SP1,villarreal,espanyol,2023-04-27,4,2
dCViRHPF,SP1,celta vigo,elche,2023-04-26,1,0
Y7iOJZHk,SP1,rayo vallecano,barcelona,2023-04-26,2,1
ObXqTwe3,SP1,atl. madrid,mallorca,2023-04-26,3,1
fNuXHDn2,SP1,getafe,almeria,2023-04-26,1,2
ILWmScA9,SP1,betis,real sociedad,2023-04-25,0,0
OY1lQyuM,SP1,cadiz cf,osasuna,2023-04-25,0,1
K4mKKF2q,SP1,girona,real madrid,2023-04-25,4,2
ETD1G0Bc,SP1,sevilla,villarreal,2023-04-23,2,1
bHaNBxQS,SP1,mallorca,getafe,2023-04-23,3,1
Ae7AEvtA,SP1,barcelona,atl. madrid,2023-04-23,1,0
zwFcHtdi,SP1,elche,valencia,2023-04-23,0,2
GhAICIAM,SP1,real madrid,celta vigo,2023-04-22,2,0
Uajg6Gmj,SP1,real sociedad,rayo vallecano,2023-04-22,2,1
8jkc5z3d,SP1,valladolid,girona,2023-04-22,1,0
W486FKQ3,SP1,almeria,ath bilbao,2023-04-22,1,2
4I6EDbeG,SP1,osasuna,betis,2023-04-22,3,2
0Qok7dYq,SP1,espanyol,cadiz cf,2023-04-21,0,0
tGgO2ssb,SP1,celta vigo,mallorca,2023-04-17,0,1
8WMBgw4p,SP1,valencia,sevilla,2023-04-16,0,2
MZQFhcJj,SP1,atl. madrid,almeria,2023-04-16,2,1
GYoy0uRG,SP1,getafe,barcelona,2023-04-16,0,0
ObouaatN,SP1,girona,elche,2023-04-16,2,0
fJcS11d4,SP1,cadiz cf,real madrid,2023-04-15,0,2
ngfK3NRi,SP1,betis,espanyol,2023-04-15,3,1
82eG43Co,SP1,ath bilbao,real sociedad,2023-04-15,2,0
xrmX0LBA,SP1,villarreal,valladolid,2023-04-15,1,2
2kpqbJeT,SP1,rayo vallecano,osasuna,2023-04-14,2,1
CMMYiQSu,SP1,barcelona,girona,2023-04-10,0,0
f5Igm2sB,SP1,rayo vallecano,atl. madrid,2023-04-09,1,2
nuFokOCb,SP1,almeria,valencia,2023-04-09,2,1
QPQxiprn,SP1,betis,cadiz cf,2023-04-09,0,2
UyQ5p0RT,SP1,valladolid,mallorca,2023-04-09,3,3
bDmOFmNG,SP1,sevilla,barcelona,2024-05-26,1,2
2R3LeSVp,SP1,celta vigo,valencia,2024-05-26,2,2
hCtXDRiT,SP1,las palmas,alaves,2024-05-26,1,1
GUi3KB8o,SP1,getafe,mallorca,2024-05-26,1,2
txwTE7xN,SP1,real madrid,betis,2024-05-25,0,0
0IHg08NT,SP1,almeria,cadiz cf,2024-05-25,6,1
jmpGH9h4,SP1,rayo vallecano,ath bilbao,2024-05-25,0,1
KMlKGT7A,SP1,real sociedad,atl. madrid,2024-05-25,0,2
CdoCIkwb,SP1,osasuna,villarreal,2024-05-25,1,1
UXe7JVNi,SP1,girona,granada cf,2024-05-24,7,0
t2MJmVwO,SP1,ath bilbao,sevilla,2024-05-19,2,0
vmuNnkgU,SP1,atl. madrid,osasuna,2024-05-19,1,4
4A6T7YOu,SP1,barcelona,rayo vallecano,2024-05-19,3,0
r15X6hvn,SP1,betis,real sociedad,2024-05-19,0,2
CzAy6Cgh,SP1,cadiz cf,las palmas,2024-05-19,0,0
ng2l3AwB,SP1,granada cf,celta vigo,2024-05-19,1,2
Ykbp4jO4,SP1,mallorca,almeria,2024-05-19,2,2
tG1h2UhH,SP1,valencia,girona,2024-05-19,1,3
K60d1l8N,SP1,villarreal,real madrid,2024-05-19,4,4
jR8u5W8b,SP1,alaves,getafe,2024-05-18,1,0
p8EMBsQD,SP1,real sociedad,valencia,2024-05-16,1,0
vBRzlvY6,SP1,almeria,barcelona,2024-05-16,0,2
IaVbhgPh,SP1,las palmas,betis,2024-05-16,2,2
MXyjfFft,SP1,celta vigo,ath bilbao,2024-05-15,2,1
4dRfgZ9n,SP1,getafe,atl. madrid,2024-05-15,0,3
8lOBki9B,SP1,rayo vallecano,granada cf,2024-05-15,2,1
CMU2iDva,SP1,sevilla,cadiz cf,2024-05-15,0,1
I1QvmbmD,SP1,girona,villarreal,2024-05-14,0,1
nuNFlBOH,SP1,real madrid,alaves,2024-05-14,5,0
jDT6jXg5,SP1,osasuna,mallorca,2024-05-14,1,1
pljua4t8,SP1,barcelona,real sociedad,2024-05-13,2,0
AVZJiMYs,SP1,betis,almeria,2024-05-12,3,2
lMYNjtll,SP1,valencia,rayo vallecano,2024-05-12,0,0
tGPbjCx8,SP1,atl. madrid,celta vigo,2024-05-12,1,0
dOgqbOeE,SP1,cadiz cf,getafe,2024-05-12,1,0
2PQfihN1,SP1,ath bilbao,osasuna,2024-05-11,2,2
jogmcrBK,SP1,granada cf,real madrid,2024-05-11,0,4
rqYRk03f,SP1,villarreal,sevilla,2024-05-11,3,2
dnxWlKI0,SP1,mallorca,las palmas,2024-05-11,1,0
Uyhid2QQ,SP1,alaves,girona,2024-05-10,2,2
roPPwZh2,SP1,rayo vallecano,almeria,2024-05-05,0,1
CzYsffwq,SP1,sevilla,granada cf,2024-05-05,3,0
YkMjhY7e,SP1,valencia,alaves,2024-05-05,0,1
UsLLvFwd,SP1,celta vigo,villarreal,2024-05-05,3,2
thsCaGFL,SP1,osasuna,betis,2024-05-05,0,2
zuCB1xo9,SP1,mallorca,atl. madrid,2024-05-04,0,1
21r80d0F,SP1,girona,barcelona,2024-05-04,4,2
zFtGbzVR,SP1,real madrid,cadiz cf,2024-05-04,3,0
faNngEhk,SP1,real sociedad,las palmas,2024-05-04,2,0
dlD72IV2,SP1,getafe,ath bilbao,2024-05-03,0,2
YF5sRe9d,SP1,barcelona,valencia,2024-04-29,4,2
AXlQkunc,SP1,betis,sevilla,2024-04-28,1,1
8SWCty9q,SP1,villarreal,rayo vallecano,2024-04-28,3,0
romYmJG9,SP1,granada cf,osasuna,2024-04-28,3,0
lOmUla13,SP1,cadiz cf,mallorca,2024-04-28,1,1
xptsncoM,SP1,atl. madrid,ath bilbao,2024-04-27,3,1
fLjxmwWF,SP1,alaves,celta vigo,2024-04-27,3,0
fP6wSyfj,SP1,almeria,getafe,2024-04-27,1,3
GzuooH0S,SP1,las palmas,girona,2024-04-27,0,2
nJVGueOk,SP1,real sociedad,real madrid,2024-04-26,0,1
OtG7XcWS,SP1,sevilla,mallorca,2024-04-22,2,1
f1Sfz0nA,SP1,real madrid,barcelona,2024-04-21,3,2
GATjytX3,SP1,alaves,atl. madrid,2024-04-21,2,0
SlmdFbAp,SP1,almeria,villarreal,2024-04-21,1,2
YovnxMHc,SP1,getafe,real sociedad,2024-04-21,1,1
tIQ2YwHM,SP1,girona,cadiz cf,2024-04-20,4,1
2RRbZJ1G,SP1,valencia,betis,2024-04-20,1,2
027ZSHvp,SP1,rayo vallecano,osasuna,2024-04-20,2,1
Krzrw22i,SP1,celta vigo,las palmas,2024-04-20,4,1
6un0EIPj,SP1,ath bilbao,granada cf,2024-04-19,1,1
KQO7ykRn,SP1,osasuna,valencia,2024-04-15,0,1
ttDGZSea,SP1,real sociedad,almeria,2024-04-14,2,2
YZkkJ7BI,SP1,ath bilbao,villarreal,2024-04-14,1,1
CvURWQuI,SP1,granada cf,alaves,2024-04-14,2,0
bHNBz9tg,SP1,las palmas,sevilla,2024-04-14,0,2
vRVJYnB5,SP1,cadiz cf,barcelona,2024-04-13,0,1
jiK3xVBt,SP1,mallorca,real madrid,2024-04-13,0,1
YmVNX6QB,SP1,rayo vallecano,getafe,2024-04-13,0,0
nwfgIRQO,SP1,atl. madrid,girona,2024-04-13,3,1
lrYysB3P,SP1,betis,celta vigo,2024-04-12,2,1
YiLZl50A,SP1,granada cf,valencia,2024-04-04,0,1
KAzpM9Ra,SP1,villarreal,atl. madrid,2024-04-01,1,2
tKytNkCg,SP1,real madrid,ath bilbao,2024-03-31,2,0
ncxxOVdm,SP1,alaves,real sociedad,2024-03-31,0,1
0MisLTt6,SP1,girona,betis,2024-03-31,3,2
SCe5TiZP,SP1,celta vigo,rayo vallecano,2024-03-31,0,0
063J5lsJ,SP1,barcelona,las palmas,2024-03-30,1,0
vDjoKmdC,SP1,valencia,mallorca,2024-03-30,0,0
MF4F6URC,SP1,almeria,osasuna,2024-03-30,0,3
YgYXOBss,SP1,getafe,sevilla,2024-03-30,0,1
lMd1UXJJ,SP1,cadiz cf,granada cf,2024-03-29,1,0
ncjXgir7,SP1,atl. madrid,barcelona,2024-03-17,0,3
zJWRFY4Q,SP1,rayo vallecano,betis,2024-03-17,2,0
tdXNGEkK,SP1,las palmas,almeria,2024-03-17,0,1
YgC29Wsf,SP1,villarreal,valencia,2024-03-17,1,0
f3DbACSm,SP1,sevilla,celta vigo,2024-03-17,1,2
viFA7AC6,SP1,ath bilbao,alaves,2024-03-16,2,0
QmkygBcD,SP1,getafe,girona,2024-03-16,1,0
ShTJHfzE,SP1,osasuna,real madrid,2024-03-16,2,4
SGB68jc0,SP1,mallorca,granada cf,2024-03-16,1,0
xSIgBhDs,SP1,real sociedad,cadiz cf,2024-03-15,2,0
0SCjsEb1,SP1,almeria,sevilla,2024-03-11,2,2
Q54x5Hj8,SP1,betis,villarreal,2024-03-10,2,3
EVxQeDDf,SP1,real madrid,celta vigo,2024-03-10,4,0
I3qHcZrr,SP1,las palmas,ath bilbao,2024-03-10,0,2
0Odk2FzR,SP1,alaves,rayo vallecano,2024-03-10,1,0
4xBMgyvp,SP1,ath bilbao,barcelona,2025-05-25,0,3
djfP9mUs,SP1,villarreal,sevilla,2025-05-25,4,2
Q9A5gSq1,SP1,girona,atl. madrid,2025-05-25,0,4
befPDdVF,SP1,alaves,osasuna,2025-05-24,1,1
pCQ6i6ED,SP1,getafe,celta vigo,2025-05-24,1,2
CIIhF96K,SP1,rayo vallecano,mallorca,2025-05-24,0,0
nuc2SQDs,SP1,espanyol,las palmas,2025-05-24,2,0
hdCcelFl,SP1,leganes,valladolid,2025-05-24,3,0
jVjHFI03,SP1,real madrid,real sociedad,2025-05-24,2,0
AZDUiF8d,SP1,betis,valencia,2025-05-23,1,1
lnM5Sbuo,SP1,atl. madrid,betis,2025-05-18,4,1
2R3hj2Xi,SP1,barcelona,villarreal,2025-05-18,2,3
zu20lt24,SP1,celta vigo,rayo vallecano,2025-05-18,1,2
phUkacGM,SP1,las palmas,leganes,2025-05-18,0,1
vXbHpb1T,SP1,mallorca,getafe,2025-05-18,1,2
jedXXnjK,SP1,osasuna,espanyol,2025-05-18,2,0
O4zluxPj,SP1,real sociedad,girona,2025-05-18,3,2
GCxZ2uHc,SP1,sevilla,real madrid,2025-05-18,0,2
W6e9nKWG,SP1,valencia,ath bilbao,2025-05-18,0,1
CvWs1JoA,SP1,valladolid,alaves,2025-05-18,0,1
AaJpAqbD,SP1,espanyol,barcelona,2025-05-15,0,2
l22rPPYh,SP1,getafe,ath bilbao,2025-05-15,0,2
AHjiN335,SP1,osasuna,atl. madrid,2025-05-15,2,0
IsfaLsYH,SP1,rayo vallecano,betis,2025-05-15,2,2
lOwJy3Ib,SP1,real madrid,mallorca,2025-05-14,2,1
dfpyRo4t,SP1,alaves,valencia,2025-05-14,1,0
I3VZXKHN,SP1,villarreal,leganes,2025-05-14,3,0
dlsRZtmB,SP1,sevilla,las palmas,2025-05-13,1,0
E9m8JL2U,SP1,real sociedad,celta vigo,2025-05-13,0,1
ULNHwPmn,SP1,valladolid,girona,2025-05-13,0,1
KAQY8Dre,SP1,betis,osasuna,2025-05-11,1,1
rDwPJUdD,SP1,ath bilbao,alaves,2025-05-11,1,0
ncSQAZDr,SP1,barcelona,real madrid,2025-05-11,4,3
2ZFxC5T0,SP1,leganes,espanyol,2025-05-11,3,2
UunfGejL,SP1,atl. madrid,real sociedad,2025-05-10,4,0
rqCTUf5E,SP1,girona,villarreal,2025-05-10,0,1
4b0xTYZQ,SP1,mallorca,valladolid,2025-05-10,2,1
GxKs7iD7,SP1,celta vigo,sevilla,2025-05-10,3,2
AauHLjS0,SP1,valencia,getafe,2025-05-10,3,0
EXo8NCcl,SP1,las palmas,rayo vallecano,2025-05-09,0,1
I7LokJiM,SP1,girona,mallorca,2025-05-05,1,0
zqhC5vx3,SP1,real sociedad,ath bilbao,2025-05-04,0,0
67MTDRbl,SP1,espanyol,betis,2025-05-04,1,2
MFrnIHL8,SP1,sevilla,leganes,2025-05-04,2,2
4OqT1dyS,SP1,real madrid,celta vigo,2025-05-04,3,2
WAoL3I6F,SP1,valladolid,barcelona,2025-05-03,1,2
nNBHqcFq,SP1,las palmas,valencia,2025-05-03,2,3
tK5afET1,SP1,villarreal,osasuna,2025-05-03,4,2
8x0Qsypd,SP1,alaves,atl. madrid,2025-05-03,0,0
Yg2idzak,SP1,rayo vallecano,getafe,2025-05-02,1,0
EgwRcF8j,SP1,villarreal,espanyol,2025-04-27,1,0
6sHwkbzP,SP1,atl. madrid,rayo vallecano,2025-04-24,3,0
ILpd7ujg,SP1,betis,valladolid,2025-04-24,5,1
MuSxiuN9,SP1,leganes,girona,2025-04-24,1,1
WjapokZj,SP1,osasuna,sevilla,2025-04-24,1,0
lSTUh1hc,SP1,alaves,real sociedad,2025-04-23,1,0
n1xD3ckI,SP1,getafe,real madrid,2025-04-23,0,1
QX8VjK5C,SP1,ath bilbao,las palmas,2025-04-23,1,0
Qol45JK5,SP1,celta vigo,villarreal,2025-04-23,3,0
Mgim91Lt,SP1,barcelona,mallorca,2025-04-22,1,0
AyybJmyR,SP1,valencia,espanyol,2025-04-22,1,1
EDNevsM6,SP1,girona,betis,2025-04-21,1,3
Qmk8moaK,SP1,real madrid,ath bilbao,2025-04-20,1,0
dhHEf26m,SP1,sevilla,alaves,2025-04-20,1,1
Q9Qr0OrQ,SP1,villarreal,real sociedad,2025-04-20,2,2
nRL3xLjJ,SP1,valladolid,osasuna,2025-04-20,2,3
ALQvrPMs,SP1,las palmas,atl. madrid,2025-04-19,1,0
I75Nhty0,SP1,mallorca,leganes,2025-04-19,0,0
4r4DR3x1,SP1,barcelona,celta vigo,2025-04-19,4,3
0AcMPs7D,SP1,rayo vallecano,valencia,2025-04-19,1,1
GxrkL96E,SP1,espanyol,getafe,2025-04-18,1,0
UqMsyH9c,SP1,atl. madrid,valladolid,2025-04-14,4,2
2wUeDDHj,SP1,ath bilbao,rayo vallecano,2025-04-13,3,1
OrFjZfvA,SP1,betis,villarreal,2025-04-13,1,2
jcVWEQhe,SP1,alaves,real madrid,2025-04-13,0,1
vJBRz8FE,SP1,osasuna,girona,2025-04-13,2,1
bNYvD4N7,SP1,leganes,barcelona,2025-04-12,0,1
lWk3c6E7,SP1,celta vigo,espanyol,2025-04-12,0,2
fVyOGnOr,SP1,getafe,las palmas,2025-04-12,1,3
CpPYYopR,SP1,real sociedad,mallorca,2025-04-12,0,2
WU55TP7l,SP1,valencia,sevilla,2025-04-11,1,0
WY1k6dAN,SP1,leganes,osasuna,2025-04-07,1,1
2HhL0zYp,SP1,villarreal,ath bilbao,2025-04-06,0,0
AukHKePG,SP1,valladolid,getafe,2025-04-06,0,4
IPz8OwQi,SP1,sevilla,atl. madrid,2025-04-06,1,2
AJDt8IuB,SP1,las palmas,real sociedad,2025-04-06,1,3
Mq2QB0tn,SP1,barcelona,betis,2025-04-05,1,1
jwZFMHf4,SP1,mallorca,celta vigo,2025-04-05,1,2
IBeZ9vBb,SP1,real madrid,valencia,2025-04-05,1,2
I5hPIZgT,SP1,girona,alaves,2025-04-05,0,1
SG1faSqe,SP1,rayo vallecano,espanyol,2025-04-04,0,4
GrDYvKBO,SP1,celta vigo,las palmas,2025-03-31,1,1
rVEQttsC,SP1,betis,sevilla,2025-03-30,2,1
t6I9pOsm,SP1,ath bilbao,osasuna,2025-03-30,0,0
A5Y7gJQH,SP1,valencia,mallorca,2025-03-30,1,0
lWLHr2Ca,SP1,barcelona,girona,2025-03-30,4,1
f9rqaNdt,SP1,getafe,villarreal,2025-03-30,1,2
6XRGiceU,SP1,real madrid,leganes,2025-03-29,3,2
Olz0eud5,SP1,alaves,rayo vallecano,2025-03-29,0,2
Kjbn1lFr,SP1,espanyol,atl. madrid,2025-03-29,1,1
2Zoic1Rh,SP1,real sociedad,valladolid,2025-03-29,2,1
pOrgJQRj,SP1,barcelona,osasuna,2025-03-27,3,0
tUjwjP2S,SP1,atl. madrid,barcelona,2025-03-16,2,4
lbrkskye,SP1,osasuna,getafe,2025-03-16,1,2
6BzIrse2,SP1,rayo vallecano,real sociedad,2025-03-16,2,2
lz02jgE8,SP1,sevilla,ath bilbao,2025-03-16,0,1
d03AlXrL,SP1,leganes,betis,2025-03-16,2,3
pIFbK5HM,SP1,villarreal,real sociedad,2026-03-20,3,1
fyHX9ccm,SP1,rayo vallecano,levante,2026-03-16,1,1
21Ku8ySa,SP1,real sociedad,osasuna,2026-03-15,3,1
KI2kcKDs,SP1,betis,celta vigo,2026-03-15,1,1
AqHJ2tjK,SP1,barcelona,sevilla,2026-03-15,5,2
A3u1FJZP,SP1,mallorca,espanyol,2026-03-15,2,1
pQmFiGsJ,SP1,real madrid,elche,2026-03-14,4,1
Gpdbebrf,SP1,oviedo,valencia,2026-03-14,1,0
UmvXvwbD,SP1,atl. madrid,getafe,2026-03-14,1,0
lbf6gxD6,SP1,girona,ath bilbao,2026-03-14,3,0
MNzPtaT0,SP1,alaves,villarreal,2026-03-13,1,1
A90Ay4iL,SP1,espanyol,oviedo,2026-03-09,1,1
hU3ZVsFr,SP1,valencia,alaves,2026-03-08,3,2
QesGrLbl,SP1,sevilla,rayo vallecano,2026-03-08,1,1
0f7sULqe,SP1,getafe,betis,2026-03-08,2,0
M9ejSaE7,SP1,villarreal,elche,2026-03-08,2,1
ENG7Hr0k,SP1,ath bilbao,barcelona,2026-03-07,0,1
MmKFFMU1,SP1,atl. madrid,real sociedad,2026-03-07,3,2
lGmxj36E,SP1,levante,girona,2026-03-07,1,1
UPeplsyR,SP1,osasuna,mallorca,2026-03-07,2,2
xd22wQM8,SP1,celta vigo,real madrid,2026-03-06,1,2
Oj96hsAM,SP1,rayo vallecano,oviedo,2026-03-04,3,0
lx1RyDo4,SP1,real madrid,getafe,2026-03-02,0,1
hA7IwZGi,SP1,girona,celta vigo,2026-03-01,1,2
bVGTMqLU,SP1,betis,sevilla,2026-03-01,2,2
fZ3ZZjGG,SP1,valencia,osasuna,2026-03-01,1,0
vPYyReXo,SP1,elche,espanyol,2026-03-01,2,2
0GKWFVOp,SP1,oviedo,atl. madrid,2026-02-28,0,1
nkxpPZ1b,SP1,mallorca,real sociedad,2026-02-28,0,1
QHILO5jI,SP1,barcelona,villarreal,2026-02-28,4,1
tWw0Li1N,SP1,rayo vallecano,ath bilbao,2026-02-28,1,1
84QhNDWA,SP1,levante,alaves,2026-02-27,2,0
Kpa4akN6,SP1,alaves,girona,2026-02-23,2,2
OhM4Smig,SP1,villarreal,valencia,2026-02-22,2,1
hCxoCS6C,SP1,celta vigo,mallorca,2026-02-22,2,0
OWpUFA7m,SP1,barcelona,levante,2026-02-22,3,0
CEhnA6yP,SP1,getafe,sevilla,2026-02-22,0,1
hlfbLWqQ,SP1,atl. madrid,espanyol,2026-02-21,4,2
2wYeU9Mt,SP1,osasuna,real madrid,2026-02-21,2,1
KbvwElx0,SP1,betis,rayo vallecano,2026-02-21,1,1
WIPCQRL5,SP1,real sociedad,oviedo,2026-02-21,3,3
ChHBcTiJ,SP1,ath bilbao,elche,2026-02-20,2,1
MyfFjoLh,SP1,levante,villarreal,2026-02-18,0,1
d4kFLuv9,SP1,girona,barcelona,2026-02-16,2,1
j57m3XNs,SP1,mallorca,betis,2026-02-15,1,2
UTVX82f3,SP1,levante,valencia,2026-02-15,0,2
j72Tcxn2,SP1,rayo vallecano,atl. madrid,2026-02-15,3,0
UiEKabHk,SP1,oviedo,ath bilbao,2026-02-15,1,2
2sUu7tPF,SP1,real madrid,real sociedad,2026-02-14,4,1
b9Nl5KgS,SP1,sevilla,alaves,2026-02-14,1,1
Gllooa2d,SP1,getafe,villarreal,2026-02-14,2,1
OI5e1Bhf,SP1,espanyol,celta vigo,2026-02-14,2,2
8OpwmLXq,SP1,elche,osasuna,2026-02-13,0,0
IJmCYLIj,SP1,villarreal,espanyol,2026-02-09,4,1
GQ5bf3uA,SP1,valencia,real madrid,2026-02-08,0,2
OdCGqnRi,SP1,atl. madrid,betis,2026-02-08,0,1
8lUTLrZp,SP1,ath bilbao,levante,2026-02-08,4,2
ADzbdPAc,SP1,sevilla,girona,2026-02-08,1,1
CIrbR4BN,SP1,alaves,getafe,2026-02-08,0,2
bZ6uvreT,SP1,real sociedad,elche,2026-02-07,3,1
UgFOsQe4,SP1,barcelona,mallorca,2026-02-07,3,0
j93Xu4QG,SP1,celta vigo,osasuna,2026-02-06,1,2
27eSzIrK,SP1,mallorca,sevilla,2026-02-02,4,1
EoFXEzM0,SP1,ath bilbao,real sociedad,2026-02-01,1,1
8K2YW8sn,SP1,getafe,celta vigo,2026-02-01,0,0
MBIuDEjD,SP1,betis,valencia,2026-02-01,2,1
GjkkTQtB,SP1,real madrid,rayo vallecano,2026-02-01,2,1
runNPizJ,SP1,elche,barcelona,2026-01-31,1,3
nDhERD56,SP1,levante,atl. madrid,2026-01-31,0,0
YknbVe6s,SP1,osasuna,villarreal,2026-01-31,2,2
UZjsVnCb,SP1,oviedo,girona,2026-01-31,1,0
Eaf6TZzf,SP1,espanyol,alaves,2026-01-30,1,2
2oKiOvaE,SP1,girona,getafe,2026-01-26,1,1
QRDI5BRk,SP1,alaves,betis,2026-01-25,2,1
8Szk4J7r,SP1,real sociedad,celta vigo,2026-01-25,3,1
GUeAB1F8,SP1,barcelona,oviedo,2026-01-25,3,0
bgRP3kd2,SP1,atl. madrid,mallorca,2026-01-25,3,0
fqaWGdil,SP1,villarreal,real madrid,2026-01-24,0,2
lrfI9upL,SP1,sevilla,ath bilbao,2026-01-24,2,1
zuS50y77,SP1,valencia,espanyol,2026-01-24,3,2
bDD0MITQ,SP1,rayo vallecano,osasuna,2026-01-24,1,3
EPwc2cxe,SP1,levante,elche,2026-01-23,3,2
GUunFObn,SP1,elche,sevilla,2026-01-19,2,2
YTYwDgZF,SP1,real sociedad,barcelona,2026-01-18,2,1
ETmqeLDU,SP1,celta vigo,rayo vallecano,2026-01-18,3,0
p8hqiCCd,SP1,atl. madrid,alaves,2026-01-18,1,0
pAX2BtbB,SP1,getafe,valencia,2026-01-18,0,1
tGkycsqI,SP1,betis,villarreal,2026-01-17,2,0
j9azgYsp,SP1,osasuna,oviedo,2026-01-17,3,2
x2uVEF43,SP1,mallorca,ath bilbao,2026-01-17,3,2
tfxnBX3S,SP1,real madrid,levante,2026-01-17,2,0
OfqfD2Tb,SP1,espanyol,girona,2026-01-16,0,2
t2A2rrUO,SP1,sevilla,celta vigo,2026-01-12,0,1
xOhK0Pqg,SP1,levante,espanyol,2026-01-11,1,1
pldSb3E5,SP1,rayo vallecano,mallorca,2026-01-11,2,1
G84B2oFt,SP1,valencia,elche,2026-01-10,1,1
6Lw7g8xQ,SP1,girona,osasuna,2026-01-10,1,0
GfPxln0m,SP1,villarreal,alaves,2026-01-10,3,1
pzHgp4aC,SP1,oviedo,betis,2026-01-10,1,1
QP0KV4pJ,SP1,getafe,real sociedad,2026-01-09,1,2
zHuMM91l,SP1,real sociedad,atl. madrid,2026-01-04,1,1
zq2gLdQq,SP1,alaves,oviedo,2026-01-04,1,1
lK5ey9Gs,SP1,mallorca,girona,2026-01-04,1,2
4dXxJR0D,SP1,real madrid,betis,2026-01-04,5,1
MX33Znof,SP1,sevilla,levante,2026-01-04,0,3
rsqUKmW0,SP1,espanyol,barcelona,2026-01-03,0,2
bHmlsvm3,SP1,elche,villarreal,2026-01-03,1,3
WUoduIHF,SP1,osasuna,ath bilbao,2026-01-03,1,1
r951Jzed,SP1,celta vigo,valencia,2026-01-03,4,1
0fsLUbJC,SP2,tenerife,girona,2022-06-19,1,3
rJnGVv46,SP2,girona,tenerife,2022-06-11,0,0
OAsK4FBp,SP2,eibar,girona,2022-06-05,0,2
IT4i9e3T,SP2,las palmas,tenerife,2022-06-04,1,2
4Q0mAylN,SP2,girona,eibar,2022-06-02,0,1
A31qBHYG,SP2,tenerife,las palmas,2022-06-01,1,0
hGpFlgT1,SP2,alcorcon,eibar,2022-05-29,1,0
6eS1CdL8,SP2,burgos cf,girona,2022-05-29,0,0
6JAl3hre,SP2,gijon,las palmas,2022-05-29,0,1
0IR5BGzF,SP2,leganes,almeria,2022-05-29,2,2
bg7t5EDr,SP2,oviedo,ud ibiza,2022-05-29,3,2
lr0g2Cc1,SP2,tenerife,fc cartagena sad,2022-05-29,1,2
SYbc1WC7,SP2,valladolid,huesca,2022-05-29,3,0
fLOcDx62,SP2,amorebieta,ponferradina,2022-05-28,1,0
v9Q9AzjL,SP2,lugo,malaga,2022-05-28,1,0
dpLE9f5R,SP2,mirandes,fuenlabrada,2022-05-27,5,1
hG6p4YSl,SP2,real sociedad b,zaragoza,2022-05-27,1,2
SheywdUk,SP2,almeria,alcorcon,2022-05-21,1,1
famN0aMd,SP2,eibar,tenerife,2022-05-21,2,0
E13Obwi9,SP2,girona,mirandes,2022-05-21,2,0
0I5zdyyS,SP2,las palmas,oviedo,2022-05-21,2,1
pjs7jFbk,SP2,ponferradina,leganes,2022-05-21,0,3
nF1WdHLL,SP2,ud ibiza,valladolid,2022-05-21,1,2
tdauxGqd,SP2,fc cartagena sad,amorebieta,2022-05-21,5,0
YknRaJy3,SP2,fuenlabrada,gijon,2022-05-21,0,0
hh2Scc6F,SP2,huesca,real sociedad b,2022-05-21,3,2
6ar3ieqq,SP2,malaga,burgos cf,2022-05-21,0,1
EPoBkZDe,SP2,zaragoza,lugo,2022-05-20,1,0
IFkjb60b,SP2,oviedo,zaragoza,2022-05-16,3,3
84r3e4pH,SP2,tenerife,malaga,2022-05-15,0,2
vVwadpVA,SP2,gijon,girona,2022-05-15,2,1
KUWnanoh,SP2,mirandes,ud ibiza,2022-05-15,4,0
C0HScxkI,SP2,alcorcon,las palmas,2022-05-15,0,2
nHYv18Gu,SP2,leganes,eibar,2022-05-14,2,3
pU5WwxFq,SP2,valladolid,ponferradina,2022-05-14,2,0
pEFzdGJU,SP2,burgos cf,fc cartagena sad,2022-05-14,1,1
Q7Xr0SVo,SP2,lugo,fuenlabrada,2022-05-14,1,3
6NGWdd4O,SP2,amorebieta,huesca,2022-05-14,1,0
0vuecQF4,SP2,real sociedad b,almeria,2022-05-13,0,2
Wtpy8MCP,SP2,girona,tenerife,2022-05-09,0,1
jRQ720zm,SP2,ud ibiza,lugo,2022-05-08,1,1
bcDObIZB,SP2,zaragoza,alcorcon,2022-05-08,0,3
vmckpJKI,SP2,eibar,valladolid,2022-05-08,0,2
MB2poa5C,SP2,fc cartagena sad,leganes,2022-05-08,0,0
GYNJabK5,SP2,ponferradina,burgos cf,2022-05-07,3,1
rL3tnuj6,SP2,almeria,amorebieta,2022-05-07,3,0
xrPF0v5a,SP2,malaga,oviedo,2022-05-07,0,0
IwdgqwzP,SP2,fuenlabrada,real sociedad b,2022-05-07,1,2
82y33tLt,SP2,huesca,gijon,2022-05-07,1,1
UHPB1Kkg,SP2,las palmas,mirandes,2022-05-06,1,0
lb4xmLz0,SP2,valladolid,real sociedad b,2022-05-02,1,2
rLsBWajJ,SP2,leganes,huesca,2022-05-02,2,1
OGKcf3rQ,SP2,lugo,tenerife,2022-05-01,0,2
faBTls6m,SP2,ponferradina,fc cartagena sad,2022-05-01,4,2
Us92zrif,SP2,alcorcon,girona,2022-05-01,0,1
xO0Ym1Lg,SP2,gijon,ud ibiza,2022-05-01,0,1
d4uaZ160,SP2,amorebieta,fuenlabrada,2022-05-01,2,1
zev3YLL6,SP2,burgos cf,almeria,2022-04-30,0,2
UHw7XuyD,SP2,eibar,zaragoza,2022-04-30,2,0
G8CPkNjs,SP2,oviedo,mirandes,2022-04-30,3,0
pQLgeqTJ,SP2,las palmas,malaga,2022-04-29,2,1
rRpLN47l,SP2,almeria,gijon,2022-04-25,1,0
AwxxKM6D,SP2,lugo,leganes,2022-04-24,0,0
jiAbyOyl,SP2,zaragoza,burgos cf,2022-04-24,0,0
xpUNsQbK,SP2,mirandes,valladolid,2022-04-24,0,1
WnwYK2i7,SP2,ud ibiza,las palmas,2022-04-24,1,1
4znHOphr,SP2,alcorcon,oviedo,2022-04-24,1,2
bgVJr6qE,SP2,malaga,eibar,2022-04-23,1,3
xlpPMOMf,SP2,fc cartagena sad,girona,2022-04-23,3,0
lOmTLrx1,SP2,fuenlabrada,ponferradina,2022-04-23,2,3
K8JStpEQ,SP2,real sociedad b,amorebieta,2022-04-23,2,1
dUAfx4Ms,SP2,tenerife,huesca,2022-04-22,0,0
EmlpMiWq,SP2,girona,real sociedad b,2022-04-18,2,0
MDmlLBoj,SP2,huesca,zaragoza,2022-04-17,1,1
AZTrsg89,SP2,tenerife,fuenlabrada,2022-04-17,3,1
GC89SggG,SP2,burgos cf,ud ibiza,2022-04-17,2,1
29QzqFwc,SP2,ponferradina,lugo,2022-04-17,3,1
UFCDRD8M,SP2,fc cartagena sad,alcorcon,2022-04-16,3,1
GCUvrZh3,SP2,gijon,oviedo,2022-04-16,0,1
lQSntDNF,SP2,valladolid,almeria,2022-04-16,2,2
04nhKV0d,SP2,leganes,malaga,2022-04-16,0,3
Mk95TZwA,SP2,amorebieta,mirandes,2022-04-15,1,0
Cv2IQXNS,SP2,eibar,las palmas,2022-04-15,2,2
0MuOGdf4,SP2,almeria,ponferradina,2022-04-11,3,0
YTSA7hHj,SP2,mirandes,burgos cf,2022-04-10,3,1
nXGhWyfi,SP2,oviedo,leganes,2022-04-10,1,0
MyUWEzPG,SP2,ud ibiza,eibar,2022-04-10,2,0
raA1UFO3,SP2,zaragoza,girona,2022-04-10,1,0
roVSFG9A,SP2,fuenlabrada,huesca,2022-04-10,2,3
jBYzEfvN,SP2,las palmas,amorebieta,2022-04-09,1,0
nJyKHxub,SP2,alcorcon,gijon,2022-04-09,1,1
zqA78Y1p,SP2,malaga,valladolid,2022-04-09,2,2
QNFdVe9c,SP2,real sociedad b,tenerife,2022-04-09,1,2
U1XvDEgT,SP2,lugo,fc cartagena sad,2022-04-08,1,0
Isn50yAN,SP2,leganes,fuenlabrada,2022-04-04,3,2
rPgh3wQ4,SP2,eibar,mirandes,2022-04-03,1,1
4vr11HfH,SP2,huesca,almeria,2022-04-03,1,1
zajp5aeh,SP2,burgos cf,gijon,2022-04-03,0,0
C4o9aePT,SP2,ponferradina,las palmas,2022-04-03,1,2
Ekkl4JAb,SP2,fc cartagena sad,oviedo,2022-04-03,1,2
E5wCJbAo,SP2,tenerife,zaragoza,2022-04-02,1,1
hz1u6utn,SP2,amorebieta,ud ibiza,2022-04-02,3,1
EDXzeFXp,SP2,real sociedad b,alcorcon,2022-04-02,2,4
hdxGIIPi,SP2,valladolid,lugo,2022-04-02,4,1
MFhd2cuB,SP2,girona,malaga,2022-04-01,1,0
zaUEkKe5,SP2,las palmas,leganes,2022-03-28,4,2
4EEQpkR4,SP2,levante,alaves,2023-06-17,0,1
AiFMoVBb,SP2,alaves,levante,2023-06-11,0,0
UetEwHE8,SP2,alaves,eibar,2023-06-08,2,0
ze8oL8bs,SP2,levante,albacete,2023-06-07,3,0
bVpIxyUE,SP2,albacete,levante,2023-06-03,1,3
j5sAvca2,SP2,eibar,alaves,2023-06-03,1,1
2JBqr5TJ,SP2,gijon,ponferradina,2023-05-28,1,4
hlUhLsM6,SP2,racing santander,fc cartagena sad,2023-05-28,3,1
4EIxPPMs,SP2,granada cf,leganes,2023-05-27,2,0
nBTdK1yD,SP2,huesca,eibar,2023-05-27,0,1
f3BkMN60,SP2,las palmas,alaves,2023-05-27,0,0
YmNtOqxl,SP2,levante,oviedo,2023-05-27,2,1
CvMpN3if,SP2,albacete,mirandes,2023-05-27,2,1
Q1S0JLjJ,SP2,malaga,ud ibiza,2023-05-27,1,1
CvbvZL73,SP2,andorra,villarreal b,2023-05-27,4,3
25WAT5EQ,SP2,burgos cf,lugo,2023-05-27,0,1
tAAmsPrQ,SP2,zaragoza,tenerife,2023-05-26,1,1
IHbzz2hc,SP2,leganes,andorra,2023-05-21,1,1
fszF9pNf,SP2,oviedo,racing santander,2023-05-21,1,0
YXYI84x1,SP2,tenerife,burgos cf,2023-05-20,2,1
2qezHSUK,SP2,alaves,malaga,2023-05-20,2,1
nHW6B6hr,SP2,eibar,gijon,2023-05-20,2,2
tzfvGnpR,SP2,fc cartagena sad,las palmas,2023-05-20,1,4
hzkK6r7D,SP2,lugo,huesca,2023-05-20,1,2
EqjG7Oi7,SP2,mirandes,granada cf,2023-05-20,1,3
Kts6UoaK,SP2,ponferradina,albacete,2023-05-20,1,1
6ww2VRqE,SP2,villarreal b,levante,2023-05-20,2,3
0KzBAQ7l,SP2,ud ibiza,zaragoza,2023-05-20,1,0
fJiSIl08,SP2,levante,ud ibiza,2023-05-15,0,0
jkHScmOr,SP2,las palmas,villarreal b,2023-05-14,1,1
nHAydRhe,SP2,albacete,alaves,2023-05-14,1,1
ltV02TFR,SP2,huesca,ponferradina,2023-05-14,1,1
4EfWzrwi,SP2,andorra,tenerife,2023-05-14,1,0
hEDqf5N7,SP2,racing santander,eibar,2023-05-14,1,0
8QBXd7wk,SP2,malaga,mirandes,2023-05-13,2,0
fJVd390L,SP2,granada cf,lugo,2023-05-13,2,0
tvAueo81,SP2,zaragoza,fc cartagena sad,2023-05-13,2,0
Y9jWH8FE,SP2,gijon,oviedo,2023-05-13,1,1
tGRh4koF,SP2,burgos cf,leganes,2023-05-12,0,3
r3QD3If4,SP2,eibar,las palmas,2023-05-08,0,1
WQsjpUgq,SP2,fc cartagena sad,burgos cf,2023-05-07,0,0
0tUkSkZj,SP2,lugo,andorra,2023-05-07,2,2
vVJM1dPG,SP2,oviedo,zaragoza,2023-05-07,2,1
6qz3sSw2,SP2,ponferradina,malaga,2023-05-07,2,0
bixl5VV8,SP2,ud ibiza,albacete,2023-05-07,0,5
K0wp6BG2,SP2,villarreal b,gijon,2023-05-07,2,0
pUofql9k,SP2,leganes,huesca,2023-05-06,2,1
Shyar8Oe,SP2,tenerife,levante,2023-05-06,1,0
0vLI2xAA,SP2,mirandes,racing santander,2023-05-06,1,1
4CR94bub,SP2,alaves,granada cf,2023-05-05,1,1
Ie3SiLeh,SP2,burgos cf,villarreal b,2023-05-01,1,0
QRgmmcAN,SP2,malaga,huesca,2023-05-01,0,0
AkS55vQi,SP2,gijon,lugo,2023-05-01,3,1
bFO16KAo,SP2,zaragoza,las palmas,2023-04-30,1,1
nyeqlweH,SP2,granada cf,eibar,2023-04-30,1,1
dn2WjuBb,SP2,oviedo,ponferradina,2023-04-30,3,2
MkVoTVJp,SP2,andorra,mirandes,2023-04-30,0,1
dApJsyYp,SP2,tenerife,leganes,2023-04-29,1,0
j91zjaQ4,SP2,albacete,fc cartagena sad,2023-04-29,1,1
4C5vkJuB,SP2,levante,alaves,2023-04-29,2,0
f1binHPT,SP2,racing santander,ud ibiza,2023-04-28,1,0
IuF4xtd5,SP2,huesca,tenerife,2023-04-24,1,1
bu8hurCn,SP2,alaves,leganes,2023-04-23,2,1
8U7HZwtO,SP2,mirandes,burgos cf,2023-04-23,2,1
MXBLYceU,SP2,racing santander,granada cf,2023-04-23,1,0
Q5ICzKQH,SP2,lugo,malaga,2023-04-23,0,2
nFJ8y0BB,SP2,ud ibiza,oviedo,2023-04-22,1,2
bgmRgsRu,SP2,las palmas,levante,2023-04-22,0,0
dQQev2Rh,SP2,fc cartagena sad,gijon,2023-04-22,2,1
UcwKXBBT,SP2,ponferradina,andorra,2023-04-22,1,4
xpnVh1tn,SP2,villarreal b,albacete,2023-04-22,1,2
vkG0wMta,SP2,eibar,zaragoza,2023-04-21,1,1
dCoNP2Ca,SP2,levante,mirandes,2023-04-17,1,2
ILnJQrcg,SP2,leganes,villarreal b,2023-04-16,1,0
n1vzN0dI,SP2,malaga,fc cartagena sad,2023-04-16,1,0
QiwvMKBO,SP2,tenerife,ud ibiza,2023-04-16,4,0
hvuWNtsC,SP2,gijon,alaves,2023-04-16,0,0
j7vGYidN,SP2,andorra,huesca,2023-04-16,1,0
W4lBS4St,SP2,burgos cf,ponferradina,2023-04-15,2,2
29MMp4lP,SP2,oviedo,lugo,2023-04-15,2,1
4I8ltOdt,SP2,zaragoza,racing santander,2023-04-15,4,1
AemFROsm,SP2,granada cf,las palmas,2023-04-15,2,1
vyySOMR5,SP2,albacete,eibar,2023-04-14,3,1
8rkBZXtH,SP2,alaves,andorra,2023-04-10,0,0
UySuDPSg,SP2,las palmas,oviedo,2023-04-09,0,1
bDB3WDTE,SP2,fc cartagena sad,mirandes,2023-04-09,1,0
bHJd9sSI,SP2,ponferradina,leganes,2023-04-09,0,1
zwZWEobs,SP2,eibar,levante,2023-04-09,1,1
2kQmB3c6,SP2,huesca,burgos cf,2023-04-09,2,1
QNBrXpKP,SP2,racing santander,albacete,2023-04-08,4,1
I1OyE5Dm,SP2,ud ibiza,gijon,2023-04-08,1,3
KQKhANCC,SP2,zaragoza,granada cf,2023-04-08,1,0
CK7vYQ4J,SP2,villarreal b,malaga,2023-04-07,1,2
ObRqCqr0,SP2,lugo,tenerife,2023-04-07,0,0
0bu3SqBq,SP2,albacete,las palmas,2023-04-03,1,2
Uw7aXgE8,SP2,mirandes,ud ibiza,2023-04-02,2,2
d8o7zERA,SP2,andorra,malaga,2023-04-02,1,0
jm8eYZb2,SP2,gijon,granada cf,2023-04-02,1,0
WSMvY5mM,SP2,lugo,ponferradina,2023-04-02,0,0
vkv7R3Qk,SP2,huesca,alaves,2023-04-02,0,1
nFsFPse2,SP2,oviedo,eibar,2023-04-01,1,1
YBwBQNud,SP2,leganes,fc cartagena sad,2023-04-01,1,3
AJLrXP2S,SP2,tenerife,villarreal b,2023-04-01,1,1
O2JWZRI9,SP2,burgos cf,racing santander,2023-04-01,2,1
x6NzZoYF,SP2,levante,zaragoza,2023-03-31,1,1
zswxEpdj,SP2,malaga,leganes,2023-03-27,2,0
UilvTxne,SP2,espanyol,oviedo,2024-06-23,2,0
YPfVUbHr,SP2,oviedo,espanyol,2024-06-16,1,0
6VKSvcjS,SP2,espanyol,gijon,2024-06-13,0,0
bTa7XEr2,SP2,eibar,oviedo,2024-06-12,0,2
b5HKtJLF,SP2,gijon,espanyol,2024-06-09,0,1
QF1aZzEk,SP2,oviedo,eibar,2024-06-08,0,0
jyvFGzK9,SP2,zaragoza,albacete,2024-06-02,1,1
2FcKfgcj,SP2,eibar,oviedo,2024-06-02,4,3
t6dOgDCd,SP2,eldense,gijon,2024-06-02,0,1
b1sNEElM,SP2,espanyol,fc cartagena sad,2024-06-02,3,0
xhtRDY3S,SP2,leganes,elche,2024-06-02,2,0
URxJFfZF,SP2,mirandes,amorebieta,2024-06-02,1,0
8ClAHG43,SP2,tenerife,valladolid,2024-06-02,2,1
rZIg9hCq,SP2,villarreal b,racing santander,2024-06-02,1,0
zgRNeZsp,SP2,alcorcon,burgos cf,2024-06-02,1,1
ptdKHyM0,SP2,andorra,racing club ferrol,2024-06-02,1,0
f9p6Idkc,SP2,huesca,levante,2024-06-02,0,0
j3vHarqI,SP2,albacete,mirandes,2024-05-26,2,2
pQwLb2bO,SP2,amorebieta,espanyol,2024-05-26,0,0
d0sPcMDU,SP2,burgos cf,tenerife,2024-05-26,1,1
0E7ZHPbn,SP2,elche,eldense,2024-05-26,1,2
MN8VI5qt,SP2,fc cartagena sad,huesca,2024-05-26,0,2
464jEsbB,SP2,gijon,eibar,2024-05-26,1,0
j30nFNr5,SP2,levante,alcorcon,2024-05-26,2,2
6kcGIH6f,SP2,oviedo,andorra,2024-05-26,3,0
UmCwHqEh,SP2,racing club ferrol,leganes,2024-05-26,2,2
8vBsG3Tb,SP2,racing santander,zaragoza,2024-05-26,0,2
bT3fD1DH,SP2,valladolid,villarreal b,2024-05-26,3,2
dtJsoqUO,SP2,espanyol,oviedo,2024-05-20,2,1
8Krd46Un,SP2,villarreal b,albacete,2024-05-20,2,2
CCuD0OTB,SP2,zaragoza,racing club ferrol,2024-05-19,2,2
zRUYn5aC,SP2,alcorcon,valladolid,2024-05-19,1,1
Gpn42paa,SP2,eibar,fc cartagena sad,2024-05-19,1,0
IkKwnPEI,SP2,eldense,levante,2024-05-18,0,0
MNn03Qqg,SP2,tenerife,amorebieta,2024-05-18,0,1
On7P9S6P,SP2,huesca,racing santander,2024-05-18,0,3
Qegi5nFt,SP2,leganes,gijon,2024-05-18,2,1
OQ7BJcil,SP2,andorra,burgos cf,2024-05-18,1,0
fyo814E5,SP2,mirandes,elche,2024-05-17,1,1
z3nnd9xQ,SP2,elche,huesca,2024-05-12,0,3
SnnhzSF6,SP2,albacete,leganes,2024-05-12,1,0
xITrckNJ,SP2,fc cartagena sad,tenerife,2024-05-12,2,0
hrZDiTps,SP2,oviedo,zaragoza,2024-05-12,1,0
dMjdZoVC,SP2,amorebieta,villarreal b,2024-05-12,2,0
lASMk7Fg,SP2,levante,eibar,2024-05-11,2,2
S0RQlRUa,SP2,valladolid,espanyol,2024-05-11,0,0
Quk8Kwxr,SP2,gijon,andorra,2024-05-11,5,2
WYXHjm0m,SP2,racing club ferrol,alcorcon,2024-05-11,2,1
MNQUmop6,SP2,racing santander,mirandes,2024-05-11,1,0
zDk0Y5pJ,SP2,burgos cf,eldense,2024-05-10,1,2
6Xcqxlof,SP2,tenerife,racing club ferrol,2024-05-05,2,0
SQAHNlW0,SP2,eldense,leganes,2024-05-05,1,2
b7fyvAGs,SP2,zaragoza,burgos cf,2024-05-05,1,3
802tPJTQ,SP2,andorra,albacete,2024-05-05,0,1
Ak0MM8o7,SP2,espanyol,gijon,2024-05-05,0,0
db89rj8Q,SP2,eibar,amorebieta,2024-05-05,5,0
GniCqWhK,SP2,fc cartagena sad,alcorcon,2024-05-04,1,0
hUguwUVm,SP2,racing santander,elche,2024-05-04,3,1
Oh4QLS0D,SP2,huesca,oviedo,2024-05-04,0,2
xdh8pCwE,SP2,mirandes,valladolid,2024-05-04,0,1
ldmly800,SP2,villarreal b,levante,2024-05-03,0,3
GOhPpLXd,SP2,racing club ferrol,mirandes,2024-04-29,0,2
6gBYNcQq,SP2,albacete,eibar,2024-04-28,2,1
K079PA1l,SP2,levante,fc cartagena sad,2024-04-28,0,1
lzCDOUGf,SP2,valladolid,huesca,2024-04-28,1,0
0GAxNHuj,SP2,alcorcon,eldense,2024-04-28,0,0
lxiXra29,SP2,oviedo,tenerife,2024-04-28,0,1
0CfyrJHF,SP2,gijon,villarreal b,2024-04-28,0,3
v79tMyed,SP2,elche,espanyol,2024-04-27,2,2
tA85Qjnr,SP2,burgos cf,amorebieta,2024-04-27,2,2
fFiTqum3,SP2,leganes,zaragoza,2024-04-27,1,1
U93xQaEK,SP2,andorra,racing santander,2024-04-26,1,1
nVydAvdp,SP2,fc cartagena sad,oviedo,2024-04-22,2,0
EsHfVuY9,SP2,mirandes,burgos cf,2024-04-21,2,1
ziIjWLI3,SP2,eibar,alcorcon,2024-04-21,2,0
hSSoX13c,SP2,eldense,albacete,2024-04-21,0,1
CY8XQuaE,SP2,espanyol,andorra,2024-04-21,1,1
vPOsYsli,SP2,huesca,zaragoza,2024-04-20,1,2
QLz09bBj,SP2,elche,gijon,2024-04-20,2,1
UXJ6SwIS,SP2,racing santander,levante,2024-04-20,0,0
8IVcUamG,SP2,villarreal b,racing club ferrol,2024-04-20,1,0
6yfTEKmT,SP2,amorebieta,valladolid,2024-04-20,0,3
n9U1TJ2M,SP2,tenerife,leganes,2024-04-19,0,0
EsVk11JT,SP2,alcorcon,villarreal b,2024-04-15,1,0
h800L44o,SP2,racing club ferrol,huesca,2024-04-14,2,1
j3MHdLRp,SP2,burgos cf,racing santander,2024-04-14,2,1
vP2CI2l4,SP2,zaragoza,elche,2024-04-14,1,1
KKVo2s4N,SP2,albacete,tenerife,2024-04-14,1,0
YsATRLq8,SP2,andorra,eibar,2024-04-14,0,2
SpePF0YM,SP2,oviedo,mirandes,2024-04-14,1,1
Wba4KOJi,SP2,levante,amorebieta,2024-04-13,1,2
MmhHHM3A,SP2,valladolid,eldense,2024-04-13,1,0
0Y38JrZc,SP2,gijon,fc cartagena sad,2024-04-13,1,0
YNeLGtJG,SP2,leganes,espanyol,2024-04-12,0,0
MRGt5qK4,SP2,racing santander,alcorcon,2024-04-08,0,1
2NqGlOZN,SP2,fc cartagena sad,valladolid,2024-04-07,0,2
S4Hx6P4b,SP2,espanyol,albacete,2024-04-07,2,1
tUWs3NlH,SP2,tenerife,eibar,2024-04-07,2,1
E1DY65kh,SP2,mirandes,gijon,2024-04-07,1,3
0IFp43ZA,SP2,villarreal b,burgos cf,2024-04-07,2,1
hnPP8RKu,SP2,huesca,leganes,2024-04-07,0,0
WxOT7ozn,SP2,levante,zaragoza,2024-04-06,2,1
KvMo3x77,SP2,eldense,andorra,2024-04-06,0,2
be8rbqvR,SP2,oviedo,mirandes,2025-06-21,3,1
jV4z059E,SP2,mirandes,oviedo,2025-06-15,1,0
8EmxUN05,SP2,mirandes,racing santander,2025-06-12,4,1
KvxMX51t,SP2,oviedo,almeria,2025-06-11,1,1
G6VUVqWh,SP2,racing santander,mirandes,2025-06-08,3,3
4S1CD2GO,SP2,almeria,oviedo,2025-06-07,1,2
KM6bBKNi,SP2,cordoba,albacete,2025-06-01,1,1
82LObsvn,SP2,almeria,tenerife,2025-06-01,2,0
8rwtgw8N,SP2,dep. la coruna,elche,2025-06-01,0,4
tGJWdL8b,SP2,fc cartagena sad,mirandes,2025-06-01,1,3
Eqrf0fFj,SP2,huesca,eldense,2025-06-01,3,2
r1iO5GiT,SP2,levante,eibar,2025-06-01,1,0
nZcF7xNG,SP2,oviedo,cadiz cf,2025-06-01,2,1
fuLtOc7c,SP2,racing santander,granada cf,2025-06-01,2,1
ELa79bh4,SP2,malaga,burgos cf,2025-05-31,2,2
hGECmHVp,SP2,racing club ferrol,gijon,2025-05-31,0,2
0IZXfawB,SP2,castellon,zaragoza,2025-05-30,4,1
nD4zjDeE,SP2,burgos cf,levante,2025-05-25,2,3
hCW7X4um,SP2,cadiz cf,huesca,2025-05-25,4,0
0dbcrMg5,SP2,eibar,cordoba,2025-05-25,4,1
ERKGVrAa,SP2,elche,malaga,2025-05-25,2,0
0rJOTMvC,SP2,eldense,racing santander,2025-05-25,3,3
CMnsn4ft,SP2,gijon,fc cartagena sad,2025-05-25,3,2
8ltjprPh,SP2,granada cf,castellon,2025-05-25,2,1
dACXR09O,SP2,mirandes,almeria,2025-05-25,0,0
UyjEvvgU,SP2,tenerife,oviedo,2025-05-25,0,1
MBn6t0OH,SP2,zaragoza,dep. la coruna,2025-05-25,1,0
Uyzjr1x8,SP2,albacete,racing club ferrol,2025-05-24,2,0
pA1TvSVF,SP2,cordoba,mirandes,2025-05-19,1,2
jiIQK6vp,SP2,almeria,racing santander,2025-05-18,2,0
xpbLtl13,SP2,castellon,eldense,2025-05-18,1,1
rLB8VNh2,SP2,oviedo,zaragoza,2025-05-18,1,0
2PrZoqwq,SP2,racing club ferrol,cadiz cf,2025-05-18,1,0
x8t8XqOk,SP2,malaga,gijon,2025-05-17,2,1
dlLYIp9d,SP2,fc cartagena sad,tenerife,2025-05-17,1,0
dOyrpN7e,SP2,huesca,elche,2025-05-17,2,1
txexw60S,SP2,dep. la coruna,granada cf,2025-05-17,2,3
Wth3i5FL,SP2,eibar,burgos cf,2025-05-17,1,0
AR3fgRp9,SP2,levante,albacete,2025-05-16,1,0
2RqwUAHc,SP2,granada cf,eibar,2025-05-12,0,2
bgwnSlnA,SP2,tenerife,racing club ferrol,2025-05-11,0,0
8nDTDbRa,SP2,albacete,huesca,2025-05-11,3,2
ziQeHXXi,SP2,eldense,malaga,2025-05-11,1,0
W6yfQSGM,SP2,racing santander,oviedo,2025-05-11,1,1
4WHCDkXG,SP2,zaragoza,fc cartagena sad,2025-05-10,3,2
U11xCxdC,SP2,burgos cf,cordoba,2025-05-10,3,2
z1T9gUuo,SP2,elche,levante,2025-05-10,1,3
dUdi67Pj,SP2,gijon,dep. la coruna,2025-05-10,2,1
CdLKBT1T,SP2,mirandes,castellon,2025-05-10,3,2
84O3FB24,SP2,cadiz cf,almeria,2025-05-09,2,1
Gx0Sp0cD,SP2,castellon,gijon,2025-05-05,4,3
Q7JAcwsJ,SP2,dep. la coruna,albacete,2025-05-04,5,1
jD7tf4zR,SP2,almeria,eldense,2025-05-04,5,0
rP1KnMS0,SP2,fc cartagena sad,racing santander,2025-05-04,1,0
00Yp3sDs,SP2,racing club ferrol,zaragoza,2025-05-04,1,2
UuQ1aaC6,SP2,levante,tenerife,2025-05-04,1,1
nc8Blrbl,SP2,burgos cf,elche,2025-05-03,0,1
WprF83kK,SP2,eibar,mirandes,2025-05-03,0,1
0M9LFKdm,SP2,malaga,granada cf,2025-05-03,1,0
MFMg1Lsf,SP2,huesca,oviedo,2025-05-03,1,2
I16dLtZP,SP2,cordoba,cadiz cf,2025-05-02,4,2
UJWMszo4,SP2,almeria,racing club ferrol,2025-04-29,2,1
2iRoYMD7,SP2,zaragoza,huesca,2025-04-27,1,1
SYC3LqU1,SP2,malaga,castellon,2025-04-27,1,0
YBZUy5Er,SP2,tenerife,eibar,2025-04-27,1,1
GfgbsRjL,SP2,racing santander,dep. la coruna,2025-04-27,2,1
6PXxzqqe,SP2,granada cf,elche,2025-04-26,1,1
K89eN5ak,SP2,mirandes,burgos cf,2025-04-26,2,1
8UkjqmM8,SP2,eldense,cordoba,2025-04-26,1,1
UcJXeQ5E,SP2,oviedo,levante,2025-04-26,1,0
YiwEqdGi,SP2,albacete,fc cartagena sad,2025-04-26,3,1
2XUUuEFG,SP2,cadiz cf,gijon,2025-04-25,1,0
YFqHUSkI,SP2,eibar,malaga,2025-04-21,2,2
C0e8WlL5,SP2,dep. la coruna,tenerife,2025-04-20,0,0
YwbuVd1b,SP2,elche,albacete,2025-04-20,2,2
4zh0YAjg,SP2,cordoba,oviedo,2025-04-20,0,0
88bizXLt,SP2,fc cartagena sad,granada cf,2025-04-20,2,3
hdOsGTzP,SP2,burgos cf,cadiz cf,2025-04-19,2,2
0QaXWIWo,SP2,levante,zaragoza,2025-04-19,5,2
KWsPS6KU,SP2,huesca,racing santander,2025-04-19,1,3
MD9eRE0N,SP2,racing club ferrol,eldense,2025-04-19,1,0
U5ilTzWA,SP2,castellon,almeria,2025-04-18,4,1
6ooSLhOp,SP2,gijon,mirandes,2025-04-18,3,1
0SUa5CM6,SP2,huesca,malaga,2025-04-14,1,0
C8TO3ao2,SP2,almeria,fc cartagena sad,2025-04-13,2,1
40yi7Yif,SP2,eldense,gijon,2025-04-13,1,2
UHwILX6m,SP2,mirandes,dep. la coruna,2025-04-13,2,2
bZnnRgqQ,SP2,racing santander,castellon,2025-04-13,1,1
GtzG5LGk,SP2,albacete,granada cf,2025-04-13,0,2
bcVYHk6C,SP2,oviedo,racing club ferrol,2025-04-12,3,0
xnLAR2w9,SP2,cadiz cf,elche,2025-04-12,0,1
YuT73jiJ,SP2,tenerife,burgos cf,2025-04-12,0,0
jXRQJBy0,SP2,zaragoza,eibar,2025-04-12,2,2
dzYr9fNs,SP2,cordoba,levante,2025-04-11,2,2
GbTo2nAc,SP2,elche,racing club ferrol,2025-04-07,1,0
xSdTEPg3,SP2,dep. la coruna,cadiz cf,2025-04-06,1,0
dfdLoRPG,SP2,burgos cf,huesca,2025-04-06,2,1
OreyD3OF,SP2,malaga,cordoba,2025-04-06,0,1
d8yf0QvA,SP2,levante,racing santander,2025-04-06,3,1
KAlpBsgS,SP2,zaragoza,mirandes,2025-04-06,1,0
ULZ1b49M,SP2,gijon,tenerife,2025-04-05,1,3
4KaTq5fT,SP2,fc cartagena sad,eldense,2025-04-05,0,1
dWJtiM1d,SP2,granada cf,almeria,2025-04-05,3,1
lhy0vqIj,SP2,eibar,oviedo,2025-04-05,1,1
l6GYhrXq,SP2,castellon,albacete,2025-04-04,2,2
8EJ9Xz56,SP2,cadiz cf,eibar,2025-03-31,0,0
QgEw4Rm1,SP2,huesca,almeria,2026-03-20,1,3
6cstUK6U,SP2,albacete,las palmas,2026-03-16,2,1
dtoX01yh,SP2,gijon,castellon,2026-03-15,4,1
K07FrKLN,SP2,eibar,burgos cf,2026-03-15,0,0
h8vtau64,SP2,malaga,huesca,2026-03-15,5,3
f7FCqqal,SP2,granada cf,andorra,2026-03-15,1,1
G8Abn2Mb,SP2,cordoba,real sociedad b,2026-03-15,0,2
reCjlOin,SP2,ceuta,dep. la coruna,2026-03-14,1,2
QLxlcJzH,SP2,valladolid,leganes,2026-03-14,3,2
KMfMvBKk,SP2,zaragoza,almeria,2026-03-14,2,0
Cz47ptiB,SP2,cultural leonesa,racing santander,2026-03-14,1,2
4Yrnwbqo,SP2,mirandes,cadiz cf,2026-03-13,0,2
bB2cJ3hC,SP2,almeria,cultural leonesa,2026-03-09,3,0
UVAtNogm,SP2,dep. la coruna,granada cf,2026-03-08,0,2
bXwYVtxI,SP2,leganes,eibar,2026-03-08,0,1
xIkPX275,SP2,racing santander,cordoba,2026-03-08,4,3
l8mu2iFF,SP2,andorra,gijon,2026-03-08,1,0
UinHZOxg,SP2,las palmas,ceuta,2026-03-08,4,0
joakLPNa,SP2,malaga,valladolid,2026-03-07,3,3
bcNO44wJ,SP2,burgos cf,mirandes,2026-03-07,2,0
fwd6HsNO,SP2,huesca,albacete,2026-03-07,0,0
AkWFyo8t,SP2,real sociedad b,castellon,2026-03-07,4,2
E55BS7VP,SP2,cadiz cf,zaragoza,2026-03-06,0,1
ShaW3Dp3,SP2,cordoba,andorra,2026-03-02,1,4
QqPG6Q86,SP2,gijon,leganes,2026-03-02,0,0
d6Su5DX1,SP2,eibar,cadiz cf,2026-03-01,3,1
48m1CeuS,SP2,cultural leonesa,las palmas,2026-03-01,0,3
OCKRSGP8,SP2,mirandes,ceuta,2026-03-01,0,1
r1XaA89s,SP2,real sociedad b,dep. la coruna,2026-03-01,2,3
2qipGwt3,SP2,castellon,racing santander,2026-02-28,1,3
A9fhEHAF,SP2,granada cf,malaga,2026-02-28,0,1
UHV78nvf,SP2,valladolid,huesca,2026-02-28,1,0
0vZW6Z2k,SP2,zaragoza,burgos cf,2026-02-28,0,1
MmEchzld,SP2,albacete,almeria,2026-02-27,1,1
viswBQs2,SP2,ceuta,cordoba,2026-02-25,3,2
CK7rqBgo,SP2,cadiz cf,real sociedad b,2026-02-23,0,2
CvfJ1vR9,SP2,malaga,albacete,2026-02-22,1,0
phhRaIeM,SP2,racing santander,burgos cf,2026-02-22,1,0
2F7ptAhd,SP2,andorra,zaragoza,2026-02-22,2,1
l68Ouc4j,SP2,gijon,valladolid,2026-02-22,2,2
ENAkfdJq,SP2,las palmas,castellon,2026-02-21,1,1
GC0A30dc,SP2,almeria,cordoba,2026-02-21,2,1
29zyk1s4,SP2,dep. la coruna,eibar,2026-02-21,1,0
byUqmuCG,SP2,huesca,mirandes,2026-02-21,1,2
4YWioJtT,SP2,leganes,cultural leonesa,2026-02-21,1,1
UexTjNCi,SP2,ceuta,granada cf,2026-02-20,2,1
2oMClXVN,SP2,real sociedad b,malaga,2026-02-16,2,1
xMPChOQs,SP2,castellon,dep. la coruna,2026-02-15,2,0
SfU1zsBD,SP2,albacete,gijon,2026-02-15,1,1
61HTltQ6,SP2,eibar,racing santander,2026-02-15,2,1
Y5UehFWb,SP2,huesca,ceuta,2026-02-15,2,0
tWX3jg1B,SP2,mirandes,las palmas,2026-02-15,1,1
nBPymKfJ,SP2,granada cf,valladolid,2026-02-14,5,1
xvymfy2n,SP2,cultural leonesa,zaragoza,2026-02-14,0,0
6wZtbp3K,SP2,burgos cf,cadiz cf,2026-02-14,1,1
byELj2ef,SP2,cordoba,leganes,2026-02-14,2,1
6mEyrWNq,SP2,almeria,andorra,2026-02-13,3,2
fsWgx3t1,SP2,racing santander,mirandes,2026-02-09,1,0
SWoFqolR,SP2,malaga,cultural leonesa,2026-02-08,2,1
6Hc6o7JE,SP2,gijon,huesca,2026-02-08,2,1
bFxovPBl,SP2,cadiz cf,almeria,2026-02-08,1,2
KnKPYTZ8,SP2,dep. la coruna,albacete,2026-02-08,2,1
CbE3RoSr,SP2,valladolid,castellon,2026-02-08,0,4
pCCBPPde,SP2,zaragoza,eibar,2026-02-07,1,1
hEXWW74L,SP2,las palmas,burgos cf,2026-02-07,0,0
AHS5mh0M,SP2,andorra,real sociedad b,2026-02-07,1,2
tv6KN3R7,SP2,leganes,granada cf,2026-02-06,1,0
WQwVCnDk,SP2,mirandes,malaga,2026-02-02,2,1
d8Pn09Tq,SP2,granada cf,racing santander,2026-02-01,1,0
EkZdkEV9,SP2,castellon,andorra,2026-02-01,2,0
pU5sMjj3,SP2,huesca,cadiz cf,2026-02-01,1,0
j9cFIHqB,SP2,eibar,gijon,2026-02-01,1,0
INDebmbd,SP2,almeria,ceuta,2026-02-01,4,2
W6sEKwFb,SP2,cordoba,valladolid,2026-01-31,3,1
vTbjKUKF,SP2,cultural leonesa,dep. la coruna,2026-01-31,0,1
KSDe2daU,SP2,albacete,zaragoza,2026-01-31,2,0
bgq6Mapn,SP2,burgos cf,leganes,2026-01-31,2,1
CtcbI8kS,SP2,real sociedad b,las palmas,2026-01-30,1,1
CK3J0qOP,SP2,ceuta,cultural leonesa,2026-01-26,3,1
r3fkeNom,SP2,dep. la coruna,racing santander,2026-01-25,0,1
2DAO9M0t,SP2,zaragoza,castellon,2026-01-25,0,0
jmMv6v05,SP2,eibar,almeria,2026-01-25,1,0
SYzkiz1c,SP2,andorra,huesca,2026-01-25,1,1
dCLWxtWI,SP2,cadiz cf,granada cf,2026-01-24,1,2
C2Am4IUH,SP2,gijon,mirandes,2026-01-24,3,0
bu4X70Vh,SP2,las palmas,cordoba,2026-01-24,1,2
4Irbg1Ga,SP2,leganes,real sociedad b,2026-01-24,2,0
jZt6iuoC,SP2,valladolid,albacete,2026-01-24,0,1
n1zFkJFO,SP2,malaga,burgos cf,2026-01-23,3,0
MZQ7rp2s,SP2,granada cf,eibar,2026-01-19,0,0
4rSlSOH0,SP2,cordoba,malaga,2026-01-18,0,1
nuqGt3Fd,SP2,albacete,cadiz cf,2026-01-18,1,0
U380lFY2,SP2,burgos cf,huesca,2026-01-18,1,0
UaUFtOWg,SP2,racing santander,las palmas,2026-01-18,4,1
nwb2TW8j,SP2,mirandes,andorra,2026-01-18,1,2
x2kyl6vK,SP2,almeria,dep. la coruna,2026-01-17,1,2
ObNOv216,SP2,zaragoza,real sociedad b,2026-01-17,1,1
AeckQ2nD,SP2,cultural leonesa,gijon,2026-01-17,2,4
WUTtUpml,SP2,ceuta,valladolid,2026-01-17,0,3
xUB8ng3F,SP2,castellon,leganes,2026-01-16,2,0
t4VNHMtR,SP2,huesca,cordoba,2026-01-12,1,2
hrkTeuK7,SP2,granada cf,castellon,2026-01-11,0,0
KlsFJrCE,SP2,malaga,ceuta,2026-01-11,2,1
6oHu5qcL,SP2,leganes,valladolid,2026-01-11,3,0
pAHymvy1,I1,salernitana,udinese,2022-05-22,0,4
6HRehZCt,I1,venezia,cagliari,2022-05-22,0,0
OfTSl06l,I1,inter,sampdoria,2022-05-22,3,0
EqMunbj7,I1,sassuolo,ac milan,2022-05-22,0,3
hzLqoI5D,I1,spezia,napoli,2022-05-22,0,3
UwPge2TK,I1,atalanta,empoli,2022-05-21,0,1
8UNcfMrR,I1,fiorentina,juventus,2022-05-21,2,0
6JIXmKLf,I1,lazio,verona,2022-05-21,3,3
Q9APktir,I1,genoa,bologna,2022-05-21,0,1
fuaS91rE,I1,torino,as roma,2022-05-20,0,3
pjkjysxk,I1,juventus,lazio,2022-05-16,2,2
YBVpcOb8,I1,sampdoria,fiorentina,2022-05-16,4,1
hhEFsqaL,I1,cagliari,inter,2022-05-15,1,3
Otlfz1ie,I1,ac milan,atalanta,2022-05-15,2,0
65waZK61,I1,napoli,genoa,2022-05-15,3,0
vkABrPqF,I1,bologna,sassuolo,2022-05-15,1,3
K8s3YvM7,I1,as roma,venezia,2022-05-14,1,1
C2UldrEE,I1,udinese,spezia,2022-05-14,2,3
xQknxNMr,I1,verona,torino,2022-05-14,0,1
zH3Kt3ER,I1,empoli,salernitana,2022-05-14,1,1
hYoUVo09,I1,fiorentina,as roma,2022-05-09,2,0
0bkxUPUL,I1,verona,ac milan,2022-05-08,1,3
d6UCNN7k,I1,salernitana,cagliari,2022-05-08,1,1
pSA7q5U8,I1,venezia,bologna,2022-05-08,4,3
UJSKL1x2,I1,spezia,atalanta,2022-05-08,1,3
pWQ8O3hq,I1,lazio,sampdoria,2022-05-07,2,0
jTTGMsNe,I1,sassuolo,udinese,2022-05-07,1,1
6yC3poF2,I1,torino,napoli,2022-05-07,0,1
WOpYU5FF,I1,genoa,juventus,2022-05-06,2,1
vkltTqpS,I1,inter,empoli,2022-05-06,4,2
A7Z7DfiB,I1,salernitana,venezia,2022-05-05,2,1
Sh16Kcet,I1,atalanta,salernitana,2022-05-02,1,1
4C5Z94wj,I1,as roma,bologna,2022-05-01,0,0
A9dPWRp3,I1,udinese,inter,2022-05-01,1,2
zsmBFQFS,I1,ac milan,fiorentina,2022-05-01,1,0
SGq3HnoG,I1,empoli,torino,2022-05-01,1,3
tKm7G60M,I1,juventus,venezia,2022-05-01,2,1
d6hLX7Vd,I1,spezia,lazio,2022-04-30,3,4
r34w9Ohd,I1,sampdoria,genoa,2022-04-30,1,0
phfbISV9,I1,cagliari,verona,2022-04-30,1,2
xjZxBpOq,I1,napoli,sassuolo,2022-04-30,6,1
SpyuALpJ,I1,atalanta,torino,2022-04-27,4,4
SOwmIIxt,I1,bologna,inter,2022-04-27,2,1
tSsiHxhn,I1,fiorentina,udinese,2022-04-27,0,4
KnSh1zeI,I1,sassuolo,juventus,2022-04-25,1,2
OKYq3dQ5,I1,lazio,ac milan,2022-04-24,1,2
YVuX5btm,I1,genoa,cagliari,2022-04-24,1,0
x0f1BKIP,I1,bologna,udinese,2022-04-24,2,2
fusT6vRt,I1,empoli,napoli,2022-04-24,3,2
xOxl2GuC,I1,salernitana,fiorentina,2022-04-24,2,1
j7zx5Ieg,I1,verona,sampdoria,2022-04-23,1,1
UcZu4xBa,I1,inter,as roma,2022-04-23,3,1
bwRd0fAO,I1,torino,spezia,2022-04-23,2,1
QqFvPwmP,I1,venezia,atalanta,2022-04-23,1,3
fJNXBsG6,I1,udinese,salernitana,2022-04-20,0,1
GGCTEY7K,I1,atalanta,verona,2022-04-18,1,2
SG795UU6,I1,napoli,as roma,2022-04-18,1,1
61J07j0f,I1,lazio,torino,2022-04-16,1,1
hbFd8Wpl,I1,juventus,bologna,2022-04-16,1,1
byGh9CVs,I1,fiorentina,venezia,2022-04-16,1,0
djCD4lpD,I1,sampdoria,salernitana,2022-04-16,1,2
vFybC03J,I1,udinese,empoli,2022-04-16,4,1
dSTQDhNQ,I1,cagliari,sassuolo,2022-04-16,1,0
lQ856AF0,I1,ac milan,genoa,2022-04-15,2,0
zsBH38aJ,I1,spezia,inter,2022-04-15,1,3
Ualn2eOE,I1,bologna,sampdoria,2022-04-11,2,0
OMPsiVFD,I1,torino,ac milan,2022-04-10,0,0
SfWYhio1,I1,as roma,salernitana,2022-04-10,2,1
l4XUgXVf,I1,napoli,fiorentina,2022-04-10,2,3
AJLwhB07,I1,sassuolo,atalanta,2022-04-10,2,1
xQDPFEhE,I1,venezia,udinese,2022-04-10,1,2
tvUMeg1r,I1,genoa,lazio,2022-04-10,1,4
OMmj1FwL,I1,cagliari,juventus,2022-04-09,1,2
KUSQfDGl,I1,inter,verona,2022-04-09,2,0
zcif0ZhR,I1,empoli,spezia,2022-04-09,0,0
Sz4msfnk,I1,ac milan,bologna,2022-04-04,0,0
EBxC0rmA,I1,verona,genoa,2022-04-04,1,0
8niFa22G,I1,juventus,inter,2022-04-03,0,1
z17euYG1,I1,sampdoria,as roma,2022-04-03,0,1
hdl324Ic,I1,atalanta,napoli,2022-04-03,1,3
j9kr3y98,I1,udinese,cagliari,2022-04-03,5,1
zLw81OX3,I1,fiorentina,empoli,2022-04-03,1,0
tv8itE1e,I1,salernitana,torino,2022-04-02,0,1
pCErrzXr,I1,lazio,sassuolo,2022-04-02,2,1
Ei6avhW7,I1,spezia,venezia,2022-04-02,1,0
WSKLkRYi,I1,bologna,atalanta,2022-03-20,0,1
nacDusBp,I1,as roma,lazio,2022-03-20,3,0
vgOTm534,I1,empoli,verona,2022-03-20,1,1
SEGto3mN,I1,juventus,salernitana,2022-03-20,2,0
vgpa3p3i,I1,venezia,sampdoria,2022-03-20,0,2
02PPlolb,I1,cagliari,ac milan,2022-03-19,0,1
YiHxnqYG,I1,inter,fiorentina,2022-03-19,1,1
65FppN2T,I1,napoli,udinese,2022-03-19,2,1
MHDYnPIA,I1,genoa,torino,2022-03-18,1,0
QkdHv1Qj,I1,sassuolo,spezia,2022-03-18,4,1
MexbznZ4,I1,lazio,venezia,2022-03-14,1,0
jXsZRNto,I1,torino,inter,2022-03-13,1,1
W6qowlkn,I1,atalanta,genoa,2022-03-13,0,0
hxMHj7Jo,I1,udinese,as roma,2022-03-13,1,1
SYxfySJb,I1,verona,napoli,2022-03-13,1,2
EVYkx84h,I1,fiorentina,bologna,2022-03-13,1,0
0ny2Z5lB,I1,ac milan,empoli,2022-03-12,1,0
Kli3XqJN,I1,sampdoria,juventus,2022-03-12,1,3
tbhaYP3H,I1,salernitana,sassuolo,2022-03-12,2,2
EBj7W3YT,I1,spezia,cagliari,2022-03-12,2,0
Q3DqQz7n,I1,spezia,verona,2023-06-11,1,3
dCc3RImt,I1,ac milan,verona,2023-06-04,3,1
hviCPdIh,I1,as roma,spezia,2023-06-04,2,1
n1Up9yYB,I1,atalanta,monza,2023-06-04,5,2
KjMc6ZHU,I1,lecce,bologna,2023-06-04,2,3
vegOMf2B,I1,udinese,juventus,2023-06-04,0,1
z3d7Qx3n,I1,napoli,sampdoria,2023-06-04,2,0
QiTl8emI,I1,cremonese,salernitana,2023-06-03,2,0
8GIg7F2O,I1,empoli,lazio,2023-06-03,0,2
QikKNzm5,I1,torino,inter,2023-06-03,0,1
WUkGOGXb,I1,sassuolo,fiorentina,2023-06-02,1,3
nwnbIuBP,I1,juventus,ac milan,2023-05-28,0,1
lnYPDaJt,I1,lazio,cremonese,2023-05-28,3,2
EJOBdbl6,I1,bologna,napoli,2023-05-28,2,2
r9XTCJYn,I1,monza,lecce,2023-05-28,0,1
MqSJfxJI,I1,verona,empoli,2023-05-28,1,1
0zRNgdYO,I1,inter,atalanta,2023-05-27,3,2
SMSFeI3C,I1,fiorentina,as roma,2023-05-27,2,1
dCyYBwlg,I1,salernitana,udinese,2023-05-27,3,2
IRPtAHI5,I1,spezia,torino,2023-05-27,0,4
vyRxBc3a,I1,sampdoria,sassuolo,2023-05-26,2,2
zT3xraZC,I1,empoli,juventus,2023-05-22,4,1
pvXf0tks,I1,as roma,salernitana,2023-05-22,2,2
WfZ6cvZa,I1,udinese,lazio,2023-05-21,0,1
vcfS4MtQ,I1,napoli,inter,2023-05-21,3,1
h4z3bKJg,I1,torino,fiorentina,2023-05-21,1,1
EJ2tsJlJ,I1,lecce,spezia,2023-05-21,0,0
SMjO52RJ,I1,ac milan,sampdoria,2023-05-20,5,1
v1ATqL40,I1,atalanta,verona,2023-05-20,3,1
Ii9XruK6,I1,cremonese,bologna,2023-05-20,1,5
OUVba04m,I1,sassuolo,monza,2023-05-19,1,2
Wz7Loszl,I1,sampdoria,empoli,2023-05-15,1,1
0nXtgPsE,I1,juventus,cremonese,2023-05-14,2,0
CQjnXsLf,I1,bologna,as roma,2023-05-14,0,0
jHkjW1z1,I1,fiorentina,udinese,2023-05-14,2,0
n3Vli3CQ,I1,monza,napoli,2023-05-14,2,0
pvkfVLk7,I1,verona,torino,2023-05-14,0,1
bsgbUu5D,I1,inter,sassuolo,2023-05-13,4,2
pvBPp1kf,I1,spezia,ac milan,2023-05-13,2,0
lCHGnNKs,I1,salernitana,atalanta,2023-05-13,1,0
vwWphqcK,I1,lazio,lecce,2023-05-12,2,2
O2Z9jWLF,I1,sassuolo,bologna,2023-05-08,1,1
xdzCVUqj,I1,empoli,salernitana,2023-05-08,2,1
fkdsYN5l,I1,udinese,sampdoria,2023-05-08,2,0
GnZFUlad,I1,lecce,verona,2023-05-07,0,1
rgR1hhi3,I1,napoli,fiorentina,2023-05-07,1,0
GbcwZ3jr,I1,torino,monza,2023-05-07,1,1
IBguyiMS,I1,atalanta,juventus,2023-05-07,0,2
fXp7WAUq,I1,cremonese,spezia,2023-05-06,2,0
QHG6iC69,I1,as roma,inter,2023-05-06,0,2
42ScgYyc,I1,ac milan,lazio,2023-05-06,2,0
pr79NXiT,I1,empoli,bologna,2023-05-04,3,1
OlfyxX6M,I1,udinese,napoli,2023-05-04,1,1
WYuSuF7c,I1,ac milan,cremonese,2023-05-03,1,1
IVyOtehi,I1,lazio,sassuolo,2023-05-03,2,0
QeuWvZM3,I1,monza,as roma,2023-05-03,1,1
xzayJi0p,I1,verona,inter,2023-05-03,0,6
6i85ODxN,I1,atalanta,spezia,2023-05-03,3,2
GQcuIBFj,I1,juventus,lecce,2023-05-03,2,1
4nvzvgxA,I1,salernitana,fiorentina,2023-05-03,3,3
pbeXxDiG,I1,sampdoria,torino,2023-05-03,0,2
WYgNBzgH,I1,bologna,juventus,2023-04-30,1,1
hlrW9ENT,I1,fiorentina,sampdoria,2023-04-30,5,0
APhRAf8N,I1,cremonese,verona,2023-04-30,1,1
M3MqTyOi,I1,napoli,salernitana,2023-04-30,1,1
IVFhRFh4,I1,sassuolo,empoli,2023-04-30,2,1
U9Zc5YVp,I1,inter,lazio,2023-04-30,3,1
OSI0PgNG,I1,torino,atalanta,2023-04-29,1,2
vuHlSewb,I1,as roma,ac milan,2023-04-29,1,1
ChFdQZ7A,I1,spezia,monza,2023-04-28,0,2
rDNuUH8o,I1,lecce,udinese,2023-04-28,1,0
p4Gtac9B,I1,atalanta,as roma,2023-04-24,3,1
UiIhdegU,I1,juventus,napoli,2023-04-23,0,1
8Im3Gbvn,I1,ac milan,lecce,2023-04-23,2,0
2um7FIgh,I1,monza,fiorentina,2023-04-23,3,2
xbuKCGwB,I1,udinese,cremonese,2023-04-23,3,0
dvKpbHOH,I1,empoli,inter,2023-04-23,0,3
b7tGDdO4,I1,sampdoria,spezia,2023-04-22,1,1
URlaHvPu,I1,lazio,torino,2023-04-22,0,1
GriBEx9b,I1,salernitana,sassuolo,2023-04-22,3,0
j1JlcyvO,I1,verona,bologna,2023-04-21,2,1
UTJ5cpY6,I1,fiorentina,atalanta,2023-04-17,1,1
GOOP2uAn,I1,as roma,udinese,2023-04-16,3,0
fFNT1aPh,I1,sassuolo,juventus,2023-04-16,1,0
2uRy0wf5,I1,torino,salernitana,2023-04-16,1,1
MN6iLmQD,I1,lecce,sampdoria,2023-04-16,1,1
8KI9d4mD,I1,inter,monza,2023-04-15,0,1
YaZK3Lft,I1,napoli,verona,2023-04-15,0,0
AR34a63f,I1,bologna,ac milan,2023-04-15,1,1
OlSX0Jva,I1,spezia,lazio,2023-04-14,0,3
lI28bQI0,I1,cremonese,empoli,2023-04-14,1,0
6Vfy0Ix8,I1,lazio,juventus,2023-04-08,2,1
210d1SYs,I1,torino,as roma,2023-04-08,0,1
8pxY0bN1,I1,verona,sassuolo,2023-04-08,2,1
zXwQ2Khk,I1,atalanta,bologna,2023-04-08,0,2
dKNT58QQ,I1,sampdoria,cremonese,2023-04-08,2,3
ENxU1v8e,I1,fiorentina,spezia,2023-04-08,1,1
G4400nll,I1,udinese,monza,2023-04-08,2,2
lfKL7UeE,I1,ac milan,empoli,2023-04-07,0,0
A3LH8At8,I1,lecce,napoli,2023-04-07,1,2
ITOP6lBK,I1,salernitana,inter,2023-04-07,1,1
Gncg8tVR,I1,sassuolo,torino,2023-04-03,1,1
tAIjlLwd,I1,empoli,lecce,2023-04-03,1,0
0OKRs71U,I1,atalanta,fiorentina,2024-06-02,2,3
4W5t03Zl,I1,empoli,as roma,2024-05-26,2,1
rN4paNle,I1,frosinone,udinese,2024-05-26,0,1
6Le197C2,I1,lazio,sassuolo,2024-05-26,1,1
jPP565dL,I1,verona,inter,2024-05-26,2,2
pnP95PBR,I1,atalanta,torino,2024-05-26,3,0
CYQ17osF,I1,napoli,lecce,2024-05-26,0,0
pCf58RR8,I1,ac milan,salernitana,2024-05-25,3,3
hI7JpOZ1,I1,juventus,monza,2024-05-25,2,0
Cd9lbs41,I1,genoa,bologna,2024-05-24,2,0
M7Gy1qKr,I1,cagliari,fiorentina,2024-05-23,2,3
rmlyYpjd,I1,bologna,juventus,2024-05-20,3,3
Q7Nvh6sS,I1,salernitana,verona,2024-05-20,1,2
nHOzgnSL,I1,as roma,genoa,2024-05-19,1,0
beWNelr3,I1,inter,lazio,2024-05-19,1,1
4hZVgSCF,I1,monza,frosinone,2024-05-19,0,1
vF3Fo4Ke,I1,udinese,empoli,2024-05-19,1,1
IaF6mQkq,I1,sassuolo,cagliari,2024-05-19,0,2
djEAnp5k,I1,torino,ac milan,2024-05-18,3,1
hIVRf8c9,I1,lecce,atalanta,2024-05-18,0,2
K4XJdUSd,I1,fiorentina,napoli,2024-05-17,2,2
UFIypiqi,I1,fiorentina,monza,2024-05-13,2,1
jk9duTcM,I1,lecce,udinese,2024-05-13,0,2
GCUgL76j,I1,atalanta,as roma,2024-05-12,2,1
4YAlskT9,I1,juventus,salernitana,2024-05-12,1,1
QsCprVD3,I1,genoa,sassuolo,2024-05-12,2,1
4dkXYQzj,I1,verona,torino,2024-05-12,1,2
CbAht9rG,I1,lazio,empoli,2024-05-12,2,0
YDb1vmDS,I1,ac milan,cagliari,2024-05-11,5,1
AZkTZ6Lq,I1,napoli,bologna,2024-05-11,0,2
rJMuqBbc,I1,frosinone,inter,2024-05-10,0,5
MBCLwGMH,I1,udinese,napoli,2024-05-06,1,1
jDeAtIxa,I1,salernitana,atalanta,2024-05-06,1,2
8l65sbNh,I1,as roma,juventus,2024-05-05,1,1
0O2cqKht,I1,ac milan,genoa,2024-05-05,3,3
bFGVm0pP,I1,empoli,frosinone,2024-05-05,0,0
xMVkMmip,I1,verona,fiorentina,2024-05-05,2,1
fsjku8tP,I1,cagliari,lecce,2024-05-05,1,1
lbEDuxh5,I1,sassuolo,inter,2024-05-04,1,0
Uc71rv8n,I1,monza,lazio,2024-05-04,2,2
rLDHvd7B,I1,torino,bologna,2024-05-03,0,0
dQhciEZJ,I1,genoa,cagliari,2024-04-29,3,0
tvnotlRI,I1,fiorentina,sassuolo,2024-04-28,5,1
8QmwrAd6,I1,atalanta,empoli,2024-04-28,2,0
SEWuqjs0,I1,napoli,as roma,2024-04-28,2,2
nHnssUBC,I1,bologna,udinese,2024-04-28,1,1
zHi1jYlQ,I1,inter,torino,2024-04-28,2,0
f1YXpCCm,I1,lazio,verona,2024-04-27,1,0
tbUTohcs,I1,juventus,ac milan,2024-04-27,0,0
lOXypWRg,I1,lecce,monza,2024-04-27,1,1
8AaFSUdJ,I1,frosinone,salernitana,2024-04-26,3,0
f1nTGXc7,I1,udinese,as roma,2024-04-25,1,2
rNSNxFKQ,I1,ac milan,inter,2024-04-22,1,2
279fXhrl,I1,as roma,bologna,2024-04-22,1,3
pWEkYYSs,I1,monza,atalanta,2024-04-21,1,2
tb8bWCcf,I1,salernitana,fiorentina,2024-04-21,0,2
neB6UjS6,I1,torino,frosinone,2024-04-21,0,0
zL72VWC0,I1,sassuolo,lecce,2024-04-21,0,3
UJ0BTAsD,I1,verona,udinese,2024-04-20,1,0
zcPFvyjE,I1,empoli,napoli,2024-04-20,1,0
YioXFiDD,I1,cagliari,juventus,2024-04-19,2,2
l0TJwe5K,I1,genoa,lazio,2024-04-19,0,1
K6Cj3ET7,I1,atalanta,verona,2024-04-15,2,2
C0axRHLE,I1,fiorentina,genoa,2024-04-15,1,1
UyfsQyyL,I1,inter,cagliari,2024-04-14,2,2
MZYLIgTf,I1,sassuolo,ac milan,2024-04-14,3,3
vBqHJZDl,I1,napoli,frosinone,2024-04-14,2,2
Y90YRc68,I1,bologna,monza,2024-04-13,0,0
0QXPHDr1,I1,torino,juventus,2024-04-13,0,0
Q7uDKFbr,I1,lecce,empoli,2024-04-13,1,0
8ShoPejR,I1,lazio,salernitana,2024-04-12,4,1
Q7Js5zae,I1,udinese,inter,2024-04-08,1,2
pjacQpV3,I1,juventus,fiorentina,2024-04-07,1,0
CpeE3NNj,I1,cagliari,atalanta,2024-04-07,2,1
8W8n4fE1,I1,verona,genoa,2024-04-07,1,2
tIh6OOaG,I1,monza,napoli,2024-04-07,2,4
jTagRQFc,I1,frosinone,bologna,2024-04-07,0,0
Cx1kS60i,I1,empoli,torino,2024-04-06,3,2
IsGZ6dUr,I1,as roma,lazio,2024-04-06,1,0
bg31P4pA,I1,ac milan,lecce,2024-04-06,3,0
nHKw6Gqk,I1,salernitana,sassuolo,2024-04-05,2,2
CMCRCR04,I1,inter,empoli,2024-04-01,2,0
KnGZA5VG,I1,lecce,as roma,2024-04-01,0,0
hM5FFTGo,I1,cagliari,verona,2024-04-01,1,1
GE9r9q0T,I1,sassuolo,udinese,2024-04-01,1,1
vJHXjpvo,I1,bologna,salernitana,2024-04-01,3,0
j7OIEmWi,I1,fiorentina,ac milan,2024-03-30,1,2
tdHVBoGA,I1,lazio,juventus,2024-03-30,1,0
YVDND7ob,I1,genoa,frosinone,2024-03-30,1,1
YgdA438p,I1,torino,monza,2024-03-30,1,0
2B5vAPpN,I1,napoli,atalanta,2024-03-30,0,3
C2pt1U1h,I1,inter,napoli,2024-03-17,1,1
nLxgbSoB,I1,as roma,sassuolo,2024-03-17,1,0
xAV5eQVT,I1,verona,ac milan,2024-03-17,1,3
jgqp0lHb,I1,juventus,genoa,2024-03-17,0,0
4xox2Ann,I1,frosinone,lazio,2024-03-16,2,3
trxccn1H,I1,salernitana,lecce,2024-03-16,0,1
YHYla8W4,I1,monza,cagliari,2024-03-16,1,0
KYz1d6GN,I1,udinese,torino,2024-03-16,0,2
QonY2jXu,I1,empoli,bologna,2024-03-15,0,1
IuP6nVna,I1,lazio,udinese,2024-03-11,1,2
UJWgkX2t,I1,fiorentina,as roma,2024-03-10,2,2
OIP2mBXh,I1,juventus,atalanta,2024-03-10,2,2
E7IFp9HB,I1,ac milan,empoli,2024-03-10,1,0
dWNAok25,I1,lecce,verona,2024-03-10,0,1
r9FABj4C,I1,atalanta,parma,2025-05-25,2,3
2DnySBlg,I1,empoli,verona,2025-05-25,1,2
MF2xQkJ5,I1,lazio,lecce,2025-05-25,0,1
tKZ2tB3n,I1,torino,as roma,2025-05-25,0,2
MTsBvkYb,I1,udinese,fiorentina,2025-05-25,2,3
fstJxT2B,I1,venezia,juventus,2025-05-25,2,3
Uu6pOTmI,I1,ac milan,monza,2025-05-24,2,0
jZII9UYO,I1,bologna,genoa,2025-05-24,1,3
UalTTXJt,I1,como,inter,2025-05-23,0,2
jefgM7IU,I1,napoli,cagliari,2025-05-23,2,0
4IfycikJ,I1,as roma,ac milan,2025-05-18,3,1
YiJd8Qi3,I1,cagliari,venezia,2025-05-18,3,0
f77564MF,I1,fiorentina,bologna,2025-05-18,3,2
SIQgpE5D,I1,inter,lazio,2025-05-18,2,2
rR8t8HcK,I1,juventus,udinese,2025-05-18,2,0
E9aC2eLs,I1,lecce,torino,2025-05-18,1,0
zPmL0Zkf,I1,monza,empoli,2025-05-18,1,3
8j1SbDK6,I1,parma,napoli,2025-05-18,0,0
f5Sonzy1,I1,verona,como,2025-05-18,1,1
06Zxld6l,I1,genoa,atalanta,2025-05-17,2,3
KfCgL6Wp,I1,atalanta,as roma,2025-05-12,2,1
nqB9nqVq,I1,venezia,fiorentina,2025-05-12,2,1
nLSMem8c,I1,napoli,genoa,2025-05-11,2,2
foWUgRxA,I1,torino,inter,2025-05-11,0,2
fXjduSNG,I1,verona,lecce,2025-05-11,1,1
jDPwh57M,I1,udinese,monza,2025-05-11,1,2
MJhlslg4,I1,empoli,parma,2025-05-10,2,1
jap5w6hT,I1,lazio,juventus,2025-05-10,1,1
QiauqAOi,I1,como,cagliari,2025-05-10,3,1
6PkzYqGj,I1,ac milan,bologna,2025-05-09,3,1
hvJWFBf5,I1,genoa,ac milan,2025-05-05,1,2
lYYCCxlD,I1,bologna,juventus,2025-05-04,1,1
SdXESlvB,I1,as roma,fiorentina,2025-05-04,1,0
bHubWWvn,I1,monza,atalanta,2025-05-04,0,4
pEFOHXPh,I1,empoli,lazio,2025-05-04,0,1
Eg7uEkPH,I1,inter,verona,2025-05-03,1,0
MJAmCTgU,I1,lecce,napoli,2025-05-03,0,1
v1pOJget,I1,cagliari,udinese,2025-05-03,1,2
WUw6UA9b,I1,parma,como,2025-05-03,0,1
zNzNQS8N,I1,torino,venezia,2025-05-02,1,1
fBcHN2dE,I1,lazio,parma,2025-04-28,2,2
8fyGJYwq,I1,verona,cagliari,2025-04-28,0,2
ptxdGKll,I1,udinese,bologna,2025-04-28,0,0
Aa9k3Dg2,I1,atalanta,lecce,2025-04-27,1,1
080PLtRQ,I1,napoli,torino,2025-04-27,2,0
xzTWFjw8,I1,juventus,monza,2025-04-27,2,0
bLkpPfGL,I1,fiorentina,empoli,2025-04-27,2,1
4MUOHC8e,I1,inter,as roma,2025-04-27,0,1
x61yRGo9,I1,como,genoa,2025-04-27,1,0
h6u4EbJ0,I1,venezia,ac milan,2025-04-27,0,2
U5sK10Ic,I1,cagliari,fiorentina,2025-04-23,1,2
boZzbIHM,I1,genoa,lazio,2025-04-23,0,2
xhM2CHWF,I1,parma,juventus,2025-04-23,1,0
EXFt5ZOk,I1,torino,udinese,2025-04-23,2,0
lWu8jzAd,I1,ac milan,atalanta,2025-04-20,0,1
2akYwcQj,I1,bologna,inter,2025-04-20,1,0
QXzTavmA,I1,empoli,venezia,2025-04-20,2,2
I1UAAe1S,I1,as roma,verona,2025-04-19,1,0
URIfEw23,I1,monza,napoli,2025-04-19,0,1
t6x0hdup,I1,lecce,como,2025-04-19,0,3
tntq0msg,I1,napoli,empoli,2025-04-14,3,0
8Ysy29Ct,I1,lazio,as roma,2025-04-13,1,1
8GQVhWZP,I1,como,torino,2025-04-13,1,0
S072mAcm,I1,fiorentina,parma,2025-04-13,0,0
zRAAolSa,I1,verona,genoa,2025-04-13,0,0
GMwpVSsJ,I1,atalanta,bologna,2025-04-13,2,0
U7CQs6RO,I1,juventus,lecce,2025-04-12,2,1
dtaJqSdC,I1,inter,cagliari,2025-04-12,3,1
rBx0d5tI,I1,venezia,monza,2025-04-12,1,0
xEZibRB5,I1,udinese,ac milan,2025-04-11,0,4
MwRDTF6E,I1,bologna,napoli,2025-04-07,1,1
EcsTYArf,I1,as roma,juventus,2025-04-06,1,1
AkKS5CE7,I1,atalanta,lazio,2025-04-06,0,1
rgFMRgyR,I1,empoli,cagliari,2025-04-06,0,0
MNpyXlD6,I1,torino,verona,2025-04-06,1,1
A3a1KBT0,I1,lecce,venezia,2025-04-06,1,1
rHc9IkbD,I1,ac milan,fiorentina,2025-04-05,2,2
hrgKzXDs,I1,parma,inter,2025-04-05,2,2
Ma2ltgjK,I1,monza,como,2025-04-05,1,3
Ey6hMXbl,I1,genoa,udinese,2025-04-04,1,0
0hCVTO0c,I1,lazio,torino,2025-03-31,1,1
hnk4D3GG,I1,verona,parma,2025-03-31,0,0
tASB9fFr,I1,napoli,ac milan,2025-03-30,2,1
lErDBsoT,I1,inter,udinese,2025-03-30,2,1
KYjdFPo4,I1,fiorentina,atalanta,2025-03-30,1,0
bT51grPp,I1,cagliari,monza,2025-03-30,3,0
n9AwS2V9,I1,lecce,as roma,2025-03-29,0,1
KdZr6L8j,I1,juventus,genoa,2025-03-29,1,0
QZcmHoHi,I1,como,empoli,2025-03-29,1,1
ENQJ7Yqe,I1,venezia,bologna,2025-03-29,0,1
0fHOmJyP,I1,atalanta,inter,2025-03-16,0,2
CYps60ig,I1,fiorentina,juventus,2025-03-16,3,0
S4cE48Xo,I1,as roma,cagliari,2025-03-16,1,0
G6iY7MMt,I1,bologna,lazio,2025-03-16,5,0
EeUUb41N,I1,venezia,napoli,2025-03-16,0,0
0IeM2n2b,I1,torino,empoli,2025-03-15,1,0
voxb2IjI,I1,ac milan,como,2025-03-15,2,1
nBu60dLU,I1,monza,parma,2025-03-15,1,1
6VQM0QWA,I1,udinese,verona,2025-03-15,0,1
IVmk4vM5,I1,genoa,lecce,2025-03-14,2,1
jc9RBVNE,I1,lazio,udinese,2025-03-10,1,1
zkRvlSV7,I1,juventus,atalanta,2025-03-09,0,4
jqUhcW8L,I1,empoli,as roma,2025-03-09,0,1
IBP7i1x0,I1,napoli,fiorentina,2025-03-09,2,1
MRKOiAWr,I1,verona,bologna,2025-03-09,1,2
zg3cAFI6,I1,genoa,udinese,2026-03-20,0,2
xbLAJJeK,I1,cagliari,napoli,2026-03-20,0,1
rcDQjULG,I1,cremonese,fiorentina,2026-03-16,1,4
Eom5qnEj,I1,lazio,ac milan,2026-03-15,1,0
zX9Ihji4,I1,como,as roma,2026-03-15,2,1
27Ta5TzA,I1,pisa,cagliari,2026-03-15,3,1
bZM8375M,I1,sassuolo,bologna,2026-03-15,0,1
2L8YJSk3,I1,verona,genoa,2026-03-15,0,2
zFGndPcd,I1,udinese,juventus,2026-03-14,0,1
UgVi7k6c,I1,napoli,lecce,2026-03-14,2,1
4C1Zl8jT,I1,inter,atalanta,2026-03-14,1,1
EaSwboTq,I1,torino,parma,2026-03-13,4,1
hlhSsZxn,I1,lazio,sassuolo,2026-03-09,2,1
MTqqvixB,I1,ac milan,inter,2026-03-08,1,0
WOnIPiNH,I1,genoa,as roma,2026-03-08,2,1
6H1hVegt,I1,bologna,verona,2026-03-08,1,2
zcg9RDh5,I1,fiorentina,parma,2026-03-08,0,0
0EeztD7b,I1,lecce,cremonese,2026-03-08,2,1
4xoQNViU,I1,juventus,pisa,2026-03-07,4,0
r5osOvnD,I1,atalanta,udinese,2026-03-07,2,2
SWk1TZNh,I1,cagliari,como,2026-03-07,1,2
UgmixV6N,I1,napoli,torino,2026-03-06,2,1
8OEoZ4fE,I1,udinese,fiorentina,2026-03-02,3,0
Qy7EzcEL,I1,pisa,bologna,2026-03-02,0,1
M7hpVzxq,I1,as roma,juventus,2026-03-01,3,3
Qak1Rhy8,I1,torino,lazio,2026-03-01,2,0
IZogTE6e,I1,sassuolo,atalanta,2026-03-01,2,1
d6IBGyNk,I1,cremonese,ac milan,2026-03-01,0,2
IL6KEFi2,I1,inter,genoa,2026-02-28,2,0
fuDgXrPQ,I1,verona,napoli,2026-02-28,1,2
QNRuMcaS,I1,como,lecce,2026-02-28,3,1
pSb6xJq9,I1,parma,cagliari,2026-02-27,1,1
xrkU77vI,I1,bologna,udinese,2026-02-23,1,0
OxflD2Gc,I1,fiorentina,pisa,2026-02-23,1,0
Y7DWPu03,I1,as roma,cremonese,2026-02-22,3,0
IaVq2x8d,I1,ac milan,parma,2026-02-22,0,1
4GyN9T95,I1,atalanta,napoli,2026-02-22,2,1
K4mcBtoA,I1,genoa,torino,2026-02-22,3,0
Wr72kaOj,I1,cagliari,lazio,2026-02-21,0,0
AZRy4bwp,I1,lecce,inter,2026-02-21,0,2
Q1j59KFM,I1,juventus,como,2026-02-21,0,2
6LBvOJUF,I1,sassuolo,verona,2026-02-20,3,0
UaOruI4E,I1,ac milan,como,2026-02-18,1,1
Iwx5pDtf,I1,cagliari,lecce,2026-02-16,0,2
UcNvcjQa,I1,napoli,as roma,2026-02-15,2,2
zyp6DBAt,I1,torino,bologna,2026-02-15,1,2
AgjEtVuJ,I1,cremonese,genoa,2026-02-15,0,0
OdGmeUfC,I1,parma,verona,2026-02-15,2,1
r1mEBkug,I1,udinese,sassuolo,2026-02-15,1,2
x0r04YXP,I1,inter,juventus,2026-02-14,3,2
MXJWbCem,I1,lazio,atalanta,2026-02-14,0,2
jizDriB6,I1,como,fiorentina,2026-02-14,1,2
dAEeg8PO,I1,pisa,ac milan,2026-02-13,1,2
QRHiwdZQ,I1,as roma,cagliari,2026-02-09,2,0
EToDHN6j,I1,atalanta,cremonese,2026-02-09,2,1
2mmlJzre,I1,juventus,lazio,2026-02-08,2,2
Mc3NXZdl,I1,sassuolo,inter,2026-02-08,0,5
O2ycHEC7,I1,lecce,udinese,2026-02-08,2,1
S8TauRbc,I1,bologna,parma,2026-02-08,0,1
0MR7w5T9,I1,fiorentina,torino,2026-02-07,2,2
fNqtLdDr,I1,genoa,napoli,2026-02-07,2,3
IPdWVDR0,I1,verona,pisa,2026-02-06,0,0
nusOJSMU,I1,bologna,ac milan,2026-02-03,0,3
roesNqqT,I1,udinese,as roma,2026-02-02,1,0
8hYPSmFi,I1,parma,juventus,2026-02-01,1,4
ll1aCSUA,I1,cremonese,inter,2026-02-01,0,2
SYCjEl0b,I1,como,atalanta,2026-02-01,0,0
MV6YO5EG,I1,torino,lecce,2026-02-01,1,0
MyArGAVo,I1,cagliari,verona,2026-01-31,4,0
Gbov5pNp,I1,napoli,fiorentina,2026-01-31,2,1
E53QQRq4,I1,pisa,sassuolo,2026-01-31,1,3
dE47A6aN,I1,lazio,genoa,2026-01-30,3,2
WriaPWhg,I1,verona,udinese,2026-01-26,1,3
K4Nt7kwP,I1,as roma,ac milan,2026-01-25,1,1
jPVPAXw0,I1,juventus,napoli,2026-01-25,3,0
dhalBtYr,I1,atalanta,parma,2026-01-25,4,0
4GepV1PE,I1,genoa,bologna,2026-01-25,3,2
AT2jRhOt,I1,sassuolo,cremonese,2026-01-25,1,0
OxUX8B8C,I1,lecce,lazio,2026-01-24,0,0
OKIc7bX7,I1,fiorentina,cagliari,2026-01-24,1,2
GfFk9K2e,I1,como,torino,2026-01-24,6,0
AFNHCg9m,I1,inter,pisa,2026-01-23,6,2
IwdS5od3,I1,lazio,como,2026-01-19,0,3
2VDurr4d,I1,cremonese,verona,2026-01-19,0,0
jifz4PQF,I1,ac milan,lecce,2026-01-18,1,0
4fK9IOu9,I1,torino,as roma,2026-01-18,0,2
pWO1kQBM,I1,bologna,fiorentina,2026-01-18,1,2
GYwFdsJk,I1,parma,genoa,2026-01-18,0,0
U30Yq4Zq,I1,cagliari,juventus,2026-01-17,1,0
nJmq23eS,I1,napoli,sassuolo,2026-01-17,1,0
0MDIG2AL,I1,udinese,inter,2026-01-17,0,1
xlSNfLm2,I1,pisa,atalanta,2026-01-16,1,1
AsUcWVnf,I1,como,ac milan,2026-01-15,1,3
2isaaUGt,I1,verona,bologna,2026-01-15,2,3
h231jivQ,I1,inter,lecce,2026-01-14,1,0
hQolsm1C,I1,napoli,parma,2026-01-14,0,0
2m7Bv9c4,I1,juventus,cremonese,2026-01-12,5,0
GvaOIRzo,I1,genoa,cagliari,2026-01-12,3,0
fN33tVSi,I1,inter,napoli,2026-01-11,2,2
tvSpg8Cc,I1,verona,lazio,2026-01-11,0,1
phxiyziC,I1,fiorentina,ac milan,2026-01-11,1,1
O2eKxmSG,I1,lecce,parma,2026-01-11,1,2
t0uzuIim,I1,atalanta,torino,2026-01-10,2,0
WSbSzRdT,I1,as roma,sassuolo,2026-01-10,2,0
lQrrwdMa,I1,como,bologna,2026-01-10,1,1
lpuaV4Kj,I1,udinese,pisa,2026-01-10,2,2
rk96jZGj,I2,pisa,monza,2022-05-29,3,4
4bA2iF1p,I2,monza,pisa,2022-05-26,2,1
E15qeLKm,I2,monza,brescia,2022-05-22,2,1
fHOC0scQ,I2,pisa,benevento,2022-05-21,1,0
6VdfDrQi,I2,cosenza,l.r. vicenza,2022-05-20,2,0
dQAvd15s,I2,brescia,monza,2022-05-18,1,2
0fP81NsK,I2,benevento,pisa,2022-05-17,1,0
dKk7AtAA,I2,brescia,perugia,2022-05-14,3,2
vqe2BMf4,I2,ascoli,benevento,2022-05-13,0,1
fegjEOAo,I2,l.r. vicenza,cosenza,2022-05-12,1,0
2D6JoB1n,I2,alessandria,l.r. vicenza,2022-05-06,0,1
rPNGpVGh,I2,ascoli,ternana,2022-05-06,4,1
MFMKqkWb,I2,benevento,spal,2022-05-06,1,2
GxMOr9o5,I2,brescia,reggina,2022-05-06,3,0
UuQSsT0B,I2,como,cremonese,2022-05-06,1,2
YkYc8SWJ,I2,cosenza,cittadella,2022-05-06,1,0
jeEyt7VN,I2,frosinone,pisa,2022-05-06,1,2
KUIuuRpU,I2,lecce,pordenone,2022-05-06,1,0
Mw57zogo,I2,perugia,monza,2022-05-06,1,0
C4FXtmGH,I2,crotone,parma,2022-05-06,0,1
YcS5Sm1O,I2,reggina,como,2022-04-30,1,4
AJstYiXn,I2,cittadella,brescia,2022-04-30,1,0
MgopXBng,I2,cremonese,ascoli,2022-04-30,0,1
4IzkWV1a,I2,l.r. vicenza,lecce,2022-04-30,2,1
r9ZhVkH5,I2,monza,benevento,2022-04-30,3,0
CrvcU9WB,I2,parma,alessandria,2022-04-30,2,2
KnpGqqfJ,I2,pisa,cosenza,2022-04-30,1,1
jZx1TToI,I2,pordenone,crotone,2022-04-30,3,3
n1W9R7GU,I2,spal,frosinone,2022-04-30,3,0
OM7Fnint,I2,ternana,perugia,2022-04-30,1,0
GdrxZXHt,I2,perugia,parma,2022-04-25,2,1
YZq9VbBl,I2,benevento,ternana,2022-04-25,1,2
GbZDUIQf,I2,brescia,spal,2022-04-25,1,1
U1wITxt1,I2,como,l.r. vicenza,2022-04-25,0,2
xjqvyLmR,I2,alessandria,reggina,2022-04-25,0,0
tdoCpPvD,I2,cosenza,pordenone,2022-04-25,3,1
OOxMSde7,I2,crotone,cremonese,2022-04-25,3,1
2FyQRGAD,I2,frosinone,monza,2022-04-25,4,1
vXK8j0mE,I2,lecce,pisa,2022-04-25,2,0
fqo5Wvdr,I2,ascoli,cittadella,2022-04-25,0,0
EBAWHusk,I2,monza,brescia,2022-04-18,1,1
pdK0N1JR,I2,cittadella,alessandria,2022-04-18,1,2
h29zHade,I2,parma,ascoli,2022-04-18,0,1
Aw4uGJB1,I2,pisa,como,2022-04-18,3,1
bapzx1YK,I2,ternana,frosinone,2022-04-18,4,4
EZEFo5P6,I2,cremonese,cosenza,2022-04-18,3,1
KlBSILRr,I2,l.r. vicenza,perugia,2022-04-18,1,2
lU2qFwR7,I2,pordenone,benevento,2022-04-18,1,4
2XjRwN38,I2,reggina,lecce,2022-04-18,1,0
GzeVxsJE,I2,spal,crotone,2022-04-18,1,1
04dN8yR2,I2,cosenza,benevento,2022-04-14,1,0
08pc3tSe,I2,brescia,parma,2022-04-11,1,0
2XUeOs4L,I2,perugia,pisa,2022-04-10,1,1
Sfnk52cq,I2,ascoli,reggina,2022-04-10,2,0
zqGBnoA0,I2,cosenza,monza,2022-04-10,0,2
GGSqRqK2,I2,crotone,ternana,2022-04-10,1,2
6oog4MCk,I2,benevento,l.r. vicenza,2022-04-10,1,0
f7RmQ3Z8,I2,frosinone,cremonese,2022-04-09,2,1
OQsU9rkS,I2,alessandria,pordenone,2022-04-09,2,0
EBl120s2,I2,como,cittadella,2022-04-09,1,2
OtWiPNlF,I2,lecce,spal,2022-04-09,1,0
pM3idPKS,I2,cittadella,perugia,2022-04-06,0,0
llaNj3rj,I2,l.r. vicenza,crotone,2022-04-06,1,1
SvbRkNcd,I2,monza,ascoli,2022-04-06,2,0
fojDDQk3,I2,pisa,brescia,2022-04-06,0,0
Gfi9E6zc,I2,parma,como,2022-04-06,4,3
6P9IiqTq,I2,cremonese,alessandria,2022-04-05,2,1
xAuICp59,I2,pordenone,frosinone,2022-04-05,2,0
jDqMB4KF,I2,reggina,benevento,2022-04-05,0,3
tMG7mRff,I2,spal,cosenza,2022-04-05,2,2
pzqQAOZL,I2,ternana,lecce,2022-04-05,1,4
8G8S1Tji,I2,brescia,l.r. vicenza,2022-04-03,2,0
GtCz07L3,I2,como,monza,2022-04-03,2,0
C85qbojG,I2,crotone,perugia,2022-04-03,1,1
6BUqwpEj,I2,benevento,pisa,2022-04-02,5,1
ML7CehUH,I2,alessandria,spal,2022-04-02,2,2
SKVuvQbp,I2,ascoli,pordenone,2022-04-02,1,0
MJCW0m6c,I2,cittadella,ternana,2022-04-02,1,2
SIC3l7ul,I2,cosenza,parma,2022-04-02,1,3
fXAvaRzA,I2,cremonese,reggina,2022-04-02,1,1
ja4mc55M,I2,lecce,frosinone,2022-04-02,1,0
n3Fabfpa,I2,pordenone,brescia,2022-03-20,1,1
06J3cEa5,I2,spal,cremonese,2022-03-20,0,2
t2nwsgFO,I2,l.r. vicenza,ascoli,2022-03-20,2,0
EkHi0GFn,I2,perugia,como,2022-03-20,0,1
htGeazVh,I2,pisa,cittadella,2022-03-20,1,0
URrZsZaI,I2,frosinone,benevento,2022-03-19,2,0
f5zL5xhP,I2,monza,crotone,2022-03-19,1,0
dEMn1d0t,I2,parma,lecce,2022-03-19,0,0
pfNbkmQs,I2,reggina,cosenza,2022-03-19,1,0
rV88dYEB,I2,ternana,alessandria,2022-03-19,3,0
8lCwga8J,I2,ascoli,pisa,2022-03-16,2,0
0niIoH0g,I2,cremonese,pordenone,2022-03-16,2,1
n3gUrFpC,I2,perugia,spal,2022-03-16,1,1
Moi3UFVI,I2,alessandria,monza,2022-03-15,0,3
nuBshJNP,I2,brescia,benevento,2022-03-15,2,2
4Kc9mwWt,I2,cittadella,reggina,2022-03-15,0,0
IN1Dncom,I2,como,ternana,2022-03-15,1,1
8UaV6FeF,I2,cosenza,lecce,2022-03-15,2,2
vwjMpyGa,I2,crotone,frosinone,2022-03-15,2,0
8CfQqeV5,I2,l.r. vicenza,parma,2022-03-15,0,1
h6anYcWg,I2,pisa,cremonese,2022-03-13,3,0
lYG3tMOD,I2,benevento,crotone,2022-03-12,3,1
08K7utvK,I2,frosinone,alessandria,2022-03-12,3,0
ptdvzK1s,I2,monza,l.r. vicenza,2022-03-12,4,0
zVliXHo0,I2,pordenone,como,2022-03-12,1,1
rehaVeGC,I2,spal,ascoli,2022-03-12,1,2
rX9Cv0gQ,I2,lecce,brescia,2022-03-12,1,1
lYheWy16,I2,reggina,perugia,2022-03-12,0,1
veeR7et9,I2,ternana,cosenza,2022-03-12,2,0
2NqcBVPD,I2,bari,cagliari,2023-06-11,0,1
lKeFnnmD,I2,cagliari,bari,2023-06-08,1,1
f1YYBA4T,I2,parma,cagliari,2023-06-03,0,0
2RmMRMER,I2,bari,sudtirol,2023-06-02,1,0
C8Djg6Kd,I2,brescia,cosenza,2023-06-01,0,3
GAZUCjkN,I2,cagliari,parma,2023-05-30,3,2
K2bHS2aL,I2,sudtirol,bari,2023-05-29,1,0
jNjwp2sq,I2,cagliari,venezia,2023-05-27,2,1
UDksqMdk,I2,sudtirol,reggina,2023-05-26,1,0
8zmApEGd,I2,cosenza,brescia,2023-05-25,1,0
tfhCtunq,I2,cittadella,como,2023-05-19,0,0
zDFqoLwS,I2,cosenza,cagliari,2023-05-19,0,1
ldDXmNg9,I2,genoa,bari,2023-05-19,4,3
QsfOwwW1,I2,modena,sudtirol,2023-05-19,2,1
dMGun1OL,I2,palermo,brescia,2023-05-19,2,2
2aw72M82,I2,parma,venezia,2023-05-19,2,1
SnCyms9F,I2,perugia,benevento,2023-05-19,3,2
nieKvJGe,I2,pisa,spal,2023-05-19,1,2
6XNSl3v3,I2,reggina,ascoli,2023-05-19,1,0
hUeGua1k,I2,ternana,frosinone,2023-05-19,2,3
SQz1z4P9,I2,frosinone,genoa,2023-05-13,3,2
lzxcypA3,I2,ascoli,cosenza,2023-05-13,1,1
vRVtRand,I2,bari,reggina,2023-05-13,1,0
AkQ5ZNvG,I2,benevento,modena,2023-05-13,2,1
0zXxSuXk,I2,brescia,pisa,2023-05-13,1,1
OhU9YsfM,I2,cagliari,palermo,2023-05-13,2,1
hUJOkqPd,I2,como,ternana,2023-05-13,3,1
IFTDX19S,I2,spal,parma,2023-05-13,0,1
K0XhxQfc,I2,sudtirol,cittadella,2023-05-13,1,1
KOFuTLHq,I2,venezia,perugia,2023-05-13,3,2
CxZOkO7a,I2,parma,brescia,2023-05-07,2,0
vik5VgMp,I2,palermo,spal,2023-05-06,2,1
IFZKj4hg,I2,cittadella,benevento,2023-05-06,3,1
tAYlw6ui,I2,cosenza,venezia,2023-05-06,1,1
MmtChQNt,I2,genoa,ascoli,2023-05-06,2,1
4CVGipwm,I2,modena,bari,2023-05-06,1,1
neRymMiI,I2,pisa,frosinone,2023-05-06,1,3
84SXm2xC,I2,reggina,como,2023-05-06,2,1
xx88UDyi,I2,ternana,sudtirol,2023-05-06,0,1
jTXSlrN5,I2,perugia,cagliari,2023-05-05,0,5
hY52YMxP,I2,frosinone,reggina,2023-05-01,3,1
p2FswoOg,I2,venezia,modena,2023-05-01,5,0
Es7bZ2NI,I2,ascoli,pisa,2023-05-01,2,1
WfZ6qmoQ,I2,bari,cittadella,2023-05-01,1,1
IFDkyPh6,I2,benevento,parma,2023-05-01,2,2
lzMYv7gs,I2,brescia,cosenza,2023-05-01,2,1
SQKxvR8m,I2,sudtirol,genoa,2023-05-01,0,0
OhEox5w0,I2,como,palermo,2023-05-01,1,1
Kvfpc6FP,I2,cagliari,ternana,2023-04-30,2,1
WIHgzq8C,I2,spal,perugia,2023-04-30,1,1
v1ATVTGQ,I2,pisa,bari,2023-04-23,1,2
KKV2pTVJ,I2,ternana,venezia,2023-04-23,1,4
tAdeRmPs,I2,palermo,benevento,2023-04-22,1,1
AklCN5O6,I2,cittadella,genoa,2023-04-22,0,1
CvvXW91K,I2,como,ascoli,2023-04-22,1,1
IFiKLqgJ,I2,frosinone,sudtirol,2023-04-22,0,0
vPhGMPwD,I2,modena,spal,2023-04-22,0,0
lz03PRgf,I2,parma,cagliari,2023-04-22,2,1
Wbk8Oo90,I2,perugia,cosenza,2023-04-22,0,0
zXeaQ7vl,I2,reggina,brescia,2023-04-21,1,2
6smsAnf7,I2,ternana,pisa,2023-04-16,2,1
x2eQDUfr,I2,cagliari,frosinone,2023-04-15,0,0
YmuTXknE,I2,ascoli,sudtirol,2023-04-15,1,0
WKIcIAnR,I2,bari,como,2023-04-15,2,2
Kpio969D,I2,benevento,reggina,2023-04-15,1,1
KpFgJjXK,I2,cosenza,cittadella,2023-04-15,1,1
OIcxBSv1,I2,genoa,perugia,2023-04-15,2,0
QNFkKWHE,I2,spal,brescia,2023-04-15,2,2
GhfUClAl,I2,venezia,palermo,2023-04-15,3,2
pSbYB8Pf,I2,modena,parma,2023-04-14,1,1
4AIIHwdG,I2,palermo,cosenza,2023-04-10,0,0
dpJEIJtA,I2,pisa,cagliari,2023-04-10,0,0
AFX2dTP7,I2,brescia,ternana,2023-04-10,1,0
x2Zfbkee,I2,cittadella,parma,2023-04-10,0,1
tztn0BQr,I2,como,genoa,2023-04-10,2,2
zVU5KuCc,I2,frosinone,ascoli,2023-04-10,2,0
ObVjaVuk,I2,perugia,modena,2023-04-10,0,1
nXGoLC28,I2,reggina,venezia,2023-04-10,1,0
IgKAJaR3,I2,sudtirol,bari,2023-04-10,0,1
WOYbc9A1,I2,benevento,spal,2023-04-10,1,3
GjsWxrTH,I2,perugia,reggina,2023-04-05,1,3
zHkX5tc4,I2,modena,cittadella,2023-04-02,0,0
SjnP72Si,I2,bari,benevento,2023-04-01,2,0
GQcu4KRG,I2,perugia,frosinone,2023-04-01,1,1
dQjT6Msb,I2,ascoli,brescia,2023-04-01,4,3
8OxKdxKj,I2,cagliari,sudtirol,2023-04-01,1,1
lvdm2bdT,I2,cosenza,pisa,2023-04-01,1,0
Amcq3vsN,I2,parma,palermo,2023-04-01,2,1
MRQ1LLdi,I2,spal,ternana,2023-04-01,1,1
Iuux50CA,I2,venezia,como,2023-04-01,3,2
UXwGcI4p,I2,genoa,reggina,2023-03-31,1,0
SUAlePrn,I2,ternana,bari,2023-03-19,1,0
Od4cg3Db,I2,reggina,cagliari,2023-03-18,0,4
l0mL8rDo,I2,ascoli,venezia,2023-03-18,0,1
dA25isrB,I2,brescia,genoa,2023-03-18,0,3
AZHAluST,I2,cittadella,perugia,2023-03-18,0,2
GCI6kLCN,I2,como,parma,2023-03-18,2,0
IJ31hNS4,I2,frosinone,cosenza,2023-03-18,0,1
Ag0gfqbh,I2,pisa,benevento,2023-03-18,2,0
ne9xpazo,I2,sudtirol,spal,2023-03-18,2,0
xMJ2j1cH,I2,palermo,modena,2023-03-17,5,2
bFWzx2rO,I2,cosenza,spal,2023-03-12,1,0
lvCpd5Tu,I2,genoa,ternana,2023-03-12,1,0
z9aSsRyh,I2,venezia,cremonese,2024-06-02,1,0
827tKNqo,I2,cremonese,venezia,2024-05-30,0,0
YDCV64ho,I2,cremonese,catanzaro,2024-05-25,4,1
6HebQAYa,I2,venezia,palermo,2024-05-24,2,1
j3CszWTa,I2,ternana,bari,2024-05-23,0,3
ETVbCQUN,I2,catanzaro,cremonese,2024-05-21,2,2
bihjSW3m,I2,palermo,venezia,2024-05-20,0,1
ObaFWdN7,I2,catanzaro,brescia,2024-05-18,4,2
jo17YIhe,I2,palermo,sampdoria,2024-05-17,2,0
UmOYyham,I2,bari,ternana,2024-05-16,1,1
riIFPEUb,I2,ascoli,pisa,2024-05-10,2,1
IuDwP19r,I2,bari,brescia,2024-05-10,2,0
QF7KOYq5,I2,catanzaro,sampdoria,2024-05-10,1,3
O0QNNhaB,I2,como,cosenza,2024-05-10,1,1
INPRMCEH,I2,cremonese,cittadella,2024-05-10,3,0
dEOVLWTN,I2,feralpisalo,ternana,2024-05-10,0,1
EkJzLjqU,I2,lecco,modena,2024-05-10,2,3
Gb52GAio,I2,reggiana,parma,2024-05-10,1,1
U1gpufUo,I2,spezia,venezia,2024-05-10,2,1
r5clvEqh,I2,sudtirol,palermo,2024-05-10,0,1
GWQBTs1R,I2,brescia,lecco,2024-05-05,4,1
QgWqCe0a,I2,cittadella,bari,2024-05-05,1,1
4pVmBFF5,I2,cosenza,spezia,2024-05-05,2,2
pdnoAZUB,I2,modena,como,2024-05-05,0,0
Onok9gpI,I2,palermo,ascoli,2024-05-05,2,2
I9pg8DaO,I2,parma,cremonese,2024-05-05,1,1
WClc7XEU,I2,pisa,sudtirol,2024-05-05,2,2
dzG3SGpt,I2,sampdoria,reggiana,2024-05-05,1,0
zRE7Rz0n,I2,ternana,catanzaro,2024-05-05,1,0
40JBQfFh,I2,venezia,feralpisalo,2024-05-05,2,1
Cj6Acdo6,I2,bari,parma,2024-05-01,1,1
Y7y7UNoL,I2,feralpisalo,brescia,2024-05-01,2,2
Yei5Jw8P,I2,lecco,sampdoria,2024-05-01,0,1
z5wXEcGt,I2,reggiana,modena,2024-05-01,1,0
IT66bxWa,I2,ascoli,cosenza,2024-05-01,0,1
OQ9EdG0C,I2,catanzaro,venezia,2024-05-01,3,2
6kaJezGI,I2,como,cittadella,2024-05-01,2,1
ITSyEHVn,I2,spezia,palermo,2024-05-01,1,0
WWWuDyog,I2,sudtirol,ternana,2024-05-01,4,3
ptbNffVO,I2,cremonese,pisa,2024-05-01,2,1
b5XTpJ10,I2,cittadella,feralpisalo,2024-04-27,1,1
xdWXqwH6,I2,cosenza,bari,2024-04-27,4,1
ANqurHoJ,I2,palermo,reggiana,2024-04-27,1,2
rBEg1vns,I2,sampdoria,como,2024-04-27,1,1
K4X2V3WE,I2,brescia,spezia,2024-04-27,0,0
WWpyqcWC,I2,modena,sudtirol,2024-04-27,1,0
CSNN60OJ,I2,parma,lecco,2024-04-27,4,0
M1Dc0b1m,I2,ternana,ascoli,2024-04-27,0,1
QVRR5KwQ,I2,pisa,catanzaro,2024-04-26,2,2
vw82aIGg,I2,venezia,cremonese,2024-04-26,2,1
MLZdrQu2,I2,catanzaro,cremonese,2024-04-20,0,0
EFMr6TX8,I2,lecco,venezia,2024-04-20,1,2
2wvLnuXm,I2,spezia,sampdoria,2024-04-20,0,0
GtrPoanf,I2,sudtirol,cittadella,2024-04-20,0,0
SMtlpnBk,I2,ascoli,modena,2024-04-20,0,0
AoWhq6Qe,I2,bari,pisa,2024-04-20,1,1
QsYbWqH8,I2,brescia,ternana,2024-04-20,0,0
zPNv79I2,I2,feralpisalo,como,2024-04-20,2,5
WjHm5mmF,I2,palermo,parma,2024-04-19,0,0
8GvHmLHs,I2,reggiana,cosenza,2024-04-19,0,4
niZfXP12,I2,venezia,brescia,2024-04-14,2,0
l8acfWYd,I2,cosenza,palermo,2024-04-13,1,1
MLc5hA39,I2,lecco,reggiana,2024-04-13,1,0
ImiEjlYL,I2,parma,spezia,2024-04-13,2,0
APfIWStj,I2,cittadella,ascoli,2024-04-13,0,0
lGgMVndd,I2,como,bari,2024-04-13,2,1
Sbb1gjl3,I2,cremonese,ternana,2024-04-13,1,2
dvjIk8mS,I2,pisa,feralpisalo,2024-04-13,3,1
lWspoSeq,I2,sampdoria,sudtirol,2024-04-13,0,1
zP19iUIF,I2,modena,catanzaro,2024-04-12,1,3
GlGuJ9Cj,I2,ascoli,venezia,2024-04-07,0,0
SxNQtD4c,I2,catanzaro,como,2024-04-06,1,2
lhBZviZ9,I2,palermo,sampdoria,2024-04-06,2,2
IRFwvBlG,I2,reggiana,cittadella,2024-04-06,0,2
863EOXc2,I2,brescia,pisa,2024-04-06,3,1
A1CVuXJ3,I2,feralpisalo,cosenza,2024-04-06,2,2
dIEswV3M,I2,spezia,lecco,2024-04-06,1,1
vs4nxkJS,I2,sudtirol,parma,2024-04-06,0,0
G2eEX8Rq,I2,ternana,modena,2024-04-06,0,0
Ui4Nsgki,I2,bari,cremonese,2024-04-05,1,2
IDz5PBZM,I2,sampdoria,ternana,2024-04-01,4,1
t8qpUZKi,I2,cremonese,feralpisalo,2024-04-01,0,1
2HptVF5o,I2,como,sudtirol,2024-04-01,2,0
UF4APDrd,I2,cosenza,brescia,2024-04-01,1,2
lYrlTgzb,I2,lecco,cittadella,2024-04-01,1,1
AmXdRX4A,I2,parma,catanzaro,2024-04-01,0,2
Ojy1QiKG,I2,pisa,palermo,2024-04-01,4,3
d4Z8OVlT,I2,spezia,ascoli,2024-04-01,2,1
xbHyKkcp,I2,venezia,reggiana,2024-04-01,2,3
SOshSDk4,I2,modena,bari,2024-04-01,1,1
6kV1Hdyn,I2,ascoli,lecco,2024-03-17,4,1
lEK6GGjh,I2,bari,sampdoria,2024-03-16,0,1
0lOAFz6b,I2,cittadella,modena,2024-03-16,1,1
UTFRBh5N,I2,reggiana,spezia,2024-03-16,0,0
zg56QgTk,I2,brescia,catanzaro,2024-03-16,1,1
fBNEEfL4,I2,como,pisa,2024-03-16,3,1
Y1MIDEzB,I2,feralpisalo,parma,2024-03-16,1,2
OjFVACKT,I2,sudtirol,cremonese,2024-03-16,3,0
0C6c6WSp,I2,ternana,cosenza,2024-03-16,1,0
jwHNCYkH,I2,palermo,venezia,2024-03-15,0,3
2JFnBLEC,I2,sampdoria,ascoli,2024-03-11,2,1
CUMZDNUg,I2,lecco,palermo,2024-03-10,0,1
SbWcIxMu,I2,venezia,bari,2024-03-10,3,1
2BV8u0B6,I2,salernitana,sampdoria,2025-06-22,0,3
foS0sMtf,I2,sampdoria,salernitana,2025-06-15,2,0
pnBj3fgU,I2,spezia,cremonese,2025-06-01,2,3
vk8r5GOH,I2,cremonese,spezia,2025-05-29,0,0
Um4G56R0,I2,spezia,catanzaro,2025-05-25,2,1
I9pBRmlK,I2,cremonese,juve stabia,2025-05-25,3,0
zkB77Sdl,I2,catanzaro,spezia,2025-05-21,0,2
212O3pdD,I2,juve stabia,cremonese,2025-05-21,2,1
lAjFb9ad,I2,juve stabia,palermo,2025-05-17,1,0
GGr1MCi3,I2,catanzaro,cesena,2025-05-17,1,0
vHx0ZmRP,I2,brescia,reggiana,2025-05-13,2,1
b1JWTRlm,I2,cittadella,salernitana,2025-05-13,0,2
6RMvS5Ja,I2,juve stabia,sampdoria,2025-05-13,0,0
StBmQqlC,I2,mantova,catanzaro,2025-05-13,0,0
CWXK7yYp,I2,modena,cesena,2025-05-13,0,1
SvG7VvQi,I2,palermo,carrarese,2025-05-13,1,1
0hEFTIf4,I2,pisa,cremonese,2025-05-13,2,1
dK7ORdPG,I2,sassuolo,frosinone,2025-05-13,0,1
lSPVPzfT,I2,spezia,cosenza,2025-05-13,3,1
Ya12KEHj,I2,sudtirol,bari,2025-05-13,0,0
dhB9PRFi,I2,cittadella,bari,2025-05-09,3,1
hK4IN5p4,I2,cosenza,cesena,2025-05-09,0,1
QX2QLqFG,I2,juve stabia,reggiana,2025-05-09,1,2
MadZJNqT,I2,mantova,carrarese,2025-05-09,2,1
jFn5E17j,I2,modena,brescia,2025-05-09,2,2
WAPix5ac,I2,palermo,frosinone,2025-05-09,2,0
vyTazqU9,I2,pisa,sudtirol,2025-05-09,3,3
YyoYHzEr,I2,sampdoria,salernitana,2025-05-09,1,0
6kqtGEre,I2,sassuolo,catanzaro,2025-05-09,0,2
C2EtEhD7,I2,spezia,cremonese,2025-05-09,2,3
UHiSClWo,I2,cremonese,sassuolo,2025-05-04,1,1
8Y9fG2Lt,I2,bari,pisa,2025-05-04,1,0
SzQeEtjg,I2,brescia,juve stabia,2025-05-04,0,0
z1T3CKK5,I2,carrarese,modena,2025-05-04,2,1
dGHCAbkI,I2,catanzaro,sampdoria,2025-05-04,2,2
4tLK8xKU,I2,cesena,palermo,2025-05-04,2,1
2VkzBS0b,I2,frosinone,cittadella,2025-05-04,1,1
bcqq96VA,I2,reggiana,spezia,2025-05-04,2,1
6Nni7p0N,I2,salernitana,mantova,2025-05-04,2,0
jeON1ONp,I2,sudtirol,cosenza,2025-05-04,2,1
dftxbL5C,I2,sassuolo,carrarese,2025-05-01,2,0
Meb67Yx9,I2,cittadella,brescia,2025-05-01,0,1
rBnF5C7L,I2,cosenza,bari,2025-05-01,1,0
zNtgbUae,I2,mantova,cesena,2025-05-01,3,0
8zu1d8U7,I2,modena,reggiana,2025-05-01,2,3
OrNmKBME,I2,palermo,sudtirol,2025-05-01,1,2
SElL136m,I2,pisa,frosinone,2025-05-01,1,0
lUxUasy0,I2,sampdoria,cremonese,2025-05-01,0,0
hMZpdazP,I2,spezia,salernitana,2025-05-01,2,0
vemp0jVr,I2,juve stabia,catanzaro,2025-05-01,2,0
C6lUYDWq,I2,catanzaro,palermo,2025-04-27,1,3
fk6KqVp2,I2,sudtirol,juve stabia,2025-04-27,2,0
KWixXi1d,I2,cesena,sassuolo,2025-04-25,0,2
0SUOfeg3,I2,cremonese,mantova,2025-04-25,4,2
06glrI9c,I2,bari,modena,2025-04-25,1,2
dYnctdvA,I2,brescia,pisa,2025-04-25,1,2
Uoo5vz9M,I2,carrarese,sampdoria,2025-04-25,1,0
2iRuiDhS,I2,reggiana,cittadella,2025-04-25,2,1
bNCBoiGk,I2,salernitana,cosenza,2025-04-25,3,1
8hYWhZNF,I2,frosinone,spezia,2025-04-25,2,2
h0EIMAsK,I2,mantova,spezia,2025-04-13,2,2
bR2N2kjl,I2,cesena,frosinone,2025-04-13,1,1
S6fva7kD,I2,cremonese,juve stabia,2025-04-13,1,1
Or5lHl5s,I2,modena,sassuolo,2025-04-12,1,3
nNkEBpZI,I2,sampdoria,cittadella,2025-04-12,1,0
SrCi8BSQ,I2,carrarese,catanzaro,2025-04-12,2,2
fgdW0TK0,I2,cosenza,brescia,2025-04-12,1,1
pbgcFSZg,I2,reggiana,pisa,2025-04-12,0,2
hOd5D646,I2,salernitana,sudtirol,2025-04-12,2,1
6TNrAXcE,I2,bari,palermo,2025-04-11,2,1
pOxlljye,I2,spezia,sampdoria,2025-04-06,2,0
l6GSBYB4,I2,catanzaro,bari,2025-04-06,3,3
69a1cfE8,I2,palermo,sassuolo,2025-04-06,5,3
OpzHkre2,I2,juve stabia,salernitana,2025-04-05,1,0
hQc9eYrL,I2,pisa,modena,2025-04-05,1,2
8d8KDfsh,I2,brescia,mantova,2025-04-05,1,2
MJEzACtH,I2,cittadella,carrarese,2025-04-05,0,0
GKW8i4Qk,I2,frosinone,cosenza,2025-04-05,2,2
tjWdnU57,I2,sudtirol,cesena,2025-04-05,1,1
CAvtjC6r,I2,reggiana,cremonese,2025-04-04,1,2
UkLhaeSb,I2,salernitana,palermo,2025-03-30,1,2
n732lvEt,I2,carrarese,bari,2025-03-30,2,1
rZdBnIrg,I2,cesena,juve stabia,2025-03-30,1,2
dIv2eDRN,I2,sassuolo,reggiana,2025-03-29,5,1
AolSrzrI,I2,cremonese,cittadella,2025-03-29,2,2
lWaJpdD5,I2,cosenza,pisa,2025-03-29,0,3
IBizsECU,I2,mantova,sudtirol,2025-03-29,2,0
dxNp1Hcn,I2,modena,catanzaro,2025-03-29,2,1
lhyfcZdB,I2,sampdoria,frosinone,2025-03-29,0,3
tjGYkiko,I2,spezia,brescia,2025-03-28,0,1
KI4nN1Fs,I2,catanzaro,cosenza,2025-03-16,4,0
21MxYITa,I2,pisa,mantova,2025-03-16,3,1
zTZqWdbC,I2,reggiana,sampdoria,2025-03-16,2,2
WfThUzTO,I2,sudtirol,carrarese,2025-03-16,2,2
0UiEuAV8,I2,bari,salernitana,2025-03-15,0,0
Sr8fLupf,I2,cesena,spezia,2025-03-15,0,0
Ms13JJE6,I2,cittadella,sassuolo,2025-03-15,1,2
feaBHcqJ,I2,frosinone,brescia,2025-03-15,2,1
A3sbu1yQ,I2,juve stabia,modena,2025-03-15,2,1
tnYTZvam,I2,palermo,cremonese,2025-03-14,2,3
M9PDCB1M,I2,cittadella,sudtirol,2025-03-09,1,5
ELqRJS8k,I2,sassuolo,bari,2025-03-09,1,1
YNaSH6w2,I2,spezia,pisa,2025-03-09,3,2
hUXdGg2c,I2,brescia,cesena,2025-03-08,1,1
IkbePloS,I2,sampdoria,palermo,2025-03-08,1,1
ldR5EXW9,I2,carrarese,frosinone,2025-03-08,0,1
Y1Oi5Tgd,I2,cremonese,catanzaro,2025-03-08,4,0
Ec1vTWo3,I2,mantova,juve stabia,2025-03-08,1,1
MN4nRAGF,I2,salernitana,modena,2025-03-08,1,0
K4yEGtGs,I2,avellino,sudtirol,2026-03-18,3,2
6LZLEKpf,I2,carrarese,sampdoria,2026-03-18,2,0
GfP5EBjB,I2,pescara,entella,2026-03-18,3,0
z1RxBxpJ,I2,frosinone,bari,2026-03-18,2,1
lrYlIgin,I2,mantova,cesena,2026-03-17,3,0
OKSDCkLN,I2,reggiana,monza,2026-03-17,0,0
r59p7Tro,I2,spezia,empoli,2026-03-17,1,1
zadWUWzh,I2,venezia,padova,2026-03-17,3,1
fuycGXLb,I2,palermo,juve stabia,2026-03-17,2,2
8Q7eba0D,I2,sudtirol,pescara,2026-03-15,0,0
zXasM2hK,I2,entella,avellino,2026-03-15,1,2
CbEn0LV0,I2,sampdoria,venezia,2026-03-14,0,0
zJK873wR,I2,monza,palermo,2026-03-14,3,0
ObZYfQgL,I2,bari,reggiana,2026-03-14,4,1
KUK4k4Hr,I2,cesena,frosinone,2026-03-14,2,2
vXz6mrne,I2,empoli,mantova,2026-03-14,2,2
ncvEoMG7,I2,juve stabia,carrarese,2026-03-14,1,1
voGv2s1l,I2,padova,catanzaro,2026-03-14,1,3
ShH09P8E,I2,modena,spezia,2026-03-13,3,0
Ae9atRvS,I2,pescara,bari,2026-03-08,4,0
Yi9GtzZA,I2,carrarese,palermo,2026-03-08,0,1
htMlORIq,I2,catanzaro,empoli,2026-03-08,3,2
Q7ZeM5md,I2,frosinone,sampdoria,2026-03-08,3,0
tGHrp9u3,I2,mantova,juve stabia,2026-03-08,2,0
ETFjrmAF,I2,modena,cesena,2026-03-07,0,0
SWuQdnP8,I2,venezia,reggiana,2026-03-07,2,0
QR58rd4b,I2,avellino,padova,2026-03-07,1,0
vBaVz52k,I2,spezia,monza,2026-03-07,4,2
0QmvZrX1,I2,sudtirol,entella,2026-03-07,0,1
29EhZW9m,I2,bari,empoli,2026-03-04,2,1
vF9HTSwP,I2,frosinone,pescara,2026-03-04,2,2
rqlIXvjt,I2,juve stabia,sampdoria,2026-03-04,1,1
COuZTdk5,I2,palermo,mantova,2026-03-04,2,1
AZH0XAv0,I2,carrarese,catanzaro,2026-03-04,3,3
61B9Vl9C,I2,cesena,monza,2026-03-03,1,3
UaCapIZo,I2,entella,modena,2026-03-03,2,1
KlqsSzKH,I2,reggiana,sudtirol,2026-03-03,0,4
EmxjQElU,I2,venezia,avellino,2026-03-03,4,0
j9iQVIKh,I2,padova,spezia,2026-03-03,2,2
jBMh4CAD,I2,mantova,carrarese,2026-03-01,1,1
nJPy8fBl,I2,catanzaro,frosinone,2026-03-01,2,2
x8vKKXff,I2,pescara,palermo,2026-03-01,2,1
GW24Q2RF,I2,avellino,juve stabia,2026-02-28,0,0
6mWzHkfJ,I2,spezia,reggiana,2026-02-28,0,1
roJp6Yu1,I2,empoli,cesena,2026-02-28,1,1
W6auSF2K,I2,modena,padova,2026-02-28,1,2
IywMvgnQ,I2,sudtirol,venezia,2026-02-28,1,1
ALxSIBP6,I2,sampdoria,bari,2026-02-27,0,2
ttoBMgQs,I2,monza,entella,2026-02-27,2,0
YBT06szp,I2,reggiana,avellino,2026-02-22,1,1
8fRZirLj,I2,juve stabia,modena,2026-02-22,1,2
Aaqm1nb4,I2,carrarese,monza,2026-02-21,0,1
GdneaQSG,I2,cesena,spezia,2026-02-21,2,3
MX9eSOd3,I2,entella,catanzaro,2026-02-21,1,3
O29MFoDc,I2,mantova,sampdoria,2026-02-21,2,1
dG7UDPsA,I2,padova,bari,2026-02-21,1,1
2TxVB3CM,I2,palermo,sudtirol,2026-02-21,3,0
fRH94L4d,I2,venezia,pescara,2026-02-21,3,2
xCz4c4cT,I2,frosinone,empoli,2026-02-20,2,2
nqiOyWUh,I2,avellino,pescara,2026-02-15,0,1
ncWdjVqn,I2,empoli,reggiana,2026-02-15,1,1
f9fWZ9a5,I2,bari,sudtirol,2026-02-15,1,2
GxODnmqB,I2,monza,juve stabia,2026-02-15,2,1
EXkv38Ti,I2,spezia,frosinone,2026-02-15,0,2
8W0nWRbU,I2,cesena,venezia,2026-02-14,0,4
zJ2vYmUH,I2,catanzaro,mantova,2026-02-14,2,0
fNZ4l9Eb,I2,modena,carrarese,2026-02-14,2,0
2gMLpRDN,I2,palermo,entella,2026-02-14,3,0
Mw3hu5yo,I2,sampdoria,padova,2026-02-14,1,0
2XStT1nL,I2,avellino,frosinone,2026-02-11,1,3
b3ECNuAr,I2,bari,spezia,2026-02-11,0,0
fV7LLJve,I2,empoli,juve stabia,2026-02-11,1,2
tnW2YdO0,I2,sudtirol,monza,2026-02-11,0,0
QT2Fwh0t,I2,entella,cesena,2026-02-10,3,1
0SATJc97,I2,padova,carrarese,2026-02-10,1,0
tOmGs11E,I2,pescara,catanzaro,2026-02-10,0,2
lliOuuWQ,I2,reggiana,mantova,2026-02-10,1,0
0ln4WzgD,I2,venezia,modena,2026-02-10,0,2
8YXfzJgl,I2,sampdoria,palermo,2026-02-10,3,3
hrqv9tek,I2,monza,avellino,2026-02-08,2,1
65ZXUNH8,I2,spezia,entella,2026-02-07,1,1
EcXn7KP1,I2,palermo,empoli,2026-02-07,3,2
xllKJxhA,I2,carrarese,sudtirol,2026-02-07,0,0
pEiSHGMM,I2,catanzaro,reggiana,2026-02-07,2,0
xCW6AYEd,I2,frosinone,venezia,2026-02-07,1,2
hK0iIpY2,I2,juve stabia,padova,2026-02-07,3,3
QXbaGO2F,I2,mantova,bari,2026-02-07,2,1
Mah8E2XR,I2,modena,sampdoria,2026-02-07,1,2
UoTbCfpp,I2,cesena,pescara,2026-02-06,2,0
WxlQ14WO,I2,padova,monza,2026-02-01,1,2
2ByrKong,I2,reggiana,juve stabia,2026-02-01,1,1
OQPjIPG5,I2,sampdoria,spezia,2026-01-31,1,0
A3JzM7Ht,I2,pescara,mantova,2026-01-31,2,2
Gtb1782m,I2,avellino,cesena,2026-01-31,3,1
bPkI3Q1C,I2,empoli,modena,2026-01-31,0,0
IoYILbNc,I2,entella,frosinone,2026-01-31,1,1
WjTbG3oI,I2,sudtirol,catanzaro,2026-01-31,2,1
QioXceVj,I2,venezia,carrarese,2026-01-31,2,1
2cd95nXa,I2,bari,palermo,2026-01-30,0,3
G6shtW3l,I2,catanzaro,sampdoria,2026-01-25,0,0
W8MUCUvQ,I2,sudtirol,padova,2026-01-25,3,0
42UrkRnJ,I2,spezia,avellino,2026-01-24,1,0
zNxSh9mf,I2,modena,palermo,2026-01-24,0,0
MJChvAY0,I2,cesena,bari,2026-01-24,1,2
UqG0xl3D,I2,frosinone,reggiana,2026-01-24,1,0
Augm0ieK,I2,juve stabia,entella,2026-01-24,1,0
tOqJfVIs,I2,mantova,venezia,2026-01-24,2,5
8zyzimI6,I2,monza,pescara,2026-01-24,3,0
QcASmd7T,F1,st etienne,auxerre,2022-05-29,1,2
n7BOlxhN,F1,auxerre,st etienne,2022-05-26,1,1
K2ED4alK,F1,angers,montpellier,2022-05-21,2,0
EPDH3J3Q,F1,brest,bordeaux,2022-05-21,2,4
GYaqawCs,F1,clermont,lyon,2022-05-21,1,2
Y9flbcRm,F1,lens,monaco,2022-05-21,2,2
C0ghcHtf,F1,lille,rennes,2022-05-21,2,2
6Nhddyd0,F1,lorient,troyes,2022-05-21,1,1
Icd0eeB6,F1,marseille,strasbourg,2022-05-21,4,0
0Mo5fFQC,F1,nantes,st etienne,2022-05-21,1,1
vDp9gZuJ,F1,psg,metz,2022-05-21,5,0
SSwiIIIJ,F1,reims,nice,2022-05-21,2,3
EXT3mXfN,F1,auxerre,sochaux,2022-05-20,1,0
pShp8FnM,F1,paris fc,sochaux,2022-05-17,1,2
r3pWiM4E,F1,bordeaux,lorient,2022-05-14,0,0
0vuyitKK,F1,lyon,nantes,2022-05-14,3,2
vVwuj0ZQ,F1,metz,angers,2022-05-14,1,0
dAQ6oKsr,F1,monaco,brest,2022-05-14,4,2
ADUApvcl,F1,montpellier,psg,2022-05-14,0,4
hxKFqbCf,F1,nice,lille,2022-05-14,1,3
WSIJrIR0,F1,rennes,marseille,2022-05-14,2,0
Q3XMsxs7,F1,st etienne,reims,2022-05-14,1,2
4fWQtddD,F1,strasbourg,clermont,2022-05-14,1,0
6aA95uZD,F1,troyes,lens,2022-05-14,1,3
dA4yWvre,F1,nantes,rennes,2022-05-11,2,1
vZgtVbc1,F1,nice,st etienne,2022-05-11,4,2
j9cpUIC7,F1,psg,troyes,2022-05-08,2,2
lp1TX0Dr,F1,lorient,marseille,2022-05-08,0,3
MVpmhVbc,F1,angers,bordeaux,2022-05-08,4,1
Uelej9T9,F1,clermont,montpellier,2022-05-08,2,1
4CoSh2k8,F1,reims,lens,2022-05-08,1,2
IJ5XWKSl,F1,metz,lyon,2022-05-08,3,2
GhpiikE3,F1,brest,strasbourg,2022-05-07,0,1
CKw0kTrG,F1,lille,monaco,2022-05-06,1,2
jk1TyAEG,F1,marseille,lyon,2022-05-01,0,3
M99CuhFi,F1,bordeaux,nice,2022-05-01,0,1
4YbHvCUc,F1,brest,clermont,2022-05-01,2,0
Cb2PxjaA,F1,lorient,reims,2022-05-01,1,2
YDjYzUTM,F1,monaco,angers,2022-05-01,2,0
nHfxzlqT,F1,montpellier,metz,2022-05-01,2,2
runqgBqi,F1,troyes,lille,2022-05-01,3,0
4ds4V7ip,F1,rennes,st etienne,2022-04-30,2,0
rPcLwWq4,F1,lens,nantes,2022-04-30,2,2
rmt8UR6j,F1,strasbourg,psg,2022-04-29,3,3
8CGaMUET,F1,reims,marseille,2022-04-24,0,1
r5VZRYph,F1,lille,strasbourg,2022-04-24,1,0
zuWVSEVo,F1,clermont,angers,2022-04-24,2,2
4KJrQCF4,F1,metz,brest,2022-04-24,0,1
INNnPWUA,F1,nantes,bordeaux,2022-04-24,5,3
CpNjOjpH,F1,nice,troyes,2022-04-24,1,0
AL2RHlNp,F1,rennes,lorient,2022-04-24,5,0
jyMfNAaN,F1,psg,lens,2022-04-23,1,1
OOj9tYao,F1,st etienne,monaco,2022-04-23,1,4
MeUwRh0b,F1,lyon,montpellier,2022-04-23,5,2
4jKwvcOt,F1,angers,psg,2022-04-20,0,3
bkDnxygg,F1,brest,lyon,2022-04-20,2,1
hCCjye8a,F1,lens,montpellier,2022-04-20,2,0
lv6aZYxC,F1,marseille,nantes,2022-04-20,3,2
ze8BWWMU,F1,strasbourg,rennes,2022-04-20,2,1
nF9rwHwm,F1,bordeaux,st etienne,2022-04-20,2,2
W2BfzFN5,F1,lorient,metz,2022-04-20,1,0
SU43YhhI,F1,monaco,nice,2022-04-20,1,0
Mi47XC7O,F1,reims,lille,2022-04-20,2,1
dlXRTfGu,F1,troyes,clermont,2022-04-20,0,1
hCjLLF8C,F1,psg,marseille,2022-04-17,2,1
0rJ8Qwfs,F1,lyon,bordeaux,2022-04-17,6,1
vZHCPc9m,F1,metz,clermont,2022-04-17,1,1
6el9OHOg,F1,montpellier,reims,2022-04-17,0,0
pnmDNyv0,F1,nantes,angers,2022-04-17,1,1
2sYBrwGP,F1,troyes,strasbourg,2022-04-17,1,1
v9nHMeg6,F1,nice,lorient,2022-04-17,2,1
8neur6PE,F1,lille,lens,2022-04-16,1,2
ERvUJgwP,F1,st etienne,brest,2022-04-16,2,1
zytQKZNI,F1,rennes,monaco,2022-04-15,2,3
pE9pMO2e,F1,marseille,montpellier,2022-04-10,2,0
fqiyqnA8,F1,strasbourg,lyon,2022-04-10,1,1
ObLyOpYr,F1,lens,nice,2022-04-10,3,0
bHycVSu9,F1,angers,lille,2022-04-10,1,1
fqV5T6AL,F1,brest,nantes,2022-04-10,1,1
EmElLrI1,F1,monaco,troyes,2022-04-10,2,1
GhW1UneF,F1,bordeaux,metz,2022-04-10,3,1
l6U9SQPR,F1,clermont,psg,2022-04-09,1,6
hvDhK2X7,F1,reims,rennes,2022-04-09,2,3
6NAtN4mk,F1,lorient,st etienne,2022-04-08,6,2
Aee29oJk,F1,psg,lorient,2022-04-03,5,1
v7LNGTQF,F1,lyon,angers,2022-04-03,3,2
WtIFIkd3,F1,clermont,nantes,2022-04-03,2,3
MVASFmtM,F1,metz,monaco,2022-04-03,1,2
0M9WE7eS,F1,montpellier,brest,2022-04-03,1,2
hKp785Ye,F1,st etienne,marseille,2022-04-03,2,4
KQxgW8Q2,F1,troyes,reims,2022-04-03,1,0
6NlB7Pm2,F1,strasbourg,lens,2022-04-03,1,0
Q3HJH9B9,F1,lille,bordeaux,2022-04-02,0,0
W4dbAR3q,F1,nice,rennes,2022-04-02,1,1
vgtk2UBM,F1,marseille,nice,2022-03-20,2,1
xryPeSlj,F1,reims,lyon,2022-03-20,0,0
ADlY5CCc,F1,angers,brest,2022-03-20,1,0
hxvw5WR3,F1,bordeaux,montpellier,2022-03-20,0,2
02so3AdG,F1,lorient,strasbourg,2022-03-20,0,0
GYZSfn4d,F1,rennes,metz,2022-03-20,6,1
MHVg1lRS,F1,monaco,psg,2022-03-20,3,0
rLyLd8Zq,F1,nantes,lille,2022-03-19,0,1
WSxs4jsA,F1,lens,clermont,2022-03-19,3,1
W0ldfU30,F1,ac ajaccio,marseille,2023-06-03,1,0
p4h0glJ6,F1,auxerre,lens,2023-06-03,1,3
W0AR993m,F1,brest,rennes,2023-06-03,1,2
6Jt9iSmJ,F1,lorient,strasbourg,2023-06-03,2,1
SSs5h8YC,F1,monaco,toulouse,2023-06-03,1,2
YPUjGBQJ,F1,nantes,angers,2023-06-03,1,0
CGTfFVuQ,F1,nice,lyon,2023-06-03,3,1
Ic6NAkls,F1,psg,clermont,2023-06-03,2,3
QN9V8TIg,F1,reims,montpellier,2023-06-03,1,3
4E8Z7mYa,F1,troyes,lille,2023-06-03,1,1
bZAFsiKf,F1,angers,troyes,2023-05-27,2,1
xQ9JtBZ0,F1,clermont,lorient,2023-05-27,2,0
v39H1CBQ,F1,lens,ac ajaccio,2023-05-27,3,0
6aENuVl7,F1,lille,nantes,2023-05-27,2,1
neiA3YtE,F1,lyon,reims,2023-05-27,3,0
ptAD2hdK,F1,marseille,brest,2023-05-27,1,2
pjDRvk4D,F1,montpellier,nice,2023-05-27,2,3
bmjldjZm,F1,rennes,monaco,2023-05-27,2,0
tCeqcWJs,F1,strasbourg,psg,2023-05-27,1,1
xvkheAlf,F1,toulouse,auxerre,2023-05-27,1,1
x4YrUXke,F1,auxerre,psg,2023-05-21,1,2
KSNmTi51,F1,lorient,lens,2023-05-21,1,3
pSUvlgsR,F1,brest,clermont,2023-05-21,2,1
QPEwjFCE,F1,nice,toulouse,2023-05-21,0,0
27H6qDkr,F1,reims,angers,2023-05-21,2,2
GALArX4l,F1,troyes,strasbourg,2023-05-21,1,1
bDZvVDzk,F1,ac ajaccio,rennes,2023-05-21,0,5
nZFZjec8,F1,lille,marseille,2023-05-20,2,1
YVRiSBK7,F1,nantes,montpellier,2023-05-20,0,3
6yWzkZRK,F1,lyon,monaco,2023-05-19,3,1
lpX7SKEj,F1,marseille,angers,2023-05-14,3,1
vBsYYMyN,F1,monaco,lille,2023-05-14,0,0
AkI2l2yA,F1,brest,auxerre,2023-05-14,1,0
AgY3T0ap,F1,montpellier,lorient,2023-05-14,1,1
hE77mMjG,F1,rennes,troyes,2023-05-14,4,0
UwVzWgLr,F1,toulouse,nantes,2023-05-14,0,0
hEoxYtiT,F1,clermont,lyon,2023-05-14,2,1
Q1Gji4ii,F1,psg,ac ajaccio,2023-05-13,5,0
bFEbkrM3,F1,strasbourg,nice,2023-05-13,2,0
4hFfjO6c,F1,lens,reims,2023-05-12,2,1
dnhTZ2MG,F1,troyes,psg,2023-05-07,1,3
pUuIx5xb,F1,lyon,montpellier,2023-05-07,5,4
xOIjMqhH,F1,ac ajaccio,toulouse,2023-05-07,0,0
GEHfL37N,F1,auxerre,clermont,2023-05-07,1,1
zabRFsVp,F1,lorient,brest,2023-05-07,2,1
l2n9vR7o,F1,nantes,strasbourg,2023-05-07,0,2
YkCaKNMT,F1,angers,monaco,2023-05-07,1,2
OKvMyPi4,F1,lens,marseille,2023-05-06,2,1
IegPzq7A,F1,reims,lille,2023-05-06,1,0
25jDwoNi,F1,nice,rennes,2023-05-06,2,1
ABRZPRhh,F1,brest,nantes,2023-05-03,2,0
WQFrO5N4,F1,toulouse,lens,2023-05-02,0,1
xOdL64hU,F1,marseille,auxerre,2023-04-30,2,1
2oORRmOu,F1,psg,lorient,2023-04-30,1,3
UcgD8QNH,F1,clermont,reims,2023-04-30,1,0
l2QwPo8b,F1,rennes,angers,2023-04-30,4,2
r1JnNPxB,F1,troyes,nice,2023-04-30,0,1
j7f9968B,F1,monaco,montpellier,2023-04-30,0,4
OKhH7pwO,F1,lille,ac ajaccio,2023-04-29,3,0
txNVQ7wn,F1,strasbourg,lyon,2023-04-28,1,2
xru4C8Oh,F1,lyon,marseille,2023-04-23,1,2
tGoeEUgt,F1,montpellier,rennes,2023-04-23,1,0
WjaZdTO5,F1,ac ajaccio,brest,2023-04-23,0,0
ji6ofR8O,F1,lorient,toulouse,2023-04-23,0,1
v7aTIAoP,F1,nantes,troyes,2023-04-23,2,2
Ovy0Dl9n,F1,nice,clermont,2023-04-23,1,2
AewCAng5,F1,reims,strasbourg,2023-04-23,0,2
W4v8BSwa,F1,lens,monaco,2023-04-22,3,0
UyIxdmvC,F1,auxerre,lille,2023-04-22,1,1
C07se7gI,F1,angers,psg,2023-04-21,1,2
dCuoJJu8,F1,marseille,troyes,2023-04-16,3,1
6NGdCm7e,F1,monaco,lorient,2023-04-16,3,1
SWHhDTik,F1,auxerre,nantes,2023-04-16,2,1
t26MaVvm,F1,brest,nice,2023-04-16,1,0
EmG0B7M1,F1,clermont,angers,2023-04-16,2,1
2B7I0BPt,F1,strasbourg,ac ajaccio,2023-04-16,3,1
hvF4ARy8,F1,lille,montpellier,2023-04-16,2,1
AFqkIweE,F1,psg,lens,2023-04-15,3,1
bw1Rbkfg,F1,rennes,reims,2023-04-15,3,0
xUaVc99a,F1,toulouse,lyon,2023-04-14,1,2
ETiJbUxd,F1,lorient,marseille,2023-04-09,0,0
Q3eNclh2,F1,nantes,monaco,2023-04-09,2,2
hE3A0j8q,F1,ac ajaccio,auxerre,2023-04-09,0,3
v7q5MXU2,F1,montpellier,toulouse,2023-04-09,1,2
8nyMIkUR,F1,reims,brest,2023-04-09,1,1
p8SmE9xq,F1,troyes,clermont,2023-04-09,0,2
zZxEKBaF,F1,lyon,rennes,2023-04-09,3,1
Icr9Lip9,F1,nice,psg,2023-04-08,0,2
W42EaANk,F1,angers,lille,2023-04-08,1,0
EPyIJVEL,F1,lens,strasbourg,2023-04-07,2,1
v7NZ6hVF,F1,psg,lyon,2023-04-02,0,1
YZ1umXwp,F1,monaco,strasbourg,2023-04-02,4,3
Sd1qnigj,F1,angers,nice,2023-04-02,1,1
MVCv6CpM,F1,brest,toulouse,2023-04-02,3,1
6m0moB8d,F1,clermont,ac ajaccio,2023-04-02,2,1
hjLN9foc,F1,nantes,reims,2023-04-02,0,3
WtKR8E03,F1,lille,lorient,2023-04-02,3,1
0MBr5WaS,F1,rennes,lens,2023-04-01,0,1
dEADiDVS,F1,auxerre,troyes,2023-04-01,1,0
Q3JV7YF9,F1,marseille,montpellier,2023-03-31,1,1
6PH0fFoA,F1,reims,marseille,2023-03-19,1,2
YZPmcH1i,F1,psg,rennes,2023-03-19,0,2
0neZwf1T,F1,montpellier,clermont,2023-03-19,2,1
ttw2ZD9p,F1,nice,lorient,2023-03-19,1,1
SYIdeeW3,F1,strasbourg,auxerre,2023-03-19,2,0
EkL8hgGM,F1,troyes,brest,2023-03-19,2,2
MedVvznN,F1,ac ajaccio,monaco,2023-03-19,0,2
pATidyHc,F1,lens,angers,2023-03-18,3,0
zaM4gZ0G,F1,toulouse,lille,2023-03-18,0,2
KxqNRpgn,F1,metz,st etienne,2024-06-02,2,2
6exBKToJ,F1,st etienne,metz,2024-05-30,2,1
UmxckAJN,F1,st etienne,rodez,2024-05-24,2,0
xbTyN52l,F1,rodez,paris fc,2024-05-21,3,2
88K4TzrO,F1,le havre,marseille,2024-05-19,1,2
2ek4VdDB,F1,lens,montpellier,2024-05-19,2,2
naJ8SfcU,F1,lille,nice,2024-05-19,2,2
8Yk0Wxb5,F1,lorient,clermont,2024-05-19,5,0
xObInbrn,F1,lyon,strasbourg,2024-05-19,2,1
OKfEmvTu,F1,metz,psg,2024-05-19,0,2
tnl8UGSH,F1,monaco,nantes,2024-05-19,4,0
fVodXIra,F1,reims,rennes,2024-05-19,2,1
C6diYbTh,F1,toulouse,brest,2024-05-19,0,3
QaTiUKED,F1,nice,psg,2024-05-15,1,2
v3HZh4iE,F1,reims,marseille,2024-05-15,1,0
UgsuZ3Hu,F1,clermont,lyon,2024-05-12,0,1
EqlVsvqD,F1,marseille,lorient,2024-05-12,3,1
27umXsnh,F1,montpellier,monaco,2024-05-12,0,2
8ptqYNWo,F1,nantes,lille,2024-05-12,1,2
OfeIptaf,F1,psg,toulouse,2024-05-12,1,3
KMlRrKT6,F1,rennes,lens,2024-05-12,1,1
6JpNq0E0,F1,strasbourg,metz,2024-05-12,2,1
0hbjW11b,F1,brest,reims,2024-05-10,1,1
hzmZtbbJ,F1,nice,le havre,2024-05-10,1,0
n9UmV0a7,F1,lille,lyon,2024-05-06,3,4
p4dEoMql,F1,brest,nantes,2024-05-04,0,0
xvcAn2Us,F1,metz,rennes,2024-05-04,2,3
UXZrWtp1,F1,monaco,clermont,2024-05-04,4,1
zVArirMQ,F1,le havre,strasbourg,2024-05-04,3,1
h6LwhO6K,F1,lens,lorient,2024-05-03,2,0
jsyuXMUf,F1,toulouse,montpellier,2024-05-03,1,2
hnghtR78,F1,marseille,lens,2024-04-28,2,1
0Cd0v5xL,F1,lyon,monaco,2024-04-28,3,2
jsF9HsV7,F1,rennes,brest,2024-04-28,4,5
v3e4wPiR,F1,clermont,reims,2024-04-28,4,1
WxhduoNE,F1,lorient,toulouse,2024-04-28,1,2
xvB5INF1,F1,strasbourg,nice,2024-04-28,1,3
ppYWYr0r,F1,metz,lille,2024-04-28,1,2
rHB1J30e,F1,psg,le havre,2024-04-27,3,3
dKyyY2Fl,F1,montpellier,nantes,2024-04-26,1,1
bkwuGUg3,F1,marseille,nice,2024-04-24,2,2
W2ymE8OF,F1,monaco,lille,2024-04-24,1,0
hCxqFl99,F1,lorient,psg,2024-04-24,1,4
v9AW5pWe,F1,psg,lyon,2024-04-21,4,1
Ia9z54o2,F1,toulouse,marseille,2024-04-21,2,2
4QCcKqok,F1,brest,monaco,2024-04-21,0,2
x4t1LPVr,F1,le havre,metz,2024-04-21,0,1
6F2ITmO2,F1,lille,strasbourg,2024-04-21,1,0
SUjRRRhF,F1,reims,montpellier,2024-04-21,1,2
tYfVQo8L,F1,lens,clermont,2024-04-20,1,0
zefZP5NR,F1,nantes,rennes,2024-04-20,0,3
p61MS7w9,F1,nice,lorient,2024-04-19,3,0
lvWiDSwM,F1,lyon,brest,2024-04-14,4,3
SUUeCngS,F1,clermont,montpellier,2024-04-14,1,1
pAHN761q,F1,le havre,nantes,2024-04-14,0,1
pnZzHAvc,F1,rennes,toulouse,2024-04-13,1,2
rsehhR1d,F1,strasbourg,reims,2024-04-13,3,1
dpLR6QGk,F1,metz,lens,2024-04-12,2,1
K0ZGBF2H,F1,nantes,lyon,2024-04-07,1,3
jLs0Fc3h,F1,monaco,rennes,2024-04-07,1,0
dQdpfmXq,F1,montpellier,lorient,2024-04-07,2,0
OYu8DyY4,F1,reims,nice,2024-04-07,0,0
YqmeGwln,F1,toulouse,strasbourg,2024-04-07,0,0
4jdlg7nj,F1,brest,metz,2024-04-07,4,3
fgliHJYu,F1,psg,clermont,2024-04-06,1,1
xxpCCemB,F1,lens,le havre,2024-04-06,1,1
UBt4EHIb,F1,lille,marseille,2024-04-05,3,1
fu9I2KJn,F1,marseille,psg,2024-03-31,0,2
0I9E304t,F1,strasbourg,rennes,2024-03-31,2,0
xO4wbdYH,F1,clermont,toulouse,2024-03-31,0,3
KnfrcGmO,F1,le havre,montpellier,2024-03-31,0,2
bX5ZbxJB,F1,nice,nantes,2024-03-31,1,2
8rDM1vZh,F1,lorient,brest,2024-03-31,0,1
Uc1VaI35,F1,lyon,reims,2024-03-30,1,1
IXCodz3U,F1,metz,monaco,2024-03-30,2,5
j72R0bla,F1,lille,lens,2024-03-29,2,1
bHHBqcJO,F1,montpellier,psg,2024-03-17,2,6
rLNrjszs,F1,rennes,marseille,2024-03-17,2,0
UyQfmuKa,F1,clermont,le havre,2024-03-17,2,1
joRjlL4g,F1,monaco,lorient,2024-03-17,2,2
C0FanaZ5,F1,reims,metz,2024-03-17,2,1
b9Nn8tdP,F1,brest,lille,2024-03-17,1,1
Q3J3oJlC,F1,lens,nice,2024-03-16,1,3
KQI7pw4I,F1,nantes,strasbourg,2024-03-16,1,3
MBMnk1km,F1,toulouse,lyon,2024-03-15,2,3
rL1Dz2zf,F1,marseille,nantes,2024-03-10,2,0
GYaLYu56,F1,lille,rennes,2024-03-10,2,2
Q3sCe3CJ,F1,le havre,toulouse,2024-03-10,1,0
xvoGfNRP,F1,metz,clermont,2024-03-10,1,0
UHc9yrLm,F1,strasbourg,monaco,2024-03-10,0,1
ng84xO5s,F1,psg,reims,2024-03-10,2,2
C0gUWJZI,F1,lens,brest,2024-03-09,1,0
xr1HZLk0,F1,lorient,lyon,2024-03-09,0,2
Y9fQXaKC,F1,nice,montpellier,2024-03-08,1,2
2mRvM2L0,F1,lyon,lens,2024-03-03,0,3
SUYRO4yr,F1,rennes,lorient,2024-03-03,1,2
ppMxs4cQ,F1,brest,le havre,2024-03-03,1,0
j97ZsprK,F1,montpellier,strasbourg,2024-03-03,2,2
CI8VrQSD,F1,nantes,metz,2024-03-03,0,2
6LXVNOjl,F1,toulouse,nice,2024-03-03,2,1
dAQrLMz7,F1,clermont,marseille,2024-03-02,1,5
ADUnKtjD,F1,reims,lille,2024-03-02,0,1
OdSzNr6f,F1,monaco,psg,2024-03-01,0,0
zwRaLVUk,F1,marseille,montpellier,2024-02-25,4,1
MVpPRXiM,F1,psg,rennes,2024-02-25,1,1
Ob7fsDi9,F1,le havre,reims,2024-02-25,1,2
2qJoqZMd,F1,nice,clermont,2024-02-25,0,0
hEyeMBFq,F1,toulouse,lille,2024-02-25,3,1
tzIkrgx3,F1,lens,monaco,2024-02-25,2,3
d2UI0Kq4,F1,reims,metz,2025-05-29,1,3
0zyA2tFi,F1,metz,reims,2025-05-21,1,1
2TI0VAEN,F1,lens,monaco,2025-05-17,4,0
QNNyyFpn,F1,lille,reims,2025-05-17,2,1
fsvIKg05,F1,lyon,angers,2025-05-17,2,0
nHzAMFVh,F1,marseille,rennes,2025-05-17,4,2
f3FhXWqB,F1,nantes,montpellier,2025-05-17,3,0
j9XQIXUH,F1,nice,brest,2025-05-17,6,0
KpaXPlxo,F1,psg,auxerre,2025-05-17,3,1
OMVYGBaU,F1,st etienne,toulouse,2025-05-17,2,3
YmRqZhFb,F1,strasbourg,le havre,2025-05-17,2,3
YcKYizC7,F1,metz,dunkerque,2025-05-17,1,0
ttkOZVKG,F1,dunkerque,guingamp,2025-05-14,1,0
p44guBED,F1,angers,strasbourg,2025-05-10,2,1
OlGpsXq1,F1,auxerre,nantes,2025-05-10,1,1
6XXzhlbJ,F1,brest,lille,2025-05-10,2,0
CAdu3E6K,F1,le havre,marseille,2025-05-10,1,3
nVLpqEWo,F1,monaco,lyon,2025-05-10,2,0
2uyKeWbf,F1,montpellier,psg,2025-05-10,1,4
GOCxqgFl,F1,reims,st etienne,2025-05-10,0,2
URxCchUs,F1,rennes,nice,2025-05-10,2,0
b7USgAT6,F1,toulouse,lens,2025-05-10,1,1
CGkxGfo2,F1,lille,marseille,2025-05-04,1,1
Y39DlFiR,F1,auxerre,le havre,2025-05-04,1,2
0xWWyx8L,F1,brest,montpellier,2025-05-04,1,0
GldTHGGk,F1,lyon,lens,2025-05-04,1,2
xIPAUg0e,F1,nantes,angers,2025-05-04,0,1
G2y2WFVr,F1,st etienne,monaco,2025-05-03,1,3
prTISXU7,F1,toulouse,rennes,2025-05-03,2,1
0jB5jyNE,F1,strasbourg,psg,2025-05-03,2,1
4AxOwbw9,F1,nice,reims,2025-05-02,1,0
p0MlPbOF,F1,marseille,brest,2025-04-27,4,1
lExn5wXq,F1,lens,auxerre,2025-04-27,0,4
dtLDNomB,F1,montpellier,reims,2025-04-27,0,0
lGH5P7Ib,F1,nantes,toulouse,2025-04-27,0,0
MRzf3H1d,F1,angers,lille,2025-04-27,0,2
6FAcNxgS,F1,lyon,rennes,2025-04-26,4,1
xxlm7Q2U,F1,le havre,monaco,2025-04-26,1,1
S0TdRTmn,F1,strasbourg,st etienne,2025-04-26,3,1
xzJtRKg3,F1,psg,nice,2025-04-25,1,3
UH5lVWkD,F1,nantes,psg,2025-04-22,1,1
drMH5DRP,F1,st etienne,lyon,2025-04-20,2,1
lt1dbVJa,F1,brest,lens,2025-04-20,1,3
GS2l0ikm,F1,nice,angers,2025-04-20,2,1
2qRVCUYh,F1,reims,toulouse,2025-04-20,1,0
p8f5d9lC,F1,lille,auxerre,2025-04-20,3,1
fJNNEj4t,F1,marseille,montpellier,2025-04-19,5,1
bBKvB835,F1,monaco,strasbourg,2025-04-19,0,0
j5cDfmJO,F1,psg,le havre,2025-04-19,2,1
WOIn9nYH,F1,rennes,nantes,2025-04-18,2,1
Mi2tXhL0,F1,auxerre,lyon,2025-04-13,1,3
M5sFohzf,F1,angers,montpellier,2025-04-13,2,0
0xEXYEjl,F1,le havre,rennes,2025-04-13,1,5
Qwl6mE5s,F1,st etienne,brest,2025-04-13,3,3
U72zgzrK,F1,strasbourg,nice,2025-04-12,2,2
fwn0iN6F,F1,toulouse,lille,2025-04-12,1,2
joZVsAZI,F1,monaco,marseille,2025-04-12,3,0
UVpNqW46,F1,lens,reims,2025-04-11,0,2
6JporbC4,F1,marseille,toulouse,2025-04-06,3,2
WrwXYgZj,F1,montpellier,le havre,2025-04-06,0,2
nFk4X1Fq,F1,reims,strasbourg,2025-04-06,0,1
rsqDVupd,F1,rennes,auxerre,2025-04-06,0,1
fHAPvpN9,F1,lens,st etienne,2025-04-06,1,0
lK7Ht6hc,F1,lyon,lille,2025-04-05,2,1
zDi1vGBT,F1,brest,monaco,2025-04-05,2,1
GWbYxOiM,F1,psg,angers,2025-04-05,1,0
vobhtxsH,F1,nice,nantes,2025-04-04,1,2
Ic4jMGko,F1,lille,lens,2025-03-30,1,0
hfqyHLD5,F1,angers,rennes,2025-03-30,0,3
CdaxFarI,F1,auxerre,montpellier,2025-03-30,1,0
KM2pDwDU,F1,le havre,nantes,2025-03-30,3,2
W0W2VKSb,F1,toulouse,brest,2025-03-30,2,4
p4dxpKsh,F1,monaco,nice,2025-03-29,2,1
QaPBTbcB,F1,st etienne,psg,2025-03-29,1,6
bDNJRxSN,F1,reims,marseille,2025-03-29,3,1
OzTfXtbn,F1,strasbourg,lyon,2025-03-28,4,2
jk9J2Vhe,F1,psg,marseille,2025-03-16,3,1
QRmMMjpR,F1,brest,reims,2025-03-16,0,0
hEkEOCFE,F1,montpellier,st etienne,2025-03-16,0,2
bZz9Dn7D,F1,strasbourg,toulouse,2025-03-16,2,1
pCUhHU7l,F1,lyon,le havre,2025-03-16,4,2
xKn0F8x1,F1,lens,rennes,2025-03-15,1,0
KtoTIsqg,F1,angers,monaco,2025-03-15,0,2
OEiKK3Et,F1,nantes,lille,2025-03-15,1,0
x67R09N7,F1,nice,auxerre,2025-03-14,1,1
GWfyjh9k,F1,nice,lyon,2025-03-09,0,2
jFhAygfd,F1,le havre,st etienne,2025-03-09,1,1
OYFdczHF,F1,nantes,strasbourg,2025-03-09,0,1
G8Cladn3,F1,reims,auxerre,2025-03-09,0,2
AVmplWw2,F1,brest,angers,2025-03-09,2,0
UZKA4iOr,F1,marseille,lens,2025-03-08,0,1
2PzWBZV8,F1,lille,montpellier,2025-03-08,1,0
biUvAD0L,F1,rennes,psg,2025-03-08,1,4
pl45eEoS,F1,toulouse,monaco,2025-03-07,1,1
tIKwo6Rh,F1,marseille,nantes,2025-03-02,2,0
I1f2wFPq,F1,angers,toulouse,2025-03-02,0,4
jiANpcX9,F1,auxerre,strasbourg,2025-03-02,0,1
AcCfsOQH,F1,montpellier,rennes,2025-03-02,0,4
xpEnqpd5,F1,lyon,brest,2025-03-02,2,1
f1MVnSdt,F1,psg,lille,2025-03-01,4,1
UyMEnJ2c,F1,lens,le havre,2025-03-01,3,4
4bUSOFAj,F1,st etienne,nice,2025-03-01,1,3
bHDVry2M,F1,monaco,reims,2025-02-28,3,0
jmdLSOBO,F1,lyon,psg,2025-02-23,2,3
ETLNJTSg,F1,le havre,toulouse,2025-02-23,1,4
rNhDUpsC,F1,nice,montpellier,2025-02-23,2,0
r9DvGoSI,F1,strasbourg,brest,2025-02-23,0,0
AF5QwkKP,F1,nantes,lens,2025-02-23,3,1
vgQi3gRP,F1,lens,angers,2026-03-20,5,1
0URkmsyS,F1,rennes,lille,2026-03-15,1,2
6BrmTLqd,F1,le havre,lyon,2026-03-15,0,0
h4Osk36F,F1,metz,toulouse,2026-03-15,3,4
WlzZjPy3,F1,strasbourg,paris fc,2026-03-15,0,0
hS6UuaT1,F1,monaco,brest,2026-03-14,2,0
KE8MsLbk,F1,angers,nice,2026-03-14,0,2
AqkvVsFq,F1,lorient,lens,2026-03-14,2,1
ILQ832L8,F1,marseille,auxerre,2026-03-13,1,0
lr4KuvC4,F1,lyon,paris fc,2026-03-08,1,1
dfSgPIRN,F1,brest,le havre,2026-03-08,2,0
INeyxdBT,F1,lille,lorient,2026-03-08,1,1
tS3QJdko,F1,nice,rennes,2026-03-08,0,4
Me2SwItH,F1,lens,metz,2026-03-08,3,0
lUOoRvcB,F1,toulouse,marseille,2026-03-07,0,1
l6n7WZYj,F1,auxerre,strasbourg,2026-03-07,0,0
WUBivnhc,F1,nantes,angers,2026-03-07,0,1
IoAaxQM9,F1,psg,monaco,2026-03-06,1,3
UR8pT0Sb,F1,marseille,lyon,2026-03-01,3,2
z70IPRL6,F1,lille,nantes,2026-03-01,1,0
8f91T9Ms,F1,lorient,auxerre,2026-03-01,2,2
EiC9Rmif,F1,metz,brest,2026-03-01,0,1
rX3QN5jJ,F1,paris fc,nice,2026-03-01,1,0
0lnzDlx1,F1,le havre,psg,2026-02-28,0,1
lASUYVbK,F1,monaco,angers,2026-02-28,2,0
dGuqBS6D,F1,rennes,toulouse,2026-02-28,1,0
dEAxVMcn,F1,strasbourg,lens,2026-02-27,1,1
YamKoCw2,F1,strasbourg,lyon,2026-02-22,3,1
rkcdKWqR,F1,angers,lille,2026-02-22,0,1
KGB1bkN7,F1,nantes,le havre,2026-02-22,2,0
n3Dg0Bhe,F1,nice,lorient,2026-02-22,3,3
SMYSEA7l,F1,auxerre,rennes,2026-02-22,0,3
MLTE7g0L,F1,psg,metz,2026-02-21,3,0
zPglMhFE,F1,toulouse,paris fc,2026-02-21,1,1
06u69FV8,F1,lens,monaco,2026-02-21,2,3
h4Kp2XNr,F1,brest,marseille,2026-02-20,2,0
Ikpmcotn,F1,lyon,nice,2026-02-15,2,0
EZlWdxn3,F1,lorient,angers,2026-02-15,2,0
YwCqZYgd,F1,metz,auxerre,2026-02-15,1,3
tWgxyePq,F1,le havre,toulouse,2026-02-15,2,1
IRomgfoS,F1,paris fc,lens,2026-02-14,0,5
nVy4g3uB,F1,lille,brest,2026-02-14,1,1
EHwdePAb,F1,marseille,strasbourg,2026-02-14,2,2
MahveGGF,F1,monaco,nantes,2026-02-13,3,1
EcXImY8k,F1,rennes,psg,2026-02-13,3,1
xC0WV8sm,F1,psg,marseille,2026-02-08,5,0
SKLUv4QH,F1,angers,toulouse,2026-02-08,1,0
jFQ5p8dt,F1,auxerre,paris fc,2026-02-08,0,0
EHeeQ4BO,F1,le havre,strasbourg,2026-02-08,2,1
px4vUnCa,F1,nice,monaco,2026-02-08,0,0
OSODrnRh,F1,nantes,lyon,2026-02-07,0,1
6ihmSQtC,F1,brest,lorient,2026-02-07,2,0
KfIMtQe5,F1,lens,rennes,2026-02-07,3,1
lzAwwreU,F1,metz,lille,2026-02-06,0,0
AovUO9KD,F1,strasbourg,psg,2026-02-01,1,2
8tr8yVJP,F1,angers,metz,2026-02-01,1,0
GneMDRRI,F1,nice,brest,2026-02-01,2,2
MPJQOizK,F1,toulouse,auxerre,2026-02-01,0,0
xYuMQVk1,F1,lyon,lille,2026-02-01,1,0
Cfb5H9Sg,F1,monaco,rennes,2026-01-31,4,0
juAdJVcs,F1,lorient,nantes,2026-01-31,2,1
t6nDSiLl,F1,paris fc,marseille,2026-01-31,2,2
KK1DFmc6,F1,lens,le havre,2026-01-30,1,0
dt9WJNxH,F1,lille,strasbourg,2026-01-25,1,4
nRF3CuVj,F1,brest,toulouse,2026-01-25,0,2
CSkxRvpp,F1,metz,lyon,2026-01-25,2,5
SMhjzqNc,F1,paris fc,angers,2026-01-25,0,0
z1yXnM63,F1,nantes,nice,2026-01-25,1,4
dGPuo0yG,F1,marseille,lens,2026-01-24,3,1
8fqoPIEd,F1,le havre,monaco,2026-01-24,0,0
zmdbYMiA,F1,rennes,lorient,2026-01-24,0,2
GrPXH17T,F1,auxerre,psg,2026-01-23,0,1
tpgYASgn,F1,lyon,brest,2026-01-18,2,1
GMmc5ONN,F1,nantes,paris fc,2026-01-18,1,2
UiAGhovI,F1,rennes,le havre,2026-01-18,1,1
2JNNjP8U,F1,strasbourg,metz,2026-01-18,2,1
OSAOLq84,F1,angers,marseille,2026-01-17,2,5
APpk7pgB,F1,toulouse,nice,2026-01-17,5,1
Ecit96Ob,F1,lens,auxerre,2026-01-17,1,0
S0HFN5wh,F1,psg,lille,2026-01-16,3,0
0fPTa2oo,F1,monaco,lorient,2026-01-16,1,3
Kfxp2bBE,F1,psg,paris fc,2026-01-04,2,1
4pPjbkAt,F1,brest,auxerre,2026-01-04,2,0
KIKWhfY0,F1,le havre,angers,2026-01-04,2,1
EHDuiY2D,F1,lorient,metz,2026-01-04,1,1
8xM7f795,F1,marseille,nantes,2026-01-04,0,2
ChHOfG3l,F1,lille,rennes,2026-01-03,0,2
tCX4veJ7,F1,nice,strasbourg,2026-01-03,1,1
SKuh0xtR,F1,monaco,lyon,2026-01-03,1,3
0CIadTvg,F1,toulouse,lens,2026-01-02,0,3
8bZdtHle,F1,marseille,monaco,2025-12-14,1,0
GnFqZasS,F1,auxerre,lille,2025-12-14,3,4
CWulrwKr,F1,lens,nice,2025-12-14,2,0
KY09kLR8,F1,strasbourg,lorient,2025-12-14,0,0
8pfORHZ1,F1,lyon,le havre,2025-12-14,1,0
KKLzyMCF,F1,paris fc,toulouse,2025-12-13,0,3
tlkImadL,F1,metz,psg,2025-12-13,2,3
CI0FTw5k,F1,rennes,brest,2025-12-13,3,1
Y3NSxrr3,F1,angers,nantes,2025-12-12,4,1
Qc01MMcM,F1,lorient,lyon,2025-12-07,1,0
Cj4QK9MH,F1,auxerre,metz,2025-12-07,3,1
4Q0IMVi5,F1,le havre,paris fc,2025-12-07,0,0
bo9pQ4bc,F1,nice,angers,2025-12-07,0,1
h8ptFvjd,F1,psg,rennes,2025-12-06,5,0
prsYG0Lq,F1,toulouse,strasbourg,2025-12-06,1,0
WvHb216j,F1,nantes,lens,2025-12-06,1,2
xUgqKyBa,N1,den haag,excelsior,2022-05-29,4,5
zPVi0NcL,N1,az alkmaar,vitesse,2022-05-29,6,1
MLRm13rF,N1,vitesse,az alkmaar,2022-05-26,2,1
OQkuLHeg,N1,excelsior,den haag,2022-05-24,1,1
dYG4hAEe,N1,vitesse,utrecht,2022-05-22,3,0
OKIdfWqq,N1,az alkmaar,heerenveen,2022-05-22,2,0
2JZPZcOn,N1,heracles,excelsior,2022-05-21,1,3
6atXJDOb,N1,eindhoven fc,den haag,2022-05-21,1,2
2BH0gjak,N1,utrecht,vitesse,2022-05-19,3,1
YuaxaCyS,N1,heerenveen,az alkmaar,2022-05-19,3,2
KfpLzv9t,N1,excelsior,heracles,2022-05-18,3,0
S8sTKg9h,N1,den haag,eindhoven fc,2022-05-17,2,1
bRt0Qfrq,N1,az alkmaar,waalwijk,2022-05-15,1,3
xIu4PEck,N1,feyenoord,twente,2022-05-15,1,2
KtV8OYCe,N1,groningen,cambuur,2022-05-15,2,3
WUyfnx52,N1,heerenveen,g.a. eagles,2022-05-15,3,1
IRmCNhS1,N1,heracles,sparta rotterdam,2022-05-15,1,3
ALzbodK8,N1,nijmegen,sittard,2022-05-15,0,1
6mU6qzkL,N1,vitesse,ajax,2022-05-15,2,2
0ATArf4R,N1,willem ii,utrecht,2022-05-15,3,0
SdV2pGZE,N1,zwolle,psv,2022-05-15,1,2
rc58glZI,N1,roda,excelsior,2022-05-14,0,2
hSWKbqBb,N1,den haag,nac breda,2022-05-14,2,1
YPGJ05tn,N1,eindhoven fc,de graafschap,2022-05-13,3,1
OU7WSSnp,N1,ajax,heerenveen,2022-05-11,5,0
Ii7zSn2j,N1,cambuur,willem ii,2022-05-11,1,1
b3bDZbLd,N1,g.a. eagles,feyenoord,2022-05-11,0,1
xfcHYIz3,N1,psv,nijmegen,2022-05-11,3,2
dr6vR6Hd,N1,sittard,vitesse,2022-05-11,1,2
pK0PWd5F,N1,sparta rotterdam,zwolle,2022-05-11,2,0
SrjUVGKL,N1,twente,groningen,2022-05-11,3,0
6ZlYUzzS,N1,utrecht,az alkmaar,2022-05-11,2,2
WGdLXxj9,N1,waalwijk,heracles,2022-05-11,2,0
Ug14fUJC,N1,excelsior,roda,2022-05-10,2,2
EyYGaPeh,N1,nac breda,den haag,2022-05-10,1,2
fZHF1oRu,N1,de graafschap,eindhoven fc,2022-05-09,1,1
z5ZrxXPc,N1,feyenoord,psv,2022-05-08,2,2
WzqgF9Ip,N1,az alkmaar,ajax,2022-05-08,2,2
4pRaYlPM,N1,vitesse,heerenveen,2022-05-08,1,2
ITOmyiu4,N1,nijmegen,g.a. eagles,2022-05-08,1,0
ARscETXj,N1,groningen,sparta rotterdam,2022-05-07,1,2
n9G4X8vT,N1,willem ii,heracles,2022-05-07,2,0
dKNizBfA,N1,zwolle,utrecht,2022-05-07,1,1
OUVvwDAi,N1,twente,sittard,2022-05-07,1,2
QgSeZU9G,N1,cambuur,waalwijk,2022-05-06,1,1
rDRGYcJ5,N1,waalwijk,groningen,2022-05-01,3,1
EJK0xtKt,N1,sittard,feyenoord,2022-05-01,1,3
8fZ3y0Zn,N1,g.a. eagles,vitesse,2022-05-01,1,2
U9NCZw4a,N1,psv,willem ii,2022-05-01,4,2
xzRKXHYB,N1,heerenveen,cambuur,2022-05-01,3,3
GQPOWylI,N1,sparta rotterdam,az alkmaar,2022-04-30,1,1
noY7zKlg,N1,heracles,twente,2022-04-30,1,1
A5fjIxZO,N1,ajax,zwolle,2022-04-30,3,0
CAYYtMBP,N1,utrecht,nijmegen,2022-04-29,1,0
SMbVM0Kg,N1,sittard,g.a. eagles,2022-04-24,1,0
YaaRNt5m,N1,feyenoord,utrecht,2022-04-24,2,1
GrJfT2sQ,N1,groningen,heracles,2022-04-24,0,1
d2jnJIJI,N1,willem ii,vitesse,2022-04-24,1,0
2uirKb4C,N1,cambuur,psv,2022-04-23,1,2
OlhvLvk6,N1,waalwijk,zwolle,2022-04-23,0,2
xhKjUrSJ,N1,az alkmaar,heerenveen,2022-04-23,2,1
6DcZLKZa,N1,nijmegen,ajax,2022-04-23,0,1
MPeNOMks,N1,twente,sparta rotterdam,2022-04-22,2,0
EcuHjxvb,N1,vitesse,sparta rotterdam,2022-04-19,0,1
OYVfS1et,N1,sittard,sparta rotterdam,2022-04-16,3,0
EJYe8150,N1,zwolle,az alkmaar,2022-04-10,2,1
t6zlANzl,N1,heracles,feyenoord,2022-04-10,1,4
SMx07LK6,N1,psv,waalwijk,2022-04-10,2,0
lxR85akJ,N1,vitesse,cambuur,2022-04-10,1,0
AoS46uzD,N1,heerenveen,groningen,2022-04-10,3,1
KdZi9sjf,N1,nijmegen,twente,2022-04-09,0,2
4OXKGPcK,N1,ajax,sparta rotterdam,2022-04-09,2,1
boXOFqDQ,N1,utrecht,sittard,2022-04-09,1,1
0fJjB3Ls,N1,g.a. eagles,willem ii,2022-04-08,4,0
lGkYhM5D,N1,cambuur,nijmegen,2022-04-03,1,2
2amMeOLf,N1,sittard,heracles,2022-04-03,0,2
jLTGH5rE,N1,sparta rotterdam,heerenveen,2022-04-03,1,1
tjnQfry1,N1,zwolle,g.a. eagles,2022-04-03,0,1
KzbHd46l,N1,feyenoord,willem ii,2022-04-02,2,0
QJgr36TK,N1,az alkmaar,vitesse,2022-04-02,3,1
APjUg2j7,N1,waalwijk,utrecht,2022-04-02,1,1
MkuEcpir,N1,twente,psv,2022-04-02,3,3
4Ahn2QrR,N1,groningen,ajax,2022-04-02,1,3
8raw4nEE,N1,willem ii,az alkmaar,2022-03-20,2,2
2o8msP61,N1,psv,sittard,2022-03-20,5,0
Ui0Z4Sb8,N1,vitesse,waalwijk,2022-03-20,1,2
EH722ZxA,N1,ajax,feyenoord,2022-03-20,3,2
Y5KzpRMr,N1,utrecht,groningen,2022-03-20,1,3
KMIrr5ie,N1,nijmegen,sparta rotterdam,2022-03-19,0,0
dtc71ghG,N1,twente,zwolle,2022-03-19,1,0
tWJvqoxk,N1,g.a. eagles,cambuur,2022-03-19,3,0
GlCitqM7,N1,heerenveen,heracles,2022-03-18,2,0
MNrPlG8A,N1,az alkmaar,twente,2022-03-13,0,1
jqM7thGj,N1,zwolle,feyenoord,2022-03-13,1,2
ChN3sY0p,N1,heracles,vitesse,2022-03-13,0,0
rwXXnfwN,N1,utrecht,psv,2022-03-13,0,1
fDzxnEhT,N1,sittard,willem ii,2022-03-13,1,0
S05j5ygi,N1,waalwijk,heerenveen,2022-03-12,0,0
0EsTmzOG,N1,groningen,nijmegen,2022-03-12,4,3
0E3b3FN3,N1,sparta rotterdam,g.a. eagles,2022-03-12,1,0
6i4f4e8c,N1,cambuur,ajax,2022-03-11,2,3
2JBbYfOT,N1,sittard,zwolle,2022-03-06,0,1
2qsfycvB,N1,ajax,waalwijk,2022-03-06,3,2
IVo8hb9o,N1,nijmegen,az alkmaar,2022-03-06,1,3
d6tbzHgH,N1,twente,cambuur,2022-03-06,1,0
WYkCiIOi,N1,psv,heracles,2022-03-06,3,1
zJYnE35E,N1,fc emmen,almere city,2023-06-11,1,2
EBKsnokf,N1,twente,sparta rotterdam,2023-06-11,1,0
zLLwmRZm,N1,sparta rotterdam,twente,2023-06-08,1,1
OrVrFqj8,N1,almere city,fc emmen,2023-06-06,2,0
Y9x2Jrap,N1,sparta rotterdam,utrecht,2023-06-04,1,1
jyQQH5ps,N1,twente,heerenveen,2023-06-04,4,0
SEnv4e6h,N1,fc emmen,nac breda,2023-06-03,2,0
KffNiLPk,N1,almere city,venlo,2023-06-03,2,1
tEEYzBUH,N1,utrecht,sparta rotterdam,2023-06-01,1,2
YewaMoxQ,N1,heerenveen,twente,2023-06-01,1,2
Yimz5yin,N1,nac breda,fc emmen,2023-05-31,1,2
6ijJh1Aq,N1,venlo,almere city,2023-05-30,1,1
ITGeSMDl,N1,az alkmaar,psv,2023-05-28,1,2
0h60RtTf,N1,cambuur,waalwijk,2023-05-28,4,0
IsdUtMSs,N1,fc volendam,excelsior,2023-05-28,3,2
EeA4Q0r1,N1,feyenoord,vitesse,2023-05-28,0,1
n98COvDD,N1,groningen,sparta rotterdam,2023-05-28,0,5
OQiemOkE,N1,heerenveen,g.a. eagles,2023-05-28,2,0
8I98PKc7,N1,sittard,nijmegen,2023-05-28,1,1
2Hjanr5K,N1,twente,ajax,2023-05-28,3,1
dvj3o2KQ,N1,utrecht,fc emmen,2023-05-28,3,2
fXr6of1j,N1,maastricht,nac breda,2023-05-27,1,4
SISP5On5,N1,willem ii,venlo,2023-05-27,2,2
OpMY32HH,N1,almere city,eindhoven fc,2023-05-26,3,1
0Aq2nznp,N1,nac breda,maastricht,2023-05-23,1,0
YeTL64Xb,N1,venlo,willem ii,2023-05-23,3,2
69RT4r2B,N1,eindhoven fc,almere city,2023-05-22,1,0
nsYhVkUS,N1,ajax,utrecht,2023-05-21,3,1
6REPPTij,N1,excelsior,sittard,2023-05-21,3,0
ljKKQ9xp,N1,fc emmen,feyenoord,2023-05-21,1,3
pIDTOm7d,N1,g.a. eagles,fc volendam,2023-05-21,3,0
bL1BmXqc,N1,nijmegen,az alkmaar,2023-05-21,0,3
CO5Fnia3,N1,psv,heerenveen,2023-05-21,3,3
YwfOpVTF,N1,sparta rotterdam,cambuur,2023-05-21,4,1
vwIiT2br,N1,vitesse,groningen,2023-05-21,6,0
fmeKoBE9,N1,waalwijk,twente,2023-05-21,0,5
ddesDj8p,N1,groningen,ajax,2023-05-16,2,3
vH8FHWaT,N1,az alkmaar,fc emmen,2023-05-14,5,1
bLutYipA,N1,psv,sittard,2023-05-14,2,1
KUtxZXU3,N1,feyenoord,g.a. eagles,2023-05-14,3,0
hKYlWVEM,N1,vitesse,cambuur,2023-05-14,2,0
C4wUzf0i,N1,utrecht,waalwijk,2023-05-13,2,0
tpVpXBaG,N1,heerenveen,excelsior,2023-05-13,0,0
jexYZDFc,N1,fc volendam,sparta rotterdam,2023-05-13,2,1
AaaoCANj,N1,twente,nijmegen,2023-05-12,4,0
4OobNzWi,N1,sittard,vitesse,2023-05-07,2,0
xIgCaXwo,N1,excelsior,feyenoord,2023-05-07,0,2
nmy3Mfob,N1,g.a. eagles,groningen,2023-05-07,1,1
QXnfOGGo,N1,fc emmen,twente,2023-05-07,0,3
z97p4DVT,N1,ajax,az alkmaar,2023-05-06,0,0
Y3wFJhVG,N1,cambuur,utrecht,2023-05-06,0,3
0ju7LE04,N1,nijmegen,heerenveen,2023-05-06,2,3
0Q9BICpN,N1,sparta rotterdam,psv,2023-05-06,0,1
fDvBKYFA,N1,waalwijk,fc volendam,2023-05-05,4,1
44JCBwXu,N1,groningen,nijmegen,2023-04-25,0,1
vsh6jf1U,N1,az alkmaar,waalwijk,2023-04-23,3,0
jLLO8yHb,N1,feyenoord,utrecht,2023-04-23,3,1
8dGT7eW4,N1,g.a. eagles,sittard,2023-04-23,2,0
nmFX6FoB,N1,psv,ajax,2023-04-23,3,0
I7NGAcnn,N1,twente,sparta rotterdam,2023-04-23,3,3
hpIu5gGN,N1,vitesse,excelsior,2023-04-22,0,0
tAEy6Z0H,N1,heerenveen,fc emmen,2023-04-22,2,3
CUMK9H1h,N1,fc volendam,cambuur,2023-04-21,2,0
EaOMVt2j,N1,g.a. eagles,waalwijk,2023-04-19,3,2
jgo5FnYD,N1,ajax,fc emmen,2023-04-16,3,1
I71oeIna,N1,sittard,az alkmaar,2023-04-16,0,3
hQgbhGWH,N1,cambuur,feyenoord,2023-04-16,0,3
Op2sdbXh,N1,fc volendam,psv,2023-04-16,2,3
pf3wcvIn,N1,utrecht,twente,2023-04-16,1,0
WA5kfx25,N1,nijmegen,vitesse,2023-04-16,1,4
0jg2iznO,N1,sparta rotterdam,heerenveen,2023-04-15,4,0
EZffgdHB,N1,waalwijk,groningen,2023-04-15,2,1
SI8YcK2t,N1,excelsior,g.a. eagles,2023-04-14,2,1
IkjBg5Bf,N1,feyenoord,waalwijk,2023-04-09,5,1
dI6S1T3E,N1,ajax,sittard,2023-04-09,4,0
4rAz07YQ,N1,fc emmen,nijmegen,2023-04-09,0,0
lGo7fodl,N1,twente,cambuur,2023-04-09,4,0
v5vKiqt7,N1,heerenveen,fc volendam,2023-04-08,2,1
ju6W0mJK,N1,az alkmaar,sparta rotterdam,2023-04-08,0,1
dtkFhPQ0,N1,psv,excelsior,2023-04-08,4,0
xjcNj3eD,N1,vitesse,g.a. eagles,2023-04-08,2,0
APn3eRtr,N1,groningen,utrecht,2023-04-07,1,2
lfAWs8Cr,N1,sittard,groningen,2023-04-02,3,1
IR7O29l8,N1,sparta rotterdam,feyenoord,2023-04-02,1,3
noO4nl4R,N1,utrecht,fc volendam,2023-04-02,0,0
WIaysSRl,N1,g.a. eagles,ajax,2023-04-02,0,0
vq3qu6d1,N1,waalwijk,vitesse,2023-04-01,1,0
IZ1mvQB7,N1,cambuur,fc emmen,2023-04-01,1,2
pM3utnse,N1,nijmegen,psv,2023-04-01,2,4
IBJ0mUlL,N1,excelsior,twente,2023-04-01,0,0
vLKdlAZE,N1,az alkmaar,heerenveen,2023-04-01,1,1
zipcT8ck,N1,twente,az alkmaar,2023-03-19,2,1
ddVikjK8,N1,vitesse,psv,2023-03-19,1,1
rg5Izi5F,N1,ajax,feyenoord,2023-03-19,2,3
QHfNZAKL,N1,excelsior,cambuur,2023-03-19,4,1
d0ogUlrq,N1,groningen,heerenveen,2023-03-19,0,2
pMRmjW42,N1,waalwijk,nijmegen,2023-03-18,1,3
vLbRYUZR,N1,fc emmen,sparta rotterdam,2023-03-18,0,2
hSv2SSCe,N1,utrecht,g.a. eagles,2023-03-18,1,2
WIw6RnS1,N1,fc volendam,sittard,2023-03-17,2,1
ITxiy3vT,N1,feyenoord,fc volendam,2023-03-12,2,1
Wzg7wgLd,N1,psv,cambuur,2023-03-12,5,2
ARiBxDz3,N1,heerenveen,ajax,2023-03-12,2,4
S2SQU0Hd,N1,nijmegen,utrecht,2023-03-12,2,2
426EyXk9,N1,sparta rotterdam,vitesse,2023-03-11,3,1
M1qrwP9G,N1,az alkmaar,groningen,2023-03-11,1,0
KxPIWMnp,N1,sittard,twente,2023-03-11,0,3
0hrnxqPM,N1,fc emmen,excelsior,2023-03-11,2,0
CSPsHXjI,N1,excelsior,nac breda,2024-06-02,4,1
G0WYIgM5,N1,nac breda,excelsior,2024-05-28,6,2
UwFMQLcf,N1,utrecht,g.a. eagles,2024-05-26,1,2
QemXTYgc,N1,excelsior,den haag,2024-05-25,7,1
v10qsdPh,N1,fc emmen,nac breda,2024-05-25,0,3
8KYAIaiD,N1,utrecht,sparta rotterdam,2024-05-23,3,1
n3wjt3qK,N1,nijmegen,g.a. eagles,2024-05-23,1,2
rXNnMMzi,N1,den haag,excelsior,2024-05-22,1,2
rZ6zqIft,N1,nac breda,fc emmen,2024-05-21,1,1
vB9gh4Dm,N1,almere city,nijmegen,2024-05-19,1,4
dnKlgpbs,N1,az alkmaar,utrecht,2024-05-19,3,3
MgTMcQkQ,N1,fc volendam,g.a. eagles,2024-05-19,1,2
SWTIb6zK,N1,feyenoord,excelsior,2024-05-19,4,0
ltVEanLD,N1,heracles,sittard,2024-05-19,0,0
W40Uiz27,N1,psv,waalwijk,2024-05-19,3,1
xr1QhGn1,N1,sparta rotterdam,heerenveen,2024-05-19,2,1
OvcMgdXf,N1,vitesse,ajax,2024-05-19,2,2
AeaYjfHD,N1,zwolle,twente,2024-05-19,1,2
M5qkA3BT,N1,den haag,de graafschap,2024-05-18,2,2
zBKohP6r,N1,dordrecht,fc emmen,2024-05-18,0,1
Yqa5Cghc,N1,roda,nac breda,2024-05-17,0,5
QwjtCPtH,N1,de graafschap,den haag,2024-05-14,2,3
tA2DAXM9,N1,fc emmen,dordrecht,2024-05-14,2,2
jLZK4sZj,N1,nac breda,roda,2024-05-13,3,1
tG7HfxIl,N1,ajax,almere city,2024-05-12,3,0
2P8DeI2r,N1,excelsior,heracles,2024-05-12,4,0
ADEZ20A8,N1,g.a. eagles,az alkmaar,2024-05-12,0,3
0rXrtw3e,N1,heerenveen,vitesse,2024-05-12,1,3
dAQivHX7,N1,nijmegen,feyenoord,2024-05-12,2,3
OGIw2KPE,N1,sittard,psv,2024-05-12,1,1
pW6n0bfR,N1,twente,fc volendam,2024-05-12,7,2
6u8r1vuL,N1,utrecht,sparta rotterdam,2024-05-12,0,1
IJRmucI1,N1,waalwijk,zwolle,2024-05-12,1,1
MiC9Rwl2,N1,excelsior,nijmegen,2024-05-06,0,3
8l85SJYe,N1,feyenoord,zwolle,2024-05-05,5,0
hxr9nuQR,N1,az alkmaar,twente,2024-05-05,2,1
OdjhjNQ2,N1,fc volendam,ajax,2024-05-05,1,4
WMg0l1eF,N1,utrecht,vitesse,2024-05-05,1,0
2mkdkst9,N1,heracles,waalwijk,2024-05-05,0,5
ADh4mLAL,N1,psv,sparta rotterdam,2024-05-05,4,2
SUYzraYr,N1,almere city,heerenveen,2024-05-03,1,1
MiYvsJmk,N1,sittard,g.a. eagles,2024-05-03,0,0
SAxKkjzh,N1,vitesse,sittard,2024-04-28,3,2
lKwGjWKo,N1,sparta rotterdam,fc volendam,2024-04-28,1,0
04pYRnro,N1,waalwijk,utrecht,2024-04-28,2,2
IaVWnlKA,N1,nijmegen,az alkmaar,2024-04-28,0,3
OxWSmU44,N1,zwolle,heracles,2024-04-28,3,1
zyAcUu4q,N1,g.a. eagles,feyenoord,2024-04-25,1,3
djUzn8ZG,N1,heerenveen,psv,2024-04-25,0,8
AZROlAkb,N1,ajax,excelsior,2024-04-24,2,2
ER81TaJk,N1,twente,almere city,2024-04-24,3,1
pYijzBz5,N1,nijmegen,zwolle,2024-04-14,2,2
tteZwgyt,N1,ajax,twente,2024-04-14,2,1
GW81X8KN,N1,sittard,feyenoord,2024-04-14,0,1
fqawwDjn,N1,utrecht,g.a. eagles,2024-04-14,2,1
l6bsxX5h,N1,heracles,heerenveen,2024-04-14,0,2
OOjfZUkB,N1,almere city,sparta rotterdam,2024-04-13,2,3
SdcoyiLb,N1,az alkmaar,waalwijk,2024-04-13,3,2
IojbYl5H,N1,psv,vitesse,2024-04-13,6,0
beb6WSZT,N1,excelsior,fc volendam,2024-04-12,4,0
U1VKKVzI,N1,heerenveen,utrecht,2024-04-07,2,3
xSUOJkjO,N1,fc volendam,waalwijk,2024-04-07,3,2
GITSI95U,N1,feyenoord,ajax,2024-04-07,6,0
0Mw4ODyg,N1,g.a. eagles,almere city,2024-04-07,1,1
fqw8NXja,N1,vitesse,nijmegen,2024-04-07,0,3
MVv0PgMn,N1,twente,sittard,2024-04-06,2,0
jBWGLBLB,N1,zwolle,excelsior,2024-04-06,2,1
8nsCMi65,N1,psv,az alkmaar,2024-04-06,5,1
4fpeQZ6t,N1,sparta rotterdam,heracles,2024-04-06,1,2
nJDU9EMa,N1,ajax,g.a. eagles,2024-04-04,1,1
lrAo6WLO,N1,waalwijk,almere city,2024-04-04,0,0
2obTUFbP,N1,fc volendam,feyenoord,2024-04-04,0,0
fqHx8hiC,N1,heerenveen,twente,2024-04-03,3,3
GhIY8Yy6,N1,utrecht,zwolle,2024-04-03,5,1
8SEQAf7g,N1,heracles,az alkmaar,2024-04-03,5,0
C0LHCGxs,N1,sittard,nijmegen,2024-04-02,1,1
x86s7C6I,N1,excelsior,psv,2024-04-02,0,2
Q3PLBzhm,N1,vitesse,sparta rotterdam,2024-04-02,1,4
UREBggxJ,N1,almere city,fc volendam,2024-03-31,1,1
fLYkHdUP,N1,feyenoord,utrecht,2024-03-31,4,2
MeOjbHNm,N1,twente,heracles,2024-03-31,1,0
rBCadeh0,N1,zwolle,ajax,2024-03-31,1,3
jyG7fZMC,N1,az alkmaar,vitesse,2024-03-30,2,0
GUZoIxFJ,N1,g.a. eagles,excelsior,2024-03-30,3,0
dEG3eF76,N1,waalwijk,heerenveen,2024-03-30,1,1
hMJnac8s,N1,sparta rotterdam,sittard,2024-03-30,4,0
0nNfcywf,N1,nijmegen,psv,2024-03-30,3,1
YyNFd4nq,N1,psv,twente,2024-03-17,1,0
2gWq2QOL,N1,sparta rotterdam,ajax,2024-03-17,2,2
CSLJeO1k,N1,heerenveen,feyenoord,2024-03-17,2,3
Mc3AIo92,N1,utrecht,nijmegen,2024-03-17,1,0
Gdzl1pvS,N1,fc volendam,az alkmaar,2024-03-17,0,4
8fFSg2W1,N1,vitesse,almere city,2024-03-16,1,1
YX6EH5O8,N1,excelsior,waalwijk,2024-03-16,1,1
GddJGPwF,N1,sittard,zwolle,2024-03-16,3,1
U3GOfrHe,N1,heracles,g.a. eagles,2024-03-15,2,0
tvry4nf9,N1,feyenoord,heracles,2024-03-10,3,0
hI5psPnd,N1,nijmegen,heerenveen,2024-03-10,2,0
ph2xqoIq,N1,ajax,sittard,2024-03-10,2,2
fNqT58Pd,N1,zwolle,fc volendam,2024-03-10,1,1
Q7L5l7fM,N1,az alkmaar,excelsior,2024-03-10,4,0
vF1tr5Xk,N1,waalwijk,vitesse,2024-03-09,3,1
KUtu369F,N1,almere city,utrecht,2024-03-09,1,1
rqGAmR9S,N1,twente,sparta rotterdam,2024-03-09,2,1
KvGmRriJ,N1,willem ii,telstar,2025-06-01,1,3
nRHuT4M6,N1,telstar,willem ii,2025-05-29,2,2
GEu1xAXp,N1,az alkmaar,twente,2025-05-25,3,2
EetyuFEq,N1,willem ii,dordrecht,2025-05-24,4,2
KQ2GTIpI,N1,telstar,den bosch,2025-05-23,2,1
0lMV0dy3,N1,twente,nijmegen,2025-05-22,3,2
dGFvaz6F,N1,az alkmaar,heerenveen,2025-05-22,4,1
rDk5pyiM,N1,dordrecht,willem ii,2025-05-21,2,1
bBE7VvG5,N1,den bosch,telstar,2025-05-20,0,0
OrwJsE0m,N1,ajax,twente,2025-05-18,2,0
pbRRuhVa,N1,az alkmaar,almere city,2025-05-18,1,1
hp6Aj9qI,N1,heerenveen,feyenoord,2025-05-18,2,0
ljOrxAUO,N1,heracles,nijmegen,2025-05-18,1,2
42bhdDFt,N1,nac breda,willem ii,2025-05-18,1,1
hOUZwWaC,N1,sittard,utrecht,2025-05-18,0,0
0A9IlmEU,N1,sparta rotterdam,psv,2025-05-18,1,3
WUH1hVE5,N1,waalwijk,g.a. eagles,2025-05-18,5,3
O4Egfipg,N1,zwolle,groningen,2025-05-18,2,0
Ew9kOTCk,N1,dordrecht,de graafschap,2025-05-17,2,0
nTOAVBKF,N1,den haag,telstar,2025-05-17,0,1
EPTG9Ucd,N1,cambuur,den bosch,2025-05-16,1,1
dfv3Gy2l,N1,almere city,sittard,2025-05-14,1,1
xEaxVzHs,N1,feyenoord,waalwijk,2025-05-14,2,0
AuDqTEof,N1,g.a. eagles,heerenveen,2025-05-14,1,0
U7xBEFW0,N1,groningen,ajax,2025-05-14,2,2
676hRhG6,N1,nijmegen,nac breda,2025-05-14,3,0
vL40PWpJ,N1,psv,heracles,2025-05-14,4,1
QZVJCg1D,N1,twente,az alkmaar,2025-05-14,2,3
htO5zcgK,N1,utrecht,sparta rotterdam,2025-05-14,1,1
fTnmmzwQ,N1,willem ii,zwolle,2025-05-14,1,2
fgSITkkS,N1,de graafschap,dordrecht,2025-05-13,0,0
QDz2XXk3,N1,telstar,den haag,2025-05-13,2,0
Icz8BjTq,N1,den bosch,cambuur,2025-05-12,1,0
pdET5olT,N1,ajax,nijmegen,2025-05-11,0,3
dzrnOS3c,N1,az alkmaar,groningen,2025-05-11,3,0
QFZ2Kp3M,N1,feyenoord,psv,2025-05-11,2,3
h2yeM6Y9,N1,twente,utrecht,2025-05-11,2,0
G0tzD2ed,N1,zwolle,g.a. eagles,2025-05-11,1,1
UTk00PBj,N1,almere city,sparta rotterdam,2025-05-10,0,3
8zwSEOQq,N1,sittard,nac breda,2025-05-10,1,0
ddJMz6m3,N1,waalwijk,heerenveen,2025-05-10,3,1
4MMUYqIF,N1,willem ii,heracles,2025-05-09,1,2
UoqWdj5b,N1,g.a. eagles,az alkmaar,2025-05-04,0,3
hldM77JG,N1,sparta rotterdam,twente,2025-05-04,0,2
80MImnSp,N1,nac breda,zwolle,2025-05-04,1,3
O845BkKi,N1,psv,sittard,2025-05-03,4,1
I7FDv9kU,N1,groningen,waalwijk,2025-05-03,6,1
xCnveUZA,N1,heracles,feyenoord,2025-05-03,1,4
bRzmg84N,N1,nijmegen,willem ii,2025-05-03,1,1
MqEi4DeR,N1,almere city,g.a. eagles,2025-04-27,0,0
0UPr6ZQE,N1,ajax,sparta rotterdam,2025-04-27,1,1
O8M4tVKH,N1,heerenveen,nijmegen,2025-04-27,1,0
fTUmpDLh,N1,sittard,willem ii,2025-04-27,1,0
n3RunZjt,N1,feyenoord,zwolle,2025-04-25,4,0
GrJdrij5,N1,waalwijk,utrecht,2025-04-25,0,4
M7dve9ID,N1,twente,psv,2025-04-24,1,3
hS4NbiJl,N1,az alkmaar,nac breda,2025-04-24,1,1
lfbWdVm1,N1,groningen,heracles,2025-04-23,4,1
YJkNbCzn,N1,utrecht,ajax,2025-04-20,4,0
dM2D9Tl4,N1,heerenveen,almere city,2025-04-19,2,1
vPvlph4e,N1,willem ii,ajax,2025-04-13,1,2
h4vzwycS,N1,heracles,az alkmaar,2025-04-13,1,0
0A11gds9,N1,zwolle,twente,2025-04-13,1,1
vsYJtJc3,N1,utrecht,groningen,2025-04-13,3,1
KEOEVhk2,N1,nac breda,g.a. eagles,2025-04-12,1,1
nRa9izCL,N1,psv,almere city,2025-04-12,5,0
6BttnEZr,N1,sparta rotterdam,heerenveen,2025-04-12,3,1
KjtSvcSF,N1,sittard,feyenoord,2025-04-12,0,2
ClL6XEKk,N1,nijmegen,waalwijk,2025-04-11,2,1
v3o9SSxg,N1,ajax,nac breda,2025-04-06,3,1
0zohSJrA,N1,g.a. eagles,utrecht,2025-04-06,2,2
CztYIF5d,N1,sparta rotterdam,nijmegen,2025-04-06,2,0
Kx1gQcDM,N1,waalwijk,heracles,2025-04-06,0,0
p0lHQ675,N1,almere city,zwolle,2025-04-05,2,2
CE4c6xMj,N1,groningen,psv,2025-04-05,1,3
SMnpUuEc,N1,twente,sittard,2025-04-05,1,1
6FxQOpxI,N1,az alkmaar,feyenoord,2025-04-05,0,1
jLiPKyyp,N1,heerenveen,willem ii,2025-04-04,3,1
MN2DqRCi,N1,feyenoord,groningen,2025-04-02,4,1
zXscsyWN,N1,az alkmaar,waalwijk,2025-04-01,2,2
IBk1aU86,N1,feyenoord,g.a. eagles,2025-03-30,3,2
6XVeLBVP,N1,heracles,twente,2025-03-30,2,1
SOHjAoNO,N1,psv,ajax,2025-03-30,0,2
OCdh1jvf,N1,utrecht,heerenveen,2025-03-30,2,0
xGMRFkgm,N1,nijmegen,az alkmaar,2025-03-29,3,3
WdOsC7hC,N1,zwolle,waalwijk,2025-03-29,2,0
jPm9c8wJ,N1,sittard,sparta rotterdam,2025-03-29,0,3
ryh0Ul8t,N1,willem ii,almere city,2025-03-29,0,2
bVAzETNa,N1,nac breda,groningen,2025-03-29,1,1
CvWqzEue,N1,ajax,az alkmaar,2025-03-16,2,2
prRwde2E,N1,groningen,sittard,2025-03-16,1,0
h8UofZWQ,N1,twente,feyenoord,2025-03-16,2,6
p69QniP0,N1,g.a. eagles,willem ii,2025-03-16,1,0
WEHD8YoK,N1,heerenveen,heracles,2025-03-15,1,1
48PRpVgD,N1,waalwijk,psv,2025-03-15,0,3
Gngp3C9s,N1,sparta rotterdam,zwolle,2025-03-15,1,1
ChBIlDfl,N1,utrecht,nijmegen,2025-03-15,0,1
4nliYiA7,N1,almere city,nac breda,2025-03-14,1,1
6FYSyFgo,N1,twente,almere city,2025-03-09,1,0
j3fUuqCG,N1,nijmegen,g.a. eagles,2025-03-09,2,3
lbMfd4dc,N1,zwolle,ajax,2025-03-09,0,1
GCxyxzBr,N1,willem ii,utrecht,2025-03-09,2,3
pQF3frR9,N1,psv,heerenveen,2025-03-08,2,1
fy1Ls5s4,N1,sittard,heracles,2025-03-08,1,0
bXwzRakL,N1,heracles,excelsior,2026-03-20,1,1
OGxLHzeA,N1,g.a. eagles,nac breda,2026-03-15,6,0
joaiGry3,N1,az alkmaar,heracles,2026-03-15,4,0
dUzTFEPM,N1,feyenoord,excelsior,2026-03-15,2,1
8MZ68WHd,N1,twente,utrecht,2026-03-15,0,2
bB2aEM5F,N1,ajax,sparta rotterdam,2026-03-14,4,0
23qhE1lI,N1,heerenveen,telstar,2026-03-14,3,0
MidQegYj,N1,psv,nijmegen,2026-03-14,2,3
GEHaAhmp,N1,fc volendam,sittard,2026-03-14,1,2
SlqCJdQc,N1,zwolle,groningen,2026-03-13,1,1
KKR13pz0,N1,nijmegen,fc volendam,2026-03-08,3,0
CfOg565m,N1,nac breda,feyenoord,2026-03-08,3,3
l0JIa2ZO,N1,g.a. eagles,twente,2026-03-08,1,4
QclTJ5Kt,N1,sittard,telstar,2026-03-08,1,4
jVIqmPkJ,N1,sparta rotterdam,zwolle,2026-03-08,1,1
fwtpGNJ5,N1,excelsior,heerenveen,2026-03-07,1,2
rP5VASsQ,N1,psv,az alkmaar,2026-03-07,2,1
bBnyIqkg,N1,groningen,ajax,2026-03-07,3,1
tzGA1O4C,N1,heracles,utrecht,2026-03-06,0,0
f3PzkoL6,N1,excelsior,g.a. eagles,2026-03-01,0,1
QNXJhTLs,N1,utrecht,az alkmaar,2026-03-01,2,0
d8slbkbK,N1,fc volendam,groningen,2026-03-01,3,2
nwMSj7jf,N1,twente,feyenoord,2026-03-01,2,0
CK7pvU6l,N1,zwolle,ajax,2026-03-01,0,0
8n1gx8y1,N1,nijmegen,sittard,2026-02-28,2,3
t0a1zn6D,N1,heracles,psv,2026-02-28,1,3
2oMEqjqR,N1,heerenveen,sparta rotterdam,2026-02-28,2,1
tWX5oCEE,N1,telstar,nac breda,2026-02-27,3,0
byENoL8c,N1,feyenoord,telstar,2026-02-22,2,1
IcnBPUie,N1,az alkmaar,sparta rotterdam,2026-02-22,3,1
ncp5TwgT,N1,g.a. eagles,heracles,2026-02-22,4,0
61HVqawA,N1,utrecht,zwolle,2026-02-22,1,1
ppl3RjNr,N1,twente,groningen,2026-02-22,2,1
EPuKN8M7,N1,ajax,nijmegen,2026-02-21,1,1
SfU3VaOG,N1,nac breda,fc volendam,2026-02-21,1,0
fsWeXLg4,N1,psv,heerenveen,2026-02-21,3,1
IuyyOHGj,N1,sittard,excelsior,2026-02-20,2,1
06Vm4NPH,N1,sparta rotterdam,nijmegen,2026-02-17,1,1
YXre21fU,N1,heerenveen,zwolle,2026-02-15,4,2
visu6qe5,N1,telstar,twente,2026-02-15,1,1
pCCDKrAb,N1,feyenoord,g.a. eagles,2026-02-15,1,0
ny9UG09N,N1,groningen,utrecht,2026-02-14,1,2
bFxmZsPi,N1,ajax,sittard,2026-02-14,4,1
W8p1BvXp,N1,excelsior,az alkmaar,2026-02-14,1,2
CbE5M4un,N1,heracles,nac breda,2026-02-14,0,1
tv6MIMvB,N1,fc volendam,psv,2026-02-13,2,1
f90NHRyR,N1,nijmegen,utrecht,2026-02-11,1,3
GhE1Zj3T,N1,g.a. eagles,heerenveen,2026-02-11,1,3
zapO9Ret,N1,groningen,psv,2026-02-08,1,2
WQwX75Qh,N1,az alkmaar,ajax,2026-02-08,1,1
d8PleStm,N1,g.a. eagles,telstar,2026-02-08,1,1
QmH5iptC,N1,utrecht,feyenoord,2026-02-08,0,1
INDcg6Ba,N1,sittard,sparta rotterdam,2026-02-07,2,2
KnAEkOAO,N1,twente,heerenveen,2026-02-07,5,0
xp8W7p9e,N1,zwolle,fc volendam,2026-02-07,1,2
j9cHDzcE,N1,nijmegen,heracles,2026-02-07,4,1
Ac6v6Ow8,N1,nac breda,excelsior,2026-02-06,0,2
lKZrHln9,N1,fc volendam,g.a. eagles,2026-02-01,1,1
2kd24B23,N1,heerenveen,utrecht,2026-02-01,1,1
xWScgof2,N1,heracles,sittard,2026-02-01,2,1
l6fA2kXF,N1,psv,feyenoord,2026-02-01,3,0
AZNiFSGL,N1,excelsior,ajax,2026-02-01,2,2
MgJFt8Ad,N1,sparta rotterdam,groningen,2026-01-31,2,0
pYmJ0T1S,N1,zwolle,telstar,2026-01-31,4,1
tIEN96vq,N1,az alkmaar,nijmegen,2026-01-31,1,3
t4Zle7Pk,N1,nac breda,twente,2026-01-30,2,2
0QkYTUQj,N1,feyenoord,heracles,2026-01-25,4,2
SWsKiYIc,N1,utrecht,sparta rotterdam,2026-01-25,0,1
fqZzljIM,N1,groningen,sittard,2026-01-25,1,2
U1soueZi,N1,telstar,az alkmaar,2026-01-25,0,1
MVzTkCmA,N1,twente,excelsior,2026-01-24,0,0
2FugwZ34,N1,psv,nac breda,2026-01-24,2,2
8SAgyDYG,N1,nijmegen,zwolle,2026-01-24,2,1
ETF7rUup,N1,ajax,fc volendam,2026-01-24,2,0
dGeMhK2b,N1,az alkmaar,excelsior,2026-01-21,1,1
trtAwrbm,N1,feyenoord,sparta rotterdam,2026-01-18,3,4
nuqIyMSa,N1,fc volendam,utrecht,2026-01-18,2,1
U3CiL0rJ,N1,heracles,twente,2026-01-18,0,2
Q5WRQ4Es,N1,heerenveen,groningen,2026-01-18,0,2
YyJrNMD6,N1,nac breda,nijmegen,2026-01-17,3,4
8fXQZacC,N1,excelsior,telstar,2026-01-17,2,2
Mcawq4zQ,N1,sittard,psv,2026-01-17,1,2
nLKzPrqf,N1,zwolle,az alkmaar,2026-01-17,3,1
EgabHiso,N1,ajax,g.a. eagles,2026-01-17,2,2
no4Rc6pe,N1,sparta rotterdam,heracles,2026-01-11,2,0
QiigC5al,N1,g.a. eagles,sittard,2026-01-11,2,2
EX5JaSFr,N1,telstar,ajax,2026-01-11,2,3
6mKSepF7,N1,heerenveen,feyenoord,2026-01-11,2,2
vFc98NbD,N1,groningen,nac breda,2026-01-10,0,0
YgCEJm7E,N1,psv,excelsior,2026-01-10,5,1
61a1AqU0,N1,twente,zwolle,2026-01-10,1,1
fNudWQjK,N1,az alkmaar,fc volendam,2026-01-10,1,0
6Rrhq7V1,N1,fc volendam,sparta rotterdam,2025-12-21,0,1
6TNB3yHG,N1,sittard,az alkmaar,2025-12-21,4,3
0UupoT0k,N1,feyenoord,twente,2025-12-21,1,1
YFP35cn4,N1,g.a. eagles,groningen,2025-12-21,1,1
nNLv7AN8,N1,utrecht,psv,2025-12-21,1,2
08hwkx2N,N1,nac breda,telstar,2025-12-20,0,1
ptU9qGPp,N1,nijmegen,ajax,2025-12-20,2,2
fmPn5lhL,N1,excelsior,zwolle,2025-12-20,2,1
xlWf7JHi,N1,heracles,heerenveen,2025-12-20,0,3
xCxbhjiI,N1,nac breda,utrecht,2025-12-14,1,1
hrkVjbXA,N1,ajax,feyenoord,2025-12-14,2,0
pxt6jULU,N1,twente,g.a. eagles,2025-12-14,2,0
lUUubfNt,N1,sparta rotterdam,heerenveen,2025-12-14,0,3
j97nDWWI,P1,moreirense,chaves,2022-05-29,1,0
CI8rECHC,P1,chaves,moreirense,2022-05-21,2,0
Mcq1QU6p,P1,vitoria guimaraes,gil vicente,2022-05-15,5,0
8j3QWWTG,P1,famalicao,braga,2022-05-15,3,2
jFhVVjqN,P1,sporting cp,santa clara,2022-05-14,4,0
vXnpmhEc,P1,fc porto,estoril,2022-05-14,2,0
0tltlYbi,P1,maritimo,portimonense,2022-05-14,0,1
4IdZUAbT,P1,arouca,bsad,2022-05-14,0,0
YgnlnCT3,P1,moreirense,vizela,2022-05-14,4,1
0lr5PlMj,P1,tondela,boavista,2022-05-14,2,2
Ua4MXCEA,P1,pacos ferreira,benfica,2022-05-13,0,2
tQh6yeFo,P1,bsad,famalicao,2022-05-09,2,3
8xOiIXEN,P1,santa clara,pacos ferreira,2022-05-08,2,0
0QaIYha4,P1,braga,arouca,2022-05-08,1,0
vBB9zFUi,P1,gil vicente,tondela,2022-05-08,3,0
MZ0EZYqb,P1,vizela,maritimo,2022-05-08,1,1
zPPqKgpB,P1,portimonense,sporting cp,2022-05-07,2,3
UoPmJDaH,P1,benfica,fc porto,2022-05-07,0,1
SM4OCBxo,P1,estoril,moreirense,2022-05-07,1,0
QDIdHiUT,P1,boavista,vitoria guimaraes,2022-05-06,1,1
EkZOOHVu,P1,pacos ferreira,tondela,2022-05-02,1,1
lS7I3YaU,P1,sporting cp,gil vicente,2022-05-01,4,1
htYSNyon,P1,moreirense,boavista,2022-05-01,1,2
zP3E4EpO,P1,vitoria guimaraes,santa clara,2022-05-01,1,1
t24A5fVH,P1,bsad,braga,2022-04-30,0,1
MLLuLZU4,P1,fc porto,vizela,2022-04-30,4,2
2B566zGB,P1,maritimo,benfica,2022-04-30,0,1
06XWMe0h,P1,arouca,portimonense,2022-04-30,1,0
vcWzMFFb,P1,famalicao,estoril,2022-04-29,3,1
6qjShHoC,P1,boavista,sporting cp,2022-04-25,0,3
l8uXiy1I,P1,braga,fc porto,2022-04-25,1,0
GEXIFvgP,P1,tondela,vitoria guimaraes,2022-04-24,1,1
CMCg9xWh,P1,estoril,bsad,2022-04-24,2,2
SbvyieGO,P1,gil vicente,pacos ferreira,2022-04-23,1,1
0n9kAIGn,P1,benfica,famalicao,2022-04-23,0,0
6qCc8doa,P1,santa clara,maritimo,2022-04-23,2,2
INJpBb1t,P1,portimonense,moreirense,2022-04-23,1,0
pzB17G05,P1,vizela,arouca,2022-04-22,2,1
6BCai4A7,P1,estoril,braga,2022-04-18,0,0
SKDehpe1,P1,sporting cp,benfica,2022-04-17,0,2
bJnKfwHa,P1,fc porto,portimonense,2022-04-16,7,0
htnOgcW5,P1,bsad,vizela,2022-04-16,1,0
KSmGeJ1g,P1,maritimo,boavista,2022-04-16,4,0
h6HJdanm,P1,moreirense,tondela,2022-04-16,2,0
8GjrGmm8,P1,vitoria guimaraes,pacos ferreira,2022-04-15,4,0
EFIFcuXt,P1,famalicao,gil vicente,2022-04-15,2,2
MJfnF72E,P1,arouca,santa clara,2022-04-15,1,1
Cly42UI8,P1,vizela,braga,2022-04-10,0,1
Ycx03A32,P1,vitoria guimaraes,fc porto,2022-04-10,0,1
8GUC08mL,P1,portimonense,famalicao,2022-04-10,1,0
KfAmf6Ql,P1,santa clara,estoril,2022-04-10,2,0
KflIvRQ1,P1,tondela,sporting cp,2022-04-09,1,3
2wUGaS2R,P1,benfica,bsad,2022-04-09,3,1
bo9igQue,P1,boavista,arouca,2022-04-09,1,0
xWKrenBr,P1,pacos ferreira,maritimo,2022-04-09,2,0
UPV81lYE,P1,gil vicente,moreirense,2022-04-08,1,2
vyHQlBl9,P1,fc porto,santa clara,2022-04-04,3,0
pEHMkiZ2,P1,sporting cp,pacos ferreira,2022-04-03,2,0
hvLUmV3F,P1,moreirense,vitoria guimaraes,2022-04-03,0,1
Eg9wn9YR,P1,maritimo,tondela,2022-04-03,1,3
pxd5sTtq,P1,famalicao,boavista,2022-04-02,1,2
z3AZnkJL,P1,arouca,gil vicente,2022-04-02,2,1
6ipEu7Be,P1,estoril,vizela,2022-04-02,1,2
OSf9tmdk,P1,bsad,portimonense,2022-04-02,2,0
6NIIjXJd,P1,braga,benfica,2022-04-01,3,2
4tinhPw4,P1,boavista,fc porto,2022-03-20,0,1
rXkjiqgA,P1,portimonense,braga,2022-03-20,1,2
lnlYrL0j,P1,benfica,estoril,2022-03-20,2,1
fPlUq1op,P1,gil vicente,maritimo,2022-03-20,1,1
C6ffj38G,P1,pacos ferreira,moreirense,2022-03-20,2,1
MH1sg5Oc,P1,vitoria guimaraes,sporting cp,2022-03-19,1,3
YLr3lswT,P1,santa clara,bsad,2022-03-19,0,0
SxmxruGd,P1,tondela,arouca,2022-03-19,2,2
jcgbkNNM,P1,vizela,famalicao,2022-03-18,1,1
4KFBunfb,P1,moreirense,sporting cp,2022-03-14,0,2
Ya7Sy4gN,P1,braga,gil vicente,2022-03-13,0,1
Cj6WzO8T,P1,fc porto,tondela,2022-03-13,4,0
vw8OxpvH,P1,maritimo,vitoria guimaraes,2022-03-13,0,1
GKAiWsHp,P1,bsad,boavista,2022-03-12,0,0
rBEFv694,P1,arouca,pacos ferreira,2022-03-12,0,1
fB9eV1Wj,P1,estoril,portimonense,2022-03-12,2,0
QZ3KwQOA,P1,famalicao,santa clara,2022-03-12,0,0
8Ecwfo9i,P1,benfica,vizela,2022-03-11,1,1
jJ6myX2C,P1,tondela,bsad,2022-03-07,1,1
dfC3s8Po,P1,santa clara,vizela,2022-03-06,3,1
CS7qxDm6,P1,vitoria guimaraes,famalicao,2022-03-06,2,1
MwFWvF3m,P1,pacos ferreira,fc porto,2022-03-06,2,4
pt6iziII,P1,moreirense,maritimo,2022-03-06,0,1
zoB7tSvh,P1,sporting cp,arouca,2022-03-05,2,0
G0EzvZIg,P1,portimonense,benfica,2022-03-05,1,2
fiDvwgYa,P1,boavista,braga,2022-03-05,1,1
fkYKIOno,P1,gil vicente,estoril,2022-03-04,0,0
zTw2PZ30,P1,braga,santa clara,2022-02-28,0,0
AoWEMXmJ,P1,fc porto,gil vicente,2022-02-27,1,1
lWs6OgJ6,P1,benfica,vitoria guimaraes,2022-02-27,3,0
2gYapytQ,P1,estoril,boavista,2022-02-27,2,3
8zBSuels,P1,vizela,portimonense,2022-02-27,1,1
WfXANDYC,P1,arouca,moreirense,2022-02-26,1,1
2FufReZm,P1,maritimo,sporting cp,2022-02-26,1,1
O2ZeoHQJ,P1,famalicao,tondela,2022-02-26,2,1
t6vbQFlf,P1,bsad,pacos ferreira,2022-02-25,0,2
zTHW9f4D,P1,santa clara,portimonense,2022-02-21,1,1
lCFKCdKf,P1,tondela,braga,2022-02-20,0,1
hpMBEIkr,P1,moreirense,fc porto,2022-02-20,0,1
xYeFYwsE,P1,sporting cp,estoril,2022-02-20,3,0
S2EOBGZ0,P1,maritimo,famalicao,2022-02-20,0,1
8h8Hf4hQ,P1,maritimo,estrela,2023-06-11,2,2
vJ3DepwK,P1,estrela,maritimo,2023-06-03,2,1
djAXQkhh,P1,braga,pacos ferreira,2023-05-27,3,0
pYHkLoMT,P1,benfica,santa clara,2023-05-27,3,0
QV1lN7iH,P1,fc porto,vitoria guimaraes,2023-05-27,3,0
zs9yQ97b,P1,portimonense,arouca,2023-05-27,0,2
SG5TRVxn,P1,chaves,boavista,2023-05-27,1,4
ns4HG5Up,P1,estoril,maritimo,2023-05-27,3,1
W82pOmxB,P1,gil vicente,casa pia,2023-05-27,1,0
4M0hMR6N,P1,vizela,sporting cp,2023-05-26,1,2
I5btPTM4,P1,rio ave,famalicao,2023-05-26,2,2
Mwq2BAh5,P1,sporting cp,benfica,2023-05-21,2,2
lQ6PSBNu,P1,casa pia,estoril,2023-05-21,2,2
vFw7AU7B,P1,pacos ferreira,rio ave,2023-05-21,3,1
rmpbCjwa,P1,vitoria guimaraes,gil vicente,2023-05-21,1,0
CSyF88xO,P1,famalicao,fc porto,2023-05-20,2,4
lQpfDWNh,P1,boavista,braga,2023-05-20,1,1
I5xB9lNH,P1,arouca,chaves,2023-05-20,1,0
O2uJ7SiU,P1,santa clara,portimonense,2023-05-20,1,0
zNtjEC8n,P1,maritimo,vizela,2023-05-19,1,0
hbioFhgt,P1,estoril,arouca,2023-05-15,2,0
xY1xek8O,P1,fc porto,casa pia,2023-05-14,2,1
2F9PciO5,P1,braga,santa clara,2023-05-14,5,3
GIDTdBwC,P1,rio ave,vitoria guimaraes,2023-05-14,0,1
U1BHaDgg,P1,sporting cp,maritimo,2023-05-13,2,1
8hALbX8a,P1,portimonense,benfica,2023-05-13,1,5
CQGC0gvm,P1,chaves,pacos ferreira,2023-05-13,2,0
jk5JJYpP,P1,vizela,famalicao,2023-05-13,0,0
bs3YeVhI,P1,gil vicente,boavista,2023-05-12,3,1
0n1db3cJ,P1,arouca,fc porto,2023-05-08,0,1
YZH81ZOt,P1,famalicao,chaves,2023-05-08,1,2
Me2haqrD,P1,pacos ferreira,sporting cp,2023-05-07,0,4
hMcl0PS6,P1,vitoria guimaraes,vizela,2023-05-07,3,0
I35y3Rrl,P1,maritimo,rio ave,2023-05-07,2,2
W69u2obf,P1,benfica,braga,2023-05-06,1,0
EVbp15D0,P1,boavista,estoril,2023-05-06,1,0
4KRx7e1J,P1,santa clara,gil vicente,2023-05-06,3,2
GfVt6FGP,P1,casa pia,portimonense,2023-05-05,1,1
08zHahxd,P1,sporting cp,famalicao,2023-04-30,2,1
65R6MFq9,P1,fc porto,boavista,2023-04-30,1,0
nHr4LZbF,P1,estoril,santa clara,2023-04-30,3,0
EBvLbCi2,P1,gil vicente,benfica,2023-04-29,0,2
vgn81E7q,P1,chaves,casa pia,2023-04-29,1,0
SES2NeU2,P1,vizela,pacos ferreira,2023-04-29,1,2
IqoC0YMk,P1,braga,portimonense,2023-04-29,4,1
Ot6X37Ts,P1,maritimo,vitoria guimaraes,2023-04-29,1,2
n1ft6faS,P1,rio ave,arouca,2023-04-28,1,0
vu7ZnFhj,P1,vitoria guimaraes,sporting cp,2023-04-24,0,2
YwlQ9x03,P1,arouca,vizela,2023-04-23,1,0
pI7Vmewp,P1,benfica,estoril,2023-04-23,1,0
S0mU8dF9,P1,santa clara,chaves,2023-04-23,1,1
fmkMAIpc,P1,portimonense,gil vicente,2023-04-23,1,0
IV5wnZ7d,P1,pacos ferreira,fc porto,2023-04-22,0,2
8dG3hyVS,P1,boavista,rio ave,2023-04-22,3,2
8Aex7zpM,P1,famalicao,maritimo,2023-04-22,3,2
Qo6X7GUF,P1,casa pia,braga,2023-04-21,0,1
vHSjewoA,P1,vizela,boavista,2023-04-17,1,1
4bzvbu1i,P1,sporting cp,arouca,2023-04-16,1,1
I1vrcaGc,P1,braga,gil vicente,2023-04-16,1,0
jendZeOj,P1,rio ave,casa pia,2023-04-16,1,1
0QTndJV3,P1,fc porto,santa clara,2023-04-15,2,1
WA5PvI0T,P1,chaves,benfica,2023-04-15,1,0
QXQbgHFM,P1,estoril,portimonense,2023-04-15,0,1
nsSffc0G,P1,maritimo,pacos ferreira,2023-04-15,3,1
C4mhzx9p,P1,famalicao,vitoria guimaraes,2023-04-14,2,1
IsCdo2Ho,P1,gil vicente,chaves,2023-04-10,0,0
hK6LuboN,P1,casa pia,sporting cp,2023-04-09,3,4
4bE8r014,P1,braga,estoril,2023-04-08,4,1
dYA0pMWi,P1,pacos ferreira,famalicao,2023-04-08,1,3
Q7F4qtnb,P1,portimonense,rio ave,2023-04-08,2,2
bc7HtvWG,P1,arouca,maritimo,2023-04-08,1,0
GxYDMIvo,P1,boavista,vitoria guimaraes,2023-04-07,2,1
vHtnRbWT,P1,benfica,fc porto,2023-04-07,1,2
nN3DsKGA,P1,santa clara,vizela,2023-04-07,0,1
MsJkWVBs,P1,gil vicente,sporting cp,2023-04-05,0,0
pM3FQRuJ,P1,famalicao,arouca,2023-04-03,0,1
vsCsU0nB,P1,fc porto,portimonense,2023-04-02,1,0
A1KQXrmn,P1,rio ave,benfica,2023-04-02,0,1
WALMYOXu,P1,chaves,braga,2023-04-02,1,2
pfsrSvHN,P1,maritimo,boavista,2023-04-02,4,2
hQ9VW22h,P1,sporting cp,santa clara,2023-04-01,3,0
6TDZVMHb,P1,vitoria guimaraes,pacos ferreira,2023-04-01,0,0
0jDwVtX4,P1,vizela,casa pia,2023-04-01,3,1
63rvTK1H,P1,estoril,gil vicente,2023-03-31,1,0
QBXJyhlK,P1,boavista,famalicao,2023-03-19,1,2
vJDfVkRm,P1,braga,fc porto,2023-03-19,0,0
6V4BR7QC,P1,casa pia,maritimo,2023-03-19,2,0
C8TFxYYD,P1,estoril,chaves,2023-03-18,0,2
CWB2TTe0,P1,arouca,pacos ferreira,2023-03-18,1,1
KYWNzC3Q,P1,benfica,vitoria guimaraes,2023-03-18,5,1
I9CbU9tf,P1,portimonense,vizela,2023-03-18,0,1
O6F6SmB6,P1,santa clara,rio ave,2023-03-17,0,2
hbDtOYJK,P1,famalicao,casa pia,2023-03-13,1,0
lUbCICsr,P1,sporting cp,boavista,2023-03-12,3,0
A3kXDldD,P1,maritimo,benfica,2023-03-12,0,3
WlCpNhZQ,P1,rio ave,gil vicente,2023-03-12,2,1
OniPFAR0,P1,vizela,braga,2023-03-11,0,4
pdhLGjCf,P1,vitoria guimaraes,arouca,2023-03-11,0,2
zNIyPE4E,P1,chaves,portimonense,2023-03-11,2,0
2X2GHWdl,P1,pacos ferreira,santa clara,2023-03-11,1,0
WCjTEUt7,P1,fc porto,estoril,2023-03-10,3,2
dWJXPfk8,P1,casa pia,pacos ferreira,2023-03-06,2,1
OSOw4DSl,P1,braga,rio ave,2023-03-05,2,0
rTVk1BC7,P1,santa clara,vitoria guimaraes,2023-03-05,1,3
fgKZ4gDr,P1,gil vicente,maritimo,2023-03-05,2,0
OGQLtQt1,P1,afs,portimonense,2024-06-02,2,1
UHXCrnCl,P1,portimonense,afs,2024-05-25,1,2
t4RTDzCR,P1,braga,fc porto,2024-05-18,0,1
buxPEGdL,P1,moreirense,estoril,2024-05-18,2,1
jFYGGxS8,P1,sporting cp,chaves,2024-05-18,3,0
GdIe9fKr,P1,arouca,vitoria guimaraes,2024-05-18,1,3
AJHa8EZl,P1,boavista,vizela,2024-05-18,2,2
lAG37Yle,P1,estrela,gil vicente,2024-05-18,1,0
6oB86h41,P1,sc farense,portimonense,2024-05-18,1,3
COZCHIC2,P1,rio ave,benfica,2024-05-17,1,1
KlwLFdsF,P1,famalicao,casa pia,2024-05-17,1,2
Qg0lFPj4,P1,fc porto,boavista,2024-05-12,2,1
CjdpG5yb,P1,benfica,arouca,2024-05-12,5,0
2ghMfe5k,P1,casa pia,moreirense,2024-05-12,0,1
b7bdD3LG,P1,gil vicente,sc farense,2024-05-12,2,0
UR6uHoMi,P1,vitoria guimaraes,braga,2024-05-11,2,3
dGiQgFKe,P1,estoril,sporting cp,2024-05-11,0,1
AJeUhZZ1,P1,portimonense,rio ave,2024-05-11,2,2
KGahEq6A,P1,vizela,estrela,2024-05-11,4,0
O2gIeyjq,P1,chaves,famalicao,2024-05-10,0,1
xYs23Sih,P1,famalicao,benfica,2024-05-05,2,0
ImwNb46N,P1,arouca,estrela,2024-05-05,0,0
6DZIapiH,P1,braga,casa pia,2024-05-05,4,3
YayB16M4,P1,sc farense,estoril,2024-05-05,3,2
0CSRcOLT,P1,chaves,fc porto,2024-05-04,0,3
CjzF0QyB,P1,sporting cp,portimonense,2024-05-04,3,0
2LEggrUp,P1,boavista,gil vicente,2024-05-04,1,1
GOt62n7b,P1,rio ave,vitoria guimaraes,2024-05-04,2,1
jy8yIR6o,P1,moreirense,vizela,2024-05-03,1,0
rBrb48xn,P1,estrela,sc farense,2024-04-29,0,3
4pDmp5iU,P1,fc porto,sporting cp,2024-04-28,2,2
U7vf5lNu,P1,estoril,famalicao,2024-04-28,1,0
ITEunRMH,P1,portimonense,moreirense,2024-04-28,0,2
dEQWmmh5,P1,vitoria guimaraes,boavista,2024-04-27,1,0
QgEqooxO,P1,benfica,braga,2024-04-27,3,1
rBMSlTxa,P1,casa pia,chaves,2024-04-27,3,1
vwGym77B,P1,vizela,rio ave,2024-04-27,1,1
llNOk9Nh,P1,gil vicente,arouca,2024-04-26,2,2
Aqqnxjgg,P1,sc farense,benfica,2024-04-22,1,3
I9nfzUN5,P1,sporting cp,vitoria guimaraes,2024-04-21,3,0
AcOKjk8n,P1,casa pia,fc porto,2024-04-21,1,2
xAg6XR7O,P1,chaves,estoril,2024-04-21,2,2
jDsldBpP,P1,famalicao,portimonense,2024-04-21,2,2
vPz3Y7hI,P1,braga,vizela,2024-04-20,2,1
hMTFiVht,P1,boavista,estrela,2024-04-20,1,1
d0obZmwC,P1,moreirense,gil vicente,2024-04-20,0,1
lzrjyA8a,P1,rio ave,arouca,2024-04-19,1,1
h6qPe2wF,P1,famalicao,sporting cp,2024-04-16,0,1
z7bAoCG0,P1,vizela,chaves,2024-04-15,0,1
Io47qY0J,P1,benfica,moreirense,2024-04-14,3,0
dx3BrhGP,P1,arouca,boavista,2024-04-14,2,1
rX1IqjoD,P1,portimonense,casa pia,2024-04-14,2,2
SKgswWwm,P1,estrela,rio ave,2024-04-14,2,2
hr95nh1f,P1,estoril,braga,2024-04-13,0,1
lA2EpWV6,P1,fc porto,famalicao,2024-04-13,2,2
MN0MrA0J,P1,vitoria guimaraes,sc farense,2024-04-13,1,1
EHkwvCOt,P1,gil vicente,sporting cp,2024-04-12,0,4
EiA1mYol,P1,casa pia,estoril,2024-04-08,0,0
Ma2Zqaud,P1,fc porto,vitoria guimaraes,2024-04-07,1,2
QThP6Mn9,P1,moreirense,estrela,2024-04-07,2,2
8hrU5t2F,P1,chaves,portimonense,2024-04-07,2,3
QX8QoLAq,P1,sporting cp,benfica,2024-04-06,2,1
4O7UpuQk,P1,braga,arouca,2024-04-06,0,3
pI5clEWs,P1,famalicao,vizela,2024-04-06,3,2
EgkL72X2,P1,rio ave,gil vicente,2024-04-06,3,0
0j1wqJf2,P1,sc farense,boavista,2024-04-05,2,0
jwZmY1tp,P1,portimonense,braga,2024-04-01,3,5
b3xdWuBd,P1,vizela,casa pia,2024-03-31,0,4
fkIfismM,P1,estoril,fc porto,2024-03-30,1,0
CQSkhNXF,P1,boavista,rio ave,2024-03-30,0,0
vaFrfq33,P1,arouca,sc farense,2024-03-30,2,1
YZTog3I9,P1,vitoria guimaraes,moreirense,2024-03-30,1,0
8hMbj12S,P1,estrela,sporting cp,2024-03-29,1,2
08GvePmc,P1,benfica,chaves,2024-03-29,1,0
p0YiXLej,P1,gil vicente,famalicao,2024-03-29,1,2
Qk2drn4i,P1,sporting cp,boavista,2024-03-17,6,1
bqAAKrCp,P1,casa pia,benfica,2024-03-17,0,1
h2gDv43G,P1,chaves,vitoria guimaraes,2024-03-17,1,2
xz9EJ2Rj,P1,moreirense,arouca,2024-03-17,1,0
n5j5tQY3,P1,fc porto,vizela,2024-03-16,4,1
buf9uplA,P1,braga,gil vicente,2024-03-16,2,1
lUnMxrYS,P1,sc farense,rio ave,2024-03-16,1,1
4t10s6Jc,P1,famalicao,estrela,2024-03-16,0,0
WhhHwOIM,P1,estoril,portimonense,2024-03-15,1,0
hMFQUSZi,P1,gil vicente,chaves,2024-03-11,0,0
pxUZQpZG,P1,benfica,estoril,2024-03-10,3,1
vaTwQ4lN,P1,arouca,sporting cp,2024-03-10,0,3
nqFUTnkb,P1,vitoria guimaraes,famalicao,2024-03-09,1,0
h2XsPO3T,P1,boavista,moreirense,2024-03-09,1,0
vJBMV8Ko,P1,rio ave,braga,2024-03-09,0,0
6oVVRQJA,P1,vizela,sc farense,2024-03-09,2,1
QZDYS644,P1,estrela,casa pia,2024-03-08,3,1
xEXw7Pso,P1,portimonense,fc porto,2024-03-08,0,3
EHylH95h,P1,famalicao,boavista,2024-03-04,1,1
IkruJVzt,P1,fc porto,benfica,2024-03-03,5,0
h8zhGTKb,P1,sporting cp,sc farense,2024-03-03,3,2
pGhaE7kB,P1,casa pia,gil vicente,2024-03-03,0,0
6Vt8CoKN,P1,portimonense,vizela,2024-03-03,0,0
nVZeFmz5,P1,braga,estrela,2024-03-02,3,0
Svr4DR4H,P1,estoril,vitoria guimaraes,2024-03-02,1,3
z5oCB5ZT,P1,moreirense,rio ave,2024-03-02,0,0
dtsqIkjn,P1,chaves,arouca,2024-03-01,1,5
WfwLDza0,P1,boavista,braga,2024-02-26,0,4
2uT67gpK,P1,vizela,afs,2025-06-01,2,2
xn9SqjhD,P1,afs,vizela,2025-05-24,3,0
88MxkHZP,P1,afs,moreirense,2025-05-17,0,3
GEZjRDsJ,P1,arouca,boavista,2025-05-17,4,1
f5fQuDdC,P1,braga,benfica,2025-05-17,1,1
E9RjdYtg,P1,estoril,estrela,2025-05-17,4,0
Sh39qecm,P1,fc porto,nacional,2025-05-17,3,0
KntrTZC6,P1,sc farense,santa clara,2025-05-17,1,2
2VcYwiRO,P1,sporting cp,vitoria guimaraes,2025-05-17,2,0
Yk6HsZRa,P1,famalicao,casa pia,2025-05-16,2,1
tdTrbfCt,P1,rio ave,gil vicente,2025-05-16,1,1
hCM0GdT0,P1,boavista,fc porto,2025-05-11,1,2
YVszVerf,P1,moreirense,estoril,2025-05-11,2,2
QPK8EzbD,P1,vitoria guimaraes,sc farense,2025-05-11,1,2
C2EhIIbl,P1,estrela,afs,2025-05-11,0,1
CGgRWHDs,P1,casa pia,braga,2025-05-10,2,1
tY2exvjK,P1,gil vicente,arouca,2025-05-10,1,1
hbsS1cE7,P1,benfica,sporting cp,2025-05-10,1,1
K4ZDP06E,P1,nacional,rio ave,2025-05-10,3,3
tKNMNvyR,P1,santa clara,famalicao,2025-05-10,2,1
hvoB9lGG,P1,afs,boavista,2025-05-05,1,2
bH7xQ90c,P1,rio ave,estrela,2025-05-05,2,0
YeRQ3Jqe,P1,sporting cp,gil vicente,2025-05-04,2,1
KQn3BAo4,P1,arouca,casa pia,2025-05-04,0,0
0rTI5uFr,P1,estoril,benfica,2025-05-03,1,2
ILUk268j,P1,braga,santa clara,2025-05-03,1,1
6sBpOmV9,P1,nacional,vitoria guimaraes,2025-05-03,1,2
ObgfDWGi,P1,sc farense,famalicao,2025-05-03,2,1
l6vK7SpT,P1,fc porto,moreirense,2025-05-02,3,1
fs8t2oig,P1,casa pia,estoril,2025-04-29,1,3
Wn35dsLU,P1,boavista,sporting cp,2025-04-27,0,5
Wji9kTOp,P1,benfica,afs,2025-04-27,6,0
ADKD0gXo,P1,vitoria guimaraes,rio ave,2025-04-27,3,0
OMacb3jI,P1,moreirense,nacional,2025-04-27,1,1
27Bl0PL5,P1,estrela,fc porto,2025-04-26,2,0
vgCUdBWA,P1,gil vicente,sc farense,2025-04-26,1,0
nJFxek1N,P1,santa clara,arouca,2025-04-26,2,0
rRILbX1b,P1,famalicao,braga,2025-04-25,1,1
KSHVq4yP,P1,vitoria guimaraes,benfica,2025-04-19,0,3
GI9vnZ0e,P1,arouca,estrela,2025-04-19,1,0
O0OMoQ6C,P1,estoril,braga,2025-04-19,0,2
lW7npDV7,P1,afs,casa pia,2025-04-19,1,1
GzLEmnx0,P1,nacional,gil vicente,2025-04-19,0,3
4vjZ7GNE,P1,sporting cp,moreirense,2025-04-18,3,1
KjGVmeWr,P1,fc porto,famalicao,2025-04-18,2,1
fLW5k87m,P1,rio ave,santa clara,2025-04-18,1,1
zuhu47Mt,P1,sc farense,boavista,2025-04-18,0,1
nwzNKd2d,P1,moreirense,rio ave,2025-04-13,0,2
QTfdZeHk,P1,benfica,arouca,2025-04-13,2,2
AHUagH8L,P1,braga,afs,2025-04-13,4,1
vDWEMIXq,P1,estrela,sc farense,2025-04-13,0,1
zaGHtvPF,P1,casa pia,fc porto,2025-04-12,0,1
SYC9r0f3,P1,santa clara,sporting cp,2025-04-12,0,1
Uc9QvIgS,P1,boavista,nacional,2025-04-12,0,1
Mel5XZo2,P1,famalicao,estoril,2025-04-12,3,0
l2tiewv9,P1,gil vicente,vitoria guimaraes,2025-04-11,0,1
xUFrU0uA,P1,sporting cp,braga,2025-04-07,1,1
t2MZVMAc,P1,rio ave,boavista,2025-04-07,0,2
AsEjSvAM,P1,sc farense,casa pia,2025-04-07,0,0
EeUm8JIj,P1,fc porto,benfica,2025-04-06,1,4
UNhHDueT,P1,nacional,estrela,2025-04-06,0,1
fobhJqRi,P1,gil vicente,moreirense,2025-04-06,0,1
OQk9F1QG,P1,vitoria guimaraes,santa clara,2025-04-05,2,0
vwG5etZp,P1,arouca,famalicao,2025-04-05,1,2
Sbd0HNe4,P1,afs,estoril,2025-04-04,0,3
YJPj1B56,P1,benfica,sc farense,2025-04-02,3,2
fDxPnCjD,P1,boavista,gil vicente,2025-04-01,1,3
QgMr3Xzf,P1,moreirense,vitoria guimaraes,2025-03-30,2,2
YZ5TcxaE,P1,estoril,fc porto,2025-03-30,1,2
4vYZ4g6s,P1,famalicao,afs,2025-03-30,4,1
QXp8jfil,P1,santa clara,nacional,2025-03-30,1,0
Yes4AFrK,P1,braga,arouca,2025-03-29,2,1
fkfxdGTQ,P1,estrela,sporting cp,2025-03-29,0,3
MavHlYL0,P1,casa pia,rio ave,2025-03-29,2,1
S2WmxqFt,P1,gil vicente,benfica,2025-03-28,0,3
n5SnoaF8,P1,moreirense,boavista,2025-03-16,1,0
KWufqwpL,P1,vitoria guimaraes,estrela,2025-03-16,2,0
CUKYyexe,P1,rio ave,benfica,2025-03-16,2,3
4t32wmd2,P1,arouca,estoril,2025-03-16,1,1
8dEszZ67,P1,nacional,casa pia,2025-03-16,3,1
2FsMcHsH,P1,sporting cp,famalicao,2025-03-15,3,1
U1qEawD4,P1,fc porto,afs,2025-03-15,2,0
dGafu9Rk,P1,gil vicente,santa clara,2025-03-15,0,1
vHMQwH7r,P1,sc farense,braga,2025-03-15,0,1
pIZKUIDU,P1,famalicao,rio ave,2025-03-10,1,0
GbJvovbB,P1,boavista,vitoria guimaraes,2025-03-09,1,2
dd3wm0Tb,P1,casa pia,sporting cp,2025-03-09,1,3
Or5VlMbn,P1,santa clara,moreirense,2025-03-09,1,1
z3j51arh,P1,braga,fc porto,2025-03-08,1,0
OOMnqISN,P1,benfica,nacional,2025-03-08,3,0
Gxr4Y0E5,P1,estoril,sc farense,2025-03-08,2,2
8dbJwdjo,P1,afs,arouca,2025-03-08,0,1
xhWCWvqI,P1,estrela,gil vicente,2025-03-07,1,1
GO2VJ1aC,P1,sporting cp,estoril,2025-03-03,3,1
CjdvIuUO,P1,rio ave,braga,2025-03-02,2,1
M1sd52pJ,P1,sc farense,afs,2025-03-02,0,1
U74NLNUa,P1,boavista,santa clara,2025-03-02,1,0
8hGENq0m,P1,moreirense,estrela,2025-03-02,1,1
OUPdzNqg,P1,vitoria guimaraes,casa pia,2025-03-01,1,0
xAPrT5xQ,P1,arouca,fc porto,2025-03-01,0,2
llql7OF6,P1,nacional,famalicao,2025-03-01,2,1
nPnXA6Gs,P1,fc porto,vitoria guimaraes,2025-02-24,1,1
2JXXEFHF,P1,famalicao,moreirense,2025-02-23,2,0
fHCC7X9k,P1,afs,sporting cp,2025-02-23,2,2
boRtDgnS,P1,arouca,sc farense,2025-02-23,2,2
SzzaTEW8,P1,estrela,santa clara,2025-02-23,0,0
2ughgZIU,P1,estrela,casa pia,2026-03-20,4,0
vwt2rI4C,P1,fc porto,moreirense,2026-03-15,3,0
WEHD48LE,P1,rio ave,estrela,2026-03-15,2,1
jH9K0aKt,P1,afs,santa clara,2026-03-15,0,1
48PRt5T7,P1,nacional,estoril,2026-03-15,0,1
xY7Sbwkg,P1,arouca,benfica,2026-03-14,1,2
Aclon05m,P1,gil vicente,alverca,2026-03-14,2,2
rBngpvz0,P1,vitoria guimaraes,famalicao,2026-03-14,1,2
dMpqWmFk,P1,tondela,rio ave,2026-03-09,0,1
h8Uoj96L,P1,santa clara,vitoria guimaraes,2026-03-08,2,0
rgyJrRbe,P1,benfica,fc porto,2026-03-08,2,2
4nliURq2,P1,estrela,gil vicente,2026-03-08,2,2
6i64wWMF,P1,estoril,casa pia,2026-03-07,0,0
zTXApmUr,P1,braga,sporting cp,2026-03-07,2,2
APCeuhh3,P1,alverca,afs,2026-03-07,0,0
KfWwhVy9,P1,moreirense,nacional,2026-03-07,1,1
Cl9CyAiS,P1,famalicao,arouca,2026-03-06,1,0
QJVVOW7M,P1,gil vicente,benfica,2026-03-02,1,2
tWeS4BGj,P1,rio ave,famalicao,2026-03-01,0,0
IVP9Hl0d,P1,casa pia,moreirense,2026-03-01,1,1
dvvFSE8c,P1,tondela,santa clara,2026-03-01,2,2
j1HmCgOG,P1,vitoria guimaraes,alverca,2026-02-28,1,1
44sNQhwA,P1,nacional,braga,2026-02-28,1,2
M3W0JAVq,P1,afs,estrela,2026-02-28,0,0
ryEuEFg4,P1,sporting cp,estoril,2026-02-27,3,0
p0AdAXhT,P1,fc porto,arouca,2026-02-27,3,1
4CFwb336,P1,famalicao,casa pia,2026-02-23,2,0
xvgKAtmC,P1,fc porto,rio ave,2026-02-22,1,0
dKXpdsYI,P1,estoril,gil vicente,2026-02-22,3,1
MLPWFyPi,P1,braga,vitoria guimaraes,2026-02-21,3,2
8pMUaPYg,P1,benfica,afs,2026-02-21,3,0
fFXphYWp,P1,moreirense,sporting cp,2026-02-21,0,3
8b13EOmm,P1,alverca,santa clara,2026-02-21,1,1
4QfCC2Ia,P1,arouca,nacional,2026-02-21,3,0
xGAXJpQP,P1,estrela,tondela,2026-02-20,0,2
tA2mmnkl,P1,rio ave,moreirense,2026-02-16,1,2
MPLGh8RQ,P1,sporting cp,famalicao,2026-02-15,1,0
Gnsj77tK,P1,afs,estoril,2026-02-15,3,0
zXNM1o4s,P1,nacional,fc porto,2026-02-15,0,1
lz6eoQJ0,P1,gil vicente,braga,2026-02-14,2,1
QwjGlv9e,P1,vitoria guimaraes,estrela,2026-02-14,2,1
lCN8fUdE,P1,casa pia,arouca,2026-02-14,3,2
Y3gOnIw8,P1,tondela,alverca,2026-02-13,1,1
Akf4q4lD,P1,santa clara,benfica,2026-02-13,1,2
YuBydMGL,P1,fc porto,sporting cp,2026-02-09,1,1
jmb5zllo,P1,famalicao,afs,2026-02-09,3,1
Chq0dVA4,P1,benfica,alverca,2026-02-08,2,1
4O17j0vq,P1,braga,rio ave,2026-02-08,3,0
6ethbith,P1,nacional,casa pia,2026-02-08,0,0
SSuybrn9,P1,arouca,vitoria guimaraes,2026-02-07,3,2
zZhkzuf2,P1,estoril,tondela,2026-02-07,2,2
v7atx1Pk,P1,estrela,santa clara,2026-02-07,1,0
Y7X8f9uH,P1,moreirense,gil vicente,2026-02-07,1,2
jJW9oEdn,P1,casa pia,fc porto,2026-02-02,2,1
0fi0RABU,P1,afs,braga,2026-02-02,0,4
4SciTWtI,P1,tondela,benfica,2026-02-01,0,0
rulTYzDt,P1,sporting cp,nacional,2026-02-01,2,1
WEaqVhC5,P1,gil vicente,famalicao,2026-02-01,5,0
CYKIqhRb,P1,alverca,estrela,2026-01-31,1,1
j5iyXEsg,P1,rio ave,arouca,2026-01-31,0,3
bkJQsWeB,P1,santa clara,estoril,2026-01-31,2,4
fHCZuAQN,P1,vitoria guimaraes,moreirense,2026-01-30,1,0
Wvqz4GD6,P1,fc porto,gil vicente,2026-01-26,3,0
QstS5xqf,P1,braga,alverca,2026-01-25,5,0
vRNIEXRO,P1,benfica,estrela,2026-01-25,4,0
W0KAGgcC,P1,famalicao,tondela,2026-01-25,3,0
K0PUPczQ,P1,nacional,rio ave,2026-01-25,4,0
vo61Kybm,P1,estoril,vitoria guimaraes,2026-01-24,4,2
Cb49IFSa,P1,arouca,sporting cp,2026-01-24,1,2
hfXr2frJ,P1,moreirense,santa clara,2026-01-24,1,0
UFnJ7bEs,P1,casa pia,afs,2026-01-23,3,3
IekDB7FF,P1,estrela,estoril,2026-01-19,0,5
bTPoQ6U8,P1,vitoria guimaraes,fc porto,2026-01-18,0,1
zyG9inOq,P1,tondela,braga,2026-01-18,0,1
rLsa23x2,P1,santa clara,famalicao,2026-01-18,0,1
UZ8IkQhd,P1,rio ave,benfica,2026-01-17,0,2
MTe4DTp3,P1,afs,arouca,2026-01-17,0,1
QLhL9opS,P1,alverca,moreirense,2026-01-17,2,1
AgUi4P7k,P1,gil vicente,nacional,2026-01-17,2,1
4hPwc80M,P1,sporting cp,casa pia,2026-01-16,3,0
WIZWkEVs,P1,moreirense,tondela,2026-01-11,1,0
zwHDZD2b,P1,nacional,santa clara,2026-01-11,3,3
O2k1Q9Pp,P1,alverca,famalicao,2026-01-04,1,0
d6penin4,P1,santa clara,fc porto,2026-01-04,0,1
dUSswm9j,P1,rio ave,casa pia,2026-01-04,3,1
4I8UVV1N,P1,afs,moreirense,2026-01-03,0,2
4Wm3pVGG,P1,benfica,estoril,2026-01-03,3,1
rwyVbUV9,P1,estrela,braga,2026-01-03,3,3
zDXM0j1c,P1,tondela,arouca,2026-01-03,3,1
0bsCr9oT,P1,vitoria guimaraes,nacional,2026-01-02,2,1
zidnlDHi,P1,gil vicente,sporting cp,2026-01-02,1,1
4WXvlh0f,P1,fc porto,afs,2025-12-29,2,0
lMI5yzYo,P1,sporting cp,rio ave,2025-12-28,4,0
W4AMXiXA,P1,braga,benfica,2025-12-28,2,2
E1g0ez8K,P1,arouca,gil vicente,2025-12-28,2,2
ne1EXWFD,P1,casa pia,vitoria guimaraes,2025-12-28,0,0
8OUepAaJ,P1,estoril,alverca,2025-12-27,4,1
0bRmnWU6,P1,famalicao,estrela,2025-12-27,2,3
GWhRrcOE,P1,vitoria guimaraes,sporting cp,2025-12-23,1,4
0OAvLgW7,P1,benfica,famalicao,2025-12-22,1,0
WrJNOyXr,P1,alverca,fc porto,2025-12-22,0,3
IF9cyFGl,P1,santa clara,arouca,2025-12-21,0,0
lpiZtygR,P1,tondela,casa pia,2025-12-21,1,2
61ZrWJv9,P1,afs,nacional,2025-12-21,2,2
rDXzqXGn,RO1,dinamo bucuresti,u. cluj,2022-05-29,1,1
GQVrsBoa,RO1,chindia targoviste,concordia,2022-05-29,2,0
EuATta2Q,RO1,univ. craiova,fc botosani,2022-05-27,2,0
279Vs88g,RO1,fc arges,fc voluntari,2022-05-23,0,1
6uGMqUws,RO1,fcsb,cfr cluj,2022-05-22,3,1
Gj1vpD1t,RO1,u. cluj,dinamo bucuresti,2022-05-21,2,0
M3WvriWh,RO1,concordia,chindia targoviste,2022-05-21,2,1
KrKQrlgm,RO1,univ. craiova,farul constanta,2022-05-20,4,1
YNsRQUkh,RO1,lps hd clinceni,fc botosani,2022-05-16,0,4
xdlISjLu,RO1,mioveni,fc rapid bucuresti,2022-05-16,3,2
QJyBKgTI,RO1,u craiova 1948,sepsi sf. gheorghe,2022-05-16,0,5
Yio8Q6wJ,RO1,cfr cluj,univ. craiova,2022-05-15,2,1
l0TflAVP,RO1,fc voluntari,fcsb,2022-05-14,2,2
A9UjkjGJ,RO1,farul constanta,fc arges,2022-05-14,1,0
GnmMRAzn,RO1,dinamo bucuresti,uta arad,2022-05-13,1,1
EqY6LZDC,RO1,chindia targoviste,gaz metan medias,2022-05-13,3,0
hUqbNeq0,RO1,fc rapid bucuresti,u craiova 1948,2022-05-09,2,3
0vm0SS86,RO1,univ. craiova,fcsb,2022-05-08,0,1
WKr2MFb6,RO1,sepsi sf. gheorghe,chindia targoviste,2022-05-08,2,1
l4qdT8g0,RO1,fc arges,cfr cluj,2022-05-07,0,6
f1n4RnOC,RO1,farul constanta,fc voluntari,2022-05-07,1,1
OfufOyUg,RO1,uta arad,mioveni,2022-05-07,1,0
p4tjPHEm,RO1,fc botosani,dinamo bucuresti,2022-05-06,2,3
2uioQcas,RO1,gaz metan medias,lps hd clinceni,2022-05-06,4,3
SlemVUOm,RO1,fcsb,fc arges,2022-05-02,4,0
Wd0FVJyK,RO1,mioveni,fc botosani,2022-05-02,0,2
bFjqWA9s,RO1,cfr cluj,farul constanta,2022-05-01,1,0
h61BWaMD,RO1,u craiova 1948,uta arad,2022-05-01,1,0
6ufiUlvf,RO1,univ. craiova,fc voluntari,2022-04-30,1,0
QJaJUwiQ,RO1,dinamo bucuresti,lps hd clinceni,2022-04-30,5,1
4zfwO7ID,RO1,chindia targoviste,fc rapid bucuresti,2022-04-29,0,0
IJiRQ9Yf,RO1,sepsi sf. gheorghe,gaz metan medias,2022-04-29,3,1
EsFCyXoK,RO1,farul constanta,fcsb,2022-04-25,0,4
d64Hzi1Q,RO1,fc arges,univ. craiova,2022-04-25,0,4
rcNsZXQE,RO1,fc botosani,u craiova 1948,2022-04-25,2,1
0vB8xDWD,RO1,fc voluntari,cfr cluj,2022-04-24,0,1
d43ISV3r,RO1,fc rapid bucuresti,sepsi sf. gheorghe,2022-04-23,1,0
QLCnYitL,RO1,uta arad,chindia targoviste,2022-04-23,1,0
IJVeBUY7,RO1,gaz metan medias,dinamo bucuresti,2022-04-22,0,1
WMJwzEB8,RO1,lps hd clinceni,mioveni,2022-04-22,0,2
CInDJhRR,RO1,fc rapid bucuresti,gaz metan medias,2022-04-18,8,0
SY6PFkP0,RO1,cfr cluj,fcsb,2022-04-17,0,1
MixmDj4e,RO1,u craiova 1948,lps hd clinceni,2022-04-17,4,0
8pOME9v7,RO1,farul constanta,univ. craiova,2022-04-16,0,3
nyNQDTgD,RO1,fc voluntari,fc arges,2022-04-16,0,1
lvvuFCZr,RO1,sepsi sf. gheorghe,uta arad,2022-04-16,1,0
vTWiCAJ1,RO1,mioveni,dinamo bucuresti,2022-04-15,2,0
r1wqEWlk,RO1,chindia targoviste,fc botosani,2022-04-15,1,2
lr8LGV9f,RO1,fcsb,fc voluntari,2022-04-11,4,0
2sMDbik2,RO1,gaz metan medias,mioveni,2022-04-11,1,2
tI4DIiur,RO1,univ. craiova,cfr cluj,2022-04-10,3,2
j3b4LEdF,RO1,fc botosani,sepsi sf. gheorghe,2022-04-10,0,1
Ugc8KYBL,RO1,uta arad,fc rapid bucuresti,2022-04-09,0,2
fL8HHBfl,RO1,fc arges,farul constanta,2022-04-09,0,2
4n0dNzS2,RO1,dinamo bucuresti,u craiova 1948,2022-04-08,1,2
rwa0Mfs9,RO1,lps hd clinceni,chindia targoviste,2022-04-08,0,3
hfmyxtt3,RO1,cfr cluj,fc arges,2022-04-04,2,0
GQJ11g5q,RO1,sepsi sf. gheorghe,lps hd clinceni,2022-04-04,6,0
MTiuy0e9,RO1,fcsb,univ. craiova,2022-04-03,0,2
zXyZ5ZdS,RO1,fc rapid bucuresti,fc botosani,2022-04-02,3,0
0KjqzKAF,RO1,fc voluntari,farul constanta,2022-04-02,1,0
dtwV6FsM,RO1,uta arad,gaz metan medias,2022-04-02,4,0
fHI50DKk,RO1,chindia targoviste,dinamo bucuresti,2022-04-01,0,2
lvI9aXZe,RO1,u craiova 1948,mioveni,2022-04-01,1,1
rJWEAcrc,RO1,mioveni,chindia targoviste,2022-03-21,1,0
CbAlExld,RO1,fc arges,fcsb,2022-03-20,2,3
M9VI9Hc3,RO1,dinamo bucuresti,sepsi sf. gheorghe,2022-03-20,0,0
EDioFIYk,RO1,farul constanta,cfr cluj,2022-03-19,0,0
4YKN8yD9,RO1,lps hd clinceni,fc rapid bucuresti,2022-03-19,0,1
f3wXoE5d,RO1,gaz metan medias,u craiova 1948,2022-03-19,0,2
E3lXxMQd,RO1,fc voluntari,univ. craiova,2022-03-18,3,1
2JwR7eSF,RO1,fc botosani,uta arad,2022-03-18,1,0
KjhsGbJq,RO1,fcsb,farul constanta,2022-03-14,2,0
GCvTnfjj,RO1,fc botosani,gaz metan medias,2022-03-14,5,0
YmkOmzyp,RO1,fc rapid bucuresti,dinamo bucuresti,2022-03-13,3,1
MBMf526H,RO1,sepsi sf. gheorghe,mioveni,2022-03-13,3,1
Is6FKvBS,RO1,cfr cluj,fc voluntari,2022-03-12,3,1
SlNj6riB,RO1,chindia targoviste,u craiova 1948,2022-03-12,0,0
06BALKeM,RO1,univ. craiova,fc arges,2022-03-11,3,0
lbOn7Oy5,RO1,uta arad,lps hd clinceni,2022-03-11,3,0
W0bVdoJl,RO1,univ. craiova,farul constanta,2022-03-07,1,0
lxgzd5Yf,RO1,fc botosani,fc arges,2022-03-07,1,2
SSivePm1,RO1,fcsb,fc voluntari,2022-03-06,1,0
0CKn59B8,RO1,cfr cluj,dinamo bucuresti,2022-03-06,4,1
zVCa27eR,RO1,gaz metan medias,chindia targoviste,2022-03-06,0,4
MR8e3mtL,RO1,fc rapid bucuresti,lps hd clinceni,2022-03-05,1,0
hAaRcR3r,RO1,uta arad,mioveni,2022-03-05,2,1
v3Jj4TQE,RO1,sepsi sf. gheorghe,u craiova 1948,2022-03-04,2,1
fFX0s6J1,RO1,fc arges,fcsb,2022-03-03,1,0
Cjrdrn4e,RO1,farul constanta,fc botosani,2022-03-03,2,0
Y5W4tQY7,RO1,fc voluntari,cfr cluj,2022-03-02,0,1
bmvhqSlk,RO1,mioveni,univ. craiova,2022-03-02,0,3
2HhMllRR,RO1,lps hd clinceni,gaz metan medias,2022-03-02,2,0
ptbHkUBL,RO1,u craiova 1948,fc rapid bucuresti,2022-03-01,3,2
6kaDjAdF,RO1,dinamo bucuresti,sepsi sf. gheorghe,2022-03-01,1,3
4Qvlp8Zr,RO1,chindia targoviste,uta arad,2022-03-01,1,0
Cx3NTnk2,RO1,fcsb,farul constanta,2022-02-27,0,2
Yo4JUSZe,RO1,fc botosani,mioveni,2022-02-27,0,0
CSa9ijs9,RO1,fc arges,fc voluntari,2022-02-27,0,0
6yKvxBsM,RO1,fc rapid bucuresti,dinamo bucuresti,2022-02-26,1,1
Ess6hWR2,RO1,sepsi sf. gheorghe,cfr cluj,2022-02-26,0,2
KvOryVdS,RO1,gaz metan medias,u craiova 1948,2022-02-26,0,3
4CaFV8Kk,RO1,univ. craiova,chindia targoviste,2022-02-25,1,0
QL0BWl5q,RO1,uta arad,lps hd clinceni,2022-02-25,2,0
AaFwa2aA,RO1,uta arad,gloria buzau,2023-06-04,5,1
tQAZarp4,RO1,fc arges,dinamo bucuresti,2023-06-03,4,2
2mBr8vAn,RO1,cfr cluj,u craiova 1948,2023-06-01,1,0
AaaF2Prl,RO1,dinamo bucuresti,fc arges,2023-05-29,6,1
zwHEapRo,RO1,cfr cluj,farul constanta,2023-05-28,1,2
8jFMcOeb,RO1,univ. craiova,sepsi sf. gheorghe,2023-05-28,0,1
ljbJ1qbf,RO1,gloria buzau,uta arad,2023-05-28,0,0
ETFIb4th,RO1,fcsb,fc rapid bucuresti,2023-05-27,1,5
zoPs12g8,RO1,u craiova 1948,fc voluntari,2023-05-26,4,3
dCo4ustU,RO1,fc rapid bucuresti,univ. craiova,2023-05-22,2,3
2kn0tNQN,RO1,farul constanta,fcsb,2023-05-21,3,2
bLXVz1lo,RO1,sepsi sf. gheorghe,cfr cluj,2023-05-20,1,2
pCSpBgmC,RO1,fc botosani,mioveni,2023-05-20,5,1
6LTtCZX5,RO1,chindia targoviste,fc voluntari,2023-05-19,2,2
beQYDe3g,RO1,fc arges,petrolul,2023-05-19,3,0
GWzUEylm,RO1,uta arad,u craiova 1948,2023-05-19,1,1
CbUxDFIa,RO1,fc hermannstadt,u. cluj,2023-05-19,1,2
6NhirqdB,RO1,fcsb,cfr cluj,2023-05-14,1,0
hI37czJC,RO1,u craiova 1948,fc arges,2023-05-14,2,1
xtxQFHYt,RO1,mioveni,uta arad,2023-05-14,0,2
SWgmqPt5,RO1,univ. craiova,farul constanta,2023-05-13,1,1
6cofLwBJ,RO1,u. cluj,chindia targoviste,2023-05-13,2,0
4h7BdfYI,RO1,petrolul,fc hermannstadt,2023-05-13,0,1
lnrds3BH,RO1,fc rapid bucuresti,sepsi sf. gheorghe,2023-05-12,0,0
plpbKcQP,RO1,fc voluntari,fc botosani,2023-05-12,2,0
K6fqp5Rb,RO1,fcsb,sepsi sf. gheorghe,2023-05-08,3,1
be43bG36,RO1,fc arges,uta arad,2023-05-08,2,2
UFCn2b4s,RO1,fc hermannstadt,u craiova 1948,2023-05-08,0,0
tGeuooCh,RO1,cfr cluj,univ. craiova,2023-05-07,1,1
bi6znRdn,RO1,farul constanta,fc rapid bucuresti,2023-05-06,7,2
2TAf0xZg,RO1,fc botosani,u. cluj,2023-05-06,0,0
OxCj1IJm,RO1,chindia targoviste,petrolul,2023-05-05,1,2
K45aadl0,RO1,fc voluntari,mioveni,2023-05-05,1,0
AVVF7KtK,RO1,uta arad,fc hermannstadt,2023-05-02,1,0
8SQQRNBU,RO1,fc rapid bucuresti,cfr cluj,2023-05-01,3,1
WvXB80RD,RO1,u. cluj,fc voluntari,2023-05-01,2,3
pl2Wn7st,RO1,univ. craiova,fcsb,2023-04-30,1,2
UySMS3dO,RO1,sepsi sf. gheorghe,farul constanta,2023-04-29,1,1
INTUqHlD,RO1,petrolul,fc botosani,2023-04-29,1,0
hfLK6vdQ,RO1,mioveni,fc arges,2023-04-29,0,2
vXUQpcZ6,RO1,u craiova 1948,chindia targoviste,2023-04-28,1,0
AiwAluzr,RO1,fc voluntari,petrolul,2023-04-24,2,2
lrxEmakl,RO1,u. cluj,mioveni,2023-04-24,1,0
Y9YDUPRB,RO1,fc rapid bucuresti,fcsb,2023-04-23,1,0
r5yInJ4f,RO1,chindia targoviste,uta arad,2023-04-23,2,1
vmZ9V5C5,RO1,farul constanta,cfr cluj,2023-04-22,1,0
fsKu675F,RO1,fc botosani,u craiova 1948,2023-04-22,0,0
d8uMowK0,RO1,fc hermannstadt,fc arges,2023-04-22,2,1
C0XHTqsI,RO1,sepsi sf. gheorghe,univ. craiova,2023-04-21,1,2
6cscY7Sn,RO1,fcsb,farul constanta,2023-04-17,2,1
MTLX7Tz3,RO1,fc arges,chindia targoviste,2023-04-17,1,0
plt1XRsg,RO1,univ. craiova,fc rapid bucuresti,2023-04-16,3,1
6Lim0HHd,RO1,petrolul,u. cluj,2023-04-16,0,2
SCV5Woca,RO1,cfr cluj,sepsi sf. gheorghe,2023-04-15,2,1
GjLy7mj9,RO1,mioveni,fc hermannstadt,2023-04-15,0,2
AgIT89Ld,RO1,uta arad,fc botosani,2023-04-14,0,2
SUhq1c2j,RO1,u craiova 1948,fc voluntari,2023-04-14,3,3
xOxgZmDt,RO1,sepsi sf. gheorghe,fc rapid bucuresti,2023-04-10,2,0
0K848uAG,RO1,petrolul,mioveni,2023-04-10,2,0
0bFPjGrE,RO1,cfr cluj,fcsb,2023-04-09,1,1
dn2D6JvT,RO1,fc botosani,fc arges,2023-04-09,1,0
belu2wmp,RO1,chindia targoviste,fc hermannstadt,2023-04-09,1,2
bgysSW5D,RO1,farul constanta,univ. craiova,2023-04-08,3,2
6c909LfA,RO1,u. cluj,u craiova 1948,2023-04-08,1,3
ENC87aPM,RO1,fc voluntari,uta arad,2023-04-08,1,1
pjXxTCj7,RO1,sepsi sf. gheorghe,fcsb,2023-04-03,1,2
S6AdA1u4,RO1,mioveni,chindia targoviste,2023-04-03,0,1
jTXYThy1,RO1,univ. craiova,cfr cluj,2023-04-02,1,1
84feCNAi,RO1,fc arges,fc voluntari,2023-04-02,0,2
CxZUUYLf,RO1,fc rapid bucuresti,farul constanta,2023-04-01,1,1
negaBsQc,RO1,fc hermannstadt,fc botosani,2023-04-01,1,1
f16DmvYj,RO1,uta arad,u. cluj,2023-04-01,2,0
tb29lKIp,RO1,u craiova 1948,petrolul,2023-03-31,0,1
GY9R4DRN,RO1,u. cluj,fc arges,2023-03-20,2,0
Y3waR6T1,RO1,u craiova 1948,mioveni,2023-03-20,3,0
GWzCksMJ,RO1,cfr cluj,fc rapid bucuresti,2023-03-19,2,2
fDveSnEe,RO1,farul constanta,sepsi sf. gheorghe,2023-03-19,2,1
UTFyRcqJ,RO1,fcsb,univ. craiova,2023-03-18,1,1
YwOuU8gq,RO1,fc botosani,chindia targoviste,2023-03-18,1,0
GbyEYloS,RO1,petrolul,uta arad,2023-03-17,1,0
fB5KODH3,RO1,fc voluntari,fc hermannstadt,2023-03-17,1,1
lv8LGLBf,RO1,sepsi sf. gheorghe,u craiova 1948,2023-03-16,4,0
rZb0Mpq9,RO1,cfr cluj,u. cluj,2023-03-13,4,0
zXwuF2yq,RO1,chindia targoviste,fc voluntari,2023-03-13,1,1
ja28KODL,RO1,fc hermannstadt,u craiova 1948,2023-03-12,1,0
4r0dNQT2,RO1,fcsb,sepsi sf. gheorghe,2023-03-12,1,0
xdb4L4bF,RO1,farul constanta,fc rapid bucuresti,2023-03-11,2,1
vktIaNyd,RO1,fc arges,petrolul,2023-03-11,0,1
IuuMbsi2,RO1,univ. craiova,uta arad,2023-03-10,2,1
YNiDJrTR,RO1,fc botosani,mioveni,2023-03-10,1,1
vRcV8RE9,RO1,sepsi sf. gheorghe,cfr cluj,2023-03-06,2,2
pStE03Mk,RO1,fc voluntari,fc arges,2023-03-06,0,0
d28Q97a3,RO1,uta arad,fcsb,2023-03-05,3,1
pS4MAmpc,RO1,petrolul,univ. craiova,2023-03-05,0,1
WOxA1q7q,RO1,mioveni,chindia targoviste,2023-03-05,2,0
ni1w75qM,RO1,fc rapid bucuresti,fc hermannstadt,2023-03-04,0,1
Qs0s6PbS,RO1,u craiova 1948,fc botosani,2023-03-04,1,0
IHdZ7oUF,RO1,u. cluj,farul constanta,2023-03-03,2,0
48qmdlV3,RO1,fcsb,petrolul,2023-03-02,4,1
rarie8pA,RO1,cfr cluj,uta arad,2023-03-02,2,1
Ymy4h6US,RO1,fc botosani,fc rapid bucuresti,2023-03-01,1,2
hYHzmphj,RO1,univ. craiova,fc arges,2023-03-01,1,0
WOGvn47d,RO1,mioveni,fc voluntari,2023-03-01,0,3
QNXefSaG,RO1,farul constanta,sepsi sf. gheorghe,2023-02-28,2,0
zcNVmQxp,RO1,chindia targoviste,u craiova 1948,2023-02-28,0,0
vRy0gnFM,RO1,fc hermannstadt,u. cluj,2023-02-28,0,1
xGj9vXNE,RO1,csikszereda m. ciuc,dinamo bucuresti,2024-05-27,0,0
2cKgct2L,RO1,univ. craiova,u. cluj,2024-05-26,2,1
hSG5KBWr,RO1,mioveni,fc botosani,2024-05-24,0,1
vHSf9qop,RO1,dinamo bucuresti,csikszereda m. ciuc,2024-05-20,2,0
Ojivvk0t,RO1,fc rapid bucuresti,fcsb,2024-05-19,2,0
84lqpjvA,RO1,otelul,u. cluj,2024-05-19,0,2
428yw9Fn,RO1,cfr cluj,farul constanta,2024-05-18,5,1
rg7uxTUh,RO1,univ. craiova,sepsi sf. gheorghe,2024-05-18,3,2
CUQ27NFd,RO1,fc botosani,mioveni,2024-05-17,1,0
8vHUJoFO,RO1,farul constanta,univ. craiova,2024-05-13,3,3
IJFK3DDr,RO1,dinamo bucuresti,uta arad,2024-05-12,2,0
CtFO2XSl,RO1,fc voluntari,u. cluj,2024-05-12,0,1
pSbrN1E3,RO1,otelul,fc botosani,2024-05-12,2,0
OIcnMLT9,RO1,poli iasi,petrolul,2024-05-12,2,0
tfhiLuqG,RO1,u craiova 1948,fc hermannstadt,2024-05-12,1,3
fyDQKRaI,RO1,fcsb,cfr cluj,2024-05-11,0,1
Ms5CrViP,RO1,sepsi sf. gheorghe,fc rapid bucuresti,2024-05-10,3,2
4nKDNTFa,RO1,univ. craiova,fcsb,2024-05-06,2,0
jF2h0v7j,RO1,uta arad,u craiova 1948,2024-05-06,3,1
hKtyPNqi,RO1,fc hermannstadt,poli iasi,2024-05-06,0,1
YLOHMmV5,RO1,cfr cluj,fc rapid bucuresti,2024-05-05,3,2
j5avOsac,RO1,petrolul,otelul,2024-05-05,2,1
CO3l1Kip,RO1,u. cluj,dinamo bucuresti,2024-05-04,3,3
KWBM50qT,RO1,fc botosani,fc voluntari,2024-05-04,0,0
CCNLL7pC,RO1,farul constanta,sepsi sf. gheorghe,2024-05-03,1,4
rXV4Pkom,RO1,fc rapid bucuresti,univ. craiova,2024-04-29,1,2
C0L1AOUc,RO1,petrolul,fc botosani,2024-04-29,1,2
QeL9O90g,RO1,cfr cluj,sepsi sf. gheorghe,2024-04-28,2,1
pEJ982aA,RO1,poli iasi,uta arad,2024-04-28,0,2
jiK59rp4,RO1,otelul,fc hermannstadt,2024-04-28,1,0
pnD1QVVt,RO1,fcsb,farul constanta,2024-04-27,2,1
bHND7MEG,RO1,u craiova 1948,u. cluj,2024-04-27,3,2
ttDI6tUM,RO1,dinamo bucuresti,fc voluntari,2024-04-26,1,1
S6QZUBNP,RO1,univ. craiova,cfr cluj,2024-04-25,0,1
Wl44B4Fi,RO1,fc hermannstadt,petrolul,2024-04-25,2,0
hb50Cp0o,RO1,uta arad,otelul,2024-04-25,3,1
Cbrm78VI,RO1,sepsi sf. gheorghe,fcsb,2024-04-24,2,2
lGRVVi8J,RO1,farul constanta,fc rapid bucuresti,2024-04-24,3,1
veHIm1Np,RO1,u. cluj,poli iasi,2024-04-24,1,0
KAzngNaN,RO1,fc botosani,dinamo bucuresti,2024-04-23,2,1
2ZPjhsFT,RO1,fc voluntari,u craiova 1948,2024-04-23,0,0
jVrVd50b,RO1,petrolul,uta arad,2024-04-22,1,1
Y7qq8lGC,RO1,sepsi sf. gheorghe,univ. craiova,2024-04-21,1,3
YgYZePF4,RO1,otelul,u. cluj,2024-04-21,1,0
QstyAAo0,RO1,fcsb,fc rapid bucuresti,2024-04-20,2,2
tKyrf3pH,RO1,u craiova 1948,dinamo bucuresti,2024-04-20,1,1
CpXweqVA,RO1,poli iasi,fc voluntari,2024-04-20,3,1
vopu9U06,RO1,farul constanta,cfr cluj,2024-04-19,5,1
veuRcooh,RO1,fc hermannstadt,fc botosani,2024-04-19,1,1
rJjWAjWg,RO1,fc rapid bucuresti,sepsi sf. gheorghe,2024-04-15,0,1
d2hOCC1s,RO1,cfr cluj,fcsb,2024-04-14,0,1
QmPAee4O,RO1,dinamo bucuresti,poli iasi,2024-04-14,1,0
WQP6dykI,RO1,fc botosani,u craiova 1948,2024-04-14,4,1
6ssJa7Gu,RO1,u. cluj,petrolul,2024-04-13,1,2
4vOEfFJU,RO1,fc voluntari,otelul,2024-04-13,1,1
4SiSBWGm,RO1,univ. craiova,farul constanta,2024-04-12,1,2
pYuNbRVo,RO1,uta arad,fc hermannstadt,2024-04-12,1,3
zaWcbcK5,RO1,otelul,dinamo bucuresti,2024-04-08,1,0
INL2cHZB,RO1,poli iasi,u craiova 1948,2024-04-08,0,0
bRCmJEOD,RO1,fcsb,univ. craiova,2024-04-07,2,0
2XIj0Jkg,RO1,fc hermannstadt,u. cluj,2024-04-07,1,1
CUGiIYwK,RO1,fc rapid bucuresti,cfr cluj,2024-04-06,1,4
d8Xgaw5a,RO1,petrolul,fc voluntari,2024-04-06,0,4
fg6dHhgQ,RO1,sepsi sf. gheorghe,farul constanta,2024-04-05,1,1
OtKn1azm,RO1,uta arad,fc botosani,2024-04-05,1,0
jgkYsxzP,RO1,dinamo bucuresti,petrolul,2024-04-01,1,1
ldVddiH0,RO1,farul constanta,fcsb,2024-03-31,0,1
C2jUrIKI,RO1,u craiova 1948,otelul,2024-03-31,1,2
6XP1eBW6,RO1,univ. craiova,fc rapid bucuresti,2024-03-30,2,1
tIUs2uLt,RO1,u. cluj,uta arad,2024-03-30,0,0
fRePqb5C,RO1,fc botosani,poli iasi,2024-03-30,2,1
pOO5fVoD,RO1,sepsi sf. gheorghe,cfr cluj,2024-03-29,1,1
4dwG6LCP,RO1,fc voluntari,fc hermannstadt,2024-03-29,1,0
GzcLpvj6,RO1,petrolul,u craiova 1948,2024-03-18,1,0
MDcHoKz0,RO1,uta arad,fc voluntari,2024-03-18,4,3
48TpagXs,RO1,fcsb,sepsi sf. gheorghe,2024-03-17,2,1
AwfDn0Lg,RO1,fc hermannstadt,dinamo bucuresti,2024-03-17,3,0
A5WhcX1f,RO1,cfr cluj,univ. craiova,2024-03-16,1,2
SE48mt6m,RO1,otelul,poli iasi,2024-03-16,1,0
GrXlbDnl,RO1,fc rapid bucuresti,farul constanta,2024-03-15,1,2
lO54lMjs,RO1,u. cluj,fc botosani,2024-03-15,3,0
Kfh0Rjls,RO1,otelul,poli iasi,2024-03-11,1,1
6Bj8PUIg,RO1,u craiova 1948,univ. craiova,2024-03-10,1,2
p2kCOlYa,RO1,fc rapid bucuresti,fcsb,2024-03-09,4,0
EDFXVWuQ,RO1,cfr cluj,fc hermannstadt,2024-03-08,1,0
boi4QA3m,RO1,dinamo bucuresti,uta arad,2024-03-08,1,0
zirPLnII,RO1,fc botosani,farul constanta,2024-03-08,0,0
tUrLMS2C,RO1,fc voluntari,u. cluj,2024-03-08,0,0
SQvHN8m6,RO1,petrolul,sepsi sf. gheorghe,2024-03-08,1,2
ClVYAV30,RO1,univ. craiova,fc rapid bucuresti,2024-03-04,1,1
8GOs99YC,RO1,sepsi sf. gheorghe,fc voluntari,2024-03-04,4,0
juUxAkJ6,RO1,fcsb,petrolul,2024-03-03,1,0
n7No8TmJ,RO1,u. cluj,fc botosani,2024-03-03,1,0
0ABTWCQJ,RO1,farul constanta,cfr cluj,2024-03-02,1,1
xINMDXJs,RO1,fc hermannstadt,otelul,2024-03-02,4,1
IRVUBBlf,RO1,uta arad,u craiova 1948,2024-03-02,3,2
KtDRCiZm,RO1,poli iasi,dinamo bucuresti,2024-03-01,0,0
Qwf4ej4D,RO1,fc voluntari,fcsb,2024-02-29,1,2
Czj0dWl7,RO1,petrolul,univ. craiova,2024-02-29,2,3
SrYnKZtE,RO1,fc botosani,sepsi sf. gheorghe,2024-02-29,1,2
IDjdcCZ0,RO1,fc rapid bucuresti,uta arad,2024-02-28,4,1
z9yeIDBQ,RO1,u. cluj,farul constanta,2024-02-28,1,0
6ZWjJgdK,RO1,otelul,cfr cluj,2024-02-27,2,2
bBzeaY4l,RO1,dinamo bucuresti,fc hermannstadt,2024-02-27,1,0
vNihbhKf,RO1,u craiova 1948,poli iasi,2024-02-27,1,1
UPH2KsYh,RO1,unirea slobozia,fc voluntari,2025-06-02,2,0
Iolp20IO,RO1,metaloglobus bucharest,poli iasi,2025-06-01,1,0
MaEfM33t,RO1,fc voluntari,unirea slobozia,2025-05-26,2,1
ALpx4MmC,RO1,poli iasi,metaloglobus bucharest,2025-05-25,1,1
KdHhO9Qr,RO1,univ. craiova,dinamo bucuresti,2025-05-24,2,1
GOA1Mmee,RO1,u. cluj,fc rapid bucuresti,2025-05-24,2,2
OCGNTV2L,RO1,cfr cluj,fcsb,2025-05-23,1,1
2cSEViY8,RO1,fc rapid bucuresti,cfr cluj,2025-05-19,1,4
jHiIfRhK,RO1,fc botosani,fc hermannstadt,2025-05-18,2,1
A1Ylk5Gs,RO1,poli iasi,petrolul,2025-05-18,0,2
bN4WWN0D,RO1,unirea slobozia,sepsi sf. gheorghe,2025-05-18,2,1
vPtK9ABk,RO1,fcsb,univ. craiova,2025-05-17,1,0
xEP5oNF6,RO1,uta arad,gloria buzau,2025-05-17,0,0
zizT7lt2,RO1,dinamo bucuresti,u. cluj,2025-05-16,1,3
Gbycmqof,RO1,otelul,farul constanta,2025-05-16,0,0
8xKnSIRG,RO1,dinamo bucuresti,fc rapid bucuresti,2025-05-12,0,0
pdMqtSwR,RO1,petrolul,otelul,2025-05-12,1,3
6DNVV0Si,RO1,u. cluj,fcsb,2025-05-11,0,2
EwRwUvc4,RO1,univ. craiova,cfr cluj,2025-05-10,2,2
xWIyrl9E,RO1,fc hermannstadt,poli iasi,2025-05-10,1,0
UTcGz61l,RO1,farul constanta,uta arad,2025-05-10,1,2
MNzkKpH7,RO1,sepsi sf. gheorghe,fc botosani,2025-05-09,2,0
2eBNYqW0,RO1,gloria buzau,unirea slobozia,2025-05-09,0,3
zXwCFurB,RO1,fcsb,dinamo bucuresti,2025-05-05,3,1
OSh2TlfL,RO1,uta arad,petrolul,2025-05-05,2,0
2D4gVAP8,RO1,otelul,fc hermannstadt,2025-05-04,1,2
fZgDDJCN,RO1,cfr cluj,u. cluj,2025-05-03,1,0
fBqYNSHr,RO1,farul constanta,gloria buzau,2025-05-03,1,0
lAxsM6ne,RO1,fc botosani,unirea slobozia,2025-05-03,1,1
QHpq8czo,RO1,univ. craiova,fc rapid bucuresti,2025-05-02,1,2
z7C777X1,RO1,poli iasi,sepsi sf. gheorghe,2025-05-02,0,0
6ineJNrn,RO1,dinamo bucuresti,cfr cluj,2025-04-28,1,1
ljtQTcl4,RO1,petrolul,farul constanta,2025-04-28,0,1
GS6oaKcU,RO1,fc rapid bucuresti,fcsb,2025-04-27,1,2
G4d69T2k,RO1,gloria buzau,fc botosani,2025-04-27,0,2
2Ju4H1Db,RO1,u. cluj,univ. craiova,2025-04-26,2,1
tQxIVJJi,RO1,fc hermannstadt,uta arad,2025-04-26,3,0
0UaV7GRp,RO1,sepsi sf. gheorghe,otelul,2025-04-25,0,3
pIZYRyJG,RO1,unirea slobozia,poli iasi,2025-04-25,1,1
250V22b5,RO1,dinamo bucuresti,univ. craiova,2025-04-21,0,2
GO2qHK4b,RO1,petrolul,gloria buzau,2025-04-21,4,0
6w7M4OTh,RO1,fcsb,cfr cluj,2025-04-20,3,2
p4f0Dx4N,RO1,poli iasi,fc botosani,2025-04-20,3,0
fDIx1tTH,RO1,fc rapid bucuresti,u. cluj,2025-04-19,0,2
Kd9zJtzn,RO1,farul constanta,fc hermannstadt,2025-04-19,1,1
jsZQbwkU,RO1,uta arad,sepsi sf. gheorghe,2025-04-18,1,1
lx1iFbZA,RO1,otelul,unirea slobozia,2025-04-18,2,0
YP8E6pat,RO1,cfr cluj,fc rapid bucuresti,2025-04-14,1,1
M1sA2Lk5,RO1,fc botosani,otelul,2025-04-14,0,1
8rudl3qC,RO1,univ. craiova,fcsb,2025-04-13,0,0
QZm14sLh,RO1,unirea slobozia,uta arad,2025-04-13,2,1
faw4nsEO,RO1,u. cluj,dinamo bucuresti,2025-04-12,2,4
EeYp2ivP,RO1,sepsi sf. gheorghe,farul constanta,2025-04-12,1,4
hMkg63jt,RO1,fc hermannstadt,petrolul,2025-04-11,1,1
URpI0aKH,RO1,gloria buzau,poli iasi,2025-04-11,0,1
v3muhopm,RO1,cfr cluj,univ. craiova,2025-04-07,2,0
xjwM7eAm,RO1,farul constanta,unirea slobozia,2025-04-07,1,1
nTjmjPEa,RO1,fc rapid bucuresti,dinamo bucuresti,2025-04-06,1,0
8KKcDHnQ,RO1,fc hermannstadt,gloria buzau,2025-04-06,0,2
KI68c7MP,RO1,fcsb,u. cluj,2025-04-05,1,0
pGtU5Zv0,RO1,uta arad,fc botosani,2025-04-05,1,0
GQXBkEfJ,RO1,petrolul,sepsi sf. gheorghe,2025-04-04,2,1
6VUx4D9C,RO1,otelul,poli iasi,2025-04-04,1,0
YPQDyQa6,RO1,u. cluj,cfr cluj,2025-03-31,1,0
Kbv3izQ6,RO1,gloria buzau,otelul,2025-03-31,0,2
QaN5wnVg,RO1,dinamo bucuresti,fcsb,2025-03-30,1,2
CYzegdef,RO1,poli iasi,uta arad,2025-03-30,4,0
SOJMZ3UI,RO1,fc rapid bucuresti,univ. craiova,2025-03-29,1,2
jJnneIQs,RO1,fc botosani,farul constanta,2025-03-29,4,3
WvwSkNl2,RO1,sepsi sf. gheorghe,fc hermannstadt,2025-03-28,0,2
nmLEDQt9,RO1,unirea slobozia,petrolul,2025-03-28,0,0
ChaXVScT,RO1,sepsi sf. gheorghe,gloria buzau,2025-03-17,1,2
lx99KRP7,RO1,fcsb,fc rapid bucuresti,2025-03-16,3,3
hjqWXlTG,RO1,uta arad,otelul,2025-03-16,2,0
KxoOZAb4,RO1,fc hermannstadt,unirea slobozia,2025-03-16,1,1
bo7PcGG8,RO1,cfr cluj,dinamo bucuresti,2025-03-15,3,1
OAiFyXTi,RO1,farul constanta,poli iasi,2025-03-15,0,0
4pZdu80s,RO1,univ. craiova,u. cluj,2025-03-14,3,0
d4aTDTyo,RO1,petrolul,fc botosani,2025-03-14,0,2
KlRRjmu1,RO1,uta arad,dinamo bucuresti,2025-03-10,0,2
Yii15nff,RO1,fc botosani,unirea slobozia,2025-03-10,1,0
6s7MCU1K,RO1,fcsb,univ. craiova,2025-03-09,1,0
CONJh9Al,RO1,cfr cluj,gloria buzau,2025-03-09,6,0
EmKzkR9D,RO1,fc hermannstadt,fc rapid bucuresti,2025-03-08,1,0
SjnmbVnR,RO1,petrolul,sepsi sf. gheorghe,2025-03-08,1,0
QRmg78Ps,RO1,farul constanta,u. cluj,2025-03-07,1,1
f7uA3QO6,RO1,otelul,poli iasi,2025-03-07,2,3
K474mEY8,RO1,dinamo bucuresti,fc hermannstadt,2025-03-03,2,0
8G0JPAt2,RO1,gloria buzau,uta arad,2025-03-03,1,1
tKeDoh3L,RO1,fc rapid bucuresti,fcsb,2025-03-02,0,0
KQru0iIE,RO1,poli iasi,petrolul,2025-03-02,1,0
C2nqtWQr,RO1,univ. craiova,farul constanta,2025-03-01,1,0
8UuhvAee,RO1,u. cluj,fc botosani,2025-03-01,0,1
Cl7ARWBk,RO1,sepsi sf. gheorghe,cfr cluj,2025-02-28,1,1
trv0xlQ7,RO1,unirea slobozia,otelul,2025-02-28,0,1
pEmTEgSq,RO1,farul constanta,fc rapid bucuresti,2025-02-24,1,3
O0vvypqn,RO1,uta arad,sepsi sf. gheorghe,2025-02-24,1,2
jDVfX1rB,RO1,fcsb,dinamo bucuresti,2025-02-23,2,1
GILvXhlS,RO1,unirea slobozia,poli iasi,2025-02-23,0,0
KjSVYEJF,RO1,cfr cluj,petrolul,2025-02-22,2,0
hviyDXdd,RO1,fc botosani,univ. craiova,2025-02-22,2,2
YZTNzyk3,RO1,otelul,u. cluj,2025-02-21,0,1
IaXnZNDb,RO1,fc hermannstadt,gloria buzau,2025-02-21,2,1
C6Ru0Pde,RO1,cfr cluj,fc rapid bucuresti,2026-03-20,1,0
AgTMuLWh,RO1,fcsb,uta arad,2026-03-20,1,0
4tOX1oSr,RO1,dinamo bucuresti,univ. craiova,2026-03-19,0,1
8Ax2774L,RO1,u. cluj,cfr cluj,2026-03-16,2,1
Yo1GNoGF,RO1,fc botosani,unirea slobozia,2026-03-16,3,2
nBCE3QOq,RO1,fcsb,metaloglobus bucharest,2026-03-15,0,0
KOAM14gd,RO1,farul constanta,petrolul,2026-03-15,2,0
0pZg9TZ8,RO1,fc rapid bucuresti,dinamo bucuresti,2026-03-14,3,2
GSLr9n1M,RO1,otelul,csikszereda m. ciuc,2026-03-14,2,3
8xX8oQs2,RO1,univ. craiova,fc arges,2026-03-13,0,1
QLc8P7o3,RO1,uta arad,fc hermannstadt,2026-03-13,3,2
xxOq68ZQ,RO1,cfr cluj,dinamo bucuresti,2026-03-09,2,0
EHHNbQR0,RO1,fc rapid bucuresti,univ. craiova,2026-03-08,1,1
h2TE0ncl,RO1,fc arges,unirea slobozia,2026-03-08,0,0
hlltnmre,RO1,otelul,fc hermannstadt,2026-03-08,0,2
6XkYm9Dr,RO1,fcsb,u. cluj,2026-03-07,1,3
lGskpRC7,RO1,fc botosani,petrolul,2026-03-07,0,1
MaE1gVkL,RO1,metaloglobus bucharest,uta arad,2026-03-07,2,2
tAUz8U4E,RO1,csikszereda m. ciuc,farul constanta,2026-03-06,1,0
bRS6XmT1,RO1,unirea slobozia,fc rapid bucuresti,2026-03-02,1,2
8OAawJaN,RO1,uta arad,fcsb,2026-03-01,2,4
QDUbZ9bk,RO1,dinamo bucuresti,fc arges,2026-03-01,0,1
QF9Igvp4,RO1,petrolul,csikszereda m. ciuc,2026-03-01,1,1
YuDQiIEG,RO1,farul constanta,cfr cluj,2026-02-28,1,2
EZAgeiL8,RO1,univ. craiova,metaloglobus bucharest,2026-02-28,2,1
xfTNXdNp,RO1,u. cluj,otelul,2026-02-27,4,0
40L9e0Fi,RO1,fc hermannstadt,fc botosani,2026-02-27,3,1
vqJrs10b,RO1,fcsb,metaloglobus bucharest,2026-02-23,4,1
OC6BrgK5,RO1,csikszereda m. ciuc,fc hermannstadt,2026-02-23,2,1
zBCiuuVA,RO1,unirea slobozia,univ. craiova,2026-02-22,0,3
Qy3SvBJU,RO1,fc arges,farul constanta,2026-02-22,1,0
WIFzqNVo,RO1,fc rapid bucuresti,dinamo bucuresti,2026-02-21,2,1
Kv0KtXlI,RO1,cfr cluj,petrolul,2026-02-21,2,1
ja83pFkg,RO1,fc botosani,u. cluj,2026-02-20,1,3
fXEfnyLt,RO1,otelul,uta arad,2026-02-20,2,2
42jxUg5C,RO1,dinamo bucuresti,unirea slobozia,2026-02-16,1,0
4lB3FfjJ,RO1,fc hermannstadt,cfr cluj,2026-02-16,0,1
QHvoSXZO,RO1,univ. craiova,fcsb,2026-02-15,1,0
0AgLXy6m,RO1,farul constanta,fc rapid bucuresti,2026-02-15,3,1
z9JnJxif,RO1,uta arad,fc botosani,2026-02-15,2,1
dO7eHGL6,RO1,u. cluj,csikszereda m. ciuc,2026-02-14,4,1
dxmUVFz0,RO1,metaloglobus bucharest,otelul,2026-02-14,0,1
4v8kwbrQ,RO1,petrolul,fc arges,2026-02-13,2,1
SrGvLbMs,RO1,dinamo bucuresti,univ. craiova,2026-02-09,1,1
A7yEw7x9,RO1,otelul,fcsb,2026-02-08,1,4
MoeJHPFk,RO1,fc botosani,metaloglobus bucharest,2026-02-08,3,0
OjDWQTh3,RO1,cfr cluj,u. cluj,2026-02-07,3,2
8rVq3Q0d,RO1,csikszereda m. ciuc,uta arad,2026-02-07,2,0
IDlSF3p2,RO1,unirea slobozia,farul constanta,2026-02-07,2,1
j34mNohS,RO1,fc rapid bucuresti,petrolul,2026-02-06,1,1
UmGvP7NF,RO1,fc arges,fc hermannstadt,2026-02-06,3,1
rJxbCUwA,RO1,fcsb,fc botosani,2026-02-05,2,1
zVWy5nWq,RO1,univ. craiova,otelul,2026-02-05,1,0
Gpj5A88M,RO1,farul constanta,dinamo bucuresti,2026-02-04,2,3
80OFaif4,RO1,uta arad,cfr cluj,2026-02-04,0,1
fcd3jmHj,RO1,metaloglobus bucharest,csikszereda m. ciuc,2026-02-04,0,1
zDFWe9gT,RO1,fc hermannstadt,fc rapid bucuresti,2026-02-03,0,3
2aHOcVOG,RO1,u. cluj,fc arges,2026-02-03,3,1
M3lkEj9c,RO1,petrolul,unirea slobozia,2026-02-03,1,0
KvrLwAXp,RO1,fc botosani,otelul,2026-02-02,0,0
UgylohuB,RO1,fcsb,csikszereda m. ciuc,2026-02-01,1,0
0zL71DPi,RO1,farul constanta,univ. craiova,2026-02-01,4,1
zZSLsJYI,RO1,fc rapid bucuresti,u. cluj,2026-01-31,0,2
EJvDqu46,RO1,fc arges,uta arad,2026-01-31,0,1
dtwtmEAb,RO1,unirea slobozia,fc hermannstadt,2026-01-31,2,3
ldikqW9N,RO1,dinamo bucuresti,petrolul,2026-01-30,1,1
0EqXlztn,RO1,cfr cluj,metaloglobus bucharest,2026-01-30,4,2
vPSrt6cE,RO1,uta arad,fc rapid bucuresti,2026-01-26,1,2
UDsRhqsK,RO1,otelul,csikszereda m. ciuc,2026-01-26,3,0
Sl1WW1K0,RO1,fcsb,cfr cluj,2026-01-25,1,4
QqTdmN4s,RO1,petrolul,farul constanta,2026-01-25,0,1
MBM5o1Zg,RO1,univ. craiova,fc botosani,2026-01-24,2,0
6ZCNYNkl,RO1,u. cluj,unirea slobozia,2026-01-24,1,0
E5avVukD,RO1,fc hermannstadt,dinamo bucuresti,2026-01-23,1,2
ziMivpSQ,RO1,metaloglobus bucharest,fc arges,2026-01-23,0,2
nVucI257,RO1,petrolul,univ. craiova,2026-01-19,0,4
h841TSD8,RO1,dinamo bucuresti,u. cluj,2026-01-18,1,0
0Y79R6rL,RO1,cfr cluj,otelul,2026-01-18,1,0
hWnlKOze,RO1,csikszereda m. ciuc,fc botosani,2026-01-18,1,0
t0y47STk,RO1,fc rapid bucuresti,metaloglobus bucharest,2026-01-17,1,0
p6qtMp6r,RO1,farul constanta,fc hermannstadt,2026-01-17,1,1
MFfXCl6S,RO1,unirea slobozia,uta arad,2026-01-17,1,3
EDZB56b2,RO1,fc arges,fcsb,2026-01-16,1,0
EkiPEAyG,RO1,univ. craiova,csikszereda m. ciuc,2025-12-22,5,0
4G1uFJVb,RO1,fcsb,fc rapid bucuresti,2025-12-21,2,1
WUHLfkpp,RO1,u. cluj,farul constanta,2025-12-21,1,0
hz3GGW63,RO1,fc hermannstadt,petrolul,2025-12-21,1,1
EowNdxGU,RO1,uta arad,dinamo bucuresti,2025-12-20,2,0
0relDc0B,RO1,otelul,fc arges,2025-12-20,2,1
Ia3XGu1n,RO1,metaloglobus bucharest,unirea slobozia,2025-12-20,2,3
SdBUhTEd,RO1,fc botosani,cfr cluj,2025-12-19,0,1
ph6XoL1C,RO1,unirea slobozia,fcsb,2025-12-15,0,2
IPnOk32m,RO1,farul constanta,uta arad,2025-12-15,1,1
6LZEbboI,RO1,fc hermannstadt,univ. craiova,2025-12-14,0,2
xS2PmsXa,RO1,dinamo bucuresti,metaloglobus bucharest,2025-12-14,4,0
xtrb2tng,RO1,petrolul,u. cluj,2025-12-14,0,1
67ftpaWO,RO1,fc rapid bucuresti,otelul,2025-12-13,0,2
dWZk42Ht,RO1,fc arges,fc botosani,2025-12-13,0,0
Agt60KG5,RO1,cfr cluj,csikszereda m. ciuc,2025-12-12,3,1
x6Rly4mf,RO1,fc botosani,fc rapid bucuresti,2025-12-08,0,0
O21FM4Y0,RO1,uta arad,petrolul,2025-12-08,1,0
Mg1hePvQ,RO1,univ. craiova,cfr cluj,2025-12-07,1,1
KUfOKr3D,RO1,metaloglobus bucharest,farul constanta,2025-12-07,2,1
6oJ5XLnJ,RO1,u. cluj,fc hermannstadt,2025-12-07,3,0
UcHgCGwA,RS1,novi pazar,imt novi beograd,2022-05-29,0,2
MXDoEx9c,RS1,radnicki 1923,zeleznicar pancevo,2022-05-29,0,1
GfDkDdO3,RS1,imt novi beograd,novi pazar,2022-05-25,1,3
rsFsFIgi,RS1,zeleznicar pancevo,radnicki 1923,2022-05-25,1,3
xv72SlyB,RS1,crvena zvezda,vozdovac,2022-05-22,3,1
fF17R8jH,RS1,partizan,radnicki nis,2022-05-22,2,0
Q1Ov90zj,RS1,tsc,vojvodina,2022-05-22,0,2
n9MX4lvt,RS1,mladost,sp. subotica,2022-05-20,2,1
fZPu3S8h,RS1,proleter,novi pazar,2022-05-20,0,2
0CQy48gn,RS1,radnicki 1923,metalac,2022-05-20,1,2
WvPzAtLq,RS1,cukaricki,napredak,2022-05-19,0,0
YPOq2nOb,RS1,radnik,kolubara,2022-05-19,3,0
4Q8fUA6b,RS1,vozdovac,partizan,2022-05-16,0,3
8bFoWWyn,RS1,napredak,crvena zvezda,2022-05-15,0,1
bm8bTUL4,RS1,vojvodina,cukaricki,2022-05-15,0,3
8vLLcXWC,RS1,novi pazar,radnik,2022-05-15,0,1
0EHDag20,RS1,metalac,mladost,2022-05-14,0,3
v5GHbDH6,RS1,sp. subotica,radnicki 1923,2022-05-14,2,1
nVJPdinJ,RS1,kolubara,proleter,2022-05-14,1,0
jN4jVjih,RS1,radnicki nis,tsc,2022-05-13,2,0
U7GsXCMu,RS1,cukaricki,vozdovac,2022-05-09,0,0
AqwZ6yAQ,RS1,mladost,radnik,2022-05-08,2,3
ChP02eIs,RS1,sp. subotica,kolubara,2022-05-08,2,1
6FO41FXm,RS1,radnicki 1923,proleter,2022-05-08,2,1
IkS80Znf,RS1,metalac,novi pazar,2022-05-07,0,3
WIyUDkMH,RS1,crvena zvezda,radnicki nis,2022-05-07,4,1
hYPxCTjU,RS1,partizan,vojvodina,2022-05-07,2,1
EsRYC9yO,RS1,tsc,napredak,2022-05-06,2,0
p2ZHGixa,RS1,cukaricki,radnicki nis,2022-05-02,0,0
EHqQ8cuE,RS1,proleter,metalac,2022-05-02,0,0
0EerpE2D,RS1,radnik,sp. subotica,2022-05-02,2,0
OhYLFBi5,RS1,napredak,partizan,2022-05-01,0,3
IFXPEV6B,RS1,tsc,vozdovac,2022-05-01,1,1
SQvDHXMh,RS1,vojvodina,crvena zvezda,2022-05-01,0,3
nBivofm7,RS1,kolubara,mladost,2022-04-30,3,0
h8rU7HfK,RS1,novi pazar,radnicki 1923,2022-04-30,2,1
4n2ZozY0,RS1,sp. subotica,proleter,2022-04-28,3,1
Qe3VnGIf,RS1,radnik,metalac,2022-04-28,3,3
GnPdFstP,RS1,crvena zvezda,cukaricki,2022-04-27,1,0
lzt9ID7n,RS1,vozdovac,napredak,2022-04-27,3,0
fDt5Jght,RS1,partizan,tsc,2022-04-27,4,1
vu5Nlxlr,RS1,mladost,radnicki 1923,2022-04-26,0,0
KKkwOZqP,RS1,radnicki nis,vojvodina,2022-04-26,1,0
IV3Rmd3l,RS1,kolubara,novi pazar,2022-04-26,1,3
8MLlH3BC,RS1,vozdovac,vojvodina,2022-04-21,2,1
YcSfgIuR,RS1,metalac,sp. subotica,2022-04-21,1,1
nsQrdKe8,RS1,novi pazar,mladost,2022-04-21,1,1
QXOnevBE,RS1,radnicki 1923,kolubara,2022-04-21,1,2
xdQhGNQI,RS1,napredak,radnicki nis,2022-04-20,0,4
UVMpIqd6,RS1,partizan,cukaricki,2022-04-20,3,1
KfOjfbQK,RS1,proleter,radnik,2022-04-20,0,0
n7XuJPt0,RS1,tsc,crvena zvezda,2022-04-20,0,4
Ue6yi7c7,RS1,vojvodina,napredak,2022-04-17,2,0
WYsdYG31,RS1,kolubara,metalac,2022-04-17,2,0
xCrhZdle,RS1,sp. subotica,novi pazar,2022-04-17,1,3
v7DOg9Dl,RS1,crvena zvezda,partizan,2022-04-16,0,0
IemIMJ4k,RS1,mladost,proleter,2022-04-16,0,0
MV2ThTSf,RS1,cukaricki,tsc,2022-04-16,2,3
zZ6Ximr1,RS1,radnicki nis,vozdovac,2022-04-15,0,0
xb3JKcZ1,RS1,radnik,radnicki 1923,2022-04-15,1,1
GUPxGx8D,RS1,napredak,metalac,2022-04-11,1,0
xvRYGIh7,RS1,radnik,novi pazar,2022-04-11,2,0
nkYLJK8l,RS1,vojvodina,proleter,2022-04-11,2,1
tCXPIvOf,RS1,cukaricki,partizan,2022-04-10,0,0
lzthMDUn,RS1,crvena zvezda,radnicki 1923,2022-04-10,4,1
fFyUHbw1,RS1,tsc,vozdovac,2022-04-10,2,1
6BjmNgFt,RS1,mladost,radnicki nis,2022-04-09,2,0
UoTJvMpE,RS1,sp. subotica,kolubara,2022-04-09,4,3
8bZHK0gr,RS1,proleter,cukaricki,2022-04-04,1,1
lEhoQMVK,RS1,vozdovac,radnik,2022-04-04,4,0
rHkwSr18,RS1,metalac,sp. subotica,2022-04-02,2,0
2LCj4u91,RS1,radnicki nis,crvena zvezda,2022-04-02,1,5
S4ikPtoR,RS1,partizan,tsc,2022-04-02,2,0
Yo8n5Lge,RS1,radnicki 1923,vojvodina,2022-04-02,3,2
tCBf3aO7,RS1,kolubara,mladost,2022-04-01,2,2
figsR2GE,RS1,novi pazar,napredak,2022-04-01,1,0
MoD6EPW8,RS1,radnik,partizan,2022-03-21,1,2
CWJw7sPr,RS1,crvena zvezda,kolubara,2022-03-20,3,0
zBSBBNGR,RS1,mladost,metalac,2022-03-20,3,3
tlT7C31L,RS1,sp. subotica,novi pazar,2022-03-20,1,2
UiQKjMv2,RS1,vojvodina,cukaricki,2022-03-19,1,2
2cU3DqnF,RS1,napredak,vozdovac,2022-03-19,1,3
fe9r61vk,RS1,radnicki 1923,radnicki nis,2022-03-19,0,0
reE2F5H2,RS1,tsc,proleter,2022-03-18,2,1
tSiXaQHF,RS1,metalac,crvena zvezda,2022-03-14,1,2
OjsxapXL,RS1,novi pazar,mladost,2022-03-14,0,0
2sttb4nS,RS1,vozdovac,sp. subotica,2022-03-13,1,1
fZX7gOfq,RS1,partizan,napredak,2022-03-13,0,0
rsZT0629,RS1,kolubara,radnicki 1923,2022-03-13,0,0
GlMGi2Pe,RS1,cukaricki,tsc,2022-03-12,1,1
lKZP1nm3,RS1,radnicki nis,vojvodina,2022-03-12,1,0
YPWBhrAk,RS1,proleter,radnik,2022-03-12,0,2
0bgVu5Qq,RS1,mladost,vozdovac,2022-03-08,2,4
ATzM2SXd,RS1,radnicki nis,kolubara,2022-03-07,1,0
tECboR2M,RS1,napredak,proleter,2022-03-07,1,1
2NDfn7mG,RS1,radnik,cukaricki,2022-03-07,0,0
YBiwvqed,RS1,radnicki 1923,metalac,2022-03-07,1,0
fcEjmmY9,RS1,vojvodina,tsc,2022-03-06,0,1
fLhZvPuj,RS1,crvena zvezda,novi pazar,2022-03-06,5,0
Ox23poIS,RS1,sp. subotica,partizan,2022-03-06,0,1
6yYeR5Bj,RS1,partizan,mladost,2022-03-03,2,1
SpZiSodp,RS1,vozdovac,crvena zvezda,2022-03-03,0,3
YsQsk93c,RS1,cukaricki,napredak,2022-03-02,3,0
vNHFozc5,RS1,kolubara,vojvodina,2022-03-02,1,0
YqHJpfCB,RS1,metalac,radnicki nis,2022-03-02,1,1
G6FnlTI3,RS1,tsc,radnik,2022-03-02,0,0
SCuzb3Nk,RS1,radnicki nis,fk indjija,2023-06-04,3,0
Iwf43PaS,RS1,radnik,graficar beograd,2023-06-04,2,0
vme045pM,RS1,graficar beograd,radnik,2023-05-31,1,1
lMtWbq8q,RS1,fk indjija,radnicki nis,2023-05-31,3,1
tj2Yhygq,RS1,crvena zvezda,novi pazar,2023-05-28,2,2
lG5tiFNe,RS1,cukaricki,radnicki 1923,2023-05-28,2,1
Kt1xhe8k,RS1,tsc,vojvodina,2023-05-28,1,1
S64pjZx2,RS1,partizan,vozdovac,2023-05-27,2,1
xO0Brmz8,RS1,kolubara,radnicki nis,2023-05-27,2,1
pQs25AsL,RS1,mladost,mladost gat,2023-05-27,2,1
21hc6jSE,RS1,napredak,javor,2023-05-27,0,1
jRlg7WC8,RS1,sp. subotica,radnik,2023-05-27,2,2
bX17qTK1,RS1,javor,mladost,2023-05-22,0,1
td72p95e,RS1,mladost gat,napredak,2023-05-22,0,0
258bokjk,RS1,radnicki nis,sp. subotica,2023-05-22,0,1
8r9fnVzq,RS1,radnik,kolubara,2023-05-22,2,1
lhNg0J09,RS1,novi pazar,tsc,2023-05-21,1,4
SrMcawGF,RS1,vozdovac,cukaricki,2023-05-21,1,1
MVjc1ao3,RS1,vojvodina,partizan,2023-05-21,2,2
ruhg2uWd,RS1,radnicki 1923,crvena zvezda,2023-05-20,1,1
A7TJhXcF,RS1,radnicki nis,javor,2023-05-15,3,2
WMHSjBSR,RS1,radnik,mladost gat,2023-05-15,1,1
lbSNiiDL,RS1,sp. subotica,mladost,2023-05-15,2,0
Y9A2uIOq,RS1,partizan,radnicki 1923,2023-05-14,2,1
GWEGgDr9,RS1,kolubara,napredak,2023-05-14,2,2
GYa7vxvj,RS1,tsc,vozdovac,2023-05-13,2,0
W0OzpbGS,RS1,crvena zvezda,vojvodina,2023-05-13,2,1
Uy4Bwdgd,RS1,cukaricki,novi pazar,2023-05-13,4,0
zyxUV9j2,RS1,mladost,radnik,2023-05-09,2,0
MXXPWkyd,RS1,napredak,radnicki nis,2023-05-09,1,2
tCVNn0W9,RS1,partizan,novi pazar,2023-05-08,2,0
dOTBk2ni,RS1,vozdovac,crvena zvezda,2023-05-08,0,2
zFSFlM1c,RS1,cukaricki,vojvodina,2023-05-08,1,0
UySJmtH3,RS1,radnicki 1923,tsc,2023-05-08,1,4
SAYLXVLk,RS1,javor,kolubara,2023-05-07,2,0
xtGCfgT2,RS1,mladost gat,sp. subotica,2023-05-07,1,1
UZhovYrM,RS1,javor,mladost gat,2023-05-02,0,0
tGoPRbfp,RS1,tsc,partizan,2023-05-01,1,3
zDgsuETF,RS1,kolubara,sp. subotica,2023-05-01,0,3
8QikwhbS,RS1,napredak,radnik,2023-04-30,0,1
AXfgXKWM,RS1,crvena zvezda,cukaricki,2023-04-30,4,0
lKZHYB6q,RS1,radnicki nis,mladost,2023-04-30,1,2
OzacWvnT,RS1,vojvodina,vozdovac,2023-04-29,2,0
K6pTQI9j,RS1,novi pazar,radnicki 1923,2023-04-29,0,1
218xy3Xc,RS1,tsc,cukaricki,2023-04-27,1,0
OxjwtfE9,RS1,radnik,radnicki nis,2023-04-27,1,0
2N1UsGqc,RS1,sp. subotica,javor,2023-04-27,3,2
tE0Ytza3,RS1,mladost,napredak,2023-04-26,0,1
KxJXyqIi,RS1,partizan,crvena zvezda,2023-04-26,0,0
th7tzNn4,RS1,novi pazar,vozdovac,2023-04-26,0,1
lI6pZt2A,RS1,radnicki 1923,vojvodina,2023-04-26,2,2
E78nJW6d,RS1,mladost gat,kolubara,2023-04-25,1,0
hWQoEuQp,RS1,cukaricki,partizan,2023-04-23,1,0
zH9rKCij,RS1,javor,radnik,2023-04-23,0,0
jNvKILHT,RS1,crvena zvezda,tsc,2023-04-22,4,1
YopFJ12N,RS1,vojvodina,novi pazar,2023-04-22,4,0
GWSBPYTS,RS1,napredak,sp. subotica,2023-04-22,1,0
M9T7QEEM,RS1,kolubara,mladost,2023-04-21,0,1
feoBKsmH,RS1,vozdovac,radnicki 1923,2023-04-21,2,1
hhKwLhxp,RS1,radnicki nis,mladost gat,2023-04-21,0,1
02mfINkI,RS1,cukaricki,partizan,2023-04-20,1,0
zJ46LgHu,RS1,radnik,napredak,2023-04-12,1,0
MBljJ3zC,RS1,radnicki nis,javor,2023-04-12,1,0
UyhbHs5O,RS1,vozdovac,tsc,2023-04-11,1,3
8Sj2G1KU,RS1,vojvodina,novi pazar,2023-04-11,2,0
MZ6IIi1b,RS1,crvena zvezda,radnicki 1923,2023-04-10,2,0
rq8EJXoh,RS1,kolubara,sp. subotica,2023-04-10,2,1
lM8AKDWo,RS1,mladost,mladost gat,2023-04-10,0,0
vmaoKqL5,RS1,javor,cukaricki,2023-04-07,1,2
YkdwM5jg,RS1,tsc,vojvodina,2023-04-07,1,1
88OG44LI,RS1,radnicki 1923,radnicki nis,2023-04-07,1,0
facZMoym,RS1,novi pazar,radnik,2023-04-06,1,0
zFG2S7DP,RS1,mladost gat,kolubara,2023-04-05,0,0
MBSK3OzP,RS1,sp. subotica,crvena zvezda,2023-04-05,1,4
SCesLP5a,RS1,partizan,vozdovac,2023-04-05,1,0
xO2UNRLt,RS1,napredak,mladost,2023-04-04,0,0
nD6KSG78,RS1,radnicki nis,cukaricki,2023-04-02,0,2
W2Xe9S6m,RS1,radnik,tsc,2023-04-02,0,1
IaTiA8is,RS1,vojvodina,partizan,2023-04-01,2,1
ngz86Qj6,RS1,crvena zvezda,mladost gat,2023-04-01,4,2
Q35ORzNE,RS1,vozdovac,javor,2023-04-01,0,1
QqZB5p6C,RS1,radnicki 1923,sp. subotica,2023-04-01,2,2
ERM08nMg,RS1,mladost,novi pazar,2023-03-31,1,3
hIL476y0,RS1,kolubara,napredak,2023-03-31,0,1
AeNy4XU7,RS1,cukaricki,vozdovac,2023-03-19,3,1
tzpgCeNR,RS1,napredak,crvena zvezda,2023-03-19,1,1
Y9toEHhF,RS1,sp. subotica,radnicki nis,2023-03-19,0,1
Q7LP6Zpk,RS1,tsc,mladost,2023-03-18,2,1
W4OX4DF1,RS1,javor,vojvodina,2023-03-18,1,1
rqWK7FVr,RS1,novi pazar,kolubara,2023-03-18,0,1
C0ukDy8L,RS1,mladost gat,radnicki 1923,2023-03-17,1,2
xrPT5g0e,RS1,partizan,radnik,2023-03-17,1,2
pl0jhzWe,RS1,kolubara,tsc,2023-03-13,0,1
4xqggGGk,RS1,mladost,partizan,2023-03-12,0,3
Ovafifo2,RS1,crvena zvezda,novi pazar,2023-03-12,5,1
f3gJaIwM,RS1,radnicki nis,vozdovac,2023-03-12,2,3
Qopkfd1q,RS1,radnik,javor,2023-03-12,0,0
joitFcw9,RS1,sp. subotica,mladost gat,2023-03-11,0,0
86cNbxgS,RS1,vojvodina,cukaricki,2023-03-11,3,2
xrmxGwO2,RS1,radnicki 1923,napredak,2023-03-11,3,0
QN1230vc,RS1,partizan,kolubara,2023-03-08,1,1
OINJvH1d,RS1,tsc,crvena zvezda,2023-03-07,1,2
U1JpoJOS,RS1,mladost gat,radnicki nis,2023-03-06,0,0
4E062Kg3,RS1,javor,mladost,2023-03-06,1,1
QX4Gucnj,RS1,novi pazar,radnicki 1923,2023-03-06,1,0
2Hbx0HMP,RS1,zeleznicar pancevo,fk indjija,2024-06-03,2,0
GOIsvz06,RS1,javor,tekstilac odzaci,2024-06-03,1,1
ANBjxEUI,RS1,fk indjija,zeleznicar pancevo,2024-05-30,1,2
8bFZudVg,RS1,tekstilac odzaci,javor,2024-05-29,1,0
0hdlGHZh,RS1,crvena zvezda,cukaricki,2024-05-25,4,1
OY5wfRIj,RS1,vojvodina,mladost,2024-05-25,1,0
dKkcEe45,RS1,partizan,radnicki 1923,2024-05-25,2,2
z7zq8ZaM,RS1,javor,zeleznicar pancevo,2024-05-24,1,1
EinzAeV9,RS1,novi pazar,radnicki nis,2024-05-24,2,1
6kRE2DNq,RS1,sp. subotica,imt novi beograd,2024-05-24,1,1
2HKN0ihd,RS1,vozdovac,radnik,2024-05-24,3,2
UXm5CZYH,RS1,tsc,napredak,2024-05-23,6,0
6yntlE8j,RS1,radnik,sp. subotica,2024-05-18,0,0
MqUSBH0c,RS1,imt novi beograd,vozdovac,2024-05-18,2,1
A50AgzoT,RS1,radnicki nis,javor,2024-05-18,1,2
Ew71edGG,RS1,zeleznicar pancevo,novi pazar,2024-05-18,3,1
OCIWczKO,RS1,cukaricki,partizan,2024-05-17,0,1
SQrsIw5t,RS1,mladost,tsc,2024-05-17,2,0
KKLF1IKa,RS1,napredak,crvena zvezda,2024-05-16,0,4
GnFOadkC,RS1,radnicki 1923,vojvodina,2024-05-16,0,0
SM8gcIo4,RS1,zeleznicar pancevo,radnik,2024-05-13,4,0
67KpavHi,RS1,javor,vozdovac,2024-05-13,1,1
v1SbyyPp,RS1,radnicki nis,imt novi beograd,2024-05-13,0,0
KGoStc1N,RS1,novi pazar,sp. subotica,2024-05-13,0,1
2qkkoczJ,RS1,vojvodina,napredak,2024-05-12,5,0
tU0tmJ56,RS1,crvena zvezda,radnicki 1923,2024-05-12,3,2
Uksy90SP,RS1,partizan,mladost,2024-05-12,3,0
n7N73vjm,RS1,tsc,cukaricki,2024-05-12,2,0
2NDEYJjD,RS1,mladost,crvena zvezda,2024-05-08,0,1
Y3cYluyf,RS1,vojvodina,cukaricki,2024-05-08,2,3
E1sXj16s,RS1,napredak,partizan,2024-05-08,3,3
IVe1dNrK,RS1,tsc,radnicki 1923,2024-05-08,4,3
h4fBpu2b,RS1,vozdovac,zeleznicar pancevo,2024-05-07,2,3
n3mKrJWA,RS1,radnik,javor,2024-05-07,0,1
pvi3n1Xo,RS1,sp. subotica,radnicki nis,2024-05-07,3,1
vcverkLU,RS1,imt novi beograd,novi pazar,2024-05-07,0,1
MkNJqpaE,RS1,crvena zvezda,tsc,2024-05-02,2,1
fcA6ztM0,RS1,cukaricki,napredak,2024-05-02,2,0
YsMcx2il,RS1,partizan,vojvodina,2024-05-02,2,3
IHGSsOTQ,RS1,radnicki 1923,mladost,2024-05-02,3,2
QJ5nnXL5,RS1,sp. subotica,zeleznicar pancevo,2024-05-01,1,1
dvEVkFMt,RS1,novi pazar,javor,2024-05-01,1,0
h67vlgig,RS1,imt novi beograd,radnik,2024-05-01,5,2
WWzmpBjI,RS1,radnicki nis,vozdovac,2024-05-01,2,0
nDrHPO7r,RS1,partizan,tsc,2024-04-28,1,2
UezYLt77,RS1,napredak,radnicki 1923,2024-04-28,1,4
SOVrrXN9,RS1,vojvodina,crvena zvezda,2024-04-28,0,0
WbcKrbFD,RS1,zeleznicar pancevo,radnicki nis,2024-04-27,1,1
4n63ntGl,RS1,javor,imt novi beograd,2024-04-27,1,1
p2PWi2hR,RS1,radnik,novi pazar,2024-04-27,1,4
YTtPN2xe,RS1,cukaricki,mladost,2024-04-26,4,1
Aq9BpKp1,RS1,vozdovac,sp. subotica,2024-04-26,0,0
6iCKs3CT,RS1,mladost,napredak,2024-04-22,3,1
ClROgONE,RS1,imt novi beograd,zeleznicar pancevo,2024-04-22,0,0
lAdLZ2Wr,RS1,novi pazar,vozdovac,2024-04-21,0,1
dtqxWKV7,RS1,radnicki nis,radnik,2024-04-21,1,0
APpUXt1e,RS1,sp. subotica,javor,2024-04-21,1,0
KbSzpggc,RS1,crvena zvezda,partizan,2024-04-20,3,2
2Ncjxszi,RS1,tsc,vojvodina,2024-04-20,3,2
ChJBqPsH,RS1,radnicki 1923,cukaricki,2024-04-20,4,3
EZvrokBg,RS1,vozdovac,radnicki 1923,2024-04-15,1,2
A1YjqTu6,RS1,mladost,imt novi beograd,2024-04-15,1,2
hQwnp9Qa,RS1,sp. subotica,javor,2024-04-15,1,0
KCuvnVem,RS1,novi pazar,radnicki nis,2024-04-15,2,2
8xxzmBts,RS1,cukaricki,partizan,2024-04-14,3,2
rFWbs7AI,RS1,crvena zvezda,zeleznicar pancevo,2024-04-14,3,0
lhXfrmeC,RS1,napredak,radnik,2024-04-14,0,2
2ea7iiYP,RS1,vojvodina,tsc,2024-04-14,3,2
0WE8Wkd0,RS1,javor,mladost,2024-04-08,1,0
0dp4ZiCs,RS1,imt novi beograd,napredak,2024-04-08,1,1
zk7LTmtJ,RS1,partizan,novi pazar,2024-04-07,2,0
db8HUTQC,RS1,radnicki nis,vozdovac,2024-04-07,2,1
bmbxvY3Q,RS1,radnik,crvena zvezda,2024-04-07,0,2
EZICV9B6,RS1,radnicki 1923,sp. subotica,2024-04-07,3,1
O403hXIJ,RS1,tsc,cukaricki,2024-04-06,0,0
4QbYvElK,RS1,zeleznicar pancevo,vojvodina,2024-04-06,0,3
ARHsIjs7,RS1,napredak,javor,2024-04-04,3,0
lIGoHAdD,RS1,crvena zvezda,imt novi beograd,2024-04-03,2,0
21EZJCCf,RS1,sp. subotica,radnicki nis,2024-04-03,1,2
KxPUKhcl,RS1,vozdovac,partizan,2024-04-03,2,3
thDwJWR0,RS1,mladost,radnicki 1923,2024-04-03,2,0
jNfUufZD,RS1,zeleznicar pancevo,radnik,2024-04-02,3,1
G6ccw1DF,RS1,vojvodina,cukaricki,2024-04-02,1,1
82LQLYsr,RS1,novi pazar,tsc,2024-04-02,3,4
tl5pt3Td,RS1,partizan,sp. subotica,2024-03-30,1,0
WINgJuMq,RS1,javor,crvena zvezda,2024-03-30,0,3
EsDbIayj,RS1,radnicki 1923,napredak,2024-03-30,3,1
SpH2HJjd,RS1,radnicki nis,mladost,2024-03-30,3,0
U9ySNLDS,RS1,imt novi beograd,zeleznicar pancevo,2024-03-29,1,1
Kv4luNr3,RS1,tsc,vozdovac,2024-03-29,2,0
MqxOO1bM,RS1,radnik,vojvodina,2024-03-29,0,4
xGbgvsb9,RS1,cukaricki,novi pazar,2024-03-29,2,0
h4p7Sqac,RS1,napredak,radnicki nis,2024-03-17,1,0
0UmFQNT9,RS1,zeleznicar pancevo,javor,2024-03-17,0,1
nRqBR3E3,RS1,crvena zvezda,radnicki 1923,2024-03-17,5,0
EDo3TPqi,RS1,mladost,partizan,2024-03-17,1,1
tQGlA2qT,RS1,vojvodina,novi pazar,2024-03-16,1,0
xd2K4t7j,RS1,sp. subotica,tsc,2024-03-16,2,4
b53G5Mip,RS1,vozdovac,cukaricki,2024-03-16,1,1
rgwKPsqG,RS1,radnik,imt novi beograd,2024-03-16,0,1
Ea6UEQUc,RS1,radnicki nis,crvena zvezda,2024-03-13,0,2
hj5YDpp4,RS1,partizan,napredak,2024-03-13,0,1
WzHPF6Fi,RS1,radnicki 1923,zeleznicar pancevo,2024-03-13,3,0
4UOwh3Np,RS1,imt novi beograd,vojvodina,2024-03-12,1,3
IXCLGn0o,RS1,javor,radnik,2024-03-12,2,1
0G8tCOEG,RS1,cukaricki,sp. subotica,2024-03-12,2,2
ruboBrUM,RS1,novi pazar,vozdovac,2024-03-12,2,2
MP9xD4aA,RS1,tsc,mladost,2024-03-12,4,1
zizX7yiC,RS1,napredak,mladost gat,2025-06-01,1,0
nV3kQI6t,RS1,radnicki nis,macva,2025-06-01,2,0
rHwu6FLO,RS1,macva,radnicki nis,2025-05-28,0,0
vPtO9cMa,RS1,mladost gat,napredak,2025-05-28,0,0
Speyo3l3,RS1,ofk beograd mozzart bet,novi pazar,2025-05-25,2,3
CxDlNadd,RS1,partizan,vojvodina,2025-05-25,3,2
KvY9Us4M,RS1,radnicki 1923,tsc,2025-05-25,5,2
vPEtPLRq,RS1,crvena zvezda,mladost,2025-05-24,3,1
z78XRrqH,RS1,imt novi beograd,napredak,2025-05-24,2,1
GGGuQMDT,RS1,radnicki nis,jedinstvo u.,2025-05-24,3,1
St5PT4E4,RS1,sp. subotica,tekstilac odzaci,2025-05-24,2,4
6RGGVQqh,RS1,cukaricki,zeleznicar pancevo,2025-05-23,2,2
d0L5DqUN,RS1,jedinstvo u.,imt novi beograd,2025-05-18,0,3
vLOU7Nio,RS1,napredak,radnicki nis,2025-05-18,2,1
OnNcF5aB,RS1,tekstilac odzaci,cukaricki,2025-05-18,0,3
SKTlHRUb,RS1,zeleznicar pancevo,sp. subotica,2025-05-18,3,0
C8ogYP4c,RS1,mladost,partizan,2025-05-17,0,4
QHCzGrkT,RS1,novi pazar,crvena zvezda,2025-05-17,3,3
p2g7AMCj,RS1,tsc,ofk beograd mozzart bet,2025-05-17,3,2
YNZ1W3Z9,RS1,vojvodina,radnicki 1923,2025-05-17,0,0
EH3F2SF5,RS1,zeleznicar pancevo,napredak,2025-05-12,1,1
KfQtJm0n,RS1,cukaricki,imt novi beograd,2025-05-12,1,1
b5LJJQk4,RS1,partizan,tsc,2025-05-11,1,2
AquPcqTp,RS1,crvena zvezda,vojvodina,2025-05-11,1,1
AqcO06pI,RS1,sp. subotica,radnicki nis,2025-05-11,1,0
h4ESH4KG,RS1,ofk beograd mozzart bet,mladost,2025-05-11,1,0
juIBLnLi,RS1,radnicki 1923,novi pazar,2025-05-10,2,3
Gt0WbpFU,RS1,tekstilac odzaci,jedinstvo u.,2025-05-10,2,3
4pDiGiqC,RS1,radnicki 1923,mladost,2025-05-04,1,1
bXsiIDEa,RS1,novi pazar,partizan,2025-05-04,2,1
t4574log,RS1,jedinstvo u.,sp. subotica,2025-05-04,1,0
pxCb6AGt,RS1,imt novi beograd,zeleznicar pancevo,2025-05-04,0,1
8dYtlT0C,RS1,radnicki nis,tekstilac odzaci,2025-05-03,1,0
6Z2CPeMP,RS1,tsc,crvena zvezda,2025-05-03,1,2
UBMkn7VO,RS1,napredak,cukaricki,2025-05-03,0,1
QJqqKZqm,RS1,ofk beograd mozzart bet,vojvodina,2025-05-02,1,2
KxX5nGP7,RS1,zeleznicar pancevo,radnicki nis,2025-04-28,1,2
vTAQ1hUI,RS1,mladost,novi pazar,2025-04-28,1,1
YHEhAJHE,RS1,cukaricki,sp. subotica,2025-04-28,0,0
44yQiB1m,RS1,napredak,jedinstvo u.,2025-04-28,1,0
IDMH3Ea6,RS1,vojvodina,tsc,2025-04-27,0,3
GlQ07d0s,RS1,partizan,radnicki 1923,2025-04-27,3,1
CGJ95zVg,RS1,crvena zvezda,ofk beograd mozzart bet,2025-04-27,5,2
0WUYkkWa,RS1,imt novi beograd,tekstilac odzaci,2025-04-26,3,1
0CYHctY8,RS1,jedinstvo u.,cukaricki,2025-04-24,4,1
jcukjbQr,RS1,sp. subotica,napredak,2025-04-24,2,1
fBNT8lKl,RS1,radnicki 1923,crvena zvezda,2025-04-23,4,1
GQBx7Sl1,RS1,partizan,ofk beograd mozzart bet,2025-04-23,2,2
2sAp56JD,RS1,mladost,tsc,2025-04-23,2,0
KIvVCIxK,RS1,novi pazar,vojvodina,2025-04-23,0,1
KElJeK2L,RS1,tekstilac odzaci,zeleznicar pancevo,2025-04-22,0,1
CCTclxee,RS1,radnicki nis,imt novi beograd,2025-04-22,1,1
8IoWZxt2,RS1,zeleznicar pancevo,jedinstvo u.,2025-04-14,3,1
CjhNyaBk,RS1,napredak,tekstilac odzaci,2025-04-14,0,1
t81isLmS,RS1,imt novi beograd,sp. subotica,2025-04-13,2,4
OSWcEAdR,RS1,vojvodina,mladost,2025-04-13,3,1
S0wkGWRE,RS1,tsc,novi pazar,2025-04-13,1,2
KhDrqsJF,RS1,cukaricki,radnicki nis,2025-04-13,2,2
z7j3hTZ7,RS1,crvena zvezda,partizan,2025-04-12,2,1
fcrefk5e,RS1,ofk beograd mozzart bet,radnicki 1923,2025-04-12,3,0
GldEaJFd,RS1,cukaricki,imt novi beograd,2025-04-07,0,2
Cjf73mYR,RS1,mladost,vojvodina,2025-04-07,1,3
rB2j7VY2,RS1,novi pazar,radnicki nis,2025-04-07,3,3
ryb61uop,RS1,tsc,zeleznicar pancevo,2025-04-07,1,0
GQDR8NhA,RS1,jedinstvo u.,napredak,2025-04-06,0,0
rZpwbRek,RS1,crvena zvezda,ofk beograd mozzart bet,2025-04-06,3,1
OjHZ61NM,RS1,radnicki 1923,partizan,2025-04-06,0,2
jy6b593F,RS1,tekstilac odzaci,sp. subotica,2025-04-05,2,0
Ami0h28T,RS1,zeleznicar pancevo,cukaricki,2025-03-30,1,2
fi1yb6vh,RS1,sp. subotica,mladost,2025-03-30,0,0
rDXIuPON,RS1,ofk beograd mozzart bet,jedinstvo u.,2025-03-30,3,0
fBPIAqOc,RS1,napredak,radnicki 1923,2025-03-29,1,0
EeOlz3no,RS1,vojvodina,crvena zvezda,2025-03-29,3,5
UXXWntWj,RS1,partizan,tsc,2025-03-29,0,0
t8aqdp94,RS1,radnicki nis,tekstilac odzaci,2025-03-29,1,2
xzghfOwH,RS1,imt novi beograd,novi pazar,2025-03-28,0,0
nTSZuYI6,RS1,novi pazar,zeleznicar pancevo,2025-03-17,3,1
YNXgoTfn,RS1,mladost,radnicki nis,2025-03-16,1,1
v3PRsflf,RS1,cukaricki,partizan,2025-03-16,0,1
novAsofB,RS1,ofk beograd mozzart bet,vojvodina,2025-03-16,3,1
EXu2q7Pb,RS1,crvena zvezda,sp. subotica,2025-03-16,2,1
K09QqGJs,RS1,tsc,napredak,2025-03-16,4,2
8rHrvCmJ,RS1,tekstilac odzaci,imt novi beograd,2025-03-15,1,2
OUNfkxdK,RS1,jedinstvo u.,radnicki 1923,2025-03-14,2,2
ppf4pg9a,RS1,ofk beograd mozzart bet,zeleznicar pancevo,2025-03-12,1,2
hCAAIwLr,RS1,vojvodina,jedinstvo u.,2025-03-09,1,0
Ea4CxaCE,RS1,imt novi beograd,mladost,2025-03-09,3,0
8Mu8RY3D,RS1,radnicki 1923,tsc,2025-03-08,1,3
vsliVG4l,RS1,partizan,novi pazar,2025-03-08,3,2
M5HQEeK7,RS1,radnicki nis,crvena zvezda,2025-03-08,0,3
0dx0TfZ0,RS1,napredak,cukaricki,2025-03-08,2,1
ARcLzwsR,RS1,zeleznicar pancevo,tekstilac odzaci,2025-03-07,3,0
QwOHGHke,RS1,sp. subotica,ofk beograd mozzart bet,2025-03-07,0,1
QeHmDrq3,RS1,cukaricki,radnicki 1923,2025-03-03,1,1
Chky4v6k,RS1,mladost,zeleznicar pancevo,2025-03-03,1,1
nB5dBMDF,RS1,novi pazar,napredak,2025-03-03,2,0
bkP1kuid,RS1,jedinstvo u.,tsc,2025-03-03,4,1
8vZwOacL,RS1,vojvodina,sp. subotica,2025-03-02,1,3
p6mq2Iz2,RS1,crvena zvezda,imt novi beograd,2025-03-02,4,0
fy9490rS,RS1,tekstilac odzaci,partizan,2025-03-02,1,4
0EVVPLS8,RS1,ofk beograd mozzart bet,radnicki nis,2025-03-02,2,0
vm90i1Mq,RS1,tsc,cukaricki,2025-02-27,2,1
CYhKBV7b,RS1,radnicki 1923,novi pazar,2025-02-27,2,0
48kCDiwn,RS1,napredak,tekstilac odzaci,2025-02-27,1,1
8n538fjB,RS1,sp. subotica,radnik,2026-03-20,1,3
fsz6388E,RS1,napredak,ofk beograd mozzart bet,2026-03-16,2,2
27wE1nwR,RS1,radnicki 1923,vojvodina,2026-03-15,0,1
vZiJu5G7,RS1,imt novi beograd,crvena zvezda,2026-03-15,1,2
YeDhf4V0,RS1,zeleznicar pancevo,mladost,2026-03-15,5,0
UN61hr0D,RS1,novi pazar,cukaricki,2026-03-15,1,1
nuFpdQ0l,RS1,partizan,tsc,2026-03-14,2,1
6LgBsRoe,RS1,radnicki nis,sp. subotica,2026-03-14,0,2
CM02qmHr,RS1,radnik,javor,2026-03-14,1,1
nsGlvhu3,RS1,mladost,novi pazar,2026-03-09,0,2
n5byVm2k,RS1,ofk beograd mozzart bet,radnicki 1923,2026-03-09,0,0
jZC5zAvS,RS1,vojvodina,partizan,2026-03-08,3,0
hITyTRW1,RS1,crvena zvezda,napredak,2026-03-08,4,0
KOLNjVO8,RS1,sp. subotica,imt novi beograd,2026-03-08,0,1
tvAWl9gL,RS1,radnik,radnicki nis,2026-03-08,2,2
6ow2Glmd,RS1,javor,cukaricki,2026-03-07,1,0
f7JdxW9F,RS1,tsc,zeleznicar pancevo,2026-03-07,0,0
vDbvOuk5,RS1,imt novi beograd,radnik,2026-03-02,0,0
8hjeKclU,RS1,radnicki 1923,crvena zvezda,2026-03-01,0,2
nw2nMJJH,RS1,napredak,sp. subotica,2026-03-01,1,1
ro5VP1Kh,RS1,radnicki nis,javor,2026-03-01,1,0
x8Q4v1Zo,RS1,partizan,ofk beograd mozzart bet,2026-02-28,1,2
YZJDxu4b,RS1,zeleznicar pancevo,vojvodina,2026-02-28,2,0
0lzfIAIq,RS1,cukaricki,mladost,2026-02-28,3,1
6mILzJYA,RS1,novi pazar,tsc,2026-02-28,2,0
xAeXCfP6,RS1,javor,mladost,2026-02-23,0,0
YyktBYgJ,RS1,tsc,cukaricki,2026-02-22,1,1
GGraRgv0,RS1,crvena zvezda,partizan,2026-02-22,3,0
xWW7PX8C,RS1,sp. subotica,radnicki 1923,2026-02-22,3,3
AX6NRNkt,RS1,radnicki nis,imt novi beograd,2026-02-22,2,1
QVySYynQ,RS1,vojvodina,novi pazar,2026-02-21,0,3
8juiTF9m,RS1,ofk beograd mozzart bet,zeleznicar pancevo,2026-02-21,0,0
pdzGNBwP,RS1,radnik,napredak,2026-02-21,2,1
z5LFb44d,RS1,imt novi beograd,javor,2026-02-16,1,0
UqhPEGff,RS1,mladost,tsc,2026-02-15,1,3
O6VcbeAD,RS1,novi pazar,ofk beograd mozzart bet,2026-02-15,2,1
OQ1AKoRF,RS1,radnicki 1923,radnik,2026-02-15,0,0
8U3GGxQs,RS1,cukaricki,vojvodina,2026-02-14,2,3
jgXk0Hu1,RS1,zeleznicar pancevo,crvena zvezda,2026-02-14,0,3
fRws2wBl,RS1,partizan,sp. subotica,2026-02-14,2,1
2BD1M7d3,RS1,napredak,radnicki nis,2026-02-14,2,4
U3G1imcT,RS1,ofk beograd mozzart bet,cukaricki,2026-02-09,2,0
A100g9SG,RS1,vojvodina,mladost,2026-02-08,5,0
trpK9UCc,RS1,sp. subotica,zeleznicar pancevo,2026-02-08,0,3
vwS60QZq,RS1,imt novi beograd,napredak,2026-02-08,2,0
r7ty6nCM,RS1,radnicki nis,radnicki 1923,2026-02-08,2,1
0n7XoRKj,RS1,crvena zvezda,novi pazar,2026-02-07,5,0
xl2heVc4,RS1,javor,tsc,2026-02-07,0,0
l8mS78sA,RS1,radnik,partizan,2026-02-07,2,3
UsuRvADN,RS1,cukaricki,crvena zvezda,2026-02-01,1,3
tM8qciTi,RS1,tsc,vojvodina,2026-02-01,0,2
xzNJtWrB,RS1,novi pazar,sp. subotica,2026-02-01,2,2
EFGcZmyo,RS1,mladost,ofk beograd mozzart bet,2026-02-01,0,0
t8TArhEb,RS1,zeleznicar pancevo,radnik,2026-01-31,1,0
8fV2pEqn,RS1,partizan,radnicki nis,2026-01-31,0,0
rD1pSWTH,RS1,napredak,javor,2026-01-31,1,2
UTahQAbU,RS1,radnicki 1923,imt novi beograd,2026-01-31,3,1
McDyUha5,RS1,napredak,radnicki 1923,2025-12-22,0,1
Sx59QJhD,RS1,radnik,novi pazar,2025-12-21,1,0
YwC0SuO0,RS1,sp. subotica,cukaricki,2025-12-21,1,3
ttXLZNVQ,RS1,ofk beograd mozzart bet,tsc,2025-12-21,0,1
EX9TVEUh,RS1,imt novi beograd,partizan,2025-12-20,1,0
QD8hU1gl,RS1,crvena zvezda,mladost,2025-12-20,4,0
YFTDyp1E,RS1,javor,vojvodina,2025-12-20,1,2
I5GKXz0t,RS1,radnicki nis,zeleznicar pancevo,2025-12-20,1,0
8z9VmEwA,RS1,radnicki 1923,cukaricki,2025-12-17,3,2
z9BRF2ve,RS1,tsc,crvena zvezda,2025-12-15,0,0
nqwvP6H8,RS1,novi pazar,radnicki nis,2025-12-14,1,0
vsIIHO9r,RS1,mladost,sp. subotica,2025-12-14,0,0
Qwhq3Pfk,RS1,partizan,napredak,2025-12-13,3,2
M5oh13P1,RS1,zeleznicar pancevo,imt novi beograd,2025-12-13,1,0
8M9ZDt97,RS1,vojvodina,ofk beograd mozzart bet,2025-12-13,0,0
U76D8oXR,RS1,radnicki 1923,javor,2025-12-13,1,1
8bRnNpnL,RS1,cukaricki,radnik,2025-12-13,1,1
AZeDLkeA,RS1,sp. subotica,tsc,2025-12-08,1,2
2XzhE7mp,RS1,radnicki nis,cukaricki,2025-12-08,1,2
rmfLJTPM,RS1,radnik,mladost,2025-12-08,0,0
UPm5NBQc,RS1,crvena zvezda,vojvodina,2025-12-07,0,1
Acv0CoId,RS1,imt novi beograd,novi pazar,2025-12-07,2,3
YuD4A72F,RS1,radnicki 1923,partizan,2025-12-07,2,4
nPEdCTX2,RS1,napredak,zeleznicar pancevo,2025-12-07,2,1
2JeJa8Yj,RS1,javor,ofk beograd mozzart bet,2025-12-06,0,1
KK3NfDXA,RS1,crvena zvezda,cukaricki,2025-12-04,3,0
z9Vlyyf4,RS1,mladost,radnicki 1923,2025-12-03,0,2
rVroIGlI,RS1,ofk beograd mozzart bet,crvena zvezda,2025-11-30,3,4
rkRTNKKt,RS1,tsc,radnik,2025-11-30,0,2
A1KNEsrQ,RS1,partizan,javor,2025-11-29,4,0
zq427az0,RS1,novi pazar,napredak,2025-11-29,2,1
z5uwKxK5,RS1,vojvodina,sp. subotica,2025-11-29,2,0
4OeJ3HZO,RS1,mladost,radnicki nis,2025-11-29,2,1
Uo1f9L5m,RS1,zeleznicar pancevo,radnicki 1923,2025-11-29,1,0
dbhB5w5C,RS1,cukaricki,imt novi beograd,2025-11-28,1,1
MuvTh0L6,RS1,radnicki 1923,novi pazar,2025-11-23,0,0
EeCwrq7l,RS1,javor,crvena zvezda,2025-11-23,1,0
dGos24bK,RS1,radnicki nis,tsc,2025-11-23,1,1
SbxDdrMs,RS1,imt novi beograd,mladost,2025-11-23,1,3
8f5ntNy1,RS1,sp. subotica,ofk beograd mozzart bet,2025-11-22,2,2
I7XyivjJ,RS1,partizan,zeleznicar pancevo,2025-11-22,1,3
lEQLfMjf,RS1,napredak,cukaricki,2025-11-22,1,1
t83fv16D,RS1,radnik,vojvodina,2025-11-21,3,1
0A5Nkz9c,RS1,partizan,novi pazar,2025-11-09,2,0
zkPBTqhe,RS1,imt novi beograd,tsc,2025-11-09,1,1
rDL7m5qR,RS1,sp. subotica,crvena zvezda,2025-11-09,2,3
KESzSWGj,RS1,zeleznicar pancevo,javor,2025-11-09,2,0
fiuDRNM7,RS1,radnicki nis,vojvodina,2025-11-08,0,1
2yR3V5Nr,RS1,napredak,mladost,2025-11-08,0,1
McXbkREE,RS1,radnik,ofk beograd mozzart bet,2025-11-08,1,0
8WtwVAsA,SA1,al fayha,al ettifaq,2022-06-27,0,1
Q7yrUUdG,SA1,al hilal,al-faisaly,2022-06-27,2,1
4bznTlCM,SA1,al ittihad,al batin,2022-06-27,0,0
bLZkS8RS,SA1,al nassr,al fateh,2022-06-27,2,1
YDQHNSZq,SA1,al raed,abha,2022-06-27,1,0
GxGMMnkj,SA1,al shabab,al ahli sc,2022-06-27,0,0
fTEQL64d,SA1,al taee,al hazem,2022-06-27,3,0
UurZVjS3,SA1,damac,al taawon,2022-06-27,1,1
l870HiDA,SA1,abha,al fayha,2022-06-23,0,0
2BB4GBSG,SA1,al ahli sc,al raed,2022-06-23,1,3
pz19FVsN,SA1,al batin,damac,2022-06-23,2,1
MFvRXCci,SA1,al ettifaq,al ittihad,2022-06-23,1,3
OQaDEkcT,SA1,al-faisaly,al taee,2022-06-23,1,0
tK1vA95p,SA1,al fateh,al hilal,2022-06-23,0,3
KA0r9TKj,SA1,al hazem,al nassr,2022-06-23,1,4
zJrVWWCc,SA1,al taawon,al shabab,2022-06-23,1,1
6PR1djyo,SA1,al hilal,abha,2022-05-29,2,0
Gf9hJDrb,SA1,al taee,al ittihad,2022-05-29,1,0
l8oV1CDN,SA1,al fayha,al taawon,2022-05-29,0,1
AHnR2hbH,SA1,damac,al fateh,2022-05-29,0,3
KSFqLZDo,SA1,al-faisaly,al ettifaq,2022-05-28,1,1
fo8dIXc4,SA1,al nassr,al ahli sc,2022-05-28,1,1
WWzz1WST,SA1,al raed,al shabab,2022-05-27,0,2
bJEmKgTi,SA1,al hazem,al batin,2022-05-27,2,3
SEWt5NNm,SA1,al ittihad,al hilal,2022-05-23,1,3
2JqLmMhD,SA1,al fayha,damac,2022-05-23,0,0
dWuBAq0Q,SA1,al ahli sc,abha,2022-05-22,1,1
E7j6BPpK,SA1,al fateh,al taee,2022-05-22,1,2
GMX2C5VD,SA1,al raed,al nassr,2022-05-21,0,3
buSx638s,SA1,al ettifaq,al hazem,2022-05-21,5,2
OSpHl2w7,SA1,al shabab,al-faisaly,2022-05-12,1,0
6ijCkrO0,SA1,al taawon,al batin,2022-05-12,1,0
ttF8QZ8h,SA1,al ettifaq,al hilal,2022-05-11,0,2
S0i8jO8f,SA1,al taee,al raed,2022-05-07,2,2
Ywh4i4gl,SA1,al hazem,al fayha,2022-05-07,3,1
Kzl0hpvr,SA1,damac,al hilal,2022-05-07,2,4
EgBXdQVQ,SA1,al nassr,al shabab,2022-05-06,4,2
z3CTc6GK,SA1,abha,al-faisaly,2022-05-06,0,0
SxDPbn1E,SA1,al fateh,al ittihad,2022-05-06,4,4
lnELaSo8,SA1,al batin,al ahli sc,2022-05-05,2,2
nszwyq97,SA1,al taawon,al ettifaq,2022-05-05,0,4
tSZZBzfa,SA1,al fayha,al hilal,2022-05-03,1,0
URGGsm1s,SA1,abha,al taawon,2022-03-19,1,1
SIUlnThQ,SA1,al batin,al raed,2022-03-19,2,0
YeVpm9wK,SA1,al hilal,al ahli sc,2022-03-18,4,2
KhRtlkOD,SA1,al ittihad,al hazem,2022-03-18,3,0
GK00ucKD,SA1,al taee,al shabab,2022-03-18,2,2
xU1dtw57,SA1,al nassr,al fayha,2022-03-17,1,0
8fchsJk1,SA1,damac,al ettifaq,2022-03-17,1,0
U3blraze,SA1,al-faisaly,al fateh,2022-03-17,1,0
z55upL5r,SA1,al shabab,al ittihad,2022-03-13,0,2
IPIDl1cR,SA1,al raed,al hilal,2022-03-13,0,1
vZJ9ksrL,SA1,al ahli sc,al taee,2022-03-12,3,1
McP4jNSE,SA1,al hazem,damac,2022-03-12,0,1
r7Q0i3D8,SA1,al ettifaq,al nassr,2022-03-11,2,2
U3xJSJz8,SA1,al fayha,al batin,2022-03-11,1,0
G0YETaL1,SA1,al taawon,al-faisaly,2022-03-10,2,2
YyqAUu6e,SA1,al fateh,abha,2022-03-10,3,0
nNykdw8a,SA1,al hilal,al ittihad,2022-03-08,2,1
fop6VLjk,SA1,al shabab,al batin,2022-03-05,4,0
0AV2W1yq,SA1,al raed,al fayha,2022-03-05,1,0
b1qyyrTR,SA1,al-faisaly,al hazem,2022-03-05,1,0
GxfWyODL,SA1,al ettifaq,al ahli sc,2022-03-04,1,0
2ZkSx4bF,SA1,al taawon,al fateh,2022-03-04,1,1
8CjOwpq9,SA1,abha,al taee,2022-03-04,1,0
ULiKvQT2,SA1,al nassr,al hilal,2022-03-03,0,4
h48yGti2,SA1,al ittihad,damac,2022-03-03,2,1
ED9XGMyd,SA1,al fayha,al shabab,2022-02-27,1,2
KjATH2Mk,SA1,al fateh,al ettifaq,2022-02-27,4,0
8G6PIr7q,SA1,al taee,al taawon,2022-02-27,1,1
2ZTdNObS,SA1,al batin,al-faisaly,2022-02-27,1,0
OrVhO4qM,SA1,al ahli sc,al ittihad,2022-02-26,3,4
f9QlPpUF,SA1,al hilal,al hazem,2022-02-26,2,0
GIRpQQE9,SA1,al nassr,abha,2022-02-26,2,1
YgxtR6a3,SA1,damac,al raed,2022-02-26,3,2
69NTX2Ps,SA1,al fateh,al-faisaly,2022-02-22,4,1
KjYySnpc,SA1,al ettifaq,al taee,2022-02-19,0,1
6mpf337d,SA1,damac,abha,2022-02-19,3,2
Sdoj4qhj,SA1,al-faisaly,al raed,2022-02-18,0,0
noUh5Pxp,SA1,al hazem,al fateh,2022-02-18,0,1
AL6PMi8H,SA1,al hilal,al shabab,2022-02-17,5,0
Gb7LNXhB,SA1,al ahli sc,al fayha,2022-02-17,1,1
2e3HODw5,SA1,al taawon,al ittihad,2022-02-17,1,1
KWDCPgOb,SA1,al batin,al nassr,2022-02-17,3,4
C6A4RFgn,SA1,al raed,al taawon,2022-02-12,0,3
YFB0Sevt,SA1,al taee,al batin,2022-02-12,3,1
8hpf7C8U,SA1,al ittihad,al nassr,2022-02-11,3,0
A7Rj8hgO,SA1,al fateh,al ahli sc,2022-02-11,0,1
GpSn9YwI,SA1,abha,al hazem,2022-02-11,2,1
xfTrAEOB,SA1,al fayha,al-faisaly,2022-02-10,0,0
KIYwBf95,SA1,al shabab,damac,2022-02-10,2,1
n5zWCGvg,SA1,al nassr,al taee,2022-02-06,4,1
Y1WRDdPn,SA1,al fateh,al batin,2022-02-06,2,3
jwsNExAt,SA1,abha,al ittihad,2022-02-06,0,4
lUfeJI1P,SA1,al ahli sc,al taawon,2022-02-05,1,1
MN6DfZOO,SA1,al-faisaly,damac,2022-02-05,3,0
rX79eF9I,SA1,al hazem,al shabab,2022-02-05,1,2
08I4defC,SA1,al raed,al ettifaq,2022-02-05,1,1
KbG6PhnJ,SA1,al hazem,al raed,2022-01-22,2,0
t8H2QYWC,SA1,al fayha,al taee,2022-01-22,2,0
noIbREH6,SA1,al ittihad,al-faisaly,2022-01-21,1,0
jJOkTzmf,SA1,damac,al ahli sc,2022-01-21,1,1
YsEfSf20,SA1,al taawon,al nassr,2022-01-21,0,1
CSPoUGXm,SA1,al batin,al hilal,2022-01-21,1,1
rgLsVdIs,SA1,al shabab,al fateh,2022-01-20,1,1
6TcEnPmF,SA1,al ettifaq,abha,2022-01-20,1,2
lj8zU1ne,SA1,al adalah,al ettifaq,2023-05-31,0,2
xClVkq9E,SA1,al hilal,al raed,2023-05-31,3,2
bLkRjPg8,SA1,al ittihad,al taee,2023-05-31,2,0
rD7vTL11,SA1,al khaleej,abha,2023-05-31,3,1
WYmZl3OK,SA1,al nassr,al fateh,2023-05-31,3,0
fiFRVNHr,SA1,al taawon,al batin,2023-05-31,3,1
xG4WUsXl,SA1,al wehda,al fayha,2023-05-31,0,1
M36rSuH7,SA1,damac,al shabab,2023-05-31,1,4
zmr1F2X1,SA1,abha,al hilal,2023-05-27,0,3
GpSaHO2k,SA1,al batin,al adalah,2023-05-27,2,2
ddqcGrIe,SA1,al ettifaq,al nassr,2023-05-27,1,1
ljWrvnA2,SA1,al fateh,damac,2023-05-27,1,1
hrTaz49R,SA1,al fayha,al ittihad,2023-05-27,0,3
2gzmw6P8,SA1,al raed,al khaleej,2023-05-27,0,0
O8OeypfL,SA1,al shabab,al taawon,2023-05-27,0,3
pIPixQvF,SA1,al taee,al wehda,2023-05-27,1,2
Wf1OzD3A,SA1,al ittihad,al batin,2023-05-23,1,0
xfTeI4mq,SA1,al nassr,al shabab,2023-05-23,3,2
t68BwFJi,SA1,al adalah,al hilal,2023-05-23,2,0
0AVOFBRp,SA1,al taawon,al taee,2023-05-22,2,1
2F97ve4o,SA1,al wehda,al khaleej,2023-05-22,1,4
AuDFxZYc,SA1,al ettifaq,al fateh,2023-05-22,0,4
pb5SZWIG,SA1,al fayha,al raed,2023-05-22,1,1
lWBJygl4,SA1,damac,abha,2023-05-22,1,0
CW5G7EZN,SA1,damac,al hilal,2023-05-19,0,1
21UYPekh,SA1,abha,al ettifaq,2023-05-18,2,1
ARXtOZJ4,SA1,al shabab,al wehda,2023-05-18,0,1
v7PcKiJT,SA1,al hilal,al ittihad,2023-05-16,2,2
ppQgLX3N,SA1,al taee,al nassr,2023-05-16,0,2
lIWpNgZA,SA1,al fateh,al adalah,2023-05-15,2,4
KxuUQyzn,SA1,al batin,al fayha,2023-05-15,0,0
6gRkMDlH,SA1,al khaleej,al taawon,2023-05-15,0,2
G4YxPF4b,SA1,al raed,damac,2023-05-15,5,0
U7GB8fKH,SA1,al ettifaq,al shabab,2023-05-14,1,0
G4C79z5B,SA1,al batin,al taee,2023-05-10,4,3
riEaBdza,SA1,al fayha,al fateh,2023-05-09,3,0
MsD3AGk5,SA1,al taawon,al raed,2023-05-09,2,1
tntQRHKu,SA1,al ittihad,abha,2023-05-08,4,0
QFJfCxLh,SA1,al adalah,al wehda,2023-05-08,1,2
jN4K6YlU,SA1,al nassr,al khaleej,2023-05-08,1,1
6B0WB89C,SA1,al shabab,al fateh,2023-05-03,1,0
SK1SClf6,SA1,al wehda,damac,2023-05-03,0,2
I9UKIvrP,SA1,al taawon,al ittihad,2023-05-03,2,1
h2LnEbjt,SA1,al khaleej,al ettifaq,2023-05-02,2,1
Ey4vAnvP,SA1,al taee,al fayha,2023-05-02,2,1
pdCNDUv0,SA1,abha,al adalah,2023-05-02,1,0
zo5zBSOI,SA1,al raed,al batin,2023-05-02,3,1
23a1bkuD,SA1,al fayha,al khaleej,2023-04-28,0,3
80jiLCnQ,SA1,al nassr,al raed,2023-04-28,4,0
KvAdaVP6,SA1,al ettifaq,damac,2023-04-28,2,0
xW8FFjAm,SA1,al fateh,al wehda,2023-04-28,1,1
buABGWfs,SA1,al ittihad,al shabab,2023-04-27,2,1
U9imMhXJ,SA1,al adalah,al taawon,2023-04-27,2,1
Wh8JEAPg,SA1,al taee,abha,2023-04-27,1,0
nPKjDI5n,SA1,al hilal,al nassr,2023-04-18,2,0
G635c9fJ,SA1,al batin,al hilal,2023-04-14,1,0
WjsQ8rc3,SA1,al ettifaq,al fayha,2023-04-14,1,0
WK8LcIl2,SA1,al khaleej,al shabab,2023-04-11,2,3
YN7p2Xul,SA1,al hilal,al taee,2023-04-10,2,2
jaIu3DQs,SA1,al raed,al fateh,2023-04-10,0,3
CE6l1ief,SA1,damac,al adalah,2023-04-10,2,2
tjjCKudF,SA1,al wehda,al ittihad,2023-04-09,1,2
nTj8LLt9,SA1,abha,al batin,2023-04-09,3,2
tlBh0BA0,SA1,al fayha,al nassr,2023-04-09,0,0
8xh4M1R2,SA1,al taawon,al ettifaq,2023-04-09,1,1
hU9HbbZe,SA1,al shabab,al hilal,2023-04-07,3,0
0WUx6tsM,SA1,al fateh,al khaleej,2023-04-06,2,0
vNTt50dS,SA1,abha,al taawon,2023-04-05,1,1
EFWU72C9,SA1,al batin,al wehda,2023-04-05,2,0
b7ADavKk,SA1,al taee,al raed,2023-04-05,2,2
h6VY6MRF,SA1,al adalah,al nassr,2023-04-04,0,5
Czt4SZh0,SA1,al fayha,al hilal,2023-04-04,0,2
p4690K4q,SA1,al ittihad,damac,2023-04-04,3,0
OA7GyvWD,SA1,al hilal,al khaleej,2023-04-01,2,0
QgjznLkj,SA1,al hilal,al ettifaq,2023-03-18,3,0
8IeVn1zp,SA1,al nassr,abha,2023-03-18,2,1
6993isSS,SA1,al raed,al shabab,2023-03-18,2,2
CnAahNCM,SA1,al fateh,al ittihad,2023-03-18,1,5
E1idg3cG,SA1,al wehda,al taawon,2023-03-17,1,1
4pkvou5d,SA1,al fayha,al adalah,2023-03-17,1,1
ImwM9Osc,SA1,damac,al batin,2023-03-17,1,0
Wx2ifqrA,SA1,al khaleej,al taee,2023-03-16,2,2
hWEPupTG,SA1,al adalah,al raed,2023-03-11,0,3
CYUQwOcT,SA1,al taee,damac,2023-03-11,1,3
rHLdY1Lj,SA1,al taawon,al hilal,2023-03-10,0,4
YsWMv4rN,SA1,abha,al fateh,2023-03-10,2,2
pMaucobi,SA1,al ittihad,al nassr,2023-03-09,1,0
hn3mePS3,SA1,al shabab,al fayha,2023-03-09,3,2
UDHhZs6p,SA1,al batin,al khaleej,2023-03-09,1,0
OCbqd5Dc,SA1,al ettifaq,al wehda,2023-03-09,1,1
AmcZUSEb,SA1,al hilal,al fateh,2023-03-06,1,2
KIGHs6b4,SA1,al shabab,al adalah,2023-03-04,1,2
6FCDrnqb,SA1,damac,al taawon,2023-03-04,1,2
p0O4p8Eo,SA1,al nassr,al batin,2023-03-03,3,1
CCgjRpEN,SA1,al khaleej,al ittihad,2023-03-03,0,3
OjN8qSTi,SA1,al raed,al ettifaq,2023-03-03,1,2
EuGLtQDA,SA1,al wehda,al hilal,2023-03-02,3,3
fyqeQ4TT,SA1,al fateh,al taee,2023-03-02,2,3
dpVMLOyo,SA1,al fayha,abha,2023-03-02,2,0
6FjrT6qB,SA1,damac,al nassr,2023-02-25,0,3
SOivUnU4,SA1,al batin,al ettifaq,2023-02-25,1,0
WdbVV8ah,SA1,al adalah,al khaleej,2023-02-24,2,0
xzaRWlpn,SA1,abha,al wehda,2023-02-24,1,2
CAxz7Ll3,SA1,al ahli sc,al fayha,2024-05-27,1,0
hUB4itkG,SA1,al hazem,abha,2024-05-27,2,1
Kvdqpbsj,SA1,al khaleej,al riyadh,2024-05-27,1,2
6XF8j04M,SA1,al nassr,al ittihad,2024-05-27,4,2
ld5DkKJS,SA1,al shabab,al fateh,2024-05-27,3,2
b7C0hMZ9,SA1,al taawon,al ettifaq,2024-05-27,1,0
j5iuovSq,SA1,al taee,al okhdood,2024-05-27,0,2
0zZV71Zd,SA1,al wehda,al hilal,2024-05-27,1,2
bVfmqIdd,SA1,damac,al raed,2024-05-27,1,1
SQStx1kT,SA1,abha,al khaleej,2024-05-23,2,1
tAQUv35A,SA1,al ettifaq,al shabab,2024-05-23,1,0
0EceeOki,SA1,al fateh,al hazem,2024-05-23,2,1
nB9DWvDj,SA1,al fayha,al taawon,2024-05-23,1,1
KGDdg2K3,SA1,al hilal,al taee,2024-05-23,3,1
lzUxwszN,SA1,al ittihad,damac,2024-05-23,4,1
Y759XKcp,SA1,al okhdood,al wehda,2024-05-23,1,1
K0PYwNKG,SA1,al raed,al ahli sc,2024-05-23,0,0
v5dafr5c,SA1,al riyadh,al nassr,2024-05-23,2,2
00IMtPzb,SA1,al ahli sc,abha,2024-05-18,5,1
KrEbxAqC,SA1,al hazem,al riyadh,2024-05-18,1,1
6wJIs5Li,SA1,al taawon,al shabab,2024-05-18,1,0
E5D2yUbI,SA1,al ettifaq,al okhdood,2024-05-17,1,1
jVzWJ1Tp,SA1,al nassr,al hilal,2024-05-17,1,1
boyQuqj4,SA1,damac,al fayha,2024-05-17,1,1
SnKEro6o,SA1,al khaleej,al ittihad,2024-05-16,1,1
OGKkvWEa,SA1,al wehda,al raed,2024-05-16,0,1
6uAfwjU5,SA1,al taee,al fateh,2024-05-16,3,1
pQLouCag,SA1,al shabab,al ahli sc,2024-05-11,1,2
x0Msthpm,SA1,al hilal,al hazem,2024-05-11,4,1
b9NwsYUt,SA1,al raed,al taee,2024-05-11,1,1
UgaGPWa6,SA1,al ittihad,al ettifaq,2024-05-10,0,5
QLhPNAUI,SA1,al khaleej,al wehda,2024-05-10,1,2
vPt7nf7J,SA1,abha,damac,2024-05-10,0,0
j30CQCp0,SA1,al okhdood,al nassr,2024-05-09,2,3
hSpBoEMP,SA1,al fayha,al fateh,2024-05-09,2,2
nVgLOjFC,SA1,al riyadh,al taawon,2024-05-09,0,0
fwb1G75e,SA1,al ahli sc,al hilal,2024-05-06,1,2
zXmuS447,SA1,al nassr,al wehda,2024-05-04,6,0
p6c4SYFm,SA1,al shabab,al raed,2024-05-04,2,0
dt18RhVg,SA1,al taee,al khaleej,2024-05-04,0,0
lzhqROJD,SA1,abha,al ittihad,2024-05-03,3,1
tAlyTpk1,SA1,al ettifaq,al fayha,2024-05-03,1,2
h8IPZGND,SA1,al taawon,al hilal,2024-05-03,0,3
0YLXXfhQ,SA1,al ahli sc,damac,2024-05-02,4,1
WbHTYzwK,SA1,al fateh,al riyadh,2024-05-02,2,2
2s8aTE0s,SA1,al hazem,al okhdood,2024-05-02,0,0
ravdxkSE,SA1,al khaleej,al nassr,2024-04-27,0,1
48uhwVC8,SA1,al okhdood,abha,2024-04-27,4,0
vRX4zTdR,SA1,al raed,al ettifaq,2024-04-27,2,2
d6KWVn5r,SA1,al ittihad,al shabab,2024-04-26,1,3
2JkXTQZf,SA1,al hilal,al fateh,2024-04-26,3,1
QNT0y9sL,SA1,damac,al taawon,2024-04-26,0,1
zcJzV6Kl,SA1,al riyadh,al ahli sc,2024-04-25,2,1
x2m6FRK1,SA1,al wehda,al hazem,2024-04-25,0,2
GhnAEoz8,SA1,al fayha,al taee,2024-04-25,1,0
nX8RM9SR,SA1,al ettifaq,al wehda,2024-04-20,0,0
ruCAQiT2,SA1,al hazem,al ittihad,2024-04-20,2,3
ltegITzq,SA1,al okhdood,damac,2024-04-20,1,2
j5FIOVcF,SA1,al nassr,al fayha,2024-04-19,3,1
UeEMNkDL,SA1,al riyadh,al taee,2024-04-19,1,2
tzYR18j2,SA1,al fateh,al raed,2024-04-18,3,1
r3fcHmjk,SA1,al shabab,abha,2024-04-18,5,0
drGEPBr9,SA1,al taawon,al khaleej,2024-04-18,1,1
fJZJ3ULk,SA1,abha,al fateh,2024-04-07,2,1
WxQUPKxh,SA1,al fayha,al okhdood,2024-04-07,3,0
MRIsNIMA,SA1,al raed,al hazem,2024-04-07,2,0
2qZN2lyd,SA1,al ettifaq,al riyadh,2024-04-06,1,0
S4JwOb74,SA1,al taee,al shabab,2024-04-06,0,0
hnRQQ0No,SA1,al ittihad,al taawon,2024-04-05,0,0
GSzG4A6q,SA1,al khaleej,al hilal,2024-04-05,1,4
lEKZOvhb,SA1,al wehda,al ahli sc,2024-04-05,1,1
zVMoMxxH,SA1,damac,al nassr,2024-04-05,0,1
bBnlDsgn,SA1,al fateh,al ettifaq,2024-04-03,1,0
vqwq2Hpo,SA1,al shabab,al riyadh,2024-04-03,1,0
zHsD7wNN,SA1,abha,al nassr,2024-04-02,0,8
6yjdBLNb,SA1,al fayha,al wehda,2024-04-02,1,2
IuXH6cxU,SA1,al hilal,al okhdood,2024-04-02,3,0
dQr98J7H,SA1,al taee,al taawon,2024-04-02,2,3
l0u1Auw5,SA1,al ahli sc,al ittihad,2024-04-01,1,0
hYohC18h,SA1,al hazem,damac,2024-04-01,0,0
Sjv59ahB,SA1,al raed,al khaleej,2024-04-01,0,1
SU2UdM85,SA1,al nassr,al taee,2024-03-30,5,1
KKmpENwt,SA1,al riyadh,abha,2024-03-30,1,1
dAfogv8U,SA1,al shabab,al hilal,2024-03-30,3,4
tE0IaOOn,SA1,al wehda,al fateh,2024-03-30,2,3
Oddwe0wI,SA1,al ettifaq,al ahli sc,2024-03-29,2,2
K4aMbrvg,SA1,al ittihad,al fayha,2024-03-29,3,1
AghZetOB,SA1,al okhdood,al raed,2024-03-29,1,3
lv4Qc2ga,SA1,al taawon,al hazem,2024-03-29,4,0
IJesfKhO,SA1,damac,al khaleej,2024-03-29,0,1
W2Xass9I,SA1,al fateh,al ittihad,2024-03-16,2,4
ERxerNgC,SA1,al hilal,damac,2024-03-16,2,1
SAzqoP9g,SA1,al raed,al taawon,2024-03-16,0,0
zyviq3v6,SA1,al ahli sc,al nassr,2024-03-15,0,1
OdKo5p1P,SA1,al fayha,al riyadh,2024-03-15,1,1
tEvmpqPa,SA1,al taee,al ettifaq,2024-03-15,1,1
bkBD049t,SA1,abha,al wehda,2024-03-14,1,0
AgW3t1OO,SA1,al hazem,al shabab,2024-03-14,0,3
pnovn5fm,SA1,al khaleej,al okhdood,2024-03-14,2,2
0t4EVqA6,SA1,al taawon,al ahli sc,2024-03-09,0,1
ABo5h7HJ,SA1,al ettifaq,abha,2024-03-09,3,0
QNB1YoQm,SA1,al fateh,al khaleej,2024-03-09,1,2
Mk5AWPf0,SA1,al ittihad,al okhdood,2024-03-08,2,1
l2p9iRWP,SA1,al riyadh,al hilal,2024-03-08,1,3
867MTNvJ,SA1,al taee,al hazem,2024-03-08,1,0
YHde0rG6,SA1,al ettifaq,al wehda,2025-05-26,2,1
6qIX7ZHF,SA1,al fateh,al nassr,2025-05-26,3,2
0A989ngK,SA1,al fayha,al shabab,2025-05-26,0,2
Kfju4QGs,SA1,al hilal,al qadsiah,2025-05-26,2,0
QXU5kR1l,SA1,al ittihad,damac,2025-05-26,1,0
bJEP9em3,SA1,al khaleej,al okhdood,2025-05-26,2,3
8GMMoq1D,SA1,al orubah,al taawon,2025-05-26,3,2
ClTDm5W0,SA1,al raed,al kholood,2025-05-26,1,2
C28n24of,SA1,al riyadh,al ahli sc,2025-05-26,0,1
fBiPtcJG,SA1,al ahli sc,al ettifaq,2025-05-22,1,3
bqbGrJl4,SA1,damac,al fateh,2025-05-22,0,1
pGljedY9,SA1,al okhdood,al raed,2025-05-22,1,0
hthbgz3M,SA1,al wehda,al hilal,2025-05-21,1,1
AcYUmEQq,SA1,al kholood,al fayha,2025-05-21,2,0
SOkXvylT,SA1,al nassr,al khaleej,2025-05-21,2,0
O00scI3c,SA1,al shabab,al ittihad,2025-05-20,2,3
df8eZEBj,SA1,al taawon,al riyadh,2025-05-20,3,2
rBWxnhed,SA1,al qadsiah,al orubah,2025-05-20,3,1
ptYtUJZA,SA1,al ahli sc,al kholood,2025-05-17,4,1
I5EaHtj5,SA1,al fayha,al okhdood,2025-05-17,2,0
t8RkSc4N,SA1,al ettifaq,damac,2025-05-17,0,0
QVH7FKKH,SA1,al nassr,al taawon,2025-05-16,1,1
G0tQX1zn,SA1,al orubah,al khaleej,2025-05-16,1,2
CSZYVu5b,SA1,al fateh,al hilal,2025-05-16,3,4
no6GDbkU,SA1,al raed,al ittihad,2025-05-15,1,3
ANHLMySp,SA1,al riyadh,al shabab,2025-05-15,1,3
jJf8puKi,SA1,al qadsiah,al wehda,2025-05-15,3,1
lQMrLOjt,SA1,al okhdood,al nassr,2025-05-12,0,9
lYEZTbID,SA1,al hilal,al orubah,2025-05-12,4,0
MwLjJ2Lh,SA1,al ittihad,al fayha,2025-05-11,3,0
t8BRVKm1,SA1,al taawon,al qadsiah,2025-05-11,0,1
U7GouPQE,SA1,damac,al raed,2025-05-11,1,0
KhNIXtJl,SA1,al shabab,al ahli sc,2025-05-11,3,1
tnziJs4e,SA1,al khaleej,al riyadh,2025-05-10,1,2
lAWnw3eR,SA1,al wehda,al fateh,2025-05-10,1,0
xETaHLY7,SA1,al kholood,al ettifaq,2025-05-10,1,0
rih4Sos9,SA1,al nassr,al ittihad,2025-05-07,2,3
t4TMF8c3,SA1,al ahli sc,al taawon,2025-05-07,2,0
fVB964Kk,SA1,al raed,al hilal,2025-05-07,3,5
2JHVDnSF,SA1,al qadsiah,al kholood,2025-05-02,4,1
lleCQPBL,SA1,al fayha,damac,2025-05-02,2,1
YLWrL3Zr,SA1,al ettifaq,al khaleej,2025-05-02,2,1
SrAH4rk2,SA1,al fateh,al shabab,2025-05-01,3,1
Ecyyh55d,SA1,al okhdood,al wehda,2025-05-01,1,2
zoVxCQdS,SA1,al riyadh,al orubah,2025-05-01,2,4
Kz0u3VDc,SA1,al taawon,al raed,2025-04-24,4,3
MaddamDM,SA1,al orubah,al fayha,2025-04-24,2,2
S03m19rA,SA1,al khaleej,al qadsiah,2025-04-23,1,1
IVsSgRzp,SA1,al kholood,al okhdood,2025-04-23,0,1
YueLczxI,SA1,al riyadh,al fateh,2025-04-23,2,2
EwuKad75,SA1,al wehda,al ahli sc,2025-04-22,2,3
tQtC1Ixg,SA1,damac,al nassr,2025-04-22,2,3
vuNhuSLj,SA1,al ittihad,al ettifaq,2025-04-21,3,2
pbm33v8t,SA1,al hilal,al shabab,2025-04-21,2,2
YJJpochC,SA1,al taawon,al wehda,2025-04-19,0,2
Y5vCWcwJ,SA1,al orubah,al raed,2025-04-19,0,4
lEMbf1VP,SA1,al qadsiah,al nassr,2025-04-18,2,1
tC1wmJNa,SA1,al ahli sc,al fayha,2025-04-18,5,0
QZieztvf,SA1,al kholood,damac,2025-04-18,1,3
pp8Ulugm,SA1,al fateh,al ittihad,2025-04-17,2,0
nkt4YJ86,SA1,al hilal,al khaleej,2025-04-17,3,0
fZ7gqyNO,SA1,al shabab,al okhdood,2025-04-17,0,0
I9lmx29s,SA1,al ettifaq,al riyadh,2025-04-17,1,0
bP7GsOoK,SA1,al nassr,al riyadh,2025-04-12,2,1
46ODN2fl,SA1,al fayha,al qadsiah,2025-04-12,2,1
C8qZUp2E,SA1,al khaleej,al fateh,2025-04-12,1,5
E1Rn93ue,SA1,al ettifaq,al hilal,2025-04-11,1,1
KYnsTOWQ,SA1,al raed,al ahli sc,2025-04-11,0,2
6VKUJKgD,SA1,al okhdood,al taawon,2025-04-11,1,1
CWRLLtP0,SA1,al ittihad,al orubah,2025-04-10,2,0
IZXwBPAr,SA1,damac,al wehda,2025-04-10,0,1
nFPf7sA7,SA1,al shabab,al kholood,2025-04-10,2,0
j1gGIGCi,SA1,al wehda,al shabab,2025-04-06,1,3
Cz66TXQ9,SA1,al raed,al khaleej,2025-04-06,1,2
QsQB7j4j,SA1,al fayha,al fateh,2025-04-06,1,1
6cquDCtT,SA1,al ahli sc,al ittihad,2025-04-05,2,2
xIiOGfs4,SA1,al riyadh,damac,2025-04-05,0,0
jLHcVgdc,SA1,al qadsiah,al ettifaq,2025-04-05,1,1
8xUVA4go,SA1,al hilal,al nassr,2025-04-04,1,3
xfw0GQVN,SA1,al orubah,al okhdood,2025-04-04,0,1
YqoXEYBG,SA1,al kholood,al taawon,2025-04-04,0,2
Gph19iIt,SA1,al ettifaq,al fayha,2025-03-15,0,2
tSqiIn1B,SA1,al okhdood,al ahli sc,2025-03-15,2,1
8EoqK8Wb,SA1,al taawon,al hilal,2025-03-15,0,2
806A59H5,SA1,al khaleej,al wehda,2025-03-14,0,2
S4wyMU1n,SA1,al nassr,al kholood,2025-03-14,3,1
xtbR1RGU,SA1,damac,al qadsiah,2025-03-14,1,0
GQ9I3mnI,SA1,al fateh,al raed,2025-03-13,3,1
xKMjklXO,SA1,al ittihad,al riyadh,2025-03-13,2,1
lbj97Vng,SA1,al shabab,al orubah,2025-03-13,6,0
ngGiguSr,SA1,al orubah,al ettifaq,2025-03-08,1,2
feyD0NZ8,SA1,al riyadh,al okhdood,2025-03-08,1,0
8vVZhWXa,SA1,al taawon,damac,2025-03-08,3,0
KKTbiJde,SA1,al ahli sc,al khaleej,2025-03-07,2,2
GnN7kcR7,SA1,al fayha,al hilal,2025-03-07,0,2
8tAgD0JE,SA1,al nassr,al shabab,2025-03-07,2,2
UgJriA2C,SA1,al wehda,al raed,2025-03-06,3,1
2sSRfh3m,SA1,al kholood,al fateh,2025-03-06,2,1
2LvLb14L,SA1,al qadsiah,al ittihad,2025-03-06,1,1
lIEop2kS,SA1,al ittihad,al okhdood,2025-03-02,1,1
vmgQxKs2,SA1,al qadsiah,al riyadh,2025-03-02,1,0
thBwnOKF,SA1,al raed,al ettifaq,2025-03-02,1,1
KxNUmpj3,SA1,al fateh,al taawon,2025-03-01,1,2
tWZ2ZpyA,SA1,al fayha,al wehda,2025-03-01,0,0
hWUrQtbd,SA1,al kholood,al khaleej,2025-03-01,2,1
fg8pJrdJ,SA1,al fateh,al hilal,2026-03-14,0,1
Ma0WtnlQ,SA1,al khaleej,al nassr,2026-03-14,0,5
WENKOnSs,SA1,al shabab,al okhdood,2026-03-14,2,0
vakAZ3t0,SA1,al fayha,al ettifaq,2026-03-13,1,0
bREyL4R6,SA1,al qadsiah,al ahli sc,2026-03-13,3,2
QDGTMQdf,SA1,al riyadh,al ittihad,2026-03-13,3,1
Kzf265CD,SA1,al hazem,al kholood,2026-03-12,2,1
6Xy3yQBm,SA1,al najma,damac,2026-03-12,1,3
0WWlU84K,SA1,neom sc,al taawon,2026-03-12,2,2
M7YnEdEM,SA1,al ettifaq,al shabab,2026-03-07,1,1
QuuvGIqA,SA1,al kholood,al qadsiah,2026-03-07,1,4
MLDLSeTF,SA1,al nassr,neom sc,2026-03-07,1,0
CAjf8Rs1,SA1,al okhdood,al fayha,2026-03-07,0,5
bmSQ6E6d,SA1,al ahli sc,al ittihad,2026-03-06,3,1
hStWHvFc,SA1,al hilal,al najma,2026-03-06,4,0
xYwI8zxp,SA1,al khaleej,al hazem,2026-03-06,2,1
QgKCUHb3,SA1,al taawon,al fateh,2026-03-06,3,2
h8zgAmDl,SA1,damac,al riyadh,2026-03-05,3,0
6VO41JUG,SA1,al fayha,al nassr,2026-02-28,1,3
xKbqfyNj,SA1,al najma,al okhdood,2026-02-28,1,3
Aqu2sbwo,SA1,al qadsiah,al taawon,2026-02-28,1,1
SpDDacaT,SA1,neom sc,al kholood,2026-02-28,1,2
2wSm51Vi,SA1,al hazem,al ettifaq,2026-02-27,3,1
hSbVnKFN,SA1,al ittihad,al khaleej,2026-02-27,1,0
p2eNltoB,SA1,al shabab,al hilal,2026-02-27,3,5
b5Ld3u04,SA1,al fateh,damac,2026-02-26,1,1
On7Ej2Gb,SA1,al riyadh,al ahli sc,2026-02-26,0,1
trhb0Tjg,SA1,al fayha,neom sc,2026-02-25,1,1
U3OurnyP,SA1,al najma,al nassr,2026-02-25,0,5
tMGNmj7m,SA1,al hazem,al ittihad,2026-02-24,1,1
l8e6b7L5,SA1,al khaleej,al kholood,2026-02-24,2,3
AwQigCqQ,SA1,al taawon,al hilal,2026-02-24,1,1
KS3k2kMt,SA1,al fateh,al okhdood,2026-02-23,2,1
xlAWoUy0,SA1,al qadsiah,al ettifaq,2026-02-23,4,0
A18vp86C,SA1,al shabab,al riyadh,2026-02-23,3,1
Usm5V8iJ,SA1,damac,al ahli sc,2026-02-23,0,1
UkDWuo2t,SA1,al hilal,al ittihad,2026-02-21,1,1
SAd4YK0U,SA1,al khaleej,neom sc,2026-02-21,0,1
fcbdzsWH,SA1,al nassr,al hazem,2026-02-21,4,0
AB3CzjQ0,SA1,al okhdood,al qadsiah,2026-02-20,2,4
6wcLYTfD,SA1,al taawon,al fayha,2026-02-20,2,3
bV4mx315,SA1,damac,al shabab,2026-02-20,1,3
GM36hOon,SA1,al ahli sc,al najma,2026-02-19,4,1
j51uvPWh,SA1,al ettifaq,al fateh,2026-02-19,4,3
xb54xCel,SA1,al kholood,al riyadh,2026-02-19,0,2
j1mwMjB7,SA1,al fateh,al nassr,2026-02-14,0,2
M7GmBZdk,SA1,al najma,al kholood,2026-02-14,2,1
WdQPqf3E,SA1,al riyadh,al khaleej,2026-02-14,1,1
jw5jVflL,SA1,al ittihad,al fayha,2026-02-13,2,1
rypVNCte,SA1,al hilal,al ettifaq,2026-02-13,2,0
n9jMPYBr,SA1,al shabab,al ahli sc,2026-02-13,2,5
rN4d9DR1,SA1,al hazem,al okhdood,2026-02-12,2,1
IDOXsYXQ,SA1,al qadsiah,neom sc,2026-02-12,1,0
ATdrXGJ8,SA1,damac,al taawon,2026-02-12,2,1
nB5SNiPc,SA1,al qadsiah,al fateh,2026-02-07,1,1
WM9GIH4F,SA1,al taawon,al khaleej,2026-02-07,1,1
rwayMVgA,SA1,al kholood,al shabab,2026-02-07,1,0
lz2qK9OM,SA1,al nassr,al ittihad,2026-02-06,2,0
jPPHGeZR,SA1,al ettifaq,damac,2026-02-06,2,0
b9B8Kwz3,SA1,neom sc,al riyadh,2026-02-06,1,0
fHIt0lXj,SA1,al ahli sc,al hazem,2026-02-05,2,0
Y7wGEmnp,SA1,al okhdood,al hilal,2026-02-05,0,6
tYtOCRGd,SA1,al fayha,al najma,2026-02-05,3,0
0G08IdmI,SA1,al ettifaq,al taawon,2026-02-03,1,0
p6VA914m,SA1,al khaleej,al qadsiah,2026-02-03,0,1
KrQZ3cYO,SA1,damac,al kholood,2026-02-03,0,0
0YgvFNtQ,SA1,al hilal,al ahli sc,2026-02-02,0,0
6ZbhMvlg,SA1,al okhdood,neom sc,2026-02-02,1,1
hWYI7uZa,SA1,al riyadh,al nassr,2026-02-02,0,1
nVRR5J3C,SA1,al fateh,al hazem,2026-02-01,1,1
b9epO0Jt,SA1,al ittihad,al najma,2026-02-01,1,0
Slm1KII5,SA1,al shabab,al fayha,2026-02-01,1,0
ppfzcOKs,SA1,al kholood,al nassr,2026-01-30,0,3
EPoigtK6,SA1,neom sc,damac,2026-01-30,3,0
tCmqe2kf,SA1,al taawon,al okhdood,2026-01-30,1,0
YR1hiKlJ,SA1,al hazem,al shabab,2026-01-29,0,4
tb8At3z1,SA1,al qadsiah,al hilal,2026-01-29,2,2
Y5QHvs5D,SA1,al fateh,al ittihad,2026-01-29,2,2
pWE1rP5l,SA1,al ahli sc,al ettifaq,2026-01-28,4,0
E1342pcK,SA1,al fayha,al khaleej,2026-01-28,3,1
l0TVmorR,SA1,al najma,al riyadh,2026-01-28,1,1
OfwnlfxA,SA1,al ittihad,al okhdood,2026-01-26,2,1
hYZMk7DE,SA1,al nassr,al taawon,2026-01-26,1,0
QLbSTPje,SA1,al hazem,damac,2026-01-26,2,1
IeeKVoMr,SA1,al fayha,al fateh,2026-01-25,2,0
6J6LXYiT,SA1,al riyadh,al hilal,2026-01-25,1,1
jsuvjG7c,SA1,al najma,al qadsiah,2026-01-25,1,3
p4ICZfNG,SA1,neom sc,al ahli sc,2026-01-24,0,3
x2ciSCFj,SA1,al kholood,al ettifaq,2026-01-24,1,2
nymyS3L7,SA1,al khaleej,al shabab,2026-01-24,0,0
x4beAvf5,SA1,al hilal,al fayha,2026-01-22,4,1
6qjC6dgU,SA1,al qadsiah,al ittihad,2026-01-22,2,1
YVi48IOH,SA1,al taawon,al hazem,2026-01-22,2,2
rswMeuuC,SA1,al ettifaq,neom sc,2026-01-21,0,0
pALMQavn,SA1,damac,al nassr,2026-01-21,1,2
ATvEc1Aa,SA1,al okhdood,al riyadh,2026-01-21,2,2
jm0mC0Ph,SA1,al ahli sc,al khaleej,2026-01-20,4,1
UXBvEMft,SA1,al fateh,al kholood,2026-01-20,2,5
v9WUgJ9O,SA1,al shabab,al najma,2026-01-20,0,0
YVytCu8e,SA1,al riyadh,al taawon,2026-01-18,1,3
Icz9JNFL,SA1,neom sc,al hilal,2026-01-18,1,2
OK4YHVeE,SA1,al hazem,al qadsiah,2026-01-18,1,5
ETLvE1wq,SA1,al nassr,al shabab,2026-01-17,3,2
tdulAJx8,SA1,al kholood,al ahli sc,2026-01-17,0,1
UJW5aNum,SA1,al fayha,damac,2026-01-17,1,1
46x3GvL6,SW1,luzern,schaffhausen,2022-05-29,2,0
QFwaHK50,SW1,schaffhausen,luzern,2022-05-26,2,2
WWlqGhyr,SW1,basel,lugano,2022-05-22,2,1
pzgmFCjl,SW1,sion,servette,2022-05-22,3,3
SbrhEW5f,SW1,st. gallen,lausanne,2022-05-22,4,0
6ksdDjL0,SW1,young boys,grasshoppers,2022-05-22,3,0
zPo0CAz7,SW1,zurich,luzern,2022-05-22,2,3
2eaUbi67,SW1,grasshoppers,st. gallen,2022-05-19,3,2
GbmCNzq8,SW1,lausanne,sion,2022-05-19,1,2
fknGMfbE,SW1,lugano,zurich,2022-05-19,2,1
z13DLEDK,SW1,luzern,young boys,2022-05-19,2,2
Ei2HKYSQ,SW1,servette,basel,2022-05-19,0,0
dfGo7FbR,SW1,basel,grasshoppers,2022-05-12,1,1
lheQaXj1,SW1,zurich,lausanne,2022-05-12,2,2
b32D2Z6r,SW1,servette,lugano,2022-05-11,2,2
Sx7H1gMl,SW1,sion,luzern,2022-05-11,1,3
6T5L0Dye,SW1,young boys,st. gallen,2022-05-10,4,1
rX9VAca2,SW1,lausanne,basel,2022-05-08,0,0
Gp8w9yUE,SW1,luzern,servette,2022-05-08,4,0
4nvk25e2,SW1,grasshoppers,sion,2022-05-08,0,1
EVQt8eqL,SW1,st. gallen,zurich,2022-05-07,1,2
MN8Z9HE8,SW1,lugano,young boys,2022-05-07,3,1
Yc06ATmM,SW1,basel,zurich,2022-05-01,0,2
IVyw57Bq,SW1,luzern,lausanne,2022-05-01,3,0
Qeuo3otd,SW1,sion,young boys,2022-05-01,1,2
WYus4RQk,SW1,servette,st. gallen,2022-04-30,0,2
ClaA9m3S,SW1,lugano,grasshoppers,2022-04-30,1,1
xCK7kSBd,SW1,basel,luzern,2022-04-24,3,0
jF8kEBlc,SW1,grasshoppers,lausanne,2022-04-24,3,1
4ICgDV33,SW1,st. gallen,lugano,2022-04-24,3,0
ns2bCkJ9,SW1,young boys,servette,2022-04-23,3,1
QX02B9YF,SW1,zurich,sion,2022-04-23,5,1
bN0NAxr5,SW1,lausanne,lugano,2022-04-18,4,1
tpRbilsp,SW1,sion,basel,2022-04-18,0,0
Ac4R9dcB,SW1,luzern,st. gallen,2022-04-18,3,2
4K3V8GCH,SW1,servette,grasshoppers,2022-04-16,0,1
bLL3j8dj,SW1,zurich,young boys,2022-04-16,2,1
Us96EKrt,SW1,lugano,sion,2022-04-10,1,3
x8CECbDh,SW1,st. gallen,basel,2022-04-10,2,2
8Y7ADvbn,SW1,servette,zurich,2022-04-10,1,0
4Ks0gyDU,SW1,grasshoppers,luzern,2022-04-09,2,2
GbBIBISb,SW1,young boys,lausanne,2022-04-09,2,2
CjAmbaba,SW1,basel,young boys,2022-04-03,2,2
js9icJD5,SW1,lausanne,servette,2022-04-03,4,1
I3uldwTB,SW1,luzern,lugano,2022-04-03,2,2
dfvhecrI,SW1,sion,st. gallen,2022-04-02,0,3
jHwdfHcO,SW1,zurich,grasshoppers,2022-04-02,1,1
WxxRtbTO,SW1,grasshoppers,basel,2022-03-20,2,4
KhV85s6P,SW1,lugano,lausanne,2022-03-20,3,1
M1Hz11Et,SW1,servette,sion,2022-03-20,2,1
ITAqauqg,SW1,young boys,zurich,2022-03-19,1,2
4Q6u0LTn,SW1,st. gallen,luzern,2022-03-19,3,2
QZo6oMEg,SW1,basel,servette,2022-03-13,2,0
bmpEq0q6,SW1,luzern,grasshoppers,2022-03-13,1,0
4QpAptUa,SW1,lausanne,young boys,2022-03-13,2,2
ANmIrKbC,SW1,sion,lugano,2022-03-12,0,3
hnwNsvEI,SW1,zurich,st. gallen,2022-03-12,0,3
dKNrUKqJ,SW1,grasshoppers,servette,2022-03-06,2,4
U7hcmrps,SW1,st. gallen,sion,2022-03-06,1,1
CS5ViOyQ,SW1,lugano,basel,2022-03-06,0,2
bP1Rh4MJ,SW1,lausanne,zurich,2022-03-05,0,2
8bi1n2am,SW1,young boys,luzern,2022-03-05,2,2
zoXNYrVm,SW1,basel,st. gallen,2022-03-03,2,2
llySX2pf,SW1,grasshoppers,lugano,2022-03-03,1,2
WCQWWMa0,SW1,luzern,zurich,2022-03-02,0,2
ITOvV0UC,SW1,sion,lausanne,2022-03-02,1,0
A3PzWtF6,SW1,servette,young boys,2022-03-01,1,0
Uq41Hs0D,SW1,lausanne,luzern,2022-02-27,1,2
tOXJZOFs,SW1,zurich,basel,2022-02-27,4,2
MwimuohK,SW1,st. gallen,grasshoppers,2022-02-27,2,0
rmhqtRxE,SW1,lugano,servette,2022-02-26,2,0
vFohv57Q,SW1,young boys,sion,2022-02-26,3,1
tAhoLP0l,SW1,grasshoppers,young boys,2022-02-20,2,2
lzdgJ3V0,SW1,servette,luzern,2022-02-20,1,1
WbobINp7,SW1,sion,zurich,2022-02-20,1,1
2JgsM5or,SW1,basel,lausanne,2022-02-19,3,0
AqckKqGf,SW1,lugano,st. gallen,2022-02-19,0,2
z5w1tzXd,SW1,luzern,sion,2022-02-13,1,0
MLuDwYGF,SW1,zurich,lugano,2022-02-13,3,0
8Iy9vE19,SW1,young boys,basel,2022-02-13,3,1
Eex5ufn3,SW1,st. gallen,servette,2022-02-12,5,1
zDXPHjfd,SW1,lausanne,grasshoppers,2022-02-12,0,2
QwrjOhHS,SW1,lugano,luzern,2022-02-06,2,1
dMYLIWvj,SW1,st. gallen,young boys,2022-02-06,3,3
4OgsQEnG,SW1,basel,sion,2022-02-06,3,3
rFhoPY1M,SW1,grasshoppers,zurich,2022-02-05,1,3
2aZHJCPq,SW1,servette,lausanne,2022-02-05,1,0
2acQTdmi,SW1,luzern,basel,2022-01-30,0,3
EZ0USG2c,SW1,sion,grasshoppers,2022-01-30,2,0
ld9r5DAj,SW1,lausanne,st. gallen,2022-01-30,1,5
dbjZRzI3,SW1,young boys,lugano,2022-01-29,1,0
zkkwRfX9,SW1,zurich,servette,2022-01-29,1,0
reQaDy3A,SW1,basel,grasshoppers,2021-12-19,2,2
UBSBAZnT,SW1,sion,lausanne,2021-12-19,2,0
dbU3CeIG,SW1,lugano,young boys,2021-12-19,0,5
jLT7BFXM,SW1,luzern,servette,2021-12-18,0,2
A5Av6gep,SW1,zurich,st. gallen,2021-12-18,3,1
OWUipwZN,SW1,young boys,basel,2021-12-15,1,1
n9p1hzRp,SW1,grasshoppers,luzern,2021-12-12,1,1
S4NmGwJi,SW1,servette,basel,2021-12-12,2,2
0WzeEHm4,SW1,young boys,sion,2021-12-12,4,3
MuxiFcYc,SW1,st. gallen,lugano,2021-12-11,1,1
lEOqHJ3o,SW1,lausanne,zurich,2021-12-11,1,3
hMmHLfCr,SW1,lausanne ouchy,sion,2023-06-06,4,2
jD1kQz4R,SW1,sion,lausanne ouchy,2023-06-03,0,2
Au79mwWH,SW1,basel,grasshoppers,2023-05-29,3,1
426DncoO,SW1,luzern,servette,2023-05-29,0,1
rg5HoH0U,SW1,st. gallen,sion,2023-05-29,4,0
rTyO60Wu,SW1,young boys,winterthur,2023-05-29,2,1
MJzS5Kon,SW1,zurich,lugano,2023-05-29,2,3
UPBlh1Hn,SW1,grasshoppers,st. gallen,2023-05-25,2,2
8GAhiLWh,SW1,lugano,young boys,2023-05-25,2,0
xjFdjuna,SW1,servette,basel,2023-05-25,3,3
GtE0ka15,SW1,sion,luzern,2023-05-25,1,2
b535lJGB,SW1,winterthur,zurich,2023-05-25,0,2
jPBZz0nC,SW1,basel,lugano,2023-05-21,1,1
n1Mqgs2t,SW1,zurich,grasshoppers,2023-05-21,2,1
dxszZwHO,SW1,sion,young boys,2023-05-21,0,2
IorWZJ1I,SW1,luzern,st. gallen,2023-05-20,1,1
AuVHcNgP,SW1,winterthur,servette,2023-05-20,0,1
MqKIvrmm,SW1,lugano,winterthur,2023-05-14,2,1
IBDRxMHa,SW1,st. gallen,basel,2023-05-14,6,1
CYCVytX5,SW1,young boys,zurich,2023-05-14,1,1
489Nw22g,SW1,servette,sion,2023-05-13,5,0
rgLEuOXt,SW1,grasshoppers,luzern,2023-05-13,2,0
48mhOM26,SW1,basel,zurich,2023-05-07,0,2
bVndNtIC,SW1,grasshoppers,servette,2023-05-07,2,3
A5j0M0XI,SW1,luzern,lugano,2023-05-07,2,2
j1Tnp4PP,SW1,st. gallen,young boys,2023-05-06,0,2
CAUropAJ,SW1,sion,winterthur,2023-05-06,0,1
UkeuROIm,SW1,winterthur,basel,2023-04-30,1,4
8tfqQrYg,SW1,young boys,luzern,2023-04-30,5,1
QHllP2m0,SW1,zurich,sion,2023-04-30,2,2
OjT7qXYE,SW1,lugano,grasshoppers,2023-04-29,5,1
zTeyS43s,SW1,servette,st. gallen,2023-04-29,1,1
dvhDNkCe,SW1,luzern,winterthur,2023-04-27,3,1
2yuaog42,SW1,sion,basel,2023-04-27,1,2
zVjHM9R1,SW1,servette,zurich,2023-04-26,4,0
tSw3pDJ8,SW1,st. gallen,lugano,2023-04-26,1,2
EF28OVdk,SW1,grasshoppers,young boys,2023-04-25,4,1
n5ITVD4F,SW1,lugano,sion,2023-04-23,2,0
0Cb4PBsq,SW1,zurich,st. gallen,2023-04-23,1,0
8EJPWgk9,SW1,basel,luzern,2023-04-23,0,2
rXBxUiZR,SW1,young boys,servette,2023-04-22,6,1
4tDYUXJL,SW1,winterthur,grasshoppers,2023-04-22,1,2
48XTRqnp,SW1,basel,young boys,2023-04-16,1,1
YsxYQ31j,SW1,grasshoppers,sion,2023-04-16,1,3
EiKLXZZ2,SW1,st. gallen,winterthur,2023-04-16,2,3
CYzxQNGd,SW1,luzern,zurich,2023-04-15,4,1
G61IYFKd,SW1,servette,lugano,2023-04-15,0,0
6XigYo9G,SW1,winterthur,luzern,2023-04-10,1,2
KzdcX5OM,SW1,young boys,grasshoppers,2023-04-10,2,0
YJgoz8v4,SW1,lugano,st. gallen,2023-04-10,1,1
CAhkZRgA,SW1,sion,servette,2023-04-08,2,2
2ao2WPwT,SW1,zurich,basel,2023-04-08,1,1
0Ek2DpXj,SW1,luzern,sion,2023-04-02,1,2
h8xlylPc,SW1,st. gallen,zurich,2023-04-02,2,2
nBobEQHp,SW1,grasshoppers,lugano,2023-04-02,2,1
tU8VI69T,SW1,basel,winterthur,2023-04-01,2,0
EHwpxU9i,SW1,servette,young boys,2023-04-01,2,1
0EDANUfb,SW1,lugano,servette,2023-03-19,1,1
Y35NKSvH,SW1,young boys,basel,2023-03-19,3,0
fD6JL8PA,SW1,winterthur,st. gallen,2023-03-19,1,0
ClHEMlA4,SW1,sion,grasshoppers,2023-03-18,1,2
2wARJnfN,SW1,zurich,luzern,2023-03-18,2,1
fDpl6TPN,SW1,basel,st. gallen,2023-03-12,1,1
lzph5muU,SW1,grasshoppers,winterthur,2023-03-12,2,1
S0F2PjQo,SW1,servette,luzern,2023-03-12,0,3
jqWJ07mo,SW1,lugano,zurich,2023-03-11,2,0
6iE6OAuh,SW1,young boys,sion,2023-03-11,4,0
QJwY9BQb,SW1,sion,lugano,2023-03-05,1,1
tAtp79AH,SW1,zurich,servette,2023-03-05,1,1
Kfhy9Vu5,SW1,st. gallen,grasshoppers,2023-03-05,1,1
nTvUAiBh,SW1,luzern,basel,2023-03-04,0,1
boiu8keB,SW1,winterthur,young boys,2023-03-04,1,1
rcu56xK6,SW1,lugano,basel,2023-02-26,2,2
vPYD4GlJ,SW1,servette,winterthur,2023-02-26,1,1
0YZ95dZC,SW1,luzern,grasshoppers,2023-02-26,1,0
44kPBXen,SW1,zurich,young boys,2023-02-25,2,2
j1oLCDtt,SW1,sion,st. gallen,2023-02-25,0,4
Ey2ME0CQ,SW1,basel,servette,2023-02-19,2,2
GpllAKKs,SW1,grasshoppers,zurich,2023-02-19,1,2
b9wg9vzl,SW1,st. gallen,luzern,2023-02-19,2,2
46t17I40,SW1,young boys,lugano,2023-02-18,1,1
Aqsc8bkf,SW1,winterthur,sion,2023-02-18,1,1
bZMqr2yk,SW1,winterthur,servette,2023-02-15,1,2
6BbEGMsE,SW1,young boys,st. gallen,2023-02-12,5,1
p2cIFtcK,SW1,zurich,winterthur,2023-02-12,1,1
j3GRhJk7,SW1,lugano,luzern,2023-02-12,1,1
dtHNgaz1,SW1,basel,sion,2023-02-11,3,1
46KViw5D,SW1,servette,grasshoppers,2023-02-11,2,1
t8Fj1srR,SW1,luzern,young boys,2023-02-05,1,1
IkIJfuLf,SW1,winterthur,lugano,2023-02-05,1,0
bm2Id1jr,SW1,sion,zurich,2023-02-05,0,1
xv1MeL5l,SW1,st. gallen,servette,2023-02-04,3,0
S4Bn2NSK,SW1,grasshoppers,basel,2023-02-04,1,0
IZTeu0L7,SW1,servette,sion,2023-01-29,2,2
ptMs33DE,SW1,zurich,st. gallen,2023-01-29,1,0
6kNw4qb8,SW1,young boys,winterthur,2023-01-29,5,1
dKumsMje,SW1,basel,luzern,2023-01-28,2,3
vqVitt61,SW1,lugano,grasshoppers,2023-01-28,1,1
4CNuqrMr,SW1,st. gallen,basel,2023-01-22,1,1
23yEmODR,SW1,sion,lugano,2023-01-22,2,3
6yr5kpqF,SW1,grasshoppers,young boys,2023-01-21,1,2
pSt9l4bL,SW1,luzern,zurich,2023-01-21,2,2
d60ESMy2,SW1,lugano,winterthur,2022-11-13,3,1
bBvci6E2,SW1,young boys,luzern,2022-11-13,3,0
CEr1jQT8,SW1,zurich,servette,2022-11-13,4,1
Uw3pOpTk,SW1,thun,grasshoppers,2024-05-31,1,2
x6oCtgqH,SW1,grasshoppers,thun,2024-05-26,1,1
2e1yYXKa,SW1,lugano,servette,2024-05-25,0,2
bNfpWBkC,SW1,st. gallen,zurich,2024-05-25,1,2
6mbhUkKO,SW1,young boys,winterthur,2024-05-25,3,0
Us3TZgjm,SW1,basel,yverdon,2024-05-21,0,0
xAoeh26E,SW1,lausanne,grasshoppers,2024-05-21,0,0
A3g9UbE7,SW1,luzern,lausanne ouchy,2024-05-21,1,2
ll50WKqe,SW1,servette,young boys,2024-05-20,0,1
tO1hYtFr,SW1,winterthur,st. gallen,2024-05-20,1,3
b3bTw3iL,SW1,zurich,lugano,2024-05-20,2,1
2HEQJs0k,SW1,grasshoppers,basel,2024-05-18,0,1
AsIYHLU1,SW1,lausanne ouchy,lausanne,2024-05-18,0,4
Qk0LuPM8,SW1,yverdon,luzern,2024-05-18,3,1
IqwfP3xS,SW1,lugano,winterthur,2024-05-16,4,2
QyLnRP7F,SW1,young boys,st. gallen,2024-05-16,3,1
U9RwTow3,SW1,lausanne,luzern,2024-05-15,0,2
xGvh5rod,SW1,zurich,servette,2024-05-15,2,1
WEaDCQhM,SW1,basel,lausanne ouchy,2024-05-14,2,0
tloq74Gq,SW1,grasshoppers,yverdon,2024-05-14,2,0
AaB4EnO9,SW1,st. gallen,servette,2024-05-12,1,1
2Z7dG8gc,SW1,winterthur,zurich,2024-05-12,1,3
lSitEICT,SW1,lausanne ouchy,yverdon,2024-05-11,3,1
pbwC8dzi,SW1,young boys,lugano,2024-05-11,0,1
fTbXFvrH,SW1,lausanne,basel,2024-05-10,0,0
n3ePH0D4,SW1,luzern,grasshoppers,2024-05-10,1,1
Qm7GJMrh,SW1,yverdon,lausanne,2024-05-05,3,1
bsFUeJjo,SW1,zurich,young boys,2024-05-05,0,2
feL4ER6C,SW1,basel,luzern,2024-05-05,1,1
MsNdGmx0,SW1,lugano,st. gallen,2024-05-04,0,1
fXxINVqQ,SW1,grasshoppers,lausanne ouchy,2024-05-04,3,2
QFTmI97m,SW1,servette,winterthur,2024-05-04,2,1
vmo4DKkA,SW1,luzern,basel,2024-04-21,1,1
02ZCBbKM,SW1,winterthur,young boys,2024-04-21,1,2
AyLr6xrp,SW1,zurich,st. gallen,2024-04-21,0,1
Qqs0E0z4,SW1,lugano,lausanne,2024-04-20,2,0
MBz9Cv5G,SW1,servette,grasshoppers,2024-04-20,1,0
8SYGAIZS,SW1,yverdon,lausanne ouchy,2024-04-20,3,0
hWrhGM5i,SW1,lausanne ouchy,winterthur,2024-04-14,0,1
WMsdFtLc,SW1,young boys,luzern,2024-04-14,4,2
GEa9iwTj,SW1,basel,servette,2024-04-14,2,1
xO05hJDp,SW1,st. gallen,yverdon,2024-04-13,5,1
88AZcujN,SW1,grasshoppers,lugano,2024-04-13,0,1
KrEwca5T,SW1,lausanne,zurich,2024-04-13,1,0
ngMQa1LA,SW1,st. gallen,young boys,2024-04-07,2,2
QqLUbLzH,SW1,yverdon,grasshoppers,2024-04-07,3,2
IJHM0s64,SW1,luzern,lausanne,2024-04-07,0,0
vTII1Njb,SW1,servette,zurich,2024-04-06,0,1
r1P93qMo,SW1,lausanne ouchy,basel,2024-04-06,0,2
d4TD23yh,SW1,winterthur,lugano,2024-04-06,2,2
0SI3pMLN,SW1,lausanne,st. gallen,2024-04-04,3,3
Slk0qtyU,SW1,luzern,yverdon,2024-04-04,1,0
UcySv0qo,SW1,young boys,grasshoppers,2024-04-04,3,0
SEKenriB,SW1,servette,lausanne ouchy,2024-04-03,1,2
MyKao26H,SW1,zurich,winterthur,2024-04-03,0,0
EBGimOy5,SW1,lugano,basel,2024-04-02,2,0
hdSrkp7h,SW1,grasshoppers,lausanne,2024-04-01,0,1
WnRnl4Mb,SW1,st. gallen,luzern,2024-04-01,1,1
OMNvjQin,SW1,yverdon,young boys,2024-04-01,0,0
pWOzi6xt,SW1,basel,zurich,2024-03-30,2,2
YHIOqkVC,SW1,lausanne ouchy,lugano,2024-03-30,1,3
phMSr9pJ,SW1,winterthur,servette,2024-03-30,1,0
04KGoB00,SW1,lausanne,young boys,2024-03-17,2,0
veJKpVF6,SW1,luzern,servette,2024-03-17,2,2
rTPBniof,SW1,zurich,lausanne ouchy,2024-03-17,2,2
4xR7mXVm,SW1,lugano,yverdon,2024-03-16,2,0
Ygzxgg8Q,SW1,basel,winterthur,2024-03-16,1,1
AFR3lDGs,SW1,grasshoppers,st. gallen,2024-03-16,1,1
CvnTfFwE,SW1,lausanne ouchy,luzern,2024-03-10,2,1
jVpXgZhK,SW1,young boys,basel,2024-03-10,5,1
pYcoWV0D,SW1,servette,lausanne,2024-03-10,3,1
6sasXBo7,SW1,st. gallen,lugano,2024-03-09,2,3
AF5YYXGf,SW1,winterthur,grasshoppers,2024-03-09,2,0
OI9xYiW0,SW1,yverdon,zurich,2024-03-09,3,2
x27Qzfnr,SW1,winterthur,yverdon,2024-03-03,2,1
Gh6UZD1l,SW1,zurich,young boys,2024-03-03,1,0
d8PcuzvR,SW1,luzern,lugano,2024-03-03,0,1
IHQgtGOK,SW1,basel,lausanne,2024-03-02,1,2
OfRksd9E,SW1,lausanne ouchy,grasshoppers,2024-03-02,1,1
Q98nrxf8,SW1,servette,st. gallen,2024-03-02,2,0
840m5HEm,SW1,lausanne,winterthur,2024-02-25,1,1
neai4yUg,SW1,young boys,servette,2024-02-25,0,1
Shqj6cas,SW1,lugano,zurich,2024-02-25,2,0
O4U3JhH7,SW1,grasshoppers,luzern,2024-02-24,0,1
GvReLEne,SW1,st. gallen,lausanne ouchy,2024-02-24,1,0
pEVaKY11,SW1,yverdon,basel,2024-02-24,0,2
fPxmNzIr,SW1,luzern,zurich,2024-02-18,0,1
xlSiMfXl,SW1,servette,lugano,2024-02-18,2,1
I3oLRG9R,SW1,young boys,lausanne ouchy,2024-02-18,1,0
OtnHSdfL,SW1,grasshoppers,basel,2024-02-17,2,1
4vWFUIP8,SW1,lausanne,yverdon,2024-02-17,3,1
pjmDTxuF,SW1,st. gallen,winterthur,2024-02-17,2,2
CpqU6FX1,SW1,basel,st. gallen,2024-02-11,1,0
QmXBVbA2,SW1,yverdon,servette,2024-02-11,2,1
bsuQ7eIe,SW1,winterthur,luzern,2024-02-11,2,1
GIkL8y3k,SW1,lugano,young boys,2024-02-10,3,3
pzakEcuS,SW1,lausanne ouchy,lausanne,2024-02-10,1,1
xSjH9Hmq,SW1,zurich,grasshoppers,2024-02-10,1,0
QPOhwb09,SW1,luzern,st. gallen,2024-02-04,1,0
vTSdxIFF,SW1,servette,lausanne ouchy,2024-02-04,3,1
YkS0yxVL,SW1,yverdon,zurich,2024-02-04,3,0
x4n2Gzgd,SW1,basel,lugano,2024-02-03,0,1
4AzpuKVd,SW1,grasshoppers,winterthur,2024-02-03,0,1
r1Zmvvo3,SW1,lausanne,young boys,2024-02-03,0,1
YTSBf9gT,SW1,aarau,grasshoppers,2025-05-30,1,0
02F4dVOG,SW1,grasshoppers,aarau,2025-05-27,4,0
2PjLODcK,SW1,basel,luzern,2025-05-24,4,0
MTDY0A5D,SW1,lugano,young boys,2025-05-24,1,1
E3AQ2Wz1,SW1,servette,lausanne,2025-05-24,3,3
23FpCzEE,SW1,grasshoppers,st. gallen,2025-05-22,2,0
f1fP4h6l,SW1,winterthur,sion,2025-05-22,2,0
bV8gAErR,SW1,yverdon,zurich,2025-05-22,3,2
zcNblXL7,SW1,lausanne,lugano,2025-05-18,1,1
EsZkjgie,SW1,luzern,servette,2025-05-18,3,4
8pWshFMr,SW1,young boys,basel,2025-05-18,6,2
l0kBcyaL,SW1,sion,grasshoppers,2025-05-17,2,1
Gni3acU8,SW1,st. gallen,zurich,2025-05-17,3,2
0v9Gyfx2,SW1,winterthur,yverdon,2025-05-17,2,2
SCe9wG7k,SW1,servette,lugano,2025-05-15,4,1
ruKxqxpS,SW1,young boys,luzern,2025-05-15,2,1
zFGUpbFF,SW1,grasshoppers,yverdon,2025-05-14,5,0
vmNLnKp3,SW1,lausanne,basel,2025-05-14,2,3
ngzzPGhd,SW1,sion,st. gallen,2025-05-13,1,1
hfsRQxOq,SW1,zurich,winterthur,2025-05-13,4,1
neFgqovB,SW1,servette,young boys,2025-05-11,0,0
QuRpo79b,SW1,luzern,lausanne,2025-05-11,1,1
IFNxmTvn,SW1,lugano,basel,2025-05-10,2,5
GEVZSPgU,SW1,st. gallen,winterthur,2025-05-10,1,4
r1XRUoPH,SW1,yverdon,sion,2025-05-10,1,1
nZwJW7f5,SW1,zurich,grasshoppers,2025-05-10,3,0
rmhgGnAO,SW1,yverdon,st. gallen,2025-05-06,1,1
Ign2zjet,SW1,basel,servette,2025-05-04,5,1
v9zBYTPh,SW1,luzern,lugano,2025-05-04,0,2
nLbpI8uC,SW1,sion,zurich,2025-05-04,2,1
E70xKUAa,SW1,lausanne,young boys,2025-05-03,3,2
Iu7TLjtm,SW1,winterthur,grasshoppers,2025-05-03,2,0
Ukoog0X0,SW1,basel,yverdon,2025-04-21,5,0
GrRuFsfK,SW1,lausanne,lugano,2025-04-21,2,0
zT7C9LHs,SW1,servette,luzern,2025-04-21,2,1
rgBK7anf,SW1,st. gallen,sion,2025-04-21,1,0
48aT5wH6,SW1,young boys,zurich,2025-04-21,2,1
Olvfiv2D,SW1,grasshoppers,winterthur,2025-04-19,0,1
xh660ruR,SW1,luzern,young boys,2025-04-13,5,0
MPsweM2l,SW1,sion,servette,2025-04-13,1,1
UR2b24AE,SW1,lugano,st. gallen,2025-04-13,1,1
jqbJv1I7,SW1,zurich,basel,2025-04-12,0,4
M362rqJr,SW1,winterthur,lausanne,2025-04-12,1,0
IVaBtNme,SW1,yverdon,grasshoppers,2025-04-12,1,2
fkjM2D4c,SW1,basel,lugano,2025-04-06,2,0
G4vV0iZ9,SW1,grasshoppers,luzern,2025-04-06,3,1
r1qyuACj,SW1,st. gallen,servette,2025-04-06,1,0
OG24pWlT,SW1,young boys,yverdon,2025-04-05,1,1
fyBmlEk4,SW1,lausanne,sion,2025-04-05,2,0
j34dnhKG,SW1,winterthur,zurich,2025-04-05,0,0
SOZhSWSp,SW1,basel,grasshoppers,2025-04-03,2,1
8KCujzLi,SW1,luzern,st. gallen,2025-04-03,1,1
0EkEZEzB,SW1,sion,winterthur,2025-04-02,1,2
dtqNXh5N,SW1,zurich,lausanne,2025-04-02,2,2
Y1bcwcyn,SW1,servette,young boys,2025-04-01,0,1
S0i6yy6b,SW1,yverdon,lugano,2025-04-01,0,2
MNUvLFLH,SW1,grasshoppers,zurich,2025-03-30,1,2
rwJmJgjU,SW1,lausanne,luzern,2025-03-30,1,4
EcRWMyi5,SW1,winterthur,basel,2025-03-30,0,2
8pdWOcMh,SW1,lugano,servette,2025-03-29,0,2
fwtGM7uP,SW1,sion,yverdon,2025-03-29,1,1
zXcOQJit,SW1,young boys,st. gallen,2025-03-29,1,0
QclaQkt0,SW1,basel,young boys,2025-03-16,1,2
nDx8OTAC,SW1,lugano,winterthur,2025-03-16,2,1
K0oiSBBm,SW1,grasshoppers,sion,2025-03-16,1,1
QaTIpKRE,SW1,zurich,luzern,2025-03-15,3,2
xvmOOx5e,SW1,servette,yverdon,2025-03-15,2,3
Y5tXMGZ7,SW1,st. gallen,lausanne,2025-03-15,0,2
6kDqWKCL,SW1,luzern,basel,2025-03-09,1,1
jNlGQbzq,SW1,sion,lugano,2025-03-09,2,1
bP9yYtr9,SW1,zurich,servette,2025-03-09,1,3
rHRlAwj2,SW1,st. gallen,grasshoppers,2025-03-08,3,1
6yYAHLcS,SW1,young boys,lausanne,2025-03-08,3,0
A3TtCaLk,SW1,yverdon,winterthur,2025-03-08,2,1
xdtfL3b3,SW1,grasshoppers,young boys,2025-03-02,1,0
bBU2JsTF,SW1,yverdon,luzern,2025-03-02,2,2
Akl8c06d,SW1,lugano,zurich,2025-03-02,0,3
jmY6aMyp,SW1,lausanne,servette,2025-03-01,0,1
bkgS64qA,SW1,basel,sion,2025-03-01,2,0
fHny5rEM,SW1,winterthur,st. gallen,2025-03-01,4,0
ATCXpNMj,SW1,servette,winterthur,2025-02-23,3,1
jPkK8QEc,SW1,young boys,lugano,2025-02-23,1,0
tEM1jqaT,SW1,luzern,sion,2025-02-23,2,1
pnThh5UG,SW1,st. gallen,basel,2025-02-22,2,2
G6yxdmVi,SW1,lausanne,grasshoppers,2025-02-22,2,2
CYUpfRa4,SW1,zurich,yverdon,2025-02-22,2,1
4AMIjhgC,SW1,basel,lausanne,2025-02-16,1,1
ObZjYqwo,SW1,grasshoppers,servette,2025-02-16,1,2
dpJAhEOa,SW1,yverdon,st. gallen,2025-02-16,1,0
0IP1fzfm,SW1,winterthur,young boys,2025-02-15,1,0
j7dqxgvJ,SW1,lugano,luzern,2025-02-15,2,0
4nvWadWP,SW1,sion,zurich,2025-02-15,2,1
MR4Suyuf,SW1,luzern,winterthur,2025-02-09,3,2
rsgyvF96,SW1,zurich,st. gallen,2025-02-09,1,2
E11KscAs,SW1,servette,basel,2025-02-09,2,1
WtbemJnK,SW1,young boys,sion,2025-02-08,5,1
rLH0RyQ0,SW1,lausanne,yverdon,2025-02-08,4,1
vmB9PFfD,SW1,lugano,grasshoppers,2025-02-08,1,1
0f1ZdN7r,SW1,basel,luzern,2025-02-06,2,1
UXcAbzqm,SW1,winterthur,zurich,2025-02-06,0,2
zXuxHraE,SW1,st. gallen,lugano,2025-02-05,2,1
2odIdEDa,SW1,young boys,yverdon,2025-02-05,6,1
8K4se1xe,SW1,grasshoppers,lausanne,2025-02-04,2,2
UZhjgu77,SW1,sion,servette,2025-02-04,3,3
W4dygBx0,SW1,st. gallen,lugano,2026-03-17,1,1
j9T19WMt,SW1,basel,servette,2026-03-15,3,1
0plhkTyP,SW1,luzern,winterthur,2026-03-15,1,2
vVaqik7C,SW1,lausanne,young boys,2026-03-15,0,2
QiRzeX7m,SW1,thun,grasshoppers,2026-03-14,5,1
ULu50gpQ,SW1,zurich,sion,2026-03-14,1,2
EDcIxjhJ,SW1,grasshoppers,lausanne,2026-03-08,2,3
pY51tYhf,SW1,young boys,thun,2026-03-08,1,2
vy3grfOs,SW1,st. gallen,basel,2026-03-08,3,0
KjMMmG0K,SW1,lugano,luzern,2026-03-07,1,3
SdZzQC8D,SW1,servette,zurich,2026-03-07,2,1
WUuSRYw1,SW1,sion,winterthur,2026-03-07,1,1
pEsKTf9l,SW1,basel,grasshoppers,2026-03-05,1,0
QPUon3PF,SW1,thun,st. gallen,2026-03-05,2,2
IaRwlPf3,SW1,lugano,sion,2026-03-04,2,1
2iqiQL2d,SW1,luzern,young boys,2026-03-04,1,2
UwoqSsYq,SW1,zurich,lausanne,2026-03-04,1,2
QBkDX3AM,SW1,winterthur,servette,2026-03-03,1,1
Ion5ZPuA,SW1,grasshoppers,lugano,2026-03-01,1,0
dWcdynBc,SW1,young boys,zurich,2026-03-01,3,0
UP5ADrJj,SW1,lausanne,basel,2026-03-01,1,2
n52oJ4eT,SW1,servette,sion,2026-02-28,0,0
Ei4wLQQG,SW1,st. gallen,winterthur,2026-02-28,2,1
IPAUMnd4,SW1,thun,luzern,2026-02-28,2,1
zsgvCVsn,SW1,winterthur,thun,2026-02-25,0,3
Aa7MO8Ri,SW1,lugano,lausanne,2026-02-22,2,1
U3UZ05Zp,SW1,luzern,basel,2026-02-22,4,2
0lv46RBN,SW1,sion,young boys,2026-02-22,3,1
4Mpe8msB,SW1,grasshoppers,zurich,2026-02-21,1,2
W8nmA9Cb,SW1,servette,st. gallen,2026-02-21,1,1
UTHhiLM5,SW1,winterthur,st. gallen,2026-02-18,1,5
KG3ViSdU,SW1,basel,lugano,2026-02-15,1,1
b1FMglSH,SW1,lausanne,servette,2026-02-15,3,3
jyCEeAc5,SW1,thun,sion,2026-02-15,1,0
f9I5cWSh,SW1,young boys,winterthur,2026-02-14,6,1
AsEohyiD,SW1,st. gallen,grasshoppers,2026-02-14,0,0
MeKcahbt,SW1,zurich,luzern,2026-02-14,1,4
2HAwfcM0,SW1,sion,basel,2026-02-12,2,0
t2MUeJil,SW1,thun,lausanne,2026-02-12,5,1
AJVb1uUQ,SW1,lugano,servette,2026-02-11,1,1
jHFc31aE,SW1,st. gallen,young boys,2026-02-11,2,1
bNSBub77,SW1,zurich,winterthur,2026-02-11,3,0
2eZ2sKxe,SW1,luzern,grasshoppers,2026-02-10,4,3
fVVfqt8r,SW1,basel,zurich,2026-02-08,2,1
AcfOl2pL,SW1,lausanne,st. gallen,2026-02-08,1,1
IkxHjOF8,SW1,servette,thun,2026-02-08,1,3
0E7WrCd2,SW1,grasshoppers,young boys,2026-02-07,1,1
S09OpYRk,SW1,sion,luzern,2026-02-07,0,0
8GSijf4S,SW1,winterthur,lugano,2026-02-07,1,1
AHWj4SHi,SW1,basel,thun,2026-02-01,1,2
QgtZG51c,SW1,young boys,zurich,2026-02-01,3,0
ImJ70pHG,SW1,luzern,st. gallen,2026-02-01,2,2
WWKa26n4,SW1,grasshoppers,lugano,2026-01-31,1,1
EFCGbOoT,SW1,servette,sion,2026-01-31,3,3
Aobng29j,SW1,winterthur,lausanne,2026-01-31,2,1
jDaQm7XA,SW1,st. gallen,servette,2026-01-25,2,4
rBv5tPPp,SW1,zurich,basel,2026-01-25,3,4
OQcYoo2N,SW1,thun,young boys,2026-01-25,4,1
dE6HkT2b,SW1,sion,luzern,2026-01-24,1,1
r7j1mwMU,SW1,lausanne,grasshoppers,2026-01-24,1,1
ll39ikYo,SW1,lugano,winterthur,2026-01-24,4,1
EgLHk8o1,SW1,basel,sion,2026-01-18,1,1
z99QmnGD,SW1,grasshoppers,thun,2026-01-18,1,3
dGJpgshg,SW1,servette,zurich,2026-01-18,1,1
zsmgkaiI,SW1,young boys,lausanne,2026-01-17,1,3
0lQye3Nt,SW1,luzern,lugano,2026-01-17,2,5
MNxNVDfS,SW1,servette,lausanne,2026-01-14,0,1
lCywcjgR,SW1,sion,winterthur,2026-01-14,2,0
EZdzwV1e,SW1,grasshoppers,st. gallen,2025-12-21,1,2
GbwVbCOE,SW1,lugano,young boys,2025-12-21,3,0
0jery9W7,SW1,lausanne,luzern,2025-12-21,0,4
hK8RviXr,SW1,basel,servette,2025-12-20,1,1
8dI9iUGl,SW1,thun,zurich,2025-12-20,4,2
08lEXZPF,SW1,luzern,basel,2025-12-17,1,2
Q9OnnZv9,SW1,young boys,grasshoppers,2025-12-17,2,6
MyIepD9L,SW1,zurich,lugano,2025-12-17,0,1
h6ThQiIk,SW1,st. gallen,sion,2025-12-16,3,1
YFy1OVn2,SW1,winterthur,thun,2025-12-16,1,4
hM9VMIBc,SW1,basel,lausanne,2025-12-14,0,0
EybvLdtA,SW1,lugano,servette,2025-12-14,4,2
EatRBh3d,SW1,young boys,luzern,2025-12-14,2,0
tnrJDEYq,SW1,thun,st. gallen,2025-12-13,0,2
M11nJzBM,SW1,sion,grasshoppers,2025-12-13,1,0
hro6Zee3,SW1,zurich,winterthur,2025-12-13,2,2
WzemNR5t,SW1,lausanne,lugano,2025-12-07,0,0
428fL5zg,SW1,sion,young boys,2025-12-07,2,0
SrIqaFJj,SW1,winterthur,basel,2025-12-07,1,2
0U13Jq55,SW1,st. gallen,zurich,2025-12-06,1,2
SMUx3OKO,SW1,grasshoppers,servette,2025-12-06,0,1
Ys0BHNZH,SW1,thun,luzern,2025-12-06,4,1
pvDnh766,SW1,basel,st. gallen,2025-11-30,0,0
6g1ejoyJ,SW1,lausanne,thun,2025-11-30,2,1
OUXL66La,SW1,servette,young boys,2025-11-30,4,4
jHZD8Sjm,SW1,luzern,winterthur,2025-11-29,1,3
YagsElTP,SW1,lugano,sion,2025-11-29,1,1
KdRU4pjC,SW1,zurich,grasshoppers,2025-11-29,1,0
nNw1heqh,SW1,lugano,st. gallen,2025-11-26,1,3
xhY3sjhl,SW1,grasshoppers,basel,2025-11-23,1,1
Mu871BqK,SW1,st. gallen,lausanne,2025-11-23,1,0
6XPKw8iD,SW1,sion,zurich,2025-11-23,2,2
IBgwdk7s,SW1,thun,lugano,2025-11-22,0,1
b7MCuUM0,SW1,luzern,servette,2025-11-22,2,2
xE9vfTyf,SW1,young boys,winterthur,2025-11-22,5,0
jNfNUC8r,SW1,lausanne,sion,2025-11-09,2,2
Y5nvRU77,SW1,st. gallen,young boys,2025-11-09,1,4
WYskmLO9,SW1,basel,lugano,2025-11-09,0,1
l8i716G4,DK1,aalborg,viborg,2022-05-29,1,2
65HeakaH,DK1,brondby,silkeborg,2022-05-22,2,1
buEm1BU4,DK1,fc copenhagen,aalborg,2022-05-22,3,0
xWCi0VqB,DK1,midtjylland,randers fc,2022-05-22,3,2
b17SIzd7,DK1,aarhus,nordsjaelland,2022-05-21,2,2
E9kFtvlE,DK1,sonderjyske,viborg,2022-05-21,0,2
C4BWHfBD,DK1,vejle,odense,2022-05-21,2,1
GGOr2iFb,DK1,silkeborg,midtjylland,2022-05-16,1,4
4v8OJGt1,DK1,viborg,aarhus,2022-05-15,1,0
2DKv3Xah,DK1,aalborg,brondby,2022-05-15,1,3
8jLz4Dpn,DK1,randers fc,fc copenhagen,2022-05-15,0,2
pxhNLxCl,DK1,nordsjaelland,vejle,2022-05-15,2,1
Qm9KKdRf,DK1,odense,sonderjyske,2022-05-15,1,1
UaMW4gVu,DK1,midtjylland,brondby,2022-05-12,2,2
6ogJMIdr,DK1,odense,viborg,2022-05-12,1,1
EkVkvoSF,DK1,vejle,aarhus,2022-05-12,1,0
6kTXqAaU,DK1,fc copenhagen,silkeborg,2022-05-11,2,1
SbUTpjpO,DK1,randers fc,aalborg,2022-05-11,2,2
0nRouRC9,DK1,sonderjyske,nordsjaelland,2022-05-11,1,1
INyst7c3,DK1,viborg,vejle,2022-05-09,2,2
vXxwsmrc,DK1,aarhus,sonderjyske,2022-05-08,1,1
YyVPoWUH,DK1,aalborg,midtjylland,2022-05-08,1,2
KYQLnCFB,DK1,brondby,fc copenhagen,2022-05-08,1,1
jHqeI35d,DK1,nordsjaelland,odense,2022-05-08,1,1
xAyHmh05,DK1,silkeborg,randers fc,2022-05-06,1,0
bJxDlYpa,DK1,silkeborg,aalborg,2022-05-02,4,2
UqY8kEVh,DK1,midtjylland,fc copenhagen,2022-05-01,0,0
jgZ4jfGn,DK1,randers fc,brondby,2022-05-01,2,1
U1enKPzp,DK1,odense,aarhus,2022-05-01,1,0
CQpiJqjj,DK1,vejle,sonderjyske,2022-05-01,0,3
f94KO5SS,DK1,viborg,nordsjaelland,2022-04-29,1,1
pdGab9EN,DK1,brondby,midtjylland,2022-04-25,1,3
0n5GPoDM,DK1,aarhus,odense,2022-04-24,1,2
8Uq0iz1t,DK1,fc copenhagen,randers fc,2022-04-24,0,1
CA2X82WD,DK1,aalborg,silkeborg,2022-04-24,1,2
Me6CQRcG,DK1,nordsjaelland,viborg,2022-04-24,2,0
4KB7R7rA,DK1,sonderjyske,vejle,2022-04-22,0,1
b7EkpJgD,DK1,randers fc,silkeborg,2022-04-19,1,2
KGFooav7,DK1,midtjylland,aalborg,2022-04-18,2,0
2uLtnuP0,DK1,fc copenhagen,brondby,2022-04-18,2,0
W6DaTTDc,DK1,sonderjyske,aarhus,2022-04-18,2,1
QTC3SmT3,DK1,vejle,nordsjaelland,2022-04-18,0,0
I39eU9bi,DK1,viborg,odense,2022-04-17,1,1
GbVC5QLj,DK1,nordsjaelland,sonderjyske,2022-04-15,2,0
OlMxmL9f,DK1,brondby,aalborg,2022-04-14,0,1
URMYm1fl,DK1,silkeborg,fc copenhagen,2022-04-14,3,1
x8W8666p,DK1,aarhus,viborg,2022-04-14,0,2
KEUsBnbT,DK1,odense,vejle,2022-04-14,2,1
GOIUlsur,DK1,randers fc,midtjylland,2022-04-13,1,3
tOVwCSrN,DK1,vejle,viborg,2022-04-11,2,2
Ast2gNWQ,DK1,fc copenhagen,midtjylland,2022-04-10,1,0
Wjsbf3HK,DK1,silkeborg,brondby,2022-04-10,3,0
batZC8TG,DK1,nordsjaelland,aarhus,2022-04-10,2,2
pdxVDlEA,DK1,sonderjyske,odense,2022-04-10,2,2
OQsfeq2E,DK1,aalborg,randers fc,2022-04-08,3,0
pzqjdPn8,DK1,midtjylland,silkeborg,2022-04-04,3,2
rV47XuA7,DK1,aalborg,fc copenhagen,2022-04-03,0,1
UR03YLf1,DK1,brondby,randers fc,2022-04-03,0,1
CrvNFAqb,DK1,aarhus,vejle,2022-04-03,0,0
jZxREUb4,DK1,odense,nordsjaelland,2022-04-03,2,1
f7qIGjUi,DK1,viborg,sonderjyske,2022-04-01,2,1
4nCJruFf,DK1,aalborg,brondby,2022-03-20,3,0
8KIAp1pr,DK1,aarhus,viborg,2022-03-20,1,1
nBHEqLal,DK1,fc copenhagen,nordsjaelland,2022-03-20,1,0
lzEVuwaD,DK1,silkeborg,midtjylland,2022-03-20,0,1
x0ARtJq7,DK1,sonderjyske,randers fc,2022-03-20,1,1
rwBNsaU0,DK1,vejle,odense,2022-03-20,2,0
t62U4VVd,DK1,odense,aalborg,2022-03-14,2,3
EaEntngd,DK1,midtjylland,fc copenhagen,2022-03-13,0,1
z9FrsSwj,DK1,brondby,aarhus,2022-03-13,1,1
GOfs2TFF,DK1,randers fc,silkeborg,2022-03-13,2,1
2Ljw3909,DK1,viborg,vejle,2022-03-13,2,0
Kd1Y3ko3,DK1,nordsjaelland,sonderjyske,2022-03-11,1,1
QZuakjW9,DK1,aarhus,nordsjaelland,2022-03-07,2,3
hpQwr8Oq,DK1,silkeborg,brondby,2022-03-06,0,1
M1Z7mU0M,DK1,aalborg,vejle,2022-03-06,0,0
GOYBnlGS,DK1,sonderjyske,odense,2022-03-06,2,2
rBz4lAoG,DK1,fc copenhagen,randers fc,2022-03-04,3,0
nqsejWG3,DK1,midtjylland,viborg,2022-03-04,3,1
rceVZAWM,DK1,brondby,sonderjyske,2022-02-28,1,0
Eun1Ulfp,DK1,odense,midtjylland,2022-02-27,2,2
hMsiiC1c,DK1,viborg,fc copenhagen,2022-02-27,0,2
MmfZYUoT,DK1,aalborg,silkeborg,2022-02-27,1,4
hWp5T89j,DK1,nordsjaelland,randers fc,2022-02-27,0,0
fyPmhhni,DK1,vejle,aarhus,2022-02-25,3,2
h82IxDn4,DK1,randers fc,viborg,2022-02-21,0,1
Y5nHvZHi,DK1,fc copenhagen,odense,2022-02-20,2,0
EH3EwgXc,DK1,nordsjaelland,brondby,2022-02-20,0,2
fFmDuF2o,DK1,midtjylland,aalborg,2022-02-20,0,2
0Y5QziHG,DK1,silkeborg,vejle,2022-02-20,3,0
nV1MyX1A,DK1,sonderjyske,aarhus,2022-02-18,2,3
MRIbMi2N,DK1,vejle,midtjylland,2021-11-29,1,1
E1FjODXA,DK1,aalborg,fc copenhagen,2021-11-28,1,3
hnRsQZ2b,DK1,brondby,randers fc,2021-11-28,1,0
ryKfNXnH,DK1,odense,nordsjaelland,2021-11-28,2,0
4j83LBHT,DK1,viborg,sonderjyske,2021-11-28,1,1
zBGnPgI4,DK1,aarhus,silkeborg,2021-11-26,1,1
tCNwRFmh,DK1,sonderjyske,aalborg,2021-11-22,1,3
Ys8JP5iI,DK1,midtjylland,brondby,2021-11-21,1,2
S47NOP6O,DK1,fc copenhagen,aarhus,2021-11-21,1,1
8bPVSyJu,DK1,nordsjaelland,silkeborg,2021-11-21,1,1
nkOZReYo,DK1,randers fc,vejle,2021-11-21,4,1
6e6RNqMU,DK1,odense,viborg,2021-11-19,2,3
Kv4FQoxC,DK1,silkeborg,fc copenhagen,2021-11-07,0,0
rZCfV9Nt,DK1,brondby,odense,2021-11-07,2,1
Qc2aUTxm,DK1,aarhus,midtjylland,2021-11-07,3,0
4l13Tmhg,DK1,aalborg,randers fc,2021-11-07,1,1
bPF6S77a,DK1,vejle,sonderjyske,2021-11-07,3,1
Ey4YK8je,DK1,viborg,midtjylland,2023-06-09,0,1
29rlqMiF,DK1,aarhus,brondby,2023-06-04,3,3
8nqpp2x9,DK1,fc copenhagen,randers fc,2023-06-04,1,1
UeptorN2,DK1,nordsjaelland,viborg,2023-06-04,0,0
82kC4TJh,DK1,aalborg,silkeborg,2023-06-03,0,1
M5gG3mZb,DK1,horsens,lyngby,2023-06-03,0,0
Qw07594n,DK1,midtjylland,odense,2023-06-03,4,2
hv1cMbp2,DK1,randers fc,aarhus,2023-05-30,1,3
Em2gNvVe,DK1,brondby,nordsjaelland,2023-05-29,5,1
KQ2kOKFk,DK1,viborg,fc copenhagen,2023-05-29,1,2
nm136kkt,DK1,lyngby,aalborg,2023-05-29,2,1
ADAbo6JU,DK1,silkeborg,midtjylland,2023-05-29,3,3
WMBfnn4O,DK1,odense,horsens,2023-05-26,2,1
6NboP00q,DK1,nordsjaelland,randers fc,2023-05-22,3,1
0tMITthS,DK1,fc copenhagen,aarhus,2023-05-21,4,3
MkNEUMxM,DK1,viborg,brondby,2023-05-21,1,1
tYIsklK5,DK1,aalborg,midtjylland,2023-05-21,0,2
zeIol8ZB,DK1,lyngby,odense,2023-05-21,0,4
lbMkmSlI,DK1,horsens,silkeborg,2023-05-19,0,1
EPNAV2NF,DK1,randers fc,viborg,2023-05-15,0,2
zZO6Wr89,DK1,aarhus,nordsjaelland,2023-05-14,1,1
hAZ1XOh3,DK1,brondby,fc copenhagen,2023-05-14,1,3
p6PYjAkg,DK1,midtjylland,horsens,2023-05-14,3,1
2sKwjU4a,DK1,silkeborg,lyngby,2023-05-14,1,0
6FQUijzm,DK1,odense,aalborg,2023-05-12,1,1
v7VcY4wc,DK1,nordsjaelland,fc copenhagen,2023-05-08,3,2
Q3sG9L0d,DK1,aarhus,viborg,2023-05-07,3,0
nDrCA1oj,DK1,randers fc,brondby,2023-05-07,1,3
x0zacCCP,DK1,lyngby,midtjylland,2023-05-07,2,1
ChRQhWKt,DK1,silkeborg,odense,2023-05-07,0,1
zedGYSZO,DK1,aalborg,horsens,2023-05-07,4,0
d4cCZ8KI,DK1,midtjylland,silkeborg,2023-05-01,3,0
Uyl7BsWq,DK1,nordsjaelland,aarhus,2023-04-30,0,1
SS1uGNNS,DK1,fc copenhagen,brondby,2023-04-30,0,1
SUh8zk5C,DK1,aalborg,lyngby,2023-04-30,1,0
Y52yH38M,DK1,viborg,randers fc,2023-04-30,3,1
lvf4yVk6,DK1,horsens,odense,2023-04-28,2,2
6F4axBz0,DK1,odense,lyngby,2023-04-24,2,2
MVbXHqgG,DK1,aarhus,fc copenhagen,2023-04-23,0,0
v79SIPwA,DK1,brondby,randers fc,2023-04-23,0,4
hC0ewiLg,DK1,horsens,midtjylland,2023-04-23,0,2
0GAOJ5O3,DK1,viborg,nordsjaelland,2023-04-23,1,0
bk1ivX5m,DK1,silkeborg,aalborg,2023-04-21,2,2
Wt6KKo9c,DK1,randers fc,nordsjaelland,2023-04-17,1,1
hj7GLRgi,DK1,brondby,aarhus,2023-04-16,1,0
joTXdrHj,DK1,fc copenhagen,viborg,2023-04-16,2,1
Kb2muDjs,DK1,lyngby,horsens,2023-04-16,2,1
GUcSqgrQ,DK1,odense,silkeborg,2023-04-16,2,0
xvaOpZSJ,DK1,midtjylland,aalborg,2023-04-14,1,1
OzBtMkjJ,DK1,silkeborg,horsens,2023-04-11,1,2
xrPTcO1p,DK1,nordsjaelland,brondby,2023-04-10,2,1
K2x224gT,DK1,randers fc,fc copenhagen,2023-04-10,1,0
S8HXNBL6,DK1,aalborg,odense,2023-04-10,2,3
AX6xNVzD,DK1,midtjylland,lyngby,2023-04-10,1,0
tCwb3pvN,DK1,viborg,aarhus,2023-04-09,0,1
Ek714QOG,DK1,aarhus,randers fc,2023-04-03,1,1
za8c569A,DK1,fc copenhagen,nordsjaelland,2023-04-02,2,1
tx9g6nf4,DK1,brondby,viborg,2023-04-02,0,3
KrEPPXjf,DK1,horsens,aalborg,2023-04-02,0,4
lIITOi60,DK1,lyngby,silkeborg,2023-04-02,1,1
thFLQDyl,DK1,odense,midtjylland,2023-03-31,1,3
QikjPaAM,DK1,aalborg,randers fc,2023-03-19,0,1
IRorRLuA,DK1,aarhus,odense,2023-03-19,1,0
ClonQueG,DK1,fc copenhagen,viborg,2023-03-19,2,1
vaVQIcmj,DK1,lyngby,horsens,2023-03-19,1,1
8GveOJPS,DK1,nordsjaelland,brondby,2023-03-19,2,1
APQMJwYq,DK1,silkeborg,midtjylland,2023-03-19,3,3
6Vre5vJj,DK1,randers fc,aarhus,2023-03-13,1,2
CUQMNnZH,DK1,brondby,silkeborg,2023-03-12,2,1
hSvi6K3p,DK1,horsens,fc copenhagen,2023-03-12,1,4
vymvS1Q3,DK1,midtjylland,lyngby,2023-03-12,1,3
bPVtTsBc,DK1,viborg,nordsjaelland,2023-03-12,1,1
KYWxUNei,DK1,odense,aalborg,2023-03-10,2,1
rkZ5RUZh,DK1,aalborg,midtjylland,2023-03-06,0,0
WEV1SAKn,DK1,fc copenhagen,odense,2023-03-05,7,0
QDOAQlka,DK1,lyngby,brondby,2023-03-05,1,0
44NEP845,DK1,silkeborg,nordsjaelland,2023-03-05,2,1
YwSIOSJB,DK1,viborg,randers fc,2023-03-05,2,2
xhWcTj5t,DK1,aarhus,horsens,2023-03-03,2,0
Kz2qAT4I,DK1,midtjylland,brondby,2023-02-27,0,1
Uo9WCVKa,DK1,aarhus,silkeborg,2023-02-26,1,1
bR0m9mKO,DK1,fc copenhagen,aalborg,2023-02-26,1,0
QD2uB9kC,DK1,horsens,viborg,2023-02-26,0,3
zqpWXWdP,DK1,randers fc,lyngby,2023-02-26,1,0
CAbyCkz6,DK1,nordsjaelland,odense,2023-02-24,4,2
dKePEijm,DK1,viborg,midtjylland,2023-02-20,0,4
ptS6dAzJ,DK1,brondby,horsens,2023-02-19,5,2
jeASDB5g,DK1,silkeborg,fc copenhagen,2023-02-19,0,3
ITdLFXzs,DK1,lyngby,nordsjaelland,2023-02-19,1,1
CnKhKDSP,DK1,odense,randers fc,2023-02-19,0,0
bqGlLgDJ,DK1,aalborg,aarhus,2023-02-17,0,1
ANZgaCj0,DK1,randers fc,midtjylland,2022-11-13,0,0
lEYcbW56,DK1,nordsjaelland,aalborg,2022-11-13,5,1
M1ss2E6s,DK1,brondby,viborg,2022-11-13,0,2
4QWo1YLm,DK1,aarhus,fc copenhagen,2022-11-13,0,2
G0zj0hyf,DK1,horsens,odense,2022-11-13,3,3
6kT2cjLC,DK1,silkeborg,lyngby,2022-11-12,0,2
2cAGogM0,DK1,midtjylland,nordsjaelland,2022-11-07,0,0
jJjB7zqK,DK1,odense,brondby,2022-11-06,1,1
dK9KpDy7,DK1,fc copenhagen,lyngby,2022-11-06,3,0
ANDOqXjD,DK1,aalborg,silkeborg,2022-11-06,1,2
KheF6fbQ,DK1,viborg,aarhus,2022-11-06,1,1
CSi78GTD,DK1,horsens,randers fc,2022-11-04,5,1
jcFzecaE,DK1,midtjylland,odense,2022-10-31,1,2
MiOHrp54,DK1,fc copenhagen,randers fc,2024-05-31,2,1
CCiAZx1p,DK1,brondby,aarhus,2024-05-26,2,3
fX4rvJhT,DK1,fc copenhagen,nordsjaelland,2024-05-26,1,1
rc1vuawN,DK1,midtjylland,silkeborg,2024-05-26,3,3
xClcMmSJ,DK1,hvidovre if,lyngby,2024-05-25,0,0
G2m1L7sQ,DK1,randers fc,vejle,2024-05-25,1,0
MqQTGRks,DK1,viborg,odense,2024-05-25,2,1
0YBZuuOG,DK1,aarhus,fc copenhagen,2024-05-21,3,2
MsDVtL8A,DK1,nordsjaelland,midtjylland,2024-05-20,3,3
h88Rs1g4,DK1,silkeborg,brondby,2024-05-20,0,2
ldeFc4kJ,DK1,lyngby,viborg,2024-05-20,3,1
A5dBbpzD,DK1,vejle,hvidovre if,2024-05-20,2,0
St76aQK6,DK1,odense,randers fc,2024-05-19,2,0
EH9Nrsvb,DK1,fc copenhagen,midtjylland,2024-05-16,1,2
WhKIqNOi,DK1,aarhus,silkeborg,2024-05-16,0,1
Ew320650,DK1,hvidovre if,odense,2024-05-16,1,2
IkGEp39o,DK1,brondby,nordsjaelland,2024-05-15,1,0
tQ4f2Szl,DK1,randers fc,viborg,2024-05-15,1,0
KG3b1njf,DK1,vejle,lyngby,2024-05-15,1,0
4nSWLJWp,DK1,nordsjaelland,silkeborg,2024-05-12,4,1
2wt5QaOT,DK1,midtjylland,aarhus,2024-05-12,2,1
zH98Ru9N,DK1,brondby,fc copenhagen,2024-05-12,1,3
b51V7lDQ,DK1,randers fc,hvidovre if,2024-05-12,2,2
0Emc38Ls,DK1,viborg,vejle,2024-05-12,1,2
4r2R8UcK,DK1,odense,lyngby,2024-05-10,1,2
jubN9ArE,DK1,vejle,odense,2024-05-06,3,2
dQA4SLgH,DK1,midtjylland,brondby,2024-05-05,3,2
23B0T1vB,DK1,silkeborg,fc copenhagen,2024-05-05,0,3
AqLzn7j7,DK1,hvidovre if,viborg,2024-05-05,0,1
lzKvoR5D,DK1,lyngby,randers fc,2024-05-05,2,1
l07dUsP4,DK1,aarhus,nordsjaelland,2024-05-03,1,3
6yIiVN9b,DK1,silkeborg,midtjylland,2024-04-29,3,0
SpJmW3fh,DK1,fc copenhagen,aarhus,2024-04-28,3,2
bBEqXqun,DK1,nordsjaelland,brondby,2024-04-28,1,1
tAGWnmy1,DK1,odense,hvidovre if,2024-04-28,1,2
2JHSmTLf,DK1,viborg,randers fc,2024-04-28,0,0
KfSNl96l,DK1,lyngby,vejle,2024-04-26,1,1
KKFuYPPu,DK1,nordsjaelland,aarhus,2024-04-22,7,2
fclZCtfU,DK1,brondby,midtjylland,2024-04-21,2,1
rNpVDMvO,DK1,fc copenhagen,silkeborg,2024-04-21,2,0
4UMhfVrR,DK1,hvidovre if,vejle,2024-04-21,2,1
M99Kkkir,DK1,viborg,lyngby,2024-04-21,2,1
QwOleBTK,DK1,randers fc,odense,2024-04-19,2,2
l0oRE2PH,DK1,silkeborg,nordsjaelland,2024-04-15,0,1
A9nNFrAB,DK1,midtjylland,fc copenhagen,2024-04-14,2,2
hYiIGOf5,DK1,aarhus,brondby,2024-04-14,2,2
UBUucXb8,DK1,lyngby,hvidovre if,2024-04-14,1,1
82TqdiEE,DK1,vejle,randers fc,2024-04-14,1,2
G8tbYmM7,DK1,odense,viborg,2024-04-12,1,3
j3jEYdGj,DK1,brondby,silkeborg,2024-04-08,1,1
EsgEH4ua,DK1,aarhus,midtjylland,2024-04-07,0,1
KKgAIpQh,DK1,nordsjaelland,fc copenhagen,2024-04-07,2,1
KtmkzAie,DK1,hvidovre if,randers fc,2024-04-07,1,3
25xfZT61,DK1,vejle,viborg,2024-04-07,1,1
tjloyjxk,DK1,lyngby,odense,2024-04-05,0,0
YPlsxWMr,DK1,odense,vejle,2024-04-02,0,1
6Hk6JQAn,DK1,silkeborg,aarhus,2024-04-01,2,2
Oh01K6et,DK1,midtjylland,nordsjaelland,2024-04-01,2,3
MqEZOnmP,DK1,fc copenhagen,brondby,2024-04-01,1,2
d0RDgbhG,DK1,viborg,hvidovre if,2024-03-31,3,1
Eyx9fvwA,DK1,randers fc,lyngby,2024-03-31,6,2
lbfQNHcU,DK1,aarhus,hvidovre if,2024-03-17,1,0
QJVVr1Tu,DK1,brondby,silkeborg,2024-03-17,4,1
pKxrtaDb,DK1,lyngby,viborg,2024-03-17,2,0
O4lZsLrn,DK1,midtjylland,vejle,2024-03-17,3,0
6Twvsubh,DK1,nordsjaelland,randers fc,2024-03-17,1,1
EgsnuJS4,DK1,odense,fc copenhagen,2024-03-17,0,2
hW0HPwTH,DK1,randers fc,midtjylland,2024-03-11,0,1
Eu2DQJDB,DK1,viborg,brondby,2024-03-10,1,2
Oj90TLTh,DK1,fc copenhagen,lyngby,2024-03-10,4,0
KI29Rab5,DK1,silkeborg,aarhus,2024-03-10,0,1
A7eMOcrO,DK1,vejle,odense,2024-03-10,0,1
6Fb5Suqa,DK1,hvidovre if,nordsjaelland,2024-03-08,1,2
b59tOQiD,DK1,nordsjaelland,silkeborg,2024-03-04,3,1
ju6YPnN0,DK1,aarhus,odense,2024-03-03,1,1
p25xP6x7,DK1,brondby,vejle,2024-03-03,1,1
xzBhVsat,DK1,lyngby,hvidovre if,2024-03-03,2,4
p0AdU1En,DK1,viborg,randers fc,2024-03-03,3,0
0AmPnAUD,DK1,midtjylland,fc copenhagen,2024-03-01,2,0
n7NkYAFK,DK1,fc copenhagen,nordsjaelland,2024-02-26,2,0
4rYpZj0E,DK1,aarhus,midtjylland,2024-02-25,2,3
GMDLSlwr,DK1,odense,brondby,2024-02-25,0,3
bsRgXUUQ,DK1,hvidovre if,viborg,2024-02-25,2,2
Cl7UQS7f,DK1,vejle,silkeborg,2024-02-25,2,0
fDCPR8hl,DK1,randers fc,lyngby,2024-02-23,1,0
GMijD9we,DK1,vejle,aarhus,2024-02-19,0,0
8dlrFV8r,DK1,brondby,midtjylland,2024-02-18,1,0
boseCTh1,DK1,silkeborg,fc copenhagen,2024-02-18,0,3
2JmnEkOl,DK1,hvidovre if,randers fc,2024-02-18,1,3
xxtaBm87,DK1,nordsjaelland,lyngby,2024-02-18,3,2
QiZtzXp8,DK1,viborg,odense,2024-02-16,1,2
hAT7Ng12,DK1,midtjylland,viborg,2023-12-04,5,1
vRVJKioL,DK1,fc copenhagen,aarhus,2023-12-03,1,2
lx3RE1c2,DK1,brondby,hvidovre if,2023-12-03,4,0
6DXBMDG8,DK1,lyngby,silkeborg,2023-12-03,2,0
6m2GJB0R,DK1,odense,nordsjaelland,2023-12-03,1,1
0zXFLXVE,DK1,randers fc,vejle,2023-12-01,0,0
tCaJGNSk,DK1,silkeborg,midtjylland,2023-11-27,1,4
dvOnMq5S,DK1,lyngby,brondby,2023-11-26,3,3
Ao4NFsrd,DK1,randers fc,odense,2023-11-26,0,1
p4KrNPkM,DK1,nordsjaelland,aarhus,2023-11-26,0,0
2L0FH3Dq,DK1,viborg,fc copenhagen,2023-11-25,2,1
jsLvO5zG,DK1,hvidovre if,vejle,2023-11-24,1,1
vTWoR9xA,DK1,randers fc,silkeborg,2025-06-01,1,3
0UHTWLgT,DK1,aarhus,brondby,2025-05-25,2,3
h4ELYsPG,DK1,fc copenhagen,nordsjaelland,2025-05-25,3,0
Y1bKz4f4,DK1,midtjylland,randers fc,2025-05-25,3,2
INReEVaN,DK1,lyngby,aalborg,2025-05-24,3,1
QF9lGiVA,DK1,silkeborg,viborg,2025-05-24,1,2
2e3S89Np,DK1,vejle,sonderjyske,2025-05-24,2,3
0l0CxQPi,DK1,brondby,midtjylland,2025-05-19,1,2
ptIPEMXp,DK1,randers fc,fc copenhagen,2025-05-18,0,4
UmGuID0b,DK1,sonderjyske,lyngby,2025-05-18,5,1
Gt0PFNJU,DK1,aalborg,silkeborg,2025-05-18,2,3
dzIXJZVo,DK1,viborg,vejle,2025-05-18,0,1
EcRgKrAN,DK1,nordsjaelland,aarhus,2025-05-16,2,0
UP1HHqkI,DK1,vejle,lyngby,2025-05-12,2,0
hrwoM4uB,DK1,fc copenhagen,midtjylland,2025-05-11,1,1
8AD8J5K5,DK1,viborg,aalborg,2025-05-11,3,1
nozwOQAb,DK1,aarhus,randers fc,2025-05-11,1,3
jJtUPntn,DK1,nordsjaelland,brondby,2025-05-11,2,2
0pA0LRkg,DK1,silkeborg,sonderjyske,2025-05-11,1,0
l6tr3pzP,DK1,sonderjyske,aalborg,2025-05-05,2,2
0jVIIVYI,DK1,midtjylland,aarhus,2025-05-04,3,1
4OyAKi46,DK1,brondby,fc copenhagen,2025-05-04,0,3
f7mZ465C,DK1,lyngby,viborg,2025-05-04,0,0
nspR6Sz0,DK1,silkeborg,vejle,2025-05-04,1,1
AszfOZ4s,DK1,randers fc,nordsjaelland,2025-05-02,3,2
QReI8l6m,DK1,aalborg,vejle,2025-04-28,0,1
vaqOTesK,DK1,midtjylland,nordsjaelland,2025-04-27,5,0
Oj1y6hkD,DK1,aarhus,fc copenhagen,2025-04-27,1,3
fq5nEArQ,DK1,lyngby,silkeborg,2025-04-27,2,0
Uko8j7jJ,DK1,sonderjyske,viborg,2025-04-27,2,2
jw3T7EK0,DK1,randers fc,brondby,2025-04-25,0,0
dvAK9zjl,DK1,nordsjaelland,midtjylland,2025-04-22,3,2
QeJlFdSQ,DK1,fc copenhagen,aarhus,2025-04-21,3,1
4tVuHIcE,DK1,brondby,randers fc,2025-04-21,4,3
0Agifkif,DK1,vejle,silkeborg,2025-04-21,0,4
dxm0hTL6,DK1,viborg,lyngby,2025-04-21,1,1
hpjqdBMs,DK1,aalborg,sonderjyske,2025-04-20,2,3
xzwfgF57,DK1,brondby,nordsjaelland,2025-04-18,0,0
IXMheyye,DK1,midtjylland,fc copenhagen,2025-04-17,4,2
pKOpcc6r,DK1,randers fc,aarhus,2025-04-17,3,1
8IoPjGp2,DK1,lyngby,sonderjyske,2025-04-17,0,2
YewBEJx9,DK1,vejle,viborg,2025-04-17,3,3
CjhGhxGk,DK1,silkeborg,aalborg,2025-04-16,4,0
GK6pbbhS,DK1,sonderjyske,vejle,2025-04-14,1,0
QZsE2JrL,DK1,nordsjaelland,randers fc,2025-04-13,5,2
I9v64uE8,DK1,aarhus,midtjylland,2025-04-13,1,1
tr494cb2,DK1,fc copenhagen,brondby,2025-04-13,1,2
KhDy0KNF,DK1,viborg,silkeborg,2025-04-13,2,1
YyFT1tg3,DK1,aalborg,lyngby,2025-04-11,2,2
lzn26JTk,DK1,brondby,aarhus,2025-04-07,2,1
Uk5VBu6S,DK1,nordsjaelland,fc copenhagen,2025-04-06,0,1
htxsvw1d,DK1,vejle,aalborg,2025-04-06,1,1
pGYYuaWq,DK1,silkeborg,lyngby,2025-04-06,2,1
QVi2oL8M,DK1,viborg,sonderjyske,2025-04-06,2,1
dx7ND1yG,DK1,randers fc,midtjylland,2025-04-04,2,1
0ADEFN63,DK1,fc copenhagen,randers fc,2025-03-31,1,0
fDQSiKEd,DK1,midtjylland,brondby,2025-03-30,0,2
YcxKgtpp,DK1,aarhus,nordsjaelland,2025-03-30,2,0
hIgfmsvA,DK1,lyngby,vejle,2025-03-30,1,2
C8onk39c,DK1,sonderjyske,silkeborg,2025-03-30,2,1
p2g0RaHj,DK1,aalborg,viborg,2025-03-28,0,4
tdk6dJtn,DK1,brondby,silkeborg,2025-03-16,2,2
AysNhytB,DK1,lyngby,nordsjaelland,2025-03-16,1,0
2BwFfcBb,DK1,midtjylland,randers fc,2025-03-16,4,2
tIQt9dQi,DK1,sonderjyske,aalborg,2025-03-16,0,3
63zWjFAN,DK1,vejle,aarhus,2025-03-16,3,2
2ZL1ogYp,DK1,viborg,fc copenhagen,2025-03-16,3,2
z7QniO46,DK1,randers fc,brondby,2025-03-10,4,2
dhm00SsK,DK1,fc copenhagen,sonderjyske,2025-03-09,1,1
GdADxPkD,DK1,aarhus,viborg,2025-03-09,1,1
2gSvgpzf,DK1,aalborg,midtjylland,2025-03-09,1,4
WYJek2ZI,DK1,silkeborg,lyngby,2025-03-09,0,1
6RYVf65s,DK1,nordsjaelland,vejle,2025-03-07,3,1
QmkFTT6r,DK1,brondby,lyngby,2025-03-03,1,1
fTtWPo67,DK1,aalborg,fc copenhagen,2025-03-02,0,0
YDhNR7ye,DK1,midtjylland,nordsjaelland,2025-03-02,2,1
GYRQoTSQ,DK1,sonderjyske,silkeborg,2025-03-02,1,3
8W65voL0,DK1,viborg,vejle,2025-03-02,3,1
MZYHmkbE,DK1,randers fc,aarhus,2025-02-28,1,1
vePzyicB,DK1,aalborg,nordsjaelland,2025-02-26,1,2
O4YryCE8,DK1,viborg,silkeborg,2025-02-24,1,4
8YLBx4YF,DK1,fc copenhagen,midtjylland,2025-02-23,1,0
6T3bTae2,DK1,vejle,brondby,2025-02-23,2,2
dIWjZkqL,DK1,aarhus,aalborg,2025-02-23,4,0
EVOJzr3S,DK1,nordsjaelland,sonderjyske,2025-02-23,3,2
b30jVLQk,DK1,lyngby,randers fc,2025-02-21,0,0
KCuHGMBd,DK1,randers fc,fc copenhagen,2025-02-17,1,2
C6S2vQ33,DK1,midtjylland,lyngby,2025-02-16,1,0
Opn8Irsp,DK1,sonderjyske,aarhus,2025-02-16,1,4
IuySxDSb,DK1,silkeborg,vejle,2025-02-16,0,1
AFXJvZcn,DK1,brondby,viborg,2025-02-14,4,1
bNOS7hTO,DK1,fc copenhagen,nordsjaelland,2024-12-02,3,1
A1hoQZrg,DK1,silkeborg,aarhus,2024-12-01,1,1
IRegODD5,DK1,vejle,midtjylland,2024-12-01,0,3
ln4xSeEt,DK1,lyngby,sonderjyske,2024-12-01,0,2
by41MirI,DK1,viborg,randers fc,2024-12-01,1,2
Wl29KVCU,DK1,brondby,aalborg,2024-11-29,1,0
b1mheFqJ,DK1,midtjylland,silkeborg,2024-11-25,1,0
h4ppcyF6,DK1,fc copenhagen,lyngby,2024-11-24,2,1
vL8R9EbC,DK1,sonderjyske,brondby,2024-11-24,2,2
AuHADdam,DK1,aalborg,viborg,2024-11-24,0,0
vcQvJIyQ,DK1,randers fc,vejle,2024-11-24,2,0
67AJBzUa,DK1,nordsjaelland,aarhus,2024-11-22,1,0
jHL2pbV0,DK1,brondby,nordsjaelland,2024-11-10,1,1
riIfnK0l,DK1,aarhus,fc copenhagen,2024-11-10,1,1
CW9Brx0D,DK1,viborg,midtjylland,2024-11-10,1,0
dxiyacpf,DK1,lyngby,aalborg,2024-11-10,2,2
4vCd6uhK,DK1,silkeborg,randers fc,2024-11-10,1,0
pWqJfXE5,DK1,vejle,odense,2026-03-20,1,1
bFoBdgpg,DK1,silkeborg,vejle,2026-03-16,1,1
pUtw1Ezn,DK1,brondby,viborg,2026-03-15,0,1
dY1TtBkU,DK1,sonderjyske,aarhus,2026-03-15,1,1
l8bLrXKH,DK1,midtjylland,nordsjaelland,2026-03-15,0,1
Q1m3bFFt,DK1,odense,fc copenhagen,2026-03-15,2,1
zw8gvCUO,DK1,fredericia,randers fc,2026-03-13,0,3
xnwqNmLO,DK1,fc copenhagen,randers fc,2026-03-01,1,2
GC8gsi6t,DK1,fredericia,silkeborg,2026-03-01,2,1
rPaAw955,DK1,midtjylland,brondby,2026-03-01,0,0
nHdRZQ4U,DK1,sonderjyske,odense,2026-03-01,1,0
M9B1uVzg,DK1,vejle,aarhus,2026-03-01,1,2
jk3IymzI,DK1,viborg,nordsjaelland,2026-03-01,2,1
zer0NdF7,DK1,brondby,sonderjyske,2026-02-23,0,0
vTliPIpe,DK1,aarhus,viborg,2026-02-22,5,2
4YvyP9jC,DK1,silkeborg,midtjylland,2026-02-22,0,4
86oSQVLa,DK1,randers fc,fredericia,2026-02-22,1,2
MkmKSiim,DK1,odense,fc copenhagen,2026-02-21,2,2
21zno07E,DK1,nordsjaelland,vejle,2026-02-20,3,3
6FjqRvGr,DK1,sonderjyske,silkeborg,2026-02-16,2,1
fNi5YMN8,DK1,viborg,brondby,2026-02-15,1,0
2meDW0hL,DK1,odense,midtjylland,2026-02-15,1,4
EREIAJV1,DK1,fredericia,aarhus,2026-02-15,1,1
Ot8oI1wS,DK1,fc copenhagen,nordsjaelland,2026-02-14,1,2
61BACu1k,DK1,randers fc,vejle,2026-02-13,2,0
tbje7pP9,DK1,aarhus,odense,2026-02-09,2,1
jT9wKN8F,DK1,vejle,fredericia,2026-02-09,2,3
xQq45OgM,DK1,brondby,randers fc,2026-02-08,0,0
f1GULqv3,DK1,midtjylland,fc copenhagen,2026-02-08,2,1
6uzz02Hq,DK1,nordsjaelland,sonderjyske,2026-02-08,2,1
SfOrbtnd,DK1,silkeborg,viborg,2026-02-08,0,1
j9N21fyi,DK1,vejle,brondby,2025-12-08,2,1
UHy8CKqh,DK1,fc copenhagen,sonderjyske,2025-12-07,0,2
fPMX6GDT,DK1,randers fc,aarhus,2025-12-07,1,2
Y9YO8xqH,DK1,nordsjaelland,silkeborg,2025-12-07,5,0
8phm96fc,DK1,viborg,midtjylland,2025-12-07,3,3
QqVGAbE4,DK1,fredericia,odense,2025-12-05,1,3
pSl1GTpQ,DK1,brondby,fredericia,2025-12-01,1,3
xQTu9ow0,DK1,odense,vejle,2025-11-30,3,0
GAuXA78m,DK1,midtjylland,nordsjaelland,2025-11-30,6,0
6qpMhQhJ,DK1,aarhus,fc copenhagen,2025-11-30,2,0
xOlMlHio,DK1,silkeborg,randers fc,2025-11-30,0,0
pjXm7P7C,DK1,sonderjyske,viborg,2025-11-28,2,2
x4h5d8gf,DK1,randers fc,odense,2025-11-24,0,0
UwkcbUOs,DK1,sonderjyske,midtjylland,2025-11-23,2,1
p6DQ3j1K,DK1,nordsjaelland,fredericia,2025-11-23,5,0
YVoEfnO6,DK1,viborg,vejle,2025-11-23,5,2
YH6utm9D,DK1,fc copenhagen,brondby,2025-11-23,1,0
xjDWs9v1,DK1,silkeborg,aarhus,2025-11-21,0,2
AFgkVVfe,DK1,brondby,nordsjaelland,2025-11-09,2,0
Em0tXiQr,DK1,aarhus,sonderjyske,2025-11-09,2,3
4xFOqV9l,DK1,randers fc,midtjylland,2025-11-09,0,2
IuccT9P7,DK1,fredericia,viborg,2025-11-09,0,3
phYikinR,DK1,vejle,fc copenhagen,2025-11-09,2,0
byzpiDHE,DK1,odense,silkeborg,2025-11-07,1,1
zcu7IhBk,DK1,midtjylland,aarhus,2025-11-03,1,1
dCTFGWu2,DK1,silkeborg,brondby,2025-11-02,0,2
OprZxNd4,DK1,nordsjaelland,odense,2025-11-02,2,4
UcDZz1RG,DK1,sonderjyske,vejle,2025-11-02,2,1
IHEAxE2L,DK1,viborg,randers fc,2025-11-02,3,2
OIL1vzY8,DK1,fc copenhagen,fredericia,2025-11-01,3,2
zP1vHuzo,DK1,odense,brondby,2025-10-27,1,4
xUJiQqDb,DK1,fc copenhagen,viborg,2025-10-26,0,0
4tB8M1CN,DK1,randers fc,sonderjyske,2025-10-26,0,0
rRMaONsB,DK1,fredericia,midtjylland,2025-10-26,0,4
jXqRvqSi,DK1,vejle,silkeborg,2025-10-26,1,2
t2QrS5rn,DK1,aarhus,nordsjaelland,2025-10-24,1,0
UNdQ9OSH,DK1,sonderjyske,fredericia,2025-10-20,3,0
z1yiePDO,DK1,midtjylland,vejle,2025-10-19,5,1
MiA9D6Th,DK1,brondby,aarhus,2025-10-19,3,3
ER61FSbt,DK1,nordsjaelland,randers fc,2025-10-19,1,0
QkjZ72cU,DK1,viborg,odense,2025-10-19,1,2
r7bIBpb5,DK1,silkeborg,fc copenhagen,2025-10-17,3,1
MwVza7Ea,DK1,fredericia,brondby,2025-10-05,0,2
2ZcArnUI,DK1,fc copenhagen,midtjylland,2025-10-05,1,1
rXs9p8a6,DK1,aarhus,silkeborg,2025-10-05,3,1
EDRS0Tqm,DK1,randers fc,viborg,2025-10-05,2,1
2mwqcoqC,DK1,vejle,nordsjaelland,2025-10-05,0,3
Uujd6kMP,DK1,odense,sonderjyske,2025-10-03,1,1
KWeS08Sk,DK1,midtjylland,randers fc,2025-09-29,2,1
0nFe6U4S,DK1,brondby,odense,2025-09-28,5,1
8hOK6bG8,DK1,nordsjaelland,aarhus,2025-09-28,1,2
QTbzanc2,DK1,silkeborg,vejle,2025-09-28,1,1
AJq1nUUg,DK1,viborg,fredericia,2025-09-28,2,1
Eijhlj0s,DK1,sonderjyske,fc copenhagen,2025-09-27,1,2
W6NvAC53,DK1,randers fc,nordsjaelland,2025-09-22,3,0
jZn6eDjA,DK1,aarhus,brondby,2025-09-21,1,0
n1tFgiLM,DK1,fc copenhagen,silkeborg,2025-09-21,3,3
SYGm8jzG,DK1,vejle,sonderjyske,2025-09-21,2,2
IqXplVrp,DK1,midtjylland,viborg,2025-09-20,2,0
vaLgn9Dd,DK1,odense,fredericia,2025-09-19,3,2
4IOOrz74,DK1,fredericia,vejle,2025-09-15,1,1
4t7BZVTj,DK1,silkeborg,odense,2025-09-14,2,1
YcGuuh6T,DK1,nordsjaelland,midtjylland,2025-09-14,1,0
CrSWtEyH,DK1,viborg,aarhus,2025-09-14,1,2
pG8Npdxh,DK1,brondby,fc copenhagen,2025-09-13,2,1
ILlbcZLc,DK1,sonderjyske,randers fc,2025-09-12,0,1
hMLyNhpo,DK1,brondby,midtjylland,2025-08-31,1,3
Yyu5SEMN,DK1,randers fc,fc copenhagen,2025-08-31,1,5
QBycUzhB,DK1,odense,nordsjaelland,2025-08-31,1,2
ClVtYIhn,DK1,aarhus,fredericia,2025-08-31,4,1
4dmlWdNb,DK1,silkeborg,sonderjyske,2025-08-31,0,2
b7OUQ1oJ,DK1,vejle,viborg,2025-08-29,1,2
QgQMSNG6,DK1,nordsjaelland,viborg,2025-08-25,1,0
