event_id,source,league,season,match_date,home_team,away_team,home_corners_1h,away_corners_1h,home_corners_2h,away_corners_2h,home_corners_total,away_corners_total
4WZUKhB4,flashscore,B2,2122,2021-08-27,rwdm brussels,virton,1.0,1.0,5.0,5.0,6.0,6.0
nePZJCQA,flashscore,B2,2122,2021-08-28,westerlo,k. lierse s.k.,9.0,1.0,5.0,2.0,14.0,3.0
v3ssIjeN,flashscore,B2,2122,2021-08-29,lommel sk,deinze,2.0,5.0,4.0,1.0,6.0,6.0
ptrwJWuH,flashscore,B2,2122,2021-08-29,mouscron,beveren,1.0,1.0,2.0,2.0,3.0,3.0
xvNHBlYj,flashscore,B2,2122,2021-09-10,deinze,mouscron,2.0,0.0,4.0,3.0,6.0,3.0
IgtoHAAT,flashscore,B2,2122,2021-09-11,virton,lommel sk,1.0,2.0,2.0,1.0,3.0,3.0
bmODCUIp,flashscore,B2,2122,2021-09-12,beveren,westerlo,2.0,5.0,1.0,1.0,3.0,6.0
jsBazYAi,flashscore,B2,2122,2021-09-12,k. lierse s.k.,rwdm brussels,1.0,2.0,1.0,2.0,2.0,4.0
4pF3ZiQc,flashscore,B2,2122,2021-09-17,rwdm brussels,beveren,3.0,1.0,4.0,1.0,7.0,2.0
n948YBu4,flashscore,B2,2122,2021-09-18,mouscron,virton,4.0,1.0,1.0,2.0,5.0,3.0
Qa3CXVfA,flashscore,B2,2122,2021-09-19,lommel sk,k. lierse s.k.,2.0,1.0,2.0,3.0,4.0,4.0
YP2GWkAG,flashscore,B2,2122,2021-09-19,westerlo,deinze,4.0,2.0,6.0,0.0,10.0,2.0
QNseP72j,flashscore,B2,2122,2021-09-24,k. lierse s.k.,beveren,1.0,3.0,5.0,5.0,6.0,8.0
CG1KV9PM,flashscore,B2,2122,2021-09-25,rwdm brussels,lommel sk,9.0,2.0,2.0,0.0,11.0,2.0
W0riQmmp,flashscore,B2,2122,2021-09-26,mouscron,westerlo,2.0,4.0,1.0,4.0,3.0,8.0
fuiPUTvT,flashscore,B2,2122,2021-09-26,virton,deinze,3.0,5.0,1.0,3.0,4.0,8.0
GCAmVcj9,flashscore,B2,2122,2021-10-01,westerlo,lommel sk,3.0,0.0,3.0,4.0,6.0,4.0
MkBqWwy3,flashscore,B2,2122,2021-10-02,k. lierse s.k.,mouscron,1.0,0.0,5.0,4.0,6.0,4.0
raCuXJLd,flashscore,B2,2122,2021-10-03,deinze,rwdm brussels,1.0,0.0,5.0,3.0,6.0,3.0
4EtaORHd,flashscore,B2,2122,2021-10-03,beveren,virton,2.0,2.0,4.0,2.0,6.0,4.0
l220SezS,flashscore,B2,2122,2021-10-15,deinze,beveren,0.0,1.0,2.0,1.0,2.0,2.0
AB3dTyLL,flashscore,B2,2122,2021-10-16,virton,k. lierse s.k.,3.0,3.0,2.0,4.0,5.0,7.0
SnEiUH5F,flashscore,B2,2122,2021-10-17,rwdm brussels,westerlo,3.0,0.0,1.0,2.0,4.0,2.0
tffSNFrq,flashscore,B2,2122,2021-10-17,lommel sk,mouscron,1.0,4.0,0.0,1.0,1.0,5.0
KpgWMZck,flashscore,B2,2122,2021-10-22,mouscron,rwdm brussels,0.0,4.0,0.0,7.0,0.0,11.0
GCnuLDS1,flashscore,B2,2122,2021-10-23,k. lierse s.k.,deinze,1.0,3.0,4.0,1.0,5.0,4.0
29ryMgDe,flashscore,B2,2122,2021-10-24,beveren,lommel sk,2.0,2.0,6.0,4.0,8.0,6.0
UFzNqc52,flashscore,B2,2122,2021-10-24,westerlo,virton,3.0,0.0,0.0,3.0,3.0,3.0
86ZQrHK8,flashscore,B2,2122,2021-10-29,virton,mouscron,0.0,1.0,1.0,0.0,1.0,1.0
zT5NsyzF,flashscore,B2,2122,2021-10-30,beveren,k. lierse s.k.,4.0,6.0,10.0,2.0,14.0,8.0
6FSfPSJm,flashscore,B2,2122,2021-10-31,lommel sk,rwdm brussels,6.0,2.0,3.0,5.0,9.0,7.0
ChTjQ84s,flashscore,B2,2122,2021-10-31,deinze,westerlo,5.0,2.0,6.0,5.0,11.0,7.0
tYK7MQ36,flashscore,B2,2122,2021-11-05,lommel sk,virton,5.0,1.0,3.0,1.0,8.0,2.0
2sM3N6l0,flashscore,B2,2122,2021-11-06,mouscron,deinze,2.0,2.0,0.0,2.0,2.0,4.0
A7PBLpJC,flashscore,B2,2122,2021-11-07,westerlo,beveren,0.0,3.0,3.0,2.0,3.0,5.0
KIWbOnZg,flashscore,B2,2122,2021-11-07,rwdm brussels,k. lierse s.k.,4.0,1.0,3.0,0.0,7.0,1.0
Kv4FQoxC,flashscore,DK1,2122,2021-11-07,silkeborg,fc copenhagen,2.0,1.0,1.0,2.0,3.0,3.0
rZCfV9Nt,flashscore,DK1,2122,2021-11-07,brondby,odense,4.0,1.0,2.0,3.0,6.0,4.0
Qc2aUTxm,flashscore,DK1,2122,2021-11-07,aarhus,midtjylland,1.0,2.0,1.0,5.0,2.0,7.0
4l13Tmhg,flashscore,DK1,2122,2021-11-07,aalborg,randers fc,7.0,1.0,3.0,1.0,10.0,2.0
bPF6S77a,flashscore,DK1,2122,2021-11-07,vejle,sonderjyske,2.0,1.0,2.0,4.0,4.0,5.0
j32bqlBJ,flashscore,B2,2122,2021-11-19,beveren,mouscron,1.0,4.0,6.0,1.0,7.0,5.0
6e6RNqMU,flashscore,DK1,2122,2021-11-19,odense,viborg,6.0,1.0,1.0,1.0,7.0,2.0
KIhUwSYt,flashscore,B2,2122,2021-11-20,k. lierse s.k.,westerlo,2.0,2.0,6.0,0.0,8.0,2.0
2w62r8QP,flashscore,B2,2122,2021-11-21,deinze,lommel sk,1.0,0.0,4.0,0.0,5.0,0.0
lbOFK4YI,flashscore,B2,2122,2021-11-21,virton,rwdm brussels,2.0,3.0,2.0,4.0,4.0,7.0
Ys8JP5iI,flashscore,DK1,2122,2021-11-21,midtjylland,brondby,1.0,4.0,1.0,2.0,2.0,6.0
S47NOP6O,flashscore,DK1,2122,2021-11-21,fc copenhagen,aarhus,4.0,1.0,1.0,1.0,5.0,2.0
8bPVSyJu,flashscore,DK1,2122,2021-11-21,nordsjaelland,silkeborg,1.0,5.0,1.0,1.0,2.0,6.0
nkOZReYo,flashscore,DK1,2122,2021-11-21,randers fc,vejle,3.0,0.0,5.0,0.0,8.0,0.0
tCNwRFmh,flashscore,DK1,2122,2021-11-22,sonderjyske,aalborg,1.0,1.0,4.0,7.0,5.0,8.0
Gpnwx63g,flashscore,B2,2122,2021-11-26,virton,beveren,0.0,2.0,4.0,1.0,4.0,3.0
zBGnPgI4,flashscore,DK1,2122,2021-11-26,aarhus,silkeborg,1.0,3.0,4.0,5.0,5.0,8.0
lbpozpY5,flashscore,B2,2122,2021-11-27,lommel sk,westerlo,4.0,2.0,4.0,2.0,8.0,4.0
b9iYxnlm,flashscore,B2,2122,2021-11-28,rwdm brussels,deinze,2.0,1.0,2.0,3.0,4.0,4.0
fyosyQIa,flashscore,B2,2122,2021-11-28,mouscron,k. lierse s.k.,2.0,5.0,0.0,5.0,2.0,10.0
E1FjODXA,flashscore,DK1,2122,2021-11-28,aalborg,fc copenhagen,3.0,3.0,4.0,3.0,7.0,6.0
hnRsQZ2b,flashscore,DK1,2122,2021-11-28,brondby,randers fc,2.0,5.0,2.0,7.0,4.0,12.0
ryKfNXnH,flashscore,DK1,2122,2021-11-28,odense,nordsjaelland,4.0,5.0,3.0,3.0,7.0,8.0
4j83LBHT,flashscore,DK1,2122,2021-11-28,viborg,sonderjyske,1.0,4.0,0.0,0.0,1.0,4.0
MRIbMi2N,flashscore,DK1,2122,2021-11-29,vejle,midtjylland,1.0,1.0,1.0,2.0,2.0,3.0
pQwfYN2I,flashscore,B2,2122,2021-12-03,deinze,virton,5.0,0.0,5.0,1.0,10.0,1.0
21lkZ3mC,flashscore,B2,2122,2021-12-04,beveren,rwdm brussels,1.0,3.0,1.0,1.0,2.0,4.0
OGxbXsIO,flashscore,B2,2122,2021-12-05,k. lierse s.k.,lommel sk,2.0,4.0,3.0,3.0,5.0,7.0
jNQudRfP,flashscore,B2,2122,2021-12-05,westerlo,mouscron,5.0,1.0,3.0,1.0,8.0,2.0
lb6GkPXh,flashscore,B2,2122,2021-12-11,mouscron,lommel sk,3.0,2.0,2.0,5.0,5.0,7.0
MuxiFcYc,flashscore,SW1,2122,2021-12-11,st. gallen,lugano,0.0,3.0,5.0,0.0,5.0,3.0
lEOqHJ3o,flashscore,SW1,2122,2021-12-11,lausanne,zurich,0.0,2.0,3.0,4.0,3.0,6.0
ze2Cj5In,flashscore,B2,2122,2021-12-12,virton,k. lierse s.k.,1.0,5.0,0.0,2.0,1.0,7.0
rL5Klqma,flashscore,B2,2122,2021-12-12,beveren,deinze,1.0,6.0,3.0,4.0,4.0,10.0
n9p1hzRp,flashscore,SW1,2122,2021-12-12,grasshoppers,luzern,3.0,1.0,3.0,2.0,6.0,3.0
S4NmGwJi,flashscore,SW1,2122,2021-12-12,servette,basel,5.0,1.0,0.0,3.0,5.0,4.0
0WzeEHm4,flashscore,SW1,2122,2021-12-12,young boys,sion,6.0,2.0,3.0,0.0,9.0,2.0
OWUipwZN,flashscore,SW1,2122,2021-12-15,young boys,basel,6.0,3.0,5.0,3.0,11.0,6.0
vmaTnNHB,flashscore,B2,2122,2021-12-17,lommel sk,beveren,5.0,5.0,2.0,4.0,7.0,9.0
MB4Om325,flashscore,B2,2122,2021-12-18,deinze,mouscron,3.0,1.0,7.0,2.0,10.0,3.0
jLT7BFXM,flashscore,SW1,2122,2021-12-18,luzern,servette,2.0,1.0,3.0,1.0,5.0,2.0
A5Av6gep,flashscore,SW1,2122,2021-12-18,zurich,st. gallen,1.0,3.0,3.0,7.0,4.0,10.0
C0cyo1nO,flashscore,B2,2122,2021-12-19,westerlo,virton,9.0,0.0,8.0,1.0,17.0,1.0
IwbXosXH,flashscore,B2,2122,2021-12-19,k. lierse s.k.,rwdm brussels,0.0,3.0,8.0,0.0,8.0,3.0
reQaDy3A,flashscore,SW1,2122,2021-12-19,basel,grasshoppers,5.0,1.0,2.0,3.0,7.0,4.0
UBSBAZnT,flashscore,SW1,2122,2021-12-19,sion,lausanne,2.0,2.0,1.0,2.0,3.0,4.0
dbU3CeIG,flashscore,SW1,2122,2021-12-19,lugano,young boys,1.0,3.0,1.0,3.0,2.0,6.0
rgLsVdIs,flashscore,SA1,2122,2022-01-20,al shabab,al fateh,4.0,0.0,2.0,5.0,6.0,5.0
6TcEnPmF,flashscore,SA1,2122,2022-01-20,al ettifaq,abha,1.0,0.0,5.0,3.0,6.0,3.0
AoGvpL1U,flashscore,B2,2122,2022-01-21,rwdm brussels,lommel sk,2.0,1.0,3.0,1.0,5.0,2.0
noIbREH6,flashscore,SA1,2122,2022-01-21,al ittihad,al-faisaly,0.0,0.0,3.0,1.0,3.0,1.0
jJOkTzmf,flashscore,SA1,2122,2022-01-21,damac,al ahli sc,3.0,2.0,0.0,5.0,3.0,7.0
YsEfSf20,flashscore,SA1,2122,2022-01-21,al taawon,al nassr,1.0,0.0,0.0,4.0,1.0,4.0
CSPoUGXm,flashscore,SA1,2122,2022-01-21,al batin,al hilal,1.0,3.0,1.0,1.0,2.0,4.0
KbG6PhnJ,flashscore,SA1,2122,2022-01-22,al hazem,al raed,1.0,0.0,2.0,3.0,3.0,3.0
t8H2QYWC,flashscore,SA1,2122,2022-01-22,al fayha,al taee,3.0,6.0,1.0,5.0,4.0,11.0
Eatk4Onn,flashscore,B2,2122,2022-01-23,mouscron,k. lierse s.k.,3.0,1.0,3.0,1.0,6.0,2.0
z9so54Xu,flashscore,B2,2122,2022-01-23,virton,beveren,2.0,5.0,0.0,5.0,2.0,10.0
hWC7io3t,flashscore,B2,2122,2022-01-25,rwdm brussels,westerlo,0.0,3.0,5.0,4.0,5.0,7.0
CExAa01H,flashscore,B2,2122,2022-01-28,lommel sk,k. lierse s.k.,0.0,0.0,0.0,4.0,0.0,4.0
Iiw60tnB,flashscore,B2,2122,2022-01-29,deinze,virton,2.0,1.0,2.0,1.0,4.0,2.0
dbjZRzI3,flashscore,SW1,2122,2022-01-29,young boys,lugano,2.0,0.0,2.0,1.0,4.0,1.0
zkkwRfX9,flashscore,SW1,2122,2022-01-29,zurich,servette,1.0,0.0,1.0,3.0,2.0,3.0
MPqc22Hb,flashscore,B2,2122,2022-01-30,rwdm brussels,mouscron,0.0,3.0,6.0,2.0,6.0,5.0
4lZ11MW4,flashscore,B2,2122,2022-01-30,beveren,westerlo,2.0,6.0,5.0,1.0,7.0,7.0
2acQTdmi,flashscore,SW1,2122,2022-01-30,luzern,basel,2.0,2.0,3.0,0.0,5.0,2.0
EZ0USG2c,flashscore,SW1,2122,2022-01-30,sion,grasshoppers,3.0,2.0,2.0,3.0,5.0,5.0
ld9r5DAj,flashscore,SW1,2122,2022-01-30,lausanne,st. gallen,0.0,5.0,0.0,3.0,0.0,8.0
YPvwgbvo,flashscore,B2,2122,2022-02-04,k. lierse s.k.,deinze,0.0,2.0,2.0,3.0,2.0,5.0
WGhBcvWT,flashscore,B2,2122,2022-02-05,mouscron,beveren,2.0,2.0,1.0,4.0,3.0,6.0
lUfeJI1P,flashscore,SA1,2122,2022-02-05,al ahli sc,al taawon,4.0,4.0,5.0,3.0,9.0,7.0
MN6DfZOO,flashscore,SA1,2122,2022-02-05,al-faisaly,damac,6.0,2.0,3.0,0.0,9.0,2.0
rX79eF9I,flashscore,SA1,2122,2022-02-05,al hazem,al shabab,1.0,1.0,3.0,4.0,4.0,5.0
08I4defC,flashscore,SA1,2122,2022-02-05,al raed,al ettifaq,0.0,2.0,3.0,2.0,3.0,4.0
rFhoPY1M,flashscore,SW1,2122,2022-02-05,grasshoppers,zurich,2.0,2.0,2.0,4.0,4.0,6.0
2aZHJCPq,flashscore,SW1,2122,2022-02-05,servette,lausanne,4.0,0.0,4.0,2.0,8.0,2.0
8hrTJZPJ,flashscore,B1,2122,2022-02-06,genk,waregem,4.0,1.0,1.0,3.0,5.0,4.0
GbesdWXC,flashscore,B1,2122,2022-02-06,anderlecht,eupen,4.0,2.0,5.0,1.0,9.0,3.0
40N3DX2m,flashscore,B1,2122,2022-02-06,kv mechelen,beerschot va,2.0,7.0,4.0,1.0,6.0,8.0
bN0xcCI6,flashscore,B1,2122,2022-02-06,club brugge kv,gent,6.0,3.0,3.0,2.0,9.0,5.0
nTSKHsHo,flashscore,B2,2122,2022-02-06,westerlo,lommel sk,5.0,0.0,4.0,1.0,9.0,1.0
j5yEbKGN,flashscore,B2,2122,2022-02-06,virton,rwdm brussels,2.0,0.0,4.0,1.0,6.0,1.0
n5zWCGvg,flashscore,SA1,2122,2022-02-06,al nassr,al taee,0.0,1.0,1.0,3.0,1.0,4.0
Y1WRDdPn,flashscore,SA1,2122,2022-02-06,al fateh,al batin,3.0,2.0,2.0,0.0,5.0,2.0
jwsNExAt,flashscore,SA1,2122,2022-02-06,abha,al ittihad,1.0,1.0,3.0,4.0,4.0,5.0
QwrjOhHS,flashscore,SW1,2122,2022-02-06,lugano,luzern,3.0,1.0,1.0,1.0,4.0,2.0
dMYLIWvj,flashscore,SW1,2122,2022-02-06,st. gallen,young boys,1.0,1.0,0.0,3.0,1.0,4.0
4OgsQEnG,flashscore,SW1,2122,2022-02-06,basel,sion,1.0,2.0,3.0,2.0,4.0,4.0
f79n7dtE,flashscore,B1,2122,2022-02-09,leuven,genk,1.0,3.0,3.0,0.0,4.0,3.0
I5jtXObp,flashscore,B1,2122,2022-02-09,waregem,oostende,3.0,5.0,3.0,3.0,6.0,8.0
rZpg3r2h,flashscore,B2,2122,2022-02-09,westerlo,deinze,3.0,1.0,3.0,3.0,6.0,4.0
xfTrAEOB,flashscore,SA1,2122,2022-02-10,al fayha,al-faisaly,1.0,1.0,0.0,3.0,1.0,4.0
KIYwBf95,flashscore,SA1,2122,2022-02-10,al shabab,damac,5.0,4.0,0.0,0.0,5.0,4.0
t6IS7TWO,flashscore,B1,2122,2022-02-11,seraing,antwerp,0.0,7.0,1.0,2.0,1.0,9.0
reMTFLob,flashscore,B2,2122,2022-02-11,beveren,k. lierse s.k.,0.0,3.0,4.0,0.0,4.0,3.0
8hpf7C8U,flashscore,SA1,2122,2022-02-11,al ittihad,al nassr,1.0,1.0,0.0,3.0,1.0,4.0
A7Rj8hgO,flashscore,SA1,2122,2022-02-11,al fateh,al ahli sc,1.0,2.0,0.0,1.0,1.0,3.0
GpSn9YwI,flashscore,SA1,2122,2022-02-11,abha,al hazem,1.0,1.0,6.0,0.0,7.0,1.0
r7AVRWHt,flashscore,B1,2122,2022-02-12,waregem,anderlecht,3.0,2.0,3.0,3.0,6.0,5.0
xU9ZQjXn,flashscore,B1,2122,2022-02-12,kv mechelen,oostende,4.0,0.0,3.0,3.0,7.0,3.0
2FJO89HI,flashscore,B1,2122,2022-02-12,leuven,cercle brugge ksv,3.0,3.0,2.0,2.0,5.0,5.0
Ye3rPU1a,flashscore,B1,2122,2022-02-12,eupen,gent,1.0,1.0,7.0,2.0,8.0,3.0
jLPyEaGA,flashscore,B2,2122,2022-02-12,westerlo,mouscron,2.0,2.0,8.0,1.0,10.0,3.0
C6A4RFgn,flashscore,SA1,2122,2022-02-12,al raed,al taawon,3.0,1.0,2.0,2.0,5.0,3.0
YFB0Sevt,flashscore,SA1,2122,2022-02-12,al taee,al batin,2.0,1.0,0.0,4.0,2.0,5.0
Eex5ufn3,flashscore,SW1,2122,2022-02-12,st. gallen,servette,1.0,2.0,2.0,0.0,3.0,2.0
zDXPHjfd,flashscore,SW1,2122,2022-02-12,lausanne,grasshoppers,1.0,3.0,3.0,3.0,4.0,6.0
jXDwQAng,flashscore,B1,2122,2022-02-13,beerschot va,kortrijk,1.0,4.0,2.0,3.0,3.0,7.0
fkGGAVn6,flashscore,B1,2122,2022-02-13,club brugge kv,charleroi,2.0,2.0,3.0,3.0,5.0,5.0
tbO3WC9P,flashscore,B1,2122,2022-02-13,royale union sg,st. truiden,3.0,1.0,2.0,3.0,5.0,4.0
8hKK9k2C,flashscore,B1,2122,2022-02-13,genk,st. liege,4.0,0.0,0.0,0.0,4.0,0.0
MoLXEu14,flashscore,B2,2122,2022-02-13,lommel sk,virton,4.0,1.0,4.0,2.0,8.0,3.0
0WWOG1Wi,flashscore,B2,2122,2022-02-13,rwdm brussels,deinze,3.0,1.0,0.0,5.0,3.0,6.0
z5w1tzXd,flashscore,SW1,2122,2022-02-13,luzern,sion,4.0,1.0,3.0,2.0,7.0,3.0
MLuDwYGF,flashscore,SW1,2122,2022-02-13,zurich,lugano,1.0,1.0,2.0,3.0,3.0,4.0
8Iy9vE19,flashscore,SW1,2122,2022-02-13,young boys,basel,3.0,3.0,1.0,6.0,4.0,9.0
OOI66Pk3,flashscore,B1,2122,2022-02-16,genk,kv mechelen,6.0,3.0,6.0,2.0,12.0,5.0
AL6PMi8H,flashscore,SA1,2122,2022-02-17,al hilal,al shabab,5.0,3.0,0.0,0.0,5.0,3.0
Gb7LNXhB,flashscore,SA1,2122,2022-02-17,al ahli sc,al fayha,7.0,1.0,1.0,1.0,8.0,2.0
2e3HODw5,flashscore,SA1,2122,2022-02-17,al taawon,al ittihad,4.0,2.0,1.0,6.0,5.0,8.0
KWDCPgOb,flashscore,SA1,2122,2022-02-17,al batin,al nassr,2.0,1.0,1.0,1.0,3.0,2.0
nV1MyX1A,flashscore,DK1,2122,2022-02-18,sonderjyske,aarhus,2.0,3.0,1.0,3.0,3.0,6.0
Sdoj4qhj,flashscore,SA1,2122,2022-02-18,al-faisaly,al raed,2.0,1.0,1.0,4.0,3.0,5.0
noUh5Pxp,flashscore,SA1,2122,2022-02-18,al hazem,al fateh,5.0,2.0,6.0,2.0,11.0,4.0
GYmCvA1n,flashscore,B1,2122,2022-02-19,charleroi,royale union sg,1.0,2.0,0.0,0.0,1.0,2.0
2yeaLn1O,flashscore,B1,2122,2022-02-19,kortrijk,waregem,1.0,3.0,0.0,2.0,1.0,5.0
C0sLxlWb,flashscore,B1,2122,2022-02-19,oostende,st. liege,2.0,0.0,0.0,0.0,2.0,0.0
0MD2K6GU,flashscore,B1,2122,2022-02-19,cercle brugge ksv,beerschot va,6.0,1.0,4.0,1.0,10.0,2.0
A9xAei0q,flashscore,B2,2122,2022-02-19,beveren,rwdm brussels,6.0,1.0,1.0,3.0,7.0,4.0
KjYySnpc,flashscore,SA1,2122,2022-02-19,al ettifaq,al taee,2.0,3.0,4.0,0.0,6.0,3.0
6mpf337d,flashscore,SA1,2122,2022-02-19,damac,abha,1.0,2.0,5.0,4.0,6.0,6.0
2JgsM5or,flashscore,SW1,2122,2022-02-19,basel,lausanne,1.0,1.0,3.0,0.0,4.0,1.0
AqckKqGf,flashscore,SW1,2122,2022-02-19,lugano,st. gallen,1.0,2.0,2.0,3.0,3.0,5.0
xrk8ujnt,flashscore,B1,2122,2022-02-20,st. truiden,leuven,4.0,6.0,1.0,2.0,5.0,8.0
Cn2nOlH5,flashscore,B1,2122,2022-02-20,anderlecht,genk,4.0,1.0,0.0,2.0,4.0,3.0
Y9rHwUGh,flashscore,B1,2122,2022-02-20,eupen,club brugge kv,2.0,2.0,6.0,1.0,8.0,3.0
KC5fMSoI,flashscore,B1,2122,2022-02-20,antwerp,kv mechelen,5.0,2.0,5.0,1.0,10.0,3.0
UBOuDJVG,flashscore,B2,2122,2022-02-20,mouscron,virton,13.0,0.0,3.0,1.0,16.0,1.0
MqtEfBFk,flashscore,B2,2122,2022-02-20,deinze,lommel sk,3.0,4.0,1.0,2.0,4.0,6.0
tUrzUVCn,flashscore,D1,2122,2022-02-20,hertha berlin,rb leipzig,1.0,8.0,2.0,2.0,3.0,10.0
MPFDCUsC,flashscore,D1,2122,2022-02-20,dortmund,b. monchengladbach,2.0,3.0,3.0,2.0,5.0,5.0
rZG9DAS5,flashscore,D1,2122,2022-02-20,bayern munich,greuther furth,1.0,2.0,5.0,2.0,6.0,4.0
2qBAEf7M,flashscore,D2,2122,2022-02-20,darmstadt,hansa rostock,3.0,0.0,2.0,2.0,5.0,2.0
lt76FzhG,flashscore,D2,2122,2022-02-20,dusseldorf,aue,3.0,0.0,3.0,0.0,6.0,0.0
d6AEDEMS,flashscore,D2,2122,2022-02-20,st. pauli,hannover,3.0,6.0,4.0,7.0,7.0,13.0
Y5nHvZHi,flashscore,DK1,2122,2022-02-20,fc copenhagen,odense,1.0,6.0,4.0,3.0,5.0,9.0
EH3EwgXc,flashscore,DK1,2122,2022-02-20,nordsjaelland,brondby,0.0,2.0,5.0,2.0,5.0,4.0
fFmDuF2o,flashscore,DK1,2122,2022-02-20,midtjylland,aalborg,3.0,3.0,5.0,3.0,8.0,6.0
0Y5QziHG,flashscore,DK1,2122,2022-02-20,silkeborg,vejle,3.0,2.0,6.0,0.0,9.0,2.0
lCFKCdKf,flashscore,P1,2122,2022-02-20,tondela,braga,2.0,2.0,1.0,2.0,3.0,4.0
hpMBEIkr,flashscore,P1,2122,2022-02-20,moreirense,fc porto,2.0,8.0,0.0,1.0,2.0,9.0
xYeFYwsE,flashscore,P1,2122,2022-02-20,sporting cp,estoril,3.0,1.0,4.0,0.0,7.0,1.0
S2EOBGZ0,flashscore,P1,2122,2022-02-20,maritimo,famalicao,3.0,3.0,2.0,3.0,5.0,6.0
tAhoLP0l,flashscore,SW1,2122,2022-02-20,grasshoppers,young boys,1.0,3.0,4.0,3.0,5.0,6.0
lzdgJ3V0,flashscore,SW1,2122,2022-02-20,servette,luzern,1.0,3.0,4.0,1.0,5.0,4.0
WbobINp7,flashscore,SW1,2122,2022-02-20,sion,zurich,3.0,1.0,1.0,8.0,4.0,9.0
h82IxDn4,flashscore,DK1,2122,2022-02-21,randers fc,viborg,1.0,5.0,2.0,1.0,3.0,6.0
zTHW9f4D,flashscore,P1,2122,2022-02-21,santa clara,portimonense,1.0,1.0,2.0,1.0,3.0,2.0
69NTX2Ps,flashscore,SA1,2122,2022-02-22,al fateh,al-faisaly,0.0,1.0,1.0,3.0,1.0,4.0
tM6jN8WB,flashscore,B1,2122,2022-02-23,gent,seraing,2.0,3.0,1.0,5.0,3.0,8.0
r7QgO9Y2,flashscore,B1,2122,2022-02-25,beerschot va,charleroi,1.0,2.0,3.0,1.0,4.0,3.0
4SLCFCiF,flashscore,B2,2122,2022-02-25,westerlo,beveren,2.0,0.0,10.0,1.0,12.0,1.0
fX89rVRu,flashscore,D1,2122,2022-02-25,hoffenheim,stuttgart,4.0,1.0,5.0,2.0,9.0,3.0
A9zlSDyM,flashscore,D2,2122,2022-02-25,hannover,holstein kiel,3.0,3.0,1.0,5.0,4.0,8.0
tzWqTgMF,flashscore,D2,2122,2022-02-25,paderborn,aue,3.0,6.0,4.0,5.0,7.0,11.0
fyPmhhni,flashscore,DK1,2122,2022-02-25,vejle,aarhus,3.0,1.0,2.0,5.0,5.0,6.0
t6vbQFlf,flashscore,P1,2122,2022-02-25,bsad,pacos ferreira,5.0,5.0,5.0,1.0,10.0,6.0
4CaFV8Kk,flashscore,RO1,2122,2022-02-25,univ. craiova,chindia targoviste,1.0,0.0,2.0,4.0,3.0,4.0
QL0BWl5q,flashscore,RO1,2122,2022-02-25,uta arad,lps hd clinceni,5.0,2.0,2.0,0.0,7.0,2.0
vFc1IJpp,flashscore,B1,2122,2022-02-26,leuven,anderlecht,4.0,2.0,1.0,2.0,5.0,4.0
U3MkPkJd,flashscore,B1,2122,2022-02-26,kv mechelen,cercle brugge ksv,0.0,3.0,7.0,2.0,7.0,5.0
xUPcNTm9,flashscore,B1,2122,2022-02-26,oostende,st. truiden,1.0,3.0,3.0,1.0,4.0,4.0
nuc5Hw0j,flashscore,B1,2122,2022-02-26,royale union sg,eupen,5.0,1.0,4.0,2.0,9.0,3.0
WEN4HYM2,flashscore,B2,2122,2022-02-26,virton,deinze,1.0,1.0,2.0,2.0,3.0,3.0
GnymRTd5,flashscore,D1,2122,2022-02-26,eintracht frankfurt,bayern munich,1.0,5.0,1.0,3.0,2.0,8.0
A9ziQmCB,flashscore,D1,2122,2022-02-26,bayer leverkusen,arminia bielefeld,3.0,1.0,3.0,2.0,6.0,3.0
48TaORtO,flashscore,D1,2122,2022-02-26,b. monchengladbach,wolfsburg,1.0,4.0,6.0,0.0,7.0,4.0
raS3NodU,flashscore,D1,2122,2022-02-26,freiburg,hertha berlin,4.0,4.0,2.0,2.0,6.0,6.0
Uk1MuTBb,flashscore,D1,2122,2022-02-26,greuther furth,fc koln,2.0,7.0,5.0,4.0,7.0,11.0
MqveP7RH,flashscore,D1,2122,2022-02-26,union berlin,mainz,0.0,4.0,2.0,2.0,2.0,6.0
fsCKMiaq,flashscore,D2,2122,2022-02-26,sg dynamo dresden,darmstadt,1.0,4.0,6.0,1.0,7.0,5.0
8pGOLBEk,flashscore,D2,2122,2022-02-26,hansa rostock,nurnberg,2.0,2.0,7.0,1.0,9.0,3.0
27FSKVTe,flashscore,D2,2122,2022-02-26,ingolstadt,st. pauli,0.0,1.0,4.0,1.0,4.0,2.0
KKsyVFi3,flashscore,D2,2122,2022-02-26,karlsruher sc,schalke,3.0,2.0,2.0,2.0,5.0,4.0
bipwuuun,flashscore,N1,2122,2022-02-26,cambuur,sittard,5.0,2.0,1.0,3.0,6.0,5.0
ltHKMcPH,flashscore,N1,2122,2022-02-26,groningen,willem ii,3.0,0.0,2.0,5.0,5.0,5.0
fwKSKyfU,flashscore,N1,2122,2022-02-26,heracles,zwolle,6.0,1.0,2.0,4.0,8.0,5.0
WfXANDYC,flashscore,P1,2122,2022-02-26,arouca,moreirense,5.0,0.0,2.0,2.0,7.0,2.0
2FufReZm,flashscore,P1,2122,2022-02-26,maritimo,sporting cp,1.0,4.0,3.0,3.0,4.0,7.0
O2ZeoHQJ,flashscore,P1,2122,2022-02-26,famalicao,tondela,3.0,3.0,4.0,0.0,7.0,3.0
6yKvxBsM,flashscore,RO1,2122,2022-02-26,fc rapid bucuresti,dinamo bucuresti,1.0,2.0,2.0,3.0,3.0,5.0
Ess6hWR2,flashscore,RO1,2122,2022-02-26,sepsi sf. gheorghe,cfr cluj,5.0,0.0,3.0,1.0,8.0,1.0
KvOryVdS,flashscore,RO1,2122,2022-02-26,gaz metan medias,u craiova 1948,0.0,2.0,0.0,4.0,0.0,6.0
OrVhO4qM,flashscore,SA1,2122,2022-02-26,al ahli sc,al ittihad,3.0,5.0,1.0,0.0,4.0,5.0
f9QlPpUF,flashscore,SA1,2122,2022-02-26,al hilal,al hazem,6.0,1.0,2.0,3.0,8.0,4.0
GIRpQQE9,flashscore,SA1,2122,2022-02-26,al nassr,abha,1.0,3.0,2.0,2.0,3.0,5.0
YgxtR6a3,flashscore,SA1,2122,2022-02-26,damac,al raed,3.0,0.0,1.0,6.0,4.0,6.0
rmhqtRxE,flashscore,SW1,2122,2022-02-26,lugano,servette,1.0,2.0,0.0,5.0,1.0,7.0
vFohv57Q,flashscore,SW1,2122,2022-02-26,young boys,sion,6.0,0.0,3.0,1.0,9.0,1.0
QVe9GcFd,flashscore,B1,2122,2022-02-27,waregem,seraing,3.0,2.0,1.0,5.0,4.0,7.0
KQpTzS0B,flashscore,B1,2122,2022-02-27,st. liege,gent,1.0,2.0,1.0,3.0,2.0,5.0
2kzYZoGH,flashscore,B1,2122,2022-02-27,genk,kortrijk,8.0,0.0,5.0,0.0,13.0,0.0
6NtPy8o5,flashscore,B1,2122,2022-02-27,club brugge kv,antwerp,4.0,2.0,3.0,1.0,7.0,3.0
fcvMhkp2,flashscore,B2,2122,2022-02-27,rwdm brussels,k. lierse s.k.,0.0,3.0,5.0,1.0,5.0,4.0
A5M8Ghx9,flashscore,B2,2122,2022-02-27,lommel sk,mouscron,3.0,0.0,4.0,1.0,7.0,1.0
YN7Dsksn,flashscore,D1,2122,2022-02-27,augsburg,dortmund,3.0,3.0,2.0,2.0,5.0,5.0
GncIt9dh,flashscore,D1,2122,2022-02-27,bochum,rb leipzig,2.0,0.0,3.0,0.0,5.0,0.0
8pvXVexc,flashscore,D2,2122,2022-02-27,hamburger sv,werder bremen,1.0,2.0,1.0,2.0,2.0,4.0
2qXuUZ69,flashscore,D2,2122,2022-02-27,heidenheim,sandhausen,4.0,2.0,7.0,2.0,11.0,4.0
l0ZiRXjS,flashscore,D2,2122,2022-02-27,regensburg,dusseldorf,0.0,4.0,0.0,2.0,0.0,6.0
Eun1Ulfp,flashscore,DK1,2122,2022-02-27,odense,midtjylland,1.0,3.0,3.0,1.0,4.0,4.0
hMsiiC1c,flashscore,DK1,2122,2022-02-27,viborg,fc copenhagen,2.0,4.0,8.0,0.0,10.0,4.0
MmfZYUoT,flashscore,DK1,2122,2022-02-27,aalborg,silkeborg,1.0,2.0,4.0,1.0,5.0,3.0
hWp5T89j,flashscore,DK1,2122,2022-02-27,nordsjaelland,randers fc,0.0,1.0,3.0,4.0,3.0,5.0
SQlsvafh,flashscore,N1,2122,2022-02-27,heerenveen,utrecht,2.0,2.0,4.0,4.0,6.0,6.0
r3GOLHvO,flashscore,N1,2122,2022-02-27,g.a. eagles,ajax,1.0,4.0,1.0,4.0,2.0,8.0
6HmowJ9b,flashscore,N1,2122,2022-02-27,sparta rotterdam,psv,3.0,4.0,1.0,7.0,4.0,11.0
AkIGNwAB,flashscore,N1,2122,2022-02-27,az alkmaar,feyenoord,1.0,3.0,4.0,4.0,5.0,7.0
ltwjxwP4,flashscore,N1,2122,2022-02-27,vitesse,nijmegen,4.0,0.0,2.0,1.0,6.0,1.0
AoWEMXmJ,flashscore,P1,2122,2022-02-27,fc porto,gil vicente,5.0,0.0,5.0,1.0,10.0,1.0
lWs6OgJ6,flashscore,P1,2122,2022-02-27,benfica,vitoria guimaraes,3.0,4.0,2.0,5.0,5.0,9.0
2gYapytQ,flashscore,P1,2122,2022-02-27,estoril,boavista,4.0,1.0,1.0,0.0,5.0,1.0
8zBSuels,flashscore,P1,2122,2022-02-27,vizela,portimonense,3.0,0.0,8.0,2.0,11.0,2.0
Cx3NTnk2,flashscore,RO1,2122,2022-02-27,fcsb,farul constanta,2.0,7.0,1.0,1.0,3.0,8.0
Yo4JUSZe,flashscore,RO1,2122,2022-02-27,fc botosani,mioveni,4.0,1.0,3.0,0.0,7.0,1.0
CSa9ijs9,flashscore,RO1,2122,2022-02-27,fc arges,fc voluntari,2.0,3.0,3.0,2.0,5.0,5.0
ED9XGMyd,flashscore,SA1,2122,2022-02-27,al fayha,al shabab,0.0,3.0,2.0,2.0,2.0,5.0
KjATH2Mk,flashscore,SA1,2122,2022-02-27,al fateh,al ettifaq,3.0,1.0,2.0,3.0,5.0,4.0
8G6PIr7q,flashscore,SA1,2122,2022-02-27,al taee,al taawon,2.0,4.0,5.0,6.0,7.0,10.0
2ZTdNObS,flashscore,SA1,2122,2022-02-27,al batin,al-faisaly,2.0,1.0,3.0,4.0,5.0,5.0
Uq41Hs0D,flashscore,SW1,2122,2022-02-27,lausanne,luzern,3.0,1.0,3.0,3.0,6.0,4.0
tOXJZOFs,flashscore,SW1,2122,2022-02-27,zurich,basel,3.0,3.0,2.0,0.0,5.0,3.0
MwimuohK,flashscore,SW1,2122,2022-02-27,st. gallen,grasshoppers,1.0,1.0,5.0,2.0,6.0,3.0
rceVZAWM,flashscore,DK1,2122,2022-02-28,brondby,sonderjyske,2.0,0.0,5.0,1.0,7.0,1.0
zTw2PZ30,flashscore,P1,2122,2022-02-28,braga,santa clara,1.0,5.0,1.0,3.0,2.0,8.0
ptbHkUBL,flashscore,RO1,2122,2022-03-01,u craiova 1948,fc rapid bucuresti,4.0,2.0,1.0,2.0,5.0,4.0
6kaDjAdF,flashscore,RO1,2122,2022-03-01,dinamo bucuresti,sepsi sf. gheorghe,3.0,4.0,2.0,4.0,5.0,8.0
4Qvlp8Zr,flashscore,RO1,2122,2022-03-01,chindia targoviste,uta arad,0.0,2.0,2.0,6.0,2.0,8.0
A3PzWtF6,flashscore,SW1,2122,2022-03-01,servette,young boys,1.0,2.0,2.0,3.0,3.0,5.0
APt6EJnl,flashscore,B1,2122,2022-03-02,st. liege,beerschot va,1.0,1.0,0.0,2.0,1.0,3.0
Y5W4tQY7,flashscore,RO1,2122,2022-03-02,fc voluntari,cfr cluj,3.0,6.0,1.0,2.0,4.0,8.0
bmvhqSlk,flashscore,RO1,2122,2022-03-02,mioveni,univ. craiova,2.0,2.0,2.0,0.0,4.0,2.0
2HhMllRR,flashscore,RO1,2122,2022-03-02,lps hd clinceni,gaz metan medias,3.0,0.0,5.0,0.0,8.0,0.0
YsQsk93c,flashscore,RS1,2122,2022-03-02,cukaricki,napredak,3.0,0.0,3.0,1.0,6.0,1.0
vNHFozc5,flashscore,RS1,2122,2022-03-02,kolubara,vojvodina,3.0,4.0,0.0,1.0,3.0,5.0
YqHJpfCB,flashscore,RS1,2122,2022-03-02,metalac,radnicki nis,4.0,3.0,2.0,1.0,6.0,4.0
G6FnlTI3,flashscore,RS1,2122,2022-03-02,tsc,radnik,2.0,1.0,2.0,0.0,4.0,1.0
WCQWWMa0,flashscore,SW1,2122,2022-03-02,luzern,zurich,0.0,4.0,5.0,4.0,5.0,8.0
ITOvV0UC,flashscore,SW1,2122,2022-03-02,sion,lausanne,1.0,6.0,1.0,3.0,2.0,9.0
fFX0s6J1,flashscore,RO1,2122,2022-03-03,fc arges,fcsb,1.0,2.0,1.0,3.0,2.0,5.0
Cjrdrn4e,flashscore,RO1,2122,2022-03-03,farul constanta,fc botosani,6.0,2.0,2.0,2.0,8.0,4.0
6yYeR5Bj,flashscore,RS1,2122,2022-03-03,partizan,mladost,4.0,1.0,4.0,0.0,8.0,1.0
SpZiSodp,flashscore,RS1,2122,2022-03-03,vozdovac,crvena zvezda,2.0,6.0,1.0,3.0,3.0,9.0
ULiKvQT2,flashscore,SA1,2122,2022-03-03,al nassr,al hilal,1.0,4.0,1.0,1.0,2.0,5.0
h48yGti2,flashscore,SA1,2122,2022-03-03,al ittihad,damac,7.0,1.0,2.0,4.0,9.0,5.0
zoXNYrVm,flashscore,SW1,2122,2022-03-03,basel,st. gallen,1.0,1.0,5.0,0.0,6.0,1.0
llySX2pf,flashscore,SW1,2122,2022-03-03,grasshoppers,lugano,4.0,2.0,7.0,4.0,11.0,6.0
2HdkDqQ1,flashscore,B1,2122,2022-03-04,st. truiden,kv mechelen,1.0,2.0,2.0,2.0,3.0,4.0
231m9AUr,flashscore,B2,2122,2022-03-04,deinze,westerlo,4.0,4.0,3.0,0.0,7.0,4.0
GKzorMXd,flashscore,D1,2122,2022-03-04,arminia bielefeld,augsburg,3.0,0.0,3.0,1.0,6.0,1.0
EHyJuX5L,flashscore,D2,2122,2022-03-04,darmstadt,heidenheim,4.0,0.0,3.0,1.0,7.0,1.0
6iYAsgy9,flashscore,D2,2122,2022-03-04,holstein kiel,paderborn,2.0,1.0,2.0,3.0,4.0,4.0
rBz4lAoG,flashscore,DK1,2122,2022-03-04,fc copenhagen,randers fc,5.0,3.0,2.0,2.0,7.0,5.0
nqsejWG3,flashscore,DK1,2122,2022-03-04,midtjylland,viborg,1.0,1.0,1.0,3.0,2.0,4.0
fkYKIOno,flashscore,P1,2122,2022-03-04,gil vicente,estoril,4.0,0.0,2.0,2.0,6.0,2.0
v3Jj4TQE,flashscore,RO1,2122,2022-03-04,sepsi sf. gheorghe,u craiova 1948,1.0,2.0,2.0,3.0,3.0,5.0
GxfWyODL,flashscore,SA1,2122,2022-03-04,al ettifaq,al ahli sc,1.0,1.0,1.0,5.0,2.0,6.0
2ZkSx4bF,flashscore,SA1,2122,2022-03-04,al taawon,al fateh,0.0,0.0,3.0,4.0,3.0,4.0
8CjOwpq9,flashscore,SA1,2122,2022-03-04,abha,al taee,2.0,0.0,2.0,5.0,4.0,5.0
t28tF5ek,flashscore,B1,2122,2022-03-05,seraing,club brugge kv,3.0,4.0,3.0,1.0,6.0,5.0
UR4xGotq,flashscore,B1,2122,2022-03-05,kortrijk,royale union sg,2.0,4.0,1.0,9.0,3.0,13.0
OQcoEPAe,flashscore,B1,2122,2022-03-05,cercle brugge ksv,genk,6.0,2.0,5.0,0.0,11.0,2.0
dvGj8Uqk,flashscore,B2,2122,2022-03-05,k. lierse s.k.,lommel sk,1.0,2.0,6.0,4.0,7.0,6.0
6kgfLbQq,flashscore,D1,2122,2022-03-05,stuttgart,b. monchengladbach,4.0,0.0,1.0,2.0,5.0,2.0
OC0QvmR4,flashscore,D1,2122,2022-03-05,bayern munich,bayer leverkusen,3.0,1.0,4.0,1.0,7.0,2.0
Opvgt029,flashscore,D1,2122,2022-03-05,bochum,greuther furth,1.0,3.0,2.0,3.0,3.0,6.0
EFd2Jxed,flashscore,D1,2122,2022-03-05,hertha berlin,eintracht frankfurt,2.0,4.0,1.0,4.0,3.0,8.0
23aUw7tB,flashscore,D1,2122,2022-03-05,rb leipzig,freiburg,0.0,1.0,4.0,0.0,4.0,1.0
UPVQxReH,flashscore,D1,2122,2022-03-05,wolfsburg,union berlin,5.0,4.0,1.0,6.0,6.0,10.0
bkDkzBTr,flashscore,D2,2122,2022-03-05,nurnberg,hamburger sv,1.0,4.0,3.0,5.0,4.0,9.0
6FGcYlbe,flashscore,D2,2122,2022-03-05,sandhausen,hannover,4.0,2.0,6.0,4.0,10.0,6.0
S0Z6rZL2,flashscore,D2,2122,2022-03-05,schalke,hansa rostock,1.0,2.0,3.0,0.0,4.0,2.0
dtRNviLR,flashscore,D2,2122,2022-03-05,st. pauli,karlsruher sc,3.0,2.0,3.0,3.0,6.0,5.0
zcu2Zz9N,flashscore,N1,2122,2022-03-05,feyenoord,groningen,1.0,1.0,7.0,0.0,8.0,1.0
4ScQTEWp,flashscore,N1,2122,2022-03-05,g.a. eagles,utrecht,2.0,3.0,5.0,0.0,7.0,3.0
hlvLkdg4,flashscore,N1,2122,2022-03-05,willem ii,heerenveen,8.0,1.0,3.0,1.0,11.0,2.0
zoB7tSvh,flashscore,P1,2122,2022-03-05,sporting cp,arouca,2.0,1.0,3.0,0.0,5.0,1.0
G0EzvZIg,flashscore,P1,2122,2022-03-05,portimonense,benfica,1.0,4.0,1.0,4.0,2.0,8.0
fiDvwgYa,flashscore,P1,2122,2022-03-05,boavista,braga,1.0,1.0,3.0,0.0,4.0,1.0
MR8e3mtL,flashscore,RO1,2122,2022-03-05,fc rapid bucuresti,lps hd clinceni,5.0,2.0,5.0,0.0,10.0,2.0
hAaRcR3r,flashscore,RO1,2122,2022-03-05,uta arad,mioveni,4.0,0.0,5.0,2.0,9.0,2.0
fop6VLjk,flashscore,SA1,2122,2022-03-05,al shabab,al batin,1.0,1.0,1.0,1.0,2.0,2.0
0AV2W1yq,flashscore,SA1,2122,2022-03-05,al raed,al fayha,3.0,1.0,1.0,3.0,4.0,4.0
b1qyyrTR,flashscore,SA1,2122,2022-03-05,al-faisaly,al hazem,2.0,3.0,0.0,1.0,2.0,4.0
bP1Rh4MJ,flashscore,SW1,2122,2022-03-05,lausanne,zurich,4.0,1.0,6.0,1.0,10.0,2.0
8bi1n2am,flashscore,SW1,2122,2022-03-05,young boys,luzern,3.0,1.0,9.0,1.0,12.0,2.0
C058XVwb,flashscore,TR2,2122,2022-03-05,ankaragucu,bandirmaspor,1.0,2.0,4.0,3.0,5.0,5.0
pE3GV98A,flashscore,TR2,2122,2022-03-05,samsunspor,menemenspor,5.0,1.0,7.0,1.0,12.0,2.0
ji4CWkg4,flashscore,TR2,2122,2022-03-05,altinordu,erzurumspor,1.0,2.0,2.0,4.0,3.0,6.0
UNlyymI8,flashscore,B1,2122,2022-03-06,eupen,leuven,3.0,1.0,0.0,6.0,3.0,7.0
YeJ6L7IL,flashscore,B1,2122,2022-03-06,gent,waregem,1.0,0.0,9.0,0.0,10.0,0.0
jXkXyT22,flashscore,B1,2122,2022-03-06,charleroi,st. liege,4.0,1.0,4.0,3.0,8.0,4.0
GKO1Mm3F,flashscore,B1,2122,2022-03-06,anderlecht,oostende,2.0,3.0,0.0,2.0,2.0,5.0
CnIAKRXR,flashscore,B1,2122,2022-03-06,antwerp,beerschot va,5.0,2.0,2.0,1.0,7.0,3.0
0fFLDjMR,flashscore,B2,2122,2022-03-06,beveren,virton,8.0,4.0,2.0,1.0,10.0,5.0
IVPGEW6L,flashscore,B2,2122,2022-03-06,mouscron,rwdm brussels,2.0,4.0,2.0,0.0,4.0,4.0
fBZlstm3,flashscore,D1,2122,2022-03-06,fc koln,hoffenheim,0.0,1.0,4.0,0.0,4.0,1.0
SOHgZUrk,flashscore,D2,2122,2022-03-06,aue,regensburg,3.0,2.0,1.0,6.0,4.0,8.0
0EXEtDjF,flashscore,D2,2122,2022-03-06,dusseldorf,ingolstadt,1.0,3.0,7.0,2.0,8.0,5.0
tbEWJkq2,flashscore,D2,2122,2022-03-06,werder bremen,sg dynamo dresden,5.0,7.0,5.0,2.0,10.0,9.0
hpQwr8Oq,flashscore,DK1,2122,2022-03-06,silkeborg,brondby,4.0,2.0,3.0,1.0,7.0,3.0
M1Z7mU0M,flashscore,DK1,2122,2022-03-06,aalborg,vejle,4.0,1.0,3.0,4.0,7.0,5.0
GOYBnlGS,flashscore,DK1,2122,2022-03-06,sonderjyske,odense,4.0,1.0,5.0,2.0,9.0,3.0
2JBbYfOT,flashscore,N1,2122,2022-03-06,sittard,zwolle,1.0,2.0,2.0,2.0,3.0,4.0
2qsfycvB,flashscore,N1,2122,2022-03-06,ajax,waalwijk,4.0,2.0,5.0,1.0,9.0,3.0
IVo8hb9o,flashscore,N1,2122,2022-03-06,nijmegen,az alkmaar,3.0,2.0,1.0,4.0,4.0,6.0
d6tbzHgH,flashscore,N1,2122,2022-03-06,twente,cambuur,6.0,2.0,3.0,3.0,9.0,5.0
WYkCiIOi,flashscore,N1,2122,2022-03-06,psv,heracles,6.0,0.0,2.0,2.0,8.0,2.0
dfC3s8Po,flashscore,P1,2122,2022-03-06,santa clara,vizela,2.0,0.0,4.0,1.0,6.0,1.0
CS7qxDm6,flashscore,P1,2122,2022-03-06,vitoria guimaraes,famalicao,3.0,0.0,4.0,2.0,7.0,2.0
MwFWvF3m,flashscore,P1,2122,2022-03-06,pacos ferreira,fc porto,0.0,1.0,1.0,6.0,1.0,7.0
pt6iziII,flashscore,P1,2122,2022-03-06,moreirense,maritimo,6.0,2.0,2.0,2.0,8.0,4.0
SSivePm1,flashscore,RO1,2122,2022-03-06,fcsb,fc voluntari,3.0,0.0,4.0,0.0,7.0,0.0
0CKn59B8,flashscore,RO1,2122,2022-03-06,cfr cluj,dinamo bucuresti,5.0,3.0,6.0,0.0,11.0,3.0
zVCa27eR,flashscore,RO1,2122,2022-03-06,gaz metan medias,chindia targoviste,1.0,5.0,0.0,3.0,1.0,8.0
fcEjmmY9,flashscore,RS1,2122,2022-03-06,vojvodina,tsc,1.0,1.0,6.0,0.0,7.0,1.0
fLhZvPuj,flashscore,RS1,2122,2022-03-06,crvena zvezda,novi pazar,2.0,1.0,2.0,0.0,4.0,1.0
Ox23poIS,flashscore,RS1,2122,2022-03-06,sp. subotica,partizan,1.0,4.0,0.0,4.0,1.0,8.0
dKNrUKqJ,flashscore,SW1,2122,2022-03-06,grasshoppers,servette,1.0,2.0,5.0,3.0,6.0,5.0
U7hcmrps,flashscore,SW1,2122,2022-03-06,st. gallen,sion,4.0,2.0,3.0,0.0,7.0,2.0
CS5ViOyQ,flashscore,SW1,2122,2022-03-06,lugano,basel,2.0,0.0,2.0,0.0,4.0,0.0
0I9HMfKF,flashscore,TR1,2122,2022-03-06,antalyaspor,sivasspor,2.0,0.0,1.0,6.0,3.0,6.0
4jG8OGk3,flashscore,TR1,2122,2022-03-06,fenerbahce,trabzonspor,2.0,3.0,2.0,1.0,4.0,4.0
OARqGhcq,flashscore,TR1,2122,2022-03-06,karagumruk,altay,1.0,1.0,5.0,0.0,6.0,1.0
fPA3YBOi,flashscore,TR2,2122,2022-03-06,eyupspor,umraniyespor,3.0,0.0,4.0,2.0,7.0,2.0
6BtkSz2I,flashscore,TR2,2122,2022-03-06,tuzlaspor,istanbulspor as,4.0,2.0,6.0,4.0,10.0,6.0
GYBaZi9o,flashscore,TR2,2122,2022-03-06,adanaspor as,manisa fk,1.0,2.0,2.0,2.0,3.0,4.0
pdhtUdX5,flashscore,TR2,2122,2022-03-06,boluspor,bursaspor,1.0,3.0,1.0,5.0,2.0,8.0
QZuakjW9,flashscore,DK1,2122,2022-03-07,aarhus,nordsjaelland,2.0,1.0,2.0,1.0,4.0,2.0
jJ6myX2C,flashscore,P1,2122,2022-03-07,tondela,bsad,1.0,2.0,3.0,3.0,4.0,5.0
W0bVdoJl,flashscore,RO1,2122,2022-03-07,univ. craiova,farul constanta,4.0,1.0,3.0,0.0,7.0,1.0
lxgzd5Yf,flashscore,RO1,2122,2022-03-07,fc botosani,fc arges,3.0,4.0,1.0,4.0,4.0,8.0
ATzM2SXd,flashscore,RS1,2122,2022-03-07,radnicki nis,kolubara,1.0,3.0,1.0,3.0,2.0,6.0
tECboR2M,flashscore,RS1,2122,2022-03-07,napredak,proleter,1.0,1.0,4.0,1.0,5.0,2.0
2NDfn7mG,flashscore,RS1,2122,2022-03-07,radnik,cukaricki,0.0,4.0,0.0,2.0,0.0,6.0
YBiwvqed,flashscore,RS1,2122,2022-03-07,radnicki 1923,metalac,0.0,2.0,4.0,3.0,4.0,5.0
YV7PKYlS,flashscore,TR1,2122,2022-03-07,besiktas,basaksehir,0.0,1.0,3.0,2.0,3.0,3.0
21QmFCCk,flashscore,TR1,2122,2022-03-07,gaziantep,hatayspor,5.0,0.0,6.0,3.0,11.0,3.0
nF5DNz59,flashscore,TR1,2122,2022-03-07,kayserispor,alanyaspor,1.0,0.0,1.0,4.0,2.0,4.0
OnipTGnC,flashscore,TR2,2122,2022-03-07,balikesirspor,denizlispor,0.0,1.0,0.0,5.0,0.0,6.0
0bgVu5Qq,flashscore,RS1,2122,2022-03-08,mladost,vozdovac,1.0,1.0,4.0,3.0,5.0,4.0
nNykdw8a,flashscore,SA1,2122,2022-03-08,al hilal,al ittihad,4.0,1.0,3.0,1.0,7.0,2.0
G0YETaL1,flashscore,SA1,2122,2022-03-10,al taawon,al-faisaly,3.0,5.0,0.0,1.0,3.0,6.0
YyqAUu6e,flashscore,SA1,2122,2022-03-10,al fateh,abha,4.0,1.0,1.0,1.0,5.0,2.0
SKc6bpQN,flashscore,TR2,2122,2022-03-10,eyupspor,bursaspor,1.0,4.0,1.0,2.0,2.0,6.0
MLTFT4Ar,flashscore,B1,2122,2022-03-11,leuven,royale union sg,0.0,5.0,5.0,2.0,5.0,7.0
zVEf7lae,flashscore,B2,2122,2022-03-11,virton,westerlo,1.0,6.0,2.0,1.0,3.0,7.0
EHcleC58,flashscore,D2,2122,2022-03-11,darmstadt,sandhausen,3.0,1.0,1.0,0.0,4.0,1.0
KItXnlDl,flashscore,D2,2122,2022-03-11,hansa rostock,holstein kiel,4.0,2.0,2.0,1.0,6.0,3.0
Kd1Y3ko3,flashscore,DK1,2122,2022-03-11,nordsjaelland,sonderjyske,4.0,4.0,5.0,4.0,9.0,8.0
6i4f4e8c,flashscore,N1,2122,2022-03-11,cambuur,ajax,2.0,3.0,3.0,2.0,5.0,5.0
8Ecwfo9i,flashscore,P1,2122,2022-03-11,benfica,vizela,6.0,2.0,3.0,6.0,9.0,8.0
06BALKeM,flashscore,RO1,2122,2022-03-11,univ. craiova,fc arges,3.0,0.0,0.0,2.0,3.0,2.0
lbOn7Oy5,flashscore,RO1,2122,2022-03-11,uta arad,lps hd clinceni,1.0,3.0,1.0,3.0,2.0,6.0
r7Q0i3D8,flashscore,SA1,2122,2022-03-11,al ettifaq,al nassr,1.0,4.0,1.0,4.0,2.0,8.0
U3xJSJz8,flashscore,SA1,2122,2022-03-11,al fayha,al batin,5.0,2.0,6.0,1.0,11.0,3.0
x4t7l6n8,flashscore,B1,2122,2022-03-12,oostende,club brugge kv,1.0,3.0,5.0,1.0,6.0,4.0
lr0CSOPl,flashscore,B1,2122,2022-03-12,cercle brugge ksv,kortrijk,4.0,1.0,2.0,4.0,6.0,5.0
SYbGRrue,flashscore,B1,2122,2022-03-12,waregem,eupen,1.0,5.0,0.0,4.0,1.0,9.0
MebKQ2f1,flashscore,B1,2122,2022-03-12,kv mechelen,charleroi,0.0,1.0,4.0,2.0,4.0,3.0
Wd835ST7,flashscore,B2,2122,2022-03-12,lommel sk,rwdm brussels,2.0,1.0,5.0,4.0,7.0,5.0
h6HyYyAk,flashscore,D1,2122,2022-03-12,b. monchengladbach,hertha berlin,2.0,0.0,1.0,6.0,3.0,6.0
AsCtXePe,flashscore,D1,2122,2022-03-12,freiburg,wolfsburg,4.0,2.0,3.0,3.0,7.0,5.0
lYApWFv2,flashscore,D1,2122,2022-03-12,hoffenheim,bayern munich,3.0,4.0,0.0,4.0,3.0,8.0
EFIXYHfq,flashscore,D1,2122,2022-03-12,union berlin,stuttgart,1.0,1.0,2.0,2.0,3.0,3.0
h8dhfWKE,flashscore,D2,2122,2022-03-12,heidenheim,werder bremen,4.0,3.0,2.0,3.0,6.0,6.0
AqicgjzL,flashscore,D2,2122,2022-03-12,paderborn,dusseldorf,4.0,3.0,3.0,2.0,7.0,5.0
6FxTmUcr,flashscore,D2,2122,2022-03-12,sg dynamo dresden,st. pauli,3.0,5.0,1.0,3.0,4.0,8.0
0dQbr4hU,flashscore,E0,2122,2022-03-12,manchester utd,tottenham,1.0,3.0,3.0,2.0,4.0,5.0
0G8sl8Oh,flashscore,E0,2122,2022-03-12,brentford,burnley,1.0,7.0,1.0,2.0,2.0,9.0
fw8omSwa,flashscore,E0,2122,2022-03-12,brighton,liverpool,1.0,3.0,6.0,2.0,7.0,5.0
0ny2Z5lB,flashscore,I1,2122,2022-03-12,ac milan,empoli,2.0,0.0,3.0,4.0,5.0,4.0
Kli3XqJN,flashscore,I1,2122,2022-03-12,sampdoria,juventus,3.0,0.0,6.0,0.0,9.0,0.0
tbhaYP3H,flashscore,I1,2122,2022-03-12,salernitana,sassuolo,1.0,3.0,4.0,2.0,5.0,5.0
EBj7W3YT,flashscore,I1,2122,2022-03-12,spezia,cagliari,5.0,2.0,3.0,5.0,8.0,7.0
lYG3tMOD,flashscore,I2,2122,2022-03-12,benevento,crotone,1.0,1.0,3.0,0.0,4.0,1.0
08K7utvK,flashscore,I2,2122,2022-03-12,frosinone,alessandria,4.0,1.0,5.0,1.0,9.0,2.0
ptdvzK1s,flashscore,I2,2122,2022-03-12,monza,l.r. vicenza,3.0,2.0,2.0,2.0,5.0,4.0
zVliXHo0,flashscore,I2,2122,2022-03-12,pordenone,como,3.0,1.0,3.0,2.0,6.0,3.0
rehaVeGC,flashscore,I2,2122,2022-03-12,spal,ascoli,3.0,3.0,0.0,3.0,3.0,6.0
rX9Cv0gQ,flashscore,I2,2122,2022-03-12,lecce,brescia,4.0,2.0,5.0,2.0,9.0,4.0
lYheWy16,flashscore,I2,2122,2022-03-12,reggina,perugia,4.0,1.0,1.0,3.0,5.0,4.0
veeR7et9,flashscore,I2,2122,2022-03-12,ternana,cosenza,3.0,1.0,0.0,4.0,3.0,5.0
S05j5ygi,flashscore,N1,2122,2022-03-12,waalwijk,heerenveen,1.0,5.0,6.0,2.0,7.0,7.0
0EsTmzOG,flashscore,N1,2122,2022-03-12,groningen,nijmegen,6.0,4.0,2.0,6.0,8.0,10.0
0E3b3FN3,flashscore,N1,2122,2022-03-12,sparta rotterdam,g.a. eagles,1.0,1.0,0.0,3.0,1.0,4.0
GKAiWsHp,flashscore,P1,2122,2022-03-12,bsad,boavista,2.0,3.0,1.0,1.0,3.0,4.0
rBEFv694,flashscore,P1,2122,2022-03-12,arouca,pacos ferreira,4.0,5.0,2.0,4.0,6.0,9.0
fB9eV1Wj,flashscore,P1,2122,2022-03-12,estoril,portimonense,5.0,6.0,1.0,4.0,6.0,10.0
QZ3KwQOA,flashscore,P1,2122,2022-03-12,famalicao,santa clara,3.0,2.0,3.0,3.0,6.0,5.0
Is6FKvBS,flashscore,RO1,2122,2022-03-12,cfr cluj,fc voluntari,2.0,4.0,0.0,1.0,2.0,5.0
SlNj6riB,flashscore,RO1,2122,2022-03-12,chindia targoviste,u craiova 1948,2.0,1.0,2.0,0.0,4.0,1.0
GlMGi2Pe,flashscore,RS1,2122,2022-03-12,cukaricki,tsc,4.0,1.0,1.0,0.0,5.0,1.0
lKZP1nm3,flashscore,RS1,2122,2022-03-12,radnicki nis,vojvodina,0.0,3.0,3.0,4.0,3.0,7.0
YPWBhrAk,flashscore,RS1,2122,2022-03-12,proleter,radnik,6.0,1.0,8.0,2.0,14.0,3.0
vZJ9ksrL,flashscore,SA1,2122,2022-03-12,al ahli sc,al taee,3.0,0.0,1.0,0.0,4.0,0.0
McP4jNSE,flashscore,SA1,2122,2022-03-12,al hazem,damac,8.0,0.0,2.0,1.0,10.0,1.0
ANmIrKbC,flashscore,SW1,2122,2022-03-12,sion,lugano,4.0,1.0,5.0,1.0,9.0,2.0
hnwNsvEI,flashscore,SW1,2122,2022-03-12,zurich,st. gallen,2.0,4.0,4.0,1.0,6.0,5.0
prRSFq30,flashscore,TR1,2122,2022-03-12,trabzonspor,goztepe,0.0,2.0,3.0,4.0,3.0,6.0
jN6ryfZ8,flashscore,TR1,2122,2022-03-12,altay,yeni malatyaspor,0.0,0.0,3.0,2.0,3.0,2.0
OYPWE3I6,flashscore,TR1,2122,2022-03-12,kasimpasa,rizespor,2.0,0.0,1.0,4.0,3.0,4.0
ARTeDjs2,flashscore,TR1,2122,2022-03-12,hatayspor,karagumruk,0.0,3.0,2.0,3.0,2.0,6.0
QkrpZQnL,flashscore,B1,2122,2022-03-13,st. liege,seraing,1.0,2.0,2.0,2.0,3.0,4.0
za2OPM97,flashscore,B1,2122,2022-03-13,beerschot va,gent,2.0,1.0,4.0,1.0,6.0,2.0
KCslYp2R,flashscore,B1,2122,2022-03-13,genk,st. truiden,1.0,1.0,4.0,0.0,5.0,1.0
Cnvtz7XE,flashscore,B1,2122,2022-03-13,anderlecht,antwerp,3.0,2.0,3.0,1.0,6.0,3.0
p0doUB68,flashscore,B2,2122,2022-03-13,k. lierse s.k.,mouscron,2.0,4.0,4.0,1.0,6.0,5.0
Ig4a68E1,flashscore,B2,2122,2022-03-13,deinze,beveren,1.0,2.0,4.0,2.0,5.0,4.0
Gv3WgJW8,flashscore,D1,2122,2022-03-13,greuther furth,rb leipzig,0.0,1.0,0.0,1.0,0.0,2.0
2ywcuKHF,flashscore,D1,2122,2022-03-13,dortmund,arminia bielefeld,2.0,2.0,2.0,3.0,4.0,5.0
p0S1vvXL,flashscore,D1,2122,2022-03-13,eintracht frankfurt,bochum,8.0,0.0,1.0,3.0,9.0,3.0
dzW5wbnS,flashscore,D1,2122,2022-03-13,bayer leverkusen,fc koln,2.0,0.0,5.0,0.0,7.0,0.0
lzj1hAkR,flashscore,D2,2122,2022-03-13,hannover,nurnberg,2.0,2.0,0.0,3.0,2.0,5.0
2sWyn8Sf,flashscore,D2,2122,2022-03-13,ingolstadt,schalke,2.0,1.0,5.0,2.0,7.0,3.0
0E96WSS7,flashscore,D2,2122,2022-03-13,karlsruher sc,regensburg,2.0,1.0,5.0,2.0,7.0,3.0
EaEntngd,flashscore,DK1,2122,2022-03-13,midtjylland,fc copenhagen,2.0,1.0,5.0,5.0,7.0,6.0
z9FrsSwj,flashscore,DK1,2122,2022-03-13,brondby,aarhus,2.0,1.0,5.0,1.0,7.0,2.0
GOfs2TFF,flashscore,DK1,2122,2022-03-13,randers fc,silkeborg,3.0,3.0,1.0,3.0,4.0,6.0
2Ljw3909,flashscore,DK1,2122,2022-03-13,viborg,vejle,6.0,6.0,5.0,2.0,11.0,8.0
nD4wkl9n,flashscore,E0,2122,2022-03-13,arsenal,leicester,1.0,5.0,1.0,1.0,2.0,6.0
YT6knng5,flashscore,E0,2122,2022-03-13,chelsea,newcastle,6.0,1.0,1.0,1.0,7.0,2.0
hWMjpQNH,flashscore,E0,2122,2022-03-13,everton,wolves,5.0,1.0,0.0,1.0,5.0,2.0
ngMfqpwO,flashscore,E0,2122,2022-03-13,leeds,norwich,3.0,1.0,3.0,1.0,6.0,2.0
QJi53mOu,flashscore,E0,2122,2022-03-13,southampton,watford,3.0,2.0,8.0,1.0,11.0,3.0
4Aj927wn,flashscore,E0,2122,2022-03-13,west ham,aston villa,3.0,3.0,2.0,4.0,5.0,7.0
jXsZRNto,flashscore,I1,2122,2022-03-13,torino,inter,1.0,0.0,2.0,4.0,3.0,4.0
W6qowlkn,flashscore,I1,2122,2022-03-13,atalanta,genoa,0.0,2.0,4.0,1.0,4.0,3.0
hxMHj7Jo,flashscore,I1,2122,2022-03-13,udinese,as roma,4.0,2.0,2.0,2.0,6.0,4.0
SYxfySJb,flashscore,I1,2122,2022-03-13,verona,napoli,2.0,2.0,1.0,3.0,3.0,5.0
EVYkx84h,flashscore,I1,2122,2022-03-13,fiorentina,bologna,3.0,0.0,6.0,1.0,9.0,1.0
h6anYcWg,flashscore,I2,2122,2022-03-13,pisa,cremonese,3.0,4.0,1.0,6.0,4.0,10.0
MNrPlG8A,flashscore,N1,2122,2022-03-13,az alkmaar,twente,2.0,1.0,0.0,2.0,2.0,3.0
jqM7thGj,flashscore,N1,2122,2022-03-13,zwolle,feyenoord,0.0,5.0,2.0,1.0,2.0,6.0
ChN3sY0p,flashscore,N1,2122,2022-03-13,heracles,vitesse,4.0,4.0,4.0,1.0,8.0,5.0
rwXXnfwN,flashscore,N1,2122,2022-03-13,utrecht,psv,1.0,7.0,5.0,8.0,6.0,15.0
fDzxnEhT,flashscore,N1,2122,2022-03-13,sittard,willem ii,0.0,4.0,1.0,5.0,1.0,9.0
Ya7Sy4gN,flashscore,P1,2122,2022-03-13,braga,gil vicente,3.0,2.0,4.0,0.0,7.0,2.0
Cj6WzO8T,flashscore,P1,2122,2022-03-13,fc porto,tondela,3.0,3.0,2.0,1.0,5.0,4.0
vw8OxpvH,flashscore,P1,2122,2022-03-13,maritimo,vitoria guimaraes,0.0,2.0,3.0,1.0,3.0,3.0
YmkOmzyp,flashscore,RO1,2122,2022-03-13,fc rapid bucuresti,dinamo bucuresti,2.0,0.0,3.0,3.0,5.0,3.0
MBMf526H,flashscore,RO1,2122,2022-03-13,sepsi sf. gheorghe,mioveni,5.0,2.0,6.0,1.0,11.0,3.0
2sttb4nS,flashscore,RS1,2122,2022-03-13,vozdovac,sp. subotica,0.0,3.0,3.0,1.0,3.0,4.0
fZX7gOfq,flashscore,RS1,2122,2022-03-13,partizan,napredak,4.0,0.0,2.0,1.0,6.0,1.0
rsZT0629,flashscore,RS1,2122,2022-03-13,kolubara,radnicki 1923,3.0,3.0,3.0,2.0,6.0,5.0
z55upL5r,flashscore,SA1,2122,2022-03-13,al shabab,al ittihad,1.0,2.0,5.0,0.0,6.0,2.0
IPIDl1cR,flashscore,SA1,2122,2022-03-13,al raed,al hilal,0.0,2.0,1.0,6.0,1.0,8.0
dfI7zgNl,flashscore,SP1,2122,2022-03-13,barcelona,osasuna,2.0,0.0,3.0,1.0,5.0,1.0
QP6AfEEK,flashscore,SP1,2122,2022-03-13,real sociedad,alaves,2.0,0.0,4.0,4.0,6.0,4.0
zoHBZCxe,flashscore,SP1,2122,2022-03-13,betis,ath bilbao,2.0,3.0,3.0,3.0,5.0,6.0
4G5EgYTQ,flashscore,SP1,2122,2022-03-13,rayo vallecano,sevilla,2.0,3.0,3.0,3.0,5.0,6.0
QZo6oMEg,flashscore,SW1,2122,2022-03-13,basel,servette,0.0,5.0,5.0,1.0,5.0,6.0
bmpEq0q6,flashscore,SW1,2122,2022-03-13,luzern,grasshoppers,3.0,3.0,0.0,0.0,3.0,3.0
4QpAptUa,flashscore,SW1,2122,2022-03-13,lausanne,young boys,0.0,8.0,0.0,2.0,0.0,10.0
jLROGPmf,flashscore,TR1,2122,2022-03-13,alanyaspor,fenerbahce,7.0,3.0,5.0,1.0,12.0,4.0
dMYFIoJs,flashscore,TR1,2122,2022-03-13,adana demirspor,sivasspor,2.0,1.0,4.0,1.0,6.0,2.0
voOKH5Ym,flashscore,TR1,2122,2022-03-13,kayserispor,konyaspor,4.0,1.0,4.0,1.0,8.0,2.0
t62U4VVd,flashscore,DK1,2122,2022-03-14,odense,aalborg,3.0,2.0,5.0,1.0,8.0,3.0
EuOno68B,flashscore,E0,2122,2022-03-14,crystal palace,manchester city,1.0,4.0,1.0,2.0,2.0,6.0
MexbznZ4,flashscore,I1,2122,2022-03-14,lazio,venezia,7.0,1.0,1.0,3.0,8.0,4.0
4KFBunfb,flashscore,P1,2122,2022-03-14,moreirense,sporting cp,1.0,5.0,2.0,2.0,3.0,7.0
KjhsGbJq,flashscore,RO1,2122,2022-03-14,fcsb,farul constanta,3.0,2.0,2.0,0.0,5.0,2.0
GCvTnfjj,flashscore,RO1,2122,2022-03-14,fc botosani,gaz metan medias,4.0,2.0,4.0,0.0,8.0,2.0
tSiXaQHF,flashscore,RS1,2122,2022-03-14,metalac,crvena zvezda,0.0,3.0,1.0,2.0,1.0,5.0
OjsxapXL,flashscore,RS1,2122,2022-03-14,novi pazar,mladost,6.0,1.0,1.0,1.0,7.0,2.0
I96GYWi1,flashscore,SP1,2122,2022-03-14,mallorca,real madrid,0.0,4.0,1.0,2.0,1.0,6.0
CW7vxzK2,flashscore,TR1,2122,2022-03-14,galatasaray,besiktas,2.0,4.0,2.0,1.0,4.0,5.0
dOPiEWRe,flashscore,TR1,2122,2022-03-14,giresunspor,gaziantep,5.0,1.0,1.0,1.0,6.0,2.0
KdBnzElF,flashscore,TR1,2122,2022-03-14,basaksehir,antalyaspor,1.0,3.0,6.0,3.0,7.0,6.0
Moi3UFVI,flashscore,I2,2122,2022-03-15,alessandria,monza,1.0,1.0,3.0,2.0,4.0,3.0
nuBshJNP,flashscore,I2,2122,2022-03-15,brescia,benevento,4.0,3.0,5.0,2.0,9.0,5.0
4Kc9mwWt,flashscore,I2,2122,2022-03-15,cittadella,reggina,4.0,2.0,2.0,0.0,6.0,2.0
IN1Dncom,flashscore,I2,2122,2022-03-15,como,ternana,1.0,3.0,3.0,4.0,4.0,7.0
8UaV6FeF,flashscore,I2,2122,2022-03-15,cosenza,lecce,2.0,2.0,0.0,0.0,2.0,2.0
vwjMpyGa,flashscore,I2,2122,2022-03-15,crotone,frosinone,1.0,4.0,2.0,2.0,3.0,6.0
8CfQqeV5,flashscore,I2,2122,2022-03-15,l.r. vicenza,parma,3.0,3.0,6.0,1.0,9.0,4.0
G6uIgVUe,flashscore,B2,2122,2022-03-16,k. lierse s.k.,westerlo,0.0,6.0,1.0,6.0,1.0,12.0
0ChbKIuj,flashscore,D1,2122,2022-03-16,mainz,dortmund,2.0,0.0,3.0,5.0,5.0,5.0
b76idBaF,flashscore,E0,2122,2022-03-16,arsenal,liverpool,0.0,4.0,1.0,2.0,1.0,6.0
Ua8TGTNF,flashscore,E0,2122,2022-03-16,brighton,tottenham,3.0,1.0,3.0,2.0,6.0,3.0
8lCwga8J,flashscore,I2,2122,2022-03-16,ascoli,pisa,4.0,2.0,2.0,1.0,6.0,3.0
0niIoH0g,flashscore,I2,2122,2022-03-16,cremonese,pordenone,4.0,1.0,2.0,3.0,6.0,4.0
n3gUrFpC,flashscore,I2,2122,2022-03-16,perugia,spal,4.0,0.0,3.0,0.0,7.0,0.0
foImVv0N,flashscore,E0,2122,2022-03-17,everton,newcastle,2.0,5.0,3.0,2.0,5.0,7.0
xU1dtw57,flashscore,SA1,2122,2022-03-17,al nassr,al fayha,4.0,3.0,1.0,4.0,5.0,7.0
8fchsJk1,flashscore,SA1,2122,2022-03-17,damac,al ettifaq,0.0,3.0,0.0,2.0,0.0,5.0
U3blraze,flashscore,SA1,2122,2022-03-17,al-faisaly,al fateh,5.0,2.0,0.0,5.0,5.0,7.0
zaOgu29f,flashscore,B1,2122,2022-03-18,royale union sg,oostende,3.0,1.0,6.0,0.0,9.0,1.0
tSkfSkyL,flashscore,B2,2122,2022-03-18,mouscron,deinze,4.0,1.0,3.0,2.0,7.0,3.0
G8URrgO7,flashscore,D1,2122,2022-03-18,bochum,b. monchengladbach,6.0,1.0,1.0,2.0,7.0,3.0
EqY7l1lg,flashscore,D2,2122,2022-03-18,aue,karlsruher sc,3.0,1.0,3.0,2.0,6.0,3.0
tWZajNJt,flashscore,D2,2122,2022-03-18,st. pauli,heidenheim,1.0,0.0,6.0,0.0,7.0,0.0
QwKjFpNi,flashscore,E0,2122,2022-03-18,wolves,leeds,1.0,0.0,1.0,5.0,2.0,5.0
MHDYnPIA,flashscore,I1,2122,2022-03-18,genoa,torino,0.0,1.0,2.0,2.0,2.0,3.0
QkdHv1Qj,flashscore,I1,2122,2022-03-18,sassuolo,spezia,2.0,0.0,4.0,2.0,6.0,2.0
GlCitqM7,flashscore,N1,2122,2022-03-18,heerenveen,heracles,5.0,1.0,4.0,0.0,9.0,1.0
jcgbkNNM,flashscore,P1,2122,2022-03-18,vizela,famalicao,3.0,2.0,4.0,2.0,7.0,4.0
E3lXxMQd,flashscore,RO1,2122,2022-03-18,fc voluntari,univ. craiova,0.0,3.0,2.0,3.0,2.0,6.0
2JwR7eSF,flashscore,RO1,2122,2022-03-18,fc botosani,uta arad,5.0,2.0,1.0,0.0,6.0,2.0
reE2F5H2,flashscore,RS1,2122,2022-03-18,tsc,proleter,3.0,4.0,1.0,1.0,4.0,5.0
YeVpm9wK,flashscore,SA1,2122,2022-03-18,al hilal,al ahli sc,3.0,3.0,0.0,1.0,3.0,4.0
KhRtlkOD,flashscore,SA1,2122,2022-03-18,al ittihad,al hazem,3.0,4.0,2.0,1.0,5.0,5.0
GK00ucKD,flashscore,SA1,2122,2022-03-18,al taee,al shabab,0.0,0.0,1.0,2.0,1.0,2.0
INokmW6f,flashscore,SP1,2122,2022-03-18,ath bilbao,getafe,4.0,2.0,4.0,0.0,8.0,2.0
WvmbVO2m,flashscore,TR1,2122,2022-03-18,karagumruk,kayserispor,0.0,2.0,3.0,4.0,3.0,6.0
n7BRzouQ,flashscore,TR1,2122,2022-03-18,rizespor,trabzonspor,2.0,7.0,4.0,2.0,6.0,9.0
U5saNoGj,flashscore,TR2,2122,2022-03-18,istanbulspor as,keciorengucu,0.0,2.0,4.0,9.0,4.0,11.0
OKrJo4WQ,flashscore,B1,2122,2022-03-19,antwerp,waregem,4.0,0.0,2.0,0.0,6.0,0.0
WQH2wtv7,flashscore,B1,2122,2022-03-19,charleroi,cercle brugge ksv,1.0,3.0,1.0,0.0,2.0,3.0
txPktrfl,flashscore,B1,2122,2022-03-19,seraing,leuven,1.0,0.0,2.0,3.0,3.0,3.0
AHG6x0gD,flashscore,B1,2122,2022-03-19,eupen,kv mechelen,3.0,6.0,3.0,6.0,6.0,12.0
KIlbR9jR,flashscore,B2,2122,2022-03-19,beveren,lommel sk,3.0,3.0,3.0,3.0,6.0,6.0
b3hygwnF,flashscore,D1,2122,2022-03-19,bayern munich,union berlin,2.0,0.0,1.0,2.0,3.0,2.0
hQDA7x18,flashscore,D1,2122,2022-03-19,greuther furth,freiburg,1.0,6.0,0.0,5.0,1.0,11.0
reWJpFge,flashscore,D1,2122,2022-03-19,hertha berlin,hoffenheim,0.0,3.0,1.0,3.0,1.0,6.0
UiSFoevk,flashscore,D1,2122,2022-03-19,mainz,arminia bielefeld,6.0,0.0,0.0,1.0,6.0,1.0
nTxBnyPr,flashscore,D1,2122,2022-03-19,stuttgart,augsburg,5.0,0.0,3.0,0.0,8.0,0.0
tYUuoSs1,flashscore,D2,2122,2022-03-19,werder bremen,darmstadt,4.0,0.0,2.0,1.0,6.0,1.0
Ug7W7kkE,flashscore,D2,2122,2022-03-19,dusseldorf,hamburger sv,3.0,1.0,3.0,3.0,6.0,4.0
ABRGnuJ5,flashscore,D2,2122,2022-03-19,sandhausen,hansa rostock,6.0,3.0,8.0,2.0,14.0,5.0
lbUqpnc7,flashscore,D2,2122,2022-03-19,schalke,hannover,5.0,2.0,7.0,0.0,12.0,2.0
YqeD1Rhh,flashscore,E0,2122,2022-03-19,aston villa,arsenal,3.0,2.0,3.0,3.0,6.0,5.0
rLyLd8Zq,flashscore,F1,2122,2022-03-19,nantes,lille,4.0,5.0,3.0,2.0,7.0,7.0
WSxs4jsA,flashscore,F1,2122,2022-03-19,lens,clermont,5.0,1.0,2.0,1.0,7.0,2.0
02PPlolb,flashscore,I1,2122,2022-03-19,cagliari,ac milan,4.0,1.0,2.0,4.0,6.0,5.0
YiHxnqYG,flashscore,I1,2122,2022-03-19,inter,fiorentina,4.0,1.0,1.0,2.0,5.0,3.0
65FppN2T,flashscore,I1,2122,2022-03-19,napoli,udinese,5.0,3.0,2.0,1.0,7.0,4.0
URrZsZaI,flashscore,I2,2122,2022-03-19,frosinone,benevento,4.0,1.0,5.0,2.0,9.0,3.0
f5zL5xhP,flashscore,I2,2122,2022-03-19,monza,crotone,1.0,1.0,1.0,1.0,2.0,2.0
dEMn1d0t,flashscore,I2,2122,2022-03-19,parma,lecce,1.0,5.0,4.0,0.0,5.0,5.0
pfNbkmQs,flashscore,I2,2122,2022-03-19,reggina,cosenza,2.0,2.0,2.0,3.0,4.0,5.0
rV88dYEB,flashscore,I2,2122,2022-03-19,ternana,alessandria,1.0,2.0,3.0,2.0,4.0,4.0
KMIrr5ie,flashscore,N1,2122,2022-03-19,nijmegen,sparta rotterdam,4.0,2.0,4.0,1.0,8.0,3.0
dtc71ghG,flashscore,N1,2122,2022-03-19,twente,zwolle,2.0,0.0,2.0,5.0,4.0,5.0
tWJvqoxk,flashscore,N1,2122,2022-03-19,g.a. eagles,cambuur,2.0,1.0,0.0,3.0,2.0,4.0
MH1sg5Oc,flashscore,P1,2122,2022-03-19,vitoria guimaraes,sporting cp,1.0,3.0,1.0,0.0,2.0,3.0
YLr3lswT,flashscore,P1,2122,2022-03-19,santa clara,bsad,1.0,3.0,6.0,5.0,7.0,8.0
SxmxruGd,flashscore,P1,2122,2022-03-19,tondela,arouca,2.0,0.0,2.0,3.0,4.0,3.0
EDioFIYk,flashscore,RO1,2122,2022-03-19,farul constanta,cfr cluj,1.0,1.0,3.0,1.0,4.0,2.0
4YKN8yD9,flashscore,RO1,2122,2022-03-19,lps hd clinceni,fc rapid bucuresti,0.0,2.0,1.0,1.0,1.0,3.0
f3wXoE5d,flashscore,RO1,2122,2022-03-19,gaz metan medias,u craiova 1948,1.0,3.0,2.0,6.0,3.0,9.0
UiQKjMv2,flashscore,RS1,2122,2022-03-19,vojvodina,cukaricki,0.0,6.0,5.0,1.0,5.0,7.0
2cU3DqnF,flashscore,RS1,2122,2022-03-19,napredak,vozdovac,4.0,0.0,1.0,3.0,5.0,3.0
fe9r61vk,flashscore,RS1,2122,2022-03-19,radnicki 1923,radnicki nis,2.0,4.0,3.0,1.0,5.0,5.0
URGGsm1s,flashscore,SA1,2122,2022-03-19,abha,al taawon,3.0,1.0,2.0,4.0,5.0,5.0
SIUlnThQ,flashscore,SA1,2122,2022-03-19,al batin,al raed,1.0,1.0,1.0,0.0,2.0,1.0
f9CJ2B6s,flashscore,SP1,2122,2022-03-19,rayo vallecano,atl. madrid,1.0,4.0,2.0,2.0,3.0,6.0
pzNq9DTD,flashscore,SP1,2122,2022-03-19,osasuna,levante,1.0,0.0,5.0,1.0,6.0,1.0
Cp7O1VLm,flashscore,SP1,2122,2022-03-19,elche,valencia,0.0,0.0,4.0,2.0,4.0,2.0
zadplCil,flashscore,SP1,2122,2022-03-19,alaves,granada cf,4.0,0.0,2.0,2.0,6.0,2.0
ITAqauqg,flashscore,SW1,2122,2022-03-19,young boys,zurich,4.0,1.0,4.0,2.0,8.0,3.0
4Q6u0LTn,flashscore,SW1,2122,2022-03-19,st. gallen,luzern,0.0,1.0,5.0,3.0,5.0,4.0
ENvFRt2C,flashscore,TR1,2122,2022-03-19,besiktas,hatayspor,3.0,3.0,4.0,1.0,7.0,4.0
Ieo6T2Xa,flashscore,TR1,2122,2022-03-19,adana demirspor,basaksehir,5.0,3.0,1.0,1.0,6.0,4.0
hllfW4ms,flashscore,TR1,2122,2022-03-19,goztepe,alanyaspor,0.0,4.0,2.0,0.0,2.0,4.0
K0JuDsmJ,flashscore,TR1,2122,2022-03-19,yeni malatyaspor,kasimpasa,3.0,1.0,0.0,3.0,3.0,4.0
bH7KUTNG,flashscore,TR2,2122,2022-03-19,menemenspor,boluspor,2.0,1.0,3.0,3.0,5.0,4.0
IRNgqTxA,flashscore,TR2,2122,2022-03-19,erzurumspor,samsunspor,2.0,0.0,7.0,1.0,9.0,1.0
vyPkp9N3,flashscore,TR2,2122,2022-03-19,umraniyespor,altinordu,8.0,1.0,14.0,0.0,22.0,1.0
EkNcvMO0,flashscore,B1,2122,2022-03-20,st. truiden,beerschot va,0.0,2.0,7.0,4.0,7.0,6.0
pUqFnpHK,flashscore,B1,2122,2022-03-20,gent,anderlecht,2.0,3.0,2.0,2.0,4.0,5.0
U1LosOvr,flashscore,B1,2122,2022-03-20,kortrijk,st. liege,0.0,2.0,2.0,4.0,2.0,6.0
GfuBmQ1E,flashscore,B1,2122,2022-03-20,club brugge kv,genk,4.0,1.0,6.0,5.0,10.0,6.0
xbyQMTbr,flashscore,B2,2122,2022-03-20,westerlo,k. lierse s.k.,1.0,3.0,1.0,1.0,2.0,4.0
OjekTVLE,flashscore,B2,2122,2022-03-20,rwdm brussels,virton,2.0,3.0,2.0,1.0,4.0,4.0
xIVNqZ81,flashscore,D1,2122,2022-03-20,fc koln,dortmund,3.0,2.0,4.0,3.0,7.0,5.0
pKjqiHGR,flashscore,D1,2122,2022-03-20,wolfsburg,bayer leverkusen,3.0,1.0,4.0,6.0,7.0,7.0
xfiuhc1L,flashscore,D1,2122,2022-03-20,rb leipzig,eintracht frankfurt,1.0,2.0,2.0,0.0,3.0,2.0
SlTmq6CD,flashscore,D2,2122,2022-03-20,holstein kiel,ingolstadt,4.0,3.0,1.0,1.0,5.0,4.0
zgZ3ksZn,flashscore,D2,2122,2022-03-20,nurnberg,sg dynamo dresden,4.0,1.0,7.0,1.0,11.0,2.0
WKSCmL3a,flashscore,D2,2122,2022-03-20,regensburg,paderborn,0.0,4.0,3.0,1.0,3.0,5.0
4nCJruFf,flashscore,DK1,2122,2022-03-20,aalborg,brondby,2.0,1.0,3.0,0.0,5.0,1.0
8KIAp1pr,flashscore,DK1,2122,2022-03-20,aarhus,viborg,0.0,1.0,1.0,4.0,1.0,5.0
nBHEqLal,flashscore,DK1,2122,2022-03-20,fc copenhagen,nordsjaelland,2.0,1.0,2.0,1.0,4.0,2.0
lzEVuwaD,flashscore,DK1,2122,2022-03-20,silkeborg,midtjylland,1.0,3.0,3.0,4.0,4.0,7.0
x0ARtJq7,flashscore,DK1,2122,2022-03-20,sonderjyske,randers fc,0.0,1.0,2.0,3.0,2.0,4.0
rwBNsaU0,flashscore,DK1,2122,2022-03-20,vejle,odense,3.0,2.0,3.0,1.0,6.0,3.0
bXR4isVp,flashscore,E0,2122,2022-03-20,tottenham,west ham,3.0,2.0,2.0,1.0,5.0,3.0
faqMa5N4,flashscore,E0,2122,2022-03-20,leicester,brentford,1.0,1.0,1.0,4.0,2.0,5.0
pfuoBna7,flashscore,E1,2122,2022-03-20,qpr,peterborough,3.0,0.0,1.0,2.0,4.0,2.0
vgtk2UBM,flashscore,F1,2122,2022-03-20,marseille,nice,3.0,0.0,0.0,2.0,3.0,2.0
xryPeSlj,flashscore,F1,2122,2022-03-20,reims,lyon,4.0,1.0,3.0,2.0,7.0,3.0
ADlY5CCc,flashscore,F1,2122,2022-03-20,angers,brest,3.0,1.0,3.0,10.0,6.0,11.0
hxvw5WR3,flashscore,F1,2122,2022-03-20,bordeaux,montpellier,2.0,4.0,9.0,0.0,11.0,4.0
02so3AdG,flashscore,F1,2122,2022-03-20,lorient,strasbourg,2.0,3.0,4.0,2.0,6.0,5.0
GYZSfn4d,flashscore,F1,2122,2022-03-20,rennes,metz,6.0,1.0,4.0,0.0,10.0,1.0
MHVg1lRS,flashscore,F1,2122,2022-03-20,monaco,psg,6.0,4.0,0.0,3.0,6.0,7.0
WSKLkRYi,flashscore,I1,2122,2022-03-20,bologna,atalanta,2.0,3.0,4.0,0.0,6.0,3.0
nacDusBp,flashscore,I1,2122,2022-03-20,as roma,lazio,4.0,2.0,2.0,1.0,6.0,3.0
vgOTm534,flashscore,I1,2122,2022-03-20,empoli,verona,1.0,4.0,2.0,3.0,3.0,7.0
SEGto3mN,flashscore,I1,2122,2022-03-20,juventus,salernitana,2.0,0.0,3.0,5.0,5.0,5.0
vgpa3p3i,flashscore,I1,2122,2022-03-20,venezia,sampdoria,1.0,2.0,2.0,2.0,3.0,4.0
n3Fabfpa,flashscore,I2,2122,2022-03-20,pordenone,brescia,0.0,3.0,1.0,6.0,1.0,9.0
06J3cEa5,flashscore,I2,2122,2022-03-20,spal,cremonese,0.0,1.0,3.0,1.0,3.0,2.0
t2nwsgFO,flashscore,I2,2122,2022-03-20,l.r. vicenza,ascoli,6.0,2.0,2.0,3.0,8.0,5.0
EkHi0GFn,flashscore,I2,2122,2022-03-20,perugia,como,3.0,1.0,6.0,0.0,9.0,1.0
htGeazVh,flashscore,I2,2122,2022-03-20,pisa,cittadella,0.0,1.0,3.0,1.0,3.0,2.0
8raw4nEE,flashscore,N1,2122,2022-03-20,willem ii,az alkmaar,1.0,5.0,0.0,3.0,1.0,8.0
2o8msP61,flashscore,N1,2122,2022-03-20,psv,sittard,5.0,1.0,6.0,2.0,11.0,3.0
Ui0Z4Sb8,flashscore,N1,2122,2022-03-20,vitesse,waalwijk,3.0,1.0,7.0,0.0,10.0,1.0
EH722ZxA,flashscore,N1,2122,2022-03-20,ajax,feyenoord,2.0,4.0,2.0,0.0,4.0,4.0
Y5KzpRMr,flashscore,N1,2122,2022-03-20,utrecht,groningen,2.0,2.0,2.0,1.0,4.0,3.0
4tinhPw4,flashscore,P1,2122,2022-03-20,boavista,fc porto,2.0,2.0,1.0,3.0,3.0,5.0
rXkjiqgA,flashscore,P1,2122,2022-03-20,portimonense,braga,4.0,4.0,3.0,5.0,7.0,9.0
lnlYrL0j,flashscore,P1,2122,2022-03-20,benfica,estoril,6.0,3.0,1.0,1.0,7.0,4.0
fPlUq1op,flashscore,P1,2122,2022-03-20,gil vicente,maritimo,3.0,3.0,5.0,3.0,8.0,6.0
C6ffj38G,flashscore,P1,2122,2022-03-20,pacos ferreira,moreirense,5.0,1.0,2.0,2.0,7.0,3.0
CbAlExld,flashscore,RO1,2122,2022-03-20,fc arges,fcsb,0.0,1.0,1.0,2.0,1.0,3.0
M9VI9Hc3,flashscore,RO1,2122,2022-03-20,dinamo bucuresti,sepsi sf. gheorghe,0.0,4.0,0.0,7.0,0.0,11.0
CWJw7sPr,flashscore,RS1,2122,2022-03-20,crvena zvezda,kolubara,4.0,0.0,6.0,0.0,10.0,0.0
zBSBBNGR,flashscore,RS1,2122,2022-03-20,mladost,metalac,1.0,0.0,3.0,2.0,4.0,2.0
tlT7C31L,flashscore,RS1,2122,2022-03-20,sp. subotica,novi pazar,0.0,1.0,2.0,1.0,2.0,2.0
bwRm8XrK,flashscore,SP1,2122,2022-03-20,real madrid,barcelona,1.0,2.0,3.0,1.0,4.0,3.0
h0Qi7ibQ,flashscore,SP1,2122,2022-03-20,sevilla,real sociedad,3.0,1.0,4.0,2.0,7.0,3.0
4vpcoAy7,flashscore,SP1,2122,2022-03-20,cadiz cf,villarreal,2.0,2.0,4.0,1.0,6.0,3.0
dEpgnjM0,flashscore,SP1,2122,2022-03-20,celta vigo,betis,0.0,2.0,2.0,0.0,2.0,2.0
rVr1pUjD,flashscore,SP1,2122,2022-03-20,espanyol,mallorca,4.0,4.0,2.0,2.0,6.0,6.0
WxxRtbTO,flashscore,SW1,2122,2022-03-20,grasshoppers,basel,3.0,2.0,6.0,1.0,9.0,3.0
KhV85s6P,flashscore,SW1,2122,2022-03-20,lugano,lausanne,1.0,0.0,2.0,3.0,3.0,3.0
M1Hz11Et,flashscore,SW1,2122,2022-03-20,servette,sion,4.0,1.0,6.0,0.0,10.0,1.0
v5n2UrIg,flashscore,TR1,2122,2022-03-20,fenerbahce,konyaspor,2.0,0.0,9.0,2.0,11.0,2.0
Y37NyRPJ,flashscore,TR1,2122,2022-03-20,gaziantep,galatasaray,4.0,2.0,3.0,5.0,7.0,7.0
tAKyENXC,flashscore,TR1,2122,2022-03-20,antalyaspor,giresunspor,1.0,0.0,3.0,2.0,4.0,2.0
0KzBSMn6,flashscore,TR1,2122,2022-03-20,sivasspor,altay,1.0,1.0,6.0,0.0,7.0,1.0
jFreOR0p,flashscore,TR2,2122,2022-03-20,genclerbirligi,kocaelispor,1.0,2.0,1.0,2.0,2.0,4.0
ttcPTmwN,flashscore,TR2,2122,2022-03-20,bursaspor,balikesirspor,5.0,2.0,2.0,2.0,7.0,4.0
KWeTS7hT,flashscore,TR2,2122,2022-03-20,bandirmaspor,tuzlaspor,4.0,1.0,5.0,1.0,9.0,2.0
pEPook8c,flashscore,TR2,2122,2022-03-20,manisa fk,ankaragucu,1.0,1.0,1.0,1.0,2.0,2.0
rJWEAcrc,flashscore,RO1,2122,2022-03-21,mioveni,chindia targoviste,2.0,1.0,1.0,2.0,3.0,3.0
MoD6EPW8,flashscore,RS1,2122,2022-03-21,radnik,partizan,0.0,2.0,0.0,2.0,0.0,4.0
WALsnVhi,flashscore,TR2,2122,2022-03-21,adanaspor as,eyupspor,0.0,6.0,0.0,5.0,0.0,11.0
zaUEkKe5,flashscore,SP2,2122,2022-03-28,las palmas,leganes,2.0,0.0,1.0,0.0,3.0,0.0
4vxtia86,flashscore,B1,2122,2022-04-01,beerschot va,club brugge kv,1.0,2.0,1.0,3.0,2.0,5.0
vNXtJob7,flashscore,B2,2122,2022-04-01,k. lierse s.k.,beveren,2.0,3.0,7.0,3.0,9.0,6.0
U57l0fgr,flashscore,D1,2122,2022-04-01,union berlin,fc koln,1.0,3.0,1.0,1.0,2.0,4.0
4n6g0bm5,flashscore,D2,2122,2022-04-01,ingolstadt,aue,5.0,1.0,3.0,1.0,8.0,2.0
dM2o2KIh,flashscore,D2,2122,2022-04-01,sg dynamo dresden,schalke,2.0,0.0,1.0,1.0,3.0,1.0
f7qIGjUi,flashscore,DK1,2122,2022-04-01,viborg,sonderjyske,5.0,3.0,1.0,2.0,6.0,5.0
CUbSNPrD,flashscore,E1,2122,2022-04-01,hull,huddersfield,4.0,6.0,0.0,3.0,4.0,9.0
6NIIjXJd,flashscore,P1,2122,2022-04-01,braga,benfica,1.0,6.0,1.0,3.0,2.0,9.0
fHI50DKk,flashscore,RO1,2122,2022-04-01,chindia targoviste,dinamo bucuresti,1.0,2.0,1.0,2.0,2.0,4.0
lvI9aXZe,flashscore,RO1,2122,2022-04-01,u craiova 1948,mioveni,3.0,3.0,2.0,3.0,5.0,6.0
tCBf3aO7,flashscore,RS1,2122,2022-04-01,kolubara,mladost,2.0,2.0,1.0,3.0,3.0,5.0
figsR2GE,flashscore,RS1,2122,2022-04-01,novi pazar,napredak,2.0,2.0,1.0,2.0,3.0,4.0
MFhd2cuB,flashscore,SP2,2122,2022-04-01,girona,malaga,1.0,1.0,2.0,1.0,3.0,2.0
8GG6tRMS,flashscore,TR2,2122,2022-04-01,tuzlaspor,umraniyespor,0.0,2.0,0.0,5.0,0.0,7.0
MepPfs9s,flashscore,B1,2122,2022-04-02,leuven,antwerp,5.0,1.0,1.0,2.0,6.0,3.0
jyYyhug0,flashscore,B1,2122,2022-04-02,kv mechelen,kortrijk,6.0,5.0,5.0,1.0,11.0,6.0
b1ypjJNC,flashscore,B1,2122,2022-04-02,oostende,seraing,5.0,3.0,1.0,1.0,6.0,4.0
8CrXhLwf,flashscore,B1,2122,2022-04-02,waregem,st. truiden,0.0,4.0,1.0,0.0,1.0,4.0
AmTxKRr1,flashscore,B2,2122,2022-04-02,lommel sk,westerlo,1.0,3.0,1.0,5.0,2.0,8.0
WGCE6dGE,flashscore,D1,2122,2022-04-02,dortmund,rb leipzig,3.0,1.0,4.0,4.0,7.0,5.0
Cl39eW7D,flashscore,D1,2122,2022-04-02,arminia bielefeld,stuttgart,4.0,1.0,2.0,1.0,6.0,2.0
OOUL4zoR,flashscore,D1,2122,2022-04-02,bayer leverkusen,hertha berlin,1.0,2.0,2.0,1.0,3.0,3.0
QwCI5GVK,flashscore,D1,2122,2022-04-02,eintracht frankfurt,greuther furth,2.0,0.0,7.0,0.0,9.0,0.0
xWAdbYNf,flashscore,D1,2122,2022-04-02,freiburg,bayern munich,1.0,4.0,0.0,2.0,1.0,6.0
GM90chw1,flashscore,D1,2122,2022-04-02,hoffenheim,bochum,1.0,4.0,4.0,2.0,5.0,6.0
AP6k1vYb,flashscore,D2,2122,2022-04-02,hansa rostock,st. pauli,1.0,3.0,1.0,3.0,2.0,6.0
OYXWrcIU,flashscore,D2,2122,2022-04-02,darmstadt,holstein kiel,4.0,0.0,3.0,3.0,7.0,3.0
2JqOpJmI,flashscore,D2,2122,2022-04-02,hamburger sv,paderborn,2.0,0.0,3.0,0.0,5.0,0.0
EcDt303n,flashscore,D2,2122,2022-04-02,hannover,regensburg,3.0,3.0,2.0,3.0,5.0,6.0
YR1s50ap,flashscore,E0,2122,2022-04-02,manchester utd,leicester,3.0,1.0,3.0,4.0,6.0,5.0
829eE4xb,flashscore,E0,2122,2022-04-02,brighton,norwich,4.0,0.0,7.0,2.0,11.0,2.0
ng8aDOi4,flashscore,E0,2122,2022-04-02,burnley,manchester city,1.0,7.0,0.0,1.0,1.0,8.0
tUM2Cr7A,flashscore,E0,2122,2022-04-02,chelsea,brentford,5.0,2.0,7.0,5.0,12.0,7.0
2qBBAMyN,flashscore,E0,2122,2022-04-02,leeds,southampton,2.0,5.0,2.0,2.0,4.0,7.0
SQrYRN6c,flashscore,E0,2122,2022-04-02,wolves,aston villa,2.0,4.0,2.0,5.0,4.0,9.0
GnFF9tiT,flashscore,E0,2122,2022-04-02,liverpool,watford,4.0,3.0,5.0,0.0,9.0,3.0
YFLuXTLQ,flashscore,E1,2122,2022-04-02,barnsley,reading,0.0,1.0,1.0,7.0,1.0,8.0
Mu6FQRbf,flashscore,E1,2122,2022-04-02,bournemouth,bristol city,8.0,2.0,4.0,1.0,12.0,3.0
z1XyXrvH,flashscore,E1,2122,2022-04-02,cardiff,swansea,3.0,2.0,5.0,2.0,8.0,4.0
44eKPoE0,flashscore,E1,2122,2022-04-02,coventry,blackburn,0.0,3.0,2.0,1.0,2.0,4.0
I7aOO5T6,flashscore,E1,2122,2022-04-02,derby,preston,4.0,4.0,5.0,1.0,9.0,5.0
jLcWMqbJ,flashscore,E1,2122,2022-04-02,luton,millwall,0.0,2.0,5.0,2.0,5.0,4.0
U5TCVy2J,flashscore,E1,2122,2022-04-02,peterborough,middlesbrough,3.0,5.0,2.0,2.0,5.0,7.0
8dSGUeHP,flashscore,E1,2122,2022-04-02,qpr,fulham,2.0,2.0,2.0,3.0,4.0,5.0
QyFrQFPt,flashscore,E1,2122,2022-04-02,stoke,sheffield utd,1.0,5.0,3.0,2.0,4.0,7.0
rk7BR7ql,flashscore,E1,2122,2022-04-02,blackpool,nottingham,4.0,0.0,4.0,4.0,8.0,4.0
Q3HJH9B9,flashscore,F1,2122,2022-04-02,lille,bordeaux,0.0,2.0,7.0,0.0,7.0,2.0
W4dbAR3q,flashscore,F1,2122,2022-04-02,nice,rennes,2.0,2.0,5.0,9.0,7.0,11.0
tv8itE1e,flashscore,I1,2122,2022-04-02,salernitana,torino,6.0,1.0,3.0,1.0,9.0,2.0
pCErrzXr,flashscore,I1,2122,2022-04-02,lazio,sassuolo,3.0,1.0,1.0,2.0,4.0,3.0
Ei6avhW7,flashscore,I1,2122,2022-04-02,spezia,venezia,4.0,1.0,1.0,1.0,5.0,2.0
6BUqwpEj,flashscore,I2,2122,2022-04-02,benevento,pisa,2.0,9.0,2.0,3.0,4.0,12.0
ML7CehUH,flashscore,I2,2122,2022-04-02,alessandria,spal,3.0,4.0,2.0,1.0,5.0,5.0
SKVuvQbp,flashscore,I2,2122,2022-04-02,ascoli,pordenone,3.0,4.0,0.0,3.0,3.0,7.0
MJCW0m6c,flashscore,I2,2122,2022-04-02,cittadella,ternana,4.0,3.0,2.0,1.0,6.0,4.0
SIC3l7ul,flashscore,I2,2122,2022-04-02,cosenza,parma,3.0,1.0,4.0,3.0,7.0,4.0
fXAvaRzA,flashscore,I2,2122,2022-04-02,cremonese,reggina,2.0,1.0,0.0,6.0,2.0,7.0
ja4mc55M,flashscore,I2,2122,2022-04-02,lecce,frosinone,2.0,0.0,3.0,1.0,5.0,1.0
KzbHd46l,flashscore,N1,2122,2022-04-02,feyenoord,willem ii,5.0,0.0,4.0,2.0,9.0,2.0
QJgr36TK,flashscore,N1,2122,2022-04-02,az alkmaar,vitesse,2.0,3.0,0.0,6.0,2.0,9.0
APjUg2j7,flashscore,N1,2122,2022-04-02,waalwijk,utrecht,1.0,2.0,1.0,1.0,2.0,3.0
MkuEcpir,flashscore,N1,2122,2022-04-02,twente,psv,0.0,0.0,1.0,4.0,1.0,4.0
4Ahn2QrR,flashscore,N1,2122,2022-04-02,groningen,ajax,0.0,1.0,1.0,1.0,1.0,2.0
pxd5sTtq,flashscore,P1,2122,2022-04-02,famalicao,boavista,6.0,1.0,5.0,0.0,11.0,1.0
z3AZnkJL,flashscore,P1,2122,2022-04-02,arouca,gil vicente,2.0,3.0,0.0,9.0,2.0,12.0
6ipEu7Be,flashscore,P1,2122,2022-04-02,estoril,vizela,2.0,2.0,5.0,0.0,7.0,2.0
OSf9tmdk,flashscore,P1,2122,2022-04-02,bsad,portimonense,0.0,3.0,1.0,5.0,1.0,8.0
zXyZ5ZdS,flashscore,RO1,2122,2022-04-02,fc rapid bucuresti,fc botosani,4.0,2.0,0.0,3.0,4.0,5.0
0KjqzKAF,flashscore,RO1,2122,2022-04-02,fc voluntari,farul constanta,1.0,1.0,3.0,5.0,4.0,6.0
dtwV6FsM,flashscore,RO1,2122,2022-04-02,uta arad,gaz metan medias,11.0,1.0,3.0,1.0,14.0,2.0
rHkwSr18,flashscore,RS1,2122,2022-04-02,metalac,sp. subotica,6.0,2.0,5.0,4.0,11.0,6.0
2LCj4u91,flashscore,RS1,2122,2022-04-02,radnicki nis,crvena zvezda,2.0,2.0,0.0,5.0,2.0,7.0
S4ikPtoR,flashscore,RS1,2122,2022-04-02,partizan,tsc,1.0,1.0,3.0,3.0,4.0,4.0
Yo8n5Lge,flashscore,RS1,2122,2022-04-02,radnicki 1923,vojvodina,3.0,2.0,0.0,3.0,3.0,5.0
pb5Wa9j0,flashscore,SP1,2122,2022-04-02,atl. madrid,alaves,0.0,2.0,7.0,0.0,7.0,2.0
Imcqc7zJ,flashscore,SP1,2122,2022-04-02,celta vigo,real madrid,5.0,2.0,4.0,1.0,9.0,3.0
jyScGUzs,flashscore,SP1,2122,2022-04-02,levante,villarreal,1.0,3.0,0.0,5.0,1.0,8.0
63jRLjDJ,flashscore,SP1,2122,2022-04-02,getafe,mallorca,2.0,1.0,3.0,0.0,5.0,1.0
E5wCJbAo,flashscore,SP2,2122,2022-04-02,tenerife,zaragoza,1.0,7.0,3.0,3.0,4.0,10.0
hz1u6utn,flashscore,SP2,2122,2022-04-02,amorebieta,ud ibiza,3.0,3.0,4.0,3.0,7.0,6.0
EDXzeFXp,flashscore,SP2,2122,2022-04-02,real sociedad b,alcorcon,1.0,0.0,0.0,2.0,1.0,2.0
hdxGIIPi,flashscore,SP2,2122,2022-04-02,valladolid,lugo,2.0,0.0,2.0,0.0,4.0,0.0
dfvhecrI,flashscore,SW1,2122,2022-04-02,sion,st. gallen,1.0,4.0,2.0,4.0,3.0,8.0
jHwdfHcO,flashscore,SW1,2122,2022-04-02,zurich,grasshoppers,3.0,1.0,6.0,2.0,9.0,3.0
nywNPKWO,flashscore,TR1,2122,2022-04-02,galatasaray,karagumruk,3.0,1.0,2.0,6.0,5.0,7.0
KO7yqrXn,flashscore,TR1,2122,2022-04-02,altay,antalyaspor,0.0,3.0,2.0,4.0,2.0,7.0
vPEmttH5,flashscore,TR1,2122,2022-04-02,kayserispor,fenerbahce,2.0,0.0,2.0,0.0,4.0,0.0
I9Qvr2ng,flashscore,TR1,2122,2022-04-02,giresunspor,sivasspor,2.0,1.0,5.0,2.0,7.0,3.0
EgwYdn79,flashscore,TR2,2122,2022-04-02,samsunspor,bandirmaspor,5.0,1.0,10.0,2.0,15.0,3.0
4OeszPad,flashscore,TR2,2122,2022-04-02,istanbulspor as,genclerbirligi,4.0,0.0,3.0,3.0,7.0,3.0
z3IbrmhG,flashscore,TR2,2122,2022-04-02,boluspor,manisa fk,2.0,2.0,6.0,1.0,8.0,3.0
QXdwy5pj,flashscore,TR2,2122,2022-04-02,keciorengucu,bursaspor,2.0,2.0,4.0,6.0,6.0,8.0
KnbcaN0Q,flashscore,B1,2122,2022-04-03,genk,eupen,2.0,1.0,2.0,1.0,4.0,2.0
OK4l1qWD,flashscore,B1,2122,2022-04-03,anderlecht,charleroi,3.0,0.0,2.0,2.0,5.0,2.0
ULqTg1Om,flashscore,B1,2122,2022-04-03,cercle brugge ksv,gent,5.0,3.0,2.0,1.0,7.0,4.0
xO8h03oK,flashscore,B1,2122,2022-04-03,st. liege,royale union sg,3.0,3.0,1.0,4.0,4.0,7.0
WdUYK7Tf,flashscore,B2,2122,2022-04-03,deinze,rwdm brussels,0.0,2.0,0.0,4.0,0.0,6.0
lYvULmEl,flashscore,B2,2122,2022-04-03,virton,mouscron,1.0,1.0,1.0,4.0,2.0,5.0
8d6haE8l,flashscore,D1,2122,2022-04-03,b. monchengladbach,mainz,3.0,0.0,0.0,7.0,3.0,7.0
boa5dCh7,flashscore,D1,2122,2022-04-03,augsburg,wolfsburg,2.0,3.0,1.0,2.0,3.0,5.0
z7Ex4tlt,flashscore,D2,2122,2022-04-03,heidenheim,nurnberg,0.0,6.0,5.0,3.0,5.0,9.0
prZSqw3O,flashscore,D2,2122,2022-04-03,karlsruher sc,dusseldorf,0.0,3.0,2.0,0.0,2.0,3.0
4YQKoaYB,flashscore,D2,2122,2022-04-03,werder bremen,sandhausen,2.0,1.0,3.0,0.0,5.0,1.0
rV47XuA7,flashscore,DK1,2122,2022-04-03,aalborg,fc copenhagen,8.0,2.0,1.0,4.0,9.0,6.0
UR03YLf1,flashscore,DK1,2122,2022-04-03,brondby,randers fc,8.0,0.0,3.0,3.0,11.0,3.0
CrvNFAqb,flashscore,DK1,2122,2022-04-03,aarhus,vejle,2.0,0.0,3.0,0.0,5.0,0.0
jZxREUb4,flashscore,DK1,2122,2022-04-03,odense,nordsjaelland,1.0,0.0,0.0,3.0,1.0,3.0
CI0o4KEj,flashscore,E0,2122,2022-04-03,tottenham,newcastle,2.0,1.0,0.0,2.0,2.0,3.0
lzpUS3ii,flashscore,E0,2122,2022-04-03,west ham,everton,1.0,2.0,1.0,2.0,2.0,4.0
zP77SmUs,flashscore,E1,2122,2022-04-03,birmingham,west brom,2.0,2.0,1.0,4.0,3.0,6.0
Aee29oJk,flashscore,F1,2122,2022-04-03,psg,lorient,3.0,0.0,0.0,1.0,3.0,1.0
v7LNGTQF,flashscore,F1,2122,2022-04-03,lyon,angers,6.0,0.0,3.0,2.0,9.0,2.0
WtIFIkd3,flashscore,F1,2122,2022-04-03,clermont,nantes,5.0,3.0,0.0,3.0,5.0,6.0
MVASFmtM,flashscore,F1,2122,2022-04-03,metz,monaco,0.0,3.0,3.0,3.0,3.0,6.0
0M9WE7eS,flashscore,F1,2122,2022-04-03,montpellier,brest,6.0,3.0,1.0,2.0,7.0,5.0
hKp785Ye,flashscore,F1,2122,2022-04-03,st etienne,marseille,0.0,7.0,2.0,2.0,2.0,9.0
KQxgW8Q2,flashscore,F1,2122,2022-04-03,troyes,reims,2.0,1.0,4.0,2.0,6.0,3.0
6NlB7Pm2,flashscore,F1,2122,2022-04-03,strasbourg,lens,1.0,3.0,1.0,3.0,2.0,6.0
8niFa22G,flashscore,I1,2122,2022-04-03,juventus,inter,2.0,1.0,6.0,0.0,8.0,1.0
z17euYG1,flashscore,I1,2122,2022-04-03,sampdoria,as roma,1.0,3.0,3.0,1.0,4.0,4.0
hdl324Ic,flashscore,I1,2122,2022-04-03,atalanta,napoli,6.0,0.0,3.0,1.0,9.0,1.0
j9kr3y98,flashscore,I1,2122,2022-04-03,udinese,cagliari,2.0,1.0,0.0,1.0,2.0,2.0
zLw81OX3,flashscore,I1,2122,2022-04-03,fiorentina,empoli,5.0,0.0,0.0,0.0,5.0,0.0
8G8S1Tji,flashscore,I2,2122,2022-04-03,brescia,l.r. vicenza,3.0,1.0,2.0,2.0,5.0,3.0
GtCz07L3,flashscore,I2,2122,2022-04-03,como,monza,2.0,5.0,1.0,8.0,3.0,13.0
C85qbojG,flashscore,I2,2122,2022-04-03,crotone,perugia,1.0,1.0,5.0,2.0,6.0,3.0
lGkYhM5D,flashscore,N1,2122,2022-04-03,cambuur,nijmegen,3.0,1.0,3.0,2.0,6.0,3.0
2amMeOLf,flashscore,N1,2122,2022-04-03,sittard,heracles,1.0,1.0,5.0,0.0,6.0,1.0
jLTGH5rE,flashscore,N1,2122,2022-04-03,sparta rotterdam,heerenveen,4.0,2.0,1.0,1.0,5.0,3.0
tjnQfry1,flashscore,N1,2122,2022-04-03,zwolle,g.a. eagles,2.0,3.0,2.0,1.0,4.0,4.0
pEHMkiZ2,flashscore,P1,2122,2022-04-03,sporting cp,pacos ferreira,1.0,1.0,4.0,1.0,5.0,2.0
hvLUmV3F,flashscore,P1,2122,2022-04-03,moreirense,vitoria guimaraes,3.0,3.0,2.0,0.0,5.0,3.0
Eg9wn9YR,flashscore,P1,2122,2022-04-03,maritimo,tondela,7.0,2.0,2.0,2.0,9.0,4.0
MTiuy0e9,flashscore,RO1,2122,2022-04-03,fcsb,univ. craiova,0.0,0.0,9.0,0.0,9.0,0.0
dY8zaT56,flashscore,SP1,2122,2022-04-03,barcelona,sevilla,3.0,1.0,6.0,1.0,9.0,2.0
pfkVKASP,flashscore,SP1,2122,2022-04-03,granada cf,rayo vallecano,0.0,4.0,5.0,0.0,5.0,4.0
b1V5E85g,flashscore,SP1,2122,2022-04-03,valencia,cadiz cf,4.0,2.0,0.0,1.0,4.0,3.0
vcbubmLC,flashscore,SP1,2122,2022-04-03,betis,osasuna,4.0,6.0,7.0,1.0,11.0,7.0
jy6S0kyf,flashscore,SP1,2122,2022-04-03,ath bilbao,elche,4.0,2.0,3.0,2.0,7.0,4.0
rPgh3wQ4,flashscore,SP2,2122,2022-04-03,eibar,mirandes,5.0,5.0,1.0,5.0,6.0,10.0
4vr11HfH,flashscore,SP2,2122,2022-04-03,huesca,almeria,1.0,1.0,3.0,0.0,4.0,1.0
zajp5aeh,flashscore,SP2,2122,2022-04-03,burgos cf,gijon,3.0,3.0,11.0,1.0,14.0,4.0
C4o9aePT,flashscore,SP2,2122,2022-04-03,ponferradina,las palmas,0.0,2.0,0.0,7.0,0.0,9.0
Ekkl4JAb,flashscore,SP2,2122,2022-04-03,fc cartagena sad,oviedo,2.0,1.0,0.0,2.0,2.0,3.0
CjAmbaba,flashscore,SW1,2122,2022-04-03,basel,young boys,1.0,4.0,3.0,3.0,4.0,7.0
js9icJD5,flashscore,SW1,2122,2022-04-03,lausanne,servette,1.0,1.0,3.0,1.0,4.0,2.0
I3uldwTB,flashscore,SW1,2122,2022-04-03,luzern,lugano,5.0,4.0,1.0,1.0,6.0,5.0
OhM5l49P,flashscore,TR1,2122,2022-04-03,trabzonspor,besiktas,2.0,2.0,1.0,2.0,3.0,4.0
nkIevKoI,flashscore,TR1,2122,2022-04-03,alanyaspor,rizespor,4.0,2.0,3.0,6.0,7.0,8.0
8bJiu0WB,flashscore,TR1,2122,2022-04-03,konyaspor,goztepe,2.0,2.0,4.0,7.0,6.0,9.0
8pvJQ0HI,flashscore,TR1,2122,2022-04-03,kasimpasa,gaziantep,2.0,3.0,5.0,0.0,7.0,3.0
WUmTcSi3,flashscore,TR2,2122,2022-04-03,altinordu,adanaspor as,2.0,2.0,2.0,2.0,4.0,4.0
hvkPb8xc,flashscore,TR2,2122,2022-04-03,ankaragucu,eyupspor,1.0,2.0,1.0,0.0,2.0,2.0
EgH2s77M,flashscore,TR2,2122,2022-04-03,balikesirspor,erzurumspor,2.0,2.0,1.0,3.0,3.0,5.0
r97YyoVq,flashscore,TR2,2122,2022-04-03,kocaelispor,denizlispor,3.0,0.0,6.0,3.0,9.0,3.0
pzqjdPn8,flashscore,DK1,2122,2022-04-04,midtjylland,silkeborg,1.0,4.0,3.0,2.0,4.0,6.0
KKL6B2MG,flashscore,E0,2122,2022-04-04,crystal palace,arsenal,0.0,1.0,0.0,1.0,0.0,2.0
Sz4msfnk,flashscore,I1,2122,2022-04-04,ac milan,bologna,3.0,2.0,6.0,0.0,9.0,2.0
EBxC0rmA,flashscore,I1,2122,2022-04-04,verona,genoa,0.0,2.0,2.0,3.0,2.0,5.0
vyHQlBl9,flashscore,P1,2122,2022-04-04,fc porto,santa clara,3.0,2.0,4.0,1.0,7.0,3.0
hfmyxtt3,flashscore,RO1,2122,2022-04-04,cfr cluj,fc arges,5.0,2.0,0.0,1.0,5.0,3.0
GQJ11g5q,flashscore,RO1,2122,2022-04-04,sepsi sf. gheorghe,lps hd clinceni,4.0,0.0,6.0,4.0,10.0,4.0
8bZHK0gr,flashscore,RS1,2122,2022-04-04,proleter,cukaricki,1.0,5.0,0.0,1.0,1.0,6.0
lEhoQMVK,flashscore,RS1,2122,2022-04-04,vozdovac,radnik,4.0,1.0,1.0,1.0,5.0,2.0
4vW1Fljm,flashscore,SP1,2122,2022-04-04,real sociedad,espanyol,4.0,0.0,2.0,0.0,6.0,0.0
Isn50yAN,flashscore,SP2,2122,2022-04-04,leganes,fuenlabrada,2.0,3.0,2.0,4.0,4.0,7.0
Q18XqOHt,flashscore,TR1,2122,2022-04-04,basaksehir,yeni malatyaspor,8.0,1.0,4.0,0.0,12.0,1.0
0YFqsM1a,flashscore,TR1,2122,2022-04-04,hatayspor,adana demirspor,1.0,2.0,2.0,1.0,3.0,3.0
lv62X8D1,flashscore,D2,2122,2022-04-05,hamburger sv,aue,7.0,0.0,2.0,2.0,9.0,2.0
SnO9Cswi,flashscore,E1,2122,2022-04-05,reading,stoke,3.0,1.0,2.0,2.0,5.0,3.0
SnnG0PMs,flashscore,E1,2122,2022-04-05,millwall,swansea,5.0,2.0,5.0,3.0,10.0,5.0
OEcT3kZj,flashscore,E1,2122,2022-04-05,peterborough,luton,3.0,3.0,1.0,3.0,4.0,6.0
SIptCSq1,flashscore,E1,2122,2022-04-05,preston,blackpool,1.0,3.0,2.0,0.0,3.0,3.0
4Cc5C733,flashscore,E1,2122,2022-04-05,sheffield utd,qpr,2.0,1.0,3.0,4.0,5.0,5.0
6P9IiqTq,flashscore,I2,2122,2022-04-05,cremonese,alessandria,6.0,2.0,0.0,0.0,6.0,2.0
xAuICp59,flashscore,I2,2122,2022-04-05,pordenone,frosinone,9.0,3.0,0.0,4.0,9.0,7.0
jDqMB4KF,flashscore,I2,2122,2022-04-05,reggina,benevento,1.0,2.0,4.0,3.0,5.0,5.0
tMG7mRff,flashscore,I2,2122,2022-04-05,spal,cosenza,1.0,1.0,4.0,0.0,5.0,1.0
pzqQAOZL,flashscore,I2,2122,2022-04-05,ternana,lecce,3.0,3.0,3.0,1.0,6.0,4.0
2yaSfaH2,flashscore,D1,2122,2022-04-06,augsburg,mainz,4.0,4.0,1.0,3.0,5.0,7.0
pYadye5a,flashscore,E0,2122,2022-04-06,burnley,everton,7.0,1.0,2.0,5.0,9.0,6.0
tjSDB1hc,flashscore,E1,2122,2022-04-06,west brom,bournemouth,2.0,1.0,4.0,4.0,6.0,5.0
vPWiNwzC,flashscore,E1,2122,2022-04-06,middlesbrough,fulham,2.0,1.0,6.0,3.0,8.0,4.0
pObP4VJp,flashscore,E1,2122,2022-04-06,nottingham,coventry,4.0,1.0,3.0,1.0,7.0,2.0
pM3idPKS,flashscore,I2,2122,2022-04-06,cittadella,perugia,1.0,2.0,5.0,2.0,6.0,4.0
llaNj3rj,flashscore,I2,2122,2022-04-06,l.r. vicenza,crotone,5.0,2.0,4.0,2.0,9.0,4.0
SvbRkNcd,flashscore,I2,2122,2022-04-06,monza,ascoli,4.0,1.0,1.0,3.0,5.0,4.0
fojDDQk3,flashscore,I2,2122,2022-04-06,pisa,brescia,1.0,3.0,1.0,1.0,2.0,4.0
Gfi9E6zc,flashscore,I2,2122,2022-04-06,parma,como,2.0,0.0,0.0,1.0,2.0,1.0
YLEXu95K,flashscore,B2,2122,2022-04-08,mouscron,westerlo,2.0,3.0,0.0,4.0,2.0,7.0
KIATtkjE,flashscore,B2,2122,2022-04-08,virton,lommel sk,1.0,3.0,0.0,2.0,1.0,5.0
tQhOCXxl,flashscore,D1,2122,2022-04-08,stuttgart,dortmund,3.0,3.0,1.0,2.0,4.0,5.0
2uLbcdXN,flashscore,D2,2122,2022-04-08,dusseldorf,hansa rostock,3.0,3.0,1.0,4.0,4.0,7.0
pMuJb6Tc,flashscore,D2,2122,2022-04-08,regensburg,ingolstadt,0.0,2.0,4.0,3.0,4.0,5.0
OQsfeq2E,flashscore,DK1,2122,2022-04-08,aalborg,randers fc,0.0,2.0,6.0,3.0,6.0,5.0
8pGPHwqj,flashscore,E0,2122,2022-04-08,newcastle,wolves,0.0,0.0,1.0,2.0,1.0,2.0
6NAtN4mk,flashscore,F1,2122,2022-04-08,lorient,st etienne,2.0,2.0,0.0,1.0,2.0,3.0
0fJjB3Ls,flashscore,N1,2122,2022-04-08,g.a. eagles,willem ii,2.0,3.0,2.0,6.0,4.0,9.0
UPV81lYE,flashscore,P1,2122,2022-04-08,gil vicente,moreirense,1.0,2.0,10.0,1.0,11.0,3.0
4n0dNzS2,flashscore,RO1,2122,2022-04-08,dinamo bucuresti,u craiova 1948,2.0,4.0,0.0,3.0,2.0,7.0
rwa0Mfs9,flashscore,RO1,2122,2022-04-08,lps hd clinceni,chindia targoviste,2.0,1.0,3.0,7.0,5.0,8.0
OIXWS7Kn,flashscore,SP1,2122,2022-04-08,sevilla,granada cf,5.0,1.0,9.0,2.0,14.0,3.0
U1XvDEgT,flashscore,SP2,2122,2022-04-08,lugo,fc cartagena sad,2.0,1.0,0.0,3.0,2.0,4.0
jZt0dfpn,flashscore,B1,2122,2022-04-09,antwerp,cercle brugge ksv,3.0,1.0,6.0,1.0,9.0,2.0
CMjOjjEN,flashscore,B1,2122,2022-04-09,eupen,oostende,2.0,2.0,3.0,1.0,5.0,3.0
IDWpI5DD,flashscore,B2,2122,2022-04-09,rwdm brussels,beveren,0.0,1.0,2.0,9.0,2.0,10.0
SrEyuTKQ,flashscore,B2,2122,2022-04-09,deinze,k. lierse s.k.,2.0,4.0,2.0,2.0,4.0,6.0
fTdSBihf,flashscore,D1,2122,2022-04-09,hertha berlin,union berlin,0.0,7.0,2.0,1.0,2.0,8.0
QiiiKFpE,flashscore,D1,2122,2022-04-09,bayern munich,augsburg,0.0,2.0,3.0,1.0,3.0,3.0
xhnXAB70,flashscore,D1,2122,2022-04-09,fc koln,mainz,1.0,3.0,7.0,2.0,8.0,5.0
pIku9kxD,flashscore,D1,2122,2022-04-09,greuther furth,b. monchengladbach,2.0,4.0,1.0,1.0,3.0,5.0
pf7hIgFQ,flashscore,D1,2122,2022-04-09,wolfsburg,arminia bielefeld,3.0,0.0,0.0,2.0,3.0,2.0
xdxB0Sbo,flashscore,D2,2122,2022-04-09,nurnberg,darmstadt,2.0,3.0,2.0,1.0,4.0,4.0
GnyFanEi,flashscore,D2,2122,2022-04-09,aue,hannover,3.0,4.0,4.0,0.0,7.0,4.0
rw5caI2B,flashscore,D2,2122,2022-04-09,schalke,heidenheim,3.0,3.0,3.0,3.0,6.0,6.0
YNBUizeo,flashscore,D2,2122,2022-04-09,st. pauli,werder bremen,3.0,3.0,2.0,1.0,5.0,4.0
YNotQ1yA,flashscore,E0,2122,2022-04-09,aston villa,tottenham,5.0,1.0,4.0,2.0,9.0,3.0
MmrxRsM3,flashscore,E0,2122,2022-04-09,arsenal,brighton,4.0,0.0,7.0,2.0,11.0,2.0
zi8Busyc,flashscore,E0,2122,2022-04-09,southampton,chelsea,2.0,2.0,0.0,1.0,2.0,3.0
Es7Fv1j3,flashscore,E0,2122,2022-04-09,watford,leeds,2.0,2.0,1.0,5.0,3.0,7.0
fwzkOu6M,flashscore,E0,2122,2022-04-09,everton,manchester utd,2.0,2.0,3.0,5.0,5.0,7.0
xCInPZvm,flashscore,E1,2122,2022-04-09,blackburn,blackpool,6.0,3.0,1.0,3.0,7.0,6.0
Kz8iOgfg,flashscore,E1,2122,2022-04-09,bristol city,peterborough,6.0,3.0,5.0,1.0,11.0,4.0
6iA3LivC,flashscore,E1,2122,2022-04-09,middlesbrough,hull,3.0,0.0,4.0,1.0,7.0,1.0
lGa8KBgI,flashscore,E1,2122,2022-04-09,millwall,barnsley,4.0,3.0,3.0,4.0,7.0,7.0
2J3CJV8O,flashscore,E1,2122,2022-04-09,nottingham,birmingham,4.0,1.0,5.0,3.0,9.0,4.0
GMifrFoP,flashscore,E1,2122,2022-04-09,preston,qpr,3.0,3.0,4.0,2.0,7.0,5.0
UNWuW2gN,flashscore,E1,2122,2022-04-09,reading,cardiff,3.0,1.0,2.0,4.0,5.0,5.0
rRzpVM8T,flashscore,E1,2122,2022-04-09,swansea,derby,1.0,2.0,2.0,2.0,3.0,4.0
phAIxg9n,flashscore,E1,2122,2022-04-09,west brom,stoke,2.0,1.0,4.0,3.0,6.0,4.0
IVwMwZgt,flashscore,E1,2122,2022-04-09,sheffield utd,bournemouth,5.0,0.0,2.0,4.0,7.0,4.0
l6U9SQPR,flashscore,F1,2122,2022-04-09,clermont,psg,0.0,3.0,2.0,2.0,2.0,5.0
hvDhK2X7,flashscore,F1,2122,2022-04-09,reims,rennes,1.0,3.0,1.0,3.0,2.0,6.0
OMmj1FwL,flashscore,I1,2122,2022-04-09,cagliari,juventus,1.0,2.0,0.0,2.0,1.0,4.0
KUSQfDGl,flashscore,I1,2122,2022-04-09,inter,verona,7.0,1.0,3.0,1.0,10.0,2.0
zcif0ZhR,flashscore,I1,2122,2022-04-09,empoli,spezia,2.0,2.0,3.0,2.0,5.0,4.0
f7RmQ3Z8,flashscore,I2,2122,2022-04-09,frosinone,cremonese,1.0,4.0,0.0,3.0,1.0,7.0
OQsU9rkS,flashscore,I2,2122,2022-04-09,alessandria,pordenone,5.0,3.0,0.0,4.0,5.0,7.0
EBl120s2,flashscore,I2,2122,2022-04-09,como,cittadella,1.0,2.0,0.0,5.0,1.0,7.0
OtWiPNlF,flashscore,I2,2122,2022-04-09,lecce,spal,5.0,4.0,1.0,3.0,6.0,7.0
KdZi9sjf,flashscore,N1,2122,2022-04-09,nijmegen,twente,2.0,1.0,0.0,5.0,2.0,6.0
4OXKGPcK,flashscore,N1,2122,2022-04-09,ajax,sparta rotterdam,6.0,3.0,6.0,2.0,12.0,5.0
boXOFqDQ,flashscore,N1,2122,2022-04-09,utrecht,sittard,5.0,1.0,5.0,5.0,10.0,6.0
KflIvRQ1,flashscore,P1,2122,2022-04-09,tondela,sporting cp,0.0,4.0,1.0,5.0,1.0,9.0
2wUGaS2R,flashscore,P1,2122,2022-04-09,benfica,bsad,8.0,2.0,3.0,4.0,11.0,6.0
bo9igQue,flashscore,P1,2122,2022-04-09,boavista,arouca,1.0,0.0,2.0,3.0,3.0,3.0
xWKrenBr,flashscore,P1,2122,2022-04-09,pacos ferreira,maritimo,3.0,1.0,2.0,1.0,5.0,2.0
Ugc8KYBL,flashscore,RO1,2122,2022-04-09,uta arad,fc rapid bucuresti,2.0,0.0,2.0,2.0,4.0,2.0
fL8HHBfl,flashscore,RO1,2122,2022-04-09,fc arges,farul constanta,0.0,0.0,2.0,4.0,2.0,4.0
6BjmNgFt,flashscore,RS1,2122,2022-04-09,mladost,radnicki nis,2.0,1.0,2.0,3.0,4.0,4.0
UoTJvMpE,flashscore,RS1,2122,2022-04-09,sp. subotica,kolubara,1.0,2.0,2.0,2.0,3.0,4.0
fqTSTm5t,flashscore,SP1,2122,2022-04-09,real madrid,getafe,7.0,0.0,3.0,2.0,10.0,2.0
d8PqQ545,flashscore,SP1,2122,2022-04-09,villarreal,ath bilbao,1.0,0.0,6.0,2.0,7.0,2.0
4E06Cnz6,flashscore,SP1,2122,2022-04-09,mallorca,atl. madrid,0.0,2.0,1.0,4.0,1.0,6.0
r5aAB6kC,flashscore,SP1,2122,2022-04-09,cadiz cf,betis,2.0,3.0,6.0,1.0,8.0,4.0
jBYzEfvN,flashscore,SP2,2122,2022-04-09,las palmas,amorebieta,5.0,1.0,2.0,2.0,7.0,3.0
nJyKHxub,flashscore,SP2,2122,2022-04-09,alcorcon,gijon,3.0,0.0,0.0,5.0,3.0,5.0
zqA78Y1p,flashscore,SP2,2122,2022-04-09,malaga,valladolid,2.0,5.0,2.0,2.0,4.0,7.0
QNFdVe9c,flashscore,SP2,2122,2022-04-09,real sociedad b,tenerife,3.0,3.0,0.0,0.0,3.0,3.0
4Ks0gyDU,flashscore,SW1,2122,2022-04-09,grasshoppers,luzern,3.0,4.0,1.0,6.0,4.0,10.0
GbBIBISb,flashscore,SW1,2122,2022-04-09,young boys,lausanne,2.0,4.0,5.0,1.0,7.0,5.0
vu3BeLGh,flashscore,TR1,2122,2022-04-09,besiktas,alanyaspor,0.0,0.0,0.0,3.0,0.0,3.0
bToEd11n,flashscore,TR1,2122,2022-04-09,gaziantep,trabzonspor,3.0,4.0,2.0,2.0,5.0,6.0
IV1FfuWb,flashscore,TR1,2122,2022-04-09,goztepe,kayserispor,4.0,1.0,2.0,3.0,6.0,4.0
Ch1Jgao5,flashscore,TR1,2122,2022-04-09,rizespor,konyaspor,3.0,1.0,2.0,2.0,5.0,3.0
rHB4xbGU,flashscore,TR1,2122,2022-04-09,karagumruk,kasimpasa,3.0,1.0,0.0,3.0,3.0,4.0
MJtteQyM,flashscore,TR2,2122,2022-04-09,adanaspor as,balikesirspor,2.0,2.0,5.0,3.0,7.0,5.0
Uub8lOEk,flashscore,TR2,2122,2022-04-09,genclerbirligi,keciorengucu,3.0,0.0,4.0,4.0,7.0,4.0
Sdsxd6MF,flashscore,TR2,2122,2022-04-09,bandirmaspor,boluspor,1.0,1.0,2.0,1.0,3.0,2.0
x61Gn2q2,flashscore,TR2,2122,2022-04-09,umraniyespor,ankaragucu,1.0,3.0,0.0,2.0,1.0,5.0
YViKiWbH,flashscore,B1,2122,2022-04-10,charleroi,waregem,4.0,0.0,3.0,3.0,7.0,3.0
xhzlkwwJ,flashscore,B1,2122,2022-04-10,club brugge kv,kv mechelen,5.0,1.0,2.0,3.0,7.0,4.0
CrrdczVu,flashscore,B1,2122,2022-04-10,gent,leuven,4.0,2.0,2.0,1.0,6.0,3.0
pdt4eEah,flashscore,B1,2122,2022-04-10,kortrijk,anderlecht,3.0,1.0,4.0,2.0,7.0,3.0
Q5lCghU4,flashscore,B1,2122,2022-04-10,royale union sg,beerschot va,8.0,1.0,5.0,0.0,13.0,1.0
rsa7fYEb,flashscore,B1,2122,2022-04-10,seraing,genk,1.0,4.0,3.0,3.0,4.0,7.0
4dmGhCqB,flashscore,B1,2122,2022-04-10,st. truiden,st. liege,4.0,1.0,1.0,1.0,5.0,2.0
4rjeJZaK,flashscore,D1,2122,2022-04-10,rb leipzig,hoffenheim,0.0,0.0,2.0,1.0,2.0,1.0
n3gKDDNs,flashscore,D1,2122,2022-04-10,eintracht frankfurt,freiburg,1.0,1.0,1.0,3.0,2.0,4.0
GroyAVM6,flashscore,D1,2122,2022-04-10,bochum,bayer leverkusen,0.0,1.0,2.0,2.0,2.0,3.0
OlMfbxIH,flashscore,D2,2122,2022-04-10,holstein kiel,hamburger sv,0.0,3.0,1.0,2.0,1.0,5.0
d2K2dGnU,flashscore,D2,2122,2022-04-10,paderborn,karlsruher sc,1.0,3.0,1.0,2.0,2.0,5.0
OCvNcQr4,flashscore,D2,2122,2022-04-10,sandhausen,sg dynamo dresden,1.0,5.0,4.0,2.0,5.0,7.0
Ast2gNWQ,flashscore,DK1,2122,2022-04-10,fc copenhagen,midtjylland,2.0,1.0,2.0,3.0,4.0,4.0
Wjsbf3HK,flashscore,DK1,2122,2022-04-10,silkeborg,brondby,3.0,3.0,0.0,0.0,3.0,3.0
batZC8TG,flashscore,DK1,2122,2022-04-10,nordsjaelland,aarhus,4.0,2.0,1.0,1.0,5.0,3.0
pdxVDlEA,flashscore,DK1,2122,2022-04-10,sonderjyske,odense,2.0,3.0,1.0,2.0,3.0,5.0
QLQKIJTq,flashscore,E0,2122,2022-04-10,manchester city,liverpool,4.0,0.0,0.0,1.0,4.0,1.0
GnyoPLjG,flashscore,E0,2122,2022-04-10,brentford,west ham,2.0,3.0,2.0,3.0,4.0,6.0
OCvgNaLS,flashscore,E0,2122,2022-04-10,leicester,crystal palace,1.0,2.0,2.0,2.0,3.0,4.0
MmKTGcbd,flashscore,E0,2122,2022-04-10,norwich,burnley,4.0,5.0,2.0,2.0,6.0,7.0
bR6eND9a,flashscore,E1,2122,2022-04-10,fulham,coventry,3.0,7.0,3.0,3.0,6.0,10.0
pE9pMO2e,flashscore,F1,2122,2022-04-10,marseille,montpellier,0.0,6.0,0.0,2.0,0.0,8.0
fqiyqnA8,flashscore,F1,2122,2022-04-10,strasbourg,lyon,3.0,1.0,2.0,2.0,5.0,3.0
ObLyOpYr,flashscore,F1,2122,2022-04-10,lens,nice,1.0,5.0,0.0,2.0,1.0,7.0
bHycVSu9,flashscore,F1,2122,2022-04-10,angers,lille,5.0,3.0,1.0,4.0,6.0,7.0
fqV5T6AL,flashscore,F1,2122,2022-04-10,brest,nantes,1.0,5.0,3.0,0.0,4.0,5.0
EmElLrI1,flashscore,F1,2122,2022-04-10,monaco,troyes,7.0,0.0,3.0,1.0,10.0,1.0
GhW1UneF,flashscore,F1,2122,2022-04-10,bordeaux,metz,3.0,4.0,2.0,2.0,5.0,6.0
OMPsiVFD,flashscore,I1,2122,2022-04-10,torino,ac milan,1.0,1.0,5.0,4.0,6.0,5.0
SfWYhio1,flashscore,I1,2122,2022-04-10,as roma,salernitana,4.0,2.0,5.0,0.0,9.0,2.0
l4XUgXVf,flashscore,I1,2122,2022-04-10,napoli,fiorentina,2.0,2.0,1.0,0.0,3.0,2.0
AJLwhB07,flashscore,I1,2122,2022-04-10,sassuolo,atalanta,5.0,3.0,3.0,5.0,8.0,8.0
xQDPFEhE,flashscore,I1,2122,2022-04-10,venezia,udinese,3.0,2.0,4.0,9.0,7.0,11.0
tvUMeg1r,flashscore,I1,2122,2022-04-10,genoa,lazio,2.0,1.0,1.0,5.0,3.0,6.0
2XUeOs4L,flashscore,I2,2122,2022-04-10,perugia,pisa,9.0,1.0,4.0,2.0,13.0,3.0
Sfnk52cq,flashscore,I2,2122,2022-04-10,ascoli,reggina,3.0,3.0,4.0,1.0,7.0,4.0
zqGBnoA0,flashscore,I2,2122,2022-04-10,cosenza,monza,1.0,3.0,1.0,0.0,2.0,3.0
GGSqRqK2,flashscore,I2,2122,2022-04-10,crotone,ternana,3.0,0.0,4.0,3.0,7.0,3.0
6oog4MCk,flashscore,I2,2122,2022-04-10,benevento,l.r. vicenza,5.0,0.0,3.0,2.0,8.0,2.0
EJYe8150,flashscore,N1,2122,2022-04-10,zwolle,az alkmaar,0.0,1.0,4.0,2.0,4.0,3.0
t6zlANzl,flashscore,N1,2122,2022-04-10,heracles,feyenoord,3.0,3.0,6.0,4.0,9.0,7.0
SMx07LK6,flashscore,N1,2122,2022-04-10,psv,waalwijk,4.0,1.0,3.0,4.0,7.0,5.0
lxR85akJ,flashscore,N1,2122,2022-04-10,vitesse,cambuur,3.0,1.0,5.0,2.0,8.0,3.0
AoS46uzD,flashscore,N1,2122,2022-04-10,heerenveen,groningen,5.0,2.0,4.0,4.0,9.0,6.0
Cly42UI8,flashscore,P1,2122,2022-04-10,vizela,braga,1.0,4.0,1.0,4.0,2.0,8.0
Ycx03A32,flashscore,P1,2122,2022-04-10,vitoria guimaraes,fc porto,0.0,0.0,3.0,1.0,3.0,1.0
8GUC08mL,flashscore,P1,2122,2022-04-10,portimonense,famalicao,2.0,1.0,5.0,1.0,7.0,2.0
KfAmf6Ql,flashscore,P1,2122,2022-04-10,santa clara,estoril,5.0,1.0,0.0,0.0,5.0,1.0
tI4DIiur,flashscore,RO1,2122,2022-04-10,univ. craiova,cfr cluj,0.0,2.0,3.0,1.0,3.0,3.0
j3b4LEdF,flashscore,RO1,2122,2022-04-10,fc botosani,sepsi sf. gheorghe,3.0,0.0,2.0,4.0,5.0,4.0
tCXPIvOf,flashscore,RS1,2122,2022-04-10,cukaricki,partizan,0.0,4.0,2.0,5.0,2.0,9.0
lzthMDUn,flashscore,RS1,2122,2022-04-10,crvena zvezda,radnicki 1923,3.0,0.0,2.0,0.0,5.0,0.0
fFyUHbw1,flashscore,RS1,2122,2022-04-10,tsc,vozdovac,1.0,4.0,2.0,4.0,3.0,8.0
jV2I9pKO,flashscore,SP1,2122,2022-04-10,levante,barcelona,1.0,2.0,3.0,1.0,4.0,3.0
ULNiOqZH,flashscore,SP1,2122,2022-04-10,elche,real sociedad,3.0,4.0,5.0,5.0,8.0,9.0
xSbEAQ4I,flashscore,SP1,2122,2022-04-10,espanyol,celta vigo,1.0,0.0,1.0,3.0,2.0,3.0
hzs1YTdP,flashscore,SP1,2122,2022-04-10,osasuna,alaves,4.0,3.0,3.0,0.0,7.0,3.0
YTSA7hHj,flashscore,SP2,2122,2022-04-10,mirandes,burgos cf,5.0,2.0,3.0,4.0,8.0,6.0
nXGhWyfi,flashscore,SP2,2122,2022-04-10,oviedo,leganes,2.0,3.0,2.0,1.0,4.0,4.0
MyUWEzPG,flashscore,SP2,2122,2022-04-10,ud ibiza,eibar,3.0,1.0,1.0,2.0,4.0,3.0
raA1UFO3,flashscore,SP2,2122,2022-04-10,zaragoza,girona,2.0,1.0,1.0,3.0,3.0,4.0
roVSFG9A,flashscore,SP2,2122,2022-04-10,fuenlabrada,huesca,6.0,1.0,6.0,7.0,12.0,8.0
Us96EKrt,flashscore,SW1,2122,2022-04-10,lugano,sion,2.0,2.0,3.0,0.0,5.0,2.0
x8CECbDh,flashscore,SW1,2122,2022-04-10,st. gallen,basel,2.0,6.0,4.0,2.0,6.0,8.0
8Y7ADvbn,flashscore,SW1,2122,2022-04-10,servette,zurich,0.0,0.0,1.0,5.0,1.0,5.0
KxmAcsnt,flashscore,TR1,2122,2022-04-10,fenerbahce,galatasaray,3.0,1.0,1.0,1.0,4.0,2.0
8KfSiwGH,flashscore,TR1,2122,2022-04-10,adana demirspor,altay,4.0,0.0,3.0,7.0,7.0,7.0
Qe5NhJ0B,flashscore,TR1,2122,2022-04-10,sivasspor,basaksehir,3.0,2.0,3.0,3.0,6.0,5.0
UD70wv1O,flashscore,TR1,2122,2022-04-10,yeni malatyaspor,giresunspor,3.0,2.0,1.0,2.0,4.0,4.0
jka4k4aq,flashscore,TR2,2122,2022-04-10,bursaspor,kocaelispor,4.0,3.0,2.0,0.0,6.0,3.0
0AupfpiS,flashscore,TR2,2122,2022-04-10,denizlispor,tuzlaspor,7.0,2.0,6.0,1.0,13.0,3.0
O2cCmrUe,flashscore,TR2,2122,2022-04-10,menemenspor,istanbulspor as,4.0,2.0,3.0,1.0,7.0,3.0
I1v3A5y9,flashscore,TR2,2122,2022-04-10,manisa fk,samsunspor,2.0,0.0,4.0,2.0,6.0,2.0
tOVwCSrN,flashscore,DK1,2122,2022-04-11,vejle,viborg,0.0,2.0,0.0,3.0,0.0,5.0
S0BaMXO5,flashscore,E1,2122,2022-04-11,huddersfield,luton,3.0,0.0,3.0,3.0,6.0,3.0
Ualn2eOE,flashscore,I1,2122,2022-04-11,bologna,sampdoria,2.0,0.0,4.0,0.0,6.0,0.0
08pc3tSe,flashscore,I2,2122,2022-04-11,brescia,parma,4.0,2.0,4.0,2.0,8.0,4.0
lr8LGV9f,flashscore,RO1,2122,2022-04-11,fcsb,fc voluntari,1.0,3.0,4.0,0.0,5.0,3.0
2sMDbik2,flashscore,RO1,2122,2022-04-11,gaz metan medias,mioveni,0.0,5.0,4.0,4.0,4.0,9.0
GUPxGx8D,flashscore,RS1,2122,2022-04-11,napredak,metalac,1.0,2.0,6.0,1.0,7.0,3.0
xvRYGIh7,flashscore,RS1,2122,2022-04-11,radnik,novi pazar,2.0,0.0,2.0,5.0,4.0,5.0
nkYLJK8l,flashscore,RS1,2122,2022-04-11,vojvodina,proleter,4.0,0.0,0.0,2.0,4.0,2.0
pYLuRoka,flashscore,SP1,2122,2022-04-11,rayo vallecano,valencia,1.0,2.0,4.0,2.0,5.0,4.0
0MuOGdf4,flashscore,SP2,2122,2022-04-11,almeria,ponferradina,5.0,1.0,4.0,2.0,9.0,3.0
nBgWjcVN,flashscore,TR1,2122,2022-04-11,antalyaspor,hatayspor,1.0,3.0,2.0,2.0,3.0,5.0
vBuaBoM2,flashscore,TR2,2122,2022-04-11,eyupspor,altinordu,3.0,2.0,4.0,1.0,7.0,3.0
GOIUlsur,flashscore,DK1,2122,2022-04-13,randers fc,midtjylland,2.0,3.0,3.0,2.0,5.0,5.0
OlMxmL9f,flashscore,DK1,2122,2022-04-14,brondby,aalborg,10.0,0.0,3.0,0.0,13.0,0.0
URMYm1fl,flashscore,DK1,2122,2022-04-14,silkeborg,fc copenhagen,2.0,1.0,2.0,1.0,4.0,2.0
x8W8666p,flashscore,DK1,2122,2022-04-14,aarhus,viborg,3.0,6.0,2.0,3.0,5.0,9.0
KEUsBnbT,flashscore,DK1,2122,2022-04-14,odense,vejle,3.0,0.0,3.0,3.0,6.0,3.0
04dN8yR2,flashscore,I2,2122,2022-04-14,cosenza,benevento,1.0,0.0,2.0,4.0,3.0,4.0
GbVC5QLj,flashscore,DK1,2122,2022-04-15,nordsjaelland,sonderjyske,3.0,0.0,3.0,4.0,6.0,4.0
W8CUZjg5,flashscore,E1,2122,2022-04-15,derby,fulham,1.0,3.0,2.0,5.0,3.0,8.0
EX1ZYA8B,flashscore,E1,2122,2022-04-15,huddersfield,qpr,3.0,2.0,4.0,2.0,7.0,4.0
Or9MyDOh,flashscore,E1,2122,2022-04-15,birmingham,coventry,2.0,5.0,6.0,2.0,8.0,7.0
I58QzXwa,flashscore,E1,2122,2022-04-15,bournemouth,middlesbrough,1.0,1.0,2.0,3.0,3.0,4.0
l8DCQtHp,flashscore,E1,2122,2022-04-15,hull,cardiff,1.0,0.0,3.0,4.0,4.0,4.0
Mc5sXlwO,flashscore,E1,2122,2022-04-15,peterborough,blackburn,3.0,4.0,4.0,2.0,7.0,6.0
0l4oW8hU,flashscore,E1,2122,2022-04-15,preston,millwall,3.0,1.0,7.0,5.0,10.0,6.0
QBViihOu,flashscore,E1,2122,2022-04-15,sheffield utd,reading,2.0,0.0,4.0,2.0,6.0,2.0
xnZejCwn,flashscore,E1,2122,2022-04-15,stoke,bristol city,3.0,0.0,3.0,0.0,6.0,0.0
SbCGP0Wj,flashscore,E1,2122,2022-04-15,swansea,barnsley,1.0,4.0,5.0,4.0,6.0,8.0
W8YakWhh,flashscore,E1,2122,2022-04-15,west brom,blackpool,3.0,2.0,4.0,1.0,7.0,3.0
hO0wYUNH,flashscore,E1,2122,2022-04-15,luton,nottingham,3.0,1.0,3.0,0.0,6.0,1.0
zytQKZNI,flashscore,F1,2122,2022-04-15,rennes,monaco,3.0,0.0,3.0,0.0,6.0,0.0
lQ856AF0,flashscore,I1,2122,2022-04-15,ac milan,genoa,1.0,0.0,2.0,1.0,3.0,1.0
zsBH38aJ,flashscore,I1,2122,2022-04-15,spezia,inter,3.0,4.0,3.0,3.0,6.0,7.0
8GjrGmm8,flashscore,P1,2122,2022-04-15,vitoria guimaraes,pacos ferreira,1.0,1.0,1.0,3.0,2.0,4.0
EFIFcuXt,flashscore,P1,2122,2022-04-15,famalicao,gil vicente,2.0,3.0,1.0,4.0,3.0,7.0
MJfnF72E,flashscore,P1,2122,2022-04-15,arouca,santa clara,4.0,3.0,3.0,4.0,7.0,7.0
vTWiCAJ1,flashscore,RO1,2122,2022-04-15,mioveni,dinamo bucuresti,2.0,4.0,2.0,0.0,4.0,4.0
r1wqEWlk,flashscore,RO1,2122,2022-04-15,chindia targoviste,fc botosani,0.0,2.0,2.0,3.0,2.0,5.0
zZ6Ximr1,flashscore,RS1,2122,2022-04-15,radnicki nis,vozdovac,2.0,2.0,3.0,1.0,5.0,3.0
xb3JKcZ1,flashscore,RS1,2122,2022-04-15,radnik,radnicki 1923,1.0,1.0,1.0,0.0,2.0,1.0
Iq1aKzYq,flashscore,SP1,2122,2022-04-15,real sociedad,betis,2.0,1.0,6.0,0.0,8.0,1.0
Mk95TZwA,flashscore,SP2,2122,2022-04-15,amorebieta,mirandes,1.0,3.0,4.0,0.0,5.0,3.0
Cv2IQXNS,flashscore,SP2,2122,2022-04-15,eibar,las palmas,7.0,2.0,5.0,1.0,12.0,3.0
8tYzXdek,flashscore,TR1,2122,2022-04-15,kayserispor,rizespor,6.0,3.0,2.0,2.0,8.0,5.0
Igp2oygo,flashscore,TR1,2122,2022-04-15,trabzonspor,karagumruk,4.0,1.0,11.0,3.0,15.0,4.0
GdMk11be,flashscore,TR2,2122,2022-04-15,istanbulspor as,bursaspor,1.0,2.0,2.0,3.0,3.0,5.0
8jXF73LR,flashscore,TR2,2122,2022-04-15,tuzlaspor,genclerbirligi,1.0,1.0,2.0,6.0,3.0,7.0
x6No2sqk,flashscore,TR2,2122,2022-04-15,keciorengucu,denizlispor,3.0,3.0,3.0,2.0,6.0,5.0
A3H0Z6rl,flashscore,B2,2122,2022-04-16,lommel sk,deinze,5.0,3.0,4.0,4.0,9.0,7.0
rHF8XpD0,flashscore,B2,2122,2022-04-16,westerlo,rwdm brussels,6.0,2.0,2.0,5.0,8.0,7.0
UqfaEpEh,flashscore,D1,2122,2022-04-16,b. monchengladbach,fc koln,2.0,3.0,3.0,2.0,5.0,5.0
bPoGA2DH,flashscore,D1,2122,2022-04-16,augsburg,hertha berlin,0.0,3.0,1.0,4.0,1.0,7.0
O8lq89iJ,flashscore,D1,2122,2022-04-16,dortmund,wolfsburg,2.0,1.0,2.0,5.0,4.0,6.0
8zg3D4Tb,flashscore,D1,2122,2022-04-16,freiburg,bochum,1.0,1.0,2.0,3.0,3.0,4.0
42nCBrbB,flashscore,D1,2122,2022-04-16,mainz,stuttgart,2.0,1.0,3.0,2.0,5.0,3.0
IBXVe4DG,flashscore,D2,2122,2022-04-16,hamburger sv,karlsruher sc,2.0,1.0,4.0,1.0,6.0,2.0
WID6k2jp,flashscore,D2,2122,2022-04-16,hannover,dusseldorf,4.0,4.0,1.0,4.0,5.0,8.0
A9CAlM5j,flashscore,D2,2122,2022-04-16,sandhausen,st. pauli,5.0,2.0,4.0,2.0,9.0,4.0
OC0hD5ri,flashscore,D2,2122,2022-04-16,sg dynamo dresden,holstein kiel,2.0,1.0,2.0,2.0,4.0,3.0
vqklKW4l,flashscore,E0,2122,2022-04-16,manchester utd,norwich,2.0,4.0,4.0,3.0,6.0,7.0
0bwcIAZ0,flashscore,E0,2122,2022-04-16,southampton,arsenal,5.0,2.0,1.0,6.0,6.0,8.0
8Ot5Gl4D,flashscore,E0,2122,2022-04-16,watford,brentford,3.0,3.0,3.0,2.0,6.0,5.0
UXs1HUl7,flashscore,E0,2122,2022-04-16,tottenham,brighton,4.0,2.0,0.0,2.0,4.0,4.0
8neur6PE,flashscore,F1,2122,2022-04-16,lille,lens,6.0,4.0,7.0,3.0,13.0,7.0
ERvUJgwP,flashscore,F1,2122,2022-04-16,st etienne,brest,4.0,1.0,3.0,2.0,7.0,3.0
61J07j0f,flashscore,I1,2122,2022-04-16,lazio,torino,3.0,4.0,6.0,3.0,9.0,7.0
hbFd8Wpl,flashscore,I1,2122,2022-04-16,juventus,bologna,1.0,3.0,3.0,2.0,4.0,5.0
byGh9CVs,flashscore,I1,2122,2022-04-16,fiorentina,venezia,1.0,0.0,4.0,0.0,5.0,0.0
djCD4lpD,flashscore,I1,2122,2022-04-16,sampdoria,salernitana,0.0,1.0,5.0,1.0,5.0,2.0
vFybC03J,flashscore,I1,2122,2022-04-16,udinese,empoli,2.0,2.0,2.0,5.0,4.0,7.0
dSTQDhNQ,flashscore,I1,2122,2022-04-16,cagliari,sassuolo,2.0,2.0,1.0,1.0,3.0,3.0
OYVfS1et,flashscore,N1,2122,2022-04-16,sittard,sparta rotterdam,6.0,1.0,8.0,3.0,14.0,4.0
bJnKfwHa,flashscore,P1,2122,2022-04-16,fc porto,portimonense,5.0,1.0,4.0,0.0,9.0,1.0
htnOgcW5,flashscore,P1,2122,2022-04-16,bsad,vizela,2.0,2.0,0.0,5.0,2.0,7.0
KSmGeJ1g,flashscore,P1,2122,2022-04-16,maritimo,boavista,1.0,1.0,0.0,0.0,1.0,1.0
h6HJdanm,flashscore,P1,2122,2022-04-16,moreirense,tondela,3.0,0.0,1.0,1.0,4.0,1.0
8pOME9v7,flashscore,RO1,2122,2022-04-16,farul constanta,univ. craiova,5.0,2.0,4.0,2.0,9.0,4.0
nyNQDTgD,flashscore,RO1,2122,2022-04-16,fc voluntari,fc arges,3.0,3.0,0.0,3.0,3.0,6.0
lvvuFCZr,flashscore,RO1,2122,2022-04-16,sepsi sf. gheorghe,uta arad,3.0,1.0,7.0,0.0,10.0,1.0
v7DOg9Dl,flashscore,RS1,2122,2022-04-16,crvena zvezda,partizan,2.0,0.0,4.0,2.0,6.0,2.0
IemIMJ4k,flashscore,RS1,2122,2022-04-16,mladost,proleter,3.0,0.0,10.0,1.0,13.0,1.0
MV2ThTSf,flashscore,RS1,2122,2022-04-16,cukaricki,tsc,7.0,1.0,1.0,3.0,8.0,4.0
K8LOQxeG,flashscore,SP1,2122,2022-04-16,getafe,villarreal,1.0,3.0,5.0,3.0,6.0,6.0
SErjsbuc,flashscore,SP1,2122,2022-04-16,valencia,osasuna,2.0,3.0,7.0,2.0,9.0,5.0
pWtM6H3p,flashscore,SP1,2122,2022-04-16,alaves,rayo vallecano,2.0,8.0,0.0,4.0,2.0,12.0
65sftIf3,flashscore,SP1,2122,2022-04-16,elche,mallorca,2.0,1.0,0.0,0.0,2.0,1.0
UFCDRD8M,flashscore,SP2,2122,2022-04-16,fc cartagena sad,alcorcon,2.0,4.0,3.0,0.0,5.0,4.0
GCUvrZh3,flashscore,SP2,2122,2022-04-16,gijon,oviedo,4.0,3.0,2.0,2.0,6.0,5.0
lQSntDNF,flashscore,SP2,2122,2022-04-16,valladolid,almeria,0.0,3.0,6.0,5.0,6.0,8.0
04nhKV0d,flashscore,SP2,2122,2022-04-16,leganes,malaga,4.0,3.0,4.0,1.0,8.0,4.0
4K3V8GCH,flashscore,SW1,2122,2022-04-16,servette,grasshoppers,2.0,2.0,5.0,2.0,7.0,4.0
bLL3j8dj,flashscore,SW1,2122,2022-04-16,zurich,young boys,2.0,9.0,3.0,1.0,5.0,10.0
fwUWXxtq,flashscore,TR1,2122,2022-04-16,fenerbahce,goztepe,1.0,4.0,1.0,2.0,2.0,6.0
SODjh7Rc,flashscore,TR1,2122,2022-04-16,alanyaspor,antalyaspor,5.0,1.0,2.0,0.0,7.0,1.0
2s63k5BG,flashscore,TR1,2122,2022-04-16,altay,basaksehir,3.0,3.0,0.0,6.0,3.0,9.0
6FCfiRt4,flashscore,TR1,2122,2022-04-16,hatayspor,sivasspor,2.0,1.0,2.0,3.0,4.0,4.0
nyq79PjF,flashscore,TR2,2122,2022-04-16,boluspor,erzurumspor,3.0,2.0,2.0,1.0,5.0,3.0
COFbauT7,flashscore,TR2,2122,2022-04-16,altinordu,manisa fk,0.0,1.0,0.0,1.0,0.0,2.0
rqOs3NTr,flashscore,TR2,2122,2022-04-16,kocaelispor,bandirmaspor,0.0,2.0,2.0,1.0,2.0,3.0
QRsB8q6L,flashscore,TR2,2122,2022-04-16,balikesirspor,menemenspor,1.0,2.0,1.0,1.0,2.0,3.0
Ui03zmTs,flashscore,B2,2122,2022-04-17,beveren,mouscron,5.0,1.0,3.0,1.0,8.0,2.0
lfG4YQcf,flashscore,B2,2122,2022-04-17,k. lierse s.k.,virton,2.0,2.0,2.0,2.0,4.0,4.0
OniiG6qt,flashscore,D1,2122,2022-04-17,bayer leverkusen,rb leipzig,2.0,0.0,5.0,1.0,7.0,1.0
QBm8COr5,flashscore,D1,2122,2022-04-17,hoffenheim,greuther furth,5.0,0.0,5.0,1.0,10.0,1.0
zNfeFQbn,flashscore,D1,2122,2022-04-17,union berlin,eintracht frankfurt,3.0,2.0,1.0,1.0,4.0,3.0
CSkK9MSN,flashscore,D1,2122,2022-04-17,arminia bielefeld,bayern munich,3.0,2.0,2.0,2.0,5.0,4.0
CYWZfOSM,flashscore,D2,2122,2022-04-17,darmstadt,schalke,2.0,2.0,5.0,2.0,7.0,4.0
xG4dCPcc,flashscore,D2,2122,2022-04-17,hansa rostock,regensburg,1.0,2.0,3.0,3.0,4.0,5.0
jPVwfrrT,flashscore,D2,2122,2022-04-17,heidenheim,aue,2.0,2.0,4.0,5.0,6.0,7.0
Kvf1BqD3,flashscore,D2,2122,2022-04-17,ingolstadt,paderborn,1.0,2.0,1.0,3.0,2.0,5.0
6yURdpbA,flashscore,D2,2122,2022-04-17,werder bremen,nurnberg,3.0,0.0,5.0,2.0,8.0,2.0
I39eU9bi,flashscore,DK1,2122,2022-04-17,viborg,odense,0.0,1.0,3.0,4.0,3.0,5.0
M7vgJjKf,flashscore,E0,2122,2022-04-17,newcastle,leicester,2.0,2.0,1.0,3.0,3.0,5.0
ATKmuYtE,flashscore,E0,2122,2022-04-17,west ham,burnley,6.0,2.0,7.0,2.0,13.0,4.0
hCjLLF8C,flashscore,F1,2122,2022-04-17,psg,marseille,3.0,2.0,0.0,2.0,3.0,4.0
0rJ8Qwfs,flashscore,F1,2122,2022-04-17,lyon,bordeaux,2.0,2.0,1.0,3.0,3.0,5.0
vZHCPc9m,flashscore,F1,2122,2022-04-17,metz,clermont,0.0,4.0,0.0,5.0,0.0,9.0
6el9OHOg,flashscore,F1,2122,2022-04-17,montpellier,reims,4.0,2.0,5.0,4.0,9.0,6.0
pnmDNyv0,flashscore,F1,2122,2022-04-17,nantes,angers,8.0,1.0,6.0,4.0,14.0,5.0
2sYBrwGP,flashscore,F1,2122,2022-04-17,troyes,strasbourg,2.0,4.0,3.0,5.0,5.0,9.0
v9nHMeg6,flashscore,F1,2122,2022-04-17,nice,lorient,3.0,1.0,2.0,0.0,5.0,1.0
SKDehpe1,flashscore,P1,2122,2022-04-17,sporting cp,benfica,3.0,2.0,4.0,3.0,7.0,5.0
SY6PFkP0,flashscore,RO1,2122,2022-04-17,cfr cluj,fcsb,0.0,1.0,1.0,5.0,1.0,6.0
MixmDj4e,flashscore,RO1,2122,2022-04-17,u craiova 1948,lps hd clinceni,5.0,0.0,2.0,5.0,7.0,5.0
Ue6yi7c7,flashscore,RS1,2122,2022-04-17,vojvodina,napredak,3.0,0.0,1.0,1.0,4.0,1.0
WYsdYG31,flashscore,RS1,2122,2022-04-17,kolubara,metalac,5.0,0.0,0.0,2.0,5.0,2.0
xCrhZdle,flashscore,RS1,2122,2022-04-17,sp. subotica,novi pazar,1.0,3.0,1.0,1.0,2.0,4.0
C603Jfmj,flashscore,SP1,2122,2022-04-17,sevilla,real madrid,0.0,1.0,0.0,2.0,0.0,3.0
xQT7UKei,flashscore,SP1,2122,2022-04-17,ath bilbao,celta vigo,3.0,1.0,2.0,3.0,5.0,4.0
jTXBTvBc,flashscore,SP1,2122,2022-04-17,atl. madrid,espanyol,3.0,2.0,3.0,1.0,6.0,3.0
baKSPdAM,flashscore,SP1,2122,2022-04-17,granada cf,levante,3.0,2.0,10.0,0.0,13.0,2.0
MDmlLBoj,flashscore,SP2,2122,2022-04-17,huesca,zaragoza,0.0,1.0,6.0,2.0,6.0,3.0
AZTrsg89,flashscore,SP2,2122,2022-04-17,tenerife,fuenlabrada,0.0,2.0,5.0,2.0,5.0,4.0
GC89SggG,flashscore,SP2,2122,2022-04-17,burgos cf,ud ibiza,3.0,4.0,3.0,4.0,6.0,8.0
29QzqFwc,flashscore,SP2,2122,2022-04-17,ponferradina,lugo,2.0,0.0,0.0,4.0,2.0,4.0
MRArfTdo,flashscore,TR1,2122,2022-04-17,giresunspor,besiktas,2.0,4.0,1.0,4.0,3.0,8.0
Oj7ajodA,flashscore,TR1,2122,2022-04-17,kasimpasa,adana demirspor,2.0,4.0,1.0,3.0,3.0,7.0
GpbzjHpU,flashscore,TR1,2122,2022-04-17,konyaspor,gaziantep,3.0,4.0,0.0,3.0,3.0,7.0
QR3tOO58,flashscore,TR2,2122,2022-04-17,samsunspor,eyupspor,3.0,1.0,5.0,2.0,8.0,3.0
YXGf0LD1,flashscore,TR2,2122,2022-04-17,ankaragucu,adanaspor as,0.0,3.0,3.0,1.0,3.0,4.0
KGFooav7,flashscore,DK1,2122,2022-04-18,midtjylland,aalborg,3.0,1.0,2.0,3.0,5.0,4.0
2uLtnuP0,flashscore,DK1,2122,2022-04-18,fc copenhagen,brondby,2.0,5.0,6.0,3.0,8.0,8.0
W6DaTTDc,flashscore,DK1,2122,2022-04-18,sonderjyske,aarhus,3.0,6.0,4.0,3.0,7.0,9.0
QTC3SmT3,flashscore,DK1,2122,2022-04-18,vejle,nordsjaelland,0.0,3.0,5.0,0.0,5.0,3.0
vwUvj3q3,flashscore,E1,2122,2022-04-18,nottingham,west brom,4.0,0.0,4.0,0.0,8.0,0.0
0lQGolhH,flashscore,E1,2122,2022-04-18,bristol city,sheffield utd,2.0,4.0,0.0,3.0,2.0,7.0
AaX3lj8b,flashscore,E1,2122,2022-04-18,barnsley,peterborough,4.0,0.0,5.0,3.0,9.0,3.0
SzS8mAN4,flashscore,E1,2122,2022-04-18,blackburn,stoke,1.0,2.0,0.0,1.0,1.0,3.0
6RQCnUxB,flashscore,E1,2122,2022-04-18,blackpool,birmingham,5.0,6.0,4.0,1.0,9.0,7.0
GE5blp9i,flashscore,E1,2122,2022-04-18,cardiff,luton,5.0,1.0,4.0,3.0,9.0,4.0
CQhpULMq,flashscore,E1,2122,2022-04-18,coventry,bournemouth,5.0,1.0,5.0,2.0,10.0,3.0
0nVziqUd,flashscore,E1,2122,2022-04-18,millwall,hull,1.0,2.0,4.0,5.0,5.0,7.0
M1JqkNb9,flashscore,E1,2122,2022-04-18,qpr,derby,3.0,2.0,3.0,3.0,6.0,5.0
f542m4Oc,flashscore,E1,2122,2022-04-18,reading,swansea,2.0,2.0,3.0,1.0,5.0,3.0
YusgSaid,flashscore,E1,2122,2022-04-18,middlesbrough,huddersfield,5.0,3.0,6.0,1.0,11.0,4.0
GGCTEY7K,flashscore,I1,2122,2022-04-18,atalanta,verona,5.0,0.0,5.0,1.0,10.0,1.0
SG795UU6,flashscore,I1,2122,2022-04-18,napoli,as roma,4.0,3.0,1.0,2.0,5.0,5.0
EBAWHusk,flashscore,I2,2122,2022-04-18,monza,brescia,2.0,2.0,5.0,3.0,7.0,5.0
pdK0N1JR,flashscore,I2,2122,2022-04-18,cittadella,alessandria,0.0,3.0,3.0,0.0,3.0,3.0
h29zHade,flashscore,I2,2122,2022-04-18,parma,ascoli,5.0,2.0,6.0,0.0,11.0,2.0
Aw4uGJB1,flashscore,I2,2122,2022-04-18,pisa,como,5.0,5.0,1.0,2.0,6.0,7.0
bapzx1YK,flashscore,I2,2122,2022-04-18,ternana,frosinone,5.0,6.0,1.0,2.0,6.0,8.0
EZEFo5P6,flashscore,I2,2122,2022-04-18,cremonese,cosenza,4.0,2.0,1.0,2.0,5.0,4.0
KlBSILRr,flashscore,I2,2122,2022-04-18,l.r. vicenza,perugia,0.0,1.0,6.0,2.0,6.0,3.0
lU2qFwR7,flashscore,I2,2122,2022-04-18,pordenone,benevento,0.0,1.0,1.0,2.0,1.0,3.0
2XjRwN38,flashscore,I2,2122,2022-04-18,reggina,lecce,1.0,0.0,0.0,2.0,1.0,2.0
GzeVxsJE,flashscore,I2,2122,2022-04-18,spal,crotone,4.0,2.0,2.0,3.0,6.0,5.0
6BCai4A7,flashscore,P1,2122,2022-04-18,estoril,braga,5.0,3.0,2.0,2.0,7.0,5.0
CInDJhRR,flashscore,RO1,2122,2022-04-18,fc rapid bucuresti,gaz metan medias,11.0,0.0,9.0,0.0,20.0,0.0
YiNGSbQ3,flashscore,SP1,2122,2022-04-18,barcelona,cadiz cf,3.0,0.0,5.0,1.0,8.0,1.0
EmlpMiWq,flashscore,SP2,2122,2022-04-18,girona,real sociedad b,2.0,0.0,3.0,0.0,5.0,0.0
bN0NAxr5,flashscore,SW1,2122,2022-04-18,lausanne,lugano,1.0,0.0,1.0,7.0,2.0,7.0
tpRbilsp,flashscore,SW1,2122,2022-04-18,sion,basel,2.0,2.0,1.0,3.0,3.0,5.0
Ac4R9dcB,flashscore,SW1,2122,2022-04-18,luzern,st. gallen,3.0,0.0,3.0,5.0,6.0,5.0
Y1EngmCi,flashscore,TR1,2122,2022-04-18,galatasaray,yeni malatyaspor,5.0,2.0,1.0,1.0,6.0,3.0
b7EkpJgD,flashscore,DK1,2122,2022-04-19,randers fc,silkeborg,2.0,2.0,2.0,4.0,4.0,6.0
6ZnQbPxB,flashscore,E0,2122,2022-04-19,liverpool,manchester utd,7.0,1.0,2.0,1.0,9.0,2.0
fkrkTuxj,flashscore,E1,2122,2022-04-19,fulham,preston,3.0,2.0,3.0,3.0,6.0,5.0
EcuHjxvb,flashscore,N1,2122,2022-04-19,vitesse,sparta rotterdam,1.0,0.0,4.0,0.0,5.0,0.0
UHR7oDWr,flashscore,SP1,2122,2022-04-19,villarreal,valencia,2.0,0.0,1.0,2.0,3.0,2.0
txk6wGvM,flashscore,SP1,2122,2022-04-19,betis,elche,1.0,2.0,1.0,1.0,2.0,3.0
CKuxYg2q,flashscore,SP1,2122,2022-04-19,mallorca,alaves,0.0,2.0,0.0,4.0,0.0,6.0
t2CZ0h4C,flashscore,TR2,2122,2022-04-19,bursaspor,genclerbirligi,2.0,1.0,3.0,0.0,5.0,1.0
Sb8V1Yl6,flashscore,TR2,2122,2022-04-19,denizlispor,istanbulspor as,2.0,2.0,7.0,2.0,9.0,4.0
pzJQ2EZa,flashscore,TR2,2122,2022-04-19,umraniyespor,keciorengucu,6.0,1.0,6.0,6.0,12.0,7.0
0dnUcqhH,flashscore,E0,2122,2022-04-20,manchester city,brighton,2.0,1.0,5.0,3.0,7.0,4.0
bXkrVY0G,flashscore,E0,2122,2022-04-20,chelsea,arsenal,4.0,0.0,2.0,1.0,6.0,1.0
0MoAPc6m,flashscore,E0,2122,2022-04-20,everton,leicester,1.0,1.0,4.0,3.0,5.0,4.0
vmoYd37N,flashscore,E0,2122,2022-04-20,newcastle,crystal palace,2.0,1.0,0.0,4.0,2.0,5.0
4jKwvcOt,flashscore,F1,2122,2022-04-20,angers,psg,1.0,3.0,2.0,4.0,3.0,7.0
bkDnxygg,flashscore,F1,2122,2022-04-20,brest,lyon,1.0,1.0,1.0,1.0,2.0,2.0
hCCjye8a,flashscore,F1,2122,2022-04-20,lens,montpellier,4.0,0.0,1.0,3.0,5.0,3.0
lv6aZYxC,flashscore,F1,2122,2022-04-20,marseille,nantes,1.0,2.0,6.0,1.0,7.0,3.0
ze8BWWMU,flashscore,F1,2122,2022-04-20,strasbourg,rennes,0.0,4.0,2.0,3.0,2.0,7.0
nF9rwHwm,flashscore,F1,2122,2022-04-20,bordeaux,st etienne,4.0,2.0,1.0,2.0,5.0,4.0
W2BfzFN5,flashscore,F1,2122,2022-04-20,lorient,metz,5.0,5.0,5.0,7.0,10.0,12.0
SU43YhhI,flashscore,F1,2122,2022-04-20,monaco,nice,3.0,3.0,4.0,7.0,7.0,10.0
Mi47XC7O,flashscore,F1,2122,2022-04-20,reims,lille,1.0,0.0,4.0,2.0,5.0,2.0
dlXRTfGu,flashscore,F1,2122,2022-04-20,troyes,clermont,2.0,2.0,3.0,0.0,5.0,2.0
fJNXBsG6,flashscore,I1,2122,2022-04-20,udinese,salernitana,3.0,2.0,6.0,1.0,9.0,3.0
xdQhGNQI,flashscore,RS1,2122,2022-04-20,napredak,radnicki nis,4.0,1.0,5.0,3.0,9.0,4.0
UVMpIqd6,flashscore,RS1,2122,2022-04-20,partizan,cukaricki,3.0,4.0,2.0,0.0,5.0,4.0
KfOjfbQK,flashscore,RS1,2122,2022-04-20,proleter,radnik,2.0,1.0,2.0,2.0,4.0,3.0
n7XuJPt0,flashscore,RS1,2122,2022-04-20,tsc,crvena zvezda,2.0,2.0,0.0,3.0,2.0,5.0
KrxYiFgF,flashscore,SP1,2122,2022-04-20,osasuna,real madrid,1.0,1.0,2.0,3.0,3.0,4.0
KSmAxzfS,flashscore,SP1,2122,2022-04-20,celta vigo,getafe,0.0,0.0,2.0,1.0,2.0,1.0
0StbuxA9,flashscore,SP1,2122,2022-04-20,atl. madrid,granada cf,4.0,0.0,7.0,1.0,11.0,1.0
6qKM3fKg,flashscore,TR2,2122,2022-04-20,menemenspor,kocaelispor,0.0,3.0,0.0,6.0,0.0,9.0
zPBw0CJI,flashscore,TR2,2122,2022-04-20,ankaragucu,altinordu,6.0,1.0,3.0,0.0,9.0,1.0
bJKI4z5m,flashscore,TR2,2122,2022-04-20,erzurumspor,tuzlaspor,2.0,0.0,2.0,0.0,4.0,0.0
KSLE5Gks,flashscore,TR2,2122,2022-04-20,manisa fk,balikesirspor,4.0,1.0,0.0,2.0,4.0,3.0
CzfH0o8b,flashscore,E0,2122,2022-04-21,burnley,southampton,4.0,3.0,6.0,7.0,10.0,10.0
8MLlH3BC,flashscore,RS1,2122,2022-04-21,vozdovac,vojvodina,2.0,1.0,3.0,3.0,5.0,4.0
YcSfgIuR,flashscore,RS1,2122,2022-04-21,metalac,sp. subotica,5.0,1.0,3.0,1.0,8.0,2.0
nsQrdKe8,flashscore,RS1,2122,2022-04-21,novi pazar,mladost,1.0,3.0,5.0,2.0,6.0,5.0
QXOnevBE,flashscore,RS1,2122,2022-04-21,radnicki 1923,kolubara,2.0,2.0,1.0,2.0,3.0,4.0
bZzxiZ8L,flashscore,SP1,2122,2022-04-21,real sociedad,barcelona,3.0,0.0,2.0,3.0,5.0,3.0
YZTpWXWe,flashscore,SP1,2122,2022-04-21,cadiz cf,ath bilbao,1.0,1.0,3.0,0.0,4.0,1.0
nwYlVin2,flashscore,SP1,2122,2022-04-21,espanyol,rayo vallecano,1.0,6.0,2.0,4.0,3.0,10.0
vXKzgev9,flashscore,SP1,2122,2022-04-21,levante,sevilla,5.0,1.0,5.0,3.0,10.0,4.0
vV7pNrLE,flashscore,TR2,2122,2022-04-21,eyupspor,boluspor,2.0,3.0,3.0,0.0,5.0,3.0
EFAsaWYO,flashscore,TR2,2122,2022-04-21,adanaspor as,samsunspor,0.0,4.0,3.0,4.0,3.0,8.0
AHUXSqTo,flashscore,D1,2122,2022-04-22,wolfsburg,mainz,0.0,1.0,2.0,2.0,2.0,3.0
Wd6C8scM,flashscore,D2,2122,2022-04-22,dusseldorf,sg dynamo dresden,3.0,2.0,0.0,3.0,3.0,5.0
ELeH71CS,flashscore,D2,2122,2022-04-22,karlsruher sc,ingolstadt,5.0,1.0,4.0,1.0,9.0,2.0
4KB7R7rA,flashscore,DK1,2122,2022-04-22,sonderjyske,vejle,3.0,6.0,4.0,5.0,7.0,11.0
lC3Osuiq,flashscore,E1,2122,2022-04-22,huddersfield,barnsley,2.0,3.0,0.0,4.0,2.0,7.0
MPeNOMks,flashscore,N1,2122,2022-04-22,twente,sparta rotterdam,4.0,1.0,6.0,2.0,10.0,3.0
pzB17G05,flashscore,P1,2122,2022-04-22,vizela,arouca,2.0,2.0,4.0,0.0,6.0,2.0
IJVeBUY7,flashscore,RO1,2122,2022-04-22,gaz metan medias,dinamo bucuresti,1.0,4.0,1.0,7.0,2.0,11.0
WMJwzEB8,flashscore,RO1,2122,2022-04-22,lps hd clinceni,mioveni,0.0,5.0,1.0,1.0,1.0,6.0
dUAfx4Ms,flashscore,SP2,2122,2022-04-22,tenerife,huesca,1.0,3.0,5.0,2.0,6.0,5.0
E139odAr,flashscore,TR1,2122,2022-04-22,rizespor,fenerbahce,1.0,6.0,5.0,5.0,6.0,11.0
QyD3D2bO,flashscore,B1,2122,2022-04-23,kv mechelen,charleroi,0.0,1.0,3.0,2.0,3.0,3.0
ryfRecMa,flashscore,B1,2122,2022-04-23,rwdm brussels,seraing,2.0,2.0,3.0,0.0,5.0,2.0
fiuP8trU,flashscore,D1,2122,2022-04-23,bayern munich,dortmund,1.0,0.0,2.0,1.0,3.0,1.0
l8TyS3rh,flashscore,D1,2122,2022-04-23,eintracht frankfurt,hoffenheim,5.0,2.0,4.0,5.0,9.0,7.0
vcMlP1SA,flashscore,D1,2122,2022-04-23,fc koln,arminia bielefeld,1.0,3.0,4.0,7.0,5.0,10.0
WWItRNcb,flashscore,D1,2122,2022-04-23,freiburg,b. monchengladbach,4.0,0.0,4.0,0.0,8.0,0.0
zPFcNucN,flashscore,D1,2122,2022-04-23,greuther furth,bayer leverkusen,2.0,3.0,4.0,0.0,6.0,3.0
d0Rj40jo,flashscore,D1,2122,2022-04-23,rb leipzig,union berlin,0.0,3.0,2.0,2.0,2.0,5.0
p4nm2uzj,flashscore,D2,2122,2022-04-23,st. pauli,darmstadt,2.0,2.0,3.0,0.0,5.0,2.0
h6789NsG,flashscore,D2,2122,2022-04-23,holstein kiel,heidenheim,5.0,1.0,3.0,9.0,8.0,10.0
v3TwP2s3,flashscore,D2,2122,2022-04-23,regensburg,hamburger sv,2.0,3.0,2.0,1.0,4.0,4.0
bVh5A3S9,flashscore,D2,2122,2022-04-23,schalke,werder bremen,1.0,2.0,4.0,0.0,5.0,2.0
4pPMYVJs,flashscore,E0,2122,2022-04-23,brentford,tottenham,8.0,3.0,4.0,5.0,12.0,8.0
j1BrU7YC,flashscore,E0,2122,2022-04-23,leicester,aston villa,4.0,1.0,3.0,5.0,7.0,6.0
dbbUiBQJ,flashscore,E0,2122,2022-04-23,manchester city,watford,7.0,2.0,4.0,2.0,11.0,4.0
zkcYjVuQ,flashscore,E0,2122,2022-04-23,norwich,newcastle,1.0,2.0,1.0,1.0,2.0,3.0
2ywewCBQ,flashscore,E0,2122,2022-04-23,arsenal,manchester utd,1.0,5.0,0.0,2.0,1.0,7.0
z5NmlsEF,flashscore,E1,2122,2022-04-23,birmingham,millwall,3.0,3.0,1.0,3.0,4.0,6.0
URMim1TL,flashscore,E1,2122,2022-04-23,bournemouth,fulham,1.0,1.0,3.0,2.0,4.0,3.0
8ILenLrS,flashscore,E1,2122,2022-04-23,derby,bristol city,1.0,5.0,1.0,0.0,2.0,5.0
S22Sta6k,flashscore,E1,2122,2022-04-23,hull,reading,2.0,0.0,3.0,5.0,5.0,5.0
KAKZvwy2,flashscore,E1,2122,2022-04-23,peterborough,nottingham,2.0,2.0,4.0,3.0,6.0,5.0
xUg7nOw4,flashscore,E1,2122,2022-04-23,sheffield utd,cardiff,2.0,3.0,3.0,1.0,5.0,4.0
06cM2tT8,flashscore,E1,2122,2022-04-23,stoke,qpr,7.0,3.0,2.0,4.0,9.0,7.0
zFCAorgA,flashscore,E1,2122,2022-04-23,swansea,middlesbrough,3.0,2.0,5.0,0.0,8.0,2.0
Uu2Q10rF,flashscore,E1,2122,2022-04-23,west brom,coventry,3.0,2.0,4.0,1.0,7.0,3.0
MP1WuJLe,flashscore,E1,2122,2022-04-23,luton,blackpool,0.0,0.0,0.0,3.0,0.0,3.0
jyMfNAaN,flashscore,F1,2122,2022-04-23,psg,lens,2.0,1.0,2.0,2.0,4.0,3.0
OOj9tYao,flashscore,F1,2122,2022-04-23,st etienne,monaco,0.0,0.0,1.0,1.0,1.0,1.0
MeUwRh0b,flashscore,F1,2122,2022-04-23,lyon,montpellier,4.0,1.0,4.0,1.0,8.0,2.0
j7zx5Ieg,flashscore,I1,2122,2022-04-23,verona,sampdoria,2.0,3.0,2.0,2.0,4.0,5.0
UcZu4xBa,flashscore,I1,2122,2022-04-23,inter,as roma,2.0,1.0,2.0,2.0,4.0,3.0
bwRd0fAO,flashscore,I1,2122,2022-04-23,torino,spezia,3.0,1.0,2.0,5.0,5.0,6.0
QqFvPwmP,flashscore,I1,2122,2022-04-23,venezia,atalanta,0.0,6.0,0.0,1.0,0.0,7.0
2uirKb4C,flashscore,N1,2122,2022-04-23,cambuur,psv,0.0,11.0,1.0,7.0,1.0,18.0
OlhvLvk6,flashscore,N1,2122,2022-04-23,waalwijk,zwolle,0.0,2.0,4.0,0.0,4.0,2.0
xhKjUrSJ,flashscore,N1,2122,2022-04-23,az alkmaar,heerenveen,2.0,2.0,1.0,0.0,3.0,2.0
6DcZLKZa,flashscore,N1,2122,2022-04-23,nijmegen,ajax,2.0,3.0,2.0,5.0,4.0,8.0
SbvyieGO,flashscore,P1,2122,2022-04-23,gil vicente,pacos ferreira,1.0,2.0,5.0,0.0,6.0,2.0
0n9kAIGn,flashscore,P1,2122,2022-04-23,benfica,famalicao,5.0,1.0,3.0,4.0,8.0,5.0
6qCc8doa,flashscore,P1,2122,2022-04-23,santa clara,maritimo,2.0,2.0,1.0,8.0,3.0,10.0
INJpBb1t,flashscore,P1,2122,2022-04-23,portimonense,moreirense,4.0,1.0,2.0,5.0,6.0,6.0
d43ISV3r,flashscore,RO1,2122,2022-04-23,fc rapid bucuresti,sepsi sf. gheorghe,3.0,1.0,2.0,1.0,5.0,2.0
QLCnYitL,flashscore,RO1,2122,2022-04-23,uta arad,chindia targoviste,2.0,1.0,3.0,2.0,5.0,3.0
bgVJr6qE,flashscore,SP2,2122,2022-04-23,malaga,eibar,1.0,5.0,1.0,2.0,2.0,7.0
xlpPMOMf,flashscore,SP2,2122,2022-04-23,fc cartagena sad,girona,1.0,4.0,3.0,2.0,4.0,6.0
lOmTLrx1,flashscore,SP2,2122,2022-04-23,fuenlabrada,ponferradina,1.0,2.0,2.0,2.0,3.0,4.0
K8JStpEQ,flashscore,SP2,2122,2022-04-23,real sociedad b,amorebieta,2.0,6.0,0.0,1.0,2.0,7.0
ns2bCkJ9,flashscore,SW1,2122,2022-04-23,young boys,servette,3.0,2.0,2.0,2.0,5.0,4.0
QX02B9YF,flashscore,SW1,2122,2022-04-23,zurich,sion,2.0,1.0,5.0,2.0,7.0,3.0
M3OUhvI8,flashscore,TR1,2122,2022-04-23,adana demirspor,trabzonspor,4.0,0.0,5.0,0.0,9.0,0.0
WxbEpGPl,flashscore,TR1,2122,2022-04-23,gaziantep,goztepe,9.0,2.0,3.0,0.0,12.0,2.0
j5NuWGAe,flashscore,TR1,2122,2022-04-23,karagumruk,giresunspor,2.0,1.0,0.0,4.0,2.0,5.0
ETkGDVmI,flashscore,TR2,2122,2022-04-23,bursaspor,denizlispor,2.0,2.0,3.0,1.0,5.0,3.0
zwiCEBYB,flashscore,TR2,2122,2022-04-23,genclerbirligi,bandirmaspor,1.0,1.0,5.0,3.0,6.0,4.0
W0b0ErqI,flashscore,B1,2122,2022-04-24,royale union sg,anderlecht,2.0,3.0,1.0,0.0,3.0,3.0
4SB7CMDU,flashscore,B1,2122,2022-04-24,gent,genk,0.0,2.0,2.0,2.0,2.0,4.0
hAadFOTB,flashscore,B1,2122,2022-04-24,club brugge kv,antwerp,2.0,4.0,1.0,1.0,3.0,5.0
pzNpQsD4,flashscore,D1,2122,2022-04-24,hertha berlin,stuttgart,3.0,1.0,1.0,5.0,4.0,6.0
ImLhOLsH,flashscore,D1,2122,2022-04-24,bochum,augsburg,4.0,2.0,6.0,2.0,10.0,4.0
0CUZPrSd,flashscore,D2,2122,2022-04-24,aue,hansa rostock,0.0,2.0,2.0,2.0,2.0,4.0
Ofoi1akd,flashscore,D2,2122,2022-04-24,nurnberg,sandhausen,8.0,2.0,4.0,4.0,12.0,6.0
jsmq3LKq,flashscore,D2,2122,2022-04-24,paderborn,hannover,2.0,6.0,2.0,4.0,4.0,10.0
0n5GPoDM,flashscore,DK1,2122,2022-04-24,aarhus,odense,1.0,1.0,1.0,7.0,2.0,8.0
8Uq0iz1t,flashscore,DK1,2122,2022-04-24,fc copenhagen,randers fc,0.0,2.0,1.0,1.0,1.0,3.0
CA2X82WD,flashscore,DK1,2122,2022-04-24,aalborg,silkeborg,6.0,1.0,8.0,2.0,14.0,3.0
Me6CQRcG,flashscore,DK1,2122,2022-04-24,nordsjaelland,viborg,6.0,3.0,3.0,2.0,9.0,5.0
UiAnTRmJ,flashscore,E0,2122,2022-04-24,liverpool,everton,3.0,1.0,10.0,0.0,13.0,1.0
MLJRXkZm,flashscore,E0,2122,2022-04-24,brighton,southampton,4.0,3.0,2.0,3.0,6.0,6.0
0CIVW9lf,flashscore,E0,2122,2022-04-24,burnley,wolves,1.0,3.0,2.0,3.0,3.0,6.0
fZHZVT30,flashscore,E0,2122,2022-04-24,chelsea,west ham,1.0,1.0,2.0,0.0,3.0,1.0
8CGaMUET,flashscore,F1,2122,2022-04-24,reims,marseille,2.0,1.0,1.0,3.0,3.0,4.0
r5VZRYph,flashscore,F1,2122,2022-04-24,lille,strasbourg,3.0,2.0,1.0,4.0,4.0,6.0
zuWVSEVo,flashscore,F1,2122,2022-04-24,clermont,angers,2.0,3.0,2.0,1.0,4.0,4.0
4KJrQCF4,flashscore,F1,2122,2022-04-24,metz,brest,1.0,1.0,3.0,6.0,4.0,7.0
INNnPWUA,flashscore,F1,2122,2022-04-24,nantes,bordeaux,2.0,0.0,4.0,4.0,6.0,4.0
CpNjOjpH,flashscore,F1,2122,2022-04-24,nice,troyes,4.0,1.0,3.0,2.0,7.0,3.0
AL2RHlNp,flashscore,F1,2122,2022-04-24,rennes,lorient,1.0,2.0,1.0,2.0,2.0,4.0
OKYq3dQ5,flashscore,I1,2122,2022-04-24,lazio,ac milan,0.0,5.0,2.0,3.0,2.0,8.0
YVuX5btm,flashscore,I1,2122,2022-04-24,genoa,cagliari,0.0,3.0,2.0,0.0,2.0,3.0
x0f1BKIP,flashscore,I1,2122,2022-04-24,bologna,udinese,1.0,1.0,1.0,3.0,2.0,4.0
fusT6vRt,flashscore,I1,2122,2022-04-24,empoli,napoli,8.0,4.0,2.0,3.0,10.0,7.0
xOxl2GuC,flashscore,I1,2122,2022-04-24,salernitana,fiorentina,6.0,3.0,0.0,1.0,6.0,4.0
SMbVM0Kg,flashscore,N1,2122,2022-04-24,sittard,g.a. eagles,1.0,1.0,3.0,1.0,4.0,2.0
YaaRNt5m,flashscore,N1,2122,2022-04-24,feyenoord,utrecht,5.0,2.0,6.0,2.0,11.0,4.0
GrJfT2sQ,flashscore,N1,2122,2022-04-24,groningen,heracles,0.0,1.0,1.0,1.0,1.0,2.0
d2jnJIJI,flashscore,N1,2122,2022-04-24,willem ii,vitesse,2.0,0.0,2.0,2.0,4.0,2.0
GEXIFvgP,flashscore,P1,2122,2022-04-24,tondela,vitoria guimaraes,2.0,1.0,2.0,2.0,4.0,3.0
CMCg9xWh,flashscore,P1,2122,2022-04-24,estoril,bsad,1.0,3.0,1.0,5.0,2.0,8.0
0vB8xDWD,flashscore,RO1,2122,2022-04-24,fc voluntari,cfr cluj,1.0,1.0,1.0,4.0,2.0,5.0
Gba7hCQq,flashscore,SP1,2122,2022-04-24,barcelona,rayo vallecano,3.0,0.0,6.0,1.0,9.0,1.0
AwxxKM6D,flashscore,SP2,2122,2022-04-24,lugo,leganes,1.0,4.0,0.0,3.0,1.0,7.0
jiAbyOyl,flashscore,SP2,2122,2022-04-24,zaragoza,burgos cf,1.0,2.0,3.0,3.0,4.0,5.0
xpUNsQbK,flashscore,SP2,2122,2022-04-24,mirandes,valladolid,5.0,1.0,3.0,3.0,8.0,4.0
WnwYK2i7,flashscore,SP2,2122,2022-04-24,ud ibiza,las palmas,6.0,2.0,2.0,4.0,8.0,6.0
4znHOphr,flashscore,SP2,2122,2022-04-24,alcorcon,oviedo,2.0,4.0,6.0,1.0,8.0,5.0
xCK7kSBd,flashscore,SW1,2122,2022-04-24,basel,luzern,8.0,6.0,2.0,7.0,10.0,13.0
jF8kEBlc,flashscore,SW1,2122,2022-04-24,grasshoppers,lausanne,1.0,2.0,2.0,1.0,3.0,3.0
4ICgDV33,flashscore,SW1,2122,2022-04-24,st. gallen,lugano,2.0,2.0,4.0,2.0,6.0,4.0
rDPQgK22,flashscore,TR1,2122,2022-04-24,altay,galatasaray,1.0,4.0,5.0,1.0,6.0,5.0
IVHwiInL,flashscore,TR1,2122,2022-04-24,antalyaspor,kayserispor,2.0,1.0,3.0,3.0,5.0,4.0
ATdIqzue,flashscore,TR1,2122,2022-04-24,basaksehir,hatayspor,3.0,2.0,0.0,0.0,3.0,2.0
ChHsjx2R,flashscore,TR1,2122,2022-04-24,yeni malatyaspor,konyaspor,1.0,5.0,0.0,5.0,1.0,10.0
htthJZJt,flashscore,TR2,2122,2022-04-24,balikesirspor,ankaragucu,1.0,3.0,1.0,0.0,2.0,3.0
63n8FiJ5,flashscore,TR2,2122,2022-04-24,istanbulspor as,erzurumspor,2.0,2.0,0.0,1.0,2.0,3.0
plbaHDlg,flashscore,TR2,2122,2022-04-24,kocaelispor,manisa fk,1.0,2.0,1.0,0.0,2.0,2.0
jXgQNFBP,flashscore,TR2,2122,2022-04-24,boluspor,umraniyespor,5.0,2.0,4.0,2.0,9.0,4.0
SCm4GX3a,flashscore,TR2,2122,2022-04-24,keciorengucu,menemenspor,4.0,0.0,5.0,0.0,9.0,0.0
pdGab9EN,flashscore,DK1,2122,2022-04-25,brondby,midtjylland,0.0,4.0,0.0,1.0,0.0,5.0
8xMwVmJ6,flashscore,E0,2122,2022-04-25,crystal palace,leeds,0.0,2.0,6.0,1.0,6.0,3.0
MFbI3MD2,flashscore,E1,2122,2022-04-25,preston,blackburn,1.0,2.0,3.0,4.0,4.0,6.0
KnSh1zeI,flashscore,I1,2122,2022-04-25,sassuolo,juventus,4.0,2.0,2.0,2.0,6.0,4.0
GdrxZXHt,flashscore,I2,2122,2022-04-25,perugia,parma,1.0,4.0,1.0,5.0,2.0,9.0
YZq9VbBl,flashscore,I2,2122,2022-04-25,benevento,ternana,5.0,3.0,7.0,1.0,12.0,4.0
GbZDUIQf,flashscore,I2,2122,2022-04-25,brescia,spal,2.0,1.0,5.0,5.0,7.0,6.0
U1wITxt1,flashscore,I2,2122,2022-04-25,como,l.r. vicenza,3.0,9.0,1.0,1.0,4.0,10.0
xjqvyLmR,flashscore,I2,2122,2022-04-25,alessandria,reggina,2.0,3.0,1.0,2.0,3.0,5.0
tdoCpPvD,flashscore,I2,2122,2022-04-25,cosenza,pordenone,3.0,2.0,1.0,3.0,4.0,5.0
OOxMSde7,flashscore,I2,2122,2022-04-25,crotone,cremonese,1.0,0.0,1.0,2.0,2.0,2.0
2FyQRGAD,flashscore,I2,2122,2022-04-25,frosinone,monza,1.0,1.0,3.0,2.0,4.0,3.0
vXK8j0mE,flashscore,I2,2122,2022-04-25,lecce,pisa,3.0,1.0,2.0,1.0,5.0,2.0
fqo5Wvdr,flashscore,I2,2122,2022-04-25,ascoli,cittadella,3.0,2.0,1.0,5.0,4.0,7.0
6qjShHoC,flashscore,P1,2122,2022-04-25,boavista,sporting cp,1.0,1.0,1.0,2.0,2.0,3.0
l8uXiy1I,flashscore,P1,2122,2022-04-25,braga,fc porto,1.0,3.0,1.0,7.0,2.0,10.0
EsFCyXoK,flashscore,RO1,2122,2022-04-25,farul constanta,fcsb,2.0,2.0,2.0,5.0,4.0,7.0
d64Hzi1Q,flashscore,RO1,2122,2022-04-25,fc arges,univ. craiova,3.0,5.0,1.0,0.0,4.0,5.0
rcNsZXQE,flashscore,RO1,2122,2022-04-25,fc botosani,u craiova 1948,1.0,2.0,3.0,2.0,4.0,4.0
rRpLN47l,flashscore,SP2,2122,2022-04-25,almeria,gijon,5.0,0.0,3.0,2.0,8.0,2.0
UeMqVzQ1,flashscore,TR1,2122,2022-04-25,besiktas,kasimpasa,1.0,5.0,3.0,0.0,4.0,5.0
4SDZibXE,flashscore,TR1,2122,2022-04-25,sivasspor,alanyaspor,2.0,3.0,2.0,4.0,4.0,7.0
dhuLCk3O,flashscore,TR2,2122,2022-04-25,samsunspor,altinordu,5.0,4.0,7.0,1.0,12.0,5.0
n3udIgZn,flashscore,TR2,2122,2022-04-25,tuzlaspor,adanaspor as,3.0,1.0,1.0,6.0,4.0,7.0
EsVDRbQ4,flashscore,E1,2122,2022-04-26,barnsley,blackpool,2.0,3.0,4.0,1.0,6.0,4.0
dKTUEUar,flashscore,E1,2122,2022-04-26,fulham,nottingham,5.0,4.0,3.0,1.0,8.0,5.0
UsggMRPb,flashscore,E1,2122,2022-04-26,swansea,bournemouth,4.0,3.0,0.0,4.0,4.0,7.0
vu5Nlxlr,flashscore,RS1,2122,2022-04-26,mladost,radnicki 1923,6.0,3.0,4.0,2.0,10.0,5.0
KKkwOZqP,flashscore,RS1,2122,2022-04-26,radnicki nis,vojvodina,2.0,0.0,2.0,1.0,4.0,1.0
IV3Rmd3l,flashscore,RS1,2122,2022-04-26,kolubara,novi pazar,5.0,0.0,7.0,2.0,12.0,2.0
GbHzZ494,flashscore,E1,2122,2022-04-27,middlesbrough,cardiff,4.0,1.0,5.0,3.0,9.0,4.0
SpyuALpJ,flashscore,I1,2122,2022-04-27,atalanta,torino,4.0,0.0,4.0,0.0,8.0,0.0
SOwmIIxt,flashscore,I1,2122,2022-04-27,bologna,inter,0.0,1.0,0.0,6.0,0.0,7.0
tSsiHxhn,flashscore,I1,2122,2022-04-27,fiorentina,udinese,5.0,1.0,9.0,1.0,14.0,2.0
GnPdFstP,flashscore,RS1,2122,2022-04-27,crvena zvezda,cukaricki,4.0,1.0,2.0,2.0,6.0,3.0
lzt9ID7n,flashscore,RS1,2122,2022-04-27,vozdovac,napredak,2.0,0.0,0.0,2.0,2.0,2.0
fDt5Jght,flashscore,RS1,2122,2022-04-27,partizan,tsc,0.0,1.0,3.0,7.0,3.0,8.0
zmdU831B,flashscore,E0,2122,2022-04-28,manchester utd,chelsea,1.0,2.0,1.0,7.0,2.0,9.0
4n2ZozY0,flashscore,RS1,2122,2022-04-28,sp. subotica,proleter,0.0,2.0,1.0,6.0,1.0,8.0
Qe3VnGIf,flashscore,RS1,2122,2022-04-28,radnik,metalac,2.0,1.0,1.0,6.0,3.0,7.0
nkW5VzK9,flashscore,B1,2122,2022-04-29,genk,kv mechelen,1.0,3.0,0.0,6.0,1.0,9.0
rV4XGwzi,flashscore,D1,2122,2022-04-29,union berlin,greuther furth,1.0,3.0,1.0,1.0,2.0,4.0
YNmO3hBf,flashscore,D2,2122,2022-04-29,hannover,karlsruher sc,1.0,3.0,0.0,0.0,1.0,3.0
QcpG5Etr,flashscore,D2,2122,2022-04-29,heidenheim,dusseldorf,5.0,1.0,4.0,1.0,9.0,2.0
CEnS2CQ0,flashscore,D2,2122,2022-04-29,sandhausen,schalke,0.0,2.0,2.0,4.0,2.0,6.0
4lqK4Yel,flashscore,D2,2122,2022-04-29,st. pauli,nurnberg,3.0,0.0,4.0,1.0,7.0,1.0
YPSsOMd9,flashscore,D2,2122,2022-04-29,werder bremen,holstein kiel,0.0,2.0,5.0,0.0,5.0,2.0
f94KO5SS,flashscore,DK1,2122,2022-04-29,viborg,nordsjaelland,0.0,1.0,1.0,3.0,1.0,4.0
nwldFJCE,flashscore,E1,2122,2022-04-29,qpr,sheffield utd,1.0,5.0,0.0,10.0,1.0,15.0
rmt8UR6j,flashscore,F1,2122,2022-04-29,strasbourg,psg,0.0,3.0,2.0,2.0,2.0,5.0
CAYYtMBP,flashscore,N1,2122,2022-04-29,utrecht,nijmegen,6.0,1.0,4.0,1.0,10.0,2.0
vcWzMFFb,flashscore,P1,2122,2022-04-29,famalicao,estoril,4.0,1.0,3.0,2.0,7.0,3.0
4zfwO7ID,flashscore,RO1,2122,2022-04-29,chindia targoviste,fc rapid bucuresti,1.0,0.0,0.0,4.0,1.0,4.0
IJiRQ9Yf,flashscore,RO1,2122,2022-04-29,sepsi sf. gheorghe,gaz metan medias,9.0,3.0,3.0,3.0,12.0,6.0
bcufcAVf,flashscore,SP1,2122,2022-04-29,sevilla,cadiz cf,3.0,5.0,2.0,1.0,5.0,6.0
pQLgeqTJ,flashscore,SP2,2122,2022-04-29,las palmas,malaga,6.0,3.0,2.0,2.0,8.0,5.0
4jdMrff1,flashscore,TR1,2122,2022-04-29,fenerbahce,gaziantep,1.0,1.0,3.0,6.0,4.0,7.0
ATImaFvr,flashscore,TR1,2122,2022-04-29,giresunspor,adana demirspor,3.0,0.0,1.0,2.0,4.0,2.0
QaqWfHy6,flashscore,B1,2122,2022-04-30,seraing,rwdm brussels,2.0,2.0,6.0,0.0,8.0,2.0
0hzAUfZF,flashscore,B1,2122,2022-04-30,charleroi,gent,3.0,2.0,3.0,2.0,6.0,4.0
fTYLN983,flashscore,D1,2122,2022-04-30,hoffenheim,freiburg,0.0,5.0,4.0,0.0,4.0,5.0
UoRYK7hM,flashscore,D1,2122,2022-04-30,arminia bielefeld,hertha berlin,0.0,1.0,2.0,5.0,2.0,6.0
GrNULmwG,flashscore,D1,2122,2022-04-30,augsburg,fc koln,3.0,0.0,2.0,7.0,5.0,7.0
EFE1MaCT,flashscore,D1,2122,2022-04-30,dortmund,bochum,5.0,1.0,5.0,2.0,10.0,3.0
YJXPMTN9,flashscore,D1,2122,2022-04-30,mainz,bayern munich,6.0,2.0,1.0,6.0,7.0,8.0
QgUHOkgc,flashscore,D1,2122,2022-04-30,stuttgart,wolfsburg,5.0,4.0,2.0,5.0,7.0,9.0
p0WoNtCF,flashscore,D2,2122,2022-04-30,darmstadt,aue,7.0,2.0,5.0,0.0,12.0,2.0
8tty1jeD,flashscore,D2,2122,2022-04-30,hansa rostock,paderborn,2.0,4.0,2.0,3.0,4.0,7.0
MqUIPZXD,flashscore,D2,2122,2022-04-30,ingolstadt,hamburger sv,0.0,6.0,0.0,3.0,0.0,9.0
fwxX1Wu7,flashscore,D2,2122,2022-04-30,sg dynamo dresden,regensburg,3.0,1.0,2.0,0.0,5.0,1.0
ldw9pTIg,flashscore,E0,2122,2022-04-30,leeds,manchester city,1.0,3.0,2.0,3.0,3.0,6.0
tWZ0nkls,flashscore,E0,2122,2022-04-30,aston villa,norwich,1.0,2.0,1.0,1.0,2.0,3.0
OEVLsR2C,flashscore,E0,2122,2022-04-30,southampton,crystal palace,5.0,3.0,1.0,4.0,6.0,7.0
UBYTu5XO,flashscore,E0,2122,2022-04-30,watford,burnley,5.0,2.0,0.0,4.0,5.0,6.0
YPbv08It,flashscore,E0,2122,2022-04-30,wolves,brighton,2.0,1.0,5.0,2.0,7.0,3.0
pOWHr7m6,flashscore,E0,2122,2022-04-30,newcastle,liverpool,0.0,3.0,0.0,3.0,0.0,6.0
jejZavDR,flashscore,E1,2122,2022-04-30,blackburn,bournemouth,4.0,1.0,2.0,1.0,6.0,2.0
SGs1ebLr,flashscore,E1,2122,2022-04-30,blackpool,derby,2.0,1.0,3.0,0.0,5.0,1.0
Mws5fIzk,flashscore,E1,2122,2022-04-30,bristol city,hull,1.0,1.0,0.0,3.0,1.0,4.0
UyCEp28G,flashscore,E1,2122,2022-04-30,cardiff,birmingham,2.0,0.0,5.0,2.0,7.0,2.0
0Uu9gxje,flashscore,E1,2122,2022-04-30,coventry,huddersfield,6.0,2.0,4.0,1.0,10.0,3.0
KWeAiGK7,flashscore,E1,2122,2022-04-30,middlesbrough,stoke,3.0,1.0,4.0,0.0,7.0,1.0
YZqhGac8,flashscore,E1,2122,2022-04-30,millwall,peterborough,3.0,3.0,5.0,9.0,8.0,12.0
8SAIqMNM,flashscore,E1,2122,2022-04-30,nottingham,swansea,4.0,1.0,8.0,3.0,12.0,4.0
U1w1EwSK,flashscore,E1,2122,2022-04-30,reading,west brom,3.0,3.0,3.0,2.0,6.0,5.0
8W0U0KcL,flashscore,E1,2122,2022-04-30,barnsley,preston,1.0,6.0,2.0,4.0,3.0,10.0
4ds4V7ip,flashscore,F1,2122,2022-04-30,rennes,st etienne,2.0,2.0,2.0,1.0,4.0,3.0
rPcLwWq4,flashscore,F1,2122,2022-04-30,lens,nantes,2.0,4.0,4.0,1.0,6.0,5.0
d6hLX7Vd,flashscore,I1,2122,2022-04-30,spezia,lazio,1.0,2.0,3.0,3.0,4.0,5.0
r34w9Ohd,flashscore,I1,2122,2022-04-30,sampdoria,genoa,0.0,1.0,1.0,1.0,1.0,2.0
phfbISV9,flashscore,I1,2122,2022-04-30,cagliari,verona,1.0,2.0,1.0,0.0,2.0,2.0
xjZxBpOq,flashscore,I1,2122,2022-04-30,napoli,sassuolo,3.0,2.0,1.0,1.0,4.0,3.0
YcS5Sm1O,flashscore,I2,2122,2022-04-30,reggina,como,4.0,1.0,0.0,6.0,4.0,7.0
AJstYiXn,flashscore,I2,2122,2022-04-30,cittadella,brescia,3.0,3.0,1.0,5.0,4.0,8.0
MgopXBng,flashscore,I2,2122,2022-04-30,cremonese,ascoli,6.0,2.0,1.0,1.0,7.0,3.0
4IzkWV1a,flashscore,I2,2122,2022-04-30,l.r. vicenza,lecce,3.0,2.0,3.0,5.0,6.0,7.0
r9ZhVkH5,flashscore,I2,2122,2022-04-30,monza,benevento,6.0,1.0,2.0,1.0,8.0,2.0
CrvcU9WB,flashscore,I2,2122,2022-04-30,parma,alessandria,2.0,2.0,4.0,5.0,6.0,7.0
KnpGqqfJ,flashscore,I2,2122,2022-04-30,pisa,cosenza,2.0,3.0,3.0,2.0,5.0,5.0
jZx1TToI,flashscore,I2,2122,2022-04-30,pordenone,crotone,2.0,3.0,1.0,2.0,3.0,5.0
n1W9R7GU,flashscore,I2,2122,2022-04-30,spal,frosinone,2.0,1.0,2.0,4.0,4.0,5.0
OM7Fnint,flashscore,I2,2122,2022-04-30,ternana,perugia,2.0,1.0,2.0,1.0,4.0,2.0
GQPOWylI,flashscore,N1,2122,2022-04-30,sparta rotterdam,az alkmaar,0.0,4.0,2.0,4.0,2.0,8.0
noY7zKlg,flashscore,N1,2122,2022-04-30,heracles,twente,1.0,0.0,1.0,2.0,2.0,2.0
A5fjIxZO,flashscore,N1,2122,2022-04-30,ajax,zwolle,1.0,1.0,0.0,0.0,1.0,1.0
t24A5fVH,flashscore,P1,2122,2022-04-30,bsad,braga,0.0,2.0,2.0,4.0,2.0,6.0
MLLuLZU4,flashscore,P1,2122,2022-04-30,fc porto,vizela,2.0,1.0,6.0,1.0,8.0,2.0
2B566zGB,flashscore,P1,2122,2022-04-30,maritimo,benfica,4.0,3.0,1.0,3.0,5.0,6.0
06XWMe0h,flashscore,P1,2122,2022-04-30,arouca,portimonense,2.0,2.0,3.0,5.0,5.0,7.0
6ufiUlvf,flashscore,RO1,2122,2022-04-30,univ. craiova,fc voluntari,0.0,0.0,3.0,4.0,3.0,4.0
QJaJUwiQ,flashscore,RO1,2122,2022-04-30,dinamo bucuresti,lps hd clinceni,5.0,2.0,4.0,1.0,9.0,3.0
nBivofm7,flashscore,RS1,2122,2022-04-30,kolubara,mladost,3.0,3.0,3.0,1.0,6.0,4.0
h8rU7HfK,flashscore,RS1,2122,2022-04-30,novi pazar,radnicki 1923,4.0,1.0,6.0,1.0,10.0,2.0
K6KKrBG1,flashscore,SP1,2122,2022-04-30,ath bilbao,atl. madrid,2.0,1.0,3.0,2.0,5.0,3.0
C0qbdUp1,flashscore,SP1,2122,2022-04-30,valencia,levante,0.0,4.0,1.0,3.0,1.0,7.0
QqsnaW0r,flashscore,SP1,2122,2022-04-30,real madrid,espanyol,4.0,3.0,2.0,5.0,6.0,8.0
CtHCpXok,flashscore,SP1,2122,2022-04-30,alaves,villarreal,1.0,6.0,4.0,2.0,5.0,8.0
zev3YLL6,flashscore,SP2,2122,2022-04-30,burgos cf,almeria,2.0,3.0,1.0,1.0,3.0,4.0
UHw7XuyD,flashscore,SP2,2122,2022-04-30,eibar,zaragoza,2.0,1.0,3.0,1.0,5.0,2.0
G8CPkNjs,flashscore,SP2,2122,2022-04-30,oviedo,mirandes,2.0,4.0,2.0,3.0,4.0,7.0
WYus4RQk,flashscore,SW1,2122,2022-04-30,servette,st. gallen,1.0,2.0,0.0,0.0,1.0,2.0
ClaA9m3S,flashscore,SW1,2122,2022-04-30,lugano,grasshoppers,0.0,4.0,2.0,2.0,2.0,6.0
IgMecg9f,flashscore,TR1,2122,2022-04-30,hatayspor,altay,1.0,1.0,8.0,1.0,9.0,2.0
QesH4yHK,flashscore,TR1,2122,2022-04-30,trabzonspor,antalyaspor,4.0,1.0,1.0,3.0,5.0,4.0
OWMibZgl,flashscore,TR1,2122,2022-04-30,kasimpasa,basaksehir,2.0,2.0,3.0,1.0,5.0,3.0
GQaQsE97,flashscore,TR1,2122,2022-04-30,konyaspor,karagumruk,3.0,1.0,1.0,2.0,4.0,3.0
rgsIWPbn,flashscore,B1,2122,2022-05-01,anderlecht,club brugge kv,2.0,3.0,3.0,0.0,5.0,3.0
UkwEX5qt,flashscore,B1,2122,2022-05-01,antwerp,royale union sg,5.0,0.0,5.0,2.0,10.0,2.0
UqY8kEVh,flashscore,DK1,2122,2022-05-01,midtjylland,fc copenhagen,2.0,3.0,4.0,0.0,6.0,3.0
jgZ4jfGn,flashscore,DK1,2122,2022-05-01,randers fc,brondby,3.0,3.0,1.0,2.0,4.0,5.0
U1enKPzp,flashscore,DK1,2122,2022-05-01,odense,aarhus,5.0,3.0,1.0,2.0,6.0,5.0
CQpiJqjj,flashscore,DK1,2122,2022-05-01,vejle,sonderjyske,5.0,1.0,5.0,0.0,10.0,1.0
WGCC4lAP,flashscore,E0,2122,2022-05-01,west ham,arsenal,3.0,5.0,0.0,2.0,3.0,7.0
fZw5o93m,flashscore,E0,2122,2022-05-01,everton,chelsea,0.0,1.0,3.0,7.0,3.0,8.0
IyVPtoII,flashscore,E0,2122,2022-05-01,tottenham,leicester,5.0,1.0,1.0,2.0,6.0,3.0
jk1TyAEG,flashscore,F1,2122,2022-05-01,marseille,lyon,2.0,3.0,1.0,3.0,3.0,6.0
M99CuhFi,flashscore,F1,2122,2022-05-01,bordeaux,nice,0.0,1.0,2.0,4.0,2.0,5.0
4YbHvCUc,flashscore,F1,2122,2022-05-01,brest,clermont,2.0,2.0,3.0,11.0,5.0,13.0
Cb2PxjaA,flashscore,F1,2122,2022-05-01,lorient,reims,4.0,2.0,3.0,1.0,7.0,3.0
YDjYzUTM,flashscore,F1,2122,2022-05-01,monaco,angers,4.0,2.0,4.0,3.0,8.0,5.0
nHfxzlqT,flashscore,F1,2122,2022-05-01,montpellier,metz,7.0,0.0,1.0,1.0,8.0,1.0
runqgBqi,flashscore,F1,2122,2022-05-01,troyes,lille,0.0,2.0,1.0,2.0,1.0,4.0
4C5Z94wj,flashscore,I1,2122,2022-05-01,as roma,bologna,5.0,3.0,5.0,2.0,10.0,5.0
A9dPWRp3,flashscore,I1,2122,2022-05-01,udinese,inter,0.0,4.0,5.0,7.0,5.0,11.0
zsmBFQFS,flashscore,I1,2122,2022-05-01,ac milan,fiorentina,1.0,1.0,1.0,1.0,2.0,2.0
SGq3HnoG,flashscore,I1,2122,2022-05-01,empoli,torino,5.0,2.0,0.0,2.0,5.0,4.0
tKm7G60M,flashscore,I1,2122,2022-05-01,juventus,venezia,3.0,1.0,5.0,3.0,8.0,4.0
rDRGYcJ5,flashscore,N1,2122,2022-05-01,waalwijk,groningen,1.0,2.0,1.0,2.0,2.0,4.0
EJK0xtKt,flashscore,N1,2122,2022-05-01,sittard,feyenoord,2.0,4.0,2.0,1.0,4.0,5.0
8fZ3y0Zn,flashscore,N1,2122,2022-05-01,g.a. eagles,vitesse,3.0,2.0,2.0,1.0,5.0,3.0
U9NCZw4a,flashscore,N1,2122,2022-05-01,psv,willem ii,4.0,2.0,3.0,2.0,7.0,4.0
xzRKXHYB,flashscore,N1,2122,2022-05-01,heerenveen,cambuur,2.0,1.0,3.0,3.0,5.0,4.0
lS7I3YaU,flashscore,P1,2122,2022-05-01,sporting cp,gil vicente,5.0,0.0,8.0,2.0,13.0,2.0
htYSNyon,flashscore,P1,2122,2022-05-01,moreirense,boavista,1.0,2.0,4.0,1.0,5.0,3.0
zP3E4EpO,flashscore,P1,2122,2022-05-01,vitoria guimaraes,santa clara,1.0,0.0,3.0,3.0,4.0,3.0
bFjqWA9s,flashscore,RO1,2122,2022-05-01,cfr cluj,farul constanta,1.0,1.0,1.0,0.0,2.0,1.0
h61BWaMD,flashscore,RO1,2122,2022-05-01,u craiova 1948,uta arad,5.0,2.0,0.0,2.0,5.0,4.0
OhYLFBi5,flashscore,RS1,2122,2022-05-01,napredak,partizan,0.0,4.0,1.0,2.0,1.0,6.0
IFXPEV6B,flashscore,RS1,2122,2022-05-01,tsc,vozdovac,6.0,1.0,1.0,1.0,7.0,2.0
SQvDHXMh,flashscore,RS1,2122,2022-05-01,vojvodina,crvena zvezda,0.0,4.0,0.0,4.0,0.0,8.0
02c76E88,flashscore,SP1,2122,2022-05-01,barcelona,mallorca,3.0,1.0,2.0,1.0,5.0,2.0
YFX6f8FD,flashscore,SP1,2122,2022-05-01,rayo vallecano,real sociedad,2.0,4.0,6.0,1.0,8.0,5.0
pjaJ3ChR,flashscore,SP1,2122,2022-05-01,granada cf,celta vigo,0.0,2.0,5.0,2.0,5.0,4.0
nXzlJihE,flashscore,SP1,2122,2022-05-01,elche,osasuna,3.0,0.0,4.0,4.0,7.0,4.0
OGKcf3rQ,flashscore,SP2,2122,2022-05-01,lugo,tenerife,3.0,0.0,3.0,2.0,6.0,2.0
faBTls6m,flashscore,SP2,2122,2022-05-01,ponferradina,fc cartagena sad,1.0,1.0,1.0,2.0,2.0,3.0
Us92zrif,flashscore,SP2,2122,2022-05-01,alcorcon,girona,0.0,2.0,2.0,2.0,2.0,4.0
xO0Ym1Lg,flashscore,SP2,2122,2022-05-01,gijon,ud ibiza,2.0,2.0,2.0,2.0,4.0,4.0
d4uaZ160,flashscore,SP2,2122,2022-05-01,amorebieta,fuenlabrada,5.0,1.0,1.0,8.0,6.0,9.0
Yc06ATmM,flashscore,SW1,2122,2022-05-01,basel,zurich,2.0,3.0,3.0,2.0,5.0,5.0
IVyw57Bq,flashscore,SW1,2122,2022-05-01,luzern,lausanne,1.0,5.0,5.0,2.0,6.0,7.0
Qeuo3otd,flashscore,SW1,2122,2022-05-01,sion,young boys,2.0,3.0,2.0,2.0,4.0,5.0
4ntL3eWQ,flashscore,TR1,2122,2022-05-01,galatasaray,sivasspor,0.0,1.0,6.0,0.0,6.0,1.0
dpLadDO0,flashscore,TR1,2122,2022-05-01,goztepe,rizespor,3.0,0.0,4.0,1.0,7.0,1.0
dMxD5H1E,flashscore,TR1,2122,2022-05-01,alanyaspor,yeni malatyaspor,12.0,1.0,5.0,1.0,17.0,2.0
IVw96cn8,flashscore,TR1,2122,2022-05-01,kayserispor,besiktas,2.0,4.0,2.0,2.0,4.0,6.0
AeqPB9IU,flashscore,TR2,2122,2022-05-01,adanaspor as,boluspor,1.0,2.0,4.0,1.0,5.0,3.0
EkRjQ8XN,flashscore,TR2,2122,2022-05-01,ankaragucu,samsunspor,2.0,6.0,2.0,3.0,4.0,9.0
pAZZTjYb,flashscore,TR2,2122,2022-05-01,bandirmaspor,keciorengucu,2.0,2.0,1.0,3.0,3.0,5.0
hzwrSU2B,flashscore,TR2,2122,2022-05-01,denizlispor,genclerbirligi,6.0,2.0,3.0,1.0,9.0,3.0
6JzWUWIh,flashscore,TR2,2122,2022-05-01,erzurumspor,kocaelispor,2.0,2.0,4.0,2.0,6.0,4.0
vXYwTAm5,flashscore,TR2,2122,2022-05-01,eyupspor,istanbulspor as,4.0,3.0,5.0,0.0,9.0,3.0
zaSnRlIH,flashscore,TR2,2122,2022-05-01,manisa fk,bursaspor,6.0,1.0,3.0,3.0,9.0,4.0
Q7JYVC3n,flashscore,TR2,2122,2022-05-01,menemenspor,tuzlaspor,1.0,3.0,2.0,2.0,3.0,5.0
nHKUWhlt,flashscore,TR2,2122,2022-05-01,umraniyespor,balikesirspor,1.0,0.0,9.0,0.0,10.0,0.0
Wf1THJKp,flashscore,D1,2122,2022-05-02,bayer leverkusen,eintracht frankfurt,0.0,2.0,4.0,2.0,4.0,4.0
n3VDPVwi,flashscore,D1,2122,2022-05-02,b. monchengladbach,rb leipzig,1.0,1.0,2.0,7.0,3.0,8.0
bJxDlYpa,flashscore,DK1,2122,2022-05-02,silkeborg,aalborg,2.0,0.0,2.0,2.0,4.0,2.0
SnxDqmYa,flashscore,E0,2122,2022-05-02,manchester utd,brentford,1.0,4.0,2.0,4.0,3.0,8.0
ttc6hd51,flashscore,E1,2122,2022-05-02,fulham,luton,5.0,2.0,0.0,1.0,5.0,3.0
Sh16Kcet,flashscore,I1,2122,2022-05-02,atalanta,salernitana,6.0,0.0,5.0,4.0,11.0,4.0
EkZOOHVu,flashscore,P1,2122,2022-05-02,pacos ferreira,tondela,2.0,0.0,5.0,0.0,7.0,0.0
SlemVUOm,flashscore,RO1,2122,2022-05-02,fcsb,fc arges,2.0,0.0,2.0,1.0,4.0,1.0
Wd0FVJyK,flashscore,RO1,2122,2022-05-02,mioveni,fc botosani,3.0,1.0,3.0,2.0,6.0,3.0
p2ZHGixa,flashscore,RS1,2122,2022-05-02,cukaricki,radnicki nis,5.0,0.0,4.0,2.0,9.0,2.0
EHqQ8cuE,flashscore,RS1,2122,2022-05-02,proleter,metalac,1.0,2.0,0.0,3.0,1.0,5.0
0EerpE2D,flashscore,RS1,2122,2022-05-02,radnik,sp. subotica,1.0,3.0,4.0,0.0,5.0,3.0
Cx1B5YNE,flashscore,SP1,2122,2022-05-02,getafe,betis,0.0,4.0,2.0,0.0,2.0,4.0
lb4xmLz0,flashscore,SP2,2122,2022-05-02,valladolid,real sociedad b,4.0,2.0,6.0,0.0,10.0,2.0
rLsBWajJ,flashscore,SP2,2122,2022-05-02,leganes,huesca,4.0,4.0,0.0,3.0,4.0,7.0
0fuwZejL,flashscore,E1,2122,2022-05-03,bournemouth,nottingham,2.0,2.0,2.0,1.0,4.0,3.0
tSZZBzfa,flashscore,SA1,2122,2022-05-03,al fayha,al hilal,2.0,3.0,0.0,4.0,2.0,7.0
A7Z7DfiB,flashscore,I1,2122,2022-05-05,salernitana,venezia,4.0,0.0,2.0,4.0,6.0,4.0
lnELaSo8,flashscore,SA1,2122,2022-05-05,al batin,al ahli sc,2.0,1.0,1.0,2.0,3.0,3.0
nszwyq97,flashscore,SA1,2122,2022-05-05,al taawon,al ettifaq,3.0,2.0,4.0,2.0,7.0,4.0
fFZDTElM,flashscore,B1,2122,2022-05-06,charleroi,genk,1.0,3.0,3.0,2.0,4.0,5.0
Yu90Z67F,flashscore,D1,2122,2022-05-06,bochum,arminia bielefeld,4.0,0.0,2.0,2.0,6.0,2.0
xIVkIiQm,flashscore,D2,2122,2022-05-06,dusseldorf,darmstadt,1.0,2.0,0.0,6.0,1.0,8.0
YqPbGVf0,flashscore,D2,2122,2022-05-06,paderborn,sandhausen,2.0,1.0,5.0,7.0,7.0,8.0
xAyHmh05,flashscore,DK1,2122,2022-05-06,silkeborg,randers fc,4.0,1.0,2.0,2.0,6.0,3.0
CKw0kTrG,flashscore,F1,2122,2022-05-06,lille,monaco,2.0,3.0,1.0,2.0,3.0,5.0
WOpYU5FF,flashscore,I1,2122,2022-05-06,genoa,juventus,7.0,0.0,2.0,2.0,9.0,2.0
vkltTqpS,flashscore,I1,2122,2022-05-06,inter,empoli,4.0,0.0,11.0,2.0,15.0,2.0
2D6JoB1n,flashscore,I2,2122,2022-05-06,alessandria,l.r. vicenza,1.0,2.0,3.0,1.0,4.0,3.0
rPNGpVGh,flashscore,I2,2122,2022-05-06,ascoli,ternana,1.0,3.0,1.0,6.0,2.0,9.0
MFMKqkWb,flashscore,I2,2122,2022-05-06,benevento,spal,4.0,3.0,8.0,5.0,12.0,8.0
GxMOr9o5,flashscore,I2,2122,2022-05-06,brescia,reggina,8.0,1.0,5.0,1.0,13.0,2.0
UuQSsT0B,flashscore,I2,2122,2022-05-06,como,cremonese,2.0,2.0,3.0,4.0,5.0,6.0
YkYc8SWJ,flashscore,I2,2122,2022-05-06,cosenza,cittadella,2.0,2.0,2.0,1.0,4.0,3.0
jeEyt7VN,flashscore,I2,2122,2022-05-06,frosinone,pisa,3.0,2.0,3.0,1.0,6.0,3.0
KUIuuRpU,flashscore,I2,2122,2022-05-06,lecce,pordenone,3.0,1.0,4.0,0.0,7.0,1.0
Mw57zogo,flashscore,I2,2122,2022-05-06,perugia,monza,6.0,2.0,4.0,3.0,10.0,5.0
C4FXtmGH,flashscore,I2,2122,2022-05-06,crotone,parma,2.0,5.0,4.0,1.0,6.0,6.0
QgSeZU9G,flashscore,N1,2122,2022-05-06,cambuur,waalwijk,0.0,3.0,3.0,2.0,3.0,5.0
QDIdHiUT,flashscore,P1,2122,2022-05-06,boavista,vitoria guimaraes,1.0,3.0,4.0,4.0,5.0,7.0
p4tjPHEm,flashscore,RO1,2122,2022-05-06,fc botosani,dinamo bucuresti,2.0,2.0,6.0,0.0,8.0,2.0
2uioQcas,flashscore,RO1,2122,2022-05-06,gaz metan medias,lps hd clinceni,2.0,3.0,2.0,2.0,4.0,5.0
EsRYC9yO,flashscore,RS1,2122,2022-05-06,tsc,napredak,4.0,1.0,2.0,2.0,6.0,3.0
EgBXdQVQ,flashscore,SA1,2122,2022-05-06,al nassr,al shabab,1.0,2.0,1.0,4.0,2.0,6.0
z3CTc6GK,flashscore,SA1,2122,2022-05-06,abha,al-faisaly,2.0,2.0,2.0,3.0,4.0,5.0
SxDPbn1E,flashscore,SA1,2122,2022-05-06,al fateh,al ittihad,2.0,3.0,4.0,3.0,6.0,6.0
4zdEfTWA,flashscore,SP1,2122,2022-05-06,levante,real sociedad,4.0,3.0,3.0,3.0,7.0,6.0
UHPB1Kkg,flashscore,SP2,2122,2022-05-06,las palmas,mirandes,4.0,1.0,2.0,5.0,6.0,6.0
SQ4JCY8s,flashscore,TR1,2122,2022-05-06,gaziantep,kayserispor,1.0,3.0,3.0,0.0,4.0,3.0
rgTnIfoK,flashscore,TR1,2122,2022-05-06,hatayspor,trabzonspor,5.0,3.0,5.0,1.0,10.0,4.0
Y5YHSY3S,flashscore,B1,2122,2022-05-07,gent,kv mechelen,4.0,3.0,7.0,0.0,11.0,3.0
CQKiyTx3,flashscore,D1,2122,2022-05-07,hertha berlin,mainz,2.0,4.0,1.0,4.0,3.0,8.0
fkAdzmh9,flashscore,D1,2122,2022-05-07,fc koln,wolfsburg,3.0,0.0,6.0,2.0,9.0,2.0
pKS5DPpd,flashscore,D1,2122,2022-05-07,freiburg,union berlin,3.0,4.0,1.0,2.0,4.0,6.0
2FD4YQML,flashscore,D1,2122,2022-05-07,greuther furth,dortmund,2.0,0.0,3.0,2.0,5.0,2.0
bNGmx9Nd,flashscore,D1,2122,2022-05-07,hoffenheim,bayer leverkusen,2.0,3.0,4.0,4.0,6.0,7.0
0zTMOgmK,flashscore,D2,2122,2022-05-07,schalke,st. pauli,2.0,2.0,2.0,1.0,4.0,3.0
reWoJXAs,flashscore,D2,2122,2022-05-07,hamburger sv,hannover,2.0,4.0,1.0,4.0,3.0,8.0
K0RADTvJ,flashscore,D2,2122,2022-05-07,ingolstadt,hansa rostock,3.0,1.0,1.0,3.0,4.0,4.0
tAS6E9PC,flashscore,D2,2122,2022-05-07,regensburg,heidenheim,0.0,7.0,2.0,2.0,2.0,9.0
GrP3hrHU,flashscore,E0,2122,2022-05-07,liverpool,tottenham,4.0,1.0,7.0,4.0,11.0,5.0
OEiic62a,flashscore,E0,2122,2022-05-07,brighton,manchester utd,4.0,2.0,3.0,4.0,7.0,6.0
tj2nbnmg,flashscore,E0,2122,2022-05-07,brentford,southampton,2.0,4.0,2.0,3.0,4.0,7.0
xIeedQH5,flashscore,E0,2122,2022-05-07,burnley,aston villa,4.0,1.0,0.0,4.0,4.0,5.0
WveaepXB,flashscore,E0,2122,2022-05-07,chelsea,wolves,6.0,1.0,3.0,2.0,9.0,3.0
AVg3f4nI,flashscore,E0,2122,2022-05-07,crystal palace,watford,6.0,4.0,2.0,1.0,8.0,5.0
8hx5DcsR,flashscore,E1,2122,2022-05-07,birmingham,blackburn,3.0,1.0,5.0,0.0,8.0,1.0
0pUW8Hkr,flashscore,E1,2122,2022-05-07,bournemouth,millwall,1.0,2.0,5.0,3.0,6.0,5.0
Q35NrtwT,flashscore,E1,2122,2022-05-07,derby,cardiff,6.0,1.0,1.0,0.0,7.0,1.0
vyTz8y5l,flashscore,E1,2122,2022-05-07,huddersfield,bristol city,5.0,1.0,2.0,1.0,7.0,2.0
MaIu7eKf,flashscore,E1,2122,2022-05-07,hull,nottingham,2.0,3.0,4.0,1.0,6.0,4.0
YZLq6FZ0,flashscore,E1,2122,2022-05-07,luton,reading,1.0,0.0,0.0,4.0,1.0,4.0
SdLm5Zl7,flashscore,E1,2122,2022-05-07,peterborough,blackpool,3.0,1.0,1.0,3.0,4.0,4.0
6mKi4g4D,flashscore,E1,2122,2022-05-07,preston,middlesbrough,4.0,0.0,3.0,0.0,7.0,0.0
r53zTxsE,flashscore,E1,2122,2022-05-07,sheffield utd,fulham,2.0,2.0,0.0,5.0,2.0,7.0
Me2vSddK,flashscore,E1,2122,2022-05-07,stoke,coventry,1.0,4.0,3.0,3.0,4.0,7.0
SCikv0op,flashscore,E1,2122,2022-05-07,swansea,qpr,0.0,2.0,0.0,3.0,0.0,5.0
GI1rRGBQ,flashscore,E1,2122,2022-05-07,west brom,barnsley,2.0,0.0,4.0,1.0,6.0,1.0
GhpiikE3,flashscore,F1,2122,2022-05-07,brest,strasbourg,4.0,2.0,1.0,3.0,5.0,5.0
pWQ8O3hq,flashscore,I1,2122,2022-05-07,lazio,sampdoria,4.0,0.0,2.0,0.0,6.0,0.0
jTTGMsNe,flashscore,I1,2122,2022-05-07,sassuolo,udinese,3.0,8.0,3.0,1.0,6.0,9.0
6yC3poF2,flashscore,I1,2122,2022-05-07,torino,napoli,2.0,2.0,4.0,2.0,6.0,4.0
ARscETXj,flashscore,N1,2122,2022-05-07,groningen,sparta rotterdam,5.0,2.0,3.0,0.0,8.0,2.0
n9G4X8vT,flashscore,N1,2122,2022-05-07,willem ii,heracles,6.0,0.0,3.0,0.0,9.0,0.0
dKNizBfA,flashscore,N1,2122,2022-05-07,zwolle,utrecht,3.0,4.0,4.0,5.0,7.0,9.0
OUVvwDAi,flashscore,N1,2122,2022-05-07,twente,sittard,1.0,0.0,4.0,0.0,5.0,0.0
zPPqKgpB,flashscore,P1,2122,2022-05-07,portimonense,sporting cp,0.0,4.0,1.0,4.0,1.0,8.0
UoPmJDaH,flashscore,P1,2122,2022-05-07,benfica,fc porto,3.0,0.0,2.0,3.0,5.0,3.0
SM4OCBxo,flashscore,P1,2122,2022-05-07,estoril,moreirense,2.0,1.0,0.0,7.0,2.0,8.0
l4qdT8g0,flashscore,RO1,2122,2022-05-07,fc arges,cfr cluj,1.0,0.0,2.0,0.0,3.0,0.0
f1n4RnOC,flashscore,RO1,2122,2022-05-07,farul constanta,fc voluntari,2.0,0.0,2.0,4.0,4.0,4.0
OfufOyUg,flashscore,RO1,2122,2022-05-07,uta arad,mioveni,6.0,1.0,3.0,1.0,9.0,2.0
IkS80Znf,flashscore,RS1,2122,2022-05-07,metalac,novi pazar,3.0,0.0,7.0,1.0,10.0,1.0
WIyUDkMH,flashscore,RS1,2122,2022-05-07,crvena zvezda,radnicki nis,2.0,2.0,5.0,1.0,7.0,3.0
hYPxCTjU,flashscore,RS1,2122,2022-05-07,partizan,vojvodina,2.0,1.0,0.0,0.0,2.0,1.0
S0i8jO8f,flashscore,SA1,2122,2022-05-07,al taee,al raed,3.0,2.0,1.0,7.0,4.0,9.0
Ywh4i4gl,flashscore,SA1,2122,2022-05-07,al hazem,al fayha,1.0,0.0,2.0,1.0,3.0,1.0
Kzl0hpvr,flashscore,SA1,2122,2022-05-07,damac,al hilal,0.0,3.0,1.0,5.0,1.0,8.0
EoiUbN6a,flashscore,SP1,2122,2022-05-07,betis,barcelona,3.0,5.0,1.0,3.0,4.0,8.0
UH31cVnh,flashscore,SP1,2122,2022-05-07,cadiz cf,elche,3.0,1.0,5.0,0.0,8.0,1.0
ADpwc1yC,flashscore,SP1,2122,2022-05-07,celta vigo,alaves,4.0,1.0,3.0,0.0,7.0,1.0
OdbH1PMt,flashscore,SP1,2122,2022-05-07,ath bilbao,valencia,2.0,1.0,2.0,1.0,4.0,2.0
rRroeu6O,flashscore,SP1,2122,2022-05-07,mallorca,granada cf,3.0,4.0,2.0,1.0,5.0,5.0
GYNJabK5,flashscore,SP2,2122,2022-05-07,ponferradina,burgos cf,4.0,0.0,0.0,3.0,4.0,3.0
rL3tnuj6,flashscore,SP2,2122,2022-05-07,almeria,amorebieta,2.0,0.0,2.0,0.0,4.0,0.0
xrPF0v5a,flashscore,SP2,2122,2022-05-07,malaga,oviedo,4.0,3.0,2.0,3.0,6.0,6.0
IwdgqwzP,flashscore,SP2,2122,2022-05-07,fuenlabrada,real sociedad b,3.0,1.0,2.0,6.0,5.0,7.0
82y33tLt,flashscore,SP2,2122,2022-05-07,huesca,gijon,1.0,3.0,3.0,1.0,4.0,4.0
EVQt8eqL,flashscore,SW1,2122,2022-05-07,st. gallen,zurich,2.0,4.0,8.0,1.0,10.0,5.0
MN8Z9HE8,flashscore,SW1,2122,2022-05-07,lugano,young boys,2.0,5.0,0.0,2.0,2.0,7.0
QHIiHE0Q,flashscore,TR1,2122,2022-05-07,adana demirspor,alanyaspor,4.0,1.0,2.0,2.0,6.0,3.0
UkPrJzWD,flashscore,TR1,2122,2022-05-07,basaksehir,galatasaray,4.0,0.0,6.0,3.0,10.0,3.0
IFcW9Wh0,flashscore,TR1,2122,2022-05-07,karagumruk,goztepe,5.0,3.0,2.0,1.0,7.0,4.0
Gny1figD,flashscore,TR1,2122,2022-05-07,sivasspor,kasimpasa,0.0,1.0,3.0,3.0,3.0,4.0
G6uQU3Tb,flashscore,B1,2122,2022-05-08,antwerp,anderlecht,2.0,3.0,2.0,1.0,4.0,4.0
xGtMVqEh,flashscore,B1,2122,2022-05-08,royale union sg,club brugge kv,5.0,3.0,2.0,2.0,7.0,5.0
QHC4FoGq,flashscore,D1,2122,2022-05-08,rb leipzig,augsburg,1.0,1.0,4.0,0.0,5.0,1.0
O8QxKR7S,flashscore,D1,2122,2022-05-08,bayern munich,stuttgart,4.0,2.0,3.0,2.0,7.0,4.0
6TT1E5Vk,flashscore,D1,2122,2022-05-08,eintracht frankfurt,b. monchengladbach,3.0,1.0,6.0,0.0,9.0,1.0
CzO2FkA6,flashscore,D2,2122,2022-05-08,aue,werder bremen,1.0,5.0,5.0,5.0,6.0,10.0
tnpKND2Q,flashscore,D2,2122,2022-05-08,holstein kiel,nurnberg,4.0,2.0,5.0,1.0,9.0,3.0
jLZgHBuf,flashscore,D2,2122,2022-05-08,karlsruher sc,sg dynamo dresden,1.0,5.0,5.0,2.0,6.0,7.0
vXxwsmrc,flashscore,DK1,2122,2022-05-08,aarhus,sonderjyske,4.0,3.0,4.0,0.0,8.0,3.0
YyVPoWUH,flashscore,DK1,2122,2022-05-08,aalborg,midtjylland,2.0,2.0,3.0,0.0,5.0,2.0
KYQLnCFB,flashscore,DK1,2122,2022-05-08,brondby,fc copenhagen,2.0,1.0,4.0,2.0,6.0,3.0
jHqeI35d,flashscore,DK1,2122,2022-05-08,nordsjaelland,odense,3.0,0.0,1.0,1.0,4.0,1.0
h409DRnt,flashscore,E0,2122,2022-05-08,manchester city,newcastle,4.0,1.0,4.0,1.0,8.0,2.0
2a3raSXn,flashscore,E0,2122,2022-05-08,arsenal,leeds,2.0,0.0,6.0,2.0,8.0,2.0
xhQagO1O,flashscore,E0,2122,2022-05-08,leicester,everton,1.0,1.0,5.0,0.0,6.0,1.0
674DCo2n,flashscore,E0,2122,2022-05-08,norwich,west ham,4.0,3.0,5.0,2.0,9.0,5.0
j9cpUIC7,flashscore,F1,2122,2022-05-08,psg,troyes,3.0,3.0,4.0,1.0,7.0,4.0
lp1TX0Dr,flashscore,F1,2122,2022-05-08,lorient,marseille,1.0,8.0,3.0,0.0,4.0,8.0
MVpmhVbc,flashscore,F1,2122,2022-05-08,angers,bordeaux,3.0,1.0,3.0,2.0,6.0,3.0
Uelej9T9,flashscore,F1,2122,2022-05-08,clermont,montpellier,4.0,0.0,1.0,3.0,5.0,3.0
4CoSh2k8,flashscore,F1,2122,2022-05-08,reims,lens,1.0,5.0,2.0,5.0,3.0,10.0
IJ5XWKSl,flashscore,F1,2122,2022-05-08,metz,lyon,2.0,3.0,1.0,4.0,3.0,7.0
0bkxUPUL,flashscore,I1,2122,2022-05-08,verona,ac milan,0.0,7.0,5.0,1.0,5.0,8.0
d6UCNN7k,flashscore,I1,2122,2022-05-08,salernitana,cagliari,4.0,3.0,3.0,3.0,7.0,6.0
pSA7q5U8,flashscore,I1,2122,2022-05-08,venezia,bologna,3.0,3.0,1.0,5.0,4.0,8.0
UJSKL1x2,flashscore,I1,2122,2022-05-08,spezia,atalanta,0.0,2.0,0.0,1.0,0.0,3.0
z5ZrxXPc,flashscore,N1,2122,2022-05-08,feyenoord,psv,1.0,4.0,5.0,1.0,6.0,5.0
WzqgF9Ip,flashscore,N1,2122,2022-05-08,az alkmaar,ajax,0.0,4.0,0.0,6.0,0.0,10.0
4pRaYlPM,flashscore,N1,2122,2022-05-08,vitesse,heerenveen,1.0,5.0,3.0,3.0,4.0,8.0
ITOmyiu4,flashscore,N1,2122,2022-05-08,nijmegen,g.a. eagles,2.0,1.0,3.0,1.0,5.0,2.0
8xOiIXEN,flashscore,P1,2122,2022-05-08,santa clara,pacos ferreira,3.0,0.0,7.0,0.0,10.0,0.0
0QaIYha4,flashscore,P1,2122,2022-05-08,braga,arouca,3.0,7.0,1.0,1.0,4.0,8.0
vBB9zFUi,flashscore,P1,2122,2022-05-08,gil vicente,tondela,7.0,0.0,1.0,0.0,8.0,0.0
MZ0EZYqb,flashscore,P1,2122,2022-05-08,vizela,maritimo,2.0,2.0,0.0,6.0,2.0,8.0
0vm0SS86,flashscore,RO1,2122,2022-05-08,univ. craiova,fcsb,0.0,1.0,2.0,3.0,2.0,4.0
WKr2MFb6,flashscore,RO1,2122,2022-05-08,sepsi sf. gheorghe,chindia targoviste,1.0,5.0,2.0,1.0,3.0,6.0
AqwZ6yAQ,flashscore,RS1,2122,2022-05-08,mladost,radnik,2.0,2.0,2.0,1.0,4.0,3.0
ChP02eIs,flashscore,RS1,2122,2022-05-08,sp. subotica,kolubara,0.0,4.0,1.0,3.0,1.0,7.0
6FO41FXm,flashscore,RS1,2122,2022-05-08,radnicki 1923,proleter,1.0,2.0,4.0,2.0,5.0,4.0
KOiQa3ig,flashscore,SP1,2122,2022-05-08,atl. madrid,real madrid,4.0,1.0,0.0,5.0,4.0,6.0
8825dk2b,flashscore,SP1,2122,2022-05-08,espanyol,osasuna,1.0,3.0,5.0,3.0,6.0,6.0
bceIgmnH,flashscore,SP1,2122,2022-05-08,villarreal,sevilla,3.0,1.0,1.0,1.0,4.0,2.0
Mi0gaiIu,flashscore,SP1,2122,2022-05-08,getafe,rayo vallecano,3.0,0.0,1.0,5.0,4.0,5.0
jRQ720zm,flashscore,SP2,2122,2022-05-08,ud ibiza,lugo,0.0,0.0,6.0,1.0,6.0,1.0
bcDObIZB,flashscore,SP2,2122,2022-05-08,zaragoza,alcorcon,4.0,3.0,3.0,1.0,7.0,4.0
vmckpJKI,flashscore,SP2,2122,2022-05-08,eibar,valladolid,3.0,2.0,3.0,2.0,6.0,4.0
MB2poa5C,flashscore,SP2,2122,2022-05-08,fc cartagena sad,leganes,5.0,1.0,2.0,2.0,7.0,3.0
rX9VAca2,flashscore,SW1,2122,2022-05-08,lausanne,basel,2.0,0.0,3.0,4.0,5.0,4.0
Gp8w9yUE,flashscore,SW1,2122,2022-05-08,luzern,servette,1.0,0.0,3.0,3.0,4.0,3.0
4nvk25e2,flashscore,SW1,2122,2022-05-08,grasshoppers,sion,3.0,2.0,3.0,4.0,6.0,6.0
zi8RACwf,flashscore,TR1,2122,2022-05-08,besiktas,fenerbahce,3.0,3.0,3.0,5.0,6.0,8.0
xdxceXw7,flashscore,TR1,2122,2022-05-08,altay,giresunspor,3.0,3.0,5.0,2.0,8.0,5.0
G0GZ8j86,flashscore,TR1,2122,2022-05-08,yeni malatyaspor,rizespor,2.0,1.0,2.0,5.0,4.0,6.0
l6r3Tvao,flashscore,TR2,2122,2022-05-08,balikesirspor,bandirmaspor,0.0,1.0,3.0,4.0,3.0,5.0
rPVfPSnU,flashscore,TR2,2122,2022-05-08,boluspor,samsunspor,0.0,1.0,0.0,2.0,0.0,3.0
OrwSNzTM,flashscore,TR2,2122,2022-05-08,bursaspor,umraniyespor,1.0,1.0,5.0,3.0,6.0,4.0
pYHMKneo,flashscore,TR2,2122,2022-05-08,denizlispor,menemenspor,0.0,1.0,1.0,0.0,1.0,1.0
ULwOOGDG,flashscore,TR2,2122,2022-05-08,genclerbirligi,erzurumspor,6.0,2.0,3.0,3.0,9.0,5.0
jVvKPdbA,flashscore,TR2,2122,2022-05-08,istanbulspor as,adanaspor as,0.0,0.0,2.0,4.0,2.0,4.0
YgpFQxq4,flashscore,TR2,2122,2022-05-08,keciorengucu,manisa fk,4.0,0.0,3.0,0.0,7.0,0.0
f3oBRITc,flashscore,TR2,2122,2022-05-08,kocaelispor,altinordu,2.0,3.0,4.0,2.0,6.0,5.0
0tn7SbEi,flashscore,TR2,2122,2022-05-08,tuzlaspor,eyupspor,0.0,7.0,1.0,5.0,1.0,12.0
INyst7c3,flashscore,DK1,2122,2022-05-09,viborg,vejle,0.0,2.0,6.0,1.0,6.0,3.0
hYoUVo09,flashscore,I1,2122,2022-05-09,fiorentina,as roma,0.0,2.0,5.0,1.0,5.0,3.0
tQh6yeFo,flashscore,P1,2122,2022-05-09,bsad,famalicao,4.0,2.0,3.0,3.0,7.0,5.0
hUqbNeq0,flashscore,RO1,2122,2022-05-09,fc rapid bucuresti,u craiova 1948,4.0,3.0,2.0,1.0,6.0,4.0
U7GsXCMu,flashscore,RS1,2122,2022-05-09,cukaricki,vozdovac,3.0,2.0,1.0,4.0,4.0,6.0
Wtpy8MCP,flashscore,SP2,2122,2022-05-09,girona,tenerife,1.0,5.0,5.0,1.0,6.0,6.0
d09NBhOm,flashscore,TR1,2122,2022-05-09,antalyaspor,konyaspor,1.0,1.0,1.0,4.0,2.0,5.0
GQysNCRk,flashscore,B1,2122,2022-05-10,genk,charleroi,5.0,0.0,3.0,3.0,8.0,3.0
xzwwOhCq,flashscore,B1,2122,2022-05-10,kv mechelen,gent,4.0,2.0,4.0,1.0,8.0,3.0
fgOCwL59,flashscore,E0,2122,2022-05-10,aston villa,liverpool,1.0,1.0,1.0,2.0,2.0,3.0
K8comoPp,flashscore,SP1,2122,2022-05-10,barcelona,celta vigo,1.0,4.0,1.0,4.0,2.0,8.0
nFkXAlHi,flashscore,SP1,2122,2022-05-10,granada cf,ath bilbao,0.0,2.0,2.0,5.0,2.0,7.0
EqxO04gp,flashscore,SP1,2122,2022-05-10,valencia,betis,0.0,3.0,7.0,0.0,7.0,3.0
6T5L0Dye,flashscore,SW1,2122,2022-05-10,young boys,st. gallen,3.0,1.0,2.0,1.0,5.0,2.0
YszVTNr5,flashscore,B1,2122,2022-05-11,club brugge kv,royale union sg,6.0,3.0,5.0,1.0,11.0,4.0
6kTXqAaU,flashscore,DK1,2122,2022-05-11,fc copenhagen,silkeborg,2.0,0.0,2.0,3.0,4.0,3.0
SbUTpjpO,flashscore,DK1,2122,2022-05-11,randers fc,aalborg,6.0,1.0,1.0,2.0,7.0,3.0
0nRouRC9,flashscore,DK1,2122,2022-05-11,sonderjyske,nordsjaelland,2.0,2.0,2.0,1.0,4.0,3.0
8EwivhdK,flashscore,E0,2122,2022-05-11,wolves,manchester city,3.0,1.0,3.0,1.0,6.0,2.0
OMqfxd7j,flashscore,E0,2122,2022-05-11,leicester,norwich,4.0,1.0,6.0,1.0,10.0,2.0
CzGnGQ7o,flashscore,E0,2122,2022-05-11,watford,everton,0.0,4.0,1.0,9.0,1.0,13.0
QuopLCkr,flashscore,E0,2122,2022-05-11,leeds,chelsea,1.0,0.0,0.0,4.0,1.0,4.0
dA4yWvre,flashscore,F1,2122,2022-05-11,nantes,rennes,3.0,3.0,2.0,2.0,5.0,5.0
vZgtVbc1,flashscore,F1,2122,2022-05-11,nice,st etienne,1.0,0.0,1.0,2.0,2.0,2.0
OU7WSSnp,flashscore,N1,2122,2022-05-11,ajax,heerenveen,4.0,1.0,2.0,4.0,6.0,5.0
Ii7zSn2j,flashscore,N1,2122,2022-05-11,cambuur,willem ii,0.0,4.0,1.0,6.0,1.0,10.0
b3bDZbLd,flashscore,N1,2122,2022-05-11,g.a. eagles,feyenoord,0.0,1.0,0.0,1.0,0.0,2.0
xfcHYIz3,flashscore,N1,2122,2022-05-11,psv,nijmegen,2.0,1.0,1.0,1.0,3.0,2.0
dr6vR6Hd,flashscore,N1,2122,2022-05-11,sittard,vitesse,2.0,4.0,2.0,0.0,4.0,4.0
pK0PWd5F,flashscore,N1,2122,2022-05-11,sparta rotterdam,zwolle,2.0,5.0,2.0,8.0,4.0,13.0
SrjUVGKL,flashscore,N1,2122,2022-05-11,twente,groningen,3.0,0.0,2.0,3.0,5.0,3.0
6ZlYUzzS,flashscore,N1,2122,2022-05-11,utrecht,az alkmaar,2.0,4.0,5.0,2.0,7.0,6.0
WGdLXxj9,flashscore,N1,2122,2022-05-11,waalwijk,heracles,4.0,3.0,5.0,1.0,9.0,4.0
ttF8QZ8h,flashscore,SA1,2122,2022-05-11,al ettifaq,al hilal,2.0,7.0,3.0,4.0,5.0,11.0
UiKAO7oi,flashscore,SP1,2122,2022-05-11,elche,atl. madrid,3.0,1.0,3.0,2.0,6.0,3.0
bJWh6QVM,flashscore,SP1,2122,2022-05-11,sevilla,mallorca,3.0,1.0,3.0,2.0,6.0,3.0
IaBJiRGT,flashscore,SP1,2122,2022-05-11,alaves,espanyol,1.0,2.0,11.0,1.0,12.0,3.0
UwuxA8Wc,flashscore,SP1,2122,2022-05-11,osasuna,getafe,2.0,2.0,5.0,0.0,7.0,2.0
b32D2Z6r,flashscore,SW1,2122,2022-05-11,servette,lugano,1.0,0.0,9.0,1.0,10.0,1.0
Sx7H1gMl,flashscore,SW1,2122,2022-05-11,sion,luzern,2.0,4.0,3.0,2.0,5.0,6.0
CYYYSsbB,flashscore,B1,2122,2022-05-12,anderlecht,antwerp,4.0,1.0,5.0,1.0,9.0,2.0
UaMW4gVu,flashscore,DK1,2122,2022-05-12,midtjylland,brondby,3.0,3.0,0.0,2.0,3.0,5.0
6ogJMIdr,flashscore,DK1,2122,2022-05-12,odense,viborg,4.0,0.0,4.0,2.0,8.0,2.0
EkVkvoSF,flashscore,DK1,2122,2022-05-12,vejle,aarhus,0.0,6.0,3.0,4.0,3.0,10.0
ltwL0Wk8,flashscore,E0,2122,2022-05-12,tottenham,arsenal,1.0,1.0,1.0,1.0,2.0,2.0
fegjEOAo,flashscore,I2,2122,2022-05-12,l.r. vicenza,cosenza,4.0,3.0,2.0,1.0,6.0,4.0
OSpHl2w7,flashscore,SA1,2122,2022-05-12,al shabab,al-faisaly,2.0,1.0,3.0,0.0,5.0,1.0
6ijCkrO0,flashscore,SA1,2122,2022-05-12,al taawon,al batin,1.0,3.0,3.0,0.0,4.0,3.0
8Uwt9So4,flashscore,SP1,2122,2022-05-12,real madrid,levante,4.0,3.0,2.0,3.0,6.0,6.0
hzySaO8j,flashscore,SP1,2122,2022-05-12,rayo vallecano,villarreal,5.0,2.0,4.0,1.0,9.0,3.0
Gfsl76GG,flashscore,SP1,2122,2022-05-12,real sociedad,cadiz cf,1.0,5.0,1.0,7.0,2.0,12.0
dfGo7FbR,flashscore,SW1,2122,2022-05-12,basel,grasshoppers,3.0,1.0,3.0,1.0,6.0,2.0
lheQaXj1,flashscore,SW1,2122,2022-05-12,zurich,lausanne,3.0,1.0,3.0,2.0,6.0,3.0
WzqQStxh,flashscore,E1,2122,2022-05-13,luton,huddersfield,4.0,0.0,2.0,9.0,6.0,9.0
vqe2BMf4,flashscore,I2,2122,2022-05-13,ascoli,benevento,4.0,1.0,2.0,1.0,6.0,2.0
Ua4MXCEA,flashscore,P1,2122,2022-05-13,pacos ferreira,benfica,2.0,1.0,4.0,3.0,6.0,4.0
GnmMRAzn,flashscore,RO1,2122,2022-05-13,dinamo bucuresti,uta arad,1.0,0.0,1.0,2.0,2.0,2.0
EqY6LZDC,flashscore,RO1,2122,2022-05-13,chindia targoviste,gaz metan medias,3.0,0.0,4.0,1.0,7.0,1.0
jN4jVjih,flashscore,RS1,2122,2022-05-13,radnicki nis,tsc,4.0,2.0,1.0,2.0,5.0,4.0
0vuecQF4,flashscore,SP2,2122,2022-05-13,real sociedad b,almeria,1.0,4.0,0.0,1.0,1.0,5.0
AmyoMWtd,flashscore,B1,2122,2022-05-14,charleroi,kv mechelen,2.0,3.0,2.0,0.0,4.0,3.0
vgG6Vc6s,flashscore,D1,2122,2022-05-14,arminia bielefeld,rb leipzig,1.0,2.0,1.0,4.0,2.0,6.0
SGmwmQyF,flashscore,D1,2122,2022-05-14,augsburg,greuther furth,2.0,0.0,1.0,5.0,3.0,5.0
pY7vSOak,flashscore,D1,2122,2022-05-14,bayer leverkusen,freiburg,3.0,3.0,3.0,6.0,6.0,9.0
Io6nQ2U1,flashscore,D1,2122,2022-05-14,b. monchengladbach,hoffenheim,2.0,1.0,4.0,1.0,6.0,2.0
t6C8XpxS,flashscore,D1,2122,2022-05-14,dortmund,hertha berlin,2.0,1.0,1.0,0.0,3.0,1.0
YglZm6M8,flashscore,D1,2122,2022-05-14,mainz,eintracht frankfurt,4.0,0.0,1.0,3.0,5.0,3.0
f3kVln72,flashscore,D1,2122,2022-05-14,stuttgart,fc koln,4.0,5.0,4.0,5.0,8.0,10.0
ve7rRrFe,flashscore,D1,2122,2022-05-14,union berlin,bochum,0.0,0.0,1.0,3.0,1.0,3.0
nmkyT4pq,flashscore,D1,2122,2022-05-14,wolfsburg,bayern munich,2.0,5.0,0.0,7.0,2.0,12.0
4Ujv5wpo,flashscore,E1,2122,2022-05-14,sheffield utd,nottingham,4.0,3.0,4.0,2.0,8.0,5.0
r3pWiM4E,flashscore,F1,2122,2022-05-14,bordeaux,lorient,1.0,0.0,2.0,1.0,3.0,1.0
0vuyitKK,flashscore,F1,2122,2022-05-14,lyon,nantes,4.0,1.0,1.0,5.0,5.0,6.0
vVwuj0ZQ,flashscore,F1,2122,2022-05-14,metz,angers,1.0,1.0,0.0,3.0,1.0,4.0
dAQ6oKsr,flashscore,F1,2122,2022-05-14,monaco,brest,6.0,5.0,4.0,0.0,10.0,5.0
ADUApvcl,flashscore,F1,2122,2022-05-14,montpellier,psg,0.0,1.0,0.0,1.0,0.0,2.0
hxKFqbCf,flashscore,F1,2122,2022-05-14,nice,lille,5.0,2.0,5.0,1.0,10.0,3.0
WSIJrIR0,flashscore,F1,2122,2022-05-14,rennes,marseille,3.0,0.0,3.0,1.0,6.0,1.0
Q3XMsxs7,flashscore,F1,2122,2022-05-14,st etienne,reims,3.0,0.0,0.0,2.0,3.0,2.0
4fWQtddD,flashscore,F1,2122,2022-05-14,strasbourg,clermont,2.0,1.0,1.0,1.0,3.0,2.0
6aA95uZD,flashscore,F1,2122,2022-05-14,troyes,lens,0.0,6.0,5.0,1.0,5.0,7.0
K8s3YvM7,flashscore,I1,2122,2022-05-14,as roma,venezia,5.0,1.0,15.0,1.0,20.0,2.0
C2UldrEE,flashscore,I1,2122,2022-05-14,udinese,spezia,3.0,2.0,1.0,0.0,4.0,2.0
xQknxNMr,flashscore,I1,2122,2022-05-14,verona,torino,1.0,0.0,3.0,4.0,4.0,4.0
zH3Kt3ER,flashscore,I1,2122,2022-05-14,empoli,salernitana,1.0,3.0,2.0,8.0,3.0,11.0
dKk7AtAA,flashscore,I2,2122,2022-05-14,brescia,perugia,3.0,2.0,7.0,3.0,12.0,7.0
jFhVVjqN,flashscore,P1,2122,2022-05-14,sporting cp,santa clara,6.0,3.0,4.0,2.0,10.0,5.0
vXnpmhEc,flashscore,P1,2122,2022-05-14,fc porto,estoril,6.0,4.0,6.0,2.0,12.0,6.0
0tltlYbi,flashscore,P1,2122,2022-05-14,maritimo,portimonense,2.0,1.0,2.0,1.0,4.0,2.0
4IdZUAbT,flashscore,P1,2122,2022-05-14,arouca,bsad,1.0,3.0,7.0,1.0,8.0,4.0
YgnlnCT3,flashscore,P1,2122,2022-05-14,moreirense,vizela,3.0,6.0,1.0,1.0,4.0,7.0
0lr5PlMj,flashscore,P1,2122,2022-05-14,tondela,boavista,2.0,4.0,2.0,1.0,4.0,5.0
l0TflAVP,flashscore,RO1,2122,2022-05-14,fc voluntari,fcsb,0.0,5.0,1.0,7.0,1.0,12.0
A9UjkjGJ,flashscore,RO1,2122,2022-05-14,farul constanta,fc arges,1.0,5.0,3.0,5.0,4.0,10.0
0EHDag20,flashscore,RS1,2122,2022-05-14,metalac,mladost,4.0,1.0,2.0,4.0,6.0,5.0
v5GHbDH6,flashscore,RS1,2122,2022-05-14,sp. subotica,radnicki 1923,5.0,2.0,4.0,2.0,9.0,4.0
nVJPdinJ,flashscore,RS1,2122,2022-05-14,kolubara,proleter,1.0,0.0,3.0,2.0,4.0,2.0
WpW4YrFF,flashscore,SP1,2122,2022-05-14,espanyol,valencia,1.0,0.0,1.0,3.0,2.0,3.0
nHYv18Gu,flashscore,SP2,2122,2022-05-14,leganes,eibar,4.0,1.0,3.0,0.0,7.0,1.0
pU5WwxFq,flashscore,SP2,2122,2022-05-14,valladolid,ponferradina,0.0,3.0,3.0,2.0,3.0,5.0
pEFzdGJU,flashscore,SP2,2122,2022-05-14,burgos cf,fc cartagena sad,5.0,3.0,0.0,1.0,5.0,4.0
Q7Xr0SVo,flashscore,SP2,2122,2022-05-14,lugo,fuenlabrada,3.0,3.0,2.0,2.0,5.0,5.0
6NGWdd4O,flashscore,SP2,2122,2022-05-14,amorebieta,huesca,4.0,0.0,1.0,2.0,5.0,2.0
4MdUUXUP,flashscore,TR1,2122,2022-05-14,kayserispor,yeni malatyaspor,4.0,1.0,2.0,0.0,6.0,1.0
MJI2HY5j,flashscore,TR2,2122,2022-05-14,altinordu,balikesirspor,4.0,0.0,3.0,1.0,7.0,1.0
xnsWMfrT,flashscore,TR2,2122,2022-05-14,ankaragucu,boluspor,1.0,1.0,4.0,7.0,5.0,8.0
ttyUK7Cr,flashscore,TR2,2122,2022-05-14,bandirmaspor,bursaspor,0.0,4.0,2.0,4.0,2.0,8.0
djAhvdD3,flashscore,TR2,2122,2022-05-14,erzurumspor,keciorengucu,3.0,4.0,1.0,0.0,4.0,4.0
ERKmuxbc,flashscore,TR2,2122,2022-05-14,eyupspor,kocaelispor,3.0,1.0,3.0,6.0,6.0,7.0
zyMqtIri,flashscore,TR2,2122,2022-05-14,manisa fk,tuzlaspor,2.0,0.0,4.0,0.0,6.0,0.0
4GD0xzrG,flashscore,TR2,2122,2022-05-14,menemenspor,genclerbirligi,2.0,1.0,3.0,3.0,5.0,4.0
AgEdwGS9,flashscore,TR2,2122,2022-05-14,samsunspor,istanbulspor as,3.0,4.0,4.0,3.0,7.0,7.0
rTJbIEjp,flashscore,TR2,2122,2022-05-14,umraniyespor,denizlispor,1.0,3.0,0.0,5.0,1.0,8.0
G406AZsp,flashscore,B1,2122,2022-05-15,anderlecht,royale union sg,1.0,1.0,3.0,0.0,4.0,1.0
OjukLjd2,flashscore,B1,2122,2022-05-15,genk,gent,1.0,4.0,2.0,1.0,3.0,5.0
6eYxS1DH,flashscore,B1,2122,2022-05-15,antwerp,club brugge kv,1.0,4.0,3.0,2.0,4.0,6.0
KjOdyXWP,flashscore,D2,2122,2022-05-15,darmstadt,paderborn,0.0,3.0,1.0,1.0,1.0,4.0
Cl3yUlPa,flashscore,D2,2122,2022-05-15,hannover,ingolstadt,1.0,1.0,5.0,2.0,6.0,3.0
2wdlRn9I,flashscore,D2,2122,2022-05-15,hansa rostock,hamburger sv,2.0,6.0,2.0,3.0,4.0,9.0
xWAOWjus,flashscore,D2,2122,2022-05-15,heidenheim,karlsruher sc,0.0,6.0,0.0,2.0,0.0,8.0
Yc4XUU9g,flashscore,D2,2122,2022-05-15,nurnberg,schalke,3.0,1.0,7.0,2.0,10.0,3.0
6B2uT8v6,flashscore,D2,2122,2022-05-15,sandhausen,holstein kiel,3.0,1.0,0.0,1.0,3.0,2.0
KE6qSSgC,flashscore,D2,2122,2022-05-15,sg dynamo dresden,aue,2.0,2.0,2.0,1.0,4.0,3.0
GM9SVAfm,flashscore,D2,2122,2022-05-15,st. pauli,dusseldorf,3.0,2.0,4.0,3.0,7.0,5.0
M55gxDHJ,flashscore,D2,2122,2022-05-15,werder bremen,regensburg,1.0,1.0,4.0,4.0,5.0,5.0
4v8OJGt1,flashscore,DK1,2122,2022-05-15,viborg,aarhus,3.0,0.0,3.0,1.0,6.0,1.0
2DKv3Xah,flashscore,DK1,2122,2022-05-15,aalborg,brondby,2.0,2.0,1.0,0.0,3.0,2.0
8jLz4Dpn,flashscore,DK1,2122,2022-05-15,randers fc,fc copenhagen,0.0,2.0,2.0,3.0,2.0,5.0
pxhNLxCl,flashscore,DK1,2122,2022-05-15,nordsjaelland,vejle,4.0,3.0,2.0,0.0,6.0,3.0
Qm9KKdRf,flashscore,DK1,2122,2022-05-15,odense,sonderjyske,4.0,2.0,5.0,4.0,9.0,6.0
SMhMAPWb,flashscore,E0,2122,2022-05-15,everton,brentford,3.0,1.0,2.0,1.0,5.0,2.0
lWgIB5Hh,flashscore,E0,2122,2022-05-15,aston villa,crystal palace,0.0,5.0,1.0,0.0,1.0,5.0
ddcQ9qn5,flashscore,E0,2122,2022-05-15,leeds,brighton,5.0,0.0,3.0,1.0,8.0,1.0
0YBAlZFd,flashscore,E0,2122,2022-05-15,watford,leicester,3.0,3.0,4.0,0.0,7.0,3.0
vJsicRJd,flashscore,E0,2122,2022-05-15,west ham,manchester city,2.0,2.0,2.0,7.0,4.0,9.0
I9tedoZ2,flashscore,E0,2122,2022-05-15,wolves,norwich,1.0,2.0,4.0,1.0,5.0,3.0
MsD6kF0j,flashscore,E0,2122,2022-05-15,tottenham,burnley,5.0,1.0,3.0,1.0,8.0,2.0
hhEFsqaL,flashscore,I1,2122,2022-05-15,cagliari,inter,1.0,5.0,1.0,0.0,2.0,5.0
Otlfz1ie,flashscore,I1,2122,2022-05-15,ac milan,atalanta,2.0,1.0,2.0,5.0,4.0,6.0
65waZK61,flashscore,I1,2122,2022-05-15,napoli,genoa,6.0,0.0,3.0,2.0,9.0,2.0
vkABrPqF,flashscore,I1,2122,2022-05-15,bologna,sassuolo,0.0,6.0,4.0,3.0,4.0,9.0
bRt0Qfrq,flashscore,N1,2122,2022-05-15,az alkmaar,waalwijk,4.0,1.0,4.0,1.0,8.0,2.0
xIu4PEck,flashscore,N1,2122,2022-05-15,feyenoord,twente,3.0,0.0,4.0,0.0,7.0,0.0
KtV8OYCe,flashscore,N1,2122,2022-05-15,groningen,cambuur,7.0,1.0,3.0,3.0,10.0,4.0
WUyfnx52,flashscore,N1,2122,2022-05-15,heerenveen,g.a. eagles,4.0,0.0,1.0,2.0,5.0,2.0
IRmCNhS1,flashscore,N1,2122,2022-05-15,heracles,sparta rotterdam,3.0,2.0,1.0,0.0,4.0,2.0
ALzbodK8,flashscore,N1,2122,2022-05-15,nijmegen,sittard,6.0,0.0,5.0,0.0,11.0,0.0
6mU6qzkL,flashscore,N1,2122,2022-05-15,vitesse,ajax,2.0,1.0,3.0,5.0,5.0,6.0
0ATArf4R,flashscore,N1,2122,2022-05-15,willem ii,utrecht,0.0,3.0,2.0,2.0,2.0,5.0
SdV2pGZE,flashscore,N1,2122,2022-05-15,zwolle,psv,5.0,2.0,4.0,2.0,9.0,4.0
Mcq1QU6p,flashscore,P1,2122,2022-05-15,vitoria guimaraes,gil vicente,0.0,1.0,1.0,2.0,1.0,3.0
8j3QWWTG,flashscore,P1,2122,2022-05-15,famalicao,braga,2.0,3.0,4.0,1.0,6.0,4.0
Yio8Q6wJ,flashscore,RO1,2122,2022-05-15,cfr cluj,univ. craiova,1.0,1.0,1.0,2.0,2.0,3.0
8bFoWWyn,flashscore,RS1,2122,2022-05-15,napredak,crvena zvezda,1.0,2.0,0.0,5.0,1.0,7.0
bm8bTUL4,flashscore,RS1,2122,2022-05-15,vojvodina,cukaricki,2.0,0.0,8.0,2.0,10.0,2.0
8vLLcXWC,flashscore,RS1,2122,2022-05-15,novi pazar,radnik,4.0,0.0,6.0,1.0,10.0,1.0
25IIMoG3,flashscore,SP1,2122,2022-05-15,ath bilbao,osasuna,7.0,2.0,3.0,4.0,10.0,6.0
G8MML5V9,flashscore,SP1,2122,2022-05-15,atl. madrid,sevilla,1.0,4.0,3.0,1.0,4.0,5.0
xOAVJq0M,flashscore,SP1,2122,2022-05-15,betis,granada cf,1.0,5.0,3.0,4.0,4.0,9.0
zJxdz5p3,flashscore,SP1,2122,2022-05-15,cadiz cf,real madrid,6.0,0.0,4.0,2.0,10.0,2.0
plAZI3FS,flashscore,SP1,2122,2022-05-15,celta vigo,elche,2.0,1.0,6.0,4.0,8.0,5.0
rPkAC1hd,flashscore,SP1,2122,2022-05-15,getafe,barcelona,5.0,3.0,0.0,2.0,5.0,5.0
OtfYGGqr,flashscore,SP1,2122,2022-05-15,levante,alaves,1.0,2.0,2.0,2.0,3.0,4.0
ULo6Dswj,flashscore,SP1,2122,2022-05-15,mallorca,rayo vallecano,3.0,0.0,2.0,3.0,5.0,3.0
IumsFfEf,flashscore,SP1,2122,2022-05-15,villarreal,real sociedad,3.0,1.0,1.0,2.0,4.0,3.0
84r3e4pH,flashscore,SP2,2122,2022-05-15,tenerife,malaga,1.0,1.0,5.0,0.0,6.0,1.0
vVwadpVA,flashscore,SP2,2122,2022-05-15,gijon,girona,3.0,2.0,5.0,4.0,8.0,6.0
KUWnanoh,flashscore,SP2,2122,2022-05-15,mirandes,ud ibiza,2.0,3.0,6.0,0.0,8.0,3.0
C0HScxkI,flashscore,SP2,2122,2022-05-15,alcorcon,las palmas,1.0,5.0,6.0,2.0,7.0,7.0
ANFw8ANC,flashscore,TR1,2122,2022-05-15,alanyaspor,gaziantep,1.0,2.0,4.0,0.0,5.0,2.0
lEEs7UxJ,flashscore,TR1,2122,2022-05-15,fenerbahce,karagumruk,4.0,4.0,4.0,1.0,8.0,5.0
dKy9NkNa,flashscore,TR1,2122,2022-05-15,giresunspor,basaksehir,1.0,4.0,3.0,1.0,4.0,5.0
M1qdQiws,flashscore,TR1,2122,2022-05-15,kasimpasa,antalyaspor,2.0,3.0,1.0,3.0,3.0,6.0
ryzHLTiC,flashscore,TR1,2122,2022-05-15,konyaspor,hatayspor,2.0,1.0,5.0,1.0,7.0,2.0
QVcQVDFJ,flashscore,TR1,2122,2022-05-15,goztepe,besiktas,1.0,1.0,4.0,0.0,5.0,1.0
4pyDM9x6,flashscore,TR1,2122,2022-05-15,trabzonspor,altay,3.0,0.0,2.0,1.0,5.0,1.0
GGOr2iFb,flashscore,DK1,2122,2022-05-16,silkeborg,midtjylland,5.0,1.0,3.0,2.0,8.0,3.0
IBoZ7NGH,flashscore,E0,2122,2022-05-16,newcastle,arsenal,8.0,3.0,4.0,5.0,12.0,8.0
EaYUR0ib,flashscore,E1,2122,2022-05-16,huddersfield,luton,1.0,5.0,2.0,3.0,3.0,8.0
pjkjysxk,flashscore,I1,2122,2022-05-16,juventus,lazio,0.0,6.0,0.0,3.0,0.0,9.0
YBVpcOb8,flashscore,I1,2122,2022-05-16,sampdoria,fiorentina,3.0,2.0,1.0,3.0,4.0,5.0
YNsRQUkh,flashscore,RO1,2122,2022-05-16,lps hd clinceni,fc botosani,2.0,2.0,0.0,3.0,2.0,5.0
xdlISjLu,flashscore,RO1,2122,2022-05-16,mioveni,fc rapid bucuresti,0.0,5.0,0.0,8.0,0.0,13.0
QJyBKgTI,flashscore,RO1,2122,2022-05-16,u craiova 1948,sepsi sf. gheorghe,0.0,6.0,3.0,5.0,3.0,11.0
4Q8fUA6b,flashscore,RS1,2122,2022-05-16,vozdovac,partizan,1.0,3.0,0.0,2.0,1.0,5.0
IFkjb60b,flashscore,SP2,2122,2022-05-16,oviedo,zaragoza,3.0,4.0,4.0,0.0,7.0,4.0
ITx5OV7g,flashscore,TR1,2122,2022-05-16,galatasaray,adana demirspor,4.0,1.0,3.0,0.0,7.0,1.0
z5m0PBhm,flashscore,TR1,2122,2022-05-16,rizespor,sivasspor,2.0,2.0,1.0,4.0,3.0,6.0
SKD2jeop,flashscore,E0,2122,2022-05-17,southampton,liverpool,0.0,5.0,1.0,4.0,1.0,9.0
hppMTMMo,flashscore,E1,2122,2022-05-17,nottingham,sheffield utd,1.0,0.0,5.0,6.0,6.0,8.0
pShp8FnM,flashscore,F1,2122,2022-05-17,paris fc,sochaux,4.0,4.0,2.0,0.0,6.0,4.0
0fP81NsK,flashscore,I2,2122,2022-05-17,benevento,pisa,2.0,1.0,1.0,2.0,3.0,3.0
dQAvd15s,flashscore,I2,2122,2022-05-18,brescia,monza,3.0,1.0,1.0,3.0,4.0,4.0
Y75qrxE2,flashscore,D1,2122,2022-05-19,hertha berlin,hamburger sv,2.0,1.0,0.0,3.0,2.0,4.0
UZOxr6ME,flashscore,E0,2122,2022-05-19,aston villa,burnley,9.0,3.0,4.0,3.0,13.0,6.0
8tdRk9xq,flashscore,E0,2122,2022-05-19,chelsea,leicester,4.0,0.0,2.0,0.0,6.0,0.0
YqNGxuLF,flashscore,E0,2122,2022-05-19,everton,crystal palace,2.0,2.0,2.0,3.0,4.0,5.0
2BH0gjak,flashscore,N1,2122,2022-05-19,utrecht,vitesse,3.0,2.0,7.0,3.0,10.0,5.0
YuaxaCyS,flashscore,N1,2122,2022-05-19,heerenveen,az alkmaar,1.0,3.0,4.0,1.0,5.0,4.0
WvPzAtLq,flashscore,RS1,2122,2022-05-19,cukaricki,napredak,1.0,4.0,1.0,4.0,2.0,8.0
YPOq2nOb,flashscore,RS1,2122,2022-05-19,radnik,kolubara,2.0,2.0,2.0,2.0,4.0,4.0
2eaUbi67,flashscore,SW1,2122,2022-05-19,grasshoppers,st. gallen,2.0,3.0,0.0,3.0,2.0,6.0
GbmCNzq8,flashscore,SW1,2122,2022-05-19,lausanne,sion,1.0,2.0,4.0,3.0,5.0,5.0
fknGMfbE,flashscore,SW1,2122,2022-05-19,lugano,zurich,3.0,2.0,5.0,2.0,8.0,4.0
z13DLEDK,flashscore,SW1,2122,2022-05-19,luzern,young boys,1.0,6.0,3.0,0.0,4.0,6.0
Ei2HKYSQ,flashscore,SW1,2122,2022-05-19,servette,basel,1.0,2.0,4.0,0.0,5.0,2.0
URvSOSmP,flashscore,D2,2122,2022-05-20,kaiserslautern,sg dynamo dresden,1.0,0.0,3.0,1.0,4.0,1.0
EXT3mXfN,flashscore,F1,2122,2022-05-20,auxerre,sochaux,2.0,1.0,0.0,1.0,2.0,2.0
fuaS91rE,flashscore,I1,2122,2022-05-20,torino,as roma,2.0,3.0,3.0,3.0,5.0,6.0
6VdfDrQi,flashscore,I2,2122,2022-05-20,cosenza,l.r. vicenza,3.0,0.0,1.0,2.0,4.0,2.0
KrKQrlgm,flashscore,RO1,2122,2022-05-20,univ. craiova,farul constanta,2.0,5.0,0.0,4.0,2.0,9.0
n9MX4lvt,flashscore,RS1,2122,2022-05-20,mladost,sp. subotica,3.0,4.0,2.0,3.0,5.0,7.0
fZPu3S8h,flashscore,RS1,2122,2022-05-20,proleter,novi pazar,0.0,2.0,1.0,2.0,1.0,4.0
0CQy48gn,flashscore,RS1,2122,2022-05-20,radnicki 1923,metalac,6.0,2.0,1.0,1.0,7.0,3.0
jTuTOVsJ,flashscore,SP1,2122,2022-05-20,rayo vallecano,levante,1.0,2.0,6.0,1.0,7.0,3.0
GzJBUZDs,flashscore,SP1,2122,2022-05-20,real madrid,betis,3.0,4.0,5.0,1.0,8.0,5.0
EPoBkZDe,flashscore,SP2,2122,2022-05-20,zaragoza,lugo,2.0,2.0,3.0,2.0,5.0,4.0
jutXR4Eo,flashscore,TR1,2122,2022-05-20,antalyaspor,galatasaray,3.0,1.0,2.0,5.0,5.0,6.0
hAP0LKcT,flashscore,TR1,2122,2022-05-20,gaziantep,rizespor,3.0,3.0,5.0,3.0,8.0,6.0
WUTtI5d1,flashscore,TR2,2122,2022-05-20,balikesirspor,eyupspor,0.0,5.0,0.0,2.0,0.0,7.0
x8UxJose,flashscore,TR2,2122,2022-05-20,denizlispor,erzurumspor,3.0,0.0,2.0,4.0,5.0,4.0
hzFyvmJK,flashscore,TR2,2122,2022-05-20,istanbulspor as,bandirmaspor,0.0,4.0,2.0,5.0,2.0,9.0
bHVYJRRl,flashscore,TR2,2122,2022-05-20,boluspor,altinordu,0.0,1.0,1.0,1.0,1.0,2.0
r5XpHPB7,flashscore,TR2,2122,2022-05-20,tuzlaspor,samsunspor,0.0,2.0,3.0,0.0,3.0,2.0
SO5VTr02,flashscore,B1,2122,2022-05-21,gent,charleroi,1.0,0.0,4.0,7.0,5.0,7.0
6F4ZS2F8,flashscore,B1,2122,2022-05-21,kv mechelen,genk,2.0,5.0,1.0,2.0,3.0,7.0
b17SIzd7,flashscore,DK1,2122,2022-05-21,aarhus,nordsjaelland,1.0,3.0,3.0,5.0,4.0,8.0
E9kFtvlE,flashscore,DK1,2122,2022-05-21,sonderjyske,viborg,3.0,4.0,1.0,2.0,4.0,6.0
C4BWHfBD,flashscore,DK1,2122,2022-05-21,vejle,odense,2.0,2.0,3.0,4.0,5.0,6.0
K2ED4alK,flashscore,F1,2122,2022-05-21,angers,montpellier,2.0,1.0,2.0,2.0,4.0,3.0
EPDH3J3Q,flashscore,F1,2122,2022-05-21,brest,bordeaux,7.0,0.0,3.0,1.0,10.0,1.0
GYaqawCs,flashscore,F1,2122,2022-05-21,clermont,lyon,4.0,1.0,6.0,3.0,10.0,4.0
Y9flbcRm,flashscore,F1,2122,2022-05-21,lens,monaco,3.0,2.0,7.0,6.0,10.0,8.0
C0ghcHtf,flashscore,F1,2122,2022-05-21,lille,rennes,2.0,2.0,5.0,2.0,7.0,4.0
6Nhddyd0,flashscore,F1,2122,2022-05-21,lorient,troyes,4.0,3.0,2.0,1.0,6.0,4.0
Icd0eeB6,flashscore,F1,2122,2022-05-21,marseille,strasbourg,3.0,1.0,4.0,2.0,7.0,3.0
0Mo5fFQC,flashscore,F1,2122,2022-05-21,nantes,st etienne,4.0,2.0,1.0,3.0,5.0,5.0
vDp9gZuJ,flashscore,F1,2122,2022-05-21,psg,metz,2.0,1.0,2.0,1.0,4.0,2.0
SSwiIIIJ,flashscore,F1,2122,2022-05-21,reims,nice,2.0,4.0,0.0,3.0,2.0,7.0
UwPge2TK,flashscore,I1,2122,2022-05-21,atalanta,empoli,10.0,0.0,5.0,2.0,15.0,2.0
8UNcfMrR,flashscore,I1,2122,2022-05-21,fiorentina,juventus,4.0,2.0,2.0,0.0,6.0,2.0
6JIXmKLf,flashscore,I1,2122,2022-05-21,lazio,verona,1.0,2.0,5.0,2.0,6.0,4.0
Q9APktir,flashscore,I1,2122,2022-05-21,genoa,bologna,3.0,6.0,6.0,3.0,9.0,9.0
fHOC0scQ,flashscore,I2,2122,2022-05-21,pisa,benevento,2.0,0.0,0.0,4.0,2.0,4.0
CI8rECHC,flashscore,P1,2122,2022-05-21,chaves,moreirense,3.0,1.0,3.0,4.0,6.0,5.0
Gj1vpD1t,flashscore,RO1,2122,2022-05-21,u. cluj,dinamo bucuresti,2.0,3.0,1.0,6.0,3.0,9.0
M3WvriWh,flashscore,RO1,2122,2022-05-21,concordia,chindia targoviste,1.0,0.0,1.0,1.0,2.0,1.0
GMX2C5VD,flashscore,SA1,2122,2022-05-21,al raed,al nassr,3.0,3.0,2.0,0.0,5.0,3.0
buSx638s,flashscore,SA1,2122,2022-05-21,al ettifaq,al hazem,1.0,3.0,3.0,3.0,4.0,6.0
CxsPPBSC,flashscore,SP1,2122,2022-05-21,valencia,celta vigo,1.0,0.0,2.0,3.0,3.0,3.0
SheywdUk,flashscore,SP2,2122,2022-05-21,almeria,alcorcon,4.0,1.0,5.0,3.0,9.0,4.0
famN0aMd,flashscore,SP2,2122,2022-05-21,eibar,tenerife,4.0,1.0,4.0,0.0,8.0,1.0
E13Obwi9,flashscore,SP2,2122,2022-05-21,girona,mirandes,3.0,2.0,5.0,6.0,8.0,8.0
0I5zdyyS,flashscore,SP2,2122,2022-05-21,las palmas,oviedo,4.0,2.0,3.0,1.0,7.0,3.0
pjs7jFbk,flashscore,SP2,2122,2022-05-21,ponferradina,leganes,8.0,2.0,10.0,2.0,18.0,4.0
nF1WdHLL,flashscore,SP2,2122,2022-05-21,ud ibiza,valladolid,2.0,2.0,2.0,2.0,4.0,4.0
tdauxGqd,flashscore,SP2,2122,2022-05-21,fc cartagena sad,amorebieta,0.0,5.0,0.0,7.0,0.0,12.0
YknRaJy3,flashscore,SP2,2122,2022-05-21,fuenlabrada,gijon,4.0,1.0,2.0,5.0,6.0,6.0
hh2Scc6F,flashscore,SP2,2122,2022-05-21,huesca,real sociedad b,1.0,4.0,1.0,1.0,2.0,5.0
6ar3ieqq,flashscore,SP2,2122,2022-05-21,malaga,burgos cf,1.0,1.0,2.0,4.0,3.0,5.0
KKXmOMDA,flashscore,TR1,2122,2022-05-21,besiktas,konyaspor,3.0,4.0,4.0,1.0,7.0,5.0
WfyhNtTG,flashscore,TR1,2122,2022-05-21,yeni malatyaspor,fenerbahce,0.0,6.0,0.0,4.0,0.0,10.0
xxhk3Lyo,flashscore,TR1,2122,2022-05-21,altay,kasimpasa,3.0,2.0,3.0,1.0,6.0,3.0
QcYqP2b4,flashscore,TR1,2122,2022-05-21,sivasspor,kayserispor,2.0,2.0,1.0,3.0,3.0,5.0
x8j8YQtr,flashscore,TR2,2122,2022-05-21,bursaspor,menemenspor,3.0,0.0,5.0,3.0,8.0,3.0
pABTu9l8,flashscore,TR2,2122,2022-05-21,kocaelispor,adanaspor as,0.0,4.0,1.0,4.0,1.0,8.0
WQDuw7YQ,flashscore,TR2,2122,2022-05-21,genclerbirligi,umraniyespor,2.0,2.0,8.0,1.0,10.0,3.0
O0AXvT3E,flashscore,TR2,2122,2022-05-21,keciorengucu,ankaragucu,1.0,1.0,3.0,2.0,4.0,3.0
bTkB9gcj,flashscore,B1,2122,2022-05-22,club brugge kv,anderlecht,3.0,1.0,2.0,1.0,5.0,2.0
xKlF8DCd,flashscore,B1,2122,2022-05-22,royale union sg,antwerp,2.0,1.0,3.0,4.0,5.0,5.0
65HeakaH,flashscore,DK1,2122,2022-05-22,brondby,silkeborg,1.0,3.0,1.0,6.0,2.0,9.0
buEm1BU4,flashscore,DK1,2122,2022-05-22,fc copenhagen,aalborg,4.0,1.0,3.0,2.0,7.0,3.0
xWCi0VqB,flashscore,DK1,2122,2022-05-22,midtjylland,randers fc,4.0,3.0,2.0,2.0,6.0,5.0
CWuae5l9,flashscore,E0,2122,2022-05-22,arsenal,everton,7.0,1.0,5.0,1.0,12.0,2.0
QZq3fP3F,flashscore,E0,2122,2022-05-22,brentford,leeds,2.0,0.0,1.0,2.0,3.0,2.0
8bZ7gqJL,flashscore,E0,2122,2022-05-22,brighton,west ham,1.0,4.0,4.0,2.0,5.0,6.0
nkYBh3YR,flashscore,E0,2122,2022-05-22,burnley,newcastle,1.0,1.0,7.0,1.0,8.0,2.0
IXKwlNtq,flashscore,E0,2122,2022-05-22,chelsea,watford,2.0,2.0,1.0,1.0,3.0,3.0
dOJsmsdk,flashscore,E0,2122,2022-05-22,crystal palace,manchester utd,1.0,2.0,2.0,4.0,3.0,6.0
vm9nn1Be,flashscore,E0,2122,2022-05-22,leicester,southampton,2.0,3.0,1.0,0.0,3.0,3.0
hjDjoLQ1,flashscore,E0,2122,2022-05-22,liverpool,wolves,3.0,2.0,2.0,1.0,5.0,3.0
6g1Y9432,flashscore,E0,2122,2022-05-22,manchester city,aston villa,7.0,1.0,6.0,0.0,13.0,1.0
pp0x9OI8,flashscore,E0,2122,2022-05-22,norwich,tottenham,2.0,2.0,1.0,0.0,3.0,2.0
pAHymvy1,flashscore,I1,2122,2022-05-22,salernitana,udinese,3.0,1.0,4.0,0.0,7.0,1.0
6HRehZCt,flashscore,I1,2122,2022-05-22,venezia,cagliari,2.0,3.0,4.0,8.0,6.0,11.0
OfTSl06l,flashscore,I1,2122,2022-05-22,inter,sampdoria,6.0,1.0,2.0,1.0,8.0,2.0
EqMunbj7,flashscore,I1,2122,2022-05-22,sassuolo,ac milan,1.0,6.0,2.0,1.0,3.0,7.0
hzLqoI5D,flashscore,I1,2122,2022-05-22,spezia,napoli,1.0,1.0,3.0,1.0,4.0,2.0
E15qeLKm,flashscore,I2,2122,2022-05-22,monza,brescia,4.0,3.0,1.0,3.0,5.0,6.0
dYG4hAEe,flashscore,N1,2122,2022-05-22,vitesse,utrecht,2.0,2.0,4.0,1.0,8.0,6.0
OKIdfWqq,flashscore,N1,2122,2022-05-22,az alkmaar,heerenveen,2.0,2.0,3.0,1.0,5.0,3.0
6uGMqUws,flashscore,RO1,2122,2022-05-22,fcsb,cfr cluj,4.0,1.0,4.0,1.0,8.0,2.0
xv72SlyB,flashscore,RS1,2122,2022-05-22,crvena zvezda,vozdovac,5.0,1.0,2.0,0.0,7.0,1.0
fF17R8jH,flashscore,RS1,2122,2022-05-22,partizan,radnicki nis,8.0,4.0,6.0,0.0,14.0,4.0
Q1Ov90zj,flashscore,RS1,2122,2022-05-22,tsc,vojvodina,0.0,1.0,6.0,0.0,6.0,1.0
dWuBAq0Q,flashscore,SA1,2122,2022-05-22,al ahli sc,abha,0.0,1.0,8.0,2.0,8.0,3.0
E7j6BPpK,flashscore,SA1,2122,2022-05-22,al fateh,al taee,4.0,5.0,5.0,1.0,9.0,6.0
4dkgChbD,flashscore,SP1,2122,2022-05-22,barcelona,villarreal,6.0,0.0,6.0,1.0,12.0,1.0
MmlCSDrf,flashscore,SP1,2122,2022-05-22,real sociedad,atl. madrid,0.0,1.0,3.0,1.0,3.0,2.0
GAmGRXc0,flashscore,SP1,2122,2022-05-22,sevilla,ath bilbao,3.0,0.0,2.0,0.0,5.0,0.0
dWooEET0,flashscore,SP1,2122,2022-05-22,alaves,cadiz cf,3.0,2.0,1.0,2.0,4.0,4.0
61TyyxyE,flashscore,SP1,2122,2022-05-22,granada cf,espanyol,4.0,2.0,3.0,1.0,7.0,3.0
ERWqZF5Q,flashscore,SP1,2122,2022-05-22,osasuna,mallorca,3.0,3.0,2.0,4.0,5.0,7.0
IZXEnZZP,flashscore,SP1,2122,2022-05-22,elche,getafe,7.0,1.0,1.0,2.0,8.0,3.0
WWlqGhyr,flashscore,SW1,2122,2022-05-22,basel,lugano,1.0,3.0,0.0,2.0,1.0,5.0
pzgmFCjl,flashscore,SW1,2122,2022-05-22,sion,servette,1.0,5.0,0.0,4.0,1.0,9.0
SbrhEW5f,flashscore,SW1,2122,2022-05-22,st. gallen,lausanne,7.0,4.0,1.0,3.0,8.0,7.0
6ksdDjL0,flashscore,SW1,2122,2022-05-22,young boys,grasshoppers,2.0,1.0,2.0,3.0,4.0,4.0
zPo0CAz7,flashscore,SW1,2122,2022-05-22,zurich,luzern,3.0,4.0,6.0,2.0,9.0,6.0
EJQdM0rN,flashscore,TR1,2122,2022-05-22,adana demirspor,goztepe,2.0,0.0,0.0,1.0,2.0,1.0
QaPLKm7I,flashscore,TR1,2122,2022-05-22,hatayspor,giresunspor,4.0,1.0,7.0,2.0,11.0,3.0
UVvyROTi,flashscore,TR1,2122,2022-05-22,basaksehir,trabzonspor,1.0,1.0,2.0,6.0,3.0,7.0
n7ZuQrqb,flashscore,TR1,2122,2022-05-22,karagumruk,alanyaspor,2.0,1.0,6.0,6.0,8.0,7.0
Cb4msdT8,flashscore,D1,2122,2022-05-23,hamburger sv,hertha berlin,1.0,3.0,3.0,1.0,4.0,4.0
279Vs88g,flashscore,RO1,2122,2022-05-23,fc arges,fc voluntari,3.0,1.0,3.0,3.0,6.0,4.0
SEWt5NNm,flashscore,SA1,2122,2022-05-23,al ittihad,al hilal,1.0,1.0,4.0,5.0,5.0,6.0
2JqLmMhD,flashscore,SA1,2122,2022-05-23,al fayha,damac,2.0,3.0,0.0,1.0,2.0,4.0
6mWgKndt,flashscore,D2,2122,2022-05-24,sg dynamo dresden,kaiserslautern,3.0,1.0,7.0,2.0,10.0,3.0
GfDkDdO3,flashscore,RS1,2122,2022-05-25,imt novi beograd,novi pazar,3.0,4.0,8.0,2.0,11.0,6.0
rsFsFIgi,flashscore,RS1,2122,2022-05-25,zeleznicar pancevo,radnicki 1923,4.0,0.0,3.0,3.0,7.0,3.0
GxpOGnXO,flashscore,TR2,2122,2022-05-25,eyupspor,bandirmaspor,0.0,0.0,3.0,1.0,3.0,1.0
8CtGI82C,flashscore,TR2,2122,2022-05-25,erzurumspor,istanbulspor as,6.0,3.0,8.0,2.0,14.0,5.0
n7BOlxhN,flashscore,F1,2122,2022-05-26,auxerre,st etienne,4.0,1.0,1.0,3.0,5.0,4.0
4bA2iF1p,flashscore,I2,2122,2022-05-26,monza,pisa,2.0,4.0,5.0,3.0,7.0,7.0
MLRm13rF,flashscore,N1,2122,2022-05-26,vitesse,az alkmaar,2.0,1.0,0.0,4.0,2.0,5.0
QFwaHK50,flashscore,SW1,2122,2022-05-26,schaffhausen,luzern,3.0,4.0,4.0,3.0,7.0,7.0
EuATta2Q,flashscore,RO1,2122,2022-05-27,univ. craiova,fc botosani,1.0,0.0,3.0,0.0,4.0,0.0
WWzz1WST,flashscore,SA1,2122,2022-05-27,al raed,al shabab,6.0,1.0,3.0,3.0,9.0,4.0
bJEmKgTi,flashscore,SA1,2122,2022-05-27,al hazem,al batin,1.0,5.0,0.0,1.0,1.0,6.0
dpLE9f5R,flashscore,SP2,2122,2022-05-27,mirandes,fuenlabrada,3.0,2.0,2.0,4.0,5.0,6.0
hG6p4YSl,flashscore,SP2,2122,2022-05-27,real sociedad b,zaragoza,6.0,1.0,5.0,1.0,11.0,2.0
KSFqLZDo,flashscore,SA1,2122,2022-05-28,al-faisaly,al ettifaq,3.0,1.0,0.0,4.0,3.0,5.0
fo8dIXc4,flashscore,SA1,2122,2022-05-28,al nassr,al ahli sc,7.0,0.0,0.0,1.0,7.0,1.0
fLOcDx62,flashscore,SP2,2122,2022-05-28,amorebieta,ponferradina,2.0,3.0,3.0,0.0,5.0,3.0
v9Q9AzjL,flashscore,SP2,2122,2022-05-28,lugo,malaga,1.0,3.0,2.0,3.0,3.0,6.0
l8i716G4,flashscore,DK1,2122,2022-05-29,aalborg,viborg,5.0,2.0,9.0,1.0,17.0,5.0
CYlDZYZg,flashscore,E1,2122,2022-05-29,huddersfield,nottingham,2.0,1.0,2.0,1.0,4.0,2.0
QcASmd7T,flashscore,F1,2122,2022-05-29,st etienne,auxerre,4.0,0.0,4.0,1.0,12.0,2.0
rk96jZGj,flashscore,I2,2122,2022-05-29,pisa,monza,4.0,2.0,1.0,1.0,5.0,4.0
zPVi0NcL,flashscore,N1,2122,2022-05-29,az alkmaar,vitesse,5.0,2.0,2.0,4.0,7.0,6.0
j97nDWWI,flashscore,P1,2122,2022-05-29,moreirense,chaves,0.0,5.0,6.0,3.0,6.0,8.0
rDXzqXGn,flashscore,RO1,2122,2022-05-29,dinamo bucuresti,u. cluj,3.0,1.0,11.0,0.0,14.0,1.0
GQVrsBoa,flashscore,RO1,2122,2022-05-29,chindia targoviste,concordia,2.0,0.0,8.0,0.0,12.0,1.0
UcHgCGwA,flashscore,RS1,2122,2022-05-29,novi pazar,imt novi beograd,1.0,4.0,1.0,4.0,2.0,8.0
MXDoEx9c,flashscore,RS1,2122,2022-05-29,radnicki 1923,zeleznicar pancevo,6.0,2.0,3.0,3.0,9.0,5.0
6PR1djyo,flashscore,SA1,2122,2022-05-29,al hilal,abha,8.0,1.0,2.0,1.0,10.0,2.0
Gf9hJDrb,flashscore,SA1,2122,2022-05-29,al taee,al ittihad,3.0,4.0,1.0,1.0,4.0,5.0
l8oV1CDN,flashscore,SA1,2122,2022-05-29,al fayha,al taawon,0.0,0.0,,,0.0,0.0
AHnR2hbH,flashscore,SA1,2122,2022-05-29,damac,al fateh,1.0,3.0,4.0,3.0,5.0,6.0
hGpFlgT1,flashscore,SP2,2122,2022-05-29,alcorcon,eibar,3.0,2.0,0.0,2.0,3.0,4.0
6eS1CdL8,flashscore,SP2,2122,2022-05-29,burgos cf,girona,1.0,4.0,1.0,1.0,2.0,5.0
6JAl3hre,flashscore,SP2,2122,2022-05-29,gijon,las palmas,0.0,5.0,1.0,1.0,1.0,6.0
0IR5BGzF,flashscore,SP2,2122,2022-05-29,leganes,almeria,1.0,5.0,1.0,4.0,2.0,9.0
bg7t5EDr,flashscore,SP2,2122,2022-05-29,oviedo,ud ibiza,1.0,1.0,1.0,5.0,2.0,6.0
lr0g2Cc1,flashscore,SP2,2122,2022-05-29,tenerife,fc cartagena sad,3.0,0.0,1.0,1.0,4.0,1.0
SYbc1WC7,flashscore,SP2,2122,2022-05-29,valladolid,huesca,9.0,1.0,2.0,1.0,11.0,2.0
46x3GvL6,flashscore,SW1,2122,2022-05-29,luzern,schaffhausen,4.0,0.0,2.0,4.0,6.0,4.0
2ZuKHSHI,flashscore,TR2,2122,2022-05-29,istanbulspor as,erzurumspor,1.0,3.0,1.0,4.0,2.0,7.0
IsO6uW9P,flashscore,TR2,2122,2022-05-29,bandirmaspor,eyupspor,5.0,2.0,2.0,3.0,7.0,5.0
A31qBHYG,flashscore,SP2,2122,2022-06-01,tenerife,las palmas,3.0,5.0,1.0,4.0,4.0,9.0
4Q0mAylN,flashscore,SP2,2122,2022-06-02,girona,eibar,2.0,1.0,4.0,1.0,6.0,2.0
MuOLGvlK,flashscore,TR2,2122,2022-06-02,bandirmaspor,istanbulspor as,2.0,2.0,4.0,0.0,6.0,2.0
IT4i9e3T,flashscore,SP2,2122,2022-06-04,las palmas,tenerife,3.0,2.0,5.0,0.0,8.0,2.0
OAsK4FBp,flashscore,SP2,2122,2022-06-05,eibar,girona,3.0,2.0,7.0,4.0,13.0,7.0
rJnGVv46,flashscore,SP2,2122,2022-06-11,girona,tenerife,3.0,0.0,5.0,2.0,8.0,2.0
0fsLUbJC,flashscore,SP2,2122,2022-06-19,tenerife,girona,3.0,2.0,3.0,2.0,6.0,4.0
l870HiDA,flashscore,SA1,2122,2022-06-23,abha,al fayha,1.0,1.0,1.0,2.0,2.0,3.0
2BB4GBSG,flashscore,SA1,2122,2022-06-23,al ahli sc,al raed,2.0,4.0,3.0,0.0,5.0,4.0
pz19FVsN,flashscore,SA1,2122,2022-06-23,al batin,damac,4.0,1.0,1.0,2.0,5.0,3.0
MFvRXCci,flashscore,SA1,2122,2022-06-23,al ettifaq,al ittihad,0.0,0.0,0.0,0.0,0.0,0.0
OQaDEkcT,flashscore,SA1,2122,2022-06-23,al-faisaly,al taee,0.0,1.0,1.0,2.0,1.0,3.0
tK1vA95p,flashscore,SA1,2122,2022-06-23,al fateh,al hilal,4.0,2.0,1.0,0.0,5.0,2.0
KA0r9TKj,flashscore,SA1,2122,2022-06-23,al hazem,al nassr,0.0,1.0,1.0,1.0,1.0,2.0
zJrVWWCc,flashscore,SA1,2122,2022-06-23,al taawon,al shabab,,,7.0,5.0,7.0,5.0
8WtwVAsA,flashscore,SA1,2122,2022-06-27,al fayha,al ettifaq,2.0,5.0,3.0,2.0,5.0,7.0
Q7yrUUdG,flashscore,SA1,2122,2022-06-27,al hilal,al-faisaly,4.0,2.0,2.0,5.0,6.0,7.0
4bznTlCM,flashscore,SA1,2122,2022-06-27,al ittihad,al batin,2.0,2.0,7.0,3.0,9.0,5.0
bLZkS8RS,flashscore,SA1,2122,2022-06-27,al nassr,al fateh,1.0,1.0,3.0,1.0,4.0,2.0
YDQHNSZq,flashscore,SA1,2122,2022-06-27,al raed,abha,0.0,1.0,1.0,4.0,1.0,5.0
GxGMMnkj,flashscore,SA1,2122,2022-06-27,al shabab,al ahli sc,1.0,1.0,2.0,6.0,3.0,7.0
fTEQL64d,flashscore,SA1,2122,2022-06-27,al taee,al hazem,2.0,2.0,1.0,3.0,3.0,5.0
UurZVjS3,flashscore,SA1,2122,2022-06-27,damac,al taawon,0.0,4.0,1.0,2.0,1.0,6.0
jcFzecaE,flashscore,DK1,2223,2022-10-31,midtjylland,odense,2.0,6.0,7.0,3.0,9.0,9.0
CSi78GTD,flashscore,DK1,2223,2022-11-04,horsens,randers fc,5.0,3.0,3.0,1.0,8.0,4.0
jJjB7zqK,flashscore,DK1,2223,2022-11-06,odense,brondby,2.0,2.0,3.0,3.0,5.0,5.0
dK9KpDy7,flashscore,DK1,2223,2022-11-06,fc copenhagen,lyngby,6.0,2.0,1.0,1.0,7.0,3.0
ANDOqXjD,flashscore,DK1,2223,2022-11-06,aalborg,silkeborg,4.0,0.0,3.0,1.0,7.0,1.0
KheF6fbQ,flashscore,DK1,2223,2022-11-06,viborg,aarhus,2.0,0.0,2.0,1.0,4.0,1.0
2cAGogM0,flashscore,DK1,2223,2022-11-07,midtjylland,nordsjaelland,3.0,2.0,1.0,4.0,4.0,6.0
6kT2cjLC,flashscore,DK1,2223,2022-11-12,silkeborg,lyngby,5.0,1.0,3.0,2.0,8.0,3.0
ANZgaCj0,flashscore,DK1,2223,2022-11-13,randers fc,midtjylland,1.0,3.0,5.0,2.0,6.0,5.0
lEYcbW56,flashscore,DK1,2223,2022-11-13,nordsjaelland,aalborg,2.0,0.0,1.0,3.0,3.0,3.0
M1ss2E6s,flashscore,DK1,2223,2022-11-13,brondby,viborg,2.0,5.0,4.0,3.0,6.0,8.0
4QWo1YLm,flashscore,DK1,2223,2022-11-13,aarhus,fc copenhagen,3.0,2.0,4.0,2.0,7.0,4.0
G0zj0hyf,flashscore,DK1,2223,2022-11-13,horsens,odense,2.0,1.0,1.0,7.0,3.0,8.0
d60ESMy2,flashscore,SW1,2223,2022-11-13,lugano,winterthur,1.0,1.0,4.0,2.0,5.0,3.0
bBvci6E2,flashscore,SW1,2223,2022-11-13,young boys,luzern,5.0,2.0,5.0,4.0,10.0,6.0
CEr1jQT8,flashscore,SW1,2223,2022-11-13,zurich,servette,4.0,2.0,1.0,4.0,5.0,6.0
Uqlan47r,flashscore,B2,2223,2022-11-27,k. lierse s.k.,virton,3.0,4.0,3.0,4.0,6.0,8.0
hOdXjpaR,flashscore,B2,2223,2022-11-27,beveren,lommel sk,4.0,2.0,5.0,0.0,9.0,2.0
2DzVaNyr,flashscore,B2,2223,2022-12-02,anderlecht u23,genk u23,3.0,2.0,1.0,5.0,4.0,7.0
t4ZYbsil,flashscore,B2,2223,2022-12-02,st. liege u23,k. lierse s.k.,3.0,3.0,6.0,2.0,9.0,5.0
z3jj75q8,flashscore,B2,2223,2022-12-03,rwdm brussels,club brugge kv u23,3.0,4.0,7.0,3.0,10.0,7.0
l6ff6PbE,flashscore,B2,2223,2022-12-03,virton,lommel sk,2.0,2.0,4.0,0.0,6.0,2.0
ALr343TQ,flashscore,B2,2223,2022-12-04,deinze,beveren,1.0,0.0,3.0,3.0,4.0,3.0
WUqa5qEK,flashscore,B2,2223,2022-12-04,dender,beerschot va,0.0,1.0,5.0,1.0,5.0,2.0
MDsscLL0,flashscore,B2,2223,2022-12-09,beveren,anderlecht u23,4.0,0.0,1.0,7.0,5.0,7.0
AZNyJ2rK,flashscore,B2,2223,2022-12-09,genk u23,club brugge kv u23,2.0,1.0,5.0,1.0,7.0,2.0
fRukeajD,flashscore,B2,2223,2022-12-10,k. lierse s.k.,dender,5.0,1.0,0.0,3.0,5.0,4.0
Gzsoduy7,flashscore,B2,2223,2022-12-11,lommel sk,deinze,3.0,2.0,1.0,2.0,4.0,4.0
WrPXJrTD,flashscore,B2,2223,2022-12-11,beerschot va,st. liege u23,4.0,2.0,4.0,1.0,8.0,3.0
OSOwb16f,flashscore,B2,2223,2022-12-11,rwdm brussels,virton,4.0,2.0,3.0,1.0,7.0,3.0
ll1O9b56,flashscore,B2,2223,2022-12-17,st. liege u23,lommel sk,3.0,5.0,3.0,0.0,6.0,5.0
4dNuIMcQ,flashscore,B2,2223,2022-12-17,virton,beveren,3.0,0.0,0.0,3.0,3.0,3.0
Ac2KAvj0,flashscore,B2,2223,2022-12-18,anderlecht u23,rwdm brussels,2.0,1.0,1.0,3.0,3.0,4.0
Ot4CC0Lm,flashscore,B2,2223,2023-01-15,deinze,beerschot va,0.0,2.0,2.0,1.0,2.0,3.0
zq6rFgsn,flashscore,B2,2223,2023-01-20,club brugge kv u23,lommel sk,2.0,3.0,0.0,8.0,2.0,11.0
pGfX7xzJ,flashscore,B2,2223,2023-01-21,dender,virton,2.0,4.0,2.0,3.0,4.0,7.0
WCjT8IKC,flashscore,B2,2223,2023-01-21,rwdm brussels,deinze,3.0,2.0,2.0,2.0,5.0,4.0
6yr5kpqF,flashscore,SW1,2223,2023-01-21,grasshoppers,young boys,0.0,2.0,2.0,5.0,2.0,7.0
pSt9l4bL,flashscore,SW1,2223,2023-01-21,luzern,zurich,2.0,1.0,3.0,5.0,5.0,6.0
hK0mEDdh,flashscore,B2,2223,2023-01-22,anderlecht u23,k. lierse s.k.,5.0,0.0,6.0,6.0,11.0,6.0
dh7vGZRu,flashscore,B2,2223,2023-01-22,beveren,beerschot va,1.0,9.0,1.0,5.0,2.0,14.0
4CNuqrMr,flashscore,SW1,2223,2023-01-22,st. gallen,basel,3.0,3.0,7.0,3.0,10.0,6.0
23yEmODR,flashscore,SW1,2223,2023-01-22,sion,lugano,0.0,3.0,3.0,2.0,3.0,5.0
tIE7Dt6s,flashscore,B2,2223,2023-01-24,dender,genk u23,1.0,4.0,2.0,2.0,3.0,6.0
SdeC89QT,flashscore,B2,2223,2023-01-27,beerschot va,genk u23,2.0,3.0,5.0,2.0,7.0,5.0
x82aBBtB,flashscore,B2,2223,2023-01-27,deinze,club brugge kv u23,5.0,2.0,3.0,3.0,8.0,5.0
KWi4AVeH,flashscore,B2,2223,2023-01-28,lommel sk,dender,3.0,2.0,2.0,3.0,5.0,5.0
QXbeCiR4,flashscore,B2,2223,2023-01-28,virton,anderlecht u23,4.0,1.0,0.0,3.0,4.0,4.0
dKumsMje,flashscore,SW1,2223,2023-01-28,basel,luzern,0.0,4.0,5.0,1.0,5.0,5.0
vqVitt61,flashscore,SW1,2223,2023-01-28,lugano,grasshoppers,1.0,2.0,3.0,2.0,4.0,4.0
U5sv4TYp,flashscore,B2,2223,2023-01-29,st. liege u23,beveren,2.0,1.0,3.0,2.0,5.0,3.0
bNj89kBN,flashscore,B2,2223,2023-01-29,k. lierse s.k.,rwdm brussels,3.0,7.0,3.0,4.0,6.0,11.0
IZTeu0L7,flashscore,SW1,2223,2023-01-29,servette,sion,1.0,0.0,9.0,1.0,10.0,1.0
ptMs33DE,flashscore,SW1,2223,2023-01-29,zurich,st. gallen,1.0,3.0,2.0,4.0,3.0,7.0
6kNw4qb8,flashscore,SW1,2223,2023-01-29,young boys,winterthur,1.0,1.0,2.0,1.0,3.0,2.0
2X2GBKzf,flashscore,B2,2223,2023-02-01,club brugge kv u23,k. lierse s.k.,2.0,4.0,4.0,7.0,6.0,11.0
plfVOUAA,flashscore,B2,2223,2023-02-03,anderlecht u23,lommel sk,1.0,2.0,1.0,0.0,2.0,2.0
OvgZNlQG,flashscore,B2,2223,2023-02-03,genk u23,beveren,3.0,2.0,2.0,6.0,5.0,8.0
vyPUQjtb,flashscore,B2,2223,2023-02-04,k. lierse s.k.,beerschot va,3.0,5.0,1.0,4.0,4.0,9.0
WALMSCBo,flashscore,B2,2223,2023-02-04,rwdm brussels,st. liege u23,4.0,5.0,3.0,3.0,7.0,8.0
xv1MeL5l,flashscore,SW1,2223,2023-02-04,st. gallen,servette,5.0,3.0,2.0,4.0,7.0,7.0
S4Bn2NSK,flashscore,SW1,2223,2023-02-04,grasshoppers,basel,3.0,4.0,3.0,7.0,6.0,11.0
pEPQRWQi,flashscore,B2,2223,2023-02-05,dender,deinze,2.0,4.0,3.0,2.0,5.0,6.0
IRNYPAe4,flashscore,B2,2223,2023-02-05,club brugge kv u23,virton,1.0,3.0,0.0,0.0,1.0,3.0
t8Fj1srR,flashscore,SW1,2223,2023-02-05,luzern,young boys,4.0,4.0,3.0,3.0,7.0,7.0
IkIJfuLf,flashscore,SW1,2223,2023-02-05,winterthur,lugano,1.0,5.0,0.0,4.0,1.0,9.0
bm2Id1jr,flashscore,SW1,2223,2023-02-05,sion,zurich,1.0,2.0,2.0,3.0,3.0,5.0
xnZ9Hn3p,flashscore,B2,2223,2023-02-11,deinze,anderlecht u23,3.0,2.0,2.0,2.0,5.0,4.0
GxYDG6Ij,flashscore,B2,2223,2023-02-11,lommel sk,k. lierse s.k.,3.0,3.0,6.0,3.0,9.0,6.0
rqQavAAc,flashscore,B2,2223,2023-02-11,st. liege u23,club brugge kv u23,6.0,1.0,1.0,5.0,7.0,6.0
W4dsMSfT,flashscore,B2,2223,2023-02-11,beveren,dender,3.0,0.0,2.0,1.0,5.0,1.0
dtHNgaz1,flashscore,SW1,2223,2023-02-11,basel,sion,2.0,2.0,4.0,2.0,6.0,4.0
46KViw5D,flashscore,SW1,2223,2023-02-11,servette,grasshoppers,0.0,1.0,1.0,1.0,1.0,2.0
ABXSG1gU,flashscore,B1,2223,2023-02-12,waregem,oostende,1.0,2.0,2.0,2.0,3.0,4.0
OfVGJ39B,flashscore,B1,2223,2023-02-12,st. liege,kortrijk,4.0,1.0,3.0,2.0,7.0,3.0
tWuCKqf5,flashscore,B1,2223,2023-02-12,anderlecht,st. truiden,1.0,0.0,3.0,2.0,4.0,2.0
2oUKINOH,flashscore,B1,2223,2023-02-12,genk,antwerp,4.0,1.0,5.0,2.0,9.0,3.0
4hReujei,flashscore,B2,2223,2023-02-12,beerschot va,rwdm brussels,1.0,1.0,5.0,2.0,6.0,3.0
I1hwN8uN,flashscore,B2,2223,2023-02-12,virton,genk u23,0.0,0.0,4.0,0.0,4.0,0.0
6BbEGMsE,flashscore,SW1,2223,2023-02-12,young boys,st. gallen,2.0,11.0,4.0,2.0,6.0,13.0
p2cIFtcK,flashscore,SW1,2223,2023-02-12,zurich,winterthur,4.0,0.0,3.0,1.0,7.0,1.0
j3GRhJk7,flashscore,SW1,2223,2023-02-12,lugano,luzern,3.0,3.0,5.0,6.0,8.0,9.0
bZMqr2yk,flashscore,SW1,2223,2023-02-15,winterthur,servette,4.0,3.0,6.0,3.0,10.0,6.0
YkdRPvWp,flashscore,B1,2223,2023-02-17,kv mechelen,genk,1.0,2.0,3.0,2.0,4.0,4.0
bqGlLgDJ,flashscore,DK1,2223,2023-02-17,aalborg,aarhus,3.0,0.0,4.0,5.0,7.0,5.0
WtAaUKNT,flashscore,B1,2223,2023-02-18,royale union sg,st. liege,1.0,0.0,2.0,0.0,3.0,0.0
0dlDmrOi,flashscore,B1,2223,2023-02-18,oostende,charleroi,5.0,2.0,6.0,1.0,11.0,3.0
zFGjWtgH,flashscore,B1,2223,2023-02-18,seraing,waregem,3.0,3.0,1.0,4.0,4.0,7.0
21IrY2O4,flashscore,B1,2223,2023-02-18,antwerp,eupen,2.0,2.0,5.0,2.0,7.0,4.0
46t17I40,flashscore,SW1,2223,2023-02-18,young boys,lugano,2.0,2.0,2.0,2.0,4.0,4.0
Aqsc8bkf,flashscore,SW1,2223,2023-02-18,winterthur,sion,5.0,2.0,4.0,3.0,9.0,5.0
M5k9lO8o,flashscore,B1,2223,2023-02-19,st. truiden,westerlo,1.0,2.0,0.0,4.0,1.0,6.0
thHnXMwB,flashscore,B1,2223,2023-02-19,kortrijk,anderlecht,1.0,2.0,5.0,2.0,6.0,4.0
Mk1oZr9b,flashscore,B1,2223,2023-02-19,gent,leuven,1.0,4.0,4.0,5.0,5.0,9.0
lIKfV08N,flashscore,B1,2223,2023-02-19,cercle brugge ksv,club brugge kv,10.0,2.0,7.0,2.0,17.0,4.0
WAaiDXBb,flashscore,B2,2223,2023-02-19,genk u23,st. liege u23,7.0,0.0,3.0,2.0,10.0,2.0
ptS6dAzJ,flashscore,DK1,2223,2023-02-19,brondby,horsens,4.0,0.0,2.0,4.0,6.0,4.0
jeASDB5g,flashscore,DK1,2223,2023-02-19,silkeborg,fc copenhagen,2.0,2.0,4.0,0.0,6.0,2.0
ITdLFXzs,flashscore,DK1,2223,2023-02-19,lyngby,nordsjaelland,1.0,5.0,4.0,3.0,5.0,8.0
CnKhKDSP,flashscore,DK1,2223,2023-02-19,odense,randers fc,2.0,2.0,2.0,2.0,4.0,4.0
Ey2ME0CQ,flashscore,SW1,2223,2023-02-19,basel,servette,3.0,3.0,3.0,1.0,6.0,4.0
GpllAKKs,flashscore,SW1,2223,2023-02-19,grasshoppers,zurich,3.0,2.0,5.0,3.0,8.0,5.0
b9wg9vzl,flashscore,SW1,2223,2023-02-19,st. gallen,luzern,0.0,2.0,2.0,4.0,2.0,6.0
dKePEijm,flashscore,DK1,2223,2023-02-20,viborg,midtjylland,2.0,0.0,4.0,1.0,6.0,1.0
AolxrvhT,flashscore,B1,2223,2023-02-24,waregem,kortrijk,1.0,3.0,7.0,2.0,8.0,5.0
QTxJVf0q,flashscore,B2,2223,2023-02-24,dender,virton,4.0,2.0,3.0,6.0,7.0,8.0
vXtNUEFk,flashscore,B2,2223,2023-02-24,st. liege u23,lommel sk,2.0,2.0,1.0,3.0,3.0,5.0
CAbyCkz6,flashscore,DK1,2223,2023-02-24,nordsjaelland,odense,1.0,2.0,4.0,3.0,5.0,5.0
WdbVV8ah,flashscore,SA1,2223,2023-02-24,al adalah,al khaleej,2.0,4.0,0.0,4.0,2.0,8.0
xzaRWlpn,flashscore,SA1,2223,2023-02-24,abha,al wehda,3.0,0.0,4.0,1.0,7.0,1.0
SQz4wb0p,flashscore,B1,2223,2023-02-25,westerlo,royale union sg,3.0,1.0,1.0,5.0,4.0,6.0
rZIj11hi,flashscore,B1,2223,2023-02-25,eupen,cercle brugge ksv,0.0,1.0,4.0,5.0,4.0,6.0
zTePpt8A,flashscore,B1,2223,2023-02-25,genk,oostende,2.0,1.0,2.0,3.0,4.0,4.0
WfkYrKxN,flashscore,B1,2223,2023-02-25,seraing,kv mechelen,3.0,1.0,1.0,2.0,4.0,3.0
rPDb3EXk,flashscore,B2,2223,2023-02-25,club brugge kv u23,beveren,1.0,4.0,1.0,2.0,2.0,6.0
YgtRTYUe,flashscore,B2,2223,2023-02-25,deinze,genk u23,0.0,2.0,5.0,3.0,5.0,5.0
6FjrT6qB,flashscore,SA1,2223,2023-02-25,damac,al nassr,1.0,2.0,1.0,5.0,2.0,7.0
SOivUnU4,flashscore,SA1,2223,2023-02-25,al batin,al ettifaq,4.0,0.0,1.0,4.0,5.0,4.0
44kPBXen,flashscore,SW1,2223,2023-02-25,zurich,young boys,1.0,3.0,0.0,5.0,1.0,8.0
j1oLCDtt,flashscore,SW1,2223,2023-02-25,sion,st. gallen,3.0,1.0,2.0,1.0,5.0,2.0
tUv8xIFj,flashscore,B1,2223,2023-02-26,charleroi,st. truiden,1.0,2.0,2.0,0.0,3.0,2.0
t6dLoMh4,flashscore,B1,2223,2023-02-26,anderlecht,st. liege,4.0,2.0,3.0,1.0,7.0,3.0
EJfTq0NG,flashscore,B1,2223,2023-02-26,leuven,antwerp,1.0,4.0,2.0,3.0,3.0,7.0
rLwIn2wb,flashscore,B1,2223,2023-02-26,club brugge kv,gent,6.0,2.0,3.0,1.0,9.0,3.0
bXeoRHPd,flashscore,B2,2223,2023-02-26,rwdm brussels,k. lierse s.k.,4.0,5.0,1.0,1.0,5.0,6.0
MFC22Ynd,flashscore,B2,2223,2023-02-26,beerschot va,anderlecht u23,3.0,6.0,5.0,1.0,8.0,7.0
Uo9WCVKa,flashscore,DK1,2223,2023-02-26,aarhus,silkeborg,2.0,2.0,1.0,2.0,3.0,4.0
bR0m9mKO,flashscore,DK1,2223,2023-02-26,fc copenhagen,aalborg,1.0,2.0,3.0,0.0,4.0,2.0
QD2uB9kC,flashscore,DK1,2223,2023-02-26,horsens,viborg,0.0,1.0,5.0,2.0,5.0,3.0
zqpWXWdP,flashscore,DK1,2223,2023-02-26,randers fc,lyngby,3.0,3.0,3.0,5.0,6.0,8.0
rcu56xK6,flashscore,SW1,2223,2023-02-26,lugano,basel,3.0,2.0,0.0,2.0,3.0,4.0
vPYD4GlJ,flashscore,SW1,2223,2023-02-26,servette,winterthur,4.0,2.0,9.0,1.0,13.0,3.0
0YZ95dZC,flashscore,SW1,2223,2023-02-26,luzern,grasshoppers,5.0,2.0,3.0,1.0,8.0,3.0
Kz2qAT4I,flashscore,DK1,2223,2023-02-27,midtjylland,brondby,1.0,5.0,2.0,0.0,3.0,5.0
QNXefSaG,flashscore,RO1,2223,2023-02-28,farul constanta,sepsi sf. gheorghe,8.0,0.0,2.0,4.0,10.0,4.0
zcNVmQxp,flashscore,RO1,2223,2023-02-28,chindia targoviste,u craiova 1948,2.0,1.0,0.0,1.0,2.0,2.0
vRy0gnFM,flashscore,RO1,2223,2023-02-28,fc hermannstadt,u. cluj,0.0,5.0,5.0,1.0,5.0,6.0
Ymy4h6US,flashscore,RO1,2223,2023-03-01,fc botosani,fc rapid bucuresti,3.0,2.0,4.0,3.0,7.0,5.0
hYHzmphj,flashscore,RO1,2223,2023-03-01,univ. craiova,fc arges,1.0,0.0,2.0,0.0,3.0,0.0
WOGvn47d,flashscore,RO1,2223,2023-03-01,mioveni,fc voluntari,1.0,2.0,3.0,0.0,4.0,2.0
48qmdlV3,flashscore,RO1,2223,2023-03-02,fcsb,petrolul,8.0,1.0,4.0,1.0,12.0,2.0
rarie8pA,flashscore,RO1,2223,2023-03-02,cfr cluj,uta arad,1.0,2.0,2.0,8.0,3.0,10.0
EuGLtQDA,flashscore,SA1,2223,2023-03-02,al wehda,al hilal,1.0,3.0,3.0,4.0,4.0,7.0
fyqeQ4TT,flashscore,SA1,2223,2023-03-02,al fateh,al taee,4.0,0.0,3.0,1.0,7.0,1.0
dpVMLOyo,flashscore,SA1,2223,2023-03-02,al fayha,abha,1.0,3.0,2.0,6.0,3.0,9.0
WMPix9L7,flashscore,B1,2223,2023-03-03,oostende,club brugge kv,0.0,0.0,0.0,5.0,0.0,5.0
xOfkQyu3,flashscore,B2,2223,2023-03-03,anderlecht u23,club brugge kv u23,2.0,0.0,2.0,2.0,4.0,2.0
CpuVShp2,flashscore,B2,2223,2023-03-03,lommel sk,dender,4.0,2.0,4.0,1.0,8.0,3.0
xhWcTj5t,flashscore,DK1,2223,2023-03-03,aarhus,horsens,4.0,2.0,5.0,1.0,9.0,3.0
Sr0uJ3Ip,flashscore,N1,2223,2023-03-03,utrecht,sittard,2.0,1.0,1.0,0.0,3.0,1.0
Svpvv5fA,flashscore,N1,2223,2023-03-03,vitesse,az alkmaar,1.0,3.0,3.0,3.0,4.0,6.0
IHdZ7oUF,flashscore,RO1,2223,2023-03-03,u. cluj,farul constanta,2.0,0.0,4.0,1.0,6.0,1.0
p0O4p8Eo,flashscore,SA1,2223,2023-03-03,al nassr,al batin,1.0,2.0,4.0,0.0,5.0,2.0
CCgjRpEN,flashscore,SA1,2223,2023-03-03,al khaleej,al ittihad,0.0,3.0,2.0,1.0,2.0,4.0
OjN8qSTi,flashscore,SA1,2223,2023-03-03,al raed,al ettifaq,2.0,2.0,0.0,3.0,2.0,5.0
MPHf0L7c,flashscore,B1,2223,2023-03-04,st. liege,westerlo,5.0,0.0,2.0,1.0,7.0,1.0
d4XvuByk,flashscore,B1,2223,2023-03-04,cercle brugge ksv,seraing,6.0,2.0,5.0,1.0,11.0,3.0
j557cJiG,flashscore,B1,2223,2023-03-04,leuven,waregem,1.0,2.0,2.0,3.0,3.0,5.0
2sYztiMr,flashscore,B1,2223,2023-03-04,kortrijk,charleroi,1.0,1.0,3.0,1.0,4.0,2.0
WpfgPef9,flashscore,B2,2223,2023-03-04,beveren,rwdm brussels,0.0,1.0,0.0,2.0,0.0,3.0
l2ODixN2,flashscore,B2,2223,2023-03-04,virton,deinze,2.0,1.0,5.0,3.0,7.0,4.0
nonBzWmI,flashscore,N1,2223,2023-03-04,twente,heerenveen,3.0,1.0,3.0,5.0,6.0,6.0
fkhRt7Ai,flashscore,N1,2223,2023-03-04,feyenoord,groningen,8.0,0.0,6.0,3.0,14.0,3.0
6ZbqINXj,flashscore,N1,2223,2023-03-04,fc volendam,fc emmen,3.0,3.0,6.0,0.0,9.0,3.0
ni1w75qM,flashscore,RO1,2223,2023-03-04,fc rapid bucuresti,fc hermannstadt,0.0,1.0,5.0,0.0,5.0,1.0
Qs0s6PbS,flashscore,RO1,2223,2023-03-04,u craiova 1948,fc botosani,4.0,3.0,4.0,3.0,8.0,6.0
KIGHs6b4,flashscore,SA1,2223,2023-03-04,al shabab,al adalah,1.0,3.0,2.0,2.0,3.0,5.0
6FCDrnqb,flashscore,SA1,2223,2023-03-04,damac,al taawon,1.0,1.0,5.0,4.0,6.0,5.0
nTvUAiBh,flashscore,SW1,2223,2023-03-04,luzern,basel,5.0,1.0,1.0,5.0,6.0,6.0
boiu8keB,flashscore,SW1,2223,2023-03-04,winterthur,young boys,2.0,2.0,4.0,2.0,6.0,4.0
zeWrvVje,flashscore,B1,2223,2023-03-05,royale union sg,eupen,2.0,2.0,3.0,0.0,5.0,2.0
UkHbauN3,flashscore,B1,2223,2023-03-05,gent,anderlecht,1.0,0.0,3.0,2.0,4.0,2.0
8tG2baxA,flashscore,B1,2223,2023-03-05,antwerp,kv mechelen,6.0,0.0,0.0,3.0,6.0,3.0
hWQmwk61,flashscore,B1,2223,2023-03-05,st. truiden,genk,1.0,2.0,1.0,0.0,2.0,2.0
ShNHjdx9,flashscore,B2,2223,2023-03-05,genk u23,st. liege u23,2.0,3.0,3.0,3.0,5.0,6.0
plbcOF9F,flashscore,B2,2223,2023-03-05,k. lierse s.k.,beerschot va,0.0,1.0,1.0,3.0,1.0,4.0
GdzlBj4n,flashscore,D1,2223,2023-03-05,wolfsburg,eintracht frankfurt,3.0,1.0,1.0,4.0,4.0,5.0
4I6Vh9lI,flashscore,D1,2223,2023-03-05,bayer leverkusen,hertha berlin,6.0,0.0,3.0,2.0,9.0,2.0
Iy9k1cNe,flashscore,D2,2223,2023-03-05,braunschweig,arminia bielefeld,4.0,1.0,3.0,0.0,7.0,1.0
OEXgCNVd,flashscore,D2,2223,2023-03-05,greuther furth,hannover,1.0,1.0,3.0,4.0,4.0,5.0
QwUA8uVL,flashscore,D2,2223,2023-03-05,hansa rostock,karlsruher sc,2.0,1.0,4.0,4.0,6.0,5.0
WEV1SAKn,flashscore,DK1,2223,2023-03-05,fc copenhagen,odense,5.0,0.0,5.0,0.0,10.0,0.0
QDOAQlka,flashscore,DK1,2223,2023-03-05,lyngby,brondby,1.0,2.0,1.0,6.0,2.0,8.0
44NEP845,flashscore,DK1,2223,2023-03-05,silkeborg,nordsjaelland,0.0,5.0,2.0,0.0,2.0,5.0
YwSIOSJB,flashscore,DK1,2223,2023-03-05,viborg,randers fc,2.0,4.0,0.0,3.0,2.0,7.0
G4tzuou4,flashscore,N1,2223,2023-03-05,cambuur,g.a. eagles,1.0,2.0,3.0,4.0,4.0,6.0
vLr3xhJ5,flashscore,N1,2223,2023-03-05,ajax,nijmegen,6.0,0.0,4.0,2.0,10.0,2.0
YuiVuRPc,flashscore,N1,2223,2023-03-05,waalwijk,psv,2.0,2.0,0.0,2.0,2.0,4.0
Ysr7yCYB,flashscore,N1,2223,2023-03-05,excelsior,sparta rotterdam,3.0,1.0,2.0,3.0,5.0,4.0
OSOw4DSl,flashscore,P1,2223,2023-03-05,braga,rio ave,5.0,1.0,4.0,3.0,9.0,4.0
rTVk1BC7,flashscore,P1,2223,2023-03-05,santa clara,vitoria guimaraes,3.0,3.0,4.0,3.0,7.0,6.0
fgKZ4gDr,flashscore,P1,2223,2023-03-05,gil vicente,maritimo,5.0,3.0,7.0,5.0,12.0,8.0
d28Q97a3,flashscore,RO1,2223,2023-03-05,uta arad,fcsb,0.0,3.0,1.0,3.0,1.0,6.0
pS4MAmpc,flashscore,RO1,2223,2023-03-05,petrolul,univ. craiova,0.0,3.0,2.0,3.0,2.0,6.0
WOxA1q7q,flashscore,RO1,2223,2023-03-05,mioveni,chindia targoviste,0.0,1.0,2.0,0.0,2.0,1.0
QJwY9BQb,flashscore,SW1,2223,2023-03-05,sion,lugano,2.0,4.0,1.0,1.0,3.0,5.0
tAtp79AH,flashscore,SW1,2223,2023-03-05,zurich,servette,1.0,9.0,3.0,0.0,4.0,9.0
Kfhy9Vu5,flashscore,SW1,2223,2023-03-05,st. gallen,grasshoppers,4.0,1.0,3.0,2.0,7.0,3.0
rkZ5RUZh,flashscore,DK1,2223,2023-03-06,aalborg,midtjylland,1.0,1.0,0.0,2.0,1.0,3.0
dWJXPfk8,flashscore,P1,2223,2023-03-06,casa pia,pacos ferreira,1.0,0.0,3.0,2.0,4.0,2.0
vRcV8RE9,flashscore,RO1,2223,2023-03-06,sepsi sf. gheorghe,cfr cluj,0.0,3.0,3.0,3.0,3.0,6.0
pStE03Mk,flashscore,RO1,2223,2023-03-06,fc voluntari,fc arges,1.0,2.0,3.0,3.0,4.0,5.0
U1JpoJOS,flashscore,RS1,2223,2023-03-06,mladost gat,radnicki nis,1.0,2.0,2.0,3.0,3.0,5.0
4E062Kg3,flashscore,RS1,2223,2023-03-06,javor,mladost,2.0,4.0,3.0,0.0,5.0,4.0
QX4Gucnj,flashscore,RS1,2223,2023-03-06,novi pazar,radnicki 1923,3.0,2.0,3.0,2.0,6.0,4.0
AmcZUSEb,flashscore,SA1,2223,2023-03-06,al hilal,al fateh,4.0,4.0,5.0,1.0,9.0,5.0
OINJvH1d,flashscore,RS1,2223,2023-03-07,tsc,crvena zvezda,2.0,0.0,2.0,3.0,4.0,3.0
QN1230vc,flashscore,RS1,2223,2023-03-08,partizan,kolubara,1.0,2.0,2.0,2.0,3.0,4.0
pMaucobi,flashscore,SA1,2223,2023-03-09,al ittihad,al nassr,1.0,4.0,3.0,2.0,4.0,6.0
hn3mePS3,flashscore,SA1,2223,2023-03-09,al shabab,al fayha,1.0,5.0,0.0,3.0,1.0,8.0
UDHhZs6p,flashscore,SA1,2223,2023-03-09,al batin,al khaleej,3.0,7.0,1.0,4.0,4.0,11.0
OCbqd5Dc,flashscore,SA1,2223,2023-03-09,al ettifaq,al wehda,2.0,0.0,4.0,0.0,6.0,0.0
pQkRj8z1,flashscore,B1,2223,2023-03-10,charleroi,leuven,3.0,3.0,4.0,1.0,7.0,4.0
QoCR6mvr,flashscore,B2,2223,2023-03-10,beerschot va,beveren,1.0,3.0,6.0,1.0,7.0,4.0
MFMLkGiF,flashscore,B2,2223,2023-03-10,dender,deinze,2.0,1.0,3.0,5.0,5.0,6.0
YcKH46mU,flashscore,D1,2223,2023-03-10,fc koln,bochum,3.0,0.0,7.0,1.0,10.0,1.0
d0oM1UD6,flashscore,D2,2223,2023-03-10,kaiserslautern,sandhausen,3.0,1.0,5.0,4.0,8.0,5.0
MLRXNKU8,flashscore,D2,2223,2023-03-10,nurnberg,braunschweig,2.0,2.0,3.0,1.0,5.0,3.0
KYWxUNei,flashscore,DK1,2223,2023-03-10,odense,aalborg,3.0,6.0,0.0,0.0,3.0,6.0
WCjTEUt7,flashscore,P1,2223,2023-03-10,fc porto,estoril,4.0,2.0,2.0,1.0,6.0,3.0
IuuMbsi2,flashscore,RO1,2223,2023-03-10,univ. craiova,uta arad,2.0,3.0,1.0,5.0,3.0,8.0
YNiDJrTR,flashscore,RO1,2223,2023-03-10,fc botosani,mioveni,2.0,0.0,0.0,3.0,2.0,3.0
rHLdY1Lj,flashscore,SA1,2223,2023-03-10,al taawon,al hilal,0.0,5.0,6.0,3.0,6.0,8.0
YsWMv4rN,flashscore,SA1,2223,2023-03-10,abha,al fateh,3.0,2.0,1.0,3.0,4.0,5.0
IF5nbjrR,flashscore,B1,2223,2023-03-11,seraing,antwerp,2.0,4.0,2.0,1.0,4.0,5.0
vmkVkSk7,flashscore,B1,2223,2023-03-11,eupen,oostende,6.0,0.0,3.0,2.0,9.0,2.0
WMoNilLf,flashscore,B1,2223,2023-03-11,westerlo,kortrijk,2.0,2.0,5.0,5.0,7.0,7.0
lbdIhU5l,flashscore,B1,2223,2023-03-11,kv mechelen,st. truiden,3.0,2.0,5.0,2.0,8.0,4.0
4xBV57gl,flashscore,B2,2223,2023-03-11,k. lierse s.k.,anderlecht u23,4.0,5.0,5.0,4.0,9.0,9.0
YkQPlz7L,flashscore,B2,2223,2023-03-11,virton,st. liege u23,1.0,3.0,2.0,5.0,3.0,8.0
nJkX6dUc,flashscore,D1,2223,2023-03-11,schalke,dortmund,1.0,5.0,2.0,1.0,3.0,6.0
r9R4783B,flashscore,D1,2223,2023-03-11,bayern munich,augsburg,5.0,2.0,3.0,3.0,8.0,5.0
AJBq0Qeo,flashscore,D1,2223,2023-03-11,eintracht frankfurt,stuttgart,1.0,1.0,2.0,1.0,3.0,2.0
hryU7xFi,flashscore,D1,2223,2023-03-11,hertha berlin,mainz,4.0,4.0,3.0,4.0,7.0,8.0
0pM96SIH,flashscore,D1,2223,2023-03-11,rb leipzig,b. monchengladbach,7.0,0.0,4.0,0.0,11.0,0.0
SKg55CEs,flashscore,D2,2223,2023-03-11,dusseldorf,heidenheim,1.0,1.0,2.0,0.0,3.0,1.0
dS7g0Hx2,flashscore,D2,2223,2023-03-11,arminia bielefeld,darmstadt,1.0,3.0,5.0,1.0,6.0,4.0
I9nI2Ab0,flashscore,D2,2223,2023-03-11,magdeburg,paderborn,2.0,1.0,5.0,3.0,7.0,4.0
rVSTO0F2,flashscore,D2,2223,2023-03-11,st. pauli,greuther furth,1.0,3.0,2.0,1.0,3.0,4.0
426EyXk9,flashscore,N1,2223,2023-03-11,sparta rotterdam,vitesse,1.0,2.0,6.0,1.0,7.0,3.0
M1qrwP9G,flashscore,N1,2223,2023-03-11,az alkmaar,groningen,1.0,2.0,4.0,0.0,5.0,2.0
KxPIWMnp,flashscore,N1,2223,2023-03-11,sittard,twente,0.0,2.0,0.0,2.0,0.0,4.0
0hrnxqPM,flashscore,N1,2223,2023-03-11,fc emmen,excelsior,2.0,2.0,0.0,4.0,2.0,6.0
OniPFAR0,flashscore,P1,2223,2023-03-11,vizela,braga,3.0,1.0,0.0,2.0,3.0,3.0
pdhLGjCf,flashscore,P1,2223,2023-03-11,vitoria guimaraes,arouca,6.0,0.0,6.0,0.0,12.0,0.0
zNIyPE4E,flashscore,P1,2223,2023-03-11,chaves,portimonense,1.0,2.0,2.0,5.0,3.0,7.0
2X2GHWdl,flashscore,P1,2223,2023-03-11,pacos ferreira,santa clara,6.0,0.0,3.0,2.0,9.0,2.0
xdb4L4bF,flashscore,RO1,2223,2023-03-11,farul constanta,fc rapid bucuresti,1.0,2.0,0.0,3.0,1.0,5.0
vktIaNyd,flashscore,RO1,2223,2023-03-11,fc arges,petrolul,0.0,2.0,4.0,0.0,4.0,2.0
joitFcw9,flashscore,RS1,2223,2023-03-11,sp. subotica,mladost gat,4.0,2.0,3.0,0.0,7.0,2.0
86cNbxgS,flashscore,RS1,2223,2023-03-11,vojvodina,cukaricki,3.0,2.0,3.0,1.0,6.0,3.0
xrmxGwO2,flashscore,RS1,2223,2023-03-11,radnicki 1923,napredak,1.0,4.0,3.0,3.0,4.0,7.0
hWEPupTG,flashscore,SA1,2223,2023-03-11,al adalah,al raed,1.0,5.0,7.0,2.0,8.0,7.0
CYUQwOcT,flashscore,SA1,2223,2023-03-11,al taee,damac,2.0,0.0,5.0,1.0,7.0,1.0
jqWJ07mo,flashscore,SW1,2223,2023-03-11,lugano,zurich,1.0,4.0,1.0,5.0,2.0,9.0
6iE6OAuh,flashscore,SW1,2223,2023-03-11,young boys,sion,4.0,1.0,8.0,2.0,12.0,3.0
d0Hw0CDE,flashscore,B1,2223,2023-03-12,anderlecht,cercle brugge ksv,4.0,1.0,1.0,3.0,5.0,4.0
vP6raWSK,flashscore,B1,2223,2023-03-12,genk,royale union sg,6.0,1.0,8.0,4.0,14.0,5.0
A7cEgAjr,flashscore,B1,2223,2023-03-12,waregem,gent,3.0,1.0,1.0,0.0,4.0,1.0
pQDZ0hb8,flashscore,B1,2223,2023-03-12,club brugge kv,st. liege,4.0,1.0,2.0,5.0,6.0,6.0
GEFUmfMR,flashscore,B2,2223,2023-03-12,lommel sk,genk u23,2.0,3.0,5.0,3.0,7.0,6.0
C2AZ4R8f,flashscore,B2,2223,2023-03-12,rwdm brussels,club brugge kv u23,6.0,1.0,7.0,1.0,13.0,2.0
EixQ8Iao,flashscore,D1,2223,2023-03-12,wolfsburg,union berlin,2.0,1.0,1.0,4.0,3.0,5.0
Q9ly6Gq4,flashscore,D1,2223,2023-03-12,werder bremen,bayer leverkusen,1.0,1.0,1.0,2.0,2.0,3.0
vyLD5nYN,flashscore,D1,2223,2023-03-12,freiburg,hoffenheim,1.0,1.0,1.0,1.0,2.0,2.0
AqqA4WTm,flashscore,D2,2223,2023-03-12,hannover,hansa rostock,3.0,2.0,2.0,4.0,5.0,6.0
GrRyNvpF,flashscore,D2,2223,2023-03-12,holstein kiel,regensburg,3.0,0.0,6.0,0.0,9.0,0.0
lzrE3jqf,flashscore,D2,2223,2023-03-12,karlsruher sc,hamburger sv,2.0,0.0,3.0,2.0,5.0,2.0
CUQMNnZH,flashscore,DK1,2223,2023-03-12,brondby,silkeborg,3.0,5.0,3.0,3.0,6.0,8.0
hSvi6K3p,flashscore,DK1,2223,2023-03-12,horsens,fc copenhagen,3.0,3.0,2.0,2.0,5.0,5.0
vymvS1Q3,flashscore,DK1,2223,2023-03-12,midtjylland,lyngby,3.0,1.0,1.0,3.0,4.0,4.0
bPVtTsBc,flashscore,DK1,2223,2023-03-12,viborg,nordsjaelland,1.0,1.0,2.0,1.0,3.0,2.0
bFWzx2rO,flashscore,I2,2223,2023-03-12,cosenza,spal,3.0,1.0,3.0,2.0,6.0,3.0
lvCpd5Tu,flashscore,I2,2223,2023-03-12,genoa,ternana,7.0,3.0,5.0,7.0,12.0,10.0
ITxiy3vT,flashscore,N1,2223,2023-03-12,feyenoord,fc volendam,3.0,0.0,6.0,2.0,9.0,2.0
Wzg7wgLd,flashscore,N1,2223,2023-03-12,psv,cambuur,2.0,1.0,4.0,4.0,6.0,5.0
ARiBxDz3,flashscore,N1,2223,2023-03-12,heerenveen,ajax,1.0,6.0,4.0,2.0,5.0,8.0
S2SQU0Hd,flashscore,N1,2223,2023-03-12,nijmegen,utrecht,1.0,2.0,2.0,5.0,3.0,7.0
lUbCICsr,flashscore,P1,2223,2023-03-12,sporting cp,boavista,0.0,1.0,4.0,0.0,4.0,1.0
A3kXDldD,flashscore,P1,2223,2023-03-12,maritimo,benfica,0.0,8.0,2.0,2.0,2.0,10.0
WlCpNhZQ,flashscore,P1,2223,2023-03-12,rio ave,gil vicente,2.0,6.0,1.0,5.0,3.0,11.0
ja28KODL,flashscore,RO1,2223,2023-03-12,fc hermannstadt,u craiova 1948,0.0,0.0,4.0,3.0,4.0,3.0
4r0dNQT2,flashscore,RO1,2223,2023-03-12,fcsb,sepsi sf. gheorghe,1.0,1.0,1.0,1.0,2.0,2.0
4xqggGGk,flashscore,RS1,2223,2023-03-12,mladost,partizan,3.0,0.0,0.0,5.0,3.0,5.0
Ovafifo2,flashscore,RS1,2223,2023-03-12,crvena zvezda,novi pazar,3.0,2.0,7.0,1.0,10.0,3.0
f3gJaIwM,flashscore,RS1,2223,2023-03-12,radnicki nis,vozdovac,4.0,0.0,8.0,1.0,12.0,1.0
Qopkfd1q,flashscore,RS1,2223,2023-03-12,radnik,javor,1.0,2.0,0.0,1.0,1.0,3.0
fDpl6TPN,flashscore,SW1,2223,2023-03-12,basel,st. gallen,1.0,2.0,0.0,1.0,1.0,3.0
lzph5muU,flashscore,SW1,2223,2023-03-12,grasshoppers,winterthur,1.0,5.0,1.0,3.0,2.0,8.0
S0F2PjQo,flashscore,SW1,2223,2023-03-12,servette,luzern,1.0,1.0,4.0,1.0,5.0,2.0
6Vre5vJj,flashscore,DK1,2223,2023-03-13,randers fc,aarhus,0.0,6.0,3.0,3.0,3.0,9.0
hbDtOYJK,flashscore,P1,2223,2023-03-13,famalicao,casa pia,2.0,2.0,1.0,3.0,3.0,5.0
rZb0Mpq9,flashscore,RO1,2223,2023-03-13,cfr cluj,u. cluj,5.0,0.0,3.0,2.0,8.0,2.0
zXwuF2yq,flashscore,RO1,2223,2023-03-13,chindia targoviste,fc voluntari,6.0,0.0,1.0,3.0,7.0,3.0
pl0jhzWe,flashscore,RS1,2223,2023-03-13,kolubara,tsc,2.0,4.0,2.0,3.0,4.0,7.0
lv8LGLBf,flashscore,RO1,2223,2023-03-16,sepsi sf. gheorghe,u craiova 1948,3.0,1.0,3.0,3.0,6.0,4.0
Wx2ifqrA,flashscore,SA1,2223,2023-03-16,al khaleej,al taee,1.0,1.0,1.0,8.0,2.0,9.0
dvll6mzl,flashscore,B1,2223,2023-03-17,cercle brugge ksv,genk,5.0,4.0,1.0,5.0,6.0,9.0
jg9w4oO0,flashscore,B2,2223,2023-03-17,beveren,k. lierse s.k.,4.0,3.0,1.0,1.0,5.0,4.0
IN1dqEUr,flashscore,B2,2223,2023-03-17,genk u23,virton,7.0,2.0,2.0,3.0,9.0,5.0
EZMOdC6j,flashscore,D1,2223,2023-03-17,b. monchengladbach,werder bremen,4.0,4.0,2.0,1.0,6.0,5.0
vPzR0lTC,flashscore,D2,2223,2023-03-17,arminia bielefeld,nurnberg,0.0,4.0,1.0,3.0,1.0,7.0
On9qJVrs,flashscore,D2,2223,2023-03-17,heidenheim,karlsruher sc,1.0,1.0,3.0,1.0,4.0,2.0
xMJ2j1cH,flashscore,I2,2223,2023-03-17,palermo,modena,6.0,2.0,1.0,3.0,7.0,5.0
WIw6RnS1,flashscore,N1,2223,2023-03-17,fc volendam,sittard,1.0,6.0,0.0,8.0,1.0,14.0
O6F6SmB6,flashscore,P1,2223,2023-03-17,santa clara,rio ave,0.0,4.0,2.0,3.0,2.0,7.0
GbyEYloS,flashscore,RO1,2223,2023-03-17,petrolul,uta arad,1.0,1.0,1.0,5.0,2.0,6.0
fB5KODH3,flashscore,RO1,2223,2023-03-17,fc voluntari,fc hermannstadt,5.0,1.0,4.0,4.0,9.0,5.0
C0ukDy8L,flashscore,RS1,2223,2023-03-17,mladost gat,radnicki 1923,4.0,1.0,8.0,1.0,12.0,2.0
xrPT5g0e,flashscore,RS1,2223,2023-03-17,partizan,radnik,5.0,3.0,7.0,3.0,12.0,6.0
E1idg3cG,flashscore,SA1,2223,2023-03-17,al wehda,al taawon,5.0,3.0,4.0,3.0,9.0,6.0
4pkvou5d,flashscore,SA1,2223,2023-03-17,al fayha,al adalah,2.0,1.0,4.0,2.0,6.0,3.0
ImwM9Osc,flashscore,SA1,2223,2023-03-17,damac,al batin,1.0,1.0,4.0,1.0,5.0,2.0
IwlZln5D,flashscore,B1,2223,2023-03-18,st. liege,waregem,2.0,1.0,4.0,4.0,6.0,5.0
rej03oK6,flashscore,B1,2223,2023-03-18,oostende,westerlo,4.0,4.0,3.0,1.0,7.0,5.0
44id4R40,flashscore,B1,2223,2023-03-18,st. truiden,seraing,3.0,1.0,1.0,1.0,4.0,2.0
EFbq7TKs,flashscore,B1,2223,2023-03-18,kortrijk,club brugge kv,1.0,4.0,0.0,2.0,1.0,6.0
YHbr35w7,flashscore,B2,2223,2023-03-18,anderlecht u23,rwdm brussels,1.0,2.0,5.0,2.0,6.0,4.0
nc60rYqk,flashscore,B2,2223,2023-03-18,deinze,lommel sk,4.0,0.0,5.0,2.0,9.0,2.0
8Ywt5zaA,flashscore,D1,2223,2023-03-18,dortmund,fc koln,0.0,4.0,1.0,2.0,1.0,6.0
vDEAKFbc,flashscore,D1,2223,2023-03-18,augsburg,schalke,6.0,1.0,3.0,5.0,9.0,6.0
SxB6Leqi,flashscore,D1,2223,2023-03-18,bochum,rb leipzig,1.0,1.0,1.0,6.0,2.0,7.0
zqOKchip,flashscore,D1,2223,2023-03-18,hoffenheim,hertha berlin,6.0,2.0,2.0,7.0,8.0,9.0
My4FJZD3,flashscore,D1,2223,2023-03-18,stuttgart,wolfsburg,1.0,5.0,2.0,3.0,3.0,8.0
rgRGNBzQ,flashscore,D2,2223,2023-03-18,darmstadt,kaiserslautern,2.0,2.0,3.0,1.0,5.0,3.0
javVa8rJ,flashscore,D2,2223,2023-03-18,greuther furth,magdeburg,0.0,1.0,2.0,1.0,2.0,2.0
42SCOiLJ,flashscore,D2,2223,2023-03-18,hamburger sv,holstein kiel,11.0,3.0,6.0,0.0,17.0,3.0
A3BeGTSa,flashscore,D2,2223,2023-03-18,regensburg,paderborn,2.0,2.0,2.0,5.0,4.0,7.0
pATidyHc,flashscore,F1,2223,2023-03-18,lens,angers,3.0,3.0,1.0,1.0,4.0,4.0
zaM4gZ0G,flashscore,F1,2223,2023-03-18,toulouse,lille,6.0,5.0,6.0,3.0,12.0,8.0
Od4cg3Db,flashscore,I2,2223,2023-03-18,reggina,cagliari,3.0,3.0,3.0,2.0,6.0,5.0
l0mL8rDo,flashscore,I2,2223,2023-03-18,ascoli,venezia,2.0,0.0,8.0,1.0,10.0,1.0
dA25isrB,flashscore,I2,2223,2023-03-18,brescia,genoa,1.0,0.0,4.0,1.0,5.0,1.0
AZHAluST,flashscore,I2,2223,2023-03-18,cittadella,perugia,2.0,2.0,4.0,2.0,6.0,4.0
GCI6kLCN,flashscore,I2,2223,2023-03-18,como,parma,1.0,7.0,3.0,4.0,4.0,11.0
IJ31hNS4,flashscore,I2,2223,2023-03-18,frosinone,cosenza,1.0,1.0,3.0,2.0,4.0,3.0
Ag0gfqbh,flashscore,I2,2223,2023-03-18,pisa,benevento,0.0,0.0,1.0,2.0,1.0,2.0
ne9xpazo,flashscore,I2,2223,2023-03-18,sudtirol,spal,3.0,3.0,3.0,1.0,6.0,4.0
pMRmjW42,flashscore,N1,2223,2023-03-18,waalwijk,nijmegen,1.0,1.0,1.0,3.0,2.0,4.0
vLbRYUZR,flashscore,N1,2223,2023-03-18,fc emmen,sparta rotterdam,1.0,7.0,0.0,1.0,1.0,8.0
hSv2SSCe,flashscore,N1,2223,2023-03-18,utrecht,g.a. eagles,3.0,0.0,3.0,3.0,6.0,3.0
C8TFxYYD,flashscore,P1,2223,2023-03-18,estoril,chaves,1.0,5.0,2.0,2.0,3.0,7.0
CWB2TTe0,flashscore,P1,2223,2023-03-18,arouca,pacos ferreira,2.0,3.0,4.0,4.0,6.0,7.0
KYWNzC3Q,flashscore,P1,2223,2023-03-18,benfica,vitoria guimaraes,3.0,2.0,4.0,1.0,7.0,3.0
I9CbU9tf,flashscore,P1,2223,2023-03-18,portimonense,vizela,1.0,2.0,3.0,4.0,4.0,6.0
UTFyRcqJ,flashscore,RO1,2223,2023-03-18,fcsb,univ. craiova,1.0,2.0,6.0,2.0,7.0,4.0
YwOuU8gq,flashscore,RO1,2223,2023-03-18,fc botosani,chindia targoviste,3.0,4.0,2.0,2.0,5.0,6.0
Q7LP6Zpk,flashscore,RS1,2223,2023-03-18,tsc,mladost,2.0,1.0,4.0,0.0,6.0,1.0
W4OX4DF1,flashscore,RS1,2223,2023-03-18,javor,vojvodina,1.0,2.0,3.0,0.0,4.0,2.0
rqWK7FVr,flashscore,RS1,2223,2023-03-18,novi pazar,kolubara,4.0,0.0,2.0,1.0,6.0,1.0
QgjznLkj,flashscore,SA1,2223,2023-03-18,al hilal,al ettifaq,3.0,0.0,1.0,1.0,4.0,1.0
8IeVn1zp,flashscore,SA1,2223,2023-03-18,al nassr,abha,8.0,0.0,5.0,2.0,13.0,2.0
6993isSS,flashscore,SA1,2223,2023-03-18,al raed,al shabab,1.0,2.0,1.0,7.0,2.0,9.0
CnAahNCM,flashscore,SA1,2223,2023-03-18,al fateh,al ittihad,2.0,1.0,1.0,5.0,3.0,6.0
ClHEMlA4,flashscore,SW1,2223,2023-03-18,sion,grasshoppers,3.0,5.0,3.0,1.0,6.0,6.0
2wARJnfN,flashscore,SW1,2223,2023-03-18,zurich,luzern,1.0,3.0,2.0,3.0,3.0,6.0
4t99DVsE,flashscore,B1,2223,2023-03-19,gent,eupen,4.0,1.0,12.0,4.0,16.0,5.0
zVnh57kf,flashscore,B1,2223,2023-03-19,royale union sg,kv mechelen,1.0,3.0,2.0,2.0,3.0,5.0
xf7HB9CQ,flashscore,B1,2223,2023-03-19,leuven,anderlecht,1.0,3.0,3.0,4.0,4.0,7.0
rX7DCkcK,flashscore,B1,2223,2023-03-19,antwerp,charleroi,4.0,0.0,4.0,0.0,8.0,0.0
Qm54shae,flashscore,B2,2223,2023-03-19,st. liege u23,dender,0.0,1.0,0.0,2.0,0.0,3.0
nL2n2PhD,flashscore,B2,2223,2023-03-19,club brugge kv u23,beerschot va,0.0,3.0,3.0,3.0,3.0,6.0
fkth2YrT,flashscore,D1,2223,2023-03-19,mainz,freiburg,3.0,2.0,0.0,3.0,3.0,5.0
Myrp4fEG,flashscore,D1,2223,2023-03-19,bayer leverkusen,bayern munich,5.0,0.0,0.0,3.0,5.0,3.0
Gbsl3ETM,flashscore,D1,2223,2023-03-19,union berlin,eintracht frankfurt,1.0,6.0,2.0,1.0,3.0,7.0
hS00Fmr6,flashscore,D2,2223,2023-03-19,braunschweig,hannover,4.0,2.0,3.0,2.0,7.0,4.0
2w8mIkbm,flashscore,D2,2223,2023-03-19,hansa rostock,dusseldorf,2.0,1.0,1.0,1.0,3.0,2.0
d07iH9Dg,flashscore,D2,2223,2023-03-19,sandhausen,st. pauli,2.0,2.0,1.0,7.0,3.0,9.0
QikjPaAM,flashscore,DK1,2223,2023-03-19,aalborg,randers fc,1.0,2.0,3.0,2.0,4.0,4.0
IRorRLuA,flashscore,DK1,2223,2023-03-19,aarhus,odense,4.0,1.0,1.0,5.0,5.0,6.0
ClonQueG,flashscore,DK1,2223,2023-03-19,fc copenhagen,viborg,1.0,1.0,2.0,2.0,3.0,3.0
vaVQIcmj,flashscore,DK1,2223,2023-03-19,lyngby,horsens,1.0,3.0,5.0,6.0,6.0,9.0
8GveOJPS,flashscore,DK1,2223,2023-03-19,nordsjaelland,brondby,6.0,3.0,2.0,0.0,8.0,3.0
APQMJwYq,flashscore,DK1,2223,2023-03-19,silkeborg,midtjylland,5.0,2.0,6.0,4.0,11.0,6.0
SCLjmZY8,flashscore,E1,2223,2023-03-19,swansea,bristol city,0.0,4.0,3.0,3.0,3.0,7.0
6PH0fFoA,flashscore,F1,2223,2023-03-19,reims,marseille,2.0,3.0,4.0,2.0,6.0,5.0
YZPmcH1i,flashscore,F1,2223,2023-03-19,psg,rennes,2.0,2.0,4.0,1.0,6.0,3.0
0neZwf1T,flashscore,F1,2223,2023-03-19,montpellier,clermont,5.0,1.0,6.0,3.0,11.0,4.0
ttw2ZD9p,flashscore,F1,2223,2023-03-19,nice,lorient,3.0,1.0,7.0,1.0,10.0,2.0
SYIdeeW3,flashscore,F1,2223,2023-03-19,strasbourg,auxerre,4.0,2.0,1.0,2.0,5.0,4.0
EkL8hgGM,flashscore,F1,2223,2023-03-19,troyes,brest,4.0,0.0,3.0,4.0,7.0,4.0
MedVvznN,flashscore,F1,2223,2023-03-19,ac ajaccio,monaco,1.0,2.0,0.0,2.0,1.0,4.0
SUAlePrn,flashscore,I2,2223,2023-03-19,ternana,bari,2.0,0.0,3.0,4.0,5.0,4.0
zipcT8ck,flashscore,N1,2223,2023-03-19,twente,az alkmaar,2.0,2.0,4.0,0.0,6.0,2.0
ddVikjK8,flashscore,N1,2223,2023-03-19,vitesse,psv,2.0,2.0,3.0,3.0,5.0,5.0
rg5Izi5F,flashscore,N1,2223,2023-03-19,ajax,feyenoord,6.0,0.0,2.0,4.0,8.0,4.0
QHfNZAKL,flashscore,N1,2223,2023-03-19,excelsior,cambuur,2.0,2.0,2.0,6.0,4.0,8.0
d0ogUlrq,flashscore,N1,2223,2023-03-19,groningen,heerenveen,2.0,0.0,3.0,2.0,5.0,2.0
QBXJyhlK,flashscore,P1,2223,2023-03-19,boavista,famalicao,6.0,1.0,3.0,0.0,9.0,1.0
vJDfVkRm,flashscore,P1,2223,2023-03-19,braga,fc porto,5.0,1.0,0.0,4.0,5.0,5.0
6V4BR7QC,flashscore,P1,2223,2023-03-19,casa pia,maritimo,0.0,4.0,5.0,6.0,5.0,10.0
GWzCksMJ,flashscore,RO1,2223,2023-03-19,cfr cluj,fc rapid bucuresti,0.0,5.0,2.0,5.0,2.0,10.0
fDveSnEe,flashscore,RO1,2223,2023-03-19,farul constanta,sepsi sf. gheorghe,4.0,2.0,1.0,0.0,5.0,2.0
AeNy4XU7,flashscore,RS1,2223,2023-03-19,cukaricki,vozdovac,7.0,1.0,6.0,1.0,13.0,2.0
tzpgCeNR,flashscore,RS1,2223,2023-03-19,napredak,crvena zvezda,1.0,4.0,1.0,3.0,2.0,7.0
Y9toEHhF,flashscore,RS1,2223,2023-03-19,sp. subotica,radnicki nis,1.0,3.0,6.0,2.0,7.0,5.0
0EDANUfb,flashscore,SW1,2223,2023-03-19,lugano,servette,2.0,3.0,6.0,1.0,8.0,4.0
Y35NKSvH,flashscore,SW1,2223,2023-03-19,young boys,basel,8.0,1.0,5.0,2.0,13.0,3.0
fD6JL8PA,flashscore,SW1,2223,2023-03-19,winterthur,st. gallen,5.0,2.0,2.0,6.0,7.0,8.0
GY9R4DRN,flashscore,RO1,2223,2023-03-20,u. cluj,fc arges,6.0,0.0,2.0,2.0,8.0,2.0
Y3waR6T1,flashscore,RO1,2223,2023-03-20,u craiova 1948,mioveni,3.0,0.0,0.0,0.0,3.0,0.0
C2KOMnfK,flashscore,TR2,2223,2023-03-24,denizlispor,boluspor,4.0,3.0,3.0,0.0,7.0,3.0
fR9TL69Q,flashscore,TR2,2223,2023-03-24,samsunspor,altinordu,2.0,0.0,3.0,2.0,5.0,2.0
Q90aGpXm,flashscore,TR2,2223,2023-03-25,altay,manisa fk,0.0,0.0,0.0,1.0,0.0,1.0
0SGKNSvE,flashscore,TR2,2223,2023-03-25,keciorengucu,genclerbirligi,2.0,2.0,2.0,4.0,4.0,6.0
dzdeHQHs,flashscore,TR2,2223,2023-03-25,tuzlaspor,goztepe,4.0,3.0,1.0,2.0,5.0,5.0
40a3F4nf,flashscore,TR2,2223,2023-03-26,eyupspor,rizespor,2.0,3.0,3.0,3.0,5.0,6.0
nPl8EO10,flashscore,TR2,2223,2023-03-26,adanaspor as,sakaryaspor,,,,,,
0ShCDrH6,flashscore,TR2,2223,2023-03-26,yeni malatyaspor,bandirmaspor,,,,,,
fkhGC2WC,flashscore,TR2,2223,2023-03-26,bodrumspor,erzurumspor,1.0,3.0,2.0,2.0,3.0,5.0
zswxEpdj,flashscore,SP2,2223,2023-03-27,malaga,leganes,4.0,2.0,2.0,3.0,6.0,5.0
QmRvFehB,flashscore,TR2,2223,2023-03-28,altinordu,denizlispor,6.0,2.0,2.0,4.0,8.0,6.0
fNVrEF7H,flashscore,TR2,2223,2023-03-28,pendikspor,keciorengucu,2.0,2.0,2.0,1.0,4.0,3.0
YDUnDZMN,flashscore,TR2,2223,2023-03-28,boluspor,samsunspor,2.0,4.0,4.0,4.0,6.0,8.0
ncSzGyw5,flashscore,TR2,2223,2023-03-29,rizespor,manisa fk,2.0,2.0,1.0,1.0,3.0,3.0
IHzKJJwt,flashscore,TR2,2223,2023-03-29,genclerbirligi,adanaspor as,,,,,,
YuiKBMoJ,flashscore,TR2,2223,2023-03-29,goztepe,yeni malatyaspor,,,,,,
d8ZNIwgn,flashscore,TR2,2223,2023-03-29,bandirmaspor,bodrumspor,0.0,2.0,2.0,4.0,2.0,6.0
jVYRHc8h,flashscore,TR2,2223,2023-03-30,sakaryaspor,eyupspor,6.0,3.0,2.0,2.0,8.0,5.0
4YxWGHNb,flashscore,TR2,2223,2023-03-30,erzurumspor,altay,3.0,5.0,3.0,2.0,6.0,7.0
AsENKnks,flashscore,B1,2223,2023-03-31,waregem,antwerp,3.0,3.0,3.0,2.0,6.0,5.0
0OjUQ8VD,flashscore,B2,2223,2023-03-31,anderlecht u23,beveren,1.0,1.0,3.0,0.0,4.0,1.0
8Cf9tCE1,flashscore,B2,2223,2023-03-31,dender,genk u23,0.0,1.0,1.0,3.0,1.0,4.0
dGN3cqc1,flashscore,D1,2223,2023-03-31,eintracht frankfurt,bochum,7.0,1.0,8.0,1.0,15.0,2.0
d0TMWlDt,flashscore,D2,2223,2023-03-31,dusseldorf,hamburger sv,2.0,0.0,2.0,1.0,4.0,1.0
IZcCCoSO,flashscore,D2,2223,2023-03-31,nurnberg,darmstadt,6.0,2.0,3.0,1.0,9.0,3.0
thFLQDyl,flashscore,DK1,2223,2023-03-31,odense,midtjylland,2.0,5.0,1.0,3.0,3.0,8.0
lU66t9a3,flashscore,E1,2223,2023-03-31,burnley,sunderland,3.0,2.0,2.0,2.0,5.0,4.0
Q3JV7YF9,flashscore,F1,2223,2023-03-31,marseille,montpellier,1.0,2.0,0.0,1.0,1.0,3.0
UXwGcI4p,flashscore,I2,2223,2023-03-31,genoa,reggina,1.0,1.0,4.0,1.0,5.0,2.0
63rvTK1H,flashscore,P1,2223,2023-03-31,estoril,gil vicente,4.0,2.0,1.0,3.0,5.0,5.0
tb29lKIp,flashscore,RO1,2223,2023-03-31,u craiova 1948,petrolul,2.0,2.0,2.0,4.0,4.0,6.0
ERM08nMg,flashscore,RS1,2223,2023-03-31,mladost,novi pazar,5.0,0.0,2.0,2.0,7.0,2.0
hIL476y0,flashscore,RS1,2223,2023-03-31,kolubara,napredak,1.0,4.0,0.0,4.0,1.0,8.0
x6NzZoYF,flashscore,SP2,2223,2023-03-31,levante,zaragoza,3.0,0.0,1.0,2.0,4.0,2.0
vN5vH4l6,flashscore,B1,2223,2023-04-01,oostende,st. liege,2.0,3.0,4.0,4.0,6.0,7.0
xfq91PlJ,flashscore,B1,2223,2023-04-01,seraing,gent,2.0,11.0,1.0,2.0,3.0,13.0
reCVIQJg,flashscore,B1,2223,2023-04-01,westerlo,charleroi,2.0,2.0,5.0,2.0,7.0,4.0
jcXjQ8RJ,flashscore,B1,2223,2023-04-01,cercle brugge ksv,kortrijk,3.0,2.0,3.0,0.0,6.0,2.0
vFkYPSpK,flashscore,B2,2223,2023-04-01,k. lierse s.k.,club brugge kv u23,6.0,1.0,6.0,2.0,12.0,3.0
MFbDuWT7,flashscore,B2,2223,2023-04-01,deinze,st. liege u23,3.0,4.0,4.0,3.0,7.0,7.0
0S2JIgT9,flashscore,D1,2223,2023-04-01,bayern munich,dortmund,1.0,1.0,5.0,1.0,6.0,2.0
ljKea5Sl,flashscore,D1,2223,2023-04-01,freiburg,hertha berlin,2.0,1.0,0.0,1.0,2.0,2.0
U17NHDrG,flashscore,D1,2223,2023-04-01,rb leipzig,mainz,1.0,1.0,2.0,3.0,3.0,4.0
zaSrLnk8,flashscore,D1,2223,2023-04-01,schalke,bayer leverkusen,5.0,2.0,2.0,3.0,7.0,5.0
6RUj0oDr,flashscore,D1,2223,2023-04-01,union berlin,stuttgart,1.0,1.0,2.0,4.0,3.0,5.0
z7M7d3C7,flashscore,D1,2223,2023-04-01,wolfsburg,augsburg,2.0,4.0,2.0,3.0,4.0,7.0
QuLwT6C5,flashscore,D2,2223,2023-04-01,kaiserslautern,heidenheim,1.0,2.0,2.0,3.0,3.0,5.0
jNSQV8Sn,flashscore,D2,2223,2023-04-01,hannover,sandhausen,4.0,3.0,3.0,6.0,7.0,9.0
UDRUUSsg,flashscore,D2,2223,2023-04-01,karlsruher sc,braunschweig,7.0,1.0,6.0,0.0,13.0,1.0
WIa4E7cC,flashscore,D2,2223,2023-04-01,st. pauli,regensburg,0.0,3.0,0.0,1.0,0.0,4.0
MNEKI57d,flashscore,E1,2223,2023-04-01,birmingham,blackburn,2.0,3.0,2.0,4.0,4.0,7.0
Aw82skpc,flashscore,E1,2223,2023-04-01,bristol city,reading,4.0,4.0,6.0,0.0,10.0,4.0
AyBenglF,flashscore,E1,2223,2023-04-01,cardiff,swansea,1.0,0.0,0.0,3.0,1.0,3.0
WhdBuTE9,flashscore,E1,2223,2023-04-01,coventry,stoke,2.0,3.0,4.0,3.0,6.0,6.0
rTaFvmUF,flashscore,E1,2223,2023-04-01,huddersfield,middlesbrough,1.0,3.0,4.0,6.0,5.0,9.0
xjaJw7qM,flashscore,E1,2223,2023-04-01,hull,rotherham,2.0,4.0,6.0,4.0,8.0,8.0
dztjYp7q,flashscore,E1,2223,2023-04-01,norwich,sheffield utd,4.0,4.0,0.0,1.0,4.0,5.0
UmvbWOyd,flashscore,E1,2223,2023-04-01,west brom,millwall,4.0,3.0,2.0,4.0,6.0,7.0
rir2Vri2,flashscore,E1,2223,2023-04-01,wigan,qpr,1.0,2.0,1.0,3.0,2.0,5.0
GtbNxRbS,flashscore,E1,2223,2023-04-01,luton,watford,5.0,2.0,4.0,1.0,9.0,3.0
zRvfX4Mk,flashscore,E1,2223,2023-04-01,preston,blackpool,4.0,4.0,2.0,4.0,6.0,8.0
0MBr5WaS,flashscore,F1,2223,2023-04-01,rennes,lens,2.0,4.0,3.0,1.0,5.0,5.0
dEADiDVS,flashscore,F1,2223,2023-04-01,auxerre,troyes,3.0,1.0,1.0,4.0,4.0,5.0
SjnP72Si,flashscore,I2,2223,2023-04-01,bari,benevento,3.0,1.0,0.0,2.0,3.0,3.0
GQcu4KRG,flashscore,I2,2223,2023-04-01,perugia,frosinone,4.0,1.0,3.0,0.0,7.0,1.0
dQjT6Msb,flashscore,I2,2223,2023-04-01,ascoli,brescia,4.0,0.0,0.0,5.0,4.0,5.0
8OxKdxKj,flashscore,I2,2223,2023-04-01,cagliari,sudtirol,4.0,1.0,4.0,2.0,8.0,3.0
lvdm2bdT,flashscore,I2,2223,2023-04-01,cosenza,pisa,3.0,3.0,1.0,0.0,4.0,3.0
Amcq3vsN,flashscore,I2,2223,2023-04-01,parma,palermo,3.0,1.0,3.0,0.0,6.0,1.0
MRQ1LLdi,flashscore,I2,2223,2023-04-01,spal,ternana,2.0,2.0,2.0,13.0,4.0,15.0
Iuux50CA,flashscore,I2,2223,2023-04-01,venezia,como,5.0,1.0,1.0,1.0,6.0,2.0
vq3qu6d1,flashscore,N1,2223,2023-04-01,waalwijk,vitesse,0.0,0.0,1.0,2.0,1.0,2.0
IZ1mvQB7,flashscore,N1,2223,2023-04-01,cambuur,fc emmen,3.0,1.0,0.0,4.0,3.0,5.0
pM3utnse,flashscore,N1,2223,2023-04-01,nijmegen,psv,0.0,2.0,3.0,5.0,3.0,7.0
IBJ0mUlL,flashscore,N1,2223,2023-04-01,excelsior,twente,1.0,4.0,6.0,6.0,7.0,10.0
vLKdlAZE,flashscore,N1,2223,2023-04-01,az alkmaar,heerenveen,7.0,0.0,2.0,2.0,9.0,2.0
hQ9VW22h,flashscore,P1,2223,2023-04-01,sporting cp,santa clara,4.0,0.0,2.0,2.0,6.0,2.0
6TDZVMHb,flashscore,P1,2223,2023-04-01,vitoria guimaraes,pacos ferreira,1.0,1.0,4.0,3.0,5.0,4.0
0jDwVtX4,flashscore,P1,2223,2023-04-01,vizela,casa pia,4.0,1.0,6.0,2.0,10.0,3.0
CxZUUYLf,flashscore,RO1,2223,2023-04-01,fc rapid bucuresti,farul constanta,2.0,3.0,0.0,1.0,2.0,4.0
negaBsQc,flashscore,RO1,2223,2023-04-01,fc hermannstadt,fc botosani,2.0,3.0,2.0,5.0,4.0,8.0
f16DmvYj,flashscore,RO1,2223,2023-04-01,uta arad,u. cluj,2.0,1.0,3.0,5.0,5.0,6.0
IaTiA8is,flashscore,RS1,2223,2023-04-01,vojvodina,partizan,2.0,2.0,1.0,2.0,3.0,4.0
ngz86Qj6,flashscore,RS1,2223,2023-04-01,crvena zvezda,mladost gat,2.0,0.0,4.0,0.0,6.0,0.0
Q35ORzNE,flashscore,RS1,2223,2023-04-01,vozdovac,javor,3.0,2.0,1.0,2.0,4.0,4.0
QqZB5p6C,flashscore,RS1,2223,2023-04-01,radnicki 1923,sp. subotica,3.0,5.0,6.0,0.0,9.0,5.0
OA7GyvWD,flashscore,SA1,2223,2023-04-01,al hilal,al khaleej,2.0,1.0,6.0,2.0,8.0,3.0
nFsFPse2,flashscore,SP2,2223,2023-04-01,oviedo,eibar,2.0,2.0,9.0,0.0,11.0,2.0
YBwBQNud,flashscore,SP2,2223,2023-04-01,leganes,fc cartagena sad,2.0,2.0,0.0,0.0,2.0,2.0
AJLrXP2S,flashscore,SP2,2223,2023-04-01,tenerife,villarreal b,0.0,0.0,7.0,1.0,7.0,1.0
O2JWZRI9,flashscore,SP2,2223,2023-04-01,burgos cf,racing santander,4.0,2.0,0.0,3.0,4.0,5.0
tU8VI69T,flashscore,SW1,2223,2023-04-01,basel,winterthur,1.0,2.0,3.0,1.0,4.0,3.0
EHwpxU9i,flashscore,SW1,2223,2023-04-01,servette,young boys,1.0,3.0,4.0,6.0,5.0,9.0
pE1t4iOo,flashscore,TR1,2223,2023-04-01,galatasaray,adana demirspor,4.0,2.0,4.0,2.0,8.0,4.0
WADbu8oo,flashscore,TR1,2223,2023-04-01,basaksehir,ankaragucu,1.0,1.0,2.0,4.0,3.0,5.0
I3gg1k84,flashscore,TR1,2223,2023-04-01,trabzonspor,kayserispor,0.0,1.0,4.0,1.0,4.0,2.0
rPc5VGxh,flashscore,TR2,2223,2023-04-01,samsunspor,pendikspor,1.0,3.0,3.0,3.0,4.0,6.0
00hAUzhb,flashscore,TR2,2223,2023-04-01,denizlispor,goztepe,1.0,2.0,3.0,2.0,4.0,4.0
UmWfPStQ,flashscore,B1,2223,2023-04-02,royale union sg,st. truiden,7.0,1.0,6.0,0.0,13.0,1.0
lYCRJ64m,flashscore,B1,2223,2023-04-02,kv mechelen,club brugge kv,0.0,3.0,1.0,5.0,1.0,8.0
dbGZHpZa,flashscore,B1,2223,2023-04-02,eupen,anderlecht,1.0,4.0,1.0,2.0,2.0,6.0
QJu525ZC,flashscore,B1,2223,2023-04-02,genk,leuven,8.0,2.0,3.0,3.0,11.0,5.0
djpwPn0Q,flashscore,B2,2223,2023-04-02,beerschot va,rwdm brussels,4.0,5.0,1.0,0.0,5.0,5.0
zJne4F68,flashscore,B2,2223,2023-04-02,lommel sk,virton,1.0,8.0,1.0,0.0,2.0,8.0
EkRnK64E,flashscore,D1,2223,2023-04-02,werder bremen,hoffenheim,1.0,5.0,0.0,1.0,1.0,6.0
2gOabPse,flashscore,D1,2223,2023-04-02,fc koln,b. monchengladbach,6.0,1.0,5.0,0.0,11.0,1.0
KvxeyV4P,flashscore,D2,2223,2023-04-02,holstein kiel,arminia bielefeld,2.0,4.0,2.0,4.0,4.0,8.0
nkMZTnca,flashscore,D2,2223,2023-04-02,magdeburg,hansa rostock,2.0,0.0,0.0,1.0,2.0,1.0
vqa8DRCI,flashscore,D2,2223,2023-04-02,paderborn,greuther furth,2.0,2.0,0.0,1.0,2.0,3.0
za8c569A,flashscore,DK1,2223,2023-04-02,fc copenhagen,nordsjaelland,8.0,1.0,2.0,2.0,10.0,3.0
tx9g6nf4,flashscore,DK1,2223,2023-04-02,brondby,viborg,5.0,2.0,4.0,3.0,9.0,5.0
KrEPPXjf,flashscore,DK1,2223,2023-04-02,horsens,aalborg,1.0,3.0,2.0,3.0,3.0,6.0
lIITOi60,flashscore,DK1,2223,2023-04-02,lyngby,silkeborg,5.0,1.0,2.0,2.0,7.0,3.0
8tlwIntp,flashscore,E0,2223,2023-04-02,newcastle,manchester utd,3.0,1.0,4.0,3.0,7.0,4.0
tfnoGQAd,flashscore,E0,2223,2023-04-02,west ham,southampton,1.0,1.0,4.0,2.0,5.0,3.0
v7NZ6hVF,flashscore,F1,2223,2023-04-02,psg,lyon,3.0,1.0,4.0,0.0,7.0,1.0
YZ1umXwp,flashscore,F1,2223,2023-04-02,monaco,strasbourg,2.0,2.0,1.0,1.0,3.0,3.0
Sd1qnigj,flashscore,F1,2223,2023-04-02,angers,nice,1.0,1.0,4.0,1.0,5.0,2.0
MVCv6CpM,flashscore,F1,2223,2023-04-02,brest,toulouse,2.0,2.0,2.0,0.0,4.0,2.0
6m0moB8d,flashscore,F1,2223,2023-04-02,clermont,ac ajaccio,3.0,1.0,2.0,0.0,5.0,1.0
hjLN9foc,flashscore,F1,2223,2023-04-02,nantes,reims,1.0,3.0,2.0,1.0,3.0,4.0
WtKR8E03,flashscore,F1,2223,2023-04-02,lille,lorient,3.0,1.0,2.0,0.0,5.0,1.0
zHkX5tc4,flashscore,I2,2223,2023-04-02,modena,cittadella,3.0,2.0,6.0,1.0,9.0,3.0
lfAWs8Cr,flashscore,N1,2223,2023-04-02,sittard,groningen,1.0,5.0,2.0,4.0,3.0,9.0
IR7O29l8,flashscore,N1,2223,2023-04-02,sparta rotterdam,feyenoord,4.0,3.0,0.0,5.0,4.0,8.0
noO4nl4R,flashscore,N1,2223,2023-04-02,utrecht,fc volendam,6.0,4.0,5.0,3.0,11.0,7.0
WIaysSRl,flashscore,N1,2223,2023-04-02,g.a. eagles,ajax,2.0,2.0,0.0,4.0,2.0,6.0
vsCsU0nB,flashscore,P1,2223,2023-04-02,fc porto,portimonense,5.0,1.0,5.0,2.0,10.0,3.0
A1KQXrmn,flashscore,P1,2223,2023-04-02,rio ave,benfica,0.0,3.0,3.0,3.0,3.0,6.0
WALMYOXu,flashscore,P1,2223,2023-04-02,chaves,braga,2.0,3.0,5.0,2.0,7.0,5.0
pfsrSvHN,flashscore,P1,2223,2023-04-02,maritimo,boavista,2.0,4.0,1.0,5.0,3.0,9.0
jTXYThy1,flashscore,RO1,2223,2023-04-02,univ. craiova,cfr cluj,6.0,0.0,9.0,0.0,15.0,0.0
84feCNAi,flashscore,RO1,2223,2023-04-02,fc arges,fc voluntari,2.0,0.0,0.0,3.0,2.0,3.0
nD6KSG78,flashscore,RS1,2223,2023-04-02,radnicki nis,cukaricki,0.0,5.0,5.0,0.0,5.0,5.0
W2Xe9S6m,flashscore,RS1,2223,2023-04-02,radnik,tsc,3.0,0.0,2.0,2.0,5.0,2.0
Uw7aXgE8,flashscore,SP2,2223,2023-04-02,mirandes,ud ibiza,2.0,2.0,5.0,0.0,7.0,2.0
d8o7zERA,flashscore,SP2,2223,2023-04-02,andorra,malaga,4.0,1.0,2.0,2.0,6.0,3.0
jm8eYZb2,flashscore,SP2,2223,2023-04-02,gijon,granada cf,4.0,0.0,5.0,3.0,9.0,3.0
WSMvY5mM,flashscore,SP2,2223,2023-04-02,lugo,ponferradina,1.0,1.0,1.0,5.0,2.0,6.0
vkv7R3Qk,flashscore,SP2,2223,2023-04-02,huesca,alaves,1.0,4.0,4.0,1.0,5.0,5.0
0Ek2DpXj,flashscore,SW1,2223,2023-04-02,luzern,sion,4.0,0.0,4.0,0.0,8.0,0.0
h8xlylPc,flashscore,SW1,2223,2023-04-02,st. gallen,zurich,4.0,1.0,5.0,2.0,9.0,3.0
nBobEQHp,flashscore,SW1,2223,2023-04-02,grasshoppers,lugano,3.0,1.0,4.0,2.0,7.0,3.0
CQWRpUNN,flashscore,TR1,2223,2023-04-02,fenerbahce,besiktas,4.0,2.0,4.0,0.0,8.0,2.0
dl5p3Bwh,flashscore,TR1,2223,2023-04-02,gaziantep,kasimpasa,,,,,,
U1RWqlwU,flashscore,TR1,2223,2023-04-02,hatayspor,sivasspor,,,,,,
vDYJnjgB,flashscore,TR1,2223,2023-04-02,giresunspor,alanyaspor,5.0,1.0,2.0,1.0,7.0,2.0
vDfk2Vhb,flashscore,TR1,2223,2023-04-02,umraniyespor,konyaspor,2.0,5.0,2.0,2.0,4.0,7.0
nHfMRYyH,flashscore,TR2,2223,2023-04-02,rizespor,bandirmaspor,5.0,0.0,4.0,0.0,9.0,0.0
jVAJ7Dpo,flashscore,TR2,2223,2023-04-02,adanaspor as,boluspor,,,,,,
4Yb1WdNo,flashscore,TR2,2223,2023-04-02,yeni malatyaspor,altinordu,,,,,,
viiETf74,flashscore,TR2,2223,2023-04-02,keciorengucu,tuzlaspor,6.0,3.0,6.0,0.0,12.0,3.0
GxKiCgxU,flashscore,TR2,2223,2023-04-02,manisa fk,genclerbirligi,2.0,1.0,2.0,1.0,4.0,2.0
Ek714QOG,flashscore,DK1,2223,2023-04-03,aarhus,randers fc,4.0,1.0,3.0,1.0,7.0,2.0
ld76N8IM,flashscore,E0,2223,2023-04-03,everton,tottenham,1.0,1.0,2.0,2.0,3.0,3.0
Gncg8tVR,flashscore,I1,2223,2023-04-03,sassuolo,torino,3.0,3.0,3.0,4.0,6.0,7.0
tAIjlLwd,flashscore,I1,2223,2023-04-03,empoli,lecce,2.0,3.0,1.0,1.0,3.0,4.0
pM3FQRuJ,flashscore,P1,2223,2023-04-03,famalicao,arouca,2.0,0.0,5.0,1.0,7.0,1.0
pjXxTCj7,flashscore,RO1,2223,2023-04-03,sepsi sf. gheorghe,fcsb,2.0,5.0,2.0,1.0,4.0,6.0
S6AdA1u4,flashscore,RO1,2223,2023-04-03,mioveni,chindia targoviste,1.0,5.0,1.0,2.0,2.0,7.0
0bu3SqBq,flashscore,SP2,2223,2023-04-03,albacete,las palmas,0.0,1.0,1.0,6.0,1.0,7.0
YZXNoA8H,flashscore,TR1,2223,2023-04-03,istanbulspor as,karagumruk,2.0,2.0,6.0,1.0,8.0,3.0
YDjISEMA,flashscore,TR2,2223,2023-04-03,altay,sakaryaspor,1.0,3.0,1.0,4.0,2.0,7.0
UupRQhiN,flashscore,TR2,2223,2023-04-03,eyupspor,erzurumspor,3.0,0.0,5.0,0.0,8.0,0.0
trMpik1m,flashscore,E0,2223,2023-04-04,chelsea,liverpool,1.0,4.0,2.0,1.0,3.0,5.0
djISpEvE,flashscore,E0,2223,2023-04-04,bournemouth,brighton,2.0,2.0,3.0,3.0,5.0,5.0
llc7wWWm,flashscore,E0,2223,2023-04-04,leeds,nottingham,6.0,2.0,5.0,2.0,11.0,4.0
0O0Bxjnf,flashscore,E0,2223,2023-04-04,leicester,aston villa,1.0,1.0,3.0,7.0,4.0,8.0
xO2UNRLt,flashscore,RS1,2223,2023-04-04,napredak,mladost,3.0,0.0,2.0,1.0,5.0,1.0
h6VY6MRF,flashscore,SA1,2223,2023-04-04,al adalah,al nassr,0.0,1.0,3.0,0.0,3.0,1.0
Czt4SZh0,flashscore,SA1,2223,2023-04-04,al fayha,al hilal,1.0,1.0,3.0,3.0,4.0,4.0
p4690K4q,flashscore,SA1,2223,2023-04-04,al ittihad,damac,2.0,1.0,4.0,3.0,6.0,4.0
nBTSprFf,flashscore,E0,2223,2023-04-05,manchester utd,brentford,8.0,0.0,4.0,3.0,12.0,3.0
U3hSY7oJ,flashscore,E0,2223,2023-04-05,west ham,newcastle,4.0,4.0,3.0,2.0,7.0,6.0
GjsWxrTH,flashscore,I2,2223,2023-04-05,perugia,reggina,5.0,3.0,5.0,4.0,10.0,7.0
MsJkWVBs,flashscore,P1,2223,2023-04-05,gil vicente,sporting cp,0.0,0.0,1.0,3.0,1.0,3.0
zFG2S7DP,flashscore,RS1,2223,2023-04-05,mladost gat,kolubara,1.0,1.0,3.0,2.0,4.0,3.0
MBSK3OzP,flashscore,RS1,2223,2023-04-05,sp. subotica,crvena zvezda,2.0,4.0,3.0,4.0,5.0,8.0
SCesLP5a,flashscore,RS1,2223,2023-04-05,partizan,vozdovac,5.0,0.0,5.0,0.0,10.0,0.0
vNTt50dS,flashscore,SA1,2223,2023-04-05,abha,al taawon,3.0,3.0,3.0,1.0,6.0,4.0
EFWU72C9,flashscore,SA1,2223,2023-04-05,al batin,al wehda,0.0,1.0,2.0,3.0,2.0,4.0
b7ADavKk,flashscore,SA1,2223,2023-04-05,al taee,al raed,0.0,3.0,1.0,1.0,1.0,4.0
facZMoym,flashscore,RS1,2223,2023-04-06,novi pazar,radnik,1.0,2.0,1.0,4.0,2.0,6.0
0WUx6tsM,flashscore,SA1,2223,2023-04-06,al fateh,al khaleej,3.0,2.0,2.0,0.0,5.0,2.0
ID4rGO3C,flashscore,B1,2223,2023-04-07,club brugge kv,seraing,9.0,0.0,12.0,1.0,21.0,1.0
E9oa3ZLE,flashscore,B2,2223,2023-04-07,genk u23,dender,2.0,2.0,2.0,2.0,4.0,4.0
fL2d2gyL,flashscore,B2,2223,2023-04-07,st. liege u23,deinze,4.0,2.0,4.0,1.0,8.0,3.0
OnLlgnq9,flashscore,E1,2223,2023-04-07,middlesbrough,burnley,1.0,2.0,0.0,0.0,1.0,2.0
6m8uq2L1,flashscore,E1,2223,2023-04-07,sunderland,hull,1.0,0.0,0.0,0.0,1.0,0.0
pdMpfST2,flashscore,E1,2223,2023-04-07,blackburn,norwich,4.0,3.0,4.0,2.0,8.0,5.0
n1YOUQIs,flashscore,E1,2223,2023-04-07,blackpool,cardiff,3.0,2.0,1.0,1.0,4.0,3.0
dEYeiQDL,flashscore,E1,2223,2023-04-07,qpr,preston,1.0,3.0,5.0,3.0,6.0,6.0
vwO0jpTR,flashscore,E1,2223,2023-04-07,reading,birmingham,3.0,0.0,2.0,0.0,5.0,0.0
ALEWpOjk,flashscore,E1,2223,2023-04-07,sheffield utd,wigan,5.0,3.0,4.0,3.0,9.0,6.0
lCDzpr6e,flashscore,E1,2223,2023-04-07,stoke,bristol city,5.0,2.0,2.0,2.0,7.0,4.0
fRXSTpYm,flashscore,E1,2223,2023-04-07,swansea,coventry,2.0,2.0,3.0,3.0,5.0,5.0
pv7qrMz8,flashscore,E1,2223,2023-04-07,watford,huddersfield,5.0,3.0,8.0,0.0,13.0,3.0
GbFSo4yq,flashscore,E1,2223,2023-04-07,rotherham,west brom,8.0,1.0,0.0,2.0,8.0,3.0
INZih6bF,flashscore,E1,2223,2023-04-07,millwall,luton,3.0,1.0,1.0,3.0,4.0,4.0
EPyIJVEL,flashscore,F1,2223,2023-04-07,lens,strasbourg,2.0,1.0,3.0,0.0,5.0,1.0
lfKL7UeE,flashscore,I1,2223,2023-04-07,ac milan,empoli,2.0,0.0,7.0,0.0,9.0,0.0
A3LH8At8,flashscore,I1,2223,2023-04-07,lecce,napoli,1.0,3.0,4.0,1.0,5.0,4.0
ITOP6lBK,flashscore,I1,2223,2023-04-07,salernitana,inter,1.0,1.0,1.0,7.0,2.0,8.0
APn3eRtr,flashscore,N1,2223,2023-04-07,groningen,utrecht,2.0,0.0,0.0,7.0,2.0,7.0
GxYDMIvo,flashscore,P1,2223,2023-04-07,boavista,vitoria guimaraes,6.0,1.0,1.0,6.0,7.0,7.0
vHtnRbWT,flashscore,P1,2223,2023-04-07,benfica,fc porto,1.0,4.0,3.0,1.0,4.0,5.0
nN3DsKGA,flashscore,P1,2223,2023-04-07,santa clara,vizela,2.0,2.0,0.0,2.0,2.0,4.0
vmaoKqL5,flashscore,RS1,2223,2023-04-07,javor,cukaricki,0.0,2.0,3.0,3.0,3.0,5.0
YkdwM5jg,flashscore,RS1,2223,2023-04-07,tsc,vojvodina,1.0,0.0,2.0,3.0,3.0,3.0
88OG44LI,flashscore,RS1,2223,2023-04-07,radnicki 1923,radnicki nis,0.0,2.0,2.0,0.0,2.0,2.0
hU9HbbZe,flashscore,SA1,2223,2023-04-07,al shabab,al hilal,2.0,2.0,1.0,4.0,3.0,6.0
CK7vYQ4J,flashscore,SP2,2223,2023-04-07,villarreal b,malaga,1.0,2.0,1.0,4.0,2.0,6.0
ObRqCqr0,flashscore,SP2,2223,2023-04-07,lugo,tenerife,5.0,1.0,1.0,2.0,6.0,3.0
nwbc09NA,flashscore,TR1,2223,2023-04-07,konyaspor,antalyaspor,1.0,4.0,5.0,0.0,6.0,4.0
I5U0KjUj,flashscore,TR2,2223,2023-04-07,boluspor,bodrumspor,0.0,6.0,1.0,3.0,1.0,9.0
2g44vCLM,flashscore,TR2,2223,2023-04-07,goztepe,samsunspor,0.0,0.0,2.0,3.0,2.0,3.0
O250uh6G,flashscore,TR2,2223,2023-04-07,tuzlaspor,denizlispor,1.0,0.0,2.0,3.0,3.0,3.0
6ZtZxnBP,flashscore,B1,2223,2023-04-08,gent,royale union sg,3.0,3.0,1.0,0.0,4.0,3.0
CzQHUNI5,flashscore,B1,2223,2023-04-08,charleroi,waregem,0.0,4.0,3.0,1.0,3.0,5.0
G8W8Wqlg,flashscore,B1,2223,2023-04-08,kortrijk,eupen,4.0,4.0,3.0,2.0,7.0,6.0
xIX4XPYn,flashscore,B1,2223,2023-04-08,leuven,kv mechelen,2.0,4.0,0.0,4.0,2.0,8.0
hMV8JQNm,flashscore,B2,2223,2023-04-08,beveren,anderlecht u23,3.0,2.0,2.0,4.0,5.0,6.0
baW4K68s,flashscore,B2,2223,2023-04-08,club brugge kv u23,k. lierse s.k.,1.0,7.0,2.0,2.0,3.0,9.0
8Q5PXPYD,flashscore,D1,2223,2023-04-08,hertha berlin,rb leipzig,3.0,3.0,1.0,1.0,4.0,4.0
fNHs9tdD,flashscore,D1,2223,2023-04-08,augsburg,fc koln,5.0,1.0,1.0,0.0,6.0,1.0
MFUfIpZQ,flashscore,D1,2223,2023-04-08,bayer leverkusen,eintracht frankfurt,1.0,2.0,1.0,3.0,2.0,5.0
8CQjJQJK,flashscore,D1,2223,2023-04-08,dortmund,union berlin,5.0,0.0,3.0,0.0,8.0,0.0
Sd7ND4sr,flashscore,D1,2223,2023-04-08,freiburg,bayern munich,1.0,2.0,1.0,4.0,2.0,6.0
6m6RCOdl,flashscore,D1,2223,2023-04-08,mainz,werder bremen,0.0,1.0,1.0,1.0,1.0,2.0
v3RgPOBU,flashscore,D2,2223,2023-04-08,heidenheim,st. pauli,2.0,1.0,3.0,2.0,5.0,3.0
KGaGtQt5,flashscore,D2,2223,2023-04-08,braunschweig,kaiserslautern,6.0,1.0,3.0,2.0,9.0,3.0
ImwoRpsI,flashscore,D2,2223,2023-04-08,hamburger sv,hannover,2.0,1.0,4.0,2.0,6.0,3.0
jy8ap8st,flashscore,D2,2223,2023-04-08,nurnberg,karlsruher sc,8.0,0.0,2.0,2.0,10.0,2.0
tSPDHwn1,flashscore,E0,2223,2023-04-08,southampton,manchester city,0.0,6.0,0.0,4.0,0.0,10.0
Sd7LvAmc,flashscore,E0,2223,2023-04-08,aston villa,nottingham,0.0,2.0,1.0,6.0,1.0,8.0
6m6PwU23,flashscore,E0,2223,2023-04-08,brentford,newcastle,4.0,2.0,2.0,3.0,6.0,5.0
0A5TxlI9,flashscore,E0,2223,2023-04-08,fulham,west ham,4.0,1.0,7.0,3.0,11.0,4.0
fBN1Ku2r,flashscore,E0,2223,2023-04-08,leicester,bournemouth,3.0,3.0,3.0,3.0,6.0,6.0
OjFIGc17,flashscore,E0,2223,2023-04-08,tottenham,brighton,2.0,3.0,1.0,4.0,3.0,7.0
zRIMFHGD,flashscore,E0,2223,2023-04-08,wolves,chelsea,7.0,6.0,1.0,2.0,8.0,8.0
2yR9IJWf,flashscore,E0,2223,2023-04-08,manchester utd,everton,7.0,2.0,3.0,2.0,10.0,4.0
Icr9Lip9,flashscore,F1,2223,2023-04-08,nice,psg,2.0,2.0,8.0,3.0,10.0,5.0
W42EaANk,flashscore,F1,2223,2023-04-08,angers,lille,0.0,2.0,3.0,4.0,3.0,6.0
6Vfy0Ix8,flashscore,I1,2223,2023-04-08,lazio,juventus,5.0,1.0,1.0,5.0,6.0,6.0
210d1SYs,flashscore,I1,2223,2023-04-08,torino,as roma,3.0,2.0,4.0,2.0,7.0,4.0
8pxY0bN1,flashscore,I1,2223,2023-04-08,verona,sassuolo,0.0,3.0,4.0,7.0,4.0,10.0
zXwQ2Khk,flashscore,I1,2223,2023-04-08,atalanta,bologna,2.0,0.0,4.0,0.0,6.0,0.0
dKNT58QQ,flashscore,I1,2223,2023-04-08,sampdoria,cremonese,2.0,1.0,1.0,2.0,3.0,3.0
ENxU1v8e,flashscore,I1,2223,2023-04-08,fiorentina,spezia,3.0,1.0,5.0,3.0,8.0,4.0
G4400nll,flashscore,I1,2223,2023-04-08,udinese,monza,2.0,2.0,2.0,0.0,4.0,2.0
v5vKiqt7,flashscore,N1,2223,2023-04-08,heerenveen,fc volendam,3.0,1.0,1.0,1.0,4.0,2.0
ju6W0mJK,flashscore,N1,2223,2023-04-08,az alkmaar,sparta rotterdam,0.0,2.0,4.0,2.0,4.0,4.0
dtkFhPQ0,flashscore,N1,2223,2023-04-08,psv,excelsior,4.0,0.0,3.0,1.0,7.0,1.0
xjcNj3eD,flashscore,N1,2223,2023-04-08,vitesse,g.a. eagles,0.0,0.0,6.0,2.0,6.0,2.0
4bE8r014,flashscore,P1,2223,2023-04-08,braga,estoril,4.0,2.0,3.0,0.0,7.0,2.0
dYA0pMWi,flashscore,P1,2223,2023-04-08,pacos ferreira,famalicao,3.0,2.0,7.0,2.0,10.0,4.0
Q7F4qtnb,flashscore,P1,2223,2023-04-08,portimonense,rio ave,2.0,2.0,6.0,2.0,8.0,4.0
bc7HtvWG,flashscore,P1,2223,2023-04-08,arouca,maritimo,1.0,8.0,6.0,3.0,7.0,11.0
bgysSW5D,flashscore,RO1,2223,2023-04-08,farul constanta,univ. craiova,5.0,2.0,2.0,2.0,7.0,4.0
6c909LfA,flashscore,RO1,2223,2023-04-08,u. cluj,u craiova 1948,2.0,0.0,0.0,5.0,2.0,5.0
ENC87aPM,flashscore,RO1,2223,2023-04-08,fc voluntari,uta arad,0.0,3.0,2.0,4.0,2.0,7.0
QNBrXpKP,flashscore,SP2,2223,2023-04-08,racing santander,albacete,3.0,3.0,0.0,3.0,3.0,6.0
I1OyE5Dm,flashscore,SP2,2223,2023-04-08,ud ibiza,gijon,5.0,0.0,4.0,3.0,9.0,3.0
KQKhANCC,flashscore,SP2,2223,2023-04-08,zaragoza,granada cf,1.0,3.0,3.0,1.0,4.0,4.0
CAhkZRgA,flashscore,SW1,2223,2023-04-08,sion,servette,2.0,4.0,0.0,7.0,2.0,11.0
2ao2WPwT,flashscore,SW1,2223,2023-04-08,zurich,basel,2.0,0.0,1.0,1.0,3.0,1.0
6RAVs17q,flashscore,TR1,2223,2023-04-08,kasimpasa,trabzonspor,4.0,2.0,1.0,3.0,5.0,5.0
hrDsuai2,flashscore,TR1,2223,2023-04-08,ankaragucu,istanbulspor as,4.0,3.0,4.0,1.0,8.0,4.0
KA8qqz7i,flashscore,TR2,2223,2023-04-08,altinordu,eyupspor,2.0,0.0,3.0,0.0,5.0,0.0
SzCisEy4,flashscore,TR2,2223,2023-04-08,sakaryaspor,manisa fk,0.0,4.0,3.0,3.0,3.0,7.0
8WrVPC6T,flashscore,TR2,2223,2023-04-08,genclerbirligi,yeni malatyaspor,,,,,,
vFVdLWEp,flashscore,TR2,2223,2023-04-08,pendikspor,adanaspor as,,,,,,
YqRDV33a,flashscore,B1,2223,2023-04-09,st. truiden,oostende,3.0,1.0,3.0,1.0,6.0,2.0
4U2jE2YO,flashscore,B1,2223,2023-04-09,st. liege,genk,3.0,3.0,1.0,4.0,4.0,7.0
reY0Y5Jt,flashscore,B1,2223,2023-04-09,antwerp,cercle brugge ksv,3.0,0.0,3.0,1.0,6.0,1.0
Qw4nFrJI,flashscore,B1,2223,2023-04-09,anderlecht,westerlo,4.0,0.0,6.0,1.0,10.0,1.0
j7lCIpwf,flashscore,B2,2223,2023-04-09,rwdm brussels,beerschot va,7.0,1.0,0.0,1.0,7.0,2.0
YB101DjR,flashscore,B2,2223,2023-04-09,virton,lommel sk,0.0,3.0,2.0,5.0,2.0,8.0
zNAVBrCf,flashscore,D1,2223,2023-04-09,hoffenheim,schalke,7.0,2.0,2.0,6.0,9.0,8.0
dxavAMt7,flashscore,D1,2223,2023-04-09,bochum,stuttgart,2.0,1.0,5.0,3.0,7.0,4.0
ED9ZA2R0,flashscore,D1,2223,2023-04-09,b. monchengladbach,wolfsburg,1.0,4.0,4.0,4.0,5.0,8.0
K2KsSQRB,flashscore,D2,2223,2023-04-09,arminia bielefeld,dusseldorf,2.0,3.0,1.0,0.0,3.0,3.0
0CSkQ4dO,flashscore,D2,2223,2023-04-09,darmstadt,paderborn,3.0,0.0,4.0,3.0,7.0,3.0
UR63qSdn,flashscore,D2,2223,2023-04-09,hansa rostock,holstein kiel,5.0,1.0,9.0,1.0,14.0,2.0
Qg0Cs6Rb,flashscore,D2,2223,2023-04-09,regensburg,magdeburg,2.0,2.0,0.0,5.0,2.0,7.0
Cjd8rnCh,flashscore,D2,2223,2023-04-09,sandhausen,greuther furth,2.0,2.0,0.0,4.0,2.0,6.0
tCwb3pvN,flashscore,DK1,2223,2023-04-09,viborg,aarhus,4.0,2.0,3.0,0.0,7.0,2.0
Y1M5JaHl,flashscore,E0,2223,2023-04-09,liverpool,arsenal,1.0,2.0,4.0,2.0,5.0,4.0
ED9Xy8XF,flashscore,E0,2223,2023-04-09,leeds,crystal palace,2.0,3.0,0.0,1.0,2.0,4.0
ETiJbUxd,flashscore,F1,2223,2023-04-09,lorient,marseille,1.0,2.0,2.0,4.0,3.0,6.0
Q3eNclh2,flashscore,F1,2223,2023-04-09,nantes,monaco,4.0,5.0,2.0,3.0,6.0,8.0
hE3A0j8q,flashscore,F1,2223,2023-04-09,ac ajaccio,auxerre,2.0,2.0,5.0,3.0,7.0,5.0
v7q5MXU2,flashscore,F1,2223,2023-04-09,montpellier,toulouse,3.0,1.0,1.0,2.0,4.0,3.0
8nyMIkUR,flashscore,F1,2223,2023-04-09,reims,brest,3.0,2.0,3.0,1.0,6.0,3.0
p8SmE9xq,flashscore,F1,2223,2023-04-09,troyes,clermont,2.0,0.0,1.0,2.0,3.0,2.0
zZxEKBaF,flashscore,F1,2223,2023-04-09,lyon,rennes,3.0,2.0,4.0,0.0,7.0,2.0
IkjBg5Bf,flashscore,N1,2223,2023-04-09,feyenoord,waalwijk,5.0,2.0,2.0,2.0,7.0,4.0
dI6S1T3E,flashscore,N1,2223,2023-04-09,ajax,sittard,8.0,3.0,9.0,1.0,17.0,4.0
4rAz07YQ,flashscore,N1,2223,2023-04-09,fc emmen,nijmegen,1.0,2.0,1.0,3.0,2.0,5.0
lGo7fodl,flashscore,N1,2223,2023-04-09,twente,cambuur,6.0,0.0,1.0,2.0,7.0,2.0
hK6LuboN,flashscore,P1,2223,2023-04-09,casa pia,sporting cp,0.0,6.0,1.0,12.0,1.0,18.0
0bFPjGrE,flashscore,RO1,2223,2023-04-09,cfr cluj,fcsb,4.0,3.0,0.0,2.0,4.0,5.0
dn2D6JvT,flashscore,RO1,2223,2023-04-09,fc botosani,fc arges,3.0,1.0,2.0,3.0,5.0,4.0
belu2wmp,flashscore,RO1,2223,2023-04-09,chindia targoviste,fc hermannstadt,0.0,2.0,3.0,3.0,3.0,5.0
tjjCKudF,flashscore,SA1,2223,2023-04-09,al wehda,al ittihad,2.0,4.0,3.0,5.0,5.0,9.0
nTj8LLt9,flashscore,SA1,2223,2023-04-09,abha,al batin,3.0,2.0,2.0,4.0,5.0,6.0
tlBh0BA0,flashscore,SA1,2223,2023-04-09,al fayha,al nassr,1.0,4.0,0.0,3.0,1.0,7.0
8xh4M1R2,flashscore,SA1,2223,2023-04-09,al taawon,al ettifaq,6.0,2.0,5.0,2.0,11.0,4.0
f5Igm2sB,flashscore,SP1,2223,2023-04-09,rayo vallecano,atl. madrid,6.0,2.0,2.0,0.0,8.0,2.0
nuFokOCb,flashscore,SP1,2223,2023-04-09,almeria,valencia,0.0,3.0,3.0,4.0,3.0,7.0
QPQxiprn,flashscore,SP1,2223,2023-04-09,betis,cadiz cf,2.0,2.0,3.0,4.0,5.0,6.0
UyQ5p0RT,flashscore,SP1,2223,2023-04-09,valladolid,mallorca,0.0,2.0,1.0,0.0,1.0,2.0
UySuDPSg,flashscore,SP2,2223,2023-04-09,las palmas,oviedo,1.0,1.0,3.0,3.0,4.0,4.0
bDB3WDTE,flashscore,SP2,2223,2023-04-09,fc cartagena sad,mirandes,0.0,3.0,2.0,3.0,2.0,6.0
bHJd9sSI,flashscore,SP2,2223,2023-04-09,ponferradina,leganes,3.0,1.0,7.0,2.0,10.0,3.0
zwZWEobs,flashscore,SP2,2223,2023-04-09,eibar,levante,1.0,3.0,1.0,1.0,2.0,4.0
2kQmB3c6,flashscore,SP2,2223,2023-04-09,huesca,burgos cf,3.0,2.0,1.0,1.0,4.0,3.0
IyXL22q9,flashscore,TR1,2223,2023-04-09,besiktas,giresunspor,5.0,0.0,2.0,3.0,7.0,3.0
KUEZtLMk,flashscore,TR1,2223,2023-04-09,adana demirspor,gaziantep,,,,,,
CbWP1MbF,flashscore,TR1,2223,2023-04-09,alanyaspor,hatayspor,,,,,,
EiEwtuxd,flashscore,TR1,2223,2023-04-09,sivasspor,basaksehir,2.0,1.0,5.0,1.0,7.0,2.0
6RAetYjA,flashscore,TR2,2223,2023-04-09,erzurumspor,rizespor,1.0,0.0,2.0,4.0,3.0,4.0
YDCmrfMc,flashscore,TR2,2223,2023-04-09,bandirmaspor,altay,1.0,2.0,3.0,3.0,4.0,5.0
xrPTcO1p,flashscore,DK1,2223,2023-04-10,nordsjaelland,brondby,1.0,1.0,1.0,5.0,2.0,6.0
K2x224gT,flashscore,DK1,2223,2023-04-10,randers fc,fc copenhagen,4.0,3.0,2.0,3.0,6.0,6.0
S8HXNBL6,flashscore,DK1,2223,2023-04-10,aalborg,odense,4.0,5.0,4.0,3.0,8.0,8.0
AX6xNVzD,flashscore,DK1,2223,2023-04-10,midtjylland,lyngby,3.0,4.0,2.0,2.0,5.0,6.0
htlz5qrL,flashscore,E1,2223,2023-04-10,burnley,sheffield utd,3.0,1.0,5.0,1.0,8.0,2.0
AHbV5PSE,flashscore,E1,2223,2023-04-10,bristol city,middlesbrough,2.0,3.0,2.0,4.0,4.0,7.0
bseR65D8,flashscore,E1,2223,2023-04-10,birmingham,stoke,2.0,4.0,4.0,6.0,6.0,10.0
YHWWS4mf,flashscore,E1,2223,2023-04-10,cardiff,sunderland,2.0,3.0,5.0,2.0,7.0,5.0
WWnv43cR,flashscore,E1,2223,2023-04-10,coventry,watford,3.0,0.0,3.0,4.0,6.0,4.0
2FwAbsLl,flashscore,E1,2223,2023-04-10,hull,millwall,1.0,1.0,6.0,4.0,7.0,5.0
pvTEc1ze,flashscore,E1,2223,2023-04-10,luton,blackpool,3.0,2.0,4.0,3.0,7.0,5.0
bsXIdLk1,flashscore,E1,2223,2023-04-10,norwich,rotherham,4.0,1.0,6.0,2.0,10.0,3.0
h4WMeu57,flashscore,E1,2223,2023-04-10,preston,reading,4.0,0.0,5.0,2.0,9.0,2.0
WfVQfaKD,flashscore,E1,2223,2023-04-10,west brom,qpr,1.0,2.0,7.0,2.0,8.0,4.0
GtMySO20,flashscore,E1,2223,2023-04-10,wigan,swansea,2.0,0.0,4.0,1.0,6.0,1.0
OOv6aN5r,flashscore,E1,2223,2023-04-10,huddersfield,blackburn,3.0,1.0,2.0,9.0,5.0,10.0
4AIIHwdG,flashscore,I2,2223,2023-04-10,palermo,cosenza,6.0,5.0,1.0,1.0,7.0,6.0
dpJEIJtA,flashscore,I2,2223,2023-04-10,pisa,cagliari,2.0,5.0,3.0,2.0,5.0,7.0
AFX2dTP7,flashscore,I2,2223,2023-04-10,brescia,ternana,3.0,2.0,0.0,2.0,3.0,4.0
x2Zfbkee,flashscore,I2,2223,2023-04-10,cittadella,parma,1.0,0.0,1.0,2.0,2.0,2.0
tztn0BQr,flashscore,I2,2223,2023-04-10,como,genoa,5.0,1.0,4.0,3.0,9.0,4.0
zVU5KuCc,flashscore,I2,2223,2023-04-10,frosinone,ascoli,4.0,2.0,3.0,0.0,7.0,2.0
ObVjaVuk,flashscore,I2,2223,2023-04-10,perugia,modena,3.0,2.0,2.0,3.0,5.0,5.0
nXGoLC28,flashscore,I2,2223,2023-04-10,reggina,venezia,0.0,2.0,0.0,5.0,0.0,7.0
IgKAJaR3,flashscore,I2,2223,2023-04-10,sudtirol,bari,0.0,7.0,5.0,1.0,5.0,8.0
WOYbc9A1,flashscore,I2,2223,2023-04-10,benevento,spal,2.0,2.0,2.0,4.0,4.0,6.0
IsCdo2Ho,flashscore,P1,2223,2023-04-10,gil vicente,chaves,8.0,2.0,4.0,2.0,12.0,4.0
xOxgZmDt,flashscore,RO1,2223,2023-04-10,sepsi sf. gheorghe,fc rapid bucuresti,4.0,0.0,3.0,1.0,7.0,1.0
0K848uAG,flashscore,RO1,2223,2023-04-10,petrolul,mioveni,3.0,0.0,0.0,1.0,3.0,1.0
MZ6IIi1b,flashscore,RS1,2223,2023-04-10,crvena zvezda,radnicki 1923,0.0,2.0,7.0,0.0,7.0,2.0
rq8EJXoh,flashscore,RS1,2223,2023-04-10,kolubara,sp. subotica,1.0,5.0,2.0,1.0,3.0,6.0
lM8AKDWo,flashscore,RS1,2223,2023-04-10,mladost,mladost gat,3.0,3.0,4.0,0.0,7.0,3.0
YN7p2Xul,flashscore,SA1,2223,2023-04-10,al hilal,al taee,5.0,1.0,6.0,0.0,11.0,1.0
jaIu3DQs,flashscore,SA1,2223,2023-04-10,al raed,al fateh,0.0,4.0,0.0,2.0,0.0,6.0
CE6l1ief,flashscore,SA1,2223,2023-04-10,damac,al adalah,1.0,3.0,5.0,3.0,6.0,6.0
CMMYiQSu,flashscore,SP1,2223,2023-04-10,barcelona,girona,5.0,1.0,7.0,1.0,12.0,2.0
8rkBZXtH,flashscore,SP2,2223,2023-04-10,alaves,andorra,2.0,2.0,4.0,0.0,6.0,2.0
6XigYo9G,flashscore,SW1,2223,2023-04-10,winterthur,luzern,4.0,1.0,3.0,0.0,7.0,1.0
KzdcX5OM,flashscore,SW1,2223,2023-04-10,young boys,grasshoppers,5.0,2.0,1.0,2.0,6.0,4.0
YJgoz8v4,flashscore,SW1,2223,2023-04-10,lugano,st. gallen,2.0,3.0,0.0,6.0,2.0,9.0
voYH3rU2,flashscore,TR1,2223,2023-04-10,karagumruk,fenerbahce,1.0,3.0,0.0,1.0,1.0,4.0
QTd1aTxH,flashscore,TR1,2223,2023-04-10,kayserispor,umraniyespor,2.0,2.0,3.0,5.0,5.0,7.0
OzBtMkjJ,flashscore,DK1,2223,2023-04-11,silkeborg,horsens,3.0,0.0,6.0,2.0,9.0,2.0
UyhbHs5O,flashscore,RS1,2223,2023-04-11,vozdovac,tsc,2.0,1.0,1.0,5.0,3.0,6.0
8Sj2G1KU,flashscore,RS1,2223,2023-04-11,vojvodina,novi pazar,1.0,3.0,3.0,3.0,4.0,6.0
WK8LcIl2,flashscore,SA1,2223,2023-04-11,al khaleej,al shabab,2.0,4.0,1.0,3.0,3.0,7.0
6ujUfX53,flashscore,TR2,2223,2023-04-11,samsunspor,tuzlaspor,3.0,0.0,2.0,1.0,5.0,1.0
vZcrXTDd,flashscore,TR2,2223,2023-04-11,bodrumspor,pendikspor,1.0,4.0,0.0,0.0,1.0,4.0
SliQeDjc,flashscore,TR2,2223,2023-04-11,keciorengucu,goztepe,4.0,2.0,0.0,1.0,4.0,3.0
zJ46LgHu,flashscore,RS1,2223,2023-04-12,radnik,napredak,3.0,2.0,3.0,1.0,6.0,3.0
MBljJ3zC,flashscore,RS1,2223,2023-04-12,radnicki nis,javor,1.0,2.0,4.0,5.0,5.0,7.0
dG38wWzT,flashscore,TR2,2223,2023-04-12,eyupspor,genclerbirligi,2.0,1.0,9.0,1.0,11.0,2.0
dUrshVkM,flashscore,TR2,2223,2023-04-12,adanaspor as,erzurumspor,,,,,,
IJ9ZYkqp,flashscore,TR2,2223,2023-04-12,yeni malatyaspor,boluspor,,,,,,
27qwgBzG,flashscore,TR2,2223,2023-04-12,manisa fk,bandirmaspor,3.0,1.0,7.0,0.0,10.0,1.0
0ravY9bj,flashscore,TR2,2223,2023-04-13,altay,altinordu,1.0,4.0,0.0,6.0,1.0,10.0
l4uZgiL9,flashscore,TR2,2223,2023-04-13,rizespor,sakaryaspor,5.0,1.0,7.0,1.0,12.0,2.0
6cPLTsYB,flashscore,B1,2223,2023-04-14,st. liege,charleroi,4.0,1.0,1.0,4.0,5.0,5.0
YVwHH4h0,flashscore,B2,2223,2023-04-14,beerschot va,club brugge kv u23,2.0,2.0,1.0,4.0,3.0,6.0
jilSdXbr,flashscore,B2,2223,2023-04-14,lommel sk,deinze,1.0,4.0,1.0,3.0,2.0,7.0
r7xLMaQC,flashscore,D1,2223,2023-04-14,schalke,hertha berlin,5.0,7.0,2.0,1.0,7.0,8.0
b7bKupdB,flashscore,D2,2223,2023-04-14,greuther furth,regensburg,3.0,2.0,2.0,2.0,5.0,4.0
jcqzcoRo,flashscore,D2,2223,2023-04-14,hannover,heidenheim,2.0,6.0,4.0,2.0,6.0,8.0
xvaOpZSJ,flashscore,DK1,2223,2023-04-14,midtjylland,aalborg,4.0,6.0,2.0,1.0,6.0,7.0
6TL71VhQ,flashscore,E1,2223,2023-04-14,middlesbrough,norwich,2.0,0.0,1.0,5.0,3.0,5.0
xUaVc99a,flashscore,F1,2223,2023-04-14,toulouse,lyon,5.0,4.0,3.0,1.0,8.0,5.0
OlSX0Jva,flashscore,I1,2223,2023-04-14,spezia,lazio,1.0,0.0,1.0,3.0,2.0,3.0
lI28bQI0,flashscore,I1,2223,2023-04-14,cremonese,empoli,0.0,4.0,3.0,4.0,3.0,8.0
pSbYB8Pf,flashscore,I2,2223,2023-04-14,modena,parma,3.0,0.0,2.0,1.0,5.0,1.0
SI8YcK2t,flashscore,N1,2223,2023-04-14,excelsior,g.a. eagles,2.0,8.0,3.0,4.0,5.0,12.0
C4mhzx9p,flashscore,P1,2223,2023-04-14,famalicao,vitoria guimaraes,3.0,5.0,0.0,5.0,3.0,10.0
AgIT89Ld,flashscore,RO1,2223,2023-04-14,uta arad,fc botosani,1.0,0.0,5.0,1.0,6.0,1.0
SUhq1c2j,flashscore,RO1,2223,2023-04-14,u craiova 1948,fc voluntari,2.0,3.0,2.0,3.0,4.0,6.0
G635c9fJ,flashscore,SA1,2223,2023-04-14,al batin,al hilal,1.0,2.0,2.0,7.0,3.0,9.0
WjsQ8rc3,flashscore,SA1,2223,2023-04-14,al ettifaq,al fayha,1.0,4.0,2.0,4.0,3.0,8.0
2kpqbJeT,flashscore,SP1,2223,2023-04-14,rayo vallecano,osasuna,1.0,0.0,1.0,3.0,2.0,3.0
vyySOMR5,flashscore,SP2,2223,2023-04-14,albacete,eibar,2.0,3.0,2.0,3.0,4.0,6.0
Q1zU0tEL,flashscore,TR1,2223,2023-04-14,antalyaspor,alanyaspor,3.0,0.0,1.0,1.0,4.0,1.0
4he3FuTE,flashscore,TR1,2223,2023-04-14,galatasaray,kayserispor,1.0,6.0,1.0,1.0,2.0,7.0
Y1xlXGv4,flashscore,B1,2223,2023-04-15,westerlo,club brugge kv,2.0,8.0,2.0,5.0,4.0,13.0
OWfcAgXj,flashscore,B1,2223,2023-04-15,cercle brugge ksv,st. truiden,1.0,0.0,3.0,1.0,4.0,1.0
tSudVf9G,flashscore,B1,2223,2023-04-15,oostende,leuven,4.0,4.0,3.0,2.0,7.0,6.0
n5thWzfA,flashscore,B1,2223,2023-04-15,eupen,waregem,0.0,3.0,4.0,0.0,4.0,3.0
CMxLGO76,flashscore,B2,2223,2023-04-15,anderlecht u23,k. lierse s.k.,2.0,2.0,1.0,3.0,3.0,5.0
4fhWeiEl,flashscore,B2,2223,2023-04-15,st. liege u23,genk u23,6.0,3.0,4.0,4.0,10.0,7.0
ERl8P1tf,flashscore,D1,2223,2023-04-15,eintracht frankfurt,b. monchengladbach,4.0,0.0,6.0,2.0,10.0,2.0
nH4TWqlK,flashscore,D1,2223,2023-04-15,bayern munich,hoffenheim,4.0,2.0,9.0,2.0,13.0,4.0
0Op4QsRm,flashscore,D1,2223,2023-04-15,fc koln,mainz,2.0,2.0,1.0,1.0,3.0,3.0
4haYV33Q,flashscore,D1,2223,2023-04-15,rb leipzig,augsburg,2.0,2.0,1.0,3.0,3.0,5.0
zswHNuB6,flashscore,D1,2223,2023-04-15,stuttgart,dortmund,3.0,2.0,2.0,5.0,5.0,7.0
xEonfqB4,flashscore,D2,2223,2023-04-15,kaiserslautern,hamburger sv,2.0,1.0,2.0,3.0,4.0,4.0
CWDPxrtU,flashscore,D2,2223,2023-04-15,holstein kiel,nurnberg,1.0,0.0,3.0,2.0,4.0,2.0
bNnrePeb,flashscore,D2,2223,2023-04-15,magdeburg,sandhausen,3.0,3.0,2.0,3.0,5.0,6.0
I9ELwOQN,flashscore,D2,2223,2023-04-15,paderborn,hansa rostock,2.0,2.0,9.0,2.0,11.0,4.0
tSoqXIol,flashscore,E0,2223,2023-04-15,manchester city,leicester,2.0,0.0,4.0,2.0,6.0,2.0
SK58wL8K,flashscore,E0,2223,2023-04-15,chelsea,brighton,1.0,4.0,1.0,4.0,2.0,8.0
pd0DxuOQ,flashscore,E0,2223,2023-04-15,everton,fulham,2.0,1.0,2.0,6.0,4.0,7.0
xfuhVdG0,flashscore,E0,2223,2023-04-15,southampton,crystal palace,6.0,0.0,0.0,2.0,6.0,2.0
GpvdUGV6,flashscore,E0,2223,2023-04-15,tottenham,bournemouth,3.0,1.0,5.0,0.0,8.0,1.0
21x4Sf0J,flashscore,E0,2223,2023-04-15,wolves,brentford,3.0,1.0,2.0,1.0,5.0,2.0
lU64v1gE,flashscore,E0,2223,2023-04-15,aston villa,newcastle,3.0,1.0,4.0,1.0,7.0,2.0
YFNa3iOD,flashscore,E1,2223,2023-04-15,blackburn,hull,5.0,2.0,5.0,1.0,10.0,3.0
C6M32BwK,flashscore,E1,2223,2023-04-15,blackpool,wigan,1.0,6.0,2.0,1.0,3.0,7.0
rkDZdk1s,flashscore,E1,2223,2023-04-15,millwall,preston,1.0,2.0,1.0,2.0,2.0,4.0
QD2vd9Gm,flashscore,E1,2223,2023-04-15,qpr,coventry,3.0,1.0,2.0,1.0,5.0,2.0
441reTVg,flashscore,E1,2223,2023-04-15,reading,burnley,0.0,6.0,3.0,1.0,3.0,7.0
Yw6nfmo0,flashscore,E1,2223,2023-04-15,rotherham,luton,0.0,2.0,2.0,4.0,2.0,6.0
CU4jg706,flashscore,E1,2223,2023-04-15,stoke,west brom,2.0,2.0,3.0,3.0,5.0,5.0
fgfehRFC,flashscore,E1,2223,2023-04-15,sunderland,birmingham,9.0,1.0,0.0,1.0,9.0,2.0
O6PqQ2XC,flashscore,E1,2223,2023-04-15,swansea,huddersfield,0.0,3.0,5.0,1.0,5.0,4.0
hvDbioVI,flashscore,E1,2223,2023-04-15,watford,bristol city,4.0,4.0,2.0,3.0,6.0,7.0
UqQuRrI6,flashscore,E1,2223,2023-04-15,sheffield utd,cardiff,1.0,3.0,4.0,2.0,5.0,5.0
AFqkIweE,flashscore,F1,2223,2023-04-15,psg,lens,2.0,5.0,1.0,5.0,3.0,10.0
bw1Rbkfg,flashscore,F1,2223,2023-04-15,rennes,reims,2.0,1.0,4.0,3.0,6.0,4.0
8KI9d4mD,flashscore,I1,2223,2023-04-15,inter,monza,3.0,1.0,2.0,1.0,5.0,2.0
YaZK3Lft,flashscore,I1,2223,2023-04-15,napoli,verona,2.0,0.0,2.0,0.0,4.0,0.0
AR34a63f,flashscore,I1,2223,2023-04-15,bologna,ac milan,0.0,3.0,2.0,3.0,2.0,6.0
x2eQDUfr,flashscore,I2,2223,2023-04-15,cagliari,frosinone,4.0,0.0,3.0,3.0,7.0,3.0
YmuTXknE,flashscore,I2,2223,2023-04-15,ascoli,sudtirol,8.0,2.0,2.0,1.0,10.0,3.0
WKIcIAnR,flashscore,I2,2223,2023-04-15,bari,como,5.0,5.0,4.0,1.0,9.0,6.0
Kpio969D,flashscore,I2,2223,2023-04-15,benevento,reggina,1.0,1.0,2.0,1.0,3.0,2.0
KpFgJjXK,flashscore,I2,2223,2023-04-15,cosenza,cittadella,3.0,4.0,0.0,4.0,3.0,8.0
OIcxBSv1,flashscore,I2,2223,2023-04-15,genoa,perugia,1.0,4.0,4.0,2.0,5.0,6.0
QNFkKWHE,flashscore,I2,2223,2023-04-15,spal,brescia,4.0,4.0,0.0,0.0,4.0,4.0
GhfUClAl,flashscore,I2,2223,2023-04-15,venezia,palermo,1.0,3.0,5.0,0.0,6.0,3.0
0jg2iznO,flashscore,N1,2223,2023-04-15,sparta rotterdam,heerenveen,6.0,0.0,1.0,4.0,7.0,4.0
EZffgdHB,flashscore,N1,2223,2023-04-15,waalwijk,groningen,0.0,0.0,3.0,2.0,3.0,2.0
0QTndJV3,flashscore,P1,2223,2023-04-15,fc porto,santa clara,1.0,1.0,3.0,3.0,4.0,4.0
WA5PvI0T,flashscore,P1,2223,2023-04-15,chaves,benfica,2.0,9.0,1.0,10.0,3.0,19.0
QXQbgHFM,flashscore,P1,2223,2023-04-15,estoril,portimonense,7.0,2.0,3.0,3.0,10.0,5.0
nsSffc0G,flashscore,P1,2223,2023-04-15,maritimo,pacos ferreira,0.0,3.0,2.0,2.0,2.0,5.0
SCV5Woca,flashscore,RO1,2223,2023-04-15,cfr cluj,sepsi sf. gheorghe,4.0,0.0,2.0,2.0,6.0,2.0
GjLy7mj9,flashscore,RO1,2223,2023-04-15,mioveni,fc hermannstadt,2.0,0.0,2.0,3.0,4.0,3.0
fJcS11d4,flashscore,SP1,2223,2023-04-15,cadiz cf,real madrid,1.0,5.0,1.0,4.0,2.0,9.0
ngfK3NRi,flashscore,SP1,2223,2023-04-15,betis,espanyol,2.0,5.0,2.0,8.0,4.0,13.0
82eG43Co,flashscore,SP1,2223,2023-04-15,ath bilbao,real sociedad,4.0,1.0,1.0,1.0,5.0,2.0
xrmX0LBA,flashscore,SP1,2223,2023-04-15,villarreal,valladolid,7.0,2.0,1.0,3.0,8.0,5.0
W4lBS4St,flashscore,SP2,2223,2023-04-15,burgos cf,ponferradina,1.0,3.0,4.0,1.0,5.0,4.0
29MMp4lP,flashscore,SP2,2223,2023-04-15,oviedo,lugo,2.0,3.0,3.0,4.0,5.0,7.0
4I8ltOdt,flashscore,SP2,2223,2023-04-15,zaragoza,racing santander,5.0,0.0,2.0,1.0,7.0,1.0
AemFROsm,flashscore,SP2,2223,2023-04-15,granada cf,las palmas,2.0,2.0,1.0,5.0,3.0,7.0
CYzxQNGd,flashscore,SW1,2223,2023-04-15,luzern,zurich,2.0,3.0,4.0,1.0,6.0,4.0
G61IYFKd,flashscore,SW1,2223,2023-04-15,servette,lugano,8.0,1.0,4.0,0.0,12.0,1.0
IaF8gb6e,flashscore,TR1,2223,2023-04-15,fenerbahce,ankaragucu,6.0,2.0,2.0,5.0,8.0,7.0
Cb8Hixy8,flashscore,TR1,2223,2023-04-15,adana demirspor,kasimpasa,6.0,0.0,1.0,0.0,7.0,0.0
0O4DhIL1,flashscore,TR1,2223,2023-04-15,istanbulspor as,basaksehir,4.0,1.0,0.0,5.0,4.0,6.0
ETuzZA0s,flashscore,TR2,2223,2023-04-15,denizlispor,keciorengucu,2.0,3.0,4.0,4.0,6.0,7.0
IuoAoTSk,flashscore,TR2,2223,2023-04-15,tuzlaspor,bodrumspor,1.0,2.0,2.0,0.0,3.0,2.0
CnluZxAi,flashscore,B1,2223,2023-04-16,royale union sg,seraing,8.0,1.0,3.0,1.0,11.0,2.0
ptdgBZHp,flashscore,B1,2223,2023-04-16,antwerp,kortrijk,5.0,0.0,7.0,2.0,12.0,2.0
jwmqYdPc,flashscore,B1,2223,2023-04-16,kv mechelen,gent,2.0,1.0,1.0,5.0,3.0,6.0
4rrPS1mI,flashscore,B1,2223,2023-04-16,genk,anderlecht,4.0,2.0,3.0,0.0,7.0,2.0
nJsyeBTf,flashscore,B2,2223,2023-04-16,virton,dender,0.0,3.0,1.0,1.0,1.0,4.0
tdsPFrNC,flashscore,B2,2223,2023-04-16,rwdm brussels,beveren,2.0,1.0,7.0,1.0,9.0,2.0
djvDOLe0,flashscore,D1,2223,2023-04-16,wolfsburg,bayer leverkusen,2.0,1.0,0.0,4.0,2.0,5.0
61o0RNBs,flashscore,D1,2223,2023-04-16,union berlin,bochum,2.0,1.0,3.0,6.0,5.0,7.0
McyPLJuJ,flashscore,D1,2223,2023-04-16,werder bremen,freiburg,3.0,1.0,2.0,1.0,5.0,2.0
lh5iY1lo,flashscore,D2,2223,2023-04-16,dusseldorf,darmstadt,1.0,6.0,1.0,7.0,2.0,13.0
Umrvd5th,flashscore,D2,2223,2023-04-16,karlsruher sc,arminia bielefeld,3.0,2.0,4.0,4.0,7.0,6.0
vJFHv4BH,flashscore,D2,2223,2023-04-16,st. pauli,braunschweig,2.0,0.0,2.0,1.0,4.0,1.0
hj7GLRgi,flashscore,DK1,2223,2023-04-16,brondby,aarhus,3.0,2.0,0.0,2.0,3.0,4.0
joTXdrHj,flashscore,DK1,2223,2023-04-16,fc copenhagen,viborg,1.0,3.0,1.0,2.0,2.0,5.0
Kb2muDjs,flashscore,DK1,2223,2023-04-16,lyngby,horsens,6.0,2.0,4.0,1.0,10.0,3.0
GUcSqgrQ,flashscore,DK1,2223,2023-04-16,odense,silkeborg,2.0,4.0,2.0,2.0,4.0,6.0
fVkmWx1f,flashscore,E0,2223,2023-04-16,nottingham,manchester utd,3.0,3.0,1.0,6.0,4.0,9.0
OAw0TzoD,flashscore,E0,2223,2023-04-16,west ham,arsenal,3.0,0.0,4.0,2.0,7.0,2.0
dCuoJJu8,flashscore,F1,2223,2023-04-16,marseille,troyes,4.0,0.0,4.0,1.0,8.0,1.0
6NGdCm7e,flashscore,F1,2223,2023-04-16,monaco,lorient,3.0,2.0,2.0,1.0,5.0,3.0
SWHhDTik,flashscore,F1,2223,2023-04-16,auxerre,nantes,2.0,2.0,1.0,4.0,3.0,6.0
t26MaVvm,flashscore,F1,2223,2023-04-16,brest,nice,1.0,1.0,2.0,4.0,3.0,5.0
EmG0B7M1,flashscore,F1,2223,2023-04-16,clermont,angers,3.0,2.0,3.0,4.0,6.0,6.0
2B7I0BPt,flashscore,F1,2223,2023-04-16,strasbourg,ac ajaccio,2.0,0.0,3.0,0.0,5.0,0.0
hvF4ARy8,flashscore,F1,2223,2023-04-16,lille,montpellier,4.0,2.0,4.0,2.0,8.0,4.0
GOOP2uAn,flashscore,I1,2223,2023-04-16,as roma,udinese,4.0,1.0,2.0,1.0,6.0,2.0
fFNT1aPh,flashscore,I1,2223,2023-04-16,sassuolo,juventus,2.0,5.0,8.0,8.0,10.0,13.0
2uRy0wf5,flashscore,I1,2223,2023-04-16,torino,salernitana,2.0,0.0,2.0,2.0,4.0,2.0
MN6iLmQD,flashscore,I1,2223,2023-04-16,lecce,sampdoria,5.0,4.0,6.0,4.0,11.0,8.0
6smsAnf7,flashscore,I2,2223,2023-04-16,ternana,pisa,3.0,0.0,5.0,0.0,8.0,0.0
jgo5FnYD,flashscore,N1,2223,2023-04-16,ajax,fc emmen,7.0,3.0,6.0,2.0,13.0,5.0
I71oeIna,flashscore,N1,2223,2023-04-16,sittard,az alkmaar,0.0,3.0,1.0,8.0,1.0,11.0
hQgbhGWH,flashscore,N1,2223,2023-04-16,cambuur,feyenoord,2.0,4.0,0.0,5.0,2.0,9.0
Op2sdbXh,flashscore,N1,2223,2023-04-16,fc volendam,psv,1.0,1.0,2.0,1.0,3.0,2.0
pf3wcvIn,flashscore,N1,2223,2023-04-16,utrecht,twente,3.0,2.0,1.0,6.0,4.0,8.0
WA5kfx25,flashscore,N1,2223,2023-04-16,nijmegen,vitesse,2.0,2.0,5.0,4.0,7.0,6.0
4bzvbu1i,flashscore,P1,2223,2023-04-16,sporting cp,arouca,2.0,0.0,5.0,0.0,7.0,0.0
I1vrcaGc,flashscore,P1,2223,2023-04-16,braga,gil vicente,7.0,3.0,3.0,2.0,10.0,5.0
jendZeOj,flashscore,P1,2223,2023-04-16,rio ave,casa pia,3.0,4.0,2.0,4.0,5.0,8.0
plt1XRsg,flashscore,RO1,2223,2023-04-16,univ. craiova,fc rapid bucuresti,5.0,0.0,6.0,1.0,11.0,1.0
6Lim0HHd,flashscore,RO1,2223,2023-04-16,petrolul,u. cluj,1.0,4.0,1.0,2.0,2.0,6.0
8WMBgw4p,flashscore,SP1,2223,2023-04-16,valencia,sevilla,3.0,1.0,3.0,1.0,6.0,2.0
MZQFhcJj,flashscore,SP1,2223,2023-04-16,atl. madrid,almeria,5.0,1.0,4.0,1.0,9.0,2.0
GYoy0uRG,flashscore,SP1,2223,2023-04-16,getafe,barcelona,1.0,1.0,0.0,4.0,1.0,5.0
ObouaatN,flashscore,SP1,2223,2023-04-16,girona,elche,1.0,1.0,2.0,3.0,3.0,4.0
ILnJQrcg,flashscore,SP2,2223,2023-04-16,leganes,villarreal b,2.0,2.0,2.0,2.0,4.0,4.0
n1vzN0dI,flashscore,SP2,2223,2023-04-16,malaga,fc cartagena sad,0.0,2.0,3.0,2.0,3.0,4.0
QiwvMKBO,flashscore,SP2,2223,2023-04-16,tenerife,ud ibiza,1.0,1.0,3.0,1.0,4.0,2.0
hvuWNtsC,flashscore,SP2,2223,2023-04-16,gijon,alaves,2.0,1.0,2.0,4.0,4.0,5.0
j7vGYidN,flashscore,SP2,2223,2023-04-16,andorra,huesca,1.0,3.0,2.0,0.0,3.0,3.0
48XTRqnp,flashscore,SW1,2223,2023-04-16,basel,young boys,1.0,1.0,4.0,2.0,5.0,3.0
YsxYQ31j,flashscore,SW1,2223,2023-04-16,grasshoppers,sion,5.0,0.0,4.0,3.0,9.0,3.0
EiKLXZZ2,flashscore,SW1,2223,2023-04-16,st. gallen,winterthur,7.0,0.0,4.0,1.0,11.0,1.0
AZB0eKyq,flashscore,TR1,2223,2023-04-16,trabzonspor,besiktas,2.0,3.0,4.0,5.0,6.0,8.0
Q1daGLD8,flashscore,TR1,2223,2023-04-16,gaziantep,konyaspor,,,,,,
8QPYa0TR,flashscore,TR1,2223,2023-04-16,hatayspor,karagumruk,,,,,,
v9G4fvik,flashscore,TR1,2223,2023-04-16,giresunspor,sivasspor,2.0,4.0,0.0,2.0,2.0,6.0
C2pEpmrd,flashscore,TR2,2223,2023-04-16,goztepe,eyupspor,0.0,3.0,1.0,1.0,1.0,4.0
vkn6n9Dq,flashscore,TR2,2223,2023-04-16,altinordu,adanaspor as,,,,,,
zLsoik5S,flashscore,TR2,2223,2023-04-16,pendikspor,yeni malatyaspor,,,,,,
UwFbha12,flashscore,TR2,2223,2023-04-16,erzurumspor,manisa fk,1.0,0.0,1.0,2.0,2.0,2.0
Wt6KKo9c,flashscore,DK1,2223,2023-04-17,randers fc,nordsjaelland,0.0,2.0,3.0,5.0,3.0,7.0
n5nuYbWs,flashscore,E0,2223,2023-04-17,leeds,liverpool,2.0,0.0,2.0,2.0,4.0,2.0
UTJ5cpY6,flashscore,I1,2223,2023-04-17,fiorentina,atalanta,3.0,0.0,2.0,1.0,5.0,1.0
vHSjewoA,flashscore,P1,2223,2023-04-17,vizela,boavista,3.0,2.0,4.0,1.0,7.0,3.0
6cscY7Sn,flashscore,RO1,2223,2023-04-17,fcsb,farul constanta,3.0,5.0,6.0,3.0,9.0,8.0
MTLX7Tz3,flashscore,RO1,2223,2023-04-17,fc arges,chindia targoviste,0.0,2.0,1.0,6.0,1.0,8.0
tGgO2ssb,flashscore,SP1,2223,2023-04-17,celta vigo,mallorca,3.0,1.0,4.0,4.0,7.0,5.0
dCoNP2Ca,flashscore,SP2,2223,2023-04-17,levante,mirandes,3.0,0.0,6.0,1.0,9.0,1.0
8UD2iJG8,flashscore,TR2,2223,2023-04-17,boluspor,rizespor,4.0,2.0,6.0,1.0,10.0,3.0
Q5lIq7c2,flashscore,TR2,2223,2023-04-17,genclerbirligi,altay,2.0,1.0,3.0,1.0,5.0,2.0
x4I6jwWE,flashscore,TR2,2223,2023-04-17,bandirmaspor,sakaryaspor,5.0,0.0,2.0,3.0,7.0,3.0
r7O9b2xn,flashscore,E1,2223,2023-04-18,millwall,birmingham,5.0,1.0,6.0,3.0,11.0,4.0
4GP5arNu,flashscore,E1,2223,2023-04-18,blackpool,west brom,2.0,2.0,3.0,3.0,5.0,5.0
0rJEcMih,flashscore,E1,2223,2023-04-18,rotherham,burnley,3.0,3.0,1.0,4.0,4.0,7.0
vZHIdt7b,flashscore,E1,2223,2023-04-18,sheffield utd,bristol city,0.0,2.0,2.0,0.0,2.0,2.0
naLQfKyB,flashscore,E1,2223,2023-04-18,stoke,wigan,3.0,0.0,4.0,4.0,7.0,4.0
YeHMe0M4,flashscore,E1,2223,2023-04-18,sunderland,huddersfield,2.0,3.0,3.0,8.0,5.0,11.0
nPKjDI5n,flashscore,SA1,2223,2023-04-18,al hilal,al nassr,3.0,0.0,2.0,3.0,5.0,3.0
Iayv9w6r,flashscore,TR1,2223,2023-04-18,alanyaspor,galatasaray,4.0,1.0,2.0,2.0,6.0,3.0
0KlCDJcR,flashscore,TR1,2223,2023-04-18,karagumruk,umraniyespor,3.0,5.0,2.0,3.0,5.0,8.0
8E9Zhb6N,flashscore,E1,2223,2023-04-19,middlesbrough,hull,1.0,3.0,3.0,0.0,4.0,3.0
Ime5mxUp,flashscore,E1,2223,2023-04-19,reading,luton,0.0,2.0,2.0,3.0,2.0,5.0
UNAVgviH,flashscore,E1,2223,2023-04-19,blackburn,coventry,3.0,1.0,2.0,5.0,5.0,6.0
Gv9whILT,flashscore,E1,2223,2023-04-19,qpr,norwich,3.0,3.0,4.0,8.0,7.0,11.0
2cOmPMnJ,flashscore,E1,2223,2023-04-19,swansea,preston,2.0,3.0,0.0,1.0,2.0,4.0
vF7Wm6PJ,flashscore,E1,2223,2023-04-19,watford,cardiff,2.0,1.0,8.0,0.0,10.0,1.0
EaOMVt2j,flashscore,N1,2223,2023-04-19,g.a. eagles,waalwijk,6.0,0.0,4.0,1.0,10.0,1.0
0rTf5e57,flashscore,TR1,2223,2023-04-19,basaksehir,fenerbahce,2.0,3.0,3.0,1.0,5.0,4.0
ERUn7Hze,flashscore,TR1,2223,2023-04-19,konyaspor,adana demirspor,1.0,3.0,5.0,0.0,6.0,3.0
xA3i5wLD,flashscore,TR1,2223,2023-04-19,besiktas,hatayspor,,,,,,
MTk8EarL,flashscore,TR1,2223,2023-04-19,istanbulspor as,antalyaspor,1.0,0.0,2.0,5.0,3.0,5.0
hITj6yj1,flashscore,TR1,2223,2023-04-19,kayserispor,kasimpasa,1.0,1.0,2.0,2.0,3.0,3.0
02mfINkI,flashscore,RS1,2223,2023-04-20,cukaricki,partizan,7.0,1.0,3.0,1.0,10.0,2.0
W2ur8cLl,flashscore,TR1,2223,2023-04-20,sivasspor,trabzonspor,2.0,0.0,4.0,1.0,6.0,1.0
vZRb4FKD,flashscore,TR1,2223,2023-04-20,ankaragucu,giresunspor,4.0,0.0,2.0,2.0,6.0,2.0
KntTE2xJ,flashscore,B2,2223,2023-04-21,club brugge kv u23,anderlecht u23,4.0,5.0,3.0,7.0,7.0,12.0
Q9tufVr1,flashscore,B2,2223,2023-04-21,dender,st. liege u23,3.0,3.0,5.0,1.0,8.0,4.0
fqoqgkb7,flashscore,B2,2223,2023-04-21,genk u23,lommel sk,2.0,2.0,8.0,4.0,10.0,6.0
z11bzJfC,flashscore,D1,2223,2023-04-21,augsburg,stuttgart,0.0,1.0,1.0,2.0,1.0,3.0
O82OzeAq,flashscore,D2,2223,2023-04-21,darmstadt,karlsruher sc,1.0,2.0,1.0,2.0,2.0,4.0
WCvehNuH,flashscore,D2,2223,2023-04-21,hamburger sv,st. pauli,3.0,2.0,0.0,1.0,3.0,3.0
bk1ivX5m,flashscore,DK1,2223,2023-04-21,silkeborg,aalborg,1.0,2.0,1.0,4.0,2.0,6.0
Kx7lz7JP,flashscore,E0,2223,2023-04-21,arsenal,southampton,4.0,1.0,3.0,1.0,7.0,2.0
C07se7gI,flashscore,F1,2223,2023-04-21,angers,psg,1.0,6.0,4.0,2.0,5.0,8.0
j1JlcyvO,flashscore,I1,2223,2023-04-21,verona,bologna,3.0,1.0,1.0,1.0,4.0,2.0
zXeaQ7vl,flashscore,I2,2223,2023-04-21,reggina,brescia,1.0,6.0,6.0,3.0,7.0,9.0
CUMK9H1h,flashscore,N1,2223,2023-04-21,fc volendam,cambuur,2.0,5.0,7.0,0.0,9.0,5.0
Qo6X7GUF,flashscore,P1,2223,2023-04-21,casa pia,braga,2.0,4.0,1.0,2.0,3.0,6.0
C0XHTqsI,flashscore,RO1,2223,2023-04-21,sepsi sf. gheorghe,univ. craiova,2.0,5.0,3.0,0.0,5.0,5.0
M9T7QEEM,flashscore,RS1,2223,2023-04-21,kolubara,mladost,0.0,1.0,3.0,7.0,3.0,8.0
feoBKsmH,flashscore,RS1,2223,2023-04-21,vozdovac,radnicki 1923,3.0,1.0,1.0,3.0,4.0,4.0
hhKwLhxp,flashscore,RS1,2223,2023-04-21,radnicki nis,mladost gat,1.0,4.0,2.0,5.0,3.0,9.0
0Qok7dYq,flashscore,SP1,2223,2023-04-21,espanyol,cadiz cf,3.0,1.0,3.0,2.0,6.0,3.0
vkG0wMta,flashscore,SP2,2223,2023-04-21,eibar,zaragoza,5.0,6.0,4.0,3.0,9.0,9.0
EyCDVOKd,flashscore,B1,2223,2023-04-22,seraing,westerlo,2.0,1.0,4.0,3.0,6.0,4.0
zeOFx6UP,flashscore,B2,2223,2023-04-22,beveren,beerschot va,3.0,0.0,3.0,3.0,6.0,3.0
MiKBwnFJ,flashscore,B2,2223,2023-04-22,k. lierse s.k.,rwdm brussels,4.0,3.0,2.0,3.0,6.0,6.0
YZqmh9DD,flashscore,B2,2223,2023-04-22,deinze,virton,1.0,3.0,1.0,3.0,2.0,6.0
O2F7p3IJ,flashscore,D1,2223,2023-04-22,dortmund,eintracht frankfurt,1.0,2.0,4.0,0.0,5.0,2.0
OQcfyau6,flashscore,D1,2223,2023-04-22,bochum,wolfsburg,0.0,3.0,10.0,0.0,10.0,3.0
IPj3ZxAI,flashscore,D1,2223,2023-04-22,hertha berlin,werder bremen,5.0,2.0,3.0,2.0,8.0,4.0
jDanwLAg,flashscore,D1,2223,2023-04-22,hoffenheim,fc koln,1.0,2.0,1.0,3.0,2.0,5.0
Yy5sv1em,flashscore,D1,2223,2023-04-22,mainz,bayern munich,1.0,3.0,1.0,4.0,2.0,7.0
8dxSfG1F,flashscore,D2,2223,2023-04-22,braunschweig,magdeburg,2.0,0.0,2.0,1.0,4.0,1.0
Kxyig3QA,flashscore,D2,2223,2023-04-22,arminia bielefeld,hannover,2.0,6.0,2.0,0.0,4.0,6.0
bRfyYhf2,flashscore,D2,2223,2023-04-22,hansa rostock,greuther furth,1.0,7.0,1.0,4.0,2.0,11.0
KzdXYYvd,flashscore,D2,2223,2023-04-22,nurnberg,dusseldorf,9.0,1.0,4.0,2.0,13.0,3.0
xIgGVQRt,flashscore,E0,2223,2023-04-22,brentford,aston villa,4.0,3.0,4.0,1.0,8.0,4.0
YqmPT4dg,flashscore,E0,2223,2023-04-22,crystal palace,everton,2.0,0.0,6.0,1.0,8.0,1.0
6coXRrR5,flashscore,E0,2223,2023-04-22,leicester,wolves,0.0,4.0,1.0,3.0,1.0,7.0
4r4zR2tC,flashscore,E0,2223,2023-04-22,liverpool,nottingham,6.0,1.0,3.0,2.0,9.0,3.0
CznTSOBa,flashscore,E0,2223,2023-04-22,fulham,leeds,5.0,0.0,3.0,6.0,8.0,6.0
8YXG5yjT,flashscore,E1,2223,2023-04-22,preston,blackburn,0.0,1.0,4.0,2.0,4.0,3.0
KhZmCL6o,flashscore,E1,2223,2023-04-22,birmingham,blackpool,4.0,2.0,2.0,5.0,6.0,7.0
YewhBuMi,flashscore,E1,2223,2023-04-22,bristol city,rotherham,4.0,3.0,3.0,4.0,7.0,7.0
SIxdAayb,flashscore,E1,2223,2023-04-22,burnley,qpr,9.0,1.0,2.0,3.0,11.0,4.0
I56zmQvQ,flashscore,E1,2223,2023-04-22,cardiff,stoke,1.0,1.0,5.0,3.0,6.0,4.0
69y09Jj4,flashscore,E1,2223,2023-04-22,coventry,reading,1.0,4.0,1.0,0.0,2.0,4.0
2yV87cLG,flashscore,E1,2223,2023-04-22,hull,watford,1.0,2.0,1.0,3.0,2.0,5.0
zog2rpms,flashscore,E1,2223,2023-04-22,norwich,swansea,1.0,3.0,1.0,3.0,2.0,6.0
h69m0FDj,flashscore,E1,2223,2023-04-22,wigan,millwall,0.0,0.0,5.0,3.0,5.0,3.0
W4v8BSwa,flashscore,F1,2223,2023-04-22,lens,monaco,2.0,0.0,0.0,4.0,2.0,4.0
UyIxdmvC,flashscore,F1,2223,2023-04-22,auxerre,lille,3.0,2.0,1.0,2.0,4.0,4.0
b7tGDdO4,flashscore,I1,2223,2023-04-22,sampdoria,spezia,5.0,2.0,4.0,7.0,9.0,9.0
URlaHvPu,flashscore,I1,2223,2023-04-22,lazio,torino,1.0,2.0,2.0,2.0,3.0,4.0
GriBEx9b,flashscore,I1,2223,2023-04-22,salernitana,sassuolo,2.0,4.0,2.0,4.0,4.0,8.0
tAdeRmPs,flashscore,I2,2223,2023-04-22,palermo,benevento,4.0,7.0,3.0,4.0,7.0,11.0
AklCN5O6,flashscore,I2,2223,2023-04-22,cittadella,genoa,4.0,4.0,1.0,1.0,5.0,5.0
CvvXW91K,flashscore,I2,2223,2023-04-22,como,ascoli,3.0,1.0,3.0,1.0,6.0,2.0
IFiKLqgJ,flashscore,I2,2223,2023-04-22,frosinone,sudtirol,3.0,1.0,7.0,1.0,10.0,2.0
vPhGMPwD,flashscore,I2,2223,2023-04-22,modena,spal,1.0,1.0,8.0,3.0,9.0,4.0
lz03PRgf,flashscore,I2,2223,2023-04-22,parma,cagliari,1.0,4.0,2.0,1.0,3.0,5.0
Wbk8Oo90,flashscore,I2,2223,2023-04-22,perugia,cosenza,1.0,3.0,2.0,1.0,3.0,4.0
hpIu5gGN,flashscore,N1,2223,2023-04-22,vitesse,excelsior,4.0,0.0,13.0,3.0,17.0,3.0
tAEy6Z0H,flashscore,N1,2223,2023-04-22,heerenveen,fc emmen,5.0,0.0,5.0,5.0,10.0,5.0
IV5wnZ7d,flashscore,P1,2223,2023-04-22,pacos ferreira,fc porto,2.0,4.0,0.0,1.0,2.0,5.0
8dG3hyVS,flashscore,P1,2223,2023-04-22,boavista,rio ave,0.0,1.0,2.0,1.0,2.0,2.0
8Aex7zpM,flashscore,P1,2223,2023-04-22,famalicao,maritimo,4.0,0.0,5.0,4.0,9.0,4.0
vmZ9V5C5,flashscore,RO1,2223,2023-04-22,farul constanta,cfr cluj,4.0,0.0,1.0,0.0,5.0,0.0
fsKu675F,flashscore,RO1,2223,2023-04-22,fc botosani,u craiova 1948,2.0,5.0,2.0,2.0,4.0,7.0
d8uMowK0,flashscore,RO1,2223,2023-04-22,fc hermannstadt,fc arges,0.0,1.0,3.0,0.0,3.0,1.0
jNvKILHT,flashscore,RS1,2223,2023-04-22,crvena zvezda,tsc,8.0,1.0,1.0,1.0,9.0,2.0
YopFJ12N,flashscore,RS1,2223,2023-04-22,vojvodina,novi pazar,1.0,1.0,3.0,1.0,4.0,2.0
GWSBPYTS,flashscore,RS1,2223,2023-04-22,napredak,sp. subotica,3.0,3.0,1.0,2.0,4.0,5.0
GhAICIAM,flashscore,SP1,2223,2023-04-22,real madrid,celta vigo,4.0,0.0,4.0,3.0,8.0,3.0
Uajg6Gmj,flashscore,SP1,2223,2023-04-22,real sociedad,rayo vallecano,3.0,0.0,0.0,3.0,3.0,3.0
8jkc5z3d,flashscore,SP1,2223,2023-04-22,valladolid,girona,2.0,4.0,3.0,3.0,5.0,7.0
W486FKQ3,flashscore,SP1,2223,2023-04-22,almeria,ath bilbao,1.0,2.0,2.0,2.0,3.0,4.0
4I6EDbeG,flashscore,SP1,2223,2023-04-22,osasuna,betis,3.0,3.0,2.0,10.0,5.0,13.0
nFJ8y0BB,flashscore,SP2,2223,2023-04-22,ud ibiza,oviedo,2.0,3.0,1.0,1.0,3.0,4.0
bgmRgsRu,flashscore,SP2,2223,2023-04-22,las palmas,levante,2.0,1.0,4.0,2.0,6.0,3.0
dQQev2Rh,flashscore,SP2,2223,2023-04-22,fc cartagena sad,gijon,1.0,0.0,1.0,1.0,2.0,1.0
UcwKXBBT,flashscore,SP2,2223,2023-04-22,ponferradina,andorra,0.0,1.0,1.0,2.0,1.0,3.0
xpnVh1tn,flashscore,SP2,2223,2023-04-22,villarreal b,albacete,2.0,1.0,2.0,1.0,4.0,2.0
rXBxUiZR,flashscore,SW1,2223,2023-04-22,young boys,servette,4.0,0.0,2.0,1.0,6.0,1.0
4tDYUXJL,flashscore,SW1,2223,2023-04-22,winterthur,grasshoppers,2.0,2.0,2.0,3.0,4.0,5.0
nqgRbybs,flashscore,TR1,2223,2023-04-22,umraniyespor,besiktas,1.0,4.0,2.0,5.0,3.0,9.0
ttXjVSa6,flashscore,TR2,2223,2023-04-22,eyupspor,pendikspor,3.0,2.0,5.0,0.0,8.0,2.0
0UecTYwT,flashscore,B1,2223,2023-04-23,anderlecht,kv mechelen,4.0,0.0,2.0,3.0,6.0,3.0
0hEPSM4F,flashscore,B1,2223,2023-04-23,charleroi,genk,5.0,3.0,1.0,1.0,6.0,4.0
KIv0UEOM,flashscore,B1,2223,2023-04-23,club brugge kv,eupen,2.0,2.0,2.0,2.0,4.0,4.0
2wrPOhnp,flashscore,B1,2223,2023-04-23,gent,oostende,0.0,4.0,3.0,1.0,3.0,5.0
A3oXMWGd,flashscore,B1,2223,2023-04-23,kortrijk,royale union sg,0.0,1.0,0.0,2.0,0.0,3.0
d0sTNC1j,flashscore,B1,2223,2023-04-23,leuven,st. liege,2.0,2.0,4.0,5.0,6.0,7.0
hSAHUrz3,flashscore,B1,2223,2023-04-23,waregem,cercle brugge ksv,1.0,1.0,2.0,2.0,3.0,3.0
M1FLT2k9,flashscore,B1,2223,2023-04-23,st. truiden,antwerp,1.0,2.0,5.0,0.0,6.0,2.0
U3bjxuQa,flashscore,D1,2223,2023-04-23,b. monchengladbach,union berlin,0.0,1.0,2.0,1.0,2.0,2.0
x6JBqNXP,flashscore,D1,2223,2023-04-23,bayer leverkusen,rb leipzig,0.0,2.0,0.0,7.0,0.0,9.0
fo6wusts,flashscore,D1,2223,2023-04-23,freiburg,schalke,3.0,2.0,3.0,3.0,6.0,5.0
2a1SZEPk,flashscore,D2,2223,2023-04-23,heidenheim,holstein kiel,6.0,1.0,6.0,0.0,12.0,1.0
QXnNedn9,flashscore,D2,2223,2023-04-23,regensburg,kaiserslautern,2.0,2.0,2.0,1.0,4.0,3.0
CUrJdxX2,flashscore,D2,2223,2023-04-23,sandhausen,paderborn,0.0,3.0,3.0,0.0,3.0,3.0
MVbXHqgG,flashscore,DK1,2223,2023-04-23,aarhus,fc copenhagen,7.0,0.0,2.0,3.0,9.0,3.0
v79SIPwA,flashscore,DK1,2223,2023-04-23,brondby,randers fc,4.0,1.0,2.0,0.0,6.0,1.0
hC0ewiLg,flashscore,DK1,2223,2023-04-23,horsens,midtjylland,3.0,4.0,3.0,1.0,6.0,5.0
0GAOJ5O3,flashscore,DK1,2223,2023-04-23,viborg,nordsjaelland,0.0,1.0,1.0,2.0,1.0,3.0
6Z2pym4J,flashscore,E0,2223,2023-04-23,bournemouth,west ham,3.0,3.0,5.0,2.0,8.0,5.0
QchqPtBO,flashscore,E0,2223,2023-04-23,newcastle,tottenham,6.0,2.0,3.0,1.0,9.0,3.0
EFAq1ebp,flashscore,E1,2223,2023-04-23,west brom,sunderland,1.0,4.0,3.0,1.0,4.0,5.0
xru4C8Oh,flashscore,F1,2223,2023-04-23,lyon,marseille,1.0,1.0,4.0,2.0,5.0,3.0
tGoeEUgt,flashscore,F1,2223,2023-04-23,montpellier,rennes,4.0,1.0,0.0,3.0,4.0,4.0
WjaZdTO5,flashscore,F1,2223,2023-04-23,ac ajaccio,brest,1.0,2.0,3.0,2.0,4.0,4.0
ji6ofR8O,flashscore,F1,2223,2023-04-23,lorient,toulouse,1.0,6.0,1.0,1.0,2.0,7.0
v7aTIAoP,flashscore,F1,2223,2023-04-23,nantes,troyes,6.0,2.0,7.0,2.0,13.0,4.0
Ovy0Dl9n,flashscore,F1,2223,2023-04-23,nice,clermont,3.0,1.0,3.0,1.0,6.0,2.0
AewCAng5,flashscore,F1,2223,2023-04-23,reims,strasbourg,5.0,2.0,1.0,2.0,6.0,4.0
UiIhdegU,flashscore,I1,2223,2023-04-23,juventus,napoli,1.0,3.0,2.0,3.0,3.0,6.0
8Im3Gbvn,flashscore,I1,2223,2023-04-23,ac milan,lecce,2.0,1.0,2.0,1.0,4.0,2.0
2um7FIgh,flashscore,I1,2223,2023-04-23,monza,fiorentina,3.0,1.0,2.0,2.0,5.0,3.0
xbuKCGwB,flashscore,I1,2223,2023-04-23,udinese,cremonese,2.0,2.0,1.0,6.0,3.0,8.0
dvKpbHOH,flashscore,I1,2223,2023-04-23,empoli,inter,2.0,2.0,3.0,2.0,5.0,4.0
v1ATVTGQ,flashscore,I2,2223,2023-04-23,pisa,bari,1.0,6.0,1.0,4.0,2.0,10.0
KKV2pTVJ,flashscore,I2,2223,2023-04-23,ternana,venezia,0.0,3.0,2.0,1.0,2.0,4.0
vsh6jf1U,flashscore,N1,2223,2023-04-23,az alkmaar,waalwijk,6.0,0.0,2.0,0.0,8.0,0.0
jLLO8yHb,flashscore,N1,2223,2023-04-23,feyenoord,utrecht,3.0,0.0,1.0,0.0,4.0,0.0
8dGT7eW4,flashscore,N1,2223,2023-04-23,g.a. eagles,sittard,4.0,4.0,2.0,5.0,6.0,9.0
nmFX6FoB,flashscore,N1,2223,2023-04-23,psv,ajax,2.0,3.0,3.0,2.0,5.0,5.0
I7NGAcnn,flashscore,N1,2223,2023-04-23,twente,sparta rotterdam,6.0,5.0,11.0,1.0,17.0,6.0
YwlQ9x03,flashscore,P1,2223,2023-04-23,arouca,vizela,0.0,8.0,0.0,6.0,0.0,14.0
pI7Vmewp,flashscore,P1,2223,2023-04-23,benfica,estoril,8.0,0.0,3.0,2.0,11.0,2.0
S0mU8dF9,flashscore,P1,2223,2023-04-23,santa clara,chaves,2.0,0.0,2.0,7.0,4.0,7.0
fmkMAIpc,flashscore,P1,2223,2023-04-23,portimonense,gil vicente,0.0,2.0,1.0,10.0,1.0,12.0
Y9YDUPRB,flashscore,RO1,2223,2023-04-23,fc rapid bucuresti,fcsb,2.0,2.0,1.0,4.0,3.0,6.0
r5yInJ4f,flashscore,RO1,2223,2023-04-23,chindia targoviste,uta arad,0.0,1.0,2.0,2.0,2.0,3.0
hWQoEuQp,flashscore,RS1,2223,2023-04-23,cukaricki,partizan,0.0,1.0,0.0,0.0,0.0,1.0
zH9rKCij,flashscore,RS1,2223,2023-04-23,javor,radnik,2.0,0.0,2.0,5.0,4.0,5.0
ETD1G0Bc,flashscore,SP1,2223,2023-04-23,sevilla,villarreal,3.0,1.0,2.0,2.0,5.0,3.0
bHaNBxQS,flashscore,SP1,2223,2023-04-23,mallorca,getafe,0.0,2.0,2.0,0.0,2.0,2.0
Ae7AEvtA,flashscore,SP1,2223,2023-04-23,barcelona,atl. madrid,2.0,0.0,1.0,3.0,3.0,3.0
zwFcHtdi,flashscore,SP1,2223,2023-04-23,elche,valencia,7.0,5.0,4.0,1.0,11.0,6.0
bu8hurCn,flashscore,SP2,2223,2023-04-23,alaves,leganes,3.0,0.0,3.0,0.0,6.0,0.0
8U7HZwtO,flashscore,SP2,2223,2023-04-23,mirandes,burgos cf,2.0,1.0,0.0,0.0,2.0,1.0
MXBLYceU,flashscore,SP2,2223,2023-04-23,racing santander,granada cf,5.0,2.0,3.0,2.0,8.0,4.0
Q5ICzKQH,flashscore,SP2,2223,2023-04-23,lugo,malaga,1.0,4.0,3.0,3.0,4.0,7.0
n5ITVD4F,flashscore,SW1,2223,2023-04-23,lugano,sion,4.0,2.0,7.0,0.0,11.0,2.0
0Cb4PBsq,flashscore,SW1,2223,2023-04-23,zurich,st. gallen,6.0,1.0,3.0,6.0,9.0,7.0
8EJPWgk9,flashscore,SW1,2223,2023-04-23,basel,luzern,1.0,6.0,1.0,1.0,2.0,7.0
jD7e4czK,flashscore,TR1,2223,2023-04-23,gaziantep,alanyaspor,,,,,,
rBnzcFSg,flashscore,TR1,2223,2023-04-23,hatayspor,ankaragucu,,,,,,
pz7a3HkQ,flashscore,TR1,2223,2023-04-23,galatasaray,karagumruk,1.0,3.0,4.0,1.0,5.0,4.0
dYhjgXRI,flashscore,TR1,2223,2023-04-23,adana demirspor,kayserispor,1.0,0.0,4.0,3.0,5.0,3.0
IsfnfDCC,flashscore,TR1,2223,2023-04-23,kasimpasa,konyaspor,4.0,3.0,5.0,1.0,9.0,4.0
x8QaT6UI,flashscore,TR2,2223,2023-04-23,yeni malatyaspor,tuzlaspor,,,,,,
bHReUnFC,flashscore,TR2,2223,2023-04-23,altay,goztepe,3.0,0.0,0.0,4.0,3.0,4.0
jBEshj7J,flashscore,TR2,2223,2023-04-23,bodrumspor,denizlispor,5.0,3.0,4.0,0.0,9.0,3.0
dhVvYUFm,flashscore,TR2,2223,2023-04-23,rizespor,genclerbirligi,3.0,1.0,2.0,5.0,5.0,6.0
4EIoiAMP,flashscore,TR2,2223,2023-04-23,samsunspor,keciorengucu,4.0,1.0,0.0,4.0,4.0,5.0
6F4axBz0,flashscore,DK1,2223,2023-04-24,odense,lyngby,1.0,4.0,4.0,4.0,5.0,8.0
dbUC6HzN,flashscore,E1,2223,2023-04-24,luton,middlesbrough,2.0,0.0,2.0,5.0,4.0,5.0
p4Gtac9B,flashscore,I1,2223,2023-04-24,atalanta,as roma,2.0,2.0,1.0,2.0,3.0,4.0
vu7ZnFhj,flashscore,P1,2223,2023-04-24,vitoria guimaraes,sporting cp,3.0,3.0,2.0,2.0,5.0,5.0
AiwAluzr,flashscore,RO1,2223,2023-04-24,fc voluntari,petrolul,1.0,0.0,3.0,1.0,4.0,1.0
lrxEmakl,flashscore,RO1,2223,2023-04-24,u. cluj,mioveni,7.0,2.0,6.0,0.0,13.0,2.0
IuF4xtd5,flashscore,SP2,2223,2023-04-24,huesca,tenerife,2.0,4.0,1.0,3.0,3.0,7.0
4KmWceDm,flashscore,TR1,2223,2023-04-24,antalyaspor,sivasspor,2.0,3.0,12.0,1.0,14.0,4.0
zJ4segc6,flashscore,TR1,2223,2023-04-24,fenerbahce,istanbulspor as,4.0,0.0,2.0,1.0,6.0,1.0
xYovdZs0,flashscore,TR1,2223,2023-04-24,giresunspor,basaksehir,8.0,0.0,1.0,1.0,9.0,1.0
8SYrXlVg,flashscore,TR2,2223,2023-04-24,sakaryaspor,boluspor,3.0,5.0,3.0,2.0,6.0,7.0
AeeEnUUt,flashscore,TR2,2223,2023-04-24,bandirmaspor,erzurumspor,0.0,0.0,1.0,2.0,1.0,2.0
2kYnW8p0,flashscore,TR2,2223,2023-04-24,manisa fk,altinordu,0.0,1.0,4.0,4.0,4.0,5.0
GMXhqpdt,flashscore,E0,2223,2023-04-25,leeds,leicester,0.0,2.0,3.0,4.0,3.0,6.0
QDt7vMAB,flashscore,E0,2223,2023-04-25,aston villa,fulham,7.0,1.0,1.0,1.0,8.0,2.0
p2P9u2e5,flashscore,E0,2223,2023-04-25,wolves,crystal palace,4.0,5.0,2.0,6.0,6.0,11.0
OSEKME8U,flashscore,E1,2223,2023-04-25,blackburn,burnley,6.0,2.0,4.0,2.0,10.0,4.0
44JCBwXu,flashscore,N1,2223,2023-04-25,groningen,nijmegen,4.0,4.0,0.0,4.0,4.0,8.0
E78nJW6d,flashscore,RS1,2223,2023-04-25,mladost gat,kolubara,1.0,0.0,5.0,2.0,6.0,2.0
ILWmScA9,flashscore,SP1,2223,2023-04-25,betis,real sociedad,1.0,2.0,1.0,2.0,2.0,4.0
OY1lQyuM,flashscore,SP1,2223,2023-04-25,cadiz cf,osasuna,2.0,0.0,9.0,2.0,11.0,2.0
K4mKKF2q,flashscore,SP1,2223,2023-04-25,girona,real madrid,0.0,6.0,3.0,2.0,3.0,8.0
EF28OVdk,flashscore,SW1,2223,2023-04-25,grasshoppers,young boys,4.0,2.0,2.0,6.0,6.0,8.0
CUrJyKfU,flashscore,E0,2223,2023-04-26,manchester city,arsenal,0.0,1.0,1.0,2.0,1.0,3.0
44uBwtQH,flashscore,E0,2223,2023-04-26,chelsea,brentford,3.0,1.0,2.0,1.0,5.0,2.0
6BQ5trta,flashscore,E0,2223,2023-04-26,west ham,liverpool,1.0,4.0,2.0,2.0,3.0,6.0
boNcr4Bn,flashscore,E0,2223,2023-04-26,nottingham,brighton,1.0,3.0,1.0,4.0,2.0,7.0
f9bvwzgB,flashscore,E1,2223,2023-04-26,sheffield utd,west brom,1.0,0.0,4.0,0.0,5.0,0.0
tE0Ytza3,flashscore,RS1,2223,2023-04-26,mladost,napredak,1.0,3.0,0.0,5.0,1.0,8.0
KxJXyqIi,flashscore,RS1,2223,2023-04-26,partizan,crvena zvezda,2.0,4.0,1.0,0.0,3.0,4.0
th7tzNn4,flashscore,RS1,2223,2023-04-26,novi pazar,vozdovac,1.0,3.0,3.0,2.0,4.0,5.0
lI6pZt2A,flashscore,RS1,2223,2023-04-26,radnicki 1923,vojvodina,1.0,2.0,2.0,4.0,3.0,6.0
dCViRHPF,flashscore,SP1,2223,2023-04-26,celta vigo,elche,5.0,5.0,5.0,1.0,10.0,6.0
Y7iOJZHk,flashscore,SP1,2223,2023-04-26,rayo vallecano,barcelona,1.0,7.0,2.0,2.0,3.0,9.0
ObXqTwe3,flashscore,SP1,2223,2023-04-26,atl. madrid,mallorca,1.0,2.0,4.0,6.0,5.0,8.0
fNuXHDn2,flashscore,SP1,2223,2023-04-26,getafe,almeria,1.0,3.0,3.0,3.0,4.0,6.0
zVjHM9R1,flashscore,SW1,2223,2023-04-26,servette,zurich,6.0,2.0,6.0,0.0,12.0,2.0
tSw3pDJ8,flashscore,SW1,2223,2023-04-26,st. gallen,lugano,2.0,1.0,3.0,4.0,5.0,5.0
ClR1sOQh,flashscore,E0,2223,2023-04-27,tottenham,manchester utd,2.0,2.0,4.0,6.0,6.0,8.0
EDoRmQmP,flashscore,E0,2223,2023-04-27,everton,newcastle,1.0,5.0,2.0,9.0,3.0,14.0
bRvFx0uO,flashscore,E0,2223,2023-04-27,southampton,bournemouth,4.0,2.0,2.0,2.0,6.0,4.0
E9HnlFJ2,flashscore,E1,2223,2023-04-27,rotherham,cardiff,3.0,2.0,3.0,2.0,6.0,4.0
218xy3Xc,flashscore,RS1,2223,2023-04-27,tsc,cukaricki,1.0,1.0,0.0,3.0,1.0,4.0
OxjwtfE9,flashscore,RS1,2223,2023-04-27,radnik,radnicki nis,0.0,2.0,6.0,0.0,6.0,2.0
2N1UsGqc,flashscore,RS1,2223,2023-04-27,sp. subotica,javor,4.0,0.0,6.0,1.0,10.0,1.0
buABGWfs,flashscore,SA1,2223,2023-04-27,al ittihad,al shabab,2.0,1.0,2.0,2.0,4.0,3.0
U9imMhXJ,flashscore,SA1,2223,2023-04-27,al adalah,al taawon,3.0,0.0,2.0,3.0,5.0,3.0
Wh8JEAPg,flashscore,SA1,2223,2023-04-27,al taee,abha,2.0,0.0,1.0,9.0,3.0,9.0
AeTuUJuc,flashscore,SP1,2223,2023-04-27,ath bilbao,sevilla,5.0,1.0,3.0,1.0,8.0,2.0
2P0hPefS,flashscore,SP1,2223,2023-04-27,valencia,valladolid,3.0,0.0,3.0,2.0,6.0,2.0
GWtTIgXe,flashscore,SP1,2223,2023-04-27,villarreal,espanyol,4.0,1.0,5.0,1.0,9.0,2.0
dvhDNkCe,flashscore,SW1,2223,2023-04-27,luzern,winterthur,3.0,2.0,7.0,3.0,10.0,5.0
2yuaog42,flashscore,SW1,2223,2023-04-27,sion,basel,2.0,3.0,5.0,4.0,7.0,7.0
lC7Aua2B,flashscore,B1,2223,2023-04-28,gent,westerlo,3.0,1.0,6.0,4.0,9.0,5.0
GKMXlI95,flashscore,D1,2223,2023-04-28,bochum,dortmund,2.0,3.0,2.0,8.0,4.0,11.0
nmyWgzHL,flashscore,D2,2223,2023-04-28,greuther furth,heidenheim,2.0,1.0,7.0,3.0,9.0,4.0
rXy1lEvq,flashscore,D2,2223,2023-04-28,paderborn,braunschweig,3.0,0.0,1.0,0.0,4.0,0.0
lvf4yVk6,flashscore,DK1,2223,2023-04-28,horsens,odense,0.0,4.0,4.0,4.0,4.0,8.0
KC1ZNI5c,flashscore,E1,2223,2023-04-28,blackpool,millwall,5.0,1.0,2.0,2.0,7.0,3.0
txNVQ7wn,flashscore,F1,2223,2023-04-28,strasbourg,lyon,2.0,3.0,3.0,1.0,5.0,4.0
ChFdQZ7A,flashscore,I1,2223,2023-04-28,spezia,monza,2.0,2.0,1.0,1.0,3.0,3.0
rDNuUH8o,flashscore,I1,2223,2023-04-28,lecce,udinese,5.0,0.0,2.0,4.0,7.0,4.0
n1ft6faS,flashscore,P1,2223,2023-04-28,rio ave,arouca,2.0,1.0,2.0,3.0,4.0,4.0
vXUQpcZ6,flashscore,RO1,2223,2023-04-28,u craiova 1948,chindia targoviste,1.0,2.0,3.0,0.0,4.0,2.0
23a1bkuD,flashscore,SA1,2223,2023-04-28,al fayha,al khaleej,2.0,0.0,8.0,2.0,10.0,2.0
80jiLCnQ,flashscore,SA1,2223,2023-04-28,al nassr,al raed,2.0,0.0,1.0,1.0,3.0,1.0
KvAdaVP6,flashscore,SA1,2223,2023-04-28,al ettifaq,damac,3.0,1.0,0.0,1.0,3.0,2.0
xW8FFjAm,flashscore,SA1,2223,2023-04-28,al fateh,al wehda,2.0,2.0,2.0,2.0,4.0,4.0
8OleMSwl,flashscore,SP1,2223,2023-04-28,osasuna,real sociedad,3.0,1.0,1.0,1.0,4.0,2.0
f1binHPT,flashscore,SP2,2223,2023-04-28,racing santander,ud ibiza,4.0,2.0,2.0,1.0,6.0,3.0
OvoxHzKP,flashscore,TR1,2223,2023-04-28,alanyaspor,umraniyespor,3.0,1.0,1.0,5.0,4.0,6.0
rN8Lp8ag,flashscore,TR2,2223,2023-04-28,genclerbirligi,bodrumspor,2.0,1.0,1.0,1.0,3.0,2.0
WzcFvJHH,flashscore,B1,2223,2023-04-29,cercle brugge ksv,st. liege,3.0,0.0,3.0,3.0,6.0,3.0
MXiYndvI,flashscore,D1,2223,2023-04-29,schalke,werder bremen,4.0,2.0,7.0,1.0,11.0,3.0
r7OPjvug,flashscore,D1,2223,2023-04-29,eintracht frankfurt,augsburg,0.0,4.0,5.0,3.0,5.0,7.0
U3KLiKPn,flashscore,D1,2223,2023-04-29,fc koln,freiburg,5.0,5.0,4.0,1.0,9.0,6.0
pWrkct2P,flashscore,D1,2223,2023-04-29,rb leipzig,hoffenheim,5.0,1.0,2.0,0.0,7.0,1.0
rsgUmxPB,flashscore,D1,2223,2023-04-29,stuttgart,b. monchengladbach,3.0,3.0,2.0,5.0,5.0,8.0
nuVGh0At,flashscore,D1,2223,2023-04-29,union berlin,bayer leverkusen,2.0,2.0,4.0,2.0,6.0,4.0
YLUDoCO1,flashscore,D2,2223,2023-04-29,hannover,nurnberg,0.0,5.0,3.0,4.0,3.0,9.0
Umb2hrcE,flashscore,D2,2223,2023-04-29,kaiserslautern,hansa rostock,7.0,4.0,7.0,2.0,14.0,6.0
jcabgOs8,flashscore,D2,2223,2023-04-29,magdeburg,hamburger sv,0.0,5.0,2.0,7.0,2.0,12.0
tOkZhfWR,flashscore,D2,2223,2023-04-29,st. pauli,arminia bielefeld,1.0,2.0,4.0,3.0,5.0,5.0
pIDXfseh,flashscore,E0,2223,2023-04-29,brentford,nottingham,3.0,0.0,3.0,0.0,6.0,0.0
O8Cyf1Ab,flashscore,E0,2223,2023-04-29,brighton,wolves,1.0,1.0,1.0,4.0,2.0,5.0
6X1tgLP4,flashscore,E0,2223,2023-04-29,crystal palace,west ham,3.0,3.0,5.0,2.0,8.0,5.0
QmFMChcd,flashscore,E1,2223,2023-04-29,west brom,norwich,4.0,0.0,2.0,1.0,6.0,1.0
2yivNxL3,flashscore,E1,2223,2023-04-29,bristol city,burnley,1.0,2.0,2.0,1.0,3.0,3.0
GverMdzA,flashscore,E1,2223,2023-04-29,coventry,birmingham,4.0,1.0,1.0,4.0,5.0,5.0
Gf1AtOHg,flashscore,E1,2223,2023-04-29,hull,swansea,1.0,3.0,2.0,2.0,3.0,5.0
A1fnLGkG,flashscore,E1,2223,2023-04-29,reading,wigan,4.0,0.0,9.0,3.0,13.0,3.0
GEPnJfKS,flashscore,E1,2223,2023-04-29,sheffield utd,preston,5.0,2.0,5.0,3.0,10.0,5.0
INBEEESq,flashscore,E1,2223,2023-04-29,stoke,qpr,5.0,0.0,2.0,0.0,7.0,0.0
CpBIDYsj,flashscore,E1,2223,2023-04-29,sunderland,watford,5.0,1.0,5.0,1.0,10.0,2.0
OKhH7pwO,flashscore,F1,2223,2023-04-29,lille,ac ajaccio,4.0,0.0,5.0,0.0,9.0,0.0
OSI0PgNG,flashscore,I1,2223,2023-04-29,torino,atalanta,3.0,1.0,0.0,2.0,3.0,3.0
vuHlSewb,flashscore,I1,2223,2023-04-29,as roma,ac milan,0.0,1.0,1.0,4.0,1.0,5.0
EBvLbCi2,flashscore,P1,2223,2023-04-29,gil vicente,benfica,5.0,6.0,2.0,5.0,7.0,11.0
vgn81E7q,flashscore,P1,2223,2023-04-29,chaves,casa pia,7.0,1.0,3.0,2.0,10.0,3.0
SES2NeU2,flashscore,P1,2223,2023-04-29,vizela,pacos ferreira,2.0,4.0,5.0,4.0,7.0,8.0
IqoC0YMk,flashscore,P1,2223,2023-04-29,braga,portimonense,1.0,0.0,3.0,0.0,4.0,0.0
Ot6X37Ts,flashscore,P1,2223,2023-04-29,maritimo,vitoria guimaraes,2.0,2.0,3.0,1.0,5.0,3.0
UySMS3dO,flashscore,RO1,2223,2023-04-29,sepsi sf. gheorghe,farul constanta,1.0,1.0,0.0,2.0,1.0,3.0
INTUqHlD,flashscore,RO1,2223,2023-04-29,petrolul,fc botosani,1.0,3.0,2.0,0.0,3.0,3.0
hfLK6vdQ,flashscore,RO1,2223,2023-04-29,mioveni,fc arges,0.0,2.0,0.0,6.0,0.0,8.0
OzacWvnT,flashscore,RS1,2223,2023-04-29,vojvodina,vozdovac,2.0,2.0,4.0,1.0,6.0,3.0
K6pTQI9j,flashscore,RS1,2223,2023-04-29,novi pazar,radnicki 1923,1.0,1.0,7.0,0.0,8.0,1.0
rwZEtcP2,flashscore,SP1,2223,2023-04-29,barcelona,betis,2.0,0.0,8.0,0.0,10.0,0.0
x4tCIpwD,flashscore,SP1,2223,2023-04-29,real madrid,almeria,3.0,0.0,4.0,0.0,7.0,0.0
MTXIuHv9,flashscore,SP1,2223,2023-04-29,elche,rayo vallecano,1.0,6.0,2.0,2.0,3.0,8.0
dApJsyYp,flashscore,SP2,2223,2023-04-29,tenerife,leganes,2.0,0.0,4.0,2.0,6.0,2.0
j91zjaQ4,flashscore,SP2,2223,2023-04-29,albacete,fc cartagena sad,1.0,2.0,1.0,5.0,2.0,7.0
4C5vkJuB,flashscore,SP2,2223,2023-04-29,levante,alaves,4.0,5.0,7.0,3.0,11.0,8.0
OjT7qXYE,flashscore,SW1,2223,2023-04-29,lugano,grasshoppers,0.0,3.0,0.0,6.0,0.0,9.0
zTeyS43s,flashscore,SW1,2223,2023-04-29,servette,st. gallen,4.0,1.0,5.0,2.0,9.0,3.0
GxQG9hCa,flashscore,TR1,2223,2023-04-29,ankaragucu,kasimpasa,1.0,1.0,4.0,2.0,5.0,3.0
dlsE8CR5,flashscore,TR1,2223,2023-04-29,sivasspor,fenerbahce,1.0,0.0,2.0,1.0,3.0,1.0
plnYHG4J,flashscore,TR1,2223,2023-04-29,karagumruk,antalyaspor,1.0,2.0,4.0,3.0,5.0,5.0
rPR8BEsm,flashscore,TR1,2223,2023-04-29,konyaspor,trabzonspor,1.0,2.0,5.0,3.0,6.0,5.0
C20xsQbI,flashscore,TR2,2223,2023-04-29,pendikspor,rizespor,3.0,2.0,2.0,2.0,5.0,4.0
MD7PqSEa,flashscore,TR2,2223,2023-04-29,tuzlaspor,eyupspor,1.0,2.0,0.0,4.0,1.0,6.0
Iu1Ys6qC,flashscore,TR2,2223,2023-04-29,keciorengucu,manisa fk,2.0,1.0,2.0,2.0,4.0,3.0
6TkKUslg,flashscore,B1,2223,2023-04-30,genk,club brugge kv,2.0,0.0,1.0,5.0,3.0,5.0
xUNTkbfa,flashscore,D1,2223,2023-04-30,wolfsburg,mainz,2.0,3.0,1.0,2.0,3.0,5.0
dGk7YdPO,flashscore,D1,2223,2023-04-30,bayern munich,hertha berlin,5.0,0.0,13.0,1.0,18.0,1.0
vaV9nh9e,flashscore,D2,2223,2023-04-30,dusseldorf,karlsruher sc,4.0,3.0,4.0,3.0,8.0,6.0
QeR5mYgk,flashscore,D2,2223,2023-04-30,holstein kiel,darmstadt,2.0,2.0,2.0,2.0,4.0,4.0
CCTHpWw8,flashscore,D2,2223,2023-04-30,sandhausen,regensburg,3.0,2.0,6.0,3.0,9.0,5.0
Uyl7BsWq,flashscore,DK1,2223,2023-04-30,nordsjaelland,aarhus,5.0,1.0,2.0,2.0,7.0,3.0
SS1uGNNS,flashscore,DK1,2223,2023-04-30,fc copenhagen,brondby,2.0,2.0,2.0,4.0,4.0,6.0
SUh8zk5C,flashscore,DK1,2223,2023-04-30,aalborg,lyngby,1.0,3.0,2.0,6.0,3.0,9.0
Y52yH38M,flashscore,DK1,2223,2023-04-30,viborg,randers fc,5.0,1.0,2.0,0.0,7.0,1.0
lfSHZWOq,flashscore,E0,2223,2023-04-30,liverpool,tottenham,2.0,1.0,2.0,1.0,4.0,2.0
xhAPd3Qu,flashscore,E0,2223,2023-04-30,bournemouth,leeds,1.0,0.0,1.0,5.0,2.0,5.0
I75phuuB,flashscore,E0,2223,2023-04-30,fulham,manchester city,2.0,0.0,0.0,5.0,2.0,5.0
6VMMYjvj,flashscore,E0,2223,2023-04-30,manchester utd,aston villa,1.0,1.0,0.0,3.0,1.0,4.0
pMLQXAgd,flashscore,E0,2223,2023-04-30,newcastle,southampton,3.0,1.0,8.0,1.0,11.0,2.0
YVB5s42m,flashscore,E1,2223,2023-04-30,cardiff,huddersfield,0.0,3.0,5.0,6.0,5.0,9.0
xOdL64hU,flashscore,F1,2223,2023-04-30,marseille,auxerre,10.0,0.0,2.0,1.0,12.0,1.0
2oORRmOu,flashscore,F1,2223,2023-04-30,psg,lorient,0.0,2.0,2.0,1.0,2.0,3.0
UcgD8QNH,flashscore,F1,2223,2023-04-30,clermont,reims,2.0,3.0,4.0,5.0,6.0,8.0
l2QwPo8b,flashscore,F1,2223,2023-04-30,rennes,angers,4.0,2.0,3.0,3.0,7.0,5.0
r1JnNPxB,flashscore,F1,2223,2023-04-30,troyes,nice,2.0,7.0,1.0,7.0,3.0,14.0
j7f9968B,flashscore,F1,2223,2023-04-30,monaco,montpellier,2.0,8.0,1.0,3.0,3.0,11.0
WYgNBzgH,flashscore,I1,2223,2023-04-30,bologna,juventus,1.0,3.0,3.0,2.0,4.0,5.0
hlrW9ENT,flashscore,I1,2223,2023-04-30,fiorentina,sampdoria,6.0,0.0,5.0,0.0,11.0,0.0
APhRAf8N,flashscore,I1,2223,2023-04-30,cremonese,verona,3.0,2.0,0.0,3.0,3.0,5.0
M3MqTyOi,flashscore,I1,2223,2023-04-30,napoli,salernitana,4.0,0.0,6.0,0.0,10.0,0.0
IVFhRFh4,flashscore,I1,2223,2023-04-30,sassuolo,empoli,4.0,3.0,3.0,2.0,7.0,5.0
U9Zc5YVp,flashscore,I1,2223,2023-04-30,inter,lazio,0.0,1.0,2.0,2.0,2.0,3.0
Kvfpc6FP,flashscore,I2,2223,2023-04-30,cagliari,ternana,2.0,2.0,3.0,3.0,5.0,5.0
WIHgzq8C,flashscore,I2,2223,2023-04-30,spal,perugia,3.0,4.0,3.0,3.0,6.0,7.0
08zHahxd,flashscore,P1,2223,2023-04-30,sporting cp,famalicao,2.0,1.0,5.0,2.0,7.0,3.0
65R6MFq9,flashscore,P1,2223,2023-04-30,fc porto,boavista,5.0,1.0,1.0,3.0,6.0,4.0
nHr4LZbF,flashscore,P1,2223,2023-04-30,estoril,santa clara,1.0,1.0,2.0,3.0,3.0,4.0
pl2Wn7st,flashscore,RO1,2223,2023-04-30,univ. craiova,fcsb,3.0,2.0,9.0,2.0,12.0,4.0
8QikwhbS,flashscore,RS1,2223,2023-04-30,napredak,radnik,0.0,2.0,0.0,4.0,0.0,6.0
AXfgXKWM,flashscore,RS1,2223,2023-04-30,crvena zvezda,cukaricki,3.0,0.0,3.0,4.0,6.0,4.0
lKZHYB6q,flashscore,RS1,2223,2023-04-30,radnicki nis,mladost,6.0,3.0,4.0,2.0,10.0,5.0
4jr4K680,flashscore,SP1,2223,2023-04-30,valladolid,atl. madrid,1.0,1.0,8.0,0.0,9.0,1.0
E1kiN8Os,flashscore,SP1,2223,2023-04-30,espanyol,getafe,2.0,1.0,4.0,2.0,6.0,3.0
rss8JQN6,flashscore,SP1,2223,2023-04-30,villarreal,celta vigo,1.0,5.0,3.0,4.0,4.0,9.0
4hNNvyfF,flashscore,SP1,2223,2023-04-30,cadiz cf,valencia,4.0,1.0,1.0,5.0,5.0,6.0
bFO16KAo,flashscore,SP2,2223,2023-04-30,zaragoza,las palmas,2.0,3.0,2.0,3.0,4.0,6.0
nyeqlweH,flashscore,SP2,2223,2023-04-30,granada cf,eibar,1.0,2.0,0.0,2.0,1.0,4.0
dn2WjuBb,flashscore,SP2,2223,2023-04-30,oviedo,ponferradina,4.0,0.0,3.0,2.0,7.0,2.0
MkVoTVJp,flashscore,SP2,2223,2023-04-30,andorra,mirandes,4.0,1.0,2.0,3.0,6.0,4.0
UkeuROIm,flashscore,SW1,2223,2023-04-30,winterthur,basel,0.0,1.0,0.0,4.0,0.0,5.0
8tfqQrYg,flashscore,SW1,2223,2023-04-30,young boys,luzern,5.0,3.0,3.0,3.0,8.0,6.0
QHllP2m0,flashscore,SW1,2223,2023-04-30,zurich,sion,1.0,1.0,3.0,2.0,4.0,3.0
U1uM6jdI,flashscore,TR1,2223,2023-04-30,basaksehir,hatayspor,,,,,,
xnRCAYdg,flashscore,TR1,2223,2023-04-30,kayserispor,gaziantep,,,,,,
ULN4CfSt,flashscore,TR1,2223,2023-04-30,besiktas,galatasaray,3.0,1.0,1.0,0.0,4.0,1.0
lnfIolpm,flashscore,TR2,2223,2023-04-30,goztepe,adanaspor as,,,,,,
UJUj0mat,flashscore,TR2,2223,2023-04-30,denizlispor,samsunspor,0.0,7.0,2.0,3.0,2.0,10.0
SArP4TjP,flashscore,TR2,2223,2023-04-30,altinordu,bandirmaspor,0.0,1.0,5.0,1.0,5.0,2.0
4xcUrnU5,flashscore,TR2,2223,2023-04-30,boluspor,altay,2.0,2.0,2.0,2.0,4.0,4.0
d4cCZ8KI,flashscore,DK1,2223,2023-05-01,midtjylland,silkeborg,2.0,2.0,2.0,3.0,4.0,5.0
CU4liafH,flashscore,E0,2223,2023-05-01,leicester,everton,0.0,6.0,2.0,3.0,2.0,9.0
tM2VObji,flashscore,E1,2223,2023-05-01,blackburn,luton,3.0,3.0,6.0,1.0,9.0,4.0
lhgjKz5M,flashscore,E1,2223,2023-05-01,rotherham,middlesbrough,1.0,5.0,0.0,6.0,1.0,11.0
hY52YMxP,flashscore,I2,2223,2023-05-01,frosinone,reggina,1.0,2.0,3.0,4.0,4.0,6.0
p2FswoOg,flashscore,I2,2223,2023-05-01,venezia,modena,2.0,5.0,6.0,0.0,8.0,5.0
Es7bZ2NI,flashscore,I2,2223,2023-05-01,ascoli,pisa,6.0,1.0,3.0,0.0,9.0,1.0
WfZ6qmoQ,flashscore,I2,2223,2023-05-01,bari,cittadella,2.0,4.0,2.0,5.0,4.0,9.0
IFDkyPh6,flashscore,I2,2223,2023-05-01,benevento,parma,5.0,4.0,2.0,1.0,7.0,5.0
lzMYv7gs,flashscore,I2,2223,2023-05-01,brescia,cosenza,0.0,4.0,4.0,1.0,4.0,5.0
SQKxvR8m,flashscore,I2,2223,2023-05-01,sudtirol,genoa,4.0,3.0,1.0,3.0,5.0,6.0
OhEox5w0,flashscore,I2,2223,2023-05-01,como,palermo,2.0,1.0,3.0,8.0,5.0,9.0
8SQQRNBU,flashscore,RO1,2223,2023-05-01,fc rapid bucuresti,cfr cluj,1.0,5.0,1.0,7.0,2.0,12.0
WvXB80RD,flashscore,RO1,2223,2023-05-01,u. cluj,fc voluntari,1.0,1.0,0.0,5.0,1.0,6.0
tGoPRbfp,flashscore,RS1,2223,2023-05-01,tsc,partizan,2.0,2.0,4.0,1.0,6.0,3.0
zDgsuETF,flashscore,RS1,2223,2023-05-01,kolubara,sp. subotica,0.0,0.0,2.0,4.0,2.0,4.0
j7pGH4hJ,flashscore,SP1,2223,2023-05-01,sevilla,girona,3.0,1.0,3.0,0.0,6.0,1.0
nFmaLngf,flashscore,SP1,2223,2023-05-01,mallorca,ath bilbao,3.0,3.0,2.0,4.0,5.0,7.0
Ie3SiLeh,flashscore,SP2,2223,2023-05-01,burgos cf,villarreal b,4.0,2.0,4.0,5.0,8.0,7.0
QRgmmcAN,flashscore,SP2,2223,2023-05-01,malaga,huesca,1.0,0.0,3.0,1.0,4.0,1.0
AkS55vQi,flashscore,SP2,2223,2023-05-01,gijon,lugo,3.0,2.0,4.0,4.0,7.0,6.0
zutI7WtC,flashscore,TR1,2223,2023-05-01,istanbulspor as,giresunspor,2.0,2.0,1.0,2.0,3.0,4.0
Gr9TeNun,flashscore,E0,2223,2023-05-02,arsenal,chelsea,2.0,1.0,5.0,1.0,7.0,2.0
WQFrO5N4,flashscore,F1,2223,2023-05-02,toulouse,lens,2.0,0.0,3.0,0.0,5.0,0.0
AVVF7KtK,flashscore,RO1,2223,2023-05-02,uta arad,fc hermannstadt,8.0,2.0,1.0,0.0,9.0,2.0
UZhovYrM,flashscore,RS1,2223,2023-05-02,javor,mladost gat,3.0,2.0,2.0,1.0,5.0,3.0
h2LnEbjt,flashscore,SA1,2223,2023-05-02,al khaleej,al ettifaq,2.0,2.0,2.0,3.0,4.0,5.0
Ey4vAnvP,flashscore,SA1,2223,2023-05-02,al taee,al fayha,1.0,2.0,2.0,4.0,3.0,6.0
pdCNDUv0,flashscore,SA1,2223,2023-05-02,abha,al adalah,5.0,1.0,2.0,2.0,7.0,3.0
zo5zBSOI,flashscore,SA1,2223,2023-05-02,al raed,al batin,4.0,4.0,1.0,1.0,5.0,5.0
6qfbUsxP,flashscore,SP1,2223,2023-05-02,real sociedad,real madrid,2.0,2.0,0.0,4.0,2.0,6.0
x42sYPx0,flashscore,SP1,2223,2023-05-02,almeria,elche,4.0,5.0,3.0,8.0,7.0,13.0
2oAUzShs,flashscore,SP1,2223,2023-05-02,barcelona,osasuna,4.0,0.0,7.0,0.0,11.0,0.0
jgattpEO,flashscore,TR2,2223,2023-05-02,erzurumspor,sakaryaspor,1.0,0.0,2.0,2.0,3.0,2.0
lhuPT13a,flashscore,B1,2223,2023-05-03,royale union sg,antwerp,1.0,1.0,2.0,2.0,3.0,3.0
2uqPAVYG,flashscore,E0,2223,2023-05-03,liverpool,fulham,3.0,3.0,4.0,2.0,7.0,5.0
d2rT9klN,flashscore,E0,2223,2023-05-03,manchester city,west ham,4.0,0.0,2.0,3.0,6.0,3.0
ABRZPRhh,flashscore,F1,2223,2023-05-03,brest,nantes,1.0,1.0,1.0,3.0,2.0,4.0
WYuSuF7c,flashscore,I1,2223,2023-05-03,ac milan,cremonese,4.0,0.0,6.0,0.0,10.0,0.0
IVyOtehi,flashscore,I1,2223,2023-05-03,lazio,sassuolo,1.0,1.0,0.0,1.0,1.0,2.0
QeuWvZM3,flashscore,I1,2223,2023-05-03,monza,as roma,3.0,2.0,1.0,1.0,4.0,3.0
xzayJi0p,flashscore,I1,2223,2023-05-03,verona,inter,1.0,6.0,1.0,1.0,2.0,7.0
6i85ODxN,flashscore,I1,2223,2023-05-03,atalanta,spezia,6.0,0.0,6.0,3.0,12.0,3.0
GQcuIBFj,flashscore,I1,2223,2023-05-03,juventus,lecce,4.0,1.0,2.0,6.0,6.0,7.0
4nvzvgxA,flashscore,I1,2223,2023-05-03,salernitana,fiorentina,2.0,1.0,0.0,2.0,2.0,3.0
pbeXxDiG,flashscore,I1,2223,2023-05-03,sampdoria,torino,0.0,3.0,2.0,0.0,2.0,3.0
6B0WB89C,flashscore,SA1,2223,2023-05-03,al shabab,al fateh,7.0,2.0,3.0,2.0,10.0,4.0
SK1SClf6,flashscore,SA1,2223,2023-05-03,al wehda,damac,2.0,0.0,4.0,3.0,6.0,3.0
I9UKIvrP,flashscore,SA1,2223,2023-05-03,al taawon,al ittihad,2.0,8.0,2.0,7.0,4.0,15.0
W2N2u8pQ,flashscore,SP1,2223,2023-05-03,atl. madrid,cadiz cf,2.0,0.0,3.0,2.0,5.0,2.0
AH0kW37C,flashscore,SP1,2223,2023-05-03,getafe,celta vigo,1.0,2.0,0.0,3.0,1.0,5.0
tx9YZo8m,flashscore,SP1,2223,2023-05-03,valencia,villarreal,2.0,5.0,4.0,1.0,6.0,6.0
6DkGCi44,flashscore,E0,2223,2023-05-04,brighton,manchester utd,3.0,5.0,5.0,1.0,8.0,6.0
OpW48w6A,flashscore,E1,2223,2023-05-04,huddersfield,sheffield utd,2.0,1.0,7.0,2.0,9.0,3.0
pr79NXiT,flashscore,I1,2223,2023-05-04,empoli,bologna,2.0,1.0,0.0,4.0,2.0,5.0
OlfyxX6M,flashscore,I1,2223,2023-05-04,udinese,napoli,2.0,3.0,0.0,3.0,2.0,6.0
hCObtlVJ,flashscore,SP1,2223,2023-05-04,ath bilbao,betis,5.0,1.0,8.0,1.0,13.0,2.0
O0bwZ5Ng,flashscore,SP1,2223,2023-05-04,rayo vallecano,valladolid,2.0,2.0,1.0,2.0,3.0,4.0
WQ1oXqh6,flashscore,SP1,2223,2023-05-04,girona,mallorca,4.0,2.0,5.0,3.0,9.0,5.0
ShefVNMI,flashscore,SP1,2223,2023-05-04,sevilla,espanyol,5.0,0.0,4.0,0.0,9.0,0.0
hzBsYPxs,flashscore,B2,2223,2023-05-05,anderlecht u23,beerschot va,2.0,5.0,4.0,0.0,6.0,5.0
zuOVGhjE,flashscore,B2,2223,2023-05-05,st. liege u23,virton,4.0,0.0,3.0,0.0,7.0,0.0
SWJ5UmOj,flashscore,D1,2223,2023-05-05,bayer leverkusen,fc koln,5.0,0.0,4.0,2.0,9.0,2.0
8SdhhiGc,flashscore,D1,2223,2023-05-05,mainz,schalke,3.0,3.0,4.0,3.0,7.0,6.0
OAc6i2CK,flashscore,D2,2223,2023-05-05,arminia bielefeld,greuther furth,2.0,2.0,6.0,3.0,8.0,5.0
zo1AjMRQ,flashscore,D2,2223,2023-05-05,hamburger sv,paderborn,3.0,1.0,0.0,3.0,3.0,4.0
jTXSlrN5,flashscore,I2,2223,2023-05-05,perugia,cagliari,4.0,2.0,4.0,1.0,8.0,3.0
fDvBKYFA,flashscore,N1,2223,2023-05-05,waalwijk,fc volendam,3.0,5.0,1.0,3.0,4.0,8.0
GfVt6FGP,flashscore,P1,2223,2023-05-05,casa pia,portimonense,2.0,0.0,2.0,4.0,4.0,4.0
OxCj1IJm,flashscore,RO1,2223,2023-05-05,chindia targoviste,petrolul,2.0,2.0,6.0,2.0,8.0,4.0
K45aadl0,flashscore,RO1,2223,2023-05-05,fc voluntari,mioveni,3.0,1.0,1.0,2.0,4.0,3.0
4CR94bub,flashscore,SP2,2223,2023-05-05,alaves,granada cf,2.0,4.0,4.0,1.0,6.0,5.0
AReJwwXN,flashscore,B1,2223,2023-05-06,st. liege,gent,3.0,2.0,3.0,1.0,6.0,3.0
SrvTSLI5,flashscore,B1,2223,2023-05-06,club brugge kv,royale union sg,5.0,0.0,5.0,2.0,10.0,2.0
WQ9oXqhm,flashscore,B2,2223,2023-05-06,club brugge kv u23,rwdm brussels,1.0,5.0,1.0,7.0,2.0,12.0
QL42bpzm,flashscore,B2,2223,2023-05-06,dender,lommel sk,6.0,1.0,1.0,3.0,7.0,4.0
Wb5baQKt,flashscore,B2,2223,2023-05-06,genk u23,deinze,4.0,0.0,1.0,2.0,5.0,2.0
4EhDmTUS,flashscore,D1,2223,2023-05-06,werder bremen,bayern munich,0.0,8.0,1.0,3.0,1.0,11.0
bHk5kk0G,flashscore,D1,2223,2023-05-06,augsburg,union berlin,1.0,5.0,2.0,2.0,3.0,7.0
Gh00jVpA,flashscore,D1,2223,2023-05-06,b. monchengladbach,bochum,6.0,0.0,5.0,3.0,11.0,3.0
UyblgX0i,flashscore,D1,2223,2023-05-06,freiburg,rb leipzig,1.0,2.0,2.0,1.0,3.0,3.0
Aig9l9FM,flashscore,D1,2223,2023-05-06,hertha berlin,stuttgart,1.0,3.0,2.0,2.0,3.0,5.0
x21diBV3,flashscore,D1,2223,2023-05-06,hoffenheim,eintracht frankfurt,0.0,3.0,1.0,8.0,1.0,11.0
tSwwntzr,flashscore,D2,2223,2023-05-06,darmstadt,st. pauli,1.0,0.0,1.0,1.0,2.0,1.0
SrtkqvK0,flashscore,D2,2223,2023-05-06,dusseldorf,holstein kiel,2.0,0.0,2.0,3.0,4.0,3.0
OAZcsIlD,flashscore,D2,2223,2023-05-06,hansa rostock,regensburg,0.0,0.0,2.0,3.0,2.0,3.0
A7VgrbZ6,flashscore,D2,2223,2023-05-06,karlsruher sc,hannover,0.0,3.0,4.0,3.0,4.0,6.0
Ys2LghGF,flashscore,E0,2223,2023-05-06,liverpool,brentford,4.0,1.0,3.0,2.0,7.0,3.0
bP98dfWd,flashscore,E0,2223,2023-05-06,bournemouth,chelsea,2.0,2.0,5.0,5.0,7.0,7.0
SIGOhCVL,flashscore,E0,2223,2023-05-06,manchester city,leeds,3.0,1.0,7.0,0.0,10.0,1.0
QgdanA8k,flashscore,E0,2223,2023-05-06,tottenham,crystal palace,4.0,2.0,4.0,2.0,8.0,4.0
b7f7plw2,flashscore,E0,2223,2023-05-06,wolves,aston villa,1.0,2.0,4.0,4.0,5.0,6.0
OKvMyPi4,flashscore,F1,2223,2023-05-06,lens,marseille,5.0,1.0,2.0,6.0,7.0,7.0
IegPzq7A,flashscore,F1,2223,2023-05-06,reims,lille,2.0,4.0,2.0,3.0,4.0,7.0
25jDwoNi,flashscore,F1,2223,2023-05-06,nice,rennes,3.0,5.0,1.0,2.0,4.0,7.0
fXp7WAUq,flashscore,I1,2223,2023-05-06,cremonese,spezia,1.0,6.0,2.0,7.0,3.0,13.0
QHG6iC69,flashscore,I1,2223,2023-05-06,as roma,inter,3.0,3.0,9.0,2.0,12.0,5.0
42ScgYyc,flashscore,I1,2223,2023-05-06,ac milan,lazio,1.0,2.0,5.0,2.0,6.0,4.0
vik5VgMp,flashscore,I2,2223,2023-05-06,palermo,spal,3.0,0.0,2.0,5.0,5.0,5.0
IFZKj4hg,flashscore,I2,2223,2023-05-06,cittadella,benevento,1.0,4.0,2.0,1.0,3.0,5.0
tAYlw6ui,flashscore,I2,2223,2023-05-06,cosenza,venezia,3.0,2.0,4.0,4.0,7.0,6.0
MmtChQNt,flashscore,I2,2223,2023-05-06,genoa,ascoli,3.0,0.0,5.0,1.0,8.0,1.0
4CVGipwm,flashscore,I2,2223,2023-05-06,modena,bari,3.0,2.0,4.0,5.0,7.0,7.0
neRymMiI,flashscore,I2,2223,2023-05-06,pisa,frosinone,0.0,1.0,3.0,1.0,3.0,2.0
84SXm2xC,flashscore,I2,2223,2023-05-06,reggina,como,2.0,3.0,4.0,5.0,6.0,8.0
xx88UDyi,flashscore,I2,2223,2023-05-06,ternana,sudtirol,3.0,4.0,2.0,4.0,5.0,8.0
z97p4DVT,flashscore,N1,2223,2023-05-06,ajax,az alkmaar,2.0,1.0,6.0,1.0,8.0,2.0
Y3wFJhVG,flashscore,N1,2223,2023-05-06,cambuur,utrecht,3.0,0.0,1.0,0.0,4.0,0.0
0ju7LE04,flashscore,N1,2223,2023-05-06,nijmegen,heerenveen,3.0,0.0,1.0,3.0,4.0,3.0
0Q9BICpN,flashscore,N1,2223,2023-05-06,sparta rotterdam,psv,1.0,3.0,1.0,1.0,2.0,4.0
W69u2obf,flashscore,P1,2223,2023-05-06,benfica,braga,4.0,0.0,3.0,1.0,7.0,1.0
EVbp15D0,flashscore,P1,2223,2023-05-06,boavista,estoril,3.0,0.0,3.0,3.0,6.0,3.0
4KRx7e1J,flashscore,P1,2223,2023-05-06,santa clara,gil vicente,3.0,1.0,1.0,4.0,4.0,5.0
bi6znRdn,flashscore,RO1,2223,2023-05-06,farul constanta,fc rapid bucuresti,2.0,2.0,1.0,5.0,3.0,7.0
2TAf0xZg,flashscore,RO1,2223,2023-05-06,fc botosani,u. cluj,4.0,5.0,1.0,0.0,5.0,5.0
pUofql9k,flashscore,SP2,2223,2023-05-06,leganes,huesca,5.0,2.0,4.0,1.0,9.0,3.0
Shyar8Oe,flashscore,SP2,2223,2023-05-06,tenerife,levante,1.0,0.0,3.0,1.0,4.0,1.0
0vLI2xAA,flashscore,SP2,2223,2023-05-06,mirandes,racing santander,4.0,1.0,9.0,0.0,13.0,1.0
j1Tnp4PP,flashscore,SW1,2223,2023-05-06,st. gallen,young boys,2.0,7.0,2.0,2.0,4.0,9.0
CAUropAJ,flashscore,SW1,2223,2023-05-06,sion,winterthur,4.0,0.0,3.0,0.0,7.0,0.0
tv8kkOQp,flashscore,TR1,2223,2023-05-06,adana demirspor,alanyaspor,1.0,1.0,1.0,1.0,2.0,2.0
MZpxDRIi,flashscore,TR1,2223,2023-05-06,antalyaspor,besiktas,2.0,1.0,1.0,4.0,3.0,5.0
dIrXRuYB,flashscore,B1,2223,2023-05-07,antwerp,genk,0.0,2.0,2.0,3.0,2.0,5.0
IieNxcnU,flashscore,B1,2223,2023-05-07,westerlo,cercle brugge ksv,0.0,0.0,3.0,3.0,3.0,3.0
CxRrW37g,flashscore,B2,2223,2023-05-07,k. lierse s.k.,beveren,6.0,5.0,3.0,2.0,9.0,7.0
ETF1VT8p,flashscore,D1,2223,2023-05-07,dortmund,wolfsburg,5.0,4.0,5.0,2.0,10.0,6.0
xENu61RD,flashscore,D2,2223,2023-05-07,braunschweig,sandhausen,1.0,4.0,2.0,8.0,3.0,12.0
KIxso0kl,flashscore,D2,2223,2023-05-07,heidenheim,magdeburg,1.0,1.0,7.0,2.0,8.0,3.0
lhsopK4f,flashscore,D2,2223,2023-05-07,nurnberg,kaiserslautern,3.0,2.0,0.0,8.0,3.0,10.0
Q3sG9L0d,flashscore,DK1,2223,2023-05-07,aarhus,viborg,3.0,1.0,2.0,2.0,5.0,3.0
nDrCA1oj,flashscore,DK1,2223,2023-05-07,randers fc,brondby,7.0,1.0,2.0,5.0,9.0,6.0
x0zacCCP,flashscore,DK1,2223,2023-05-07,lyngby,midtjylland,0.0,3.0,2.0,4.0,2.0,7.0
ChRQhWKt,flashscore,DK1,2223,2023-05-07,silkeborg,odense,3.0,2.0,4.0,3.0,7.0,5.0
zedGYSZO,flashscore,DK1,2223,2023-05-07,aalborg,horsens,1.0,1.0,5.0,1.0,6.0,2.0
KGe3oUNe,flashscore,E0,2223,2023-05-07,west ham,manchester utd,0.0,1.0,5.0,5.0,5.0,6.0
69FSiWpS,flashscore,E0,2223,2023-05-07,newcastle,arsenal,4.0,2.0,5.0,2.0,9.0,4.0
dnhTZ2MG,flashscore,F1,2223,2023-05-07,troyes,psg,3.0,3.0,3.0,3.0,6.0,6.0
pUuIx5xb,flashscore,F1,2223,2023-05-07,lyon,montpellier,2.0,4.0,1.0,1.0,3.0,5.0
xOIjMqhH,flashscore,F1,2223,2023-05-07,ac ajaccio,toulouse,1.0,3.0,3.0,4.0,4.0,7.0
GEHfL37N,flashscore,F1,2223,2023-05-07,auxerre,clermont,2.0,1.0,0.0,1.0,2.0,2.0
zabRFsVp,flashscore,F1,2223,2023-05-07,lorient,brest,3.0,4.0,1.0,2.0,4.0,6.0
l2n9vR7o,flashscore,F1,2223,2023-05-07,nantes,strasbourg,3.0,1.0,8.0,0.0,11.0,1.0
YkCaKNMT,flashscore,F1,2223,2023-05-07,angers,monaco,0.0,2.0,4.0,1.0,4.0,3.0
GnZFUlad,flashscore,I1,2223,2023-05-07,lecce,verona,0.0,1.0,4.0,3.0,4.0,4.0
rgR1hhi3,flashscore,I1,2223,2023-05-07,napoli,fiorentina,0.0,4.0,0.0,1.0,0.0,5.0
GbcwZ3jr,flashscore,I1,2223,2023-05-07,torino,monza,5.0,1.0,2.0,3.0,7.0,4.0
IBguyiMS,flashscore,I1,2223,2023-05-07,atalanta,juventus,2.0,1.0,5.0,2.0,7.0,3.0
CxZOkO7a,flashscore,I2,2223,2023-05-07,parma,brescia,3.0,2.0,1.0,4.0,4.0,6.0
4OobNzWi,flashscore,N1,2223,2023-05-07,sittard,vitesse,4.0,5.0,1.0,3.0,5.0,8.0
xIgCaXwo,flashscore,N1,2223,2023-05-07,excelsior,feyenoord,0.0,1.0,4.0,1.0,4.0,2.0
nmy3Mfob,flashscore,N1,2223,2023-05-07,g.a. eagles,groningen,3.0,0.0,3.0,5.0,6.0,5.0
QXnfOGGo,flashscore,N1,2223,2023-05-07,fc emmen,twente,0.0,2.0,2.0,0.0,2.0,2.0
Me2haqrD,flashscore,P1,2223,2023-05-07,pacos ferreira,sporting cp,0.0,2.0,0.0,4.0,0.0,6.0
hMcl0PS6,flashscore,P1,2223,2023-05-07,vitoria guimaraes,vizela,4.0,2.0,2.0,2.0,6.0,4.0
I35y3Rrl,flashscore,P1,2223,2023-05-07,maritimo,rio ave,2.0,1.0,11.0,0.0,13.0,1.0
tGeuooCh,flashscore,RO1,2223,2023-05-07,cfr cluj,univ. craiova,1.0,0.0,3.0,6.0,4.0,6.0
SAYLXVLk,flashscore,RS1,2223,2023-05-07,javor,kolubara,1.0,1.0,1.0,2.0,2.0,3.0
xtGCfgT2,flashscore,RS1,2223,2023-05-07,mladost gat,sp. subotica,4.0,1.0,3.0,5.0,7.0,6.0
WQsjpUgq,flashscore,SP2,2223,2023-05-07,fc cartagena sad,burgos cf,2.0,1.0,1.0,1.0,3.0,2.0
0tUkSkZj,flashscore,SP2,2223,2023-05-07,lugo,andorra,1.0,0.0,4.0,3.0,5.0,3.0
vVJM1dPG,flashscore,SP2,2223,2023-05-07,oviedo,zaragoza,3.0,4.0,1.0,1.0,4.0,5.0
6qz3sSw2,flashscore,SP2,2223,2023-05-07,ponferradina,malaga,3.0,5.0,3.0,2.0,6.0,7.0
bixl5VV8,flashscore,SP2,2223,2023-05-07,ud ibiza,albacete,2.0,2.0,1.0,5.0,3.0,7.0
K0wp6BG2,flashscore,SP2,2223,2023-05-07,villarreal b,gijon,5.0,1.0,0.0,3.0,5.0,4.0
48mhOM26,flashscore,SW1,2223,2023-05-07,basel,zurich,3.0,2.0,3.0,0.0,6.0,2.0
bVndNtIC,flashscore,SW1,2223,2023-05-07,grasshoppers,servette,0.0,2.0,3.0,3.0,3.0,5.0
A5j0M0XI,flashscore,SW1,2223,2023-05-07,luzern,lugano,1.0,1.0,0.0,1.0,1.0,2.0
rqnYD73o,flashscore,TR1,2223,2023-05-07,gaziantep,karagumruk,,,,,,
Obsg9qIG,flashscore,TR1,2223,2023-05-07,hatayspor,istanbulspor as,,,,,,
ILtc83XM,flashscore,TR1,2223,2023-05-07,giresunspor,fenerbahce,2.0,3.0,1.0,8.0,3.0,11.0
dCu17NnT,flashscore,TR1,2223,2023-05-07,konyaspor,kayserispor,0.0,5.0,3.0,2.0,3.0,7.0
j9ktCoYc,flashscore,TR1,2223,2023-05-07,umraniyespor,sivasspor,5.0,1.0,2.0,6.0,7.0,7.0
0OIOhNcU,flashscore,TR2,2223,2023-05-07,adanaspor as,keciorengucu,,,,,,
nLEKg3rO,flashscore,TR2,2223,2023-05-07,altay,denizlispor,2.0,0.0,2.0,3.0,4.0,3.0
zHXbbRTh,flashscore,TR2,2223,2023-05-07,bandirmaspor,boluspor,0.0,0.0,2.0,2.0,2.0,2.0
IuN3coqa,flashscore,TR2,2223,2023-05-07,bodrumspor,altinordu,2.0,2.0,2.0,0.0,4.0,2.0
OtUfa7En,flashscore,TR2,2223,2023-05-07,erzurumspor,genclerbirligi,0.0,3.0,6.0,1.0,6.0,4.0
Q5QBePDB,flashscore,TR2,2223,2023-05-07,manisa fk,goztepe,0.0,1.0,1.0,1.0,1.0,2.0
4dPFfqTH,flashscore,TR2,2223,2023-05-07,rizespor,tuzlaspor,2.0,2.0,6.0,2.0,8.0,4.0
dWL7d5b5,flashscore,TR2,2223,2023-05-07,sakaryaspor,pendikspor,2.0,2.0,0.0,4.0,2.0,6.0
xpfUD6Tu,flashscore,TR2,2223,2023-05-07,yeni malatyaspor,samsunspor,,,,,,
v7VcY4wc,flashscore,DK1,2223,2023-05-08,nordsjaelland,fc copenhagen,3.0,5.0,3.0,3.0,6.0,8.0
Cjhemjgq,flashscore,E0,2223,2023-05-08,nottingham,southampton,1.0,4.0,1.0,7.0,2.0,11.0
CSDCeEo3,flashscore,E0,2223,2023-05-08,brighton,everton,2.0,1.0,13.0,0.0,15.0,1.0
fi3HfY09,flashscore,E0,2223,2023-05-08,fulham,leicester,2.0,5.0,0.0,2.0,2.0,7.0
Shg5yxzc,flashscore,E1,2223,2023-05-08,birmingham,sheffield utd,3.0,1.0,1.0,3.0,4.0,4.0
fo0EurXa,flashscore,E1,2223,2023-05-08,burnley,cardiff,3.0,1.0,2.0,2.0,5.0,3.0
6qh9zdk3,flashscore,E1,2223,2023-05-08,huddersfield,reading,2.0,1.0,2.0,5.0,4.0,6.0
zJdDZF49,flashscore,E1,2223,2023-05-08,luton,hull,4.0,2.0,3.0,4.0,7.0,6.0
E9eHYZJF,flashscore,E1,2223,2023-05-08,middlesbrough,coventry,3.0,4.0,4.0,2.0,7.0,6.0
dYpMXgZL,flashscore,E1,2223,2023-05-08,millwall,blackburn,0.0,2.0,3.0,4.0,3.0,6.0
88lQWDlS,flashscore,E1,2223,2023-05-08,norwich,blackpool,7.0,1.0,3.0,3.0,10.0,4.0
QmyhSXdq,flashscore,E1,2223,2023-05-08,preston,sunderland,1.0,6.0,1.0,1.0,2.0,7.0
4vzdRiCk,flashscore,E1,2223,2023-05-08,qpr,bristol city,1.0,2.0,6.0,1.0,7.0,3.0
OK4Iv2n6,flashscore,E1,2223,2023-05-08,swansea,west brom,2.0,1.0,4.0,2.0,6.0,3.0
MFU0QBRe,flashscore,E1,2223,2023-05-08,watford,stoke,4.0,3.0,2.0,3.0,6.0,6.0
06T4PVt2,flashscore,E1,2223,2023-05-08,wigan,rotherham,0.0,1.0,3.0,1.0,3.0,2.0
O2Z9jWLF,flashscore,I1,2223,2023-05-08,sassuolo,bologna,2.0,2.0,2.0,2.0,4.0,4.0
xdzCVUqj,flashscore,I1,2223,2023-05-08,empoli,salernitana,3.0,2.0,5.0,5.0,8.0,7.0
fkdsYN5l,flashscore,I1,2223,2023-05-08,udinese,sampdoria,5.0,2.0,2.0,1.0,7.0,3.0
0n1db3cJ,flashscore,P1,2223,2023-05-08,arouca,fc porto,1.0,6.0,0.0,2.0,1.0,8.0
YZH81ZOt,flashscore,P1,2223,2023-05-08,famalicao,chaves,5.0,3.0,6.0,3.0,11.0,6.0
K6fqp5Rb,flashscore,RO1,2223,2023-05-08,fcsb,sepsi sf. gheorghe,2.0,6.0,3.0,0.0,5.0,6.0
be43bG36,flashscore,RO1,2223,2023-05-08,fc arges,uta arad,1.0,0.0,3.0,1.0,4.0,1.0
UFCn2b4s,flashscore,RO1,2223,2023-05-08,fc hermannstadt,u craiova 1948,4.0,2.0,5.0,1.0,9.0,3.0
tCVNn0W9,flashscore,RS1,2223,2023-05-08,partizan,novi pazar,7.0,1.0,3.0,0.0,10.0,1.0
dOTBk2ni,flashscore,RS1,2223,2023-05-08,vozdovac,crvena zvezda,1.0,9.0,2.0,4.0,3.0,13.0
zFSFlM1c,flashscore,RS1,2223,2023-05-08,cukaricki,vojvodina,3.0,5.0,3.0,3.0,6.0,8.0
UySJmtH3,flashscore,RS1,2223,2023-05-08,radnicki 1923,tsc,0.0,2.0,0.0,1.0,0.0,3.0
tntQRHKu,flashscore,SA1,2223,2023-05-08,al ittihad,abha,1.0,0.0,3.0,3.0,4.0,3.0
QFJfCxLh,flashscore,SA1,2223,2023-05-08,al adalah,al wehda,0.0,5.0,3.0,1.0,3.0,6.0
jN4K6YlU,flashscore,SA1,2223,2023-05-08,al nassr,al khaleej,5.0,1.0,3.0,1.0,8.0,2.0
r3QD3If4,flashscore,SP2,2223,2023-05-08,eibar,las palmas,3.0,0.0,4.0,1.0,7.0,1.0
COwkAP2A,flashscore,TR1,2223,2023-05-08,galatasaray,basaksehir,5.0,2.0,5.0,2.0,10.0,4.0
UalpB5m4,flashscore,TR1,2223,2023-05-08,trabzonspor,ankaragucu,3.0,2.0,2.0,2.0,5.0,4.0
zyxUV9j2,flashscore,RS1,2223,2023-05-09,mladost,radnik,2.0,2.0,2.0,0.0,4.0,2.0
MXXPWkyd,flashscore,RS1,2223,2023-05-09,napredak,radnicki nis,7.0,2.0,5.0,1.0,12.0,3.0
riEaBdza,flashscore,SA1,2223,2023-05-09,al fayha,al fateh,2.0,5.0,2.0,1.0,4.0,6.0
MsD3AGk5,flashscore,SA1,2223,2023-05-09,al taawon,al raed,2.0,1.0,2.0,3.0,4.0,4.0
G4C79z5B,flashscore,SA1,2223,2023-05-10,al batin,al taee,4.0,0.0,6.0,2.0,10.0,2.0
MmbBdO4a,flashscore,B2,2223,2023-05-12,deinze,dender,2.0,2.0,3.0,3.0,5.0,5.0
0vcFerK5,flashscore,B2,2223,2023-05-12,lommel sk,st. liege u23,0.0,3.0,1.0,0.0,1.0,3.0
4C36c4kg,flashscore,B2,2223,2023-05-12,virton,genk u23,2.0,2.0,2.0,2.0,4.0,4.0
UeQZ4Ua3,flashscore,D1,2223,2023-05-12,fc koln,hertha berlin,7.0,2.0,5.0,1.0,12.0,3.0
dvMTfyJC,flashscore,D2,2223,2023-05-12,magdeburg,nurnberg,2.0,3.0,4.0,3.0,6.0,6.0
lEILdcl0,flashscore,D2,2223,2023-05-12,sandhausen,hansa rostock,3.0,2.0,3.0,3.0,6.0,5.0
6FQUijzm,flashscore,DK1,2223,2023-05-12,odense,aalborg,2.0,1.0,6.0,2.0,8.0,3.0
4hFfjO6c,flashscore,F1,2223,2023-05-12,lens,reims,0.0,2.0,0.0,12.0,0.0,14.0
vwWphqcK,flashscore,I1,2223,2023-05-12,lazio,lecce,0.0,1.0,2.0,2.0,2.0,3.0
AaaoCANj,flashscore,N1,2223,2023-05-12,twente,nijmegen,3.0,1.0,4.0,2.0,7.0,3.0
bs3YeVhI,flashscore,P1,2223,2023-05-12,gil vicente,boavista,4.0,3.0,3.0,3.0,7.0,6.0
lnrds3BH,flashscore,RO1,2223,2023-05-12,fc rapid bucuresti,sepsi sf. gheorghe,3.0,5.0,3.0,0.0,6.0,5.0
plpbKcQP,flashscore,RO1,2223,2023-05-12,fc voluntari,fc botosani,2.0,2.0,3.0,7.0,5.0,9.0
hfVSqNyC,flashscore,SP1,2223,2023-05-12,mallorca,cadiz cf,2.0,6.0,1.0,1.0,3.0,7.0
tGRh4koF,flashscore,SP2,2223,2023-05-12,burgos cf,leganes,1.0,4.0,4.0,0.0,5.0,4.0
OY7Vt9bo,flashscore,B1,2223,2023-05-13,st. liege,westerlo,3.0,0.0,1.0,7.0,4.0,7.0
K0skYGfo,flashscore,B1,2223,2023-05-13,cercle brugge ksv,gent,5.0,2.0,3.0,2.0,8.0,4.0
bgTfT1iC,flashscore,B2,2223,2023-05-13,beveren,club brugge kv u23,0.0,5.0,1.0,1.0,1.0,6.0
pjPjUsx6,flashscore,B2,2223,2023-05-13,rwdm brussels,anderlecht u23,0.0,1.0,3.0,1.0,3.0,2.0
jTPnVNMa,flashscore,B2,2223,2023-05-13,beerschot va,k. lierse s.k.,0.0,1.0,6.0,3.0,6.0,4.0
ObZqr7hj,flashscore,D1,2223,2023-05-13,dortmund,b. monchengladbach,4.0,1.0,6.0,3.0,10.0,4.0
6Nvuqmwp,flashscore,D1,2223,2023-05-13,bayern munich,schalke,2.0,0.0,2.0,3.0,4.0,3.0
byEn2SqM,flashscore,D1,2223,2023-05-13,bochum,augsburg,3.0,5.0,4.0,2.0,7.0,7.0
CKFv4lF9,flashscore,D1,2223,2023-05-13,eintracht frankfurt,mainz,5.0,1.0,0.0,0.0,5.0,1.0
GhMV5Apc,flashscore,D1,2223,2023-05-13,union berlin,freiburg,1.0,2.0,0.0,5.0,1.0,7.0
jBEr38UF,flashscore,D1,2223,2023-05-13,wolfsburg,hoffenheim,1.0,3.0,2.0,4.0,3.0,7.0
dGws4udQ,flashscore,D2,2223,2023-05-13,st. pauli,dusseldorf,4.0,0.0,3.0,0.0,7.0,0.0
G4Mq5LtK,flashscore,D2,2223,2023-05-13,greuther furth,braunschweig,4.0,0.0,4.0,1.0,8.0,1.0
hnPCbJJm,flashscore,D2,2223,2023-05-13,holstein kiel,karlsruher sc,1.0,3.0,0.0,3.0,1.0,6.0
zVKXgeYI,flashscore,D2,2223,2023-05-13,kaiserslautern,arminia bielefeld,3.0,4.0,2.0,1.0,5.0,5.0
EFxf8iV8,flashscore,E0,2223,2023-05-13,aston villa,tottenham,6.0,0.0,2.0,3.0,8.0,3.0
KCu26VaL,flashscore,E0,2223,2023-05-13,chelsea,nottingham,0.0,3.0,2.0,2.0,2.0,5.0
2yV65kFR,flashscore,E0,2223,2023-05-13,crystal palace,bournemouth,7.0,1.0,4.0,1.0,11.0,2.0
fZ9ob771,flashscore,E0,2223,2023-05-13,manchester utd,wolves,2.0,3.0,9.0,4.0,11.0,7.0
8xEkcRM7,flashscore,E0,2223,2023-05-13,southampton,fulham,0.0,4.0,1.0,4.0,1.0,8.0
YJLx0Txk,flashscore,E0,2223,2023-05-13,leeds,newcastle,1.0,2.0,1.0,4.0,2.0,6.0
QZkEOKFj,flashscore,E1,2223,2023-05-13,sunderland,luton,3.0,2.0,3.0,0.0,6.0,2.0
Q1Gji4ii,flashscore,F1,2223,2023-05-13,psg,ac ajaccio,5.0,0.0,3.0,3.0,8.0,3.0
bFEbkrM3,flashscore,F1,2223,2023-05-13,strasbourg,nice,2.0,0.0,0.0,3.0,2.0,3.0
bsgbUu5D,flashscore,I1,2223,2023-05-13,inter,sassuolo,0.0,2.0,1.0,3.0,1.0,5.0
pvBPp1kf,flashscore,I1,2223,2023-05-13,spezia,ac milan,3.0,4.0,3.0,5.0,6.0,9.0
lCHGnNKs,flashscore,I1,2223,2023-05-13,salernitana,atalanta,1.0,3.0,4.0,0.0,5.0,3.0
SQz1z4P9,flashscore,I2,2223,2023-05-13,frosinone,genoa,3.0,0.0,1.0,1.0,4.0,1.0
lzxcypA3,flashscore,I2,2223,2023-05-13,ascoli,cosenza,5.0,1.0,2.0,6.0,7.0,7.0
vRVtRand,flashscore,I2,2223,2023-05-13,bari,reggina,1.0,3.0,0.0,5.0,1.0,8.0
AkQ5ZNvG,flashscore,I2,2223,2023-05-13,benevento,modena,4.0,1.0,3.0,1.0,7.0,2.0
0zXxSuXk,flashscore,I2,2223,2023-05-13,brescia,pisa,1.0,3.0,2.0,2.0,3.0,5.0
OhU9YsfM,flashscore,I2,2223,2023-05-13,cagliari,palermo,1.0,8.0,6.0,1.0,7.0,9.0
hUJOkqPd,flashscore,I2,2223,2023-05-13,como,ternana,3.0,2.0,3.0,1.0,6.0,3.0
IFTDX19S,flashscore,I2,2223,2023-05-13,spal,parma,4.0,3.0,1.0,3.0,5.0,6.0
K0XhxQfc,flashscore,I2,2223,2023-05-13,sudtirol,cittadella,2.0,2.0,1.0,0.0,3.0,2.0
KOFuTLHq,flashscore,I2,2223,2023-05-13,venezia,perugia,4.0,2.0,2.0,4.0,6.0,6.0
C4wUzf0i,flashscore,N1,2223,2023-05-13,utrecht,waalwijk,0.0,3.0,4.0,1.0,4.0,4.0
tpVpXBaG,flashscore,N1,2223,2023-05-13,heerenveen,excelsior,2.0,3.0,3.0,3.0,5.0,6.0
jexYZDFc,flashscore,N1,2223,2023-05-13,fc volendam,sparta rotterdam,3.0,4.0,3.0,1.0,6.0,5.0
U1BHaDgg,flashscore,P1,2223,2023-05-13,sporting cp,maritimo,5.0,0.0,4.0,1.0,9.0,1.0
8hALbX8a,flashscore,P1,2223,2023-05-13,portimonense,benfica,0.0,2.0,3.0,3.0,3.0,5.0
CQGC0gvm,flashscore,P1,2223,2023-05-13,chaves,pacos ferreira,2.0,4.0,3.0,4.0,5.0,8.0
jk5JJYpP,flashscore,P1,2223,2023-05-13,vizela,famalicao,0.0,5.0,2.0,2.0,2.0,7.0
SWgmqPt5,flashscore,RO1,2223,2023-05-13,univ. craiova,farul constanta,4.0,1.0,5.0,0.0,9.0,1.0
6cofLwBJ,flashscore,RO1,2223,2023-05-13,u. cluj,chindia targoviste,3.0,2.0,1.0,2.0,4.0,4.0
4h7BdfYI,flashscore,RO1,2223,2023-05-13,petrolul,fc hermannstadt,0.0,0.0,2.0,2.0,2.0,2.0
GYa7vxvj,flashscore,RS1,2223,2023-05-13,tsc,vozdovac,4.0,2.0,6.0,0.0,10.0,2.0
W0OzpbGS,flashscore,RS1,2223,2023-05-13,crvena zvezda,vojvodina,4.0,0.0,8.0,4.0,12.0,4.0
Uy4Bwdgd,flashscore,RS1,2223,2023-05-13,cukaricki,novi pazar,4.0,0.0,2.0,2.0,6.0,2.0
AVuOp3M5,flashscore,SP1,2223,2023-05-13,real madrid,getafe,0.0,1.0,1.0,2.0,1.0,3.0
OEwCm5xm,flashscore,SP1,2223,2023-05-13,villarreal,ath bilbao,6.0,1.0,1.0,4.0,7.0,5.0
0KYzr16O,flashscore,SP1,2223,2023-05-13,osasuna,almeria,1.0,0.0,3.0,1.0,4.0,1.0
vBXvsLLU,flashscore,SP1,2223,2023-05-13,real sociedad,girona,2.0,2.0,5.0,2.0,7.0,4.0
8QBXd7wk,flashscore,SP2,2223,2023-05-13,malaga,mirandes,2.0,0.0,3.0,0.0,5.0,0.0
fJVd390L,flashscore,SP2,2223,2023-05-13,granada cf,lugo,2.0,4.0,3.0,1.0,5.0,5.0
tvAueo81,flashscore,SP2,2223,2023-05-13,zaragoza,fc cartagena sad,2.0,0.0,3.0,6.0,5.0,6.0
Y9jWH8FE,flashscore,SP2,2223,2023-05-13,gijon,oviedo,2.0,1.0,5.0,0.0,7.0,1.0
489Nw22g,flashscore,SW1,2223,2023-05-13,servette,sion,1.0,3.0,3.0,4.0,4.0,7.0
rgLEuOXt,flashscore,SW1,2223,2023-05-13,grasshoppers,luzern,6.0,5.0,2.0,4.0,8.0,9.0
IXWuQJ2O,flashscore,B1,2223,2023-05-14,royale union sg,genk,6.0,2.0,0.0,4.0,6.0,6.0
z9syRamI,flashscore,B1,2223,2023-05-14,antwerp,club brugge kv,3.0,5.0,4.0,0.0,7.0,5.0
2kYmsR7d,flashscore,D1,2223,2023-05-14,rb leipzig,werder bremen,1.0,2.0,2.0,0.0,3.0,2.0
xSCj1naS,flashscore,D1,2223,2023-05-14,stuttgart,bayer leverkusen,3.0,0.0,4.0,3.0,7.0,3.0
6kTGcwZg,flashscore,D2,2223,2023-05-14,hannover,darmstadt,1.0,5.0,1.0,2.0,2.0,7.0
bPP8aa4s,flashscore,D2,2223,2023-05-14,paderborn,heidenheim,2.0,1.0,3.0,2.0,5.0,3.0
S4HPeH36,flashscore,D2,2223,2023-05-14,regensburg,hamburger sv,1.0,3.0,5.0,1.0,6.0,4.0
zZO6Wr89,flashscore,DK1,2223,2023-05-14,aarhus,nordsjaelland,2.0,4.0,2.0,1.0,4.0,5.0
hAZ1XOh3,flashscore,DK1,2223,2023-05-14,brondby,fc copenhagen,2.0,2.0,0.0,2.0,2.0,4.0
p6PYjAkg,flashscore,DK1,2223,2023-05-14,midtjylland,horsens,10.0,0.0,2.0,3.0,12.0,3.0
2sKwjU4a,flashscore,DK1,2223,2023-05-14,silkeborg,lyngby,5.0,2.0,1.0,4.0,6.0,6.0
zPwj9XF2,flashscore,E0,2223,2023-05-14,arsenal,brighton,3.0,1.0,2.0,1.0,5.0,2.0
8xxb7BpF,flashscore,E0,2223,2023-05-14,brentford,west ham,4.0,1.0,3.0,4.0,7.0,5.0
4pHY09Nr,flashscore,E0,2223,2023-05-14,everton,manchester city,3.0,5.0,5.0,1.0,8.0,6.0
4IfgnO7c,flashscore,E1,2223,2023-05-14,coventry,middlesbrough,4.0,2.0,2.0,4.0,6.0,6.0
lpX7SKEj,flashscore,F1,2223,2023-05-14,marseille,angers,5.0,0.0,2.0,0.0,7.0,0.0
vBsYYMyN,flashscore,F1,2223,2023-05-14,monaco,lille,2.0,2.0,1.0,2.0,3.0,4.0
AkI2l2yA,flashscore,F1,2223,2023-05-14,brest,auxerre,3.0,0.0,3.0,0.0,6.0,0.0
AgY3T0ap,flashscore,F1,2223,2023-05-14,montpellier,lorient,7.0,4.0,4.0,1.0,11.0,5.0
hE77mMjG,flashscore,F1,2223,2023-05-14,rennes,troyes,4.0,1.0,5.0,0.0,9.0,1.0
UwVzWgLr,flashscore,F1,2223,2023-05-14,toulouse,nantes,3.0,3.0,7.0,2.0,10.0,5.0
hEoxYtiT,flashscore,F1,2223,2023-05-14,clermont,lyon,3.0,1.0,2.0,1.0,5.0,2.0
0nXtgPsE,flashscore,I1,2223,2023-05-14,juventus,cremonese,4.0,0.0,3.0,0.0,7.0,0.0
CQjnXsLf,flashscore,I1,2223,2023-05-14,bologna,as roma,2.0,4.0,1.0,2.0,3.0,6.0
jHkjW1z1,flashscore,I1,2223,2023-05-14,fiorentina,udinese,1.0,2.0,2.0,1.0,3.0,3.0
n3Vli3CQ,flashscore,I1,2223,2023-05-14,monza,napoli,4.0,1.0,2.0,9.0,6.0,10.0
pvkfVLk7,flashscore,I1,2223,2023-05-14,verona,torino,1.0,3.0,2.0,1.0,3.0,4.0
vH8FHWaT,flashscore,N1,2223,2023-05-14,az alkmaar,fc emmen,9.0,1.0,4.0,2.0,13.0,3.0
bLutYipA,flashscore,N1,2223,2023-05-14,psv,sittard,7.0,0.0,7.0,1.0,14.0,1.0
KUtxZXU3,flashscore,N1,2223,2023-05-14,feyenoord,g.a. eagles,0.0,2.0,1.0,0.0,1.0,2.0
hKYlWVEM,flashscore,N1,2223,2023-05-14,vitesse,cambuur,3.0,3.0,1.0,1.0,4.0,4.0
xY1xek8O,flashscore,P1,2223,2023-05-14,fc porto,casa pia,6.0,3.0,7.0,0.0,13.0,3.0
2F9PciO5,flashscore,P1,2223,2023-05-14,braga,santa clara,5.0,1.0,6.0,5.0,11.0,6.0
GIDTdBwC,flashscore,P1,2223,2023-05-14,rio ave,vitoria guimaraes,3.0,4.0,6.0,4.0,9.0,8.0
6NhirqdB,flashscore,RO1,2223,2023-05-14,fcsb,cfr cluj,5.0,2.0,3.0,2.0,8.0,4.0
hI37czJC,flashscore,RO1,2223,2023-05-14,u craiova 1948,fc arges,1.0,0.0,0.0,3.0,1.0,3.0
xtxQFHYt,flashscore,RO1,2223,2023-05-14,mioveni,uta arad,5.0,3.0,1.0,6.0,6.0,9.0
Y9A2uIOq,flashscore,RS1,2223,2023-05-14,partizan,radnicki 1923,0.0,1.0,0.0,3.0,0.0,4.0
GWEGgDr9,flashscore,RS1,2223,2023-05-14,kolubara,napredak,1.0,1.0,3.0,0.0,4.0,1.0
U7GB8fKH,flashscore,SA1,2223,2023-05-14,al ettifaq,al shabab,4.0,4.0,2.0,6.0,6.0,10.0
WvsKoq7a,flashscore,SP1,2223,2023-05-14,espanyol,barcelona,2.0,2.0,2.0,1.0,4.0,3.0
6cZWrsiI,flashscore,SP1,2223,2023-05-14,valladolid,sevilla,5.0,2.0,3.0,1.0,8.0,3.0
25xGnPig,flashscore,SP1,2223,2023-05-14,elche,atl. madrid,1.0,1.0,2.0,4.0,3.0,5.0
tjl7loNt,flashscore,SP1,2223,2023-05-14,celta vigo,valencia,3.0,2.0,2.0,2.0,5.0,4.0
jkHScmOr,flashscore,SP2,2223,2023-05-14,las palmas,villarreal b,1.0,0.0,1.0,6.0,2.0,6.0
nHAydRhe,flashscore,SP2,2223,2023-05-14,albacete,alaves,4.0,3.0,0.0,5.0,4.0,8.0
ltV02TFR,flashscore,SP2,2223,2023-05-14,huesca,ponferradina,4.0,1.0,3.0,1.0,7.0,2.0
4EfWzrwi,flashscore,SP2,2223,2023-05-14,andorra,tenerife,0.0,3.0,4.0,1.0,4.0,4.0
hEDqf5N7,flashscore,SP2,2223,2023-05-14,racing santander,eibar,1.0,4.0,0.0,3.0,1.0,7.0
MqKIvrmm,flashscore,SW1,2223,2023-05-14,lugano,winterthur,4.0,1.0,2.0,3.0,6.0,4.0
IBDRxMHa,flashscore,SW1,2223,2023-05-14,st. gallen,basel,5.0,3.0,5.0,1.0,10.0,4.0
CYCVytX5,flashscore,SW1,2223,2023-05-14,young boys,zurich,6.0,5.0,3.0,0.0,9.0,5.0
EPNAV2NF,flashscore,DK1,2223,2023-05-15,randers fc,viborg,1.0,6.0,3.0,4.0,4.0,10.0
CAKtamhe,flashscore,E0,2223,2023-05-15,leicester,liverpool,1.0,2.0,3.0,2.0,4.0,4.0
Wz7Loszl,flashscore,I1,2223,2023-05-15,sampdoria,empoli,0.0,1.0,1.0,1.0,1.0,2.0
hbioFhgt,flashscore,P1,2223,2023-05-15,estoril,arouca,2.0,0.0,2.0,2.0,4.0,2.0
A7TJhXcF,flashscore,RS1,2223,2023-05-15,radnicki nis,javor,1.0,1.0,6.0,1.0,7.0,2.0
WMHSjBSR,flashscore,RS1,2223,2023-05-15,radnik,mladost gat,4.0,1.0,2.0,2.0,6.0,3.0
lbSNiiDL,flashscore,RS1,2223,2023-05-15,sp. subotica,mladost,1.0,3.0,2.0,2.0,3.0,5.0
lIWpNgZA,flashscore,SA1,2223,2023-05-15,al fateh,al adalah,1.0,0.0,6.0,2.0,7.0,2.0
KxuUQyzn,flashscore,SA1,2223,2023-05-15,al batin,al fayha,1.0,0.0,3.0,1.0,4.0,1.0
6gRkMDlH,flashscore,SA1,2223,2023-05-15,al khaleej,al taawon,1.0,3.0,5.0,5.0,6.0,8.0
G4YxPF4b,flashscore,SA1,2223,2023-05-15,al raed,damac,0.0,3.0,0.0,3.0,0.0,6.0
KnrtgREP,flashscore,SP1,2223,2023-05-15,betis,rayo vallecano,3.0,1.0,3.0,4.0,6.0,5.0
fJiSIl08,flashscore,SP2,2223,2023-05-15,levante,ud ibiza,6.0,2.0,4.0,0.0,10.0,2.0
QRekm4hi,flashscore,E1,2223,2023-05-16,luton,sunderland,2.0,2.0,5.0,3.0,7.0,5.0
ddesDj8p,flashscore,N1,2223,2023-05-16,groningen,ajax,1.0,6.0,2.0,4.0,3.0,10.0
v7PcKiJT,flashscore,SA1,2223,2023-05-16,al hilal,al ittihad,3.0,2.0,5.0,0.0,8.0,2.0
ppQgLX3N,flashscore,SA1,2223,2023-05-16,al taee,al nassr,1.0,2.0,1.0,0.0,2.0,2.0
xpGZLM1M,flashscore,TR1,2223,2023-05-16,alanyaspor,konyaspor,0.0,2.0,3.0,1.0,3.0,3.0
UaAFQpmi,flashscore,TR1,2223,2023-05-16,istanbulspor as,galatasaray,1.0,4.0,2.0,5.0,3.0,9.0
bgHVM2nG,flashscore,TR1,2223,2023-05-16,sivasspor,kasimpasa,3.0,1.0,3.0,0.0,6.0,1.0
dnAVBpbh,flashscore,TR2,2223,2023-05-16,denizlispor,adanaspor as,,,,,,
GzgYCQrn,flashscore,TR2,2223,2023-05-16,keciorengucu,yeni malatyaspor,,,,,,
z1iM10zo,flashscore,TR2,2223,2023-05-16,altinordu,erzurumspor,5.0,2.0,5.0,2.0,10.0,4.0
Ua8wAOS4,flashscore,TR2,2223,2023-05-16,boluspor,eyupspor,1.0,3.0,2.0,3.0,3.0,6.0
4I0j7MCN,flashscore,TR2,2223,2023-05-16,genclerbirligi,sakaryaspor,1.0,1.0,5.0,0.0,6.0,1.0
QR1n82cH,flashscore,TR2,2223,2023-05-16,goztepe,rizespor,3.0,2.0,1.0,2.0,4.0,4.0
Yi5f6tST,flashscore,TR2,2223,2023-05-16,pendikspor,bandirmaspor,1.0,3.0,0.0,1.0,1.0,4.0
zw9ZA4Db,flashscore,TR2,2223,2023-05-16,samsunspor,bodrumspor,1.0,3.0,2.0,0.0,3.0,3.0
r3Cs9rrB,flashscore,TR2,2223,2023-05-16,tuzlaspor,manisa fk,2.0,3.0,1.0,4.0,3.0,7.0
bufcorN3,flashscore,E1,2223,2023-05-17,middlesbrough,coventry,3.0,0.0,5.0,0.0,8.0,0.0
x6NT2sep,flashscore,TR1,2223,2023-05-17,ankaragucu,antalyaspor,1.0,2.0,2.0,0.0,3.0,2.0
QR3OOOH3,flashscore,TR1,2223,2023-05-17,besiktas,gaziantep,,,,,,
K85vLtHS,flashscore,TR1,2223,2023-05-17,giresunspor,hatayspor,,,,,,
4I2SNrX9,flashscore,TR1,2223,2023-05-17,karagumruk,adana demirspor,0.0,3.0,1.0,5.0,1.0,8.0
GdMX11Aj,flashscore,TR1,2223,2023-05-17,basaksehir,umraniyespor,1.0,2.0,2.0,2.0,3.0,4.0
Q1SWq2U0,flashscore,E0,2223,2023-05-18,newcastle,brighton,6.0,0.0,0.0,1.0,6.0,1.0
21UYPekh,flashscore,SA1,2223,2023-05-18,abha,al ettifaq,0.0,1.0,2.0,4.0,2.0,5.0
ARXtOZJ4,flashscore,SA1,2223,2023-05-18,al shabab,al wehda,3.0,0.0,4.0,1.0,7.0,1.0
r3EJP42c,flashscore,TR1,2223,2023-05-18,fenerbahce,trabzonspor,2.0,1.0,7.0,2.0,9.0,3.0
jZhRfpxd,flashscore,D1,2223,2023-05-19,freiburg,wolfsburg,1.0,1.0,3.0,3.0,4.0,4.0
h04oDIYt,flashscore,D2,2223,2023-05-19,darmstadt,magdeburg,3.0,2.0,2.0,2.0,5.0,4.0
SIdbAGIa,flashscore,D2,2223,2023-05-19,holstein kiel,st. pauli,4.0,2.0,5.0,3.0,9.0,5.0
lbMkmSlI,flashscore,DK1,2223,2023-05-19,horsens,silkeborg,2.0,2.0,3.0,3.0,5.0,5.0
6yWzkZRK,flashscore,F1,2223,2023-05-19,lyon,monaco,1.0,4.0,1.0,4.0,2.0,8.0
OUVba04m,flashscore,I1,2223,2023-05-19,sassuolo,monza,3.0,1.0,3.0,2.0,6.0,3.0
tfhCtunq,flashscore,I2,2223,2023-05-19,cittadella,como,1.0,4.0,3.0,4.0,4.0,8.0
zDFqoLwS,flashscore,I2,2223,2023-05-19,cosenza,cagliari,2.0,1.0,5.0,2.0,7.0,3.0
ldDXmNg9,flashscore,I2,2223,2023-05-19,genoa,bari,4.0,1.0,3.0,1.0,7.0,2.0
QsfOwwW1,flashscore,I2,2223,2023-05-19,modena,sudtirol,3.0,1.0,1.0,5.0,4.0,6.0
dMGun1OL,flashscore,I2,2223,2023-05-19,palermo,brescia,3.0,0.0,2.0,2.0,5.0,2.0
2aw72M82,flashscore,I2,2223,2023-05-19,parma,venezia,4.0,3.0,2.0,2.0,6.0,5.0
SnCyms9F,flashscore,I2,2223,2023-05-19,perugia,benevento,4.0,2.0,4.0,4.0,8.0,6.0
nieKvJGe,flashscore,I2,2223,2023-05-19,pisa,spal,5.0,2.0,5.0,1.0,10.0,3.0
6XNSl3v3,flashscore,I2,2223,2023-05-19,reggina,ascoli,3.0,1.0,4.0,2.0,7.0,3.0
hUeGua1k,flashscore,I2,2223,2023-05-19,ternana,frosinone,4.0,1.0,2.0,3.0,6.0,4.0
zNtjEC8n,flashscore,P1,2223,2023-05-19,maritimo,vizela,4.0,6.0,1.0,0.0,5.0,6.0
6LTtCZX5,flashscore,RO1,2223,2023-05-19,chindia targoviste,fc voluntari,1.0,2.0,0.0,1.0,1.0,3.0
beQYDe3g,flashscore,RO1,2223,2023-05-19,fc arges,petrolul,5.0,3.0,1.0,2.0,6.0,5.0
GWzUEylm,flashscore,RO1,2223,2023-05-19,uta arad,u craiova 1948,4.0,3.0,2.0,1.0,6.0,4.0
CbUxDFIa,flashscore,RO1,2223,2023-05-19,fc hermannstadt,u. cluj,4.0,4.0,1.0,3.0,5.0,7.0
CW5G7EZN,flashscore,SA1,2223,2023-05-19,damac,al hilal,0.0,3.0,1.0,3.0,1.0,6.0
j5FmqB2b,flashscore,SP1,2223,2023-05-19,cadiz cf,valladolid,1.0,0.0,3.0,3.0,4.0,3.0
WbBwumTc,flashscore,B1,2223,2023-05-20,gent,cercle brugge ksv,3.0,2.0,1.0,0.0,4.0,2.0
xxCZuTDi,flashscore,B1,2223,2023-05-20,westerlo,st. liege,1.0,3.0,1.0,2.0,2.0,5.0
r9kJd67q,flashscore,D1,2223,2023-05-20,bayern munich,rb leipzig,3.0,1.0,4.0,1.0,7.0,2.0
veZLGRbF,flashscore,D1,2223,2023-05-20,hertha berlin,bochum,2.0,1.0,7.0,4.0,9.0,5.0
6syEImU2,flashscore,D1,2223,2023-05-20,hoffenheim,union berlin,0.0,2.0,1.0,3.0,1.0,5.0
xthPFoEL,flashscore,D1,2223,2023-05-20,schalke,eintracht frankfurt,3.0,1.0,5.0,2.0,8.0,3.0
K4sUE5TR,flashscore,D1,2223,2023-05-20,werder bremen,fc koln,2.0,6.0,2.0,3.0,4.0,9.0
zLHJHbQP,flashscore,D2,2223,2023-05-20,hamburger sv,greuther furth,1.0,3.0,0.0,4.0,1.0,7.0
xzaGIvBJ,flashscore,D2,2223,2023-05-20,arminia bielefeld,paderborn,4.0,2.0,2.0,0.0,6.0,2.0
I7kB7E2I,flashscore,D2,2223,2023-05-20,braunschweig,regensburg,2.0,1.0,6.0,4.0,8.0,5.0
Wj3kCxlm,flashscore,D2,2223,2023-05-20,heidenheim,sandhausen,5.0,1.0,8.0,0.0,13.0,1.0
YucDC6Mf,flashscore,E0,2223,2023-05-20,nottingham,arsenal,1.0,4.0,2.0,2.0,3.0,6.0
Mu2XLAa8,flashscore,E0,2223,2023-05-20,bournemouth,manchester utd,1.0,0.0,2.0,6.0,3.0,6.0
trIYJlUK,flashscore,E0,2223,2023-05-20,fulham,crystal palace,5.0,0.0,2.0,4.0,7.0,4.0
KYGxJ8qR,flashscore,E0,2223,2023-05-20,liverpool,aston villa,3.0,2.0,6.0,1.0,9.0,3.0
KdaP946D,flashscore,E0,2223,2023-05-20,wolves,everton,0.0,3.0,1.0,4.0,1.0,7.0
CWeHBQy1,flashscore,E0,2223,2023-05-20,tottenham,brentford,3.0,1.0,5.0,1.0,8.0,2.0
nZFZjec8,flashscore,F1,2223,2023-05-20,lille,marseille,1.0,2.0,2.0,2.0,3.0,4.0
YVRiSBK7,flashscore,F1,2223,2023-05-20,nantes,montpellier,6.0,3.0,4.0,3.0,10.0,6.0
SMjO52RJ,flashscore,I1,2223,2023-05-20,ac milan,sampdoria,6.0,1.0,1.0,1.0,7.0,2.0
v1ATqL40,flashscore,I1,2223,2023-05-20,atalanta,verona,6.0,0.0,0.0,3.0,6.0,3.0
Ii9XruK6,flashscore,I1,2223,2023-05-20,cremonese,bologna,0.0,7.0,3.0,2.0,3.0,9.0
CSyF88xO,flashscore,P1,2223,2023-05-20,famalicao,fc porto,0.0,1.0,1.0,0.0,1.0,1.0
lQpfDWNh,flashscore,P1,2223,2023-05-20,boavista,braga,1.0,2.0,1.0,1.0,2.0,3.0
I5xB9lNH,flashscore,P1,2223,2023-05-20,arouca,chaves,2.0,2.0,2.0,4.0,4.0,6.0
O2uJ7SiU,flashscore,P1,2223,2023-05-20,santa clara,portimonense,5.0,1.0,4.0,5.0,9.0,6.0
bLXVz1lo,flashscore,RO1,2223,2023-05-20,sepsi sf. gheorghe,cfr cluj,2.0,1.0,3.0,3.0,5.0,4.0
pCSpBgmC,flashscore,RO1,2223,2023-05-20,fc botosani,mioveni,3.0,0.0,4.0,3.0,7.0,3.0
ruhg2uWd,flashscore,RS1,2223,2023-05-20,radnicki 1923,crvena zvezda,1.0,6.0,0.0,7.0,1.0,13.0
x2Bqpimh,flashscore,SP1,2223,2023-05-20,barcelona,real sociedad,4.0,2.0,4.0,0.0,8.0,2.0
YT4hrVH4,flashscore,SP1,2223,2023-05-20,almeria,mallorca,4.0,2.0,0.0,4.0,4.0,6.0
Kp74uT1N,flashscore,SP1,2223,2023-05-20,getafe,elche,1.0,2.0,4.0,4.0,5.0,6.0
4lDynDIu,flashscore,SP1,2223,2023-05-20,ath bilbao,celta vigo,4.0,4.0,4.0,1.0,8.0,5.0
CK3dskXA,flashscore,SP1,2223,2023-05-20,girona,villarreal,2.0,1.0,1.0,0.0,3.0,1.0
YXYI84x1,flashscore,SP2,2223,2023-05-20,tenerife,burgos cf,4.0,3.0,8.0,0.0,12.0,3.0
2qezHSUK,flashscore,SP2,2223,2023-05-20,alaves,malaga,4.0,0.0,2.0,3.0,6.0,3.0
nHW6B6hr,flashscore,SP2,2223,2023-05-20,eibar,gijon,5.0,0.0,8.0,0.0,13.0,0.0
tzfvGnpR,flashscore,SP2,2223,2023-05-20,fc cartagena sad,las palmas,3.0,3.0,2.0,1.0,5.0,4.0
hzkK6r7D,flashscore,SP2,2223,2023-05-20,lugo,huesca,1.0,1.0,3.0,3.0,4.0,4.0
EqjG7Oi7,flashscore,SP2,2223,2023-05-20,mirandes,granada cf,2.0,0.0,1.0,0.0,3.0,0.0
Kts6UoaK,flashscore,SP2,2223,2023-05-20,ponferradina,albacete,4.0,1.0,3.0,4.0,7.0,5.0
6ww2VRqE,flashscore,SP2,2223,2023-05-20,villarreal b,levante,1.0,4.0,3.0,3.0,4.0,7.0
0KzBAQ7l,flashscore,SP2,2223,2023-05-20,ud ibiza,zaragoza,2.0,4.0,2.0,5.0,4.0,9.0
IorWZJ1I,flashscore,SW1,2223,2023-05-20,luzern,st. gallen,5.0,4.0,0.0,5.0,5.0,9.0
AuVHcNgP,flashscore,SW1,2223,2023-05-20,winterthur,servette,0.0,1.0,4.0,1.0,4.0,2.0
6avcwOWd,flashscore,TR1,2223,2023-05-20,galatasaray,sivasspor,2.0,0.0,4.0,3.0,6.0,3.0
dUd6G0Pq,flashscore,TR1,2223,2023-05-20,kayserispor,alanyaspor,4.0,1.0,8.0,1.0,12.0,2.0
jmt9zMGF,flashscore,TR1,2223,2023-05-20,kasimpasa,istanbulspor as,4.0,2.0,4.0,2.0,8.0,4.0
4WuPLLRG,flashscore,TR2,2223,2023-05-20,altay,tuzlaspor,3.0,2.0,5.0,3.0,8.0,5.0
6TBkpNmt,flashscore,B1,2223,2023-05-21,genk,royale union sg,1.0,4.0,1.0,0.0,2.0,4.0
U7zpPwIU,flashscore,B1,2223,2023-05-21,club brugge kv,antwerp,3.0,1.0,0.0,4.0,3.0,5.0
dCgNeQMk,flashscore,D1,2223,2023-05-21,bayer leverkusen,b. monchengladbach,1.0,1.0,1.0,2.0,2.0,3.0
pYZHH7q9,flashscore,D1,2223,2023-05-21,augsburg,dortmund,0.0,6.0,3.0,2.0,3.0,8.0
UPiVg4i2,flashscore,D1,2223,2023-05-21,mainz,stuttgart,2.0,1.0,4.0,2.0,6.0,3.0
Mud29zY5,flashscore,D2,2223,2023-05-21,dusseldorf,hannover,2.0,3.0,3.0,1.0,5.0,4.0
zq068fmC,flashscore,D2,2223,2023-05-21,karlsruher sc,kaiserslautern,1.0,1.0,0.0,7.0,1.0,8.0
lScfBd3g,flashscore,D2,2223,2023-05-21,nurnberg,hansa rostock,2.0,1.0,3.0,0.0,5.0,1.0
0tMITthS,flashscore,DK1,2223,2023-05-21,fc copenhagen,aarhus,3.0,0.0,1.0,2.0,4.0,2.0
MkNEUMxM,flashscore,DK1,2223,2023-05-21,viborg,brondby,2.0,1.0,3.0,1.0,5.0,2.0
tYIsklK5,flashscore,DK1,2223,2023-05-21,aalborg,midtjylland,2.0,0.0,4.0,2.0,6.0,2.0
zeIol8ZB,flashscore,DK1,2223,2023-05-21,lyngby,odense,2.0,2.0,2.0,2.0,4.0,4.0
xE34ESir,flashscore,E0,2223,2023-05-21,manchester city,chelsea,3.0,1.0,2.0,1.0,5.0,2.0
0W0yLUEE,flashscore,E0,2223,2023-05-21,brighton,southampton,0.0,0.0,4.0,3.0,4.0,3.0
t60LApi7,flashscore,E0,2223,2023-05-21,west ham,leeds,5.0,1.0,4.0,4.0,9.0,5.0
x4YrUXke,flashscore,F1,2223,2023-05-21,auxerre,psg,3.0,4.0,1.0,2.0,4.0,6.0
KSNmTi51,flashscore,F1,2223,2023-05-21,lorient,lens,2.0,5.0,1.0,0.0,3.0,5.0
pSUvlgsR,flashscore,F1,2223,2023-05-21,brest,clermont,3.0,0.0,4.0,1.0,7.0,1.0
QPEwjFCE,flashscore,F1,2223,2023-05-21,nice,toulouse,3.0,2.0,3.0,1.0,6.0,3.0
27H6qDkr,flashscore,F1,2223,2023-05-21,reims,angers,2.0,1.0,5.0,2.0,7.0,3.0
GALArX4l,flashscore,F1,2223,2023-05-21,troyes,strasbourg,3.0,3.0,1.0,3.0,4.0,6.0
bDZvVDzk,flashscore,F1,2223,2023-05-21,ac ajaccio,rennes,2.0,1.0,0.0,4.0,2.0,5.0
WfZ6cvZa,flashscore,I1,2223,2023-05-21,udinese,lazio,1.0,4.0,2.0,4.0,3.0,8.0
vcfS4MtQ,flashscore,I1,2223,2023-05-21,napoli,inter,1.0,1.0,3.0,0.0,4.0,1.0
h4z3bKJg,flashscore,I1,2223,2023-05-21,torino,fiorentina,2.0,1.0,1.0,2.0,3.0,3.0
EJ2tsJlJ,flashscore,I1,2223,2023-05-21,lecce,spezia,0.0,2.0,2.0,3.0,2.0,5.0
nsYhVkUS,flashscore,N1,2223,2023-05-21,ajax,utrecht,3.0,1.0,5.0,0.0,8.0,1.0
6REPPTij,flashscore,N1,2223,2023-05-21,excelsior,sittard,2.0,1.0,4.0,1.0,6.0,2.0
ljKKQ9xp,flashscore,N1,2223,2023-05-21,fc emmen,feyenoord,0.0,3.0,3.0,5.0,3.0,8.0
pIDTOm7d,flashscore,N1,2223,2023-05-21,g.a. eagles,fc volendam,6.0,1.0,2.0,2.0,8.0,3.0
bL1BmXqc,flashscore,N1,2223,2023-05-21,nijmegen,az alkmaar,0.0,2.0,3.0,2.0,3.0,4.0
CO5Fnia3,flashscore,N1,2223,2023-05-21,psv,heerenveen,5.0,1.0,4.0,5.0,9.0,6.0
YwfOpVTF,flashscore,N1,2223,2023-05-21,sparta rotterdam,cambuur,1.0,2.0,3.0,2.0,4.0,4.0
vwIiT2br,flashscore,N1,2223,2023-05-21,vitesse,groningen,1.0,0.0,1.0,2.0,2.0,2.0
fmeKoBE9,flashscore,N1,2223,2023-05-21,waalwijk,twente,1.0,3.0,4.0,2.0,5.0,5.0
Mwq2BAh5,flashscore,P1,2223,2023-05-21,sporting cp,benfica,6.0,3.0,1.0,4.0,7.0,7.0
lQ6PSBNu,flashscore,P1,2223,2023-05-21,casa pia,estoril,1.0,2.0,2.0,1.0,3.0,3.0
vFw7AU7B,flashscore,P1,2223,2023-05-21,pacos ferreira,rio ave,3.0,2.0,2.0,4.0,5.0,6.0
rmpbCjwa,flashscore,P1,2223,2023-05-21,vitoria guimaraes,gil vicente,0.0,3.0,3.0,3.0,3.0,6.0
2kn0tNQN,flashscore,RO1,2223,2023-05-21,farul constanta,fcsb,4.0,0.0,5.0,2.0,9.0,2.0
lhNg0J09,flashscore,RS1,2223,2023-05-21,novi pazar,tsc,1.0,4.0,1.0,2.0,2.0,6.0
SrMcawGF,flashscore,RS1,2223,2023-05-21,vozdovac,cukaricki,3.0,1.0,0.0,1.0,3.0,2.0
MVjc1ao3,flashscore,RS1,2223,2023-05-21,vojvodina,partizan,1.0,3.0,1.0,1.0,2.0,4.0
tf80t9nH,flashscore,SP1,2223,2023-05-21,sevilla,betis,0.0,3.0,4.0,0.0,4.0,3.0
x2myz7Pp,flashscore,SP1,2223,2023-05-21,valencia,real madrid,2.0,1.0,0.0,8.0,2.0,9.0
ruCuoXXo,flashscore,SP1,2223,2023-05-21,atl. madrid,osasuna,6.0,3.0,2.0,7.0,8.0,10.0
29d9vmHT,flashscore,SP1,2223,2023-05-21,rayo vallecano,espanyol,2.0,4.0,2.0,0.0,4.0,4.0
IHbzz2hc,flashscore,SP2,2223,2023-05-21,leganes,andorra,1.0,4.0,1.0,2.0,2.0,6.0
fszF9pNf,flashscore,SP2,2223,2023-05-21,oviedo,racing santander,4.0,3.0,0.0,0.0,4.0,3.0
jPBZz0nC,flashscore,SW1,2223,2023-05-21,basel,lugano,2.0,1.0,0.0,6.0,2.0,7.0
n1Mqgs2t,flashscore,SW1,2223,2023-05-21,zurich,grasshoppers,2.0,1.0,1.0,2.0,3.0,3.0
dxszZwHO,flashscore,SW1,2223,2023-05-21,sion,young boys,2.0,2.0,1.0,4.0,3.0,6.0
C2UHYaoS,flashscore,TR1,2223,2023-05-21,gaziantep,giresunspor,,,,,,
YBVDZuWL,flashscore,TR1,2223,2023-05-21,hatayspor,fenerbahce,,,,,,
UseEEvfd,flashscore,TR1,2223,2023-05-21,adana demirspor,besiktas,1.0,4.0,4.0,4.0,5.0,8.0
vDx5y219,flashscore,TR1,2223,2023-05-21,antalyaspor,basaksehir,3.0,0.0,3.0,2.0,6.0,2.0
pjw1xrn3,flashscore,TR1,2223,2023-05-21,umraniyespor,ankaragucu,2.0,5.0,2.0,4.0,4.0,9.0
hfc12XQe,flashscore,TR2,2223,2023-05-21,adanaspor as,samsunspor,,,,,,
dS3h4gdq,flashscore,TR2,2223,2023-05-21,yeni malatyaspor,denizlispor,,,,,,
x6V4QqDo,flashscore,TR2,2223,2023-05-21,bandirmaspor,genclerbirligi,1.0,1.0,3.0,0.0,4.0,1.0
QusLM1CA,flashscore,TR2,2223,2023-05-21,bodrumspor,goztepe,1.0,0.0,4.0,0.0,5.0,0.0
zil8P3Si,flashscore,TR2,2223,2023-05-21,erzurumspor,boluspor,1.0,2.0,1.0,1.0,2.0,3.0
AV7d3DBk,flashscore,TR2,2223,2023-05-21,eyupspor,keciorengucu,1.0,2.0,2.0,0.0,3.0,2.0
84nGNsc4,flashscore,TR2,2223,2023-05-21,manisa fk,pendikspor,1.0,1.0,3.0,2.0,4.0,3.0
UDmCONsb,flashscore,TR2,2223,2023-05-21,rizespor,altinordu,2.0,0.0,1.0,2.0,3.0,2.0
6NboP00q,flashscore,DK1,2223,2023-05-22,nordsjaelland,randers fc,1.0,0.0,2.0,2.0,3.0,2.0
jH78Dn7l,flashscore,E0,2223,2023-05-22,newcastle,leicester,6.0,0.0,6.0,1.0,12.0,1.0
zT3xraZC,flashscore,I1,2223,2023-05-22,empoli,juventus,2.0,4.0,1.0,3.0,3.0,7.0
pvXf0tks,flashscore,I1,2223,2023-05-22,as roma,salernitana,2.0,3.0,4.0,1.0,6.0,4.0
dCo4ustU,flashscore,RO1,2223,2023-05-22,fc rapid bucuresti,univ. craiova,0.0,1.0,3.0,0.0,3.0,1.0
bX17qTK1,flashscore,RS1,2223,2023-05-22,javor,mladost,2.0,5.0,4.0,2.0,6.0,7.0
td72p95e,flashscore,RS1,2223,2023-05-22,mladost gat,napredak,5.0,0.0,4.0,2.0,9.0,2.0
258bokjk,flashscore,RS1,2223,2023-05-22,radnicki nis,sp. subotica,4.0,3.0,6.0,0.0,10.0,3.0
8r9fnVzq,flashscore,RS1,2223,2023-05-22,radnik,kolubara,3.0,2.0,1.0,1.0,4.0,3.0
0AVOFBRp,flashscore,SA1,2223,2023-05-22,al taawon,al taee,3.0,1.0,3.0,4.0,6.0,5.0
2F97ve4o,flashscore,SA1,2223,2023-05-22,al wehda,al khaleej,1.0,1.0,1.0,2.0,2.0,3.0
AuDFxZYc,flashscore,SA1,2223,2023-05-22,al ettifaq,al fateh,4.0,1.0,0.0,2.0,4.0,3.0
pb5SZWIG,flashscore,SA1,2223,2023-05-22,al fayha,al raed,4.0,0.0,4.0,1.0,8.0,1.0
lWBJygl4,flashscore,SA1,2223,2023-05-22,damac,abha,1.0,2.0,3.0,4.0,4.0,6.0
jidAFKvj,flashscore,TR1,2223,2023-05-22,trabzonspor,karagumruk,2.0,0.0,0.0,1.0,2.0,1.0
Wf1OzD3A,flashscore,SA1,2223,2023-05-23,al ittihad,al batin,4.0,2.0,4.0,3.0,8.0,5.0
xfTeI4mq,flashscore,SA1,2223,2023-05-23,al nassr,al shabab,4.0,1.0,3.0,3.0,7.0,4.0
t68BwFJi,flashscore,SA1,2223,2023-05-23,al adalah,al hilal,3.0,6.0,1.0,4.0,4.0,10.0
Eoo8x0oq,flashscore,SP1,2223,2023-05-23,valladolid,barcelona,0.0,5.0,2.0,1.0,2.0,6.0
UezNcAHi,flashscore,SP1,2223,2023-05-23,celta vigo,girona,2.0,2.0,7.0,1.0,9.0,3.0
Q3cJZcV1,flashscore,SP1,2223,2023-05-23,real sociedad,almeria,3.0,2.0,7.0,0.0,10.0,2.0
G8hKUpsm,flashscore,E0,2223,2023-05-24,brighton,manchester city,3.0,0.0,2.0,1.0,5.0,1.0
j5yJbj2o,flashscore,SP1,2223,2023-05-24,betis,getafe,2.0,4.0,1.0,1.0,3.0,5.0
YmXwfSGG,flashscore,SP1,2223,2023-05-24,espanyol,atl. madrid,7.0,0.0,9.0,1.0,16.0,1.0
nXURdUWc,flashscore,SP1,2223,2023-05-24,elche,sevilla,4.0,5.0,5.0,0.0,9.0,5.0
nDbFzvGe,flashscore,SP1,2223,2023-05-24,real madrid,rayo vallecano,4.0,2.0,1.0,0.0,5.0,2.0
hxpCyK0k,flashscore,SP1,2223,2023-05-24,villarreal,cadiz cf,4.0,3.0,3.0,3.0,7.0,6.0
n7guQMeI,flashscore,E0,2223,2023-05-25,manchester utd,chelsea,1.0,1.0,2.0,3.0,3.0,4.0
8zmApEGd,flashscore,I2,2223,2023-05-25,cosenza,brescia,1.0,2.0,2.0,3.0,3.0,5.0
KpTZf81A,flashscore,SP1,2223,2023-05-25,osasuna,ath bilbao,1.0,5.0,2.0,1.0,3.0,6.0
QNTVeln4,flashscore,SP1,2223,2023-05-25,mallorca,valencia,2.0,3.0,0.0,1.0,2.0,4.0
UPBlh1Hn,flashscore,SW1,2223,2023-05-25,grasshoppers,st. gallen,2.0,1.0,4.0,5.0,6.0,6.0
8GAhiLWh,flashscore,SW1,2223,2023-05-25,lugano,young boys,4.0,4.0,3.0,1.0,7.0,5.0
xjFdjuna,flashscore,SW1,2223,2023-05-25,servette,basel,1.0,2.0,6.0,2.0,7.0,4.0
GtE0ka15,flashscore,SW1,2223,2023-05-25,sion,luzern,4.0,5.0,1.0,1.0,5.0,6.0
b535lJGB,flashscore,SW1,2223,2023-05-25,winterthur,zurich,3.0,3.0,5.0,1.0,8.0,4.0
WMBfnn4O,flashscore,DK1,2223,2023-05-26,odense,horsens,5.0,2.0,4.0,4.0,9.0,6.0
vyRxBc3a,flashscore,I1,2223,2023-05-26,sampdoria,sassuolo,4.0,2.0,4.0,2.0,8.0,4.0
UDksqMdk,flashscore,I2,2223,2023-05-26,sudtirol,reggina,1.0,1.0,2.0,7.0,3.0,8.0
4M0hMR6N,flashscore,P1,2223,2023-05-26,vizela,sporting cp,1.0,3.0,1.0,5.0,2.0,8.0
I5btPTM4,flashscore,P1,2223,2023-05-26,rio ave,famalicao,2.0,3.0,6.0,1.0,8.0,4.0
zoPs12g8,flashscore,RO1,2223,2023-05-26,u craiova 1948,fc voluntari,3.0,2.0,0.0,4.0,3.0,6.0
tAAmsPrQ,flashscore,SP2,2223,2023-05-26,zaragoza,tenerife,4.0,1.0,2.0,3.0,6.0,4.0
dlB9xO5M,flashscore,TR2,2223,2023-05-26,sakaryaspor,eyupspor,1.0,5.0,2.0,4.0,3.0,9.0
IcC5w4jG,flashscore,TR2,2223,2023-05-26,bodrumspor,goztepe,1.0,1.0,2.0,1.0,3.0,2.0
SQ4nwRcA,flashscore,B1,2223,2023-05-27,st. liege,cercle brugge ksv,5.0,4.0,1.0,3.0,6.0,7.0
AkAsv7r4,flashscore,B1,2223,2023-05-27,westerlo,gent,2.0,0.0,2.0,3.0,4.0,3.0
Q5QC6sy8,flashscore,D1,2223,2023-05-27,b. monchengladbach,augsburg,1.0,0.0,3.0,4.0,4.0,4.0
bBUeT4rL,flashscore,D1,2223,2023-05-27,bochum,bayer leverkusen,1.0,3.0,1.0,2.0,2.0,5.0
MDTeAPyq,flashscore,D1,2223,2023-05-27,dortmund,mainz,2.0,2.0,4.0,1.0,6.0,3.0
v9EfVQD8,flashscore,D1,2223,2023-05-27,eintracht frankfurt,freiburg,2.0,4.0,1.0,2.0,3.0,6.0
C2M87NL1,flashscore,D1,2223,2023-05-27,fc koln,bayern munich,2.0,1.0,5.0,2.0,7.0,3.0
jmYa9qik,flashscore,D1,2223,2023-05-27,rb leipzig,schalke,1.0,3.0,3.0,2.0,4.0,5.0
x2TaSOcR,flashscore,D1,2223,2023-05-27,stuttgart,hoffenheim,1.0,1.0,8.0,1.0,9.0,2.0
UwX3836e,flashscore,D1,2223,2023-05-27,union berlin,werder bremen,11.0,1.0,4.0,0.0,15.0,1.0
IaDbUpTE,flashscore,D1,2223,2023-05-27,wolfsburg,hertha berlin,3.0,3.0,4.0,0.0,7.0,3.0
h08YDd30,flashscore,E1,2223,2023-05-27,coventry,luton,1.0,3.0,2.0,3.0,3.0,6.0
bZAFsiKf,flashscore,F1,2223,2023-05-27,angers,troyes,9.0,1.0,5.0,2.0,14.0,3.0
xQ9JtBZ0,flashscore,F1,2223,2023-05-27,clermont,lorient,1.0,1.0,8.0,0.0,9.0,1.0
v39H1CBQ,flashscore,F1,2223,2023-05-27,lens,ac ajaccio,5.0,1.0,4.0,1.0,9.0,2.0
6aENuVl7,flashscore,F1,2223,2023-05-27,lille,nantes,2.0,1.0,3.0,2.0,5.0,3.0
neiA3YtE,flashscore,F1,2223,2023-05-27,lyon,reims,4.0,3.0,3.0,1.0,7.0,4.0
ptAD2hdK,flashscore,F1,2223,2023-05-27,marseille,brest,0.0,2.0,3.0,3.0,3.0,5.0
pjDRvk4D,flashscore,F1,2223,2023-05-27,montpellier,nice,1.0,7.0,1.0,3.0,2.0,10.0
bmjldjZm,flashscore,F1,2223,2023-05-27,rennes,monaco,5.0,2.0,2.0,1.0,7.0,3.0
tCeqcWJs,flashscore,F1,2223,2023-05-27,strasbourg,psg,2.0,2.0,2.0,0.0,4.0,2.0
xvkheAlf,flashscore,F1,2223,2023-05-27,toulouse,auxerre,3.0,0.0,3.0,3.0,6.0,3.0
0zRNgdYO,flashscore,I1,2223,2023-05-27,inter,atalanta,2.0,5.0,7.0,2.0,9.0,7.0
SMSFeI3C,flashscore,I1,2223,2023-05-27,fiorentina,as roma,2.0,3.0,5.0,1.0,7.0,4.0
dCyYBwlg,flashscore,I1,2223,2023-05-27,salernitana,udinese,0.0,0.0,2.0,1.0,2.0,1.0
IRPtAHI5,flashscore,I1,2223,2023-05-27,spezia,torino,2.0,2.0,3.0,0.0,5.0,2.0
jNjwp2sq,flashscore,I2,2223,2023-05-27,cagliari,venezia,5.0,5.0,4.0,3.0,9.0,8.0
djAXQkhh,flashscore,P1,2223,2023-05-27,braga,pacos ferreira,2.0,7.0,4.0,2.0,6.0,9.0
pYHkLoMT,flashscore,P1,2223,2023-05-27,benfica,santa clara,3.0,1.0,1.0,3.0,4.0,4.0
QV1lN7iH,flashscore,P1,2223,2023-05-27,fc porto,vitoria guimaraes,7.0,1.0,1.0,1.0,8.0,2.0
zs9yQ97b,flashscore,P1,2223,2023-05-27,portimonense,arouca,3.0,5.0,0.0,2.0,3.0,7.0
SG5TRVxn,flashscore,P1,2223,2023-05-27,chaves,boavista,0.0,3.0,1.0,1.0,1.0,4.0
ns4HG5Up,flashscore,P1,2223,2023-05-27,estoril,maritimo,2.0,3.0,2.0,2.0,4.0,5.0
W82pOmxB,flashscore,P1,2223,2023-05-27,gil vicente,casa pia,1.0,0.0,3.0,1.0,4.0,1.0
ETFIb4th,flashscore,RO1,2223,2023-05-27,fcsb,fc rapid bucuresti,1.0,3.0,3.0,2.0,4.0,5.0
S64pjZx2,flashscore,RS1,2223,2023-05-27,partizan,vozdovac,3.0,0.0,5.0,3.0,8.0,3.0
xO0Brmz8,flashscore,RS1,2223,2023-05-27,kolubara,radnicki nis,0.0,0.0,6.0,3.0,6.0,3.0
pQs25AsL,flashscore,RS1,2223,2023-05-27,mladost,mladost gat,3.0,3.0,1.0,0.0,4.0,3.0
21hc6jSE,flashscore,RS1,2223,2023-05-27,napredak,javor,2.0,7.0,3.0,3.0,5.0,10.0
jRlg7WC8,flashscore,RS1,2223,2023-05-27,sp. subotica,radnik,2.0,1.0,2.0,0.0,4.0,1.0
zmr1F2X1,flashscore,SA1,2223,2023-05-27,abha,al hilal,5.0,2.0,5.0,4.0,10.0,6.0
GpSaHO2k,flashscore,SA1,2223,2023-05-27,al batin,al adalah,2.0,1.0,0.0,4.0,2.0,5.0
ddqcGrIe,flashscore,SA1,2223,2023-05-27,al ettifaq,al nassr,2.0,5.0,4.0,3.0,6.0,8.0
ljWrvnA2,flashscore,SA1,2223,2023-05-27,al fateh,damac,1.0,1.0,2.0,5.0,3.0,6.0
hrTaz49R,flashscore,SA1,2223,2023-05-27,al fayha,al ittihad,1.0,1.0,2.0,0.0,3.0,1.0
2gzmw6P8,flashscore,SA1,2223,2023-05-27,al raed,al khaleej,0.0,1.0,3.0,3.0,3.0,4.0
O8OeypfL,flashscore,SA1,2223,2023-05-27,al shabab,al taawon,0.0,2.0,3.0,1.0,3.0,3.0
pIPixQvF,flashscore,SA1,2223,2023-05-27,al taee,al wehda,4.0,3.0,2.0,2.0,6.0,5.0
0MB1nyF7,flashscore,SP1,2223,2023-05-27,sevilla,real madrid,1.0,0.0,0.0,1.0,1.0,1.0
4EIxPPMs,flashscore,SP2,2223,2023-05-27,granada cf,leganes,2.0,2.0,0.0,0.0,2.0,2.0
nBTdK1yD,flashscore,SP2,2223,2023-05-27,huesca,eibar,5.0,4.0,3.0,2.0,8.0,6.0
f3BkMN60,flashscore,SP2,2223,2023-05-27,las palmas,alaves,0.0,1.0,2.0,3.0,2.0,4.0
YmNtOqxl,flashscore,SP2,2223,2023-05-27,levante,oviedo,1.0,2.0,4.0,1.0,5.0,3.0
CvMpN3if,flashscore,SP2,2223,2023-05-27,albacete,mirandes,2.0,2.0,1.0,2.0,3.0,4.0
Q1S0JLjJ,flashscore,SP2,2223,2023-05-27,malaga,ud ibiza,3.0,0.0,3.0,2.0,6.0,2.0
CvbvZL73,flashscore,SP2,2223,2023-05-27,andorra,villarreal b,2.0,1.0,2.0,1.0,4.0,2.0
25WAT5EQ,flashscore,SP2,2223,2023-05-27,burgos cf,lugo,2.0,3.0,4.0,2.0,6.0,5.0
2e5br1Ih,flashscore,B1,2223,2023-05-28,club brugge kv,genk,3.0,0.0,4.0,1.0,7.0,1.0
pKAgqs3n,flashscore,B1,2223,2023-05-28,antwerp,royale union sg,1.0,3.0,2.0,2.0,3.0,5.0
fXCvjnXp,flashscore,D2,2223,2023-05-28,greuther furth,darmstadt,3.0,0.0,2.0,3.0,5.0,3.0
rgkVC9vb,flashscore,D2,2223,2023-05-28,hannover,holstein kiel,2.0,2.0,4.0,0.0,6.0,2.0
ddgZBTg4,flashscore,D2,2223,2023-05-28,hansa rostock,braunschweig,2.0,4.0,6.0,2.0,8.0,6.0
Qyoj8ogT,flashscore,D2,2223,2023-05-28,kaiserslautern,dusseldorf,3.0,1.0,3.0,2.0,6.0,3.0
nonn9RwN,flashscore,D2,2223,2023-05-28,magdeburg,arminia bielefeld,4.0,3.0,3.0,1.0,7.0,4.0
0UaQDkPi,flashscore,D2,2223,2023-05-28,paderborn,nurnberg,3.0,0.0,3.0,1.0,6.0,1.0
U9isA7OG,flashscore,D2,2223,2023-05-28,regensburg,heidenheim,3.0,2.0,2.0,2.0,5.0,4.0
jJhwBm9A,flashscore,D2,2223,2023-05-28,sandhausen,hamburger sv,1.0,6.0,1.0,2.0,2.0,8.0
Mw1MEV9o,flashscore,D2,2223,2023-05-28,st. pauli,karlsruher sc,3.0,2.0,1.0,2.0,4.0,4.0
M1w8YmqE,flashscore,E0,2223,2023-05-28,arsenal,wolves,1.0,2.0,7.0,2.0,8.0,4.0
KndBX7bK,flashscore,E0,2223,2023-05-28,aston villa,brighton,2.0,1.0,1.0,2.0,3.0,3.0
E9eFWRDQ,flashscore,E0,2223,2023-05-28,brentford,manchester city,1.0,2.0,2.0,2.0,3.0,4.0
GIssSoMs,flashscore,E0,2223,2023-05-28,chelsea,newcastle,7.0,1.0,3.0,2.0,10.0,3.0
YgxnR5yl,flashscore,E0,2223,2023-05-28,crystal palace,nottingham,1.0,1.0,4.0,3.0,5.0,4.0
CpyjQPjf,flashscore,E0,2223,2023-05-28,everton,bournemouth,5.0,2.0,4.0,1.0,9.0,3.0
67zfPq60,flashscore,E0,2223,2023-05-28,leeds,tottenham,7.0,2.0,5.0,1.0,12.0,3.0
KAvbO3L6,flashscore,E0,2223,2023-05-28,leicester,west ham,1.0,1.0,2.0,4.0,3.0,5.0
2ZT2NNzD,flashscore,E0,2223,2023-05-28,manchester utd,fulham,3.0,2.0,2.0,2.0,5.0,4.0
tQS6MsjJ,flashscore,E0,2223,2023-05-28,southampton,liverpool,1.0,3.0,1.0,6.0,2.0,9.0
nwnbIuBP,flashscore,I1,2223,2023-05-28,juventus,ac milan,0.0,3.0,4.0,2.0,4.0,5.0
lnYPDaJt,flashscore,I1,2223,2023-05-28,lazio,cremonese,1.0,3.0,3.0,0.0,4.0,3.0
EJOBdbl6,flashscore,I1,2223,2023-05-28,bologna,napoli,1.0,0.0,3.0,4.0,4.0,4.0
r9XTCJYn,flashscore,I1,2223,2023-05-28,monza,lecce,0.0,2.0,1.0,1.0,1.0,3.0
MqSJfxJI,flashscore,I1,2223,2023-05-28,verona,empoli,1.0,1.0,2.0,2.0,3.0,3.0
ITGeSMDl,flashscore,N1,2223,2023-05-28,az alkmaar,psv,1.0,2.0,1.0,2.0,2.0,4.0
0h60RtTf,flashscore,N1,2223,2023-05-28,cambuur,waalwijk,5.0,1.0,6.0,4.0,11.0,5.0
IsdUtMSs,flashscore,N1,2223,2023-05-28,fc volendam,excelsior,11.0,2.0,4.0,3.0,15.0,5.0
EeA4Q0r1,flashscore,N1,2223,2023-05-28,feyenoord,vitesse,4.0,2.0,7.0,3.0,11.0,5.0
n98COvDD,flashscore,N1,2223,2023-05-28,groningen,sparta rotterdam,2.0,1.0,0.0,4.0,2.0,5.0
OQiemOkE,flashscore,N1,2223,2023-05-28,heerenveen,g.a. eagles,1.0,1.0,3.0,0.0,4.0,1.0
8I98PKc7,flashscore,N1,2223,2023-05-28,sittard,nijmegen,3.0,3.0,2.0,3.0,5.0,6.0
2Hjanr5K,flashscore,N1,2223,2023-05-28,twente,ajax,0.0,3.0,0.0,4.0,0.0,7.0
dvj3o2KQ,flashscore,N1,2223,2023-05-28,utrecht,fc emmen,7.0,1.0,6.0,3.0,13.0,4.0
zwHEapRo,flashscore,RO1,2223,2023-05-28,cfr cluj,farul constanta,2.0,1.0,4.0,1.0,6.0,2.0
8jFMcOeb,flashscore,RO1,2223,2023-05-28,univ. craiova,sepsi sf. gheorghe,1.0,0.0,2.0,5.0,3.0,5.0
ljbJ1qbf,flashscore,RO1,2223,2023-05-28,gloria buzau,uta arad,3.0,4.0,1.0,2.0,4.0,6.0
tj2Yhygq,flashscore,RS1,2223,2023-05-28,crvena zvezda,novi pazar,6.0,1.0,4.0,1.0,10.0,2.0
lG5tiFNe,flashscore,RS1,2223,2023-05-28,cukaricki,radnicki 1923,0.0,0.0,6.0,3.0,6.0,3.0
Kt1xhe8k,flashscore,RS1,2223,2023-05-28,tsc,vojvodina,1.0,0.0,1.0,7.0,2.0,7.0
SWJlkwVl,flashscore,SP1,2223,2023-05-28,almeria,valladolid,2.0,1.0,0.0,3.0,2.0,4.0
S8y2bs82,flashscore,SP1,2223,2023-05-28,ath bilbao,elche,5.0,3.0,14.0,0.0,19.0,3.0
tCu6c1N8,flashscore,SP1,2223,2023-05-28,atl. madrid,real sociedad,4.0,0.0,2.0,4.0,6.0,4.0
zZvAdLxF,flashscore,SP1,2223,2023-05-28,barcelona,mallorca,7.0,0.0,7.0,3.0,14.0,3.0
W0YIfa7R,flashscore,SP1,2223,2023-05-28,cadiz cf,celta vigo,1.0,0.0,2.0,3.0,3.0,3.0
EPwEeuhL,flashscore,SP1,2223,2023-05-28,getafe,osasuna,0.0,0.0,1.0,1.0,1.0,1.0
v7Nhlcpe,flashscore,SP1,2223,2023-05-28,girona,betis,3.0,3.0,5.0,2.0,8.0,5.0
Y9KpjJFr,flashscore,SP1,2223,2023-05-28,rayo vallecano,villarreal,3.0,3.0,1.0,3.0,4.0,6.0
MVCcmHa1,flashscore,SP1,2223,2023-05-28,valencia,espanyol,3.0,1.0,7.0,2.0,10.0,3.0
2JBqr5TJ,flashscore,SP2,2223,2023-05-28,gijon,ponferradina,2.0,1.0,2.0,0.0,4.0,1.0
hlUhLsM6,flashscore,SP2,2223,2023-05-28,racing santander,fc cartagena sad,3.0,1.0,2.0,4.0,5.0,5.0
Em2gNvVe,flashscore,DK1,2223,2023-05-29,brondby,nordsjaelland,1.0,3.0,0.0,3.0,1.0,6.0
KQ2kOKFk,flashscore,DK1,2223,2023-05-29,viborg,fc copenhagen,2.0,2.0,5.0,0.0,7.0,2.0
nm136kkt,flashscore,DK1,2223,2023-05-29,lyngby,aalborg,3.0,2.0,3.0,5.0,6.0,7.0
ADAbo6JU,flashscore,DK1,2223,2023-05-29,silkeborg,midtjylland,3.0,1.0,1.0,2.0,4.0,3.0
K2bHS2aL,flashscore,I2,2223,2023-05-29,sudtirol,bari,2.0,1.0,1.0,0.0,3.0,1.0
AaaF2Prl,flashscore,RO1,2223,2023-05-29,dinamo bucuresti,fc arges,2.0,3.0,0.0,4.0,2.0,7.0
Au79mwWH,flashscore,SW1,2223,2023-05-29,basel,grasshoppers,1.0,1.0,4.0,3.0,5.0,4.0
426DncoO,flashscore,SW1,2223,2023-05-29,luzern,servette,3.0,2.0,2.0,1.0,5.0,3.0
rg5HoH0U,flashscore,SW1,2223,2023-05-29,st. gallen,sion,2.0,0.0,3.0,1.0,5.0,1.0
rTyO60Wu,flashscore,SW1,2223,2023-05-29,young boys,winterthur,1.0,1.0,5.0,1.0,6.0,2.0
MJzS5Kon,flashscore,SW1,2223,2023-05-29,zurich,lugano,3.0,1.0,2.0,3.0,5.0,4.0
hv1cMbp2,flashscore,DK1,2223,2023-05-30,randers fc,aarhus,0.0,5.0,2.0,0.0,2.0,5.0
GAZUCjkN,flashscore,I2,2223,2023-05-30,cagliari,parma,2.0,2.0,1.0,1.0,3.0,3.0
CIIuluoF,flashscore,TR1,2223,2023-05-30,alanyaspor,kasimpasa,2.0,0.0,3.0,2.0,5.0,2.0
Q9AhScOe,flashscore,TR1,2223,2023-05-30,ankaragucu,galatasaray,3.0,5.0,1.0,2.0,4.0,7.0
hG2vj1G2,flashscore,TR1,2223,2023-05-30,basaksehir,gaziantep,,,,,,
4fMqUJgq,flashscore,TR1,2223,2023-05-30,fenerbahce,antalyaspor,4.0,1.0,4.0,1.0,8.0,2.0
vDEdRHw2,flashscore,TR1,2223,2023-05-30,giresunspor,trabzonspor,0.0,6.0,1.0,1.0,1.0,7.0
roLmTw9k,flashscore,TR1,2223,2023-05-30,hatayspor,umraniyespor,,,,,,
W61rkLV8,flashscore,TR1,2223,2023-05-30,istanbulspor as,adana demirspor,6.0,5.0,10.0,3.0,16.0,8.0
pWGmnJFR,flashscore,TR1,2223,2023-05-30,karagumruk,kayserispor,1.0,0.0,3.0,4.0,4.0,4.0
j9Hqma0L,flashscore,TR1,2223,2023-05-30,sivasspor,konyaspor,1.0,2.0,3.0,0.0,4.0,2.0
vme045pM,flashscore,RS1,2223,2023-05-31,graficar beograd,radnik,5.0,8.0,2.0,7.0,7.0,15.0
lMtWbq8q,flashscore,RS1,2223,2023-05-31,fk indjija,radnicki nis,1.0,4.0,0.0,4.0,1.0,8.0
lj8zU1ne,flashscore,SA1,2223,2023-05-31,al adalah,al ettifaq,4.0,3.0,8.0,4.0,12.0,7.0
xClVkq9E,flashscore,SA1,2223,2023-05-31,al hilal,al raed,4.0,1.0,1.0,2.0,5.0,3.0
bLkRjPg8,flashscore,SA1,2223,2023-05-31,al ittihad,al taee,4.0,0.0,4.0,2.0,8.0,2.0
rD7vTL11,flashscore,SA1,2223,2023-05-31,al khaleej,abha,7.0,2.0,2.0,4.0,9.0,6.0
WYmZl3OK,flashscore,SA1,2223,2023-05-31,al nassr,al fateh,2.0,1.0,3.0,3.0,5.0,4.0
fiFRVNHr,flashscore,SA1,2223,2023-05-31,al taawon,al batin,2.0,1.0,1.0,3.0,3.0,4.0
xG4WUsXl,flashscore,SA1,2223,2023-05-31,al wehda,al fayha,0.0,3.0,1.0,1.0,1.0,4.0
M36rSuH7,flashscore,SA1,2223,2023-05-31,damac,al shabab,3.0,3.0,1.0,2.0,4.0,5.0
rHXMJMYt,flashscore,TR2,2223,2023-05-31,eyupspor,bodrumspor,1.0,1.0,0.0,3.0,1.0,4.0
GrBjC1EI,flashscore,D1,2223,2023-06-01,stuttgart,hamburger sv,4.0,0.0,3.0,3.0,7.0,3.0
C8Djg6Kd,flashscore,I2,2223,2023-06-01,brescia,cosenza,0.0,0.0,3.0,0.0,3.0,0.0
tEEYzBUH,flashscore,N1,2223,2023-06-01,utrecht,sparta rotterdam,5.0,1.0,6.0,2.0,11.0,3.0
YewaMoxQ,flashscore,N1,2223,2023-06-01,heerenveen,twente,2.0,2.0,3.0,2.0,5.0,4.0
2mBr8vAn,flashscore,RO1,2223,2023-06-01,cfr cluj,u craiova 1948,1.0,3.0,1.0,2.0,2.0,5.0
QgIwF3Ua,flashscore,D2,2223,2023-06-02,wehen,arminia bielefeld,2.0,3.0,4.0,1.0,6.0,4.0
WUkGOGXb,flashscore,I1,2223,2023-06-02,sassuolo,fiorentina,1.0,2.0,1.0,2.0,2.0,4.0
2RmMRMER,flashscore,I2,2223,2023-06-02,bari,sudtirol,8.0,1.0,1.0,1.0,9.0,2.0
6H3jxoDG,flashscore,B1,2223,2023-06-03,cercle brugge ksv,westerlo,4.0,3.0,0.0,0.0,4.0,3.0
0v3fy5SM,flashscore,B1,2223,2023-06-03,gent,st. liege,1.0,2.0,3.0,1.0,4.0,3.0
82kC4TJh,flashscore,DK1,2223,2023-06-03,aalborg,silkeborg,4.0,3.0,3.0,2.0,7.0,5.0
M5gG3mZb,flashscore,DK1,2223,2023-06-03,horsens,lyngby,0.0,3.0,4.0,3.0,4.0,6.0
Qw07594n,flashscore,DK1,2223,2023-06-03,midtjylland,odense,5.0,1.0,2.0,2.0,7.0,3.0
W0ldfU30,flashscore,F1,2223,2023-06-03,ac ajaccio,marseille,1.0,2.0,1.0,1.0,2.0,3.0
p4h0glJ6,flashscore,F1,2223,2023-06-03,auxerre,lens,2.0,2.0,3.0,3.0,5.0,5.0
W0AR993m,flashscore,F1,2223,2023-06-03,brest,rennes,0.0,2.0,3.0,1.0,3.0,3.0
6Jt9iSmJ,flashscore,F1,2223,2023-06-03,lorient,strasbourg,3.0,3.0,1.0,1.0,4.0,4.0
SSs5h8YC,flashscore,F1,2223,2023-06-03,monaco,toulouse,1.0,4.0,3.0,3.0,4.0,7.0
YPUjGBQJ,flashscore,F1,2223,2023-06-03,nantes,angers,5.0,0.0,3.0,1.0,8.0,1.0
CGTfFVuQ,flashscore,F1,2223,2023-06-03,nice,lyon,2.0,2.0,1.0,0.0,3.0,2.0
Ic6NAkls,flashscore,F1,2223,2023-06-03,psg,clermont,1.0,1.0,5.0,1.0,6.0,2.0
QN9V8TIg,flashscore,F1,2223,2023-06-03,reims,montpellier,3.0,3.0,1.0,4.0,4.0,7.0
4E8Z7mYa,flashscore,F1,2223,2023-06-03,troyes,lille,2.0,5.0,0.0,3.0,2.0,8.0
QiTl8emI,flashscore,I1,2223,2023-06-03,cremonese,salernitana,3.0,4.0,1.0,2.0,4.0,6.0
8GIg7F2O,flashscore,I1,2223,2023-06-03,empoli,lazio,3.0,4.0,3.0,3.0,6.0,7.0
QikKNzm5,flashscore,I1,2223,2023-06-03,torino,inter,1.0,4.0,5.0,0.0,6.0,4.0
f1YYBA4T,flashscore,I2,2223,2023-06-03,parma,cagliari,3.0,4.0,2.0,2.0,5.0,6.0
vJ3DepwK,flashscore,P1,2223,2023-06-03,estrela,maritimo,3.0,1.0,2.0,3.0,5.0,4.0
tQAZarp4,flashscore,RO1,2223,2023-06-03,fc arges,dinamo bucuresti,2.0,2.0,6.0,3.0,8.0,5.0
bVpIxyUE,flashscore,SP2,2223,2023-06-03,albacete,levante,3.0,0.0,1.0,1.0,4.0,1.0
j5sAvca2,flashscore,SP2,2223,2023-06-03,eibar,alaves,3.0,1.0,2.0,3.0,5.0,4.0
jD1kQz4R,flashscore,SW1,2223,2023-06-03,sion,lausanne ouchy,5.0,0.0,2.0,5.0,7.0,5.0
jXaWweN7,flashscore,TR1,2223,2023-06-03,adana demirspor,basaksehir,3.0,6.0,6.0,2.0,9.0,8.0
M9Jkqjam,flashscore,TR1,2223,2023-06-03,antalyaspor,hatayspor,,,,,,
hxvF2v08,flashscore,TR1,2223,2023-06-03,gaziantep,istanbulspor as,,,,,,
r7dOuHhe,flashscore,TR1,2223,2023-06-03,kasimpasa,besiktas,2.0,4.0,3.0,1.0,5.0,5.0
Ct1Svy81,flashscore,TR1,2223,2023-06-03,kayserispor,ankaragucu,3.0,1.0,4.0,0.0,7.0,1.0
Mi8FswOr,flashscore,TR1,2223,2023-06-03,trabzonspor,alanyaspor,1.0,1.0,4.0,1.0,5.0,2.0
rJKopWqs,flashscore,TR1,2223,2023-06-03,umraniyespor,giresunspor,3.0,3.0,2.0,1.0,5.0,4.0
4GcKtcwk,flashscore,TR1,2223,2023-06-03,konyaspor,karagumruk,3.0,1.0,0.0,2.0,3.0,3.0
tn42sLXb,flashscore,B1,2223,2023-06-04,genk,antwerp,0.0,2.0,1.0,1.0,1.0,3.0
z936tum5,flashscore,B1,2223,2023-06-04,royale union sg,club brugge kv,1.0,2.0,4.0,4.0,5.0,6.0
29rlqMiF,flashscore,DK1,2223,2023-06-04,aarhus,brondby,3.0,2.0,2.0,1.0,5.0,3.0
8nqpp2x9,flashscore,DK1,2223,2023-06-04,fc copenhagen,randers fc,8.0,3.0,3.0,2.0,11.0,5.0
UeptorN2,flashscore,DK1,2223,2023-06-04,nordsjaelland,viborg,3.0,2.0,2.0,2.0,5.0,4.0
dCc3RImt,flashscore,I1,2223,2023-06-04,ac milan,verona,5.0,0.0,2.0,1.0,7.0,1.0
hviCPdIh,flashscore,I1,2223,2023-06-04,as roma,spezia,4.0,1.0,2.0,1.0,6.0,2.0
n1Up9yYB,flashscore,I1,2223,2023-06-04,atalanta,monza,2.0,0.0,3.0,1.0,5.0,1.0
KjMc6ZHU,flashscore,I1,2223,2023-06-04,lecce,bologna,5.0,0.0,2.0,2.0,7.0,2.0
vegOMf2B,flashscore,I1,2223,2023-06-04,udinese,juventus,3.0,9.0,3.0,5.0,6.0,14.0
z3d7Qx3n,flashscore,I1,2223,2023-06-04,napoli,sampdoria,5.0,0.0,6.0,0.0,11.0,0.0
Y9x2Jrap,flashscore,N1,2223,2023-06-04,sparta rotterdam,utrecht,1.0,0.0,4.0,2.0,5.0,2.0
jyQQH5ps,flashscore,N1,2223,2023-06-04,twente,heerenveen,3.0,1.0,5.0,4.0,8.0,5.0
AaFwa2aA,flashscore,RO1,2223,2023-06-04,uta arad,gloria buzau,1.0,2.0,6.0,2.0,7.0,4.0
SCuzb3Nk,flashscore,RS1,2223,2023-06-04,radnicki nis,fk indjija,3.0,2.0,3.0,3.0,6.0,5.0
Iwf43PaS,flashscore,RS1,2223,2023-06-04,radnik,graficar beograd,2.0,1.0,6.0,4.0,8.0,5.0
lx5qBKi8,flashscore,SP1,2223,2023-06-04,betis,valencia,0.0,3.0,5.0,1.0,5.0,4.0
KQrS2dal,flashscore,SP1,2223,2023-06-04,celta vigo,barcelona,1.0,3.0,1.0,1.0,2.0,4.0
vTbT0zU0,flashscore,SP1,2223,2023-06-04,elche,cadiz cf,3.0,4.0,4.0,1.0,7.0,5.0
YkbXafq7,flashscore,SP1,2223,2023-06-04,espanyol,almeria,3.0,3.0,4.0,3.0,7.0,6.0
0x0P1GEf,flashscore,SP1,2223,2023-06-04,valladolid,getafe,5.0,1.0,3.0,0.0,8.0,1.0
SS3mAv7E,flashscore,SP1,2223,2023-06-04,mallorca,rayo vallecano,0.0,3.0,2.0,3.0,2.0,6.0
ng2yaEbD,flashscore,SP1,2223,2023-06-04,osasuna,girona,4.0,1.0,1.0,1.0,5.0,2.0
Ofcd8IyR,flashscore,SP1,2223,2023-06-04,real madrid,ath bilbao,3.0,4.0,2.0,2.0,5.0,6.0
Aigh9bMK,flashscore,SP1,2223,2023-06-04,real sociedad,sevilla,3.0,0.0,2.0,2.0,5.0,2.0
tzpO3xpr,flashscore,SP1,2223,2023-06-04,villarreal,atl. madrid,4.0,1.0,8.0,0.0,12.0,1.0
jNdI1bFE,flashscore,TR1,2223,2023-06-04,galatasaray,fenerbahce,2.0,1.0,4.0,2.0,6.0,3.0
M7WQItlm,flashscore,TR2,2223,2023-06-04,bodrumspor,eyupspor,6.0,2.0,3.0,2.0,9.0,4.0
fZ9fBLTO,flashscore,D1,2223,2023-06-05,hamburger sv,stuttgart,1.0,2.0,4.0,1.0,5.0,3.0
KGHsENq6,flashscore,D2,2223,2023-06-06,arminia bielefeld,wehen,4.0,1.0,3.0,3.0,7.0,4.0
hMmHLfCr,flashscore,SW1,2223,2023-06-06,lausanne ouchy,sion,6.0,3.0,2.0,3.0,8.0,6.0
Q1G6u8bC,flashscore,TR1,2223,2023-06-06,basaksehir,trabzonspor,2.0,1.0,1.0,4.0,3.0,5.0
ENhc2V5P,flashscore,TR1,2223,2023-06-06,karagumruk,kasimpasa,0.0,8.0,0.0,3.0,0.0,11.0
beUTd9Tn,flashscore,TR1,2223,2023-06-06,sivasspor,kayserispor,1.0,0.0,5.0,1.0,6.0,1.0
ze8oL8bs,flashscore,SP2,2223,2023-06-07,levante,albacete,2.0,5.0,0.0,4.0,2.0,9.0
nH4FwnTO,flashscore,TR1,2223,2023-06-07,ankaragucu,adana demirspor,4.0,1.0,3.0,0.0,7.0,1.0
GWvPckEt,flashscore,TR1,2223,2023-06-07,besiktas,konyaspor,0.0,0.0,9.0,3.0,9.0,3.0
8Q5BvSDI,flashscore,TR1,2223,2023-06-07,fenerbahce,gaziantep,,,,,,
voEfrAEg,flashscore,TR1,2223,2023-06-07,giresunspor,antalyaspor,2.0,5.0,1.0,6.0,3.0,11.0
CbC2tlq6,flashscore,TR1,2223,2023-06-07,hatayspor,galatasaray,,,,,,
IyDbsUTa,flashscore,TR1,2223,2023-06-07,istanbulspor as,umraniyespor,5.0,0.0,3.0,1.0,8.0,1.0
lKeFnnmD,flashscore,I2,2223,2023-06-08,cagliari,bari,2.0,6.0,5.0,4.0,7.0,10.0
zLLwmRZm,flashscore,N1,2223,2023-06-08,sparta rotterdam,twente,0.0,1.0,2.0,4.0,2.0,5.0
UetEwHE8,flashscore,SP2,2223,2023-06-08,alaves,eibar,3.0,1.0,1.0,3.0,4.0,4.0
viqwqM44,flashscore,TR2,2223,2023-06-08,pendikspor,bodrumspor,4.0,3.0,1.0,3.0,5.0,6.0
Ey4YK8je,flashscore,DK1,2223,2023-06-09,viborg,midtjylland,0.0,1.0,1.0,3.0,1.0,4.0
Q3DqQz7n,flashscore,I1,2223,2023-06-11,spezia,verona,1.0,3.0,8.0,2.0,9.0,5.0
2NqcBVPD,flashscore,I2,2223,2023-06-11,bari,cagliari,1.0,7.0,2.0,2.0,3.0,9.0
EBKsnokf,flashscore,N1,2223,2023-06-11,twente,sparta rotterdam,2.0,2.0,1.0,4.0,3.0,6.0
8h8Hf4hQ,flashscore,P1,2223,2023-06-11,maritimo,estrela,3.0,2.0,4.0,1.0,11.0,4.0
AiFMoVBb,flashscore,SP2,2223,2023-06-11,alaves,levante,1.0,1.0,4.0,1.0,5.0,2.0
4EEQpkR4,flashscore,SP2,2223,2023-06-17,levante,alaves,1.0,2.0,3.0,3.0,4.0,5.0
jsLvO5zG,flashscore,DK1,2324,2023-11-24,hvidovre if,vejle,1.0,1.0,1.0,2.0,2.0,3.0
2L0FH3Dq,flashscore,DK1,2324,2023-11-25,viborg,fc copenhagen,4.0,4.0,0.0,4.0,4.0,8.0
dvOnMq5S,flashscore,DK1,2324,2023-11-26,lyngby,brondby,5.0,2.0,5.0,0.0,10.0,2.0
Ao4NFsrd,flashscore,DK1,2324,2023-11-26,randers fc,odense,3.0,1.0,1.0,4.0,4.0,5.0
p4KrNPkM,flashscore,DK1,2324,2023-11-26,nordsjaelland,aarhus,1.0,1.0,3.0,1.0,4.0,2.0
tCaJGNSk,flashscore,DK1,2324,2023-11-27,silkeborg,midtjylland,0.0,2.0,0.0,5.0,0.0,7.0
0zXFLXVE,flashscore,DK1,2324,2023-12-01,randers fc,vejle,5.0,0.0,2.0,5.0,7.0,5.0
vRVJKioL,flashscore,DK1,2324,2023-12-03,fc copenhagen,aarhus,2.0,4.0,4.0,2.0,6.0,6.0
lx3RE1c2,flashscore,DK1,2324,2023-12-03,brondby,hvidovre if,2.0,5.0,4.0,0.0,6.0,5.0
6DXBMDG8,flashscore,DK1,2324,2023-12-03,lyngby,silkeborg,6.0,4.0,0.0,4.0,6.0,8.0
6m2GJB0R,flashscore,DK1,2324,2023-12-03,odense,nordsjaelland,1.0,3.0,0.0,2.0,1.0,5.0
hAT7Ng12,flashscore,DK1,2324,2023-12-04,midtjylland,viborg,1.0,1.0,4.0,2.0,5.0,3.0
bFWcvQwi,flashscore,B2,2324,2024-01-14,genk u23,deinze,5.0,2.0,4.0,2.0,9.0,4.0
Gj7DWDKp,flashscore,B2,2324,2024-01-14,seraing,francs borains,0.0,3.0,9.0,0.0,9.0,3.0
ObFoyfCT,flashscore,B2,2324,2024-01-14,oostende,waregem,1.0,0.0,2.0,2.0,3.0,2.0
WS6cSJpd,flashscore,B2,2324,2024-01-19,deinze,k. lierse s.k.,2.0,0.0,3.0,6.0,5.0,6.0
4CZ5x483,flashscore,B2,2324,2024-01-21,beveren,club brugge kv u23,3.0,1.0,3.0,1.0,6.0,2.0
vVRIZ1hM,flashscore,B2,2324,2024-01-21,patro eisden,st. liege u23,1.0,1.0,5.0,2.0,6.0,3.0
YiRMYL7S,flashscore,B2,2324,2024-01-21,waregem,genk u23,1.0,1.0,3.0,2.0,4.0,3.0
Oz9rjNx3,flashscore,B2,2324,2024-01-26,francs borains,beveren,5.0,0.0,3.0,5.0,8.0,5.0
nHIXTWL0,flashscore,B2,2324,2024-01-26,st. liege u23,lommel sk,3.0,1.0,1.0,2.0,4.0,3.0
6abmksh9,flashscore,B2,2324,2024-01-27,dender,patro eisden,3.0,1.0,1.0,2.0,4.0,3.0
8QJTUC6f,flashscore,B2,2324,2024-01-27,seraing,k. lierse s.k.,0.0,0.0,2.0,4.0,2.0,4.0
jkPOVhil,flashscore,B2,2324,2024-01-27,genk u23,anderlecht u23,4.0,0.0,6.0,0.0,10.0,0.0
CbQKWYyr,flashscore,B2,2324,2024-01-28,oostende,deinze,1.0,1.0,1.0,1.0,2.0,2.0
ppAvi3Nd,flashscore,B2,2324,2024-01-28,rfc liege,waregem,4.0,3.0,4.0,1.0,8.0,4.0
K22il17F,flashscore,B2,2324,2024-01-28,beerschot va,club brugge kv u23,9.0,1.0,4.0,5.0,13.0,6.0
2q3WlYcQ,flashscore,B2,2324,2024-02-02,club brugge kv u23,deinze,1.0,2.0,3.0,3.0,4.0,5.0
fJaOjfTD,flashscore,B2,2324,2024-02-02,st. liege u23,anderlecht u23,3.0,4.0,6.0,4.0,9.0,8.0
0Kr7rWzf,flashscore,B2,2324,2024-02-03,waregem,beveren,5.0,0.0,4.0,3.0,9.0,3.0
Y9bSkErK,flashscore,B2,2324,2024-02-03,lommel sk,dender,1.0,2.0,3.0,3.0,4.0,5.0
4hkbph6s,flashscore,B2,2324,2024-02-03,k. lierse s.k.,oostende,2.0,3.0,3.0,0.0,5.0,3.0
x4n2Gzgd,flashscore,SW1,2324,2024-02-03,basel,lugano,2.0,2.0,4.0,1.0,6.0,3.0
4AzpuKVd,flashscore,SW1,2324,2024-02-03,grasshoppers,winterthur,3.0,2.0,1.0,2.0,4.0,4.0
r1Zmvvo3,flashscore,SW1,2324,2024-02-03,lausanne,young boys,2.0,3.0,3.0,0.0,5.0,3.0
tvIyTjy7,flashscore,B2,2324,2024-02-04,rfc liege,beerschot va,3.0,2.0,1.0,3.0,4.0,5.0
hELuSAjD,flashscore,B2,2324,2024-02-04,patro eisden,francs borains,1.0,3.0,2.0,2.0,3.0,5.0
nHv3qCLm,flashscore,B2,2324,2024-02-04,seraing,genk u23,2.0,3.0,7.0,4.0,9.0,7.0
QPOhwb09,flashscore,SW1,2324,2024-02-04,luzern,st. gallen,2.0,3.0,5.0,2.0,7.0,5.0
vTSdxIFF,flashscore,SW1,2324,2024-02-04,servette,lausanne ouchy,0.0,2.0,0.0,0.0,0.0,2.0
YkS0yxVL,flashscore,SW1,2324,2024-02-04,yverdon,zurich,1.0,4.0,1.0,4.0,2.0,8.0
r3Y9yON9,flashscore,B2,2324,2024-02-07,anderlecht u23,rfc liege,3.0,4.0,6.0,3.0,9.0,7.0
hx8gTaVk,flashscore,B2,2324,2024-02-07,dender,seraing,2.0,0.0,5.0,0.0,7.0,0.0
ADIlUuGq,flashscore,B2,2324,2024-02-07,lommel sk,beerschot va,3.0,3.0,1.0,5.0,4.0,8.0
6wob3XCJ,flashscore,B2,2324,2024-02-09,deinze,patro eisden,2.0,3.0,2.0,4.0,4.0,7.0
Ktk22iSP,flashscore,B2,2324,2024-02-09,francs borains,club brugge kv u23,5.0,2.0,3.0,0.0,8.0,2.0
4EQYdVkm,flashscore,B2,2324,2024-02-10,anderlecht u23,seraing,7.0,0.0,2.0,0.0,9.0,0.0
fsrBsjj0,flashscore,B2,2324,2024-02-10,waregem,lommel sk,2.0,1.0,3.0,4.0,5.0,5.0
QNRUcBzs,flashscore,B2,2324,2024-02-10,beveren,k. lierse s.k.,0.0,5.0,2.0,7.0,2.0,12.0
GIkL8y3k,flashscore,SW1,2324,2024-02-10,lugano,young boys,1.0,4.0,2.0,2.0,3.0,6.0
pzakEcuS,flashscore,SW1,2324,2024-02-10,lausanne ouchy,lausanne,3.0,0.0,3.0,1.0,6.0,1.0
xSjH9Hmq,flashscore,SW1,2324,2024-02-10,zurich,grasshoppers,0.0,1.0,1.0,3.0,1.0,4.0
YXtFtA56,flashscore,B2,2324,2024-02-11,oostende,rfc liege,1.0,6.0,4.0,5.0,5.0,11.0
hzcGvlzJ,flashscore,B2,2324,2024-02-11,beerschot va,st. liege u23,6.0,5.0,3.0,5.0,9.0,10.0
EqbCuUKC,flashscore,B2,2324,2024-02-11,genk u23,dender,1.0,2.0,3.0,4.0,4.0,6.0
CpqU6FX1,flashscore,SW1,2324,2024-02-11,basel,st. gallen,3.0,5.0,2.0,8.0,5.0,13.0
QmXBVbA2,flashscore,SW1,2324,2024-02-11,yverdon,servette,2.0,2.0,1.0,5.0,3.0,7.0
bsuQ7eIe,flashscore,SW1,2324,2024-02-11,winterthur,luzern,1.0,5.0,3.0,0.0,4.0,5.0
0vTEzrwG,flashscore,B2,2324,2024-02-14,francs borains,oostende,3.0,1.0,7.0,2.0,10.0,3.0
Q1zciRJO,flashscore,B2,2324,2024-02-16,club brugge kv u23,waregem,2.0,1.0,1.0,4.0,3.0,5.0
2JJuGAdP,flashscore,B2,2324,2024-02-16,k. lierse s.k.,genk u23,2.0,1.0,4.0,4.0,6.0,5.0
QiZtzXp8,flashscore,DK1,2324,2024-02-16,viborg,odense,0.0,4.0,5.0,2.0,5.0,6.0
CvUte9Ka,flashscore,B2,2324,2024-02-17,dender,beveren,3.0,0.0,1.0,2.0,4.0,2.0
nBygh74I,flashscore,B2,2324,2024-02-17,seraing,rfc liege,0.0,6.0,3.0,0.0,3.0,6.0
YmVxdk5g,flashscore,B2,2324,2024-02-17,lommel sk,oostende,5.0,1.0,0.0,0.0,5.0,1.0
OtnHSdfL,flashscore,SW1,2324,2024-02-17,grasshoppers,basel,2.0,0.0,3.0,6.0,5.0,6.0
4vWFUIP8,flashscore,SW1,2324,2024-02-17,lausanne,yverdon,4.0,0.0,1.0,3.0,5.0,3.0
pjmDTxuF,flashscore,SW1,2324,2024-02-17,st. gallen,winterthur,2.0,5.0,4.0,2.0,6.0,7.0
hlxkgmkC,flashscore,B2,2324,2024-02-18,st. liege u23,francs borains,3.0,8.0,2.0,5.0,5.0,13.0
f3JofTZ5,flashscore,B2,2324,2024-02-18,deinze,beerschot va,3.0,5.0,2.0,5.0,5.0,10.0
4S57BU4t,flashscore,B2,2324,2024-02-18,patro eisden,anderlecht u23,1.0,1.0,4.0,1.0,5.0,2.0
8dlrFV8r,flashscore,DK1,2324,2024-02-18,brondby,midtjylland,0.0,2.0,0.0,1.0,0.0,3.0
boseCTh1,flashscore,DK1,2324,2024-02-18,silkeborg,fc copenhagen,5.0,1.0,3.0,1.0,8.0,2.0
2JmnEkOl,flashscore,DK1,2324,2024-02-18,hvidovre if,randers fc,2.0,5.0,3.0,0.0,5.0,5.0
xxtaBm87,flashscore,DK1,2324,2024-02-18,nordsjaelland,lyngby,6.0,0.0,4.0,6.0,10.0,6.0
fPxmNzIr,flashscore,SW1,2324,2024-02-18,luzern,zurich,2.0,2.0,1.0,3.0,3.0,5.0
xlSiMfXl,flashscore,SW1,2324,2024-02-18,servette,lugano,5.0,2.0,8.0,3.0,13.0,5.0
I3oLRG9R,flashscore,SW1,2324,2024-02-18,young boys,lausanne ouchy,3.0,0.0,2.0,1.0,5.0,1.0
GMijD9we,flashscore,DK1,2324,2024-02-19,vejle,aarhus,0.0,2.0,5.0,2.0,5.0,4.0
rFSICIlt,flashscore,TR2,2324,2024-02-19,genclerbirligi,bandirmaspor,4.0,1.0,3.0,1.0,7.0,2.0
KOeW5QYH,flashscore,B2,2324,2024-02-23,beveren,deinze,7.0,0.0,1.0,6.0,8.0,6.0
Ch9F98Zh,flashscore,B2,2324,2024-02-23,patro eisden,k. lierse s.k.,2.0,4.0,5.0,2.0,7.0,6.0
fDCPR8hl,flashscore,DK1,2324,2024-02-23,randers fc,lyngby,5.0,2.0,1.0,3.0,6.0,5.0
fes67rUc,flashscore,TR2,2324,2024-02-23,altay,giresunspor,2.0,1.0,0.0,2.0,2.0,3.0
Gjku443U,flashscore,B2,2324,2024-02-24,oostende,club brugge kv u23,3.0,2.0,1.0,0.0,4.0,2.0
2moy5plO,flashscore,B2,2324,2024-02-24,rfc liege,st. liege u23,3.0,3.0,6.0,3.0,9.0,6.0
Y7cO7n45,flashscore,B2,2324,2024-02-24,anderlecht u23,dender,1.0,1.0,1.0,5.0,2.0,6.0
O4U3JhH7,flashscore,SW1,2324,2024-02-24,grasshoppers,luzern,2.0,1.0,1.0,1.0,3.0,2.0
GvReLEne,flashscore,SW1,2324,2024-02-24,st. gallen,lausanne ouchy,1.0,1.0,5.0,0.0,6.0,1.0
pEVaKY11,flashscore,SW1,2324,2024-02-24,yverdon,basel,7.0,2.0,5.0,1.0,12.0,3.0
0Ys28OEi,flashscore,TR2,2324,2024-02-24,adanaspor as,goztepe,2.0,3.0,5.0,2.0,7.0,5.0
nRRo6YXN,flashscore,TR2,2324,2024-02-24,corum,bodrumspor,1.0,1.0,2.0,4.0,3.0,5.0
YNNs7EIH,flashscore,TR2,2324,2024-02-24,bandirmaspor,umraniyespor,1.0,0.0,2.0,2.0,3.0,2.0
bk5BAlKn,flashscore,B2,2324,2024-02-25,francs borains,waregem,2.0,3.0,4.0,3.0,6.0,6.0
fHbK8Sla,flashscore,B2,2324,2024-02-25,genk u23,lommel sk,3.0,1.0,1.0,4.0,4.0,5.0
tYdS66JB,flashscore,B2,2324,2024-02-25,beerschot va,seraing,15.0,0.0,5.0,2.0,20.0,2.0
I9rwPmse,flashscore,D1,2324,2024-02-25,augsburg,freiburg,5.0,1.0,5.0,1.0,10.0,2.0
prcdovbc,flashscore,D1,2324,2024-02-25,dortmund,hoffenheim,6.0,1.0,4.0,2.0,10.0,3.0
pIR0rxrG,flashscore,D1,2324,2024-02-25,eintracht frankfurt,wolfsburg,2.0,2.0,3.0,1.0,5.0,3.0
0OzheqFT,flashscore,D2,2324,2024-02-25,dusseldorf,hansa rostock,0.0,2.0,2.0,5.0,2.0,7.0
WdO9DQUc,flashscore,D2,2324,2024-02-25,greuther furth,nurnberg,7.0,0.0,6.0,0.0,13.0,0.0
IaomdPaN,flashscore,D2,2324,2024-02-25,hamburger sv,elversberg,1.0,3.0,4.0,2.0,5.0,5.0
4rYpZj0E,flashscore,DK1,2324,2024-02-25,aarhus,midtjylland,1.0,3.0,3.0,1.0,4.0,4.0
GMDLSlwr,flashscore,DK1,2324,2024-02-25,odense,brondby,0.0,2.0,7.0,2.0,7.0,4.0
bsRgXUUQ,flashscore,DK1,2324,2024-02-25,hvidovre if,viborg,2.0,5.0,2.0,1.0,4.0,6.0
Cl7UQS7f,flashscore,DK1,2324,2024-02-25,vejle,silkeborg,1.0,3.0,1.0,3.0,2.0,6.0
zwRaLVUk,flashscore,F1,2324,2024-02-25,marseille,montpellier,4.0,4.0,3.0,0.0,7.0,4.0
MVpPRXiM,flashscore,F1,2324,2024-02-25,psg,rennes,1.0,0.0,3.0,0.0,4.0,0.0
Ob7fsDi9,flashscore,F1,2324,2024-02-25,le havre,reims,4.0,1.0,1.0,4.0,5.0,5.0
2qJoqZMd,flashscore,F1,2324,2024-02-25,nice,clermont,3.0,0.0,5.0,1.0,8.0,1.0
hEyeMBFq,flashscore,F1,2324,2024-02-25,toulouse,lille,1.0,4.0,5.0,4.0,6.0,8.0
tzIkrgx3,flashscore,F1,2324,2024-02-25,lens,monaco,3.0,3.0,6.0,0.0,9.0,3.0
YwSNwjt4,flashscore,N1,2324,2024-02-25,fc volendam,heerenveen,3.0,4.0,1.0,6.0,4.0,10.0
I3cmojYN,flashscore,N1,2324,2024-02-25,az alkmaar,ajax,1.0,1.0,1.0,0.0,2.0,1.0
nNPBthdo,flashscore,N1,2324,2024-02-25,almere city,feyenoord,2.0,3.0,3.0,2.0,5.0,5.0
nw2ipAmU,flashscore,N1,2324,2024-02-25,twente,g.a. eagles,3.0,0.0,3.0,4.0,6.0,4.0
htrPyUAG,flashscore,N1,2324,2024-02-25,excelsior,vitesse,6.0,5.0,4.0,6.0,10.0,11.0
840m5HEm,flashscore,SW1,2324,2024-02-25,lausanne,winterthur,4.0,1.0,3.0,2.0,7.0,3.0
neai4yUg,flashscore,SW1,2324,2024-02-25,young boys,servette,3.0,4.0,3.0,5.0,6.0,9.0
Shqj6cas,flashscore,SW1,2324,2024-02-25,lugano,zurich,1.0,0.0,0.0,1.0,1.0,1.0
jaYx8f3B,flashscore,TR2,2324,2024-02-25,eyupspor,sakaryaspor,2.0,5.0,2.0,1.0,4.0,6.0
C8ZY8zl5,flashscore,TR2,2324,2024-02-25,manisa fk,genclerbirligi,4.0,3.0,2.0,4.0,6.0,7.0
Msqb94ao,flashscore,TR2,2324,2024-02-25,boluspor,erzurumspor,1.0,0.0,1.0,3.0,2.0,3.0
tlRk5hmU,flashscore,TR2,2324,2024-02-25,keciorengucu,kocaelispor,3.0,1.0,2.0,2.0,5.0,3.0
n7NkYAFK,flashscore,DK1,2324,2024-02-26,fc copenhagen,nordsjaelland,5.0,4.0,2.0,6.0,7.0,10.0
WfwLDza0,flashscore,P1,2324,2024-02-26,boavista,braga,0.0,2.0,1.0,1.0,1.0,3.0
rcDH0Ceo,flashscore,TR2,2324,2024-02-26,sanliurfaspor,tuzlaspor,3.0,0.0,8.0,0.0,11.0,0.0
6ZWjJgdK,flashscore,RO1,2324,2024-02-27,otelul,cfr cluj,1.0,1.0,0.0,2.0,1.0,3.0
bBzeaY4l,flashscore,RO1,2324,2024-02-27,dinamo bucuresti,fc hermannstadt,1.0,3.0,1.0,4.0,2.0,7.0
vNihbhKf,flashscore,RO1,2324,2024-02-27,u craiova 1948,poli iasi,2.0,2.0,1.0,1.0,3.0,3.0
IDjdcCZ0,flashscore,RO1,2324,2024-02-28,fc rapid bucuresti,uta arad,3.0,1.0,0.0,4.0,3.0,5.0
z9yeIDBQ,flashscore,RO1,2324,2024-02-28,u. cluj,farul constanta,2.0,1.0,4.0,3.0,6.0,4.0
Qwf4ej4D,flashscore,RO1,2324,2024-02-29,fc voluntari,fcsb,2.0,4.0,1.0,1.0,3.0,5.0
Czj0dWl7,flashscore,RO1,2324,2024-02-29,petrolul,univ. craiova,2.0,3.0,3.0,3.0,5.0,6.0
SrYnKZtE,flashscore,RO1,2324,2024-02-29,fc botosani,sepsi sf. gheorghe,0.0,1.0,4.0,1.0,4.0,2.0
MiI1L5Y4,flashscore,B2,2324,2024-03-01,club brugge kv u23,genk u23,2.0,2.0,3.0,0.0,5.0,2.0
W2PlO7ln,flashscore,B2,2324,2024-03-01,waregem,st. liege u23,4.0,2.0,10.0,3.0,14.0,5.0
SvQToBl8,flashscore,D1,2324,2024-03-01,freiburg,bayern munich,1.0,2.0,2.0,4.0,3.0,6.0
x2wfhGbk,flashscore,D2,2324,2024-03-01,hertha berlin,holstein kiel,1.0,5.0,4.0,0.0,5.0,5.0
bBvjgdqq,flashscore,D2,2324,2024-03-01,schalke,st. pauli,5.0,1.0,1.0,3.0,6.0,4.0
0AmPnAUD,flashscore,DK1,2324,2024-03-01,midtjylland,fc copenhagen,2.0,0.0,0.0,6.0,2.0,6.0
OdSzNr6f,flashscore,F1,2324,2024-03-01,monaco,psg,2.0,1.0,3.0,5.0,5.0,6.0
nHM1kmuG,flashscore,N1,2324,2024-03-01,fc volendam,nijmegen,5.0,2.0,2.0,3.0,7.0,5.0
dtsqIkjn,flashscore,P1,2324,2024-03-01,chaves,arouca,2.0,2.0,2.0,0.0,4.0,2.0
KtDRCiZm,flashscore,RO1,2324,2024-03-01,poli iasi,dinamo bucuresti,1.0,1.0,0.0,4.0,1.0,5.0
8b7uMsqi,flashscore,TR2,2324,2024-03-01,umraniyespor,altay,3.0,0.0,3.0,3.0,6.0,3.0
ATrCyNej,flashscore,B1,2324,2024-03-02,st. liege,gent,6.0,4.0,3.0,1.0,9.0,5.0
OfkUqolA,flashscore,B1,2324,2024-03-02,leuven,royale union sg,3.0,4.0,1.0,2.0,4.0,6.0
GhU8x3tp,flashscore,B1,2324,2024-03-02,cercle brugge ksv,kv mechelen,2.0,3.0,5.0,3.0,7.0,6.0
SUIcMoJb,flashscore,B2,2324,2024-03-02,deinze,anderlecht u23,2.0,1.0,1.0,4.0,3.0,5.0
hCQpPmZu,flashscore,B2,2324,2024-03-02,lommel sk,rfc liege,8.0,1.0,2.0,3.0,10.0,4.0
YRL5KPmB,flashscore,B2,2324,2024-03-02,k. lierse s.k.,francs borains,3.0,5.0,2.0,1.0,5.0,6.0
vFTXpV3E,flashscore,D1,2324,2024-03-02,wolfsburg,stuttgart,2.0,2.0,3.0,2.0,5.0,4.0
WC8Cwmdl,flashscore,D1,2324,2024-03-02,bochum,rb leipzig,1.0,3.0,1.0,2.0,2.0,5.0
vwCKyRQ0,flashscore,D1,2324,2024-03-02,darmstadt,augsburg,2.0,2.0,1.0,4.0,3.0,6.0
QZ7Gx7Bf,flashscore,D1,2324,2024-03-02,heidenheim,eintracht frankfurt,4.0,0.0,3.0,3.0,7.0,3.0
YyTypkJK,flashscore,D1,2324,2024-03-02,mainz,b. monchengladbach,8.0,0.0,4.0,6.0,12.0,6.0
QZooNRB7,flashscore,D1,2324,2024-03-02,union berlin,dortmund,4.0,2.0,4.0,5.0,8.0,7.0
QNFpFw62,flashscore,D2,2324,2024-03-02,karlsruher sc,greuther furth,1.0,0.0,4.0,4.0,5.0,4.0
vRJlEcL8,flashscore,D2,2324,2024-03-02,hannover,dusseldorf,4.0,2.0,4.0,2.0,8.0,4.0
YmJhDHzF,flashscore,D2,2324,2024-03-02,hansa rostock,kaiserslautern,0.0,3.0,2.0,4.0,2.0,7.0
CvIdCyjL,flashscore,D2,2324,2024-03-02,nurnberg,braunschweig,0.0,0.0,5.0,4.0,5.0,4.0
dAQrLMz7,flashscore,F1,2324,2024-03-02,clermont,marseille,2.0,4.0,5.0,0.0,7.0,4.0
ADUnKtjD,flashscore,F1,2324,2024-03-02,reims,lille,1.0,3.0,3.0,1.0,4.0,4.0
YgGogVui,flashscore,N1,2324,2024-03-02,sparta rotterdam,az alkmaar,3.0,1.0,2.0,5.0,5.0,6.0
pvN3Uo3j,flashscore,N1,2324,2024-03-02,vitesse,twente,0.0,1.0,2.0,7.0,2.0,8.0
f94fi9A3,flashscore,N1,2324,2024-03-02,g.a. eagles,waalwijk,4.0,4.0,5.0,3.0,9.0,7.0
nVZeFmz5,flashscore,P1,2324,2024-03-02,braga,estrela,4.0,2.0,1.0,2.0,5.0,4.0
Svr4DR4H,flashscore,P1,2324,2024-03-02,estoril,vitoria guimaraes,1.0,2.0,8.0,2.0,9.0,4.0
z5oCB5ZT,flashscore,P1,2324,2024-03-02,moreirense,rio ave,4.0,2.0,2.0,0.0,6.0,2.0
0ABTWCQJ,flashscore,RO1,2324,2024-03-02,farul constanta,cfr cluj,6.0,3.0,0.0,3.0,6.0,6.0
xINMDXJs,flashscore,RO1,2324,2024-03-02,fc hermannstadt,otelul,0.0,1.0,2.0,1.0,2.0,2.0
IRVUBBlf,flashscore,RO1,2324,2024-03-02,uta arad,u craiova 1948,5.0,0.0,3.0,1.0,8.0,1.0
IHQgtGOK,flashscore,SW1,2324,2024-03-02,basel,lausanne,1.0,2.0,5.0,0.0,6.0,2.0
OfRksd9E,flashscore,SW1,2324,2024-03-02,lausanne ouchy,grasshoppers,3.0,0.0,1.0,3.0,4.0,3.0
Q98nrxf8,flashscore,SW1,2324,2024-03-02,servette,st. gallen,6.0,2.0,1.0,1.0,7.0,3.0
nk6qL1bc,flashscore,TR2,2324,2024-03-02,sakaryaspor,manisa fk,1.0,1.0,3.0,6.0,4.0,7.0
zBxR2KrT,flashscore,TR2,2324,2024-03-02,erzurumspor,kocaelispor,2.0,1.0,5.0,2.0,7.0,3.0
feJccb6j,flashscore,TR2,2324,2024-03-02,bodrumspor,eyupspor,3.0,0.0,2.0,1.0,5.0,1.0
dKwN30TM,flashscore,TR2,2324,2024-03-02,tuzlaspor,keciorengucu,1.0,2.0,1.0,1.0,2.0,3.0
WKhxrPIM,flashscore,B1,2324,2024-03-03,kortrijk,rwdm brussels,3.0,4.0,5.0,1.0,8.0,5.0
IHlYr53G,flashscore,B1,2324,2024-03-03,anderlecht,eupen,4.0,2.0,4.0,2.0,8.0,4.0
SSeLo7Jc,flashscore,B1,2324,2024-03-03,antwerp,st. truiden,5.0,2.0,6.0,1.0,11.0,3.0
p4jQpRY3,flashscore,B1,2324,2024-03-03,genk,club brugge kv,2.0,4.0,2.0,2.0,4.0,6.0
GjBAJq3H,flashscore,B2,2324,2024-03-03,beveren,oostende,5.0,2.0,3.0,0.0,8.0,2.0
lvKgNR3h,flashscore,B2,2324,2024-03-03,seraing,patro eisden,2.0,3.0,0.0,8.0,2.0,11.0
hGYw2HXq,flashscore,B2,2324,2024-03-03,dender,beerschot va,3.0,3.0,4.0,4.0,7.0,7.0
hM98vTtr,flashscore,D1,2324,2024-03-03,hoffenheim,werder bremen,2.0,0.0,1.0,3.0,3.0,3.0
CSRuq9YQ,flashscore,D1,2324,2024-03-03,fc koln,bayer leverkusen,0.0,3.0,1.0,6.0,1.0,9.0
UFC1Be5R,flashscore,D2,2324,2024-03-03,elversberg,wehen,4.0,2.0,4.0,2.0,8.0,4.0
pSxbizEe,flashscore,D2,2324,2024-03-03,hamburger sv,vfl osnabruck,5.0,4.0,6.0,1.0,11.0,5.0
OIy2jfT1,flashscore,D2,2324,2024-03-03,paderborn,magdeburg,5.0,1.0,8.0,2.0,13.0,3.0
ju6YPnN0,flashscore,DK1,2324,2024-03-03,aarhus,odense,1.0,3.0,3.0,1.0,4.0,4.0
p25xP6x7,flashscore,DK1,2324,2024-03-03,brondby,vejle,7.0,3.0,3.0,1.0,10.0,4.0
xzBhVsat,flashscore,DK1,2324,2024-03-03,lyngby,hvidovre if,2.0,2.0,3.0,3.0,5.0,5.0
p0AdU1En,flashscore,DK1,2324,2024-03-03,viborg,randers fc,1.0,7.0,2.0,4.0,3.0,11.0
2mRvM2L0,flashscore,F1,2324,2024-03-03,lyon,lens,1.0,2.0,1.0,2.0,2.0,4.0
SUYRO4yr,flashscore,F1,2324,2024-03-03,rennes,lorient,2.0,1.0,4.0,2.0,6.0,3.0
ppMxs4cQ,flashscore,F1,2324,2024-03-03,brest,le havre,0.0,1.0,0.0,1.0,0.0,2.0
j97ZsprK,flashscore,F1,2324,2024-03-03,montpellier,strasbourg,6.0,4.0,2.0,0.0,8.0,4.0
CI8VrQSD,flashscore,F1,2324,2024-03-03,nantes,metz,4.0,0.0,6.0,3.0,10.0,3.0
6LXVNOjl,flashscore,F1,2324,2024-03-03,toulouse,nice,1.0,4.0,6.0,2.0,7.0,6.0
CpFkhkec,flashscore,N1,2324,2024-03-03,heracles,almere city,1.0,1.0,4.0,0.0,5.0,1.0
n3sTzlQM,flashscore,N1,2324,2024-03-03,sittard,excelsior,5.0,1.0,1.0,0.0,6.0,1.0
06oXZ7uT,flashscore,N1,2324,2024-03-03,heerenveen,zwolle,3.0,1.0,1.0,5.0,4.0,6.0
hfNcjTP9,flashscore,N1,2324,2024-03-03,psv,feyenoord,5.0,0.0,4.0,2.0,9.0,2.0
6mOaVRmp,flashscore,N1,2324,2024-03-03,ajax,utrecht,0.0,0.0,1.0,3.0,1.0,3.0
IkruJVzt,flashscore,P1,2324,2024-03-03,fc porto,benfica,5.0,2.0,1.0,0.0,6.0,2.0
h8zhGTKb,flashscore,P1,2324,2024-03-03,sporting cp,sc farense,8.0,0.0,4.0,1.0,12.0,1.0
pGhaE7kB,flashscore,P1,2324,2024-03-03,casa pia,gil vicente,1.0,1.0,1.0,3.0,2.0,4.0
6Vt8CoKN,flashscore,P1,2324,2024-03-03,portimonense,vizela,0.0,2.0,1.0,6.0,1.0,8.0
juUxAkJ6,flashscore,RO1,2324,2024-03-03,fcsb,petrolul,7.0,0.0,3.0,3.0,10.0,3.0
n7No8TmJ,flashscore,RO1,2324,2024-03-03,u. cluj,fc botosani,3.0,1.0,1.0,3.0,4.0,4.0
x27Qzfnr,flashscore,SW1,2324,2024-03-03,winterthur,yverdon,5.0,1.0,3.0,3.0,8.0,4.0
Gh6UZD1l,flashscore,SW1,2324,2024-03-03,zurich,young boys,5.0,0.0,1.0,8.0,6.0,8.0
d8PcuzvR,flashscore,SW1,2324,2024-03-03,luzern,lugano,2.0,1.0,4.0,0.0,6.0,1.0
xroZYQZk,flashscore,TR1,2324,2024-03-03,besiktas,galatasaray,2.0,6.0,2.0,5.0,4.0,11.0
lIlwYpkd,flashscore,TR1,2324,2024-03-03,basaksehir,samsunspor,3.0,2.0,2.0,3.0,5.0,5.0
Wvm6yKel,flashscore,TR1,2324,2024-03-03,pendikspor,konyaspor,1.0,3.0,3.0,1.0,4.0,4.0
thFgbvip,flashscore,TR2,2324,2024-03-03,corum,bandirmaspor,5.0,2.0,3.0,0.0,8.0,2.0
SpZI4tEG,flashscore,TR2,2324,2024-03-03,goztepe,boluspor,4.0,0.0,4.0,0.0,8.0,0.0
6VpA62q4,flashscore,TR2,2324,2024-03-03,giresunspor,adanaspor as,3.0,4.0,1.0,2.0,4.0,6.0
b59tOQiD,flashscore,DK1,2324,2024-03-04,nordsjaelland,silkeborg,2.0,1.0,3.0,0.0,5.0,1.0
EHylH95h,flashscore,P1,2324,2024-03-04,famalicao,boavista,4.0,4.0,5.0,1.0,9.0,5.0
ClVYAV30,flashscore,RO1,2324,2024-03-04,univ. craiova,fc rapid bucuresti,1.0,0.0,1.0,2.0,2.0,2.0
8GOs99YC,flashscore,RO1,2324,2024-03-04,sepsi sf. gheorghe,fc voluntari,4.0,0.0,4.0,2.0,8.0,2.0
bmWTf8d9,flashscore,TR1,2324,2024-03-04,alanyaspor,trabzonspor,0.0,5.0,1.0,4.0,1.0,9.0
jNSLdURd,flashscore,TR1,2324,2024-03-04,antalyaspor,gaziantep,4.0,2.0,7.0,3.0,11.0,5.0
UDRPels3,flashscore,TR1,2324,2024-03-04,adana demirspor,karagumruk,6.0,2.0,1.0,5.0,7.0,7.0
lfzF5MbA,flashscore,TR2,2324,2024-03-04,genclerbirligi,sanliurfaspor,0.0,5.0,0.0,1.0,0.0,6.0
jPLbaQmc,flashscore,B1,2324,2024-03-08,kv mechelen,westerlo,2.0,1.0,1.0,2.0,3.0,3.0
0txn0e2d,flashscore,B2,2324,2024-03-08,beerschot va,k. lierse s.k.,5.0,0.0,2.0,0.0,7.0,0.0
ABJxNI99,flashscore,B2,2324,2024-03-08,patro eisden,genk u23,3.0,4.0,4.0,1.0,7.0,5.0
GOMbkpe0,flashscore,D1,2324,2024-03-08,stuttgart,union berlin,1.0,1.0,3.0,2.0,4.0,3.0
86XzQfKK,flashscore,D2,2324,2024-03-08,braunschweig,hansa rostock,2.0,3.0,2.0,1.0,4.0,4.0
QobX5ZSl,flashscore,D2,2324,2024-03-08,dusseldorf,hamburger sv,1.0,0.0,3.0,1.0,4.0,1.0
6Fb5Suqa,flashscore,DK1,2324,2024-03-08,hvidovre if,nordsjaelland,2.0,3.0,4.0,2.0,6.0,5.0
Y9fQXaKC,flashscore,F1,2324,2024-03-08,nice,montpellier,2.0,4.0,6.0,1.0,8.0,5.0
YDrX4Sv3,flashscore,N1,2324,2024-03-08,g.a. eagles,psv,0.0,7.0,4.0,2.0,4.0,9.0
QZDYS644,flashscore,P1,2324,2024-03-08,estrela,casa pia,3.0,1.0,5.0,3.0,8.0,4.0
xEXw7Pso,flashscore,P1,2324,2024-03-08,portimonense,fc porto,0.0,5.0,1.0,8.0,1.0,13.0
EDFXVWuQ,flashscore,RO1,2324,2024-03-08,cfr cluj,fc hermannstadt,0.0,2.0,4.0,1.0,4.0,3.0
boi4QA3m,flashscore,RO1,2324,2024-03-08,dinamo bucuresti,uta arad,1.0,3.0,1.0,6.0,2.0,9.0
zirPLnII,flashscore,RO1,2324,2024-03-08,fc botosani,farul constanta,1.0,1.0,3.0,2.0,4.0,3.0
tUrLMS2C,flashscore,RO1,2324,2024-03-08,fc voluntari,u. cluj,2.0,2.0,4.0,6.0,6.0,8.0
SQvHN8m6,flashscore,RO1,2324,2024-03-08,petrolul,sepsi sf. gheorghe,3.0,1.0,5.0,1.0,8.0,2.0
Mk5AWPf0,flashscore,SA1,2324,2024-03-08,al ittihad,al okhdood,4.0,3.0,2.0,4.0,6.0,7.0
l2p9iRWP,flashscore,SA1,2324,2024-03-08,al riyadh,al hilal,0.0,7.0,1.0,2.0,1.0,9.0
867MTNvJ,flashscore,SA1,2324,2024-03-08,al taee,al hazem,1.0,5.0,6.0,2.0,7.0,7.0
U9mulcuf,flashscore,TR1,2324,2024-03-08,galatasaray,rizespor,1.0,3.0,2.0,0.0,3.0,3.0
8KrGYKSd,flashscore,TR2,2324,2024-03-08,boluspor,giresunspor,0.0,0.0,5.0,0.0,5.0,0.0
xtOAdOXF,flashscore,B1,2324,2024-03-09,rwdm brussels,anderlecht,3.0,2.0,1.0,1.0,4.0,3.0
Q3umwzXf,flashscore,B1,2324,2024-03-09,charleroi,cercle brugge ksv,2.0,5.0,0.0,3.0,2.0,8.0
4SP2bp33,flashscore,B1,2324,2024-03-09,kortrijk,antwerp,0.0,5.0,3.0,5.0,3.0,10.0
GOlwLdvM,flashscore,B2,2324,2024-03-09,oostende,dender,1.0,1.0,3.0,2.0,4.0,3.0
fFmsKGgS,flashscore,B2,2324,2024-03-09,seraing,beveren,0.0,2.0,7.0,1.0,7.0,3.0
l2ItMxPF,flashscore,B2,2324,2024-03-09,st. liege u23,club brugge kv u23,1.0,4.0,3.0,0.0,4.0,4.0
QZTohnBs,flashscore,D1,2324,2024-03-09,werder bremen,dortmund,3.0,2.0,7.0,2.0,10.0,4.0
bmSgjQuf,flashscore,D1,2324,2024-03-09,augsburg,heidenheim,2.0,1.0,3.0,1.0,5.0,2.0
M11Pzot7,flashscore,D1,2324,2024-03-09,bayern munich,mainz,3.0,2.0,3.0,5.0,6.0,7.0
lExKdS2Q,flashscore,D1,2324,2024-03-09,b. monchengladbach,fc koln,2.0,1.0,6.0,2.0,8.0,3.0
0h0TZ4eD,flashscore,D1,2324,2024-03-09,rb leipzig,darmstadt,3.0,1.0,5.0,3.0,8.0,4.0
niqSRGk8,flashscore,D2,2324,2024-03-09,magdeburg,nurnberg,5.0,1.0,3.0,1.0,8.0,2.0
Kpit4Dc1,flashscore,D2,2324,2024-03-09,holstein kiel,karlsruher sc,4.0,3.0,4.0,5.0,8.0,8.0
WObT6FDr,flashscore,D2,2324,2024-03-09,schalke,paderborn,1.0,2.0,6.0,2.0,7.0,4.0
M9yuPEZQ,flashscore,D2,2324,2024-03-09,wehen,hannover,2.0,2.0,0.0,1.0,2.0,3.0
C0gUWJZI,flashscore,F1,2324,2024-03-09,lens,brest,1.0,1.0,1.0,3.0,2.0,4.0
xr1HZLk0,flashscore,F1,2324,2024-03-09,lorient,lyon,3.0,4.0,1.0,3.0,4.0,7.0
vF1tr5Xk,flashscore,N1,2324,2024-03-09,waalwijk,vitesse,3.0,1.0,1.0,4.0,4.0,5.0
KUtu369F,flashscore,N1,2324,2024-03-09,almere city,utrecht,2.0,3.0,4.0,4.0,6.0,7.0
rqGAmR9S,flashscore,N1,2324,2024-03-09,twente,sparta rotterdam,2.0,2.0,5.0,1.0,7.0,3.0
nqFUTnkb,flashscore,P1,2324,2024-03-09,vitoria guimaraes,famalicao,7.0,0.0,3.0,4.0,10.0,4.0
h2XsPO3T,flashscore,P1,2324,2024-03-09,boavista,moreirense,3.0,2.0,1.0,2.0,4.0,4.0
vJBMV8Ko,flashscore,P1,2324,2024-03-09,rio ave,braga,2.0,4.0,4.0,1.0,6.0,5.0
6oVVRQJA,flashscore,P1,2324,2024-03-09,vizela,sc farense,7.0,0.0,3.0,3.0,10.0,3.0
p2kCOlYa,flashscore,RO1,2324,2024-03-09,fc rapid bucuresti,fcsb,2.0,5.0,2.0,4.0,4.0,9.0
0t4EVqA6,flashscore,SA1,2324,2024-03-09,al taawon,al ahli sc,1.0,3.0,2.0,3.0,3.0,6.0
ABo5h7HJ,flashscore,SA1,2324,2024-03-09,al ettifaq,abha,7.0,2.0,5.0,1.0,12.0,3.0
QNB1YoQm,flashscore,SA1,2324,2024-03-09,al fateh,al khaleej,1.0,3.0,3.0,2.0,4.0,5.0
6sasXBo7,flashscore,SW1,2324,2024-03-09,st. gallen,lugano,1.0,3.0,3.0,3.0,4.0,6.0
AF5YYXGf,flashscore,SW1,2324,2024-03-09,winterthur,grasshoppers,1.0,1.0,2.0,7.0,3.0,8.0
OI9xYiW0,flashscore,SW1,2324,2024-03-09,yverdon,zurich,3.0,2.0,2.0,2.0,5.0,4.0
Kzb5fa2Q,flashscore,TR1,2324,2024-03-09,basaksehir,antalyaspor,4.0,2.0,6.0,1.0,10.0,3.0
xC80eumK,flashscore,TR1,2324,2024-03-09,trabzonspor,karagumruk,7.0,1.0,1.0,1.0,8.0,2.0
O84ddLXD,flashscore,TR1,2324,2024-03-09,konyaspor,adana demirspor,2.0,3.0,1.0,3.0,3.0,6.0
A5GEXyeD,flashscore,TR1,2324,2024-03-09,sivasspor,alanyaspor,1.0,2.0,4.0,2.0,5.0,4.0
dtFcGwDS,flashscore,TR2,2324,2024-03-09,eyupspor,corum,3.0,1.0,5.0,1.0,8.0,2.0
6iMpJuT9,flashscore,TR2,2324,2024-03-09,adanaspor as,sakaryaspor,3.0,5.0,1.0,4.0,4.0,9.0
EHPhHJcM,flashscore,TR2,2324,2024-03-09,bandirmaspor,bodrumspor,2.0,3.0,1.0,2.0,3.0,5.0
bkP6c4I9,flashscore,B1,2324,2024-03-10,eupen,st. truiden,2.0,1.0,2.0,2.0,4.0,3.0
hjsuud2r,flashscore,B1,2324,2024-03-10,royale union sg,gent,4.0,3.0,4.0,0.0,8.0,3.0
lKsGzsBd,flashscore,B1,2324,2024-03-10,club brugge kv,leuven,4.0,3.0,6.0,2.0,10.0,5.0
WttqvGHl,flashscore,B1,2324,2024-03-10,genk,st. liege,3.0,3.0,4.0,2.0,7.0,5.0
GlKYNbf3,flashscore,B2,2324,2024-03-10,rfc liege,deinze,6.0,1.0,3.0,6.0,9.0,7.0
Mkwr1ymj,flashscore,B2,2324,2024-03-10,francs borains,lommel sk,4.0,1.0,4.0,5.0,8.0,6.0
2oGUOvuc,flashscore,B2,2324,2024-03-10,anderlecht u23,waregem,0.0,2.0,5.0,2.0,5.0,4.0
SblBblYD,flashscore,D1,2324,2024-03-10,bayer leverkusen,wolfsburg,4.0,2.0,5.0,0.0,9.0,2.0
6kmFc8mK,flashscore,D1,2324,2024-03-10,eintracht frankfurt,hoffenheim,4.0,1.0,1.0,0.0,5.0,1.0
KdTki6Qm,flashscore,D1,2324,2024-03-10,bochum,freiburg,5.0,2.0,7.0,3.0,12.0,5.0
QsrWQz5E,flashscore,D2,2324,2024-03-10,greuther furth,elversberg,1.0,2.0,1.0,0.0,2.0,2.0
byjp3XC7,flashscore,D2,2324,2024-03-10,kaiserslautern,vfl osnabruck,4.0,2.0,7.0,4.0,11.0,6.0
xM1y5gre,flashscore,D2,2324,2024-03-10,st. pauli,hertha berlin,3.0,2.0,4.0,4.0,7.0,6.0
Eu2DQJDB,flashscore,DK1,2324,2024-03-10,viborg,brondby,2.0,4.0,4.0,3.0,6.0,7.0
Oj90TLTh,flashscore,DK1,2324,2024-03-10,fc copenhagen,lyngby,7.0,0.0,4.0,2.0,11.0,2.0
KI29Rab5,flashscore,DK1,2324,2024-03-10,silkeborg,aarhus,0.0,2.0,1.0,3.0,1.0,5.0
A7eMOcrO,flashscore,DK1,2324,2024-03-10,vejle,odense,1.0,4.0,1.0,7.0,2.0,11.0
rL1Dz2zf,flashscore,F1,2324,2024-03-10,marseille,nantes,1.0,2.0,1.0,6.0,2.0,8.0
GYaLYu56,flashscore,F1,2324,2024-03-10,lille,rennes,5.0,0.0,1.0,3.0,6.0,3.0
Q3sCe3CJ,flashscore,F1,2324,2024-03-10,le havre,toulouse,3.0,0.0,0.0,3.0,3.0,3.0
xvoGfNRP,flashscore,F1,2324,2024-03-10,metz,clermont,2.0,3.0,3.0,4.0,5.0,7.0
UHc9yrLm,flashscore,F1,2324,2024-03-10,strasbourg,monaco,4.0,4.0,1.0,4.0,5.0,8.0
ng84xO5s,flashscore,F1,2324,2024-03-10,psg,reims,6.0,1.0,1.0,1.0,7.0,2.0
UJWgkX2t,flashscore,I1,2324,2024-03-10,fiorentina,as roma,6.0,1.0,2.0,1.0,8.0,2.0
OIP2mBXh,flashscore,I1,2324,2024-03-10,juventus,atalanta,2.0,2.0,2.0,1.0,4.0,3.0
E7IFp9HB,flashscore,I1,2324,2024-03-10,ac milan,empoli,7.0,0.0,4.0,4.0,11.0,4.0
dWNAok25,flashscore,I1,2324,2024-03-10,lecce,verona,8.0,3.0,3.0,3.0,11.0,6.0
CUMZDNUg,flashscore,I2,2324,2024-03-10,lecco,palermo,6.0,2.0,1.0,1.0,7.0,3.0
SbWcIxMu,flashscore,I2,2324,2024-03-10,venezia,bari,4.0,3.0,2.0,3.0,6.0,6.0
tvry4nf9,flashscore,N1,2324,2024-03-10,feyenoord,heracles,6.0,3.0,3.0,2.0,9.0,5.0
hI5psPnd,flashscore,N1,2324,2024-03-10,nijmegen,heerenveen,4.0,1.0,4.0,5.0,8.0,6.0
ph2xqoIq,flashscore,N1,2324,2024-03-10,ajax,sittard,4.0,2.0,6.0,0.0,10.0,2.0
fNqT58Pd,flashscore,N1,2324,2024-03-10,zwolle,fc volendam,4.0,0.0,4.0,3.0,8.0,3.0
Q7L5l7fM,flashscore,N1,2324,2024-03-10,az alkmaar,excelsior,1.0,0.0,2.0,0.0,3.0,0.0
pxUZQpZG,flashscore,P1,2324,2024-03-10,benfica,estoril,2.0,1.0,4.0,3.0,6.0,4.0
vaTwQ4lN,flashscore,P1,2324,2024-03-10,arouca,sporting cp,2.0,0.0,0.0,0.0,2.0,0.0
6Bj8PUIg,flashscore,RO1,2324,2024-03-10,u craiova 1948,univ. craiova,2.0,3.0,0.0,3.0,2.0,6.0
Q54x5Hj8,flashscore,SP1,2324,2024-03-10,betis,villarreal,5.0,3.0,6.0,1.0,11.0,4.0
EVxQeDDf,flashscore,SP1,2324,2024-03-10,real madrid,celta vigo,9.0,0.0,3.0,1.0,12.0,1.0
I3qHcZrr,flashscore,SP1,2324,2024-03-10,las palmas,ath bilbao,2.0,2.0,8.0,1.0,10.0,3.0
0Odk2FzR,flashscore,SP1,2324,2024-03-10,alaves,rayo vallecano,4.0,1.0,3.0,4.0,7.0,5.0
CvnTfFwE,flashscore,SW1,2324,2024-03-10,lausanne ouchy,luzern,1.0,3.0,3.0,7.0,4.0,10.0
jVpXgZhK,flashscore,SW1,2324,2024-03-10,young boys,basel,2.0,4.0,1.0,4.0,3.0,8.0
pYcoWV0D,flashscore,SW1,2324,2024-03-10,servette,lausanne,3.0,3.0,4.0,1.0,7.0,4.0
4hoEZcQ0,flashscore,TR1,2324,2024-03-10,fenerbahce,pendikspor,4.0,1.0,4.0,0.0,8.0,1.0
WEHAYHu7,flashscore,TR1,2324,2024-03-10,istanbulspor as,kasimpasa,4.0,3.0,0.0,6.0,4.0,9.0
jJlykwQm,flashscore,TR1,2324,2024-03-10,samsunspor,ankaragucu,0.0,1.0,2.0,1.0,2.0,2.0
Q1nAzvBf,flashscore,TR1,2324,2024-03-10,kayserispor,hatayspor,2.0,0.0,1.0,2.0,3.0,2.0
bk1PBcLq,flashscore,TR2,2324,2024-03-10,kocaelispor,tuzlaspor,3.0,0.0,4.0,1.0,7.0,1.0
6F4X9yjd,flashscore,TR2,2324,2024-03-10,sanliurfaspor,goztepe,4.0,0.0,1.0,3.0,5.0,3.0
S0NtKLD3,flashscore,TR2,2324,2024-03-10,altay,genclerbirligi,0.0,3.0,0.0,0.0,0.0,3.0
SO5TAHzj,flashscore,TR2,2324,2024-03-10,keciorengucu,erzurumspor,2.0,1.0,1.0,4.0,3.0,5.0
hW0HPwTH,flashscore,DK1,2324,2024-03-11,randers fc,midtjylland,2.0,0.0,3.0,1.0,5.0,1.0
xlGack7J,flashscore,E0,2324,2024-03-11,chelsea,newcastle,0.0,1.0,0.0,3.0,0.0,4.0
IuP6nVna,flashscore,I1,2324,2024-03-11,lazio,udinese,4.0,4.0,5.0,1.0,9.0,5.0
2JFnBLEC,flashscore,I2,2324,2024-03-11,sampdoria,ascoli,6.0,2.0,1.0,1.0,7.0,3.0
hMFQUSZi,flashscore,P1,2324,2024-03-11,gil vicente,chaves,7.0,0.0,5.0,1.0,12.0,1.0
Kfh0Rjls,flashscore,RO1,2324,2024-03-11,otelul,poli iasi,3.0,2.0,1.0,0.0,4.0,2.0
0SCjsEb1,flashscore,SP1,2324,2024-03-11,almeria,sevilla,0.0,3.0,1.0,5.0,1.0,8.0
MqpXkJAs,flashscore,TR1,2324,2024-03-11,gaziantep,besiktas,0.0,1.0,2.0,2.0,2.0,3.0
0ELlIarG,flashscore,TR2,2324,2024-03-11,manisa fk,umraniyespor,1.0,2.0,2.0,4.0,3.0,6.0
4UOwh3Np,flashscore,RS1,2324,2024-03-12,imt novi beograd,vojvodina,1.0,3.0,5.0,1.0,6.0,4.0
IXCLGn0o,flashscore,RS1,2324,2024-03-12,javor,radnik,1.0,4.0,3.0,3.0,4.0,7.0
0G8tCOEG,flashscore,RS1,2324,2024-03-12,cukaricki,sp. subotica,2.0,2.0,3.0,2.0,5.0,4.0
ruboBrUM,flashscore,RS1,2324,2024-03-12,novi pazar,vozdovac,1.0,4.0,1.0,3.0,2.0,7.0
MP9xD4aA,flashscore,RS1,2324,2024-03-12,tsc,mladost,2.0,5.0,2.0,3.0,4.0,8.0
zkobxEe6,flashscore,E0,2324,2024-03-13,bournemouth,luton,6.0,2.0,5.0,1.0,11.0,3.0
Ea6UEQUc,flashscore,RS1,2324,2024-03-13,radnicki nis,crvena zvezda,2.0,4.0,1.0,1.0,3.0,5.0
hj5YDpp4,flashscore,RS1,2324,2024-03-13,partizan,napredak,4.0,2.0,8.0,1.0,12.0,3.0
WzHPF6Fi,flashscore,RS1,2324,2024-03-13,radnicki 1923,zeleznicar pancevo,5.0,0.0,2.0,1.0,7.0,1.0
bkBD049t,flashscore,SA1,2324,2024-03-14,abha,al wehda,0.0,1.0,4.0,1.0,4.0,2.0
AgW3t1OO,flashscore,SA1,2324,2024-03-14,al hazem,al shabab,3.0,0.0,3.0,0.0,6.0,0.0
pnovn5fm,flashscore,SA1,2324,2024-03-14,al khaleej,al okhdood,1.0,4.0,0.0,5.0,1.0,9.0
zTL3yIO2,flashscore,B2,2324,2024-03-15,beveren,patro eisden,1.0,3.0,3.0,0.0,4.0,3.0
EJK7zxv9,flashscore,B2,2324,2024-03-15,club brugge kv u23,seraing,2.0,2.0,5.0,5.0,7.0,7.0
nDSLCYo2,flashscore,B2,2324,2024-03-15,waregem,beerschot va,0.0,1.0,2.0,2.0,2.0,3.0
KA8O55us,flashscore,D1,2324,2024-03-15,fc koln,rb leipzig,1.0,3.0,2.0,3.0,3.0,6.0
p2g7ICCf,flashscore,D2,2324,2024-03-15,paderborn,braunschweig,2.0,1.0,8.0,0.0,10.0,1.0
tlwAxY3Q,flashscore,D2,2324,2024-03-15,vfl osnabruck,dusseldorf,2.0,2.0,2.0,1.0,4.0,3.0
MBMnk1km,flashscore,F1,2324,2024-03-15,toulouse,lyon,4.0,1.0,1.0,2.0,5.0,3.0
QonY2jXu,flashscore,I1,2324,2024-03-15,empoli,bologna,3.0,4.0,4.0,2.0,7.0,6.0
jwHNCYkH,flashscore,I2,2324,2024-03-15,palermo,venezia,4.0,2.0,2.0,1.0,6.0,3.0
U3GOfrHe,flashscore,N1,2324,2024-03-15,heracles,g.a. eagles,0.0,3.0,2.0,5.0,2.0,8.0
WhhHwOIM,flashscore,P1,2324,2024-03-15,estoril,portimonense,1.0,2.0,1.0,5.0,2.0,7.0
GrXlbDnl,flashscore,RO1,2324,2024-03-15,fc rapid bucuresti,farul constanta,6.0,1.0,4.0,0.0,10.0,1.0
lO54lMjs,flashscore,RO1,2324,2024-03-15,u. cluj,fc botosani,2.0,2.0,2.0,1.0,4.0,3.0
zyviq3v6,flashscore,SA1,2324,2024-03-15,al ahli sc,al nassr,3.0,2.0,4.0,3.0,7.0,5.0
OdKo5p1P,flashscore,SA1,2324,2024-03-15,al fayha,al riyadh,0.0,2.0,0.0,0.0,0.0,2.0
tEvmpqPa,flashscore,SA1,2324,2024-03-15,al taee,al ettifaq,3.0,5.0,1.0,4.0,4.0,9.0
xSIgBhDs,flashscore,SP1,2324,2024-03-15,real sociedad,cadiz cf,4.0,1.0,4.0,1.0,8.0,2.0
4S1N0zPa,flashscore,TR1,2324,2024-03-15,karagumruk,konyaspor,4.0,1.0,5.0,3.0,9.0,4.0
O8tlnyA6,flashscore,TR1,2324,2024-03-15,pendikspor,istanbulspor as,5.0,1.0,1.0,1.0,6.0,2.0
YJHaDAdl,flashscore,TR2,2324,2024-03-15,genclerbirligi,kocaelispor,0.0,3.0,2.0,2.0,2.0,5.0
pp6IhFWs,flashscore,B1,2324,2024-03-16,anderlecht,kortrijk,0.0,4.0,5.0,2.0,5.0,6.0
xvqixfn1,flashscore,B1,2324,2024-03-16,st. liege,eupen,3.0,3.0,2.0,2.0,5.0,5.0
drACZegF,flashscore,B2,2324,2024-03-16,dender,st. liege u23,3.0,4.0,6.0,2.0,9.0,6.0
8IDGYF8L,flashscore,B2,2324,2024-03-16,genk u23,oostende,4.0,3.0,4.0,6.0,8.0,9.0
QcvDEfHk,flashscore,B2,2324,2024-03-16,deinze,francs borains,2.0,2.0,2.0,1.0,4.0,3.0
8MTHDEWe,flashscore,B2,2324,2024-03-16,k. lierse s.k.,rfc liege,2.0,1.0,2.0,1.0,4.0,2.0
Cfz9Fz2q,flashscore,B2,2324,2024-03-16,lommel sk,anderlecht u23,1.0,0.0,1.0,5.0,2.0,5.0
b17S4Pfm,flashscore,D1,2324,2024-03-16,hoffenheim,stuttgart,0.0,2.0,5.0,4.0,5.0,6.0
fT0y33Pa,flashscore,D1,2324,2024-03-16,darmstadt,bayern munich,1.0,5.0,1.0,4.0,2.0,9.0
tQdX3qAg,flashscore,D1,2324,2024-03-16,heidenheim,b. monchengladbach,0.0,1.0,10.0,3.0,10.0,4.0
SIGdAoXP,flashscore,D1,2324,2024-03-16,mainz,bochum,2.0,4.0,5.0,2.0,7.0,6.0
lxL6mOPC,flashscore,D1,2324,2024-03-16,union berlin,werder bremen,3.0,1.0,1.0,2.0,4.0,3.0
lSHhBRHJ,flashscore,D1,2324,2024-03-16,wolfsburg,augsburg,7.0,0.0,1.0,6.0,8.0,6.0
IFiFGjs7,flashscore,D2,2324,2024-03-16,hannover,kaiserslautern,1.0,2.0,2.0,1.0,3.0,3.0
CEY5wElK,flashscore,D2,2324,2024-03-16,elversberg,holstein kiel,2.0,5.0,2.0,2.0,4.0,7.0
WIeJFAdD,flashscore,D2,2324,2024-03-16,hansa rostock,greuther furth,2.0,2.0,1.0,6.0,3.0,8.0
YNZ1vfZD,flashscore,D2,2324,2024-03-16,nurnberg,st. pauli,1.0,4.0,0.0,7.0,1.0,11.0
EFG95nat,flashscore,E0,2324,2024-03-16,fulham,tottenham,2.0,3.0,2.0,2.0,4.0,5.0
bRnenPbI,flashscore,E0,2324,2024-03-16,burnley,brentford,3.0,1.0,2.0,3.0,5.0,4.0
rkLD46En,flashscore,E0,2324,2024-03-16,luton,nottingham,2.0,1.0,4.0,6.0,6.0,7.0
C2tsLGDD,flashscore,E1,2324,2024-03-16,birmingham,watford,4.0,3.0,3.0,3.0,7.0,6.0
6FxXsvLQ,flashscore,E1,2324,2024-03-16,ipswich,sheffield wed,7.0,2.0,3.0,2.0,10.0,4.0
CGLFZFS6,flashscore,E1,2324,2024-03-16,middlesbrough,blackburn,6.0,1.0,2.0,4.0,8.0,5.0
fuBKYZsD,flashscore,E1,2324,2024-03-16,plymouth,preston,5.0,2.0,1.0,3.0,6.0,5.0
0xb6dwzK,flashscore,E1,2324,2024-03-16,rotherham,huddersfield,1.0,2.0,0.0,4.0,1.0,6.0
vTdAeckQ,flashscore,E1,2324,2024-03-16,stoke,norwich,5.0,2.0,2.0,4.0,7.0,6.0
bDwsjyDm,flashscore,E1,2324,2024-03-16,sunderland,qpr,2.0,3.0,3.0,4.0,5.0,7.0
WQyklFs0,flashscore,E1,2324,2024-03-16,west brom,bristol city,2.0,0.0,1.0,7.0,3.0,7.0
dUGDvar0,flashscore,E1,2324,2024-03-16,swansea,cardiff,8.0,1.0,2.0,4.0,10.0,5.0
Q3J3oJlC,flashscore,F1,2324,2024-03-16,lens,nice,2.0,2.0,9.0,1.0,11.0,3.0
KQI7pw4I,flashscore,F1,2324,2024-03-16,nantes,strasbourg,1.0,1.0,3.0,4.0,4.0,5.0
4xox2Ann,flashscore,I1,2324,2024-03-16,frosinone,lazio,4.0,1.0,5.0,3.0,9.0,4.0
trxccn1H,flashscore,I1,2324,2024-03-16,salernitana,lecce,3.0,1.0,4.0,0.0,7.0,1.0
YHYla8W4,flashscore,I1,2324,2024-03-16,monza,cagliari,1.0,2.0,2.0,5.0,3.0,7.0
KYz1d6GN,flashscore,I1,2324,2024-03-16,udinese,torino,1.0,4.0,2.0,0.0,3.0,4.0
lEK6GGjh,flashscore,I2,2324,2024-03-16,bari,sampdoria,5.0,2.0,2.0,3.0,7.0,5.0
0lOAFz6b,flashscore,I2,2324,2024-03-16,cittadella,modena,0.0,1.0,6.0,4.0,6.0,5.0
UTFRBh5N,flashscore,I2,2324,2024-03-16,reggiana,spezia,3.0,1.0,0.0,6.0,3.0,7.0
zg56QgTk,flashscore,I2,2324,2024-03-16,brescia,catanzaro,4.0,5.0,5.0,1.0,9.0,6.0
fBNEEfL4,flashscore,I2,2324,2024-03-16,como,pisa,1.0,0.0,0.0,2.0,1.0,2.0
Y1MIDEzB,flashscore,I2,2324,2024-03-16,feralpisalo,parma,2.0,7.0,2.0,2.0,4.0,9.0
OjFVACKT,flashscore,I2,2324,2024-03-16,sudtirol,cremonese,0.0,3.0,0.0,4.0,0.0,7.0
0C6c6WSp,flashscore,I2,2324,2024-03-16,ternana,cosenza,1.0,1.0,8.0,5.0,9.0,6.0
8fFSg2W1,flashscore,N1,2324,2024-03-16,vitesse,almere city,3.0,0.0,5.0,2.0,8.0,2.0
YX6EH5O8,flashscore,N1,2324,2024-03-16,excelsior,waalwijk,4.0,2.0,3.0,2.0,7.0,4.0
GddJGPwF,flashscore,N1,2324,2024-03-16,sittard,zwolle,3.0,2.0,4.0,3.0,7.0,5.0
n5j5tQY3,flashscore,P1,2324,2024-03-16,fc porto,vizela,5.0,2.0,7.0,1.0,12.0,3.0
buf9uplA,flashscore,P1,2324,2024-03-16,braga,gil vicente,5.0,0.0,3.0,2.0,8.0,2.0
lUnMxrYS,flashscore,P1,2324,2024-03-16,sc farense,rio ave,3.0,1.0,2.0,1.0,5.0,2.0
4t10s6Jc,flashscore,P1,2324,2024-03-16,famalicao,estrela,2.0,5.0,2.0,2.0,4.0,7.0
A5WhcX1f,flashscore,RO1,2324,2024-03-16,cfr cluj,univ. craiova,12.0,1.0,1.0,1.0,13.0,2.0
SE48mt6m,flashscore,RO1,2324,2024-03-16,otelul,poli iasi,2.0,2.0,3.0,1.0,5.0,3.0
tQGlA2qT,flashscore,RS1,2324,2024-03-16,vojvodina,novi pazar,3.0,0.0,7.0,3.0,10.0,3.0
xd2K4t7j,flashscore,RS1,2324,2024-03-16,sp. subotica,tsc,0.0,0.0,5.0,4.0,5.0,4.0
b53G5Mip,flashscore,RS1,2324,2024-03-16,vozdovac,cukaricki,3.0,0.0,1.0,11.0,4.0,11.0
rgwKPsqG,flashscore,RS1,2324,2024-03-16,radnik,imt novi beograd,7.0,0.0,4.0,1.0,11.0,1.0
W2Xass9I,flashscore,SA1,2324,2024-03-16,al fateh,al ittihad,1.0,4.0,2.0,5.0,3.0,9.0
ERxerNgC,flashscore,SA1,2324,2024-03-16,al hilal,damac,3.0,4.0,7.0,1.0,10.0,5.0
SAzqoP9g,flashscore,SA1,2324,2024-03-16,al raed,al taawon,0.0,2.0,3.0,4.0,3.0,6.0
viFA7AC6,flashscore,SP1,2324,2024-03-16,ath bilbao,alaves,3.0,1.0,2.0,3.0,5.0,4.0
QmkygBcD,flashscore,SP1,2324,2024-03-16,getafe,girona,0.0,1.0,2.0,4.0,2.0,5.0
ShTJHfzE,flashscore,SP1,2324,2024-03-16,osasuna,real madrid,4.0,4.0,1.0,3.0,5.0,7.0
SGB68jc0,flashscore,SP1,2324,2024-03-16,mallorca,granada cf,4.0,1.0,6.0,1.0,10.0,2.0
4xR7mXVm,flashscore,SW1,2324,2024-03-16,lugano,yverdon,1.0,2.0,5.0,6.0,6.0,8.0
Ygzxgg8Q,flashscore,SW1,2324,2024-03-16,basel,winterthur,2.0,2.0,4.0,1.0,6.0,3.0
AFR3lDGs,flashscore,SW1,2324,2024-03-16,grasshoppers,st. gallen,1.0,3.0,4.0,4.0,5.0,7.0
Qy3J1G9g,flashscore,TR1,2324,2024-03-16,adana demirspor,sivasspor,2.0,1.0,1.0,5.0,3.0,6.0
U99A3xus,flashscore,TR1,2324,2024-03-16,besiktas,antalyaspor,4.0,3.0,4.0,2.0,8.0,5.0
CUMr8IWP,flashscore,TR1,2324,2024-03-16,ankaragucu,basaksehir,0.0,1.0,1.0,1.0,1.0,2.0
CYxpmHf0,flashscore,TR1,2324,2024-03-16,alanyaspor,kayserispor,0.0,0.0,0.0,3.0,0.0,3.0
fTIeEjsr,flashscore,TR2,2324,2024-03-16,goztepe,keciorengucu,4.0,4.0,0.0,5.0,4.0,9.0
2a9G9SeD,flashscore,TR2,2324,2024-03-16,corum,manisa fk,1.0,0.0,0.0,1.0,1.0,1.0
tpL7BlR0,flashscore,TR2,2324,2024-03-16,bandirmaspor,eyupspor,2.0,1.0,0.0,6.0,2.0,7.0
K2YeyE17,flashscore,B1,2324,2024-03-17,cercle brugge ksv,rwdm brussels,4.0,0.0,7.0,4.0,11.0,4.0
QaPoby9K,flashscore,B1,2324,2024-03-17,gent,charleroi,0.0,3.0,1.0,3.0,1.0,6.0
8OEjceOQ,flashscore,B1,2324,2024-03-17,leuven,kv mechelen,2.0,4.0,1.0,2.0,3.0,6.0
v75MiZol,flashscore,B1,2324,2024-03-17,westerlo,genk,3.0,2.0,2.0,4.0,5.0,6.0
bgXazYGD,flashscore,B1,2324,2024-03-17,antwerp,royale union sg,1.0,0.0,3.0,3.0,4.0,3.0
n9QsaHgE,flashscore,B1,2324,2024-03-17,st. truiden,club brugge kv,2.0,5.0,2.0,3.0,4.0,8.0
fFL2l4A6,flashscore,D1,2324,2024-03-17,dortmund,eintracht frankfurt,4.0,2.0,4.0,1.0,8.0,3.0
nNwAnruJ,flashscore,D1,2324,2024-03-17,freiburg,bayer leverkusen,0.0,3.0,2.0,5.0,2.0,8.0
IuNAJhcl,flashscore,D2,2324,2024-03-17,hamburger sv,wehen,7.0,0.0,2.0,2.0,9.0,2.0
vkO6KYsr,flashscore,D2,2324,2024-03-17,hertha berlin,schalke,3.0,3.0,5.0,2.0,8.0,5.0
OhhBHWR0,flashscore,D2,2324,2024-03-17,karlsruher sc,magdeburg,3.0,0.0,6.0,4.0,9.0,4.0
lbfQNHcU,flashscore,DK1,2324,2024-03-17,aarhus,hvidovre if,4.0,2.0,3.0,2.0,7.0,4.0
QJVVr1Tu,flashscore,DK1,2324,2024-03-17,brondby,silkeborg,3.0,0.0,2.0,3.0,5.0,3.0
pKxrtaDb,flashscore,DK1,2324,2024-03-17,lyngby,viborg,5.0,0.0,4.0,3.0,9.0,3.0
O4lZsLrn,flashscore,DK1,2324,2024-03-17,midtjylland,vejle,7.0,1.0,2.0,1.0,9.0,2.0
6Twvsubh,flashscore,DK1,2324,2024-03-17,nordsjaelland,randers fc,3.0,3.0,5.0,7.0,8.0,10.0
EgsnuJS4,flashscore,DK1,2324,2024-03-17,odense,fc copenhagen,5.0,4.0,6.0,3.0,11.0,7.0
449M2pqa,flashscore,E0,2324,2024-03-17,west ham,aston villa,4.0,2.0,3.0,8.0,7.0,10.0
8OObwbTs,flashscore,E1,2324,2024-03-17,leeds,millwall,9.0,1.0,4.0,1.0,13.0,2.0
bHHBqcJO,flashscore,F1,2324,2024-03-17,montpellier,psg,4.0,3.0,3.0,1.0,7.0,4.0
rLNrjszs,flashscore,F1,2324,2024-03-17,rennes,marseille,2.0,5.0,2.0,0.0,4.0,5.0
UyQfmuKa,flashscore,F1,2324,2024-03-17,clermont,le havre,3.0,1.0,0.0,4.0,3.0,5.0
joRjlL4g,flashscore,F1,2324,2024-03-17,monaco,lorient,4.0,4.0,6.0,4.0,10.0,8.0
C0FanaZ5,flashscore,F1,2324,2024-03-17,reims,metz,2.0,1.0,5.0,6.0,7.0,7.0
b9Nn8tdP,flashscore,F1,2324,2024-03-17,brest,lille,1.0,1.0,2.0,2.0,3.0,3.0
C2pt1U1h,flashscore,I1,2324,2024-03-17,inter,napoli,1.0,2.0,4.0,5.0,5.0,7.0
nLxgbSoB,flashscore,I1,2324,2024-03-17,as roma,sassuolo,2.0,3.0,2.0,4.0,4.0,7.0
xAV5eQVT,flashscore,I1,2324,2024-03-17,verona,ac milan,2.0,3.0,1.0,2.0,3.0,5.0
jgqp0lHb,flashscore,I1,2324,2024-03-17,juventus,genoa,5.0,2.0,7.0,0.0,12.0,2.0
6kV1Hdyn,flashscore,I2,2324,2024-03-17,ascoli,lecco,3.0,2.0,2.0,2.0,5.0,4.0
YyNFd4nq,flashscore,N1,2324,2024-03-17,psv,twente,2.0,1.0,2.0,6.0,4.0,7.0
2gWq2QOL,flashscore,N1,2324,2024-03-17,sparta rotterdam,ajax,1.0,2.0,1.0,5.0,2.0,7.0
CSLJeO1k,flashscore,N1,2324,2024-03-17,heerenveen,feyenoord,2.0,4.0,1.0,4.0,3.0,8.0
Mc3AIo92,flashscore,N1,2324,2024-03-17,utrecht,nijmegen,2.0,2.0,3.0,2.0,5.0,4.0
Gdzl1pvS,flashscore,N1,2324,2024-03-17,fc volendam,az alkmaar,1.0,1.0,2.0,3.0,3.0,4.0
Qk2drn4i,flashscore,P1,2324,2024-03-17,sporting cp,boavista,1.0,0.0,7.0,1.0,8.0,1.0
bqAAKrCp,flashscore,P1,2324,2024-03-17,casa pia,benfica,1.0,7.0,3.0,6.0,4.0,13.0
h2gDv43G,flashscore,P1,2324,2024-03-17,chaves,vitoria guimaraes,0.0,6.0,3.0,4.0,3.0,10.0
xz9EJ2Rj,flashscore,P1,2324,2024-03-17,moreirense,arouca,1.0,3.0,1.0,0.0,2.0,3.0
48TpagXs,flashscore,RO1,2324,2024-03-17,fcsb,sepsi sf. gheorghe,6.0,1.0,6.0,0.0,12.0,1.0
AwfDn0Lg,flashscore,RO1,2324,2024-03-17,fc hermannstadt,dinamo bucuresti,4.0,0.0,1.0,2.0,5.0,2.0
h4p7Sqac,flashscore,RS1,2324,2024-03-17,napredak,radnicki nis,0.0,3.0,1.0,3.0,1.0,6.0
0UmFQNT9,flashscore,RS1,2324,2024-03-17,zeleznicar pancevo,javor,5.0,1.0,4.0,1.0,9.0,2.0
nRqBR3E3,flashscore,RS1,2324,2024-03-17,crvena zvezda,radnicki 1923,4.0,0.0,3.0,0.0,7.0,0.0
EDo3TPqi,flashscore,RS1,2324,2024-03-17,mladost,partizan,1.0,5.0,2.0,4.0,3.0,9.0
ncjXgir7,flashscore,SP1,2324,2024-03-17,atl. madrid,barcelona,4.0,2.0,3.0,1.0,7.0,3.0
zJWRFY4Q,flashscore,SP1,2324,2024-03-17,rayo vallecano,betis,0.0,2.0,4.0,6.0,4.0,8.0
tdXNGEkK,flashscore,SP1,2324,2024-03-17,las palmas,almeria,4.0,2.0,7.0,1.0,11.0,3.0
YgC29Wsf,flashscore,SP1,2324,2024-03-17,villarreal,valencia,1.0,1.0,5.0,1.0,6.0,2.0
f3DbACSm,flashscore,SP1,2324,2024-03-17,sevilla,celta vigo,1.0,8.0,2.0,0.0,3.0,8.0
04KGoB00,flashscore,SW1,2324,2024-03-17,lausanne,young boys,2.0,4.0,4.0,3.0,6.0,7.0
veJKpVF6,flashscore,SW1,2324,2024-03-17,luzern,servette,3.0,1.0,5.0,5.0,8.0,6.0
rTPBniof,flashscore,SW1,2324,2024-03-17,zurich,lausanne ouchy,6.0,1.0,1.0,4.0,7.0,5.0
rDDE2dfm,flashscore,TR1,2324,2024-03-17,trabzonspor,fenerbahce,6.0,2.0,4.0,0.0,10.0,2.0
dMvdpFvJ,flashscore,TR1,2324,2024-03-17,hatayspor,samsunspor,0.0,4.0,0.0,3.0,0.0,7.0
IVuhoePC,flashscore,TR1,2324,2024-03-17,kasimpasa,galatasaray,2.0,2.0,0.0,2.0,2.0,4.0
YwOv9bHJ,flashscore,TR1,2324,2024-03-17,rizespor,gaziantep,4.0,2.0,2.0,6.0,6.0,8.0
O8ACA8t7,flashscore,TR2,2324,2024-03-17,sakaryaspor,altay,1.0,2.0,4.0,1.0,5.0,3.0
0S0NWbc9,flashscore,TR2,2324,2024-03-17,giresunspor,sanliurfaspor,1.0,7.0,2.0,3.0,3.0,10.0
651JXvr3,flashscore,TR2,2324,2024-03-17,umraniyespor,adanaspor as,3.0,2.0,4.0,3.0,7.0,5.0
vJaRVICF,flashscore,TR2,2324,2024-03-17,bodrumspor,boluspor,2.0,0.0,7.0,5.0,9.0,5.0
StH3CUBf,flashscore,TR2,2324,2024-03-17,erzurumspor,tuzlaspor,0.0,0.0,0.0,1.0,0.0,1.0
GzcLpvj6,flashscore,RO1,2324,2024-03-18,petrolul,u craiova 1948,4.0,0.0,4.0,2.0,8.0,2.0
MDcHoKz0,flashscore,RO1,2324,2024-03-18,uta arad,fc voluntari,0.0,3.0,1.0,2.0,1.0,5.0
4n6YqgCq,flashscore,B1,2324,2024-03-29,gent,st. liege,0.0,0.0,4.0,2.0,4.0,2.0
Aoznle88,flashscore,B2,2324,2024-03-29,beerschot va,genk u23,5.0,2.0,1.0,0.0,6.0,2.0
fwhaQiG1,flashscore,B2,2324,2024-03-29,club brugge kv u23,dender,2.0,2.0,4.0,1.0,6.0,3.0
hEcefYJu,flashscore,E1,2324,2024-03-29,watford,leeds,6.0,1.0,2.0,4.0,8.0,5.0
l2WgmZd6,flashscore,E1,2324,2024-03-29,blackburn,ipswich,2.0,1.0,7.0,0.0,9.0,1.0
84KHwJc6,flashscore,E1,2324,2024-03-29,cardiff,sunderland,0.0,3.0,5.0,3.0,5.0,6.0
YkY5pXtP,flashscore,E1,2324,2024-03-29,huddersfield,coventry,4.0,1.0,6.0,3.0,10.0,4.0
YZeQtFkt,flashscore,E1,2324,2024-03-29,hull,stoke,3.0,4.0,5.0,1.0,8.0,5.0
OOlwvDZb,flashscore,E1,2324,2024-03-29,norwich,plymouth,9.0,1.0,4.0,2.0,13.0,3.0
xShswXl5,flashscore,E1,2324,2024-03-29,preston,rotherham,2.0,0.0,0.0,2.0,2.0,2.0
AuikyBJH,flashscore,E1,2324,2024-03-29,qpr,birmingham,3.0,1.0,3.0,1.0,6.0,2.0
jT9MxwDC,flashscore,E1,2324,2024-03-29,sheffield wed,swansea,2.0,0.0,1.0,4.0,3.0,4.0
x2NozVYN,flashscore,E1,2324,2024-03-29,southampton,middlesbrough,3.0,3.0,5.0,2.0,8.0,5.0
290UuZ4n,flashscore,E1,2324,2024-03-29,millwall,west brom,4.0,2.0,2.0,2.0,6.0,4.0
ShVcngCC,flashscore,E1,2324,2024-03-29,bristol city,leicester,3.0,2.0,2.0,4.0,5.0,6.0
j72R0bla,flashscore,F1,2324,2024-03-29,lille,lens,1.0,2.0,4.0,3.0,5.0,5.0
8hMbj12S,flashscore,P1,2324,2024-03-29,estrela,sporting cp,3.0,3.0,0.0,4.0,3.0,7.0
08GvePmc,flashscore,P1,2324,2024-03-29,benfica,chaves,6.0,2.0,5.0,0.0,11.0,2.0
p0YiXLej,flashscore,P1,2324,2024-03-29,gil vicente,famalicao,0.0,4.0,2.0,1.0,2.0,5.0
pOO5fVoD,flashscore,RO1,2324,2024-03-29,sepsi sf. gheorghe,cfr cluj,1.0,5.0,3.0,3.0,4.0,8.0
4dwG6LCP,flashscore,RO1,2324,2024-03-29,fc voluntari,fc hermannstadt,2.0,2.0,1.0,4.0,3.0,6.0
U9ySNLDS,flashscore,RS1,2324,2024-03-29,imt novi beograd,zeleznicar pancevo,0.0,0.0,1.0,3.0,1.0,3.0
Kv4luNr3,flashscore,RS1,2324,2024-03-29,tsc,vozdovac,0.0,2.0,1.0,1.0,1.0,3.0
MqxOO1bM,flashscore,RS1,2324,2024-03-29,radnik,vojvodina,2.0,0.0,0.0,3.0,2.0,3.0
xGbgvsb9,flashscore,RS1,2324,2024-03-29,cukaricki,novi pazar,2.0,0.0,3.0,3.0,5.0,3.0
Oddwe0wI,flashscore,SA1,2324,2024-03-29,al ettifaq,al ahli sc,4.0,2.0,1.0,9.0,5.0,11.0
K4aMbrvg,flashscore,SA1,2324,2024-03-29,al ittihad,al fayha,0.0,1.0,1.0,1.0,1.0,2.0
AghZetOB,flashscore,SA1,2324,2024-03-29,al okhdood,al raed,1.0,1.0,4.0,2.0,5.0,3.0
lv4Qc2ga,flashscore,SA1,2324,2024-03-29,al taawon,al hazem,2.0,3.0,3.0,1.0,5.0,4.0
IJesfKhO,flashscore,SA1,2324,2024-03-29,damac,al khaleej,4.0,4.0,4.0,0.0,8.0,4.0
lMd1UXJJ,flashscore,SP1,2324,2024-03-29,cadiz cf,granada cf,3.0,0.0,2.0,2.0,5.0,2.0
E3MjxjdF,flashscore,B1,2324,2024-03-30,anderlecht,antwerp,1.0,2.0,3.0,1.0,4.0,3.0
rw5xqDRk,flashscore,B1,2324,2024-03-30,leuven,kv mechelen,1.0,6.0,6.0,1.0,7.0,7.0
2uDKXZNR,flashscore,B2,2324,2024-03-30,deinze,waregem,1.0,2.0,3.0,5.0,4.0,7.0
8td3PBV7,flashscore,B2,2324,2024-03-30,st. liege u23,k. lierse s.k.,3.0,3.0,5.0,3.0,8.0,6.0
lxZkmFNE,flashscore,B2,2324,2024-03-30,anderlecht u23,francs borains,3.0,3.0,2.0,0.0,5.0,3.0
lj0u2Nv6,flashscore,D1,2324,2024-03-30,bayern munich,dortmund,2.0,2.0,5.0,2.0,7.0,4.0
8hGt019I,flashscore,D1,2324,2024-03-30,bayer leverkusen,hoffenheim,2.0,0.0,7.0,2.0,9.0,2.0
0n3SN41P,flashscore,D1,2324,2024-03-30,b. monchengladbach,freiburg,6.0,0.0,8.0,1.0,14.0,1.0
nqFpaLOO,flashscore,D1,2324,2024-03-30,eintracht frankfurt,union berlin,3.0,0.0,3.0,2.0,6.0,2.0
Staq1sfC,flashscore,D1,2324,2024-03-30,rb leipzig,mainz,4.0,0.0,8.0,2.0,12.0,2.0
x8ffJO9t,flashscore,D1,2324,2024-03-30,werder bremen,wolfsburg,3.0,4.0,0.0,2.0,3.0,6.0
QLEtXBRm,flashscore,D2,2324,2024-03-30,hertha berlin,nurnberg,1.0,1.0,4.0,1.0,5.0,2.0
KvbqiXIJ,flashscore,D2,2324,2024-03-30,braunschweig,elversberg,3.0,2.0,3.0,2.0,6.0,4.0
WIHlVkd0,flashscore,D2,2324,2024-03-30,holstein kiel,hansa rostock,6.0,2.0,1.0,2.0,7.0,4.0
A9GhU9B6,flashscore,D2,2324,2024-03-30,kaiserslautern,dusseldorf,4.0,2.0,4.0,1.0,8.0,3.0
U5ierGcp,flashscore,E0,2324,2024-03-30,brentford,manchester utd,9.0,1.0,5.0,3.0,14.0,4.0
jLBYarTH,flashscore,E0,2324,2024-03-30,aston villa,wolves,1.0,2.0,4.0,2.0,5.0,4.0
CUCU0ODB,flashscore,E0,2324,2024-03-30,bournemouth,everton,5.0,4.0,4.0,4.0,9.0,8.0
8djaszDj,flashscore,E0,2324,2024-03-30,chelsea,burnley,7.0,2.0,5.0,2.0,12.0,4.0
dIWg3HZ9,flashscore,E0,2324,2024-03-30,nottingham,crystal palace,2.0,3.0,2.0,3.0,4.0,6.0
Qiyb2ykG,flashscore,E0,2324,2024-03-30,sheffield utd,fulham,1.0,2.0,1.0,13.0,2.0,15.0
4rz21e4M,flashscore,E0,2324,2024-03-30,tottenham,luton,2.0,3.0,1.0,3.0,3.0,6.0
IRXk4cK3,flashscore,E0,2324,2024-03-30,newcastle,west ham,1.0,2.0,2.0,2.0,3.0,4.0
Uc1VaI35,flashscore,F1,2324,2024-03-30,lyon,reims,5.0,2.0,2.0,6.0,7.0,8.0
IXCodz3U,flashscore,F1,2324,2024-03-30,metz,monaco,2.0,0.0,3.0,5.0,5.0,5.0
j7OIEmWi,flashscore,I1,2324,2024-03-30,fiorentina,ac milan,2.0,3.0,5.0,2.0,7.0,5.0
tdHVBoGA,flashscore,I1,2324,2024-03-30,lazio,juventus,3.0,1.0,4.0,1.0,7.0,2.0
YVDND7ob,flashscore,I1,2324,2024-03-30,genoa,frosinone,2.0,7.0,1.0,1.0,3.0,8.0
YgdA438p,flashscore,I1,2324,2024-03-30,torino,monza,4.0,2.0,3.0,0.0,7.0,2.0
2B5vAPpN,flashscore,I1,2324,2024-03-30,napoli,atalanta,2.0,2.0,5.0,3.0,7.0,5.0
jyG7fZMC,flashscore,N1,2324,2024-03-30,az alkmaar,vitesse,5.0,0.0,4.0,6.0,9.0,6.0
GUZoIxFJ,flashscore,N1,2324,2024-03-30,g.a. eagles,excelsior,1.0,2.0,3.0,3.0,4.0,5.0
dEG3eF76,flashscore,N1,2324,2024-03-30,waalwijk,heerenveen,1.0,2.0,3.0,4.0,4.0,6.0
hMJnac8s,flashscore,N1,2324,2024-03-30,sparta rotterdam,sittard,6.0,1.0,3.0,3.0,9.0,4.0
0nNfcywf,flashscore,N1,2324,2024-03-30,nijmegen,psv,1.0,3.0,0.0,4.0,1.0,7.0
fkIfismM,flashscore,P1,2324,2024-03-30,estoril,fc porto,0.0,6.0,1.0,4.0,1.0,10.0
CQSkhNXF,flashscore,P1,2324,2024-03-30,boavista,rio ave,1.0,0.0,1.0,5.0,2.0,5.0
vaFrfq33,flashscore,P1,2324,2024-03-30,arouca,sc farense,10.0,1.0,3.0,3.0,13.0,4.0
YZTog3I9,flashscore,P1,2324,2024-03-30,vitoria guimaraes,moreirense,6.0,1.0,1.0,1.0,7.0,2.0
6XP1eBW6,flashscore,RO1,2324,2024-03-30,univ. craiova,fc rapid bucuresti,1.0,4.0,1.0,4.0,2.0,8.0
tIUs2uLt,flashscore,RO1,2324,2024-03-30,u. cluj,uta arad,5.0,1.0,6.0,1.0,11.0,2.0
fRePqb5C,flashscore,RO1,2324,2024-03-30,fc botosani,poli iasi,5.0,2.0,3.0,3.0,8.0,5.0
tl5pt3Td,flashscore,RS1,2324,2024-03-30,partizan,sp. subotica,1.0,2.0,0.0,11.0,1.0,13.0
WINgJuMq,flashscore,RS1,2324,2024-03-30,javor,crvena zvezda,1.0,2.0,7.0,6.0,8.0,8.0
EsDbIayj,flashscore,RS1,2324,2024-03-30,radnicki 1923,napredak,4.0,1.0,2.0,6.0,6.0,7.0
SpH2HJjd,flashscore,RS1,2324,2024-03-30,radnicki nis,mladost,0.0,3.0,3.0,0.0,3.0,3.0
SU2UdM85,flashscore,SA1,2324,2024-03-30,al nassr,al taee,1.0,0.0,6.0,4.0,7.0,4.0
KKmpENwt,flashscore,SA1,2324,2024-03-30,al riyadh,abha,4.0,0.0,3.0,1.0,7.0,1.0
dAfogv8U,flashscore,SA1,2324,2024-03-30,al shabab,al hilal,2.0,6.0,3.0,4.0,5.0,10.0
tE0IaOOn,flashscore,SA1,2324,2024-03-30,al wehda,al fateh,4.0,6.0,4.0,1.0,8.0,7.0
063J5lsJ,flashscore,SP1,2324,2024-03-30,barcelona,las palmas,4.0,1.0,2.0,0.0,6.0,1.0
vDjoKmdC,flashscore,SP1,2324,2024-03-30,valencia,mallorca,1.0,1.0,2.0,2.0,3.0,3.0
MF4F6URC,flashscore,SP1,2324,2024-03-30,almeria,osasuna,2.0,0.0,4.0,1.0,6.0,1.0
YgYXOBss,flashscore,SP1,2324,2024-03-30,getafe,sevilla,0.0,3.0,7.0,0.0,7.0,3.0
pWOzi6xt,flashscore,SW1,2324,2024-03-30,basel,zurich,1.0,3.0,3.0,5.0,4.0,8.0
YHIOqkVC,flashscore,SW1,2324,2024-03-30,lausanne ouchy,lugano,1.0,1.0,3.0,2.0,4.0,3.0
phMSr9pJ,flashscore,SW1,2324,2024-03-30,winterthur,servette,1.0,6.0,0.0,4.0,1.0,10.0
x04trXtd,flashscore,B1,2324,2024-03-31,st. truiden,westerlo,3.0,0.0,4.0,3.0,7.0,3.0
MPgiSDok,flashscore,B2,2324,2024-03-31,rfc liege,beveren,3.0,3.0,1.0,2.0,4.0,5.0
4lanTgWr,flashscore,B2,2324,2024-03-31,patro eisden,lommel sk,4.0,1.0,3.0,5.0,7.0,6.0
0GheRX0e,flashscore,B2,2324,2024-03-31,seraing,oostende,3.0,4.0,2.0,3.0,5.0,7.0
KWqaIrPn,flashscore,D1,2324,2024-03-31,bochum,darmstadt,2.0,1.0,4.0,4.0,6.0,5.0
Sdm7GMga,flashscore,D1,2324,2024-03-31,stuttgart,heidenheim,3.0,2.0,3.0,5.0,6.0,7.0
bNr3H2vg,flashscore,D1,2324,2024-03-31,augsburg,fc koln,5.0,4.0,7.0,2.0,12.0,6.0
6yA1SmtJ,flashscore,D2,2324,2024-03-31,greuther furth,hamburger sv,1.0,2.0,2.0,5.0,3.0,7.0
SpBcTTQC,flashscore,D2,2324,2024-03-31,magdeburg,hannover,0.0,3.0,4.0,2.0,4.0,5.0
rcPyYiCs,flashscore,D2,2324,2024-03-31,schalke,karlsruher sc,5.0,4.0,1.0,5.0,6.0,9.0
xdIpWVtf,flashscore,D2,2324,2024-03-31,st. pauli,paderborn,1.0,0.0,0.0,3.0,1.0,3.0
Ys2mjiYP,flashscore,D2,2324,2024-03-31,wehen,vfl osnabruck,2.0,2.0,10.0,0.0,12.0,2.0
d0RDgbhG,flashscore,DK1,2324,2024-03-31,viborg,hvidovre if,3.0,5.0,1.0,4.0,4.0,9.0
Eyx9fvwA,flashscore,DK1,2324,2024-03-31,randers fc,lyngby,2.0,5.0,2.0,3.0,4.0,8.0
z3ro5w5c,flashscore,E0,2324,2024-03-31,manchester city,arsenal,2.0,2.0,5.0,2.0,7.0,4.0
Mavs6Jki,flashscore,E0,2324,2024-03-31,liverpool,brighton,4.0,2.0,4.0,2.0,8.0,4.0
fu9I2KJn,flashscore,F1,2324,2024-03-31,marseille,psg,2.0,1.0,3.0,2.0,5.0,3.0
0I9E304t,flashscore,F1,2324,2024-03-31,strasbourg,rennes,0.0,1.0,4.0,4.0,4.0,5.0
xO4wbdYH,flashscore,F1,2324,2024-03-31,clermont,toulouse,9.0,0.0,3.0,3.0,12.0,3.0
KnfrcGmO,flashscore,F1,2324,2024-03-31,le havre,montpellier,3.0,3.0,3.0,3.0,6.0,6.0
bX5ZbxJB,flashscore,F1,2324,2024-03-31,nice,nantes,1.0,2.0,8.0,1.0,9.0,3.0
8rDM1vZh,flashscore,F1,2324,2024-03-31,lorient,brest,5.0,1.0,1.0,3.0,6.0,4.0
UREBggxJ,flashscore,N1,2324,2024-03-31,almere city,fc volendam,1.0,4.0,3.0,3.0,4.0,7.0
fLYkHdUP,flashscore,N1,2324,2024-03-31,feyenoord,utrecht,8.0,1.0,2.0,0.0,10.0,1.0
MeOjbHNm,flashscore,N1,2324,2024-03-31,twente,heracles,6.0,1.0,3.0,2.0,9.0,3.0
rBCadeh0,flashscore,N1,2324,2024-03-31,zwolle,ajax,2.0,1.0,0.0,0.0,2.0,1.0
b3xdWuBd,flashscore,P1,2324,2024-03-31,vizela,casa pia,3.0,2.0,3.0,1.0,6.0,3.0
ldVddiH0,flashscore,RO1,2324,2024-03-31,farul constanta,fcsb,1.0,3.0,1.0,2.0,2.0,5.0
C2jUrIKI,flashscore,RO1,2324,2024-03-31,u craiova 1948,otelul,2.0,3.0,4.0,5.0,6.0,8.0
tKytNkCg,flashscore,SP1,2324,2024-03-31,real madrid,ath bilbao,2.0,5.0,2.0,2.0,4.0,7.0
ncxxOVdm,flashscore,SP1,2324,2024-03-31,alaves,real sociedad,1.0,4.0,2.0,4.0,3.0,8.0
0MisLTt6,flashscore,SP1,2324,2024-03-31,girona,betis,2.0,1.0,3.0,3.0,5.0,4.0
SCe5TiZP,flashscore,SP1,2324,2024-03-31,celta vigo,rayo vallecano,3.0,1.0,0.0,1.0,3.0,2.0
6wJrvCR2,flashscore,B1,2324,2024-04-01,genk,royale union sg,1.0,3.0,1.0,6.0,2.0,9.0
pUHnwWt9,flashscore,B1,2324,2024-04-01,cercle brugge ksv,club brugge kv,0.0,2.0,0.0,6.0,0.0,8.0
6Hk6JQAn,flashscore,DK1,2324,2024-04-01,silkeborg,aarhus,1.0,3.0,5.0,3.0,6.0,6.0
Oh01K6et,flashscore,DK1,2324,2024-04-01,midtjylland,nordsjaelland,6.0,3.0,3.0,2.0,9.0,5.0
MqEZOnmP,flashscore,DK1,2324,2024-04-01,fc copenhagen,brondby,4.0,2.0,3.0,1.0,7.0,3.0
zcgGkAYA,flashscore,E1,2324,2024-04-01,leeds,hull,3.0,1.0,1.0,2.0,4.0,3.0
SWk8iW3b,flashscore,E1,2324,2024-04-01,ipswich,southampton,0.0,1.0,0.0,6.0,0.0,7.0
6H1aghZo,flashscore,E1,2324,2024-04-01,birmingham,preston,0.0,0.0,0.0,0.0,0.0,0.0
UJ8QycSI,flashscore,E1,2324,2024-04-01,coventry,cardiff,1.0,2.0,5.0,1.0,6.0,3.0
SUAlX1Iq,flashscore,E1,2324,2024-04-01,middlesbrough,sheffield wed,5.0,2.0,6.0,3.0,11.0,5.0
0r9dVumd,flashscore,E1,2324,2024-04-01,plymouth,bristol city,7.0,3.0,2.0,3.0,9.0,6.0
x0hufPPd,flashscore,E1,2324,2024-04-01,rotherham,millwall,1.0,2.0,1.0,9.0,2.0,11.0
ADjmh3f9,flashscore,E1,2324,2024-04-01,stoke,huddersfield,3.0,3.0,3.0,4.0,6.0,7.0
OGfiiN9F,flashscore,E1,2324,2024-04-01,sunderland,blackburn,3.0,1.0,0.0,2.0,3.0,3.0
IZ180t5J,flashscore,E1,2324,2024-04-01,swansea,qpr,3.0,2.0,4.0,2.0,7.0,4.0
pWr0k1vS,flashscore,E1,2324,2024-04-01,west brom,watford,5.0,1.0,2.0,2.0,7.0,3.0
ILrLlUmH,flashscore,E1,2324,2024-04-01,leicester,norwich,6.0,2.0,3.0,0.0,9.0,2.0
CMCRCR04,flashscore,I1,2324,2024-04-01,inter,empoli,2.0,3.0,6.0,3.0,8.0,6.0
KnGZA5VG,flashscore,I1,2324,2024-04-01,lecce,as roma,5.0,1.0,3.0,3.0,8.0,4.0
hM5FFTGo,flashscore,I1,2324,2024-04-01,cagliari,verona,2.0,1.0,5.0,1.0,7.0,2.0
GE9r9q0T,flashscore,I1,2324,2024-04-01,sassuolo,udinese,4.0,0.0,6.0,1.0,10.0,1.0
vJHXjpvo,flashscore,I1,2324,2024-04-01,bologna,salernitana,2.0,2.0,3.0,1.0,5.0,3.0
IDz5PBZM,flashscore,I2,2324,2024-04-01,sampdoria,ternana,5.0,4.0,5.0,2.0,10.0,6.0
t8qpUZKi,flashscore,I2,2324,2024-04-01,cremonese,feralpisalo,3.0,0.0,8.0,1.0,11.0,1.0
2HptVF5o,flashscore,I2,2324,2024-04-01,como,sudtirol,5.0,0.0,3.0,5.0,8.0,5.0
UF4APDrd,flashscore,I2,2324,2024-04-01,cosenza,brescia,2.0,2.0,5.0,2.0,7.0,4.0
lYrlTgzb,flashscore,I2,2324,2024-04-01,lecco,cittadella,2.0,1.0,2.0,2.0,4.0,3.0
AmXdRX4A,flashscore,I2,2324,2024-04-01,parma,catanzaro,4.0,2.0,4.0,3.0,8.0,5.0
Ojy1QiKG,flashscore,I2,2324,2024-04-01,pisa,palermo,2.0,1.0,7.0,0.0,9.0,1.0
d4Z8OVlT,flashscore,I2,2324,2024-04-01,spezia,ascoli,0.0,2.0,4.0,2.0,4.0,4.0
xbHyKkcp,flashscore,I2,2324,2024-04-01,venezia,reggiana,3.0,4.0,4.0,2.0,7.0,6.0
SOshSDk4,flashscore,I2,2324,2024-04-01,modena,bari,2.0,1.0,0.0,2.0,2.0,3.0
jwZmY1tp,flashscore,P1,2324,2024-04-01,portimonense,braga,2.0,2.0,2.0,4.0,4.0,6.0
jgkYsxzP,flashscore,RO1,2324,2024-04-01,dinamo bucuresti,petrolul,0.0,1.0,0.0,1.0,0.0,2.0
l0u1Auw5,flashscore,SA1,2324,2024-04-01,al ahli sc,al ittihad,0.0,1.0,1.0,7.0,1.0,8.0
hYohC18h,flashscore,SA1,2324,2024-04-01,al hazem,damac,2.0,5.0,1.0,1.0,3.0,6.0
Sjv59ahB,flashscore,SA1,2324,2024-04-01,al raed,al khaleej,1.0,1.0,4.0,1.0,5.0,2.0
KAzpM9Ra,flashscore,SP1,2324,2024-04-01,villarreal,atl. madrid,2.0,2.0,1.0,1.0,3.0,3.0
hdSrkp7h,flashscore,SW1,2324,2024-04-01,grasshoppers,lausanne,1.0,7.0,5.0,2.0,6.0,9.0
WnRnl4Mb,flashscore,SW1,2324,2024-04-01,st. gallen,luzern,4.0,0.0,3.0,3.0,7.0,3.0
OMNvjQin,flashscore,SW1,2324,2024-04-01,yverdon,young boys,1.0,2.0,1.0,6.0,2.0,8.0
YPlsxWMr,flashscore,DK1,2324,2024-04-02,odense,vejle,1.0,3.0,4.0,2.0,5.0,5.0
dWBSHGl3,flashscore,E0,2324,2024-04-02,west ham,tottenham,6.0,3.0,3.0,2.0,9.0,5.0
n7P60FJS,flashscore,E0,2324,2024-04-02,bournemouth,crystal palace,5.0,0.0,4.0,2.0,9.0,2.0
tOTufDdd,flashscore,E0,2324,2024-04-02,burnley,wolves,1.0,3.0,6.0,1.0,7.0,4.0
4dFzGfJF,flashscore,E0,2324,2024-04-02,newcastle,everton,4.0,0.0,3.0,3.0,7.0,3.0
IuDOIdZd,flashscore,E0,2324,2024-04-02,nottingham,fulham,3.0,1.0,0.0,7.0,3.0,8.0
C0LHCGxs,flashscore,N1,2324,2024-04-02,sittard,nijmegen,6.0,2.0,3.0,0.0,9.0,2.0
x86s7C6I,flashscore,N1,2324,2024-04-02,excelsior,psv,1.0,6.0,0.0,6.0,1.0,12.0
Q3PLBzhm,flashscore,N1,2324,2024-04-02,vitesse,sparta rotterdam,4.0,1.0,4.0,3.0,8.0,4.0
jNfUufZD,flashscore,RS1,2324,2024-04-02,zeleznicar pancevo,radnik,5.0,0.0,1.0,2.0,6.0,2.0
G6ccw1DF,flashscore,RS1,2324,2024-04-02,vojvodina,cukaricki,1.0,0.0,3.0,3.0,4.0,3.0
82LQLYsr,flashscore,RS1,2324,2024-04-02,novi pazar,tsc,1.0,2.0,1.0,2.0,2.0,4.0
zHsD7wNN,flashscore,SA1,2324,2024-04-02,abha,al nassr,1.0,4.0,1.0,4.0,2.0,8.0
6yjdBLNb,flashscore,SA1,2324,2024-04-02,al fayha,al wehda,2.0,1.0,4.0,2.0,6.0,3.0
IuXH6cxU,flashscore,SA1,2324,2024-04-02,al hilal,al okhdood,9.0,3.0,2.0,1.0,11.0,4.0
dQr98J7H,flashscore,SA1,2324,2024-04-02,al taee,al taawon,6.0,4.0,0.0,5.0,6.0,9.0
EBGimOy5,flashscore,SW1,2324,2024-04-02,lugano,basel,8.0,0.0,1.0,4.0,9.0,4.0
hCM0Egga,flashscore,TR1,2324,2024-04-02,antalyaspor,ankaragucu,0.0,6.0,3.0,3.0,3.0,9.0
Ch1Rafv6,flashscore,TR1,2324,2024-04-02,galatasaray,hatayspor,3.0,2.0,5.0,3.0,8.0,5.0
nBgvchOO,flashscore,TR1,2324,2024-04-02,gaziantep,alanyaspor,5.0,2.0,2.0,1.0,7.0,3.0
jcu4DD85,flashscore,TR1,2324,2024-04-02,istanbulspor as,rizespor,2.0,3.0,0.0,3.0,2.0,6.0
StwZR9Bs,flashscore,TR2,2324,2024-04-02,manisa fk,bodrumspor,2.0,5.0,2.0,2.0,4.0,7.0
U5cbYBYD,flashscore,TR2,2324,2024-04-02,boluspor,genclerbirligi,3.0,1.0,3.0,3.0,6.0,4.0
M3xwRTQm,flashscore,TR2,2324,2024-04-02,keciorengucu,corum,3.0,2.0,2.0,2.0,5.0,4.0
8dd2XVmK,flashscore,TR2,2324,2024-04-02,sanliurfaspor,sakaryaspor,2.0,1.0,3.0,3.0,5.0,4.0
QB3qEYmS,flashscore,E0,2324,2024-04-03,manchester city,aston villa,1.0,1.0,1.0,2.0,2.0,3.0
8AVXeZRq,flashscore,E0,2324,2024-04-03,arsenal,luton,2.0,0.0,1.0,1.0,3.0,1.0
2XUyegsj,flashscore,E0,2324,2024-04-03,brentford,brighton,0.0,4.0,1.0,1.0,1.0,5.0
fqHx8hiC,flashscore,N1,2324,2024-04-03,heerenveen,twente,2.0,3.0,1.0,1.0,3.0,4.0
GhIY8Yy6,flashscore,N1,2324,2024-04-03,utrecht,zwolle,3.0,0.0,2.0,0.0,5.0,0.0
8SEQAf7g,flashscore,N1,2324,2024-04-03,heracles,az alkmaar,0.0,3.0,4.0,3.0,4.0,6.0
lIGoHAdD,flashscore,RS1,2324,2024-04-03,crvena zvezda,imt novi beograd,2.0,4.0,5.0,3.0,7.0,7.0
21EZJCCf,flashscore,RS1,2324,2024-04-03,sp. subotica,radnicki nis,4.0,4.0,5.0,0.0,9.0,4.0
KxPUKhcl,flashscore,RS1,2324,2024-04-03,vozdovac,partizan,2.0,2.0,2.0,2.0,4.0,4.0
thDwJWR0,flashscore,RS1,2324,2024-04-03,mladost,radnicki 1923,1.0,2.0,2.0,3.0,3.0,5.0
bBnlDsgn,flashscore,SA1,2324,2024-04-03,al fateh,al ettifaq,3.0,3.0,5.0,1.0,8.0,4.0
vqwq2Hpo,flashscore,SA1,2324,2024-04-03,al shabab,al riyadh,1.0,1.0,4.0,2.0,5.0,3.0
SEKenriB,flashscore,SW1,2324,2024-04-03,servette,lausanne ouchy,3.0,0.0,6.0,0.0,9.0,0.0
MyKao26H,flashscore,SW1,2324,2024-04-03,zurich,winterthur,2.0,4.0,4.0,2.0,6.0,6.0
0EsMLy1P,flashscore,TR1,2324,2024-04-03,fenerbahce,adana demirspor,4.0,1.0,0.0,1.0,4.0,2.0
Y7kzbY8I,flashscore,TR1,2324,2024-04-03,kayserispor,kasimpasa,2.0,2.0,4.0,2.0,6.0,4.0
KbOhGFOn,flashscore,TR1,2324,2024-04-03,konyaspor,trabzonspor,1.0,3.0,5.0,1.0,6.0,4.0
2NTmHe9t,flashscore,TR1,2324,2024-04-03,sivasspor,karagumruk,4.0,2.0,2.0,5.0,6.0,7.0
0fysQmtf,flashscore,TR2,2324,2024-04-03,altay,bandirmaspor,1.0,4.0,0.0,2.0,1.0,6.0
dMUkORA6,flashscore,TR2,2324,2024-04-03,kocaelispor,goztepe,1.0,2.0,3.0,0.0,4.0,2.0
IVVoP7e0,flashscore,TR2,2324,2024-04-03,adanaspor as,eyupspor,2.0,7.0,1.0,6.0,3.0,13.0
jLo7Wk3Q,flashscore,TR2,2324,2024-04-03,tuzlaspor,umraniyespor,3.0,2.0,5.0,1.0,8.0,3.0
jgBWGz49,flashscore,E0,2324,2024-04-04,chelsea,manchester utd,5.0,1.0,7.0,2.0,12.0,3.0
nL4uFEYL,flashscore,E0,2324,2024-04-04,liverpool,sheffield utd,3.0,1.0,10.0,0.0,13.0,1.0
nJDU9EMa,flashscore,N1,2324,2024-04-04,ajax,g.a. eagles,1.0,2.0,1.0,4.0,2.0,6.0
lrAo6WLO,flashscore,N1,2324,2024-04-04,waalwijk,almere city,4.0,3.0,1.0,3.0,5.0,6.0
2obTUFbP,flashscore,N1,2324,2024-04-04,fc volendam,feyenoord,0.0,2.0,0.0,4.0,0.0,6.0
ARHsIjs7,flashscore,RS1,2324,2024-04-04,napredak,javor,1.0,3.0,3.0,1.0,4.0,4.0
YiLZl50A,flashscore,SP1,2324,2024-04-04,granada cf,valencia,2.0,2.0,3.0,2.0,5.0,4.0
0SI3pMLN,flashscore,SW1,2324,2024-04-04,lausanne,st. gallen,5.0,6.0,4.0,0.0,9.0,6.0
Slk0qtyU,flashscore,SW1,2324,2024-04-04,luzern,yverdon,2.0,0.0,5.0,6.0,7.0,6.0
UcySv0qo,flashscore,SW1,2324,2024-04-04,young boys,grasshoppers,2.0,4.0,0.0,4.0,2.0,8.0
bkNdFZwg,flashscore,TR1,2324,2024-04-04,basaksehir,besiktas,3.0,3.0,6.0,1.0,9.0,4.0
jq0VbEgC,flashscore,TR1,2324,2024-04-04,samsunspor,pendikspor,3.0,3.0,7.0,6.0,10.0,9.0
jqUgNoQC,flashscore,TR2,2324,2024-04-04,erzurumspor,giresunspor,3.0,0.0,2.0,0.0,5.0,0.0
OGQsn1aR,flashscore,B1,2324,2024-04-05,kv mechelen,st. truiden,4.0,0.0,1.0,4.0,5.0,4.0
pS6swVa7,flashscore,B2,2324,2024-04-05,beveren,anderlecht u23,2.0,3.0,1.0,3.0,3.0,6.0
zgXcoghR,flashscore,B2,2324,2024-04-05,waregem,patro eisden,0.0,2.0,3.0,2.0,3.0,4.0
hr3mdh8p,flashscore,D1,2324,2024-04-05,eintracht frankfurt,werder bremen,3.0,0.0,6.0,0.0,9.0,0.0
0bVzsmeC,flashscore,D2,2324,2024-04-05,hansa rostock,wehen,3.0,1.0,2.0,4.0,5.0,5.0
QuwOqkBg,flashscore,D2,2324,2024-04-05,paderborn,hertha berlin,5.0,1.0,4.0,2.0,9.0,3.0
tjloyjxk,flashscore,DK1,2324,2024-04-05,lyngby,odense,6.0,3.0,1.0,5.0,7.0,8.0
GYcDdIoe,flashscore,E1,2324,2024-04-05,rotherham,plymouth,1.0,4.0,3.0,5.0,4.0,9.0
UBt4EHIb,flashscore,F1,2324,2024-04-05,lille,marseille,3.0,1.0,1.0,1.0,4.0,2.0
nHKw6Gqk,flashscore,I1,2324,2024-04-05,salernitana,sassuolo,1.0,2.0,3.0,7.0,4.0,9.0
Ui4Nsgki,flashscore,I2,2324,2024-04-05,bari,cremonese,5.0,2.0,2.0,0.0,7.0,2.0
0j1wqJf2,flashscore,P1,2324,2024-04-05,sc farense,boavista,3.0,3.0,2.0,9.0,5.0,12.0
fg6dHhgQ,flashscore,RO1,2324,2024-04-05,sepsi sf. gheorghe,farul constanta,5.0,0.0,4.0,2.0,9.0,2.0
OtKn1azm,flashscore,RO1,2324,2024-04-05,uta arad,fc botosani,5.0,0.0,2.0,2.0,7.0,2.0
hnRQQ0No,flashscore,SA1,2324,2024-04-05,al ittihad,al taawon,6.0,1.0,4.0,0.0,10.0,1.0
GSzG4A6q,flashscore,SA1,2324,2024-04-05,al khaleej,al hilal,0.0,7.0,2.0,2.0,2.0,9.0
lEKZOvhb,flashscore,SA1,2324,2024-04-05,al wehda,al ahli sc,2.0,6.0,2.0,9.0,4.0,15.0
zVMoMxxH,flashscore,SA1,2324,2024-04-05,damac,al nassr,0.0,4.0,1.0,2.0,1.0,6.0
xtG97g9E,flashscore,B1,2324,2024-04-06,antwerp,genk,1.0,2.0,5.0,3.0,6.0,5.0
pKW8sL7r,flashscore,B1,2324,2024-04-06,st. liege,leuven,0.0,0.0,6.0,2.0,6.0,2.0
jTqKKNQs,flashscore,B1,2324,2024-04-06,charleroi,rwdm brussels,5.0,5.0,6.0,1.0,11.0,6.0
tzAQtD0r,flashscore,B2,2324,2024-04-06,dender,deinze,3.0,1.0,2.0,3.0,5.0,4.0
d2YgnZxL,flashscore,B2,2324,2024-04-06,lommel sk,seraing,2.0,1.0,5.0,0.0,7.0,1.0
fwEUuXFl,flashscore,B2,2324,2024-04-06,k. lierse s.k.,club brugge kv u23,2.0,1.0,0.0,1.0,2.0,2.0
6mnBFt95,flashscore,D1,2324,2024-04-06,dortmund,stuttgart,3.0,2.0,5.0,1.0,8.0,3.0
nspvJFFc,flashscore,D1,2324,2024-04-06,fc koln,bochum,4.0,2.0,5.0,2.0,9.0,4.0
0nuKDKwI,flashscore,D1,2324,2024-04-06,freiburg,rb leipzig,3.0,4.0,5.0,0.0,8.0,4.0
f7mnHgpA,flashscore,D1,2324,2024-04-06,heidenheim,bayern munich,1.0,2.0,2.0,1.0,3.0,3.0
8jozKe0i,flashscore,D1,2324,2024-04-06,mainz,darmstadt,4.0,1.0,1.0,0.0,5.0,1.0
lCyGE0OB,flashscore,D1,2324,2024-04-06,union berlin,bayer leverkusen,1.0,4.0,6.0,6.0,7.0,10.0
4WySr9Qa,flashscore,D2,2324,2024-04-06,karlsruher sc,st. pauli,3.0,1.0,1.0,7.0,4.0,8.0
Wph8Ovuo,flashscore,D2,2324,2024-04-06,elversberg,magdeburg,3.0,2.0,2.0,1.0,5.0,3.0
vPvGoBts,flashscore,D2,2324,2024-04-06,hamburger sv,kaiserslautern,5.0,3.0,2.0,3.0,7.0,6.0
fLUvt7AI,flashscore,D2,2324,2024-04-06,nurnberg,holstein kiel,0.0,5.0,4.0,4.0,4.0,9.0
zokF8CBk,flashscore,E0,2324,2024-04-06,brighton,arsenal,2.0,3.0,6.0,4.0,8.0,7.0
dfjB9hdq,flashscore,E0,2324,2024-04-06,aston villa,brentford,7.0,0.0,4.0,3.0,11.0,3.0
WCrO6jt2,flashscore,E0,2324,2024-04-06,everton,burnley,2.0,2.0,1.0,3.0,3.0,5.0
pGW5VZI2,flashscore,E0,2324,2024-04-06,fulham,newcastle,6.0,0.0,8.0,3.0,14.0,3.0
O6V9UgY8,flashscore,E0,2324,2024-04-06,luton,bournemouth,5.0,1.0,2.0,1.0,7.0,2.0
llFlNBQr,flashscore,E0,2324,2024-04-06,wolves,west ham,3.0,1.0,1.0,3.0,4.0,4.0
I9vK7WQe,flashscore,E0,2324,2024-04-06,crystal palace,manchester city,1.0,7.0,1.0,2.0,2.0,9.0
f5UVqu2k,flashscore,E1,2324,2024-04-06,blackburn,southampton,0.0,2.0,1.0,3.0,1.0,5.0
dQ0Ca0KP,flashscore,E1,2324,2024-04-06,cardiff,hull,2.0,4.0,3.0,2.0,5.0,6.0
jXNvrJW1,flashscore,E1,2324,2024-04-06,coventry,leeds,2.0,2.0,0.0,7.0,2.0,9.0
rRAQ5MO8,flashscore,E1,2324,2024-04-06,huddersfield,millwall,7.0,2.0,3.0,1.0,10.0,3.0
025V4tvF,flashscore,E1,2324,2024-04-06,leicester,birmingham,3.0,0.0,7.0,0.0,10.0,0.0
27wueKSt,flashscore,E1,2324,2024-04-06,middlesbrough,swansea,2.0,2.0,2.0,4.0,4.0,6.0
xra9cbWl,flashscore,E1,2324,2024-04-06,qpr,sheffield wed,3.0,1.0,2.0,1.0,5.0,2.0
Ob1LfdG7,flashscore,E1,2324,2024-04-06,stoke,west brom,2.0,4.0,3.0,3.0,5.0,7.0
Q3u4Jug8,flashscore,E1,2324,2024-04-06,sunderland,bristol city,2.0,3.0,2.0,0.0,4.0,3.0
v7q8Ia8E,flashscore,E1,2324,2024-04-06,watford,preston,3.0,3.0,4.0,2.0,7.0,5.0
YF3w3K8R,flashscore,E1,2324,2024-04-06,norwich,ipswich,4.0,3.0,0.0,3.0,4.0,6.0
fgliHJYu,flashscore,F1,2324,2024-04-06,psg,clermont,8.0,1.0,9.0,1.0,17.0,2.0
xxpCCemB,flashscore,F1,2324,2024-04-06,lens,le havre,6.0,3.0,1.0,1.0,7.0,4.0
Cx1kS60i,flashscore,I1,2324,2024-04-06,empoli,torino,1.0,1.0,0.0,6.0,1.0,7.0
IsGZ6dUr,flashscore,I1,2324,2024-04-06,as roma,lazio,3.0,2.0,0.0,4.0,3.0,6.0
bg31P4pA,flashscore,I1,2324,2024-04-06,ac milan,lecce,3.0,0.0,2.0,1.0,5.0,1.0
SxNQtD4c,flashscore,I2,2324,2024-04-06,catanzaro,como,2.0,1.0,6.0,2.0,8.0,3.0
lhBZviZ9,flashscore,I2,2324,2024-04-06,palermo,sampdoria,0.0,2.0,5.0,1.0,5.0,3.0
IRFwvBlG,flashscore,I2,2324,2024-04-06,reggiana,cittadella,3.0,2.0,4.0,3.0,7.0,5.0
863EOXc2,flashscore,I2,2324,2024-04-06,brescia,pisa,1.0,1.0,0.0,1.0,1.0,2.0
A1CVuXJ3,flashscore,I2,2324,2024-04-06,feralpisalo,cosenza,6.0,3.0,3.0,2.0,9.0,5.0
dIEswV3M,flashscore,I2,2324,2024-04-06,spezia,lecco,2.0,3.0,4.0,1.0,6.0,4.0
vs4nxkJS,flashscore,I2,2324,2024-04-06,sudtirol,parma,2.0,2.0,2.0,2.0,4.0,4.0
G2eEX8Rq,flashscore,I2,2324,2024-04-06,ternana,modena,1.0,3.0,4.0,1.0,5.0,4.0
MVv0PgMn,flashscore,N1,2324,2024-04-06,twente,sittard,2.0,0.0,5.0,0.0,7.0,0.0
jBWGLBLB,flashscore,N1,2324,2024-04-06,zwolle,excelsior,6.0,4.0,3.0,1.0,9.0,5.0
8nsCMi65,flashscore,N1,2324,2024-04-06,psv,az alkmaar,2.0,5.0,2.0,2.0,4.0,7.0
4fpeQZ6t,flashscore,N1,2324,2024-04-06,sparta rotterdam,heracles,2.0,2.0,7.0,1.0,9.0,3.0
QX8QoLAq,flashscore,P1,2324,2024-04-06,sporting cp,benfica,1.0,6.0,6.0,7.0,7.0,13.0
4O7UpuQk,flashscore,P1,2324,2024-04-06,braga,arouca,4.0,4.0,6.0,5.0,10.0,9.0
pI5clEWs,flashscore,P1,2324,2024-04-06,famalicao,vizela,0.0,2.0,1.0,3.0,1.0,5.0
EgkL72X2,flashscore,P1,2324,2024-04-06,rio ave,gil vicente,0.0,1.0,1.0,7.0,1.0,8.0
CUGiIYwK,flashscore,RO1,2324,2024-04-06,fc rapid bucuresti,cfr cluj,1.0,3.0,2.0,1.0,3.0,4.0
d8Xgaw5a,flashscore,RO1,2324,2024-04-06,petrolul,fc voluntari,3.0,2.0,4.0,1.0,7.0,3.0
O403hXIJ,flashscore,RS1,2324,2024-04-06,tsc,cukaricki,1.0,2.0,4.0,0.0,5.0,2.0
4QbYvElK,flashscore,RS1,2324,2024-04-06,zeleznicar pancevo,vojvodina,0.0,2.0,2.0,3.0,2.0,5.0
2qZN2lyd,flashscore,SA1,2324,2024-04-06,al ettifaq,al riyadh,2.0,0.0,1.0,1.0,3.0,1.0
S4JwOb74,flashscore,SA1,2324,2024-04-06,al taee,al shabab,5.0,1.0,5.0,2.0,10.0,3.0
WxOT7ozn,flashscore,SP2,2324,2024-04-06,levante,zaragoza,4.0,1.0,3.0,2.0,7.0,3.0
KvMo3x77,flashscore,SP2,2324,2024-04-06,eldense,andorra,1.0,2.0,5.0,3.0,6.0,5.0
vTII1Njb,flashscore,SW1,2324,2024-04-06,servette,zurich,2.0,2.0,7.0,3.0,9.0,5.0
r1P93qMo,flashscore,SW1,2324,2024-04-06,lausanne ouchy,basel,0.0,2.0,2.0,3.0,2.0,5.0
d4TD23yh,flashscore,SW1,2324,2024-04-06,winterthur,lugano,3.0,4.0,5.0,2.0,8.0,6.0
rFApp9XP,flashscore,TR2,2324,2024-04-06,sakaryaspor,boluspor,2.0,2.0,1.0,3.0,3.0,5.0
4OBtokIJ,flashscore,TR2,2324,2024-04-06,umraniyespor,sanliurfaspor,1.0,0.0,5.0,3.0,6.0,3.0
z72CuTus,flashscore,TR2,2324,2024-04-06,bodrumspor,keciorengucu,2.0,0.0,6.0,3.0,8.0,3.0
vsWCtuNl,flashscore,B1,2324,2024-04-07,westerlo,gent,0.0,3.0,1.0,5.0,1.0,8.0
OdEH5XwR,flashscore,B1,2324,2024-04-07,club brugge kv,anderlecht,3.0,0.0,0.0,2.0,3.0,2.0
YiZOJstl,flashscore,B1,2324,2024-04-07,eupen,kortrijk,0.0,3.0,2.0,1.0,2.0,4.0
p6FD6DOK,flashscore,B1,2324,2024-04-07,royale union sg,cercle brugge ksv,3.0,3.0,1.0,0.0,4.0,3.0
l0DYviVf,flashscore,B2,2324,2024-04-07,francs borains,rfc liege,2.0,4.0,1.0,2.0,3.0,6.0
SjCxvBp1,flashscore,B2,2324,2024-04-07,oostende,beerschot va,1.0,2.0,3.0,2.0,4.0,4.0
OI5oxkFD,flashscore,B2,2324,2024-04-07,genk u23,st. liege u23,2.0,6.0,3.0,2.0,5.0,8.0
WY1ieCNj,flashscore,D1,2324,2024-04-07,wolfsburg,b. monchengladbach,0.0,4.0,4.0,0.0,4.0,4.0
t4qrIZU3,flashscore,D1,2324,2024-04-07,hoffenheim,augsburg,5.0,2.0,6.0,4.0,11.0,6.0
IFwKpVem,flashscore,D2,2324,2024-04-07,dusseldorf,braunschweig,3.0,2.0,0.0,4.0,3.0,6.0
neRWsTu6,flashscore,D2,2324,2024-04-07,hannover,schalke,1.0,3.0,7.0,1.0,8.0,4.0
82yimOHo,flashscore,D2,2324,2024-04-07,vfl osnabruck,greuther furth,0.0,4.0,5.0,4.0,5.0,8.0
EsgEH4ua,flashscore,DK1,2324,2024-04-07,aarhus,midtjylland,1.0,1.0,4.0,2.0,5.0,3.0
KKgAIpQh,flashscore,DK1,2324,2024-04-07,nordsjaelland,fc copenhagen,4.0,3.0,8.0,1.0,12.0,4.0
KtmkzAie,flashscore,DK1,2324,2024-04-07,hvidovre if,randers fc,0.0,2.0,0.0,1.0,0.0,3.0
25xfZT61,flashscore,DK1,2324,2024-04-07,vejle,viborg,5.0,3.0,3.0,1.0,8.0,4.0
EeOMRiIR,flashscore,E0,2324,2024-04-07,tottenham,nottingham,5.0,2.0,7.0,0.0,12.0,2.0
KYOISX2L,flashscore,E0,2324,2024-04-07,sheffield utd,chelsea,2.0,1.0,5.0,5.0,7.0,6.0
trQETDmF,flashscore,E0,2324,2024-04-07,manchester utd,liverpool,3.0,8.0,3.0,3.0,6.0,11.0
K0ZGBF2H,flashscore,F1,2324,2024-04-07,nantes,lyon,2.0,3.0,3.0,3.0,5.0,6.0
jLs0Fc3h,flashscore,F1,2324,2024-04-07,monaco,rennes,2.0,1.0,4.0,2.0,6.0,3.0
dQdpfmXq,flashscore,F1,2324,2024-04-07,montpellier,lorient,1.0,5.0,4.0,2.0,5.0,7.0
OYu8DyY4,flashscore,F1,2324,2024-04-07,reims,nice,0.0,4.0,2.0,1.0,2.0,5.0
YqmeGwln,flashscore,F1,2324,2024-04-07,toulouse,strasbourg,1.0,0.0,3.0,3.0,4.0,3.0
4jdlg7nj,flashscore,F1,2324,2024-04-07,brest,metz,7.0,2.0,1.0,3.0,8.0,5.0
pjacQpV3,flashscore,I1,2324,2024-04-07,juventus,fiorentina,4.0,1.0,1.0,5.0,5.0,6.0
CpeE3NNj,flashscore,I1,2324,2024-04-07,cagliari,atalanta,1.0,0.0,3.0,4.0,4.0,4.0
8W8n4fE1,flashscore,I1,2324,2024-04-07,verona,genoa,1.0,2.0,4.0,1.0,5.0,3.0
tIh6OOaG,flashscore,I1,2324,2024-04-07,monza,napoli,0.0,5.0,1.0,1.0,1.0,6.0
jTagRQFc,flashscore,I1,2324,2024-04-07,frosinone,bologna,4.0,1.0,1.0,1.0,5.0,2.0
GlGuJ9Cj,flashscore,I2,2324,2024-04-07,ascoli,venezia,1.0,4.0,3.0,3.0,4.0,7.0
U1VKKVzI,flashscore,N1,2324,2024-04-07,heerenveen,utrecht,3.0,2.0,2.0,1.0,5.0,3.0
xSUOJkjO,flashscore,N1,2324,2024-04-07,fc volendam,waalwijk,1.0,3.0,5.0,4.0,6.0,7.0
GITSI95U,flashscore,N1,2324,2024-04-07,feyenoord,ajax,7.0,0.0,2.0,1.0,9.0,1.0
0Mw4ODyg,flashscore,N1,2324,2024-04-07,g.a. eagles,almere city,2.0,4.0,1.0,3.0,3.0,7.0
fqw8NXja,flashscore,N1,2324,2024-04-07,vitesse,nijmegen,4.0,0.0,3.0,1.0,7.0,1.0
Ma2Zqaud,flashscore,P1,2324,2024-04-07,fc porto,vitoria guimaraes,4.0,1.0,2.0,0.0,6.0,1.0
QThP6Mn9,flashscore,P1,2324,2024-04-07,moreirense,estrela,1.0,0.0,1.0,6.0,2.0,6.0
8hrU5t2F,flashscore,P1,2324,2024-04-07,chaves,portimonense,1.0,1.0,3.0,3.0,4.0,4.0
bRCmJEOD,flashscore,RO1,2324,2024-04-07,fcsb,univ. craiova,4.0,3.0,1.0,4.0,5.0,7.0
2XIj0Jkg,flashscore,RO1,2324,2024-04-07,fc hermannstadt,u. cluj,2.0,2.0,1.0,3.0,3.0,5.0
zk7LTmtJ,flashscore,RS1,2324,2024-04-07,partizan,novi pazar,5.0,0.0,3.0,4.0,8.0,4.0
db8HUTQC,flashscore,RS1,2324,2024-04-07,radnicki nis,vozdovac,2.0,1.0,3.0,3.0,5.0,4.0
bmbxvY3Q,flashscore,RS1,2324,2024-04-07,radnik,crvena zvezda,0.0,2.0,2.0,2.0,2.0,4.0
EZICV9B6,flashscore,RS1,2324,2024-04-07,radnicki 1923,sp. subotica,3.0,1.0,1.0,6.0,4.0,7.0
fJZJ3ULk,flashscore,SA1,2324,2024-04-07,abha,al fateh,1.0,3.0,3.0,4.0,4.0,7.0
WxQUPKxh,flashscore,SA1,2324,2024-04-07,al fayha,al okhdood,4.0,4.0,0.0,4.0,4.0,8.0
MRIsNIMA,flashscore,SA1,2324,2024-04-07,al raed,al hazem,2.0,3.0,2.0,7.0,4.0,10.0
2NqGlOZN,flashscore,SP2,2324,2024-04-07,fc cartagena sad,valladolid,0.0,0.0,5.0,0.0,5.0,0.0
S4Hx6P4b,flashscore,SP2,2324,2024-04-07,espanyol,albacete,4.0,2.0,1.0,6.0,5.0,8.0
tUWs3NlH,flashscore,SP2,2324,2024-04-07,tenerife,eibar,1.0,2.0,0.0,4.0,1.0,6.0
E1DY65kh,flashscore,SP2,2324,2024-04-07,mirandes,gijon,0.0,2.0,1.0,1.0,1.0,3.0
0IFp43ZA,flashscore,SP2,2324,2024-04-07,villarreal b,burgos cf,4.0,1.0,1.0,7.0,5.0,8.0
hnPP8RKu,flashscore,SP2,2324,2024-04-07,huesca,leganes,5.0,1.0,1.0,1.0,6.0,2.0
ngMQa1LA,flashscore,SW1,2324,2024-04-07,st. gallen,young boys,5.0,1.0,4.0,2.0,9.0,3.0
QqLUbLzH,flashscore,SW1,2324,2024-04-07,yverdon,grasshoppers,1.0,1.0,1.0,3.0,2.0,4.0
IJHM0s64,flashscore,SW1,2324,2024-04-07,luzern,lausanne,4.0,4.0,5.0,2.0,9.0,6.0
4nfTyou6,flashscore,TR2,2324,2024-04-07,eyupspor,altay,4.0,0.0,5.0,0.0,9.0,0.0
2JXcM5uJ,flashscore,TR2,2324,2024-04-07,genclerbirligi,adanaspor as,1.0,1.0,3.0,3.0,4.0,4.0
rwgXz5fC,flashscore,TR2,2324,2024-04-07,bandirmaspor,manisa fk,0.0,0.0,1.0,3.0,1.0,3.0
Ec1Gvmem,flashscore,TR2,2324,2024-04-07,corum,kocaelispor,3.0,3.0,3.0,2.0,6.0,5.0
j3jEYdGj,flashscore,DK1,2324,2024-04-08,brondby,silkeborg,3.0,1.0,1.0,3.0,4.0,4.0
Q7Js5zae,flashscore,I1,2324,2024-04-08,udinese,inter,0.0,5.0,0.0,3.0,0.0,8.0
EiA1mYol,flashscore,P1,2324,2024-04-08,casa pia,estoril,2.0,2.0,0.0,4.0,2.0,6.0
zaWcbcK5,flashscore,RO1,2324,2024-04-08,otelul,dinamo bucuresti,0.0,1.0,2.0,2.0,2.0,3.0
INL2cHZB,flashscore,RO1,2324,2024-04-08,poli iasi,u craiova 1948,7.0,4.0,2.0,2.0,9.0,6.0
0WE8Wkd0,flashscore,RS1,2324,2024-04-08,javor,mladost,3.0,1.0,2.0,4.0,5.0,5.0
0dp4ZiCs,flashscore,RS1,2324,2024-04-08,imt novi beograd,napredak,5.0,1.0,3.0,0.0,8.0,1.0
MRGt5qK4,flashscore,SP2,2324,2024-04-08,racing santander,alcorcon,5.0,2.0,8.0,1.0,13.0,3.0
APfPxRPa,flashscore,TR2,2324,2024-04-08,goztepe,erzurumspor,3.0,0.0,3.0,0.0,6.0,0.0
dMjLw7Ag,flashscore,TR2,2324,2024-04-08,giresunspor,tuzlaspor,0.0,2.0,3.0,5.0,3.0,7.0
YTrCHJNK,flashscore,E1,2324,2024-04-09,leeds,sunderland,6.0,1.0,7.0,1.0,13.0,2.0
CKsGGwwR,flashscore,E1,2324,2024-04-09,millwall,leicester,3.0,4.0,0.0,5.0,3.0,9.0
GlnyCcor,flashscore,E1,2324,2024-04-09,plymouth,qpr,3.0,2.0,7.0,2.0,10.0,4.0
fuouBH0l,flashscore,E1,2324,2024-04-09,preston,huddersfield,6.0,1.0,2.0,1.0,8.0,2.0
l2pqAyGf,flashscore,E1,2324,2024-04-09,sheffield wed,norwich,2.0,3.0,8.0,0.0,10.0,3.0
25lm9eV0,flashscore,E1,2324,2024-04-09,southampton,coventry,4.0,3.0,2.0,5.0,6.0,8.0
AXtmgbcg,flashscore,E1,2324,2024-04-10,swansea,stoke,0.0,1.0,2.0,5.0,2.0,6.0
jRUsVxhK,flashscore,E1,2324,2024-04-10,west brom,rotherham,2.0,3.0,2.0,2.0,4.0,5.0
GAsqfvrm,flashscore,E1,2324,2024-04-10,birmingham,cardiff,2.0,2.0,3.0,2.0,5.0,4.0
pUwh8Fp7,flashscore,E1,2324,2024-04-10,bristol city,blackburn,3.0,2.0,3.0,6.0,6.0,8.0
OKxd7ZaD,flashscore,E1,2324,2024-04-10,hull,middlesbrough,6.0,2.0,3.0,1.0,9.0,3.0
CzWwWIxE,flashscore,E1,2324,2024-04-10,ipswich,watford,1.0,1.0,2.0,3.0,3.0,4.0
IXUGuaxe,flashscore,B1,2324,2024-04-12,st. truiden,st. liege,1.0,1.0,3.0,2.0,4.0,3.0
OWpKjlU6,flashscore,B2,2324,2024-04-12,club brugge kv u23,rfc liege,1.0,2.0,1.0,1.0,2.0,3.0
xMgT0YiE,flashscore,B2,2324,2024-04-12,genk u23,francs borains,3.0,2.0,1.0,2.0,4.0,4.0
MyKGWYqc,flashscore,D1,2324,2024-04-12,augsburg,union berlin,4.0,3.0,1.0,1.0,5.0,4.0
8tpJtv1T,flashscore,D2,2324,2024-04-12,greuther furth,kaiserslautern,0.0,4.0,2.0,0.0,2.0,4.0
tGZbo2nb,flashscore,D2,2324,2024-04-12,hertha berlin,hansa rostock,0.0,1.0,5.0,0.0,5.0,1.0
G8tbYmM7,flashscore,DK1,2324,2024-04-12,odense,viborg,2.0,3.0,1.0,3.0,3.0,6.0
xO2VLYE6,flashscore,E1,2324,2024-04-12,plymouth,leicester,0.0,7.0,0.0,6.0,0.0,13.0
dpLR6QGk,flashscore,F1,2324,2024-04-12,metz,lens,4.0,1.0,1.0,1.0,5.0,2.0
8ShoPejR,flashscore,I1,2324,2024-04-12,lazio,salernitana,8.0,0.0,1.0,0.0,9.0,0.0
zP19iUIF,flashscore,I2,2324,2024-04-12,modena,catanzaro,5.0,1.0,3.0,3.0,8.0,4.0
beb6WSZT,flashscore,N1,2324,2024-04-12,excelsior,fc volendam,3.0,0.0,8.0,2.0,11.0,2.0
EHkwvCOt,flashscore,P1,2324,2024-04-12,gil vicente,sporting cp,3.0,2.0,3.0,2.0,6.0,4.0
4SiSBWGm,flashscore,RO1,2324,2024-04-12,univ. craiova,farul constanta,2.0,2.0,5.0,0.0,7.0,2.0
pYuNbRVo,flashscore,RO1,2324,2024-04-12,uta arad,fc hermannstadt,1.0,1.0,3.0,1.0,4.0,2.0
lrYysB3P,flashscore,SP1,2324,2024-04-12,betis,celta vigo,4.0,3.0,2.0,2.0,6.0,5.0
YNeLGtJG,flashscore,SP2,2324,2024-04-12,leganes,espanyol,2.0,0.0,1.0,0.0,3.0,0.0
CSHzRWx5,flashscore,TR1,2324,2024-04-12,trabzonspor,sivasspor,6.0,3.0,8.0,1.0,14.0,4.0
U3dfjpfa,flashscore,TR2,2324,2024-04-12,manisa fk,eyupspor,1.0,0.0,4.0,2.0,5.0,2.0
Uwip1inr,flashscore,B1,2324,2024-04-13,genk,cercle brugge ksv,1.0,4.0,5.0,1.0,6.0,5.0
z9PLvJi1,flashscore,B1,2324,2024-04-13,kv mechelen,westerlo,5.0,4.0,8.0,2.0,13.0,6.0
newTI1ef,flashscore,B1,2324,2024-04-13,rwdm brussels,eupen,6.0,1.0,1.0,3.0,7.0,4.0
ATtGiUE0,flashscore,B2,2324,2024-04-13,deinze,lommel sk,1.0,0.0,2.0,4.0,3.0,4.0
IV1yaCMQ,flashscore,B2,2324,2024-04-13,dender,waregem,1.0,1.0,4.0,1.0,5.0,2.0
S4iBhAaf,flashscore,B2,2324,2024-04-13,k. lierse s.k.,anderlecht u23,0.0,4.0,0.0,0.0,0.0,4.0
0SIKVha3,flashscore,D1,2324,2024-04-13,stuttgart,eintracht frankfurt,2.0,2.0,2.0,3.0,4.0,5.0
xWxiGDaG,flashscore,D1,2324,2024-04-13,bayern munich,fc koln,3.0,0.0,2.0,5.0,5.0,5.0
fVRU8Vij,flashscore,D1,2324,2024-04-13,b. monchengladbach,dortmund,1.0,3.0,1.0,1.0,2.0,4.0
8YVY7k7d,flashscore,D1,2324,2024-04-13,bochum,heidenheim,2.0,2.0,4.0,0.0,6.0,2.0
C6xQ9Bxp,flashscore,D1,2324,2024-04-13,mainz,hoffenheim,6.0,1.0,3.0,2.0,9.0,3.0
GMyeFXEM,flashscore,D1,2324,2024-04-13,rb leipzig,wolfsburg,5.0,1.0,1.0,3.0,6.0,4.0
ngzenrXi,flashscore,D2,2324,2024-04-13,schalke,nurnberg,4.0,3.0,3.0,3.0,7.0,6.0
0GtBr0WG,flashscore,D2,2324,2024-04-13,holstein kiel,vfl osnabruck,3.0,0.0,1.0,5.0,4.0,5.0
MPs7qtHA,flashscore,D2,2324,2024-04-13,paderborn,karlsruher sc,3.0,1.0,5.0,1.0,8.0,2.0
SQQkyIOj,flashscore,D2,2324,2024-04-13,wehen,dusseldorf,1.0,1.0,1.0,5.0,2.0,6.0
WC4gMVuk,flashscore,E0,2324,2024-04-13,bournemouth,manchester utd,1.0,1.0,6.0,1.0,7.0,2.0
vw81K9A1,flashscore,E0,2324,2024-04-13,brentford,sheffield utd,1.0,2.0,2.0,4.0,3.0,6.0
IT65JTP7,flashscore,E0,2324,2024-04-13,burnley,brighton,2.0,2.0,2.0,3.0,4.0,5.0
SbldtiXK,flashscore,E0,2324,2024-04-13,manchester city,luton,10.0,1.0,2.0,0.0,12.0,1.0
dU6KzVfr,flashscore,E0,2324,2024-04-13,nottingham,wolves,5.0,0.0,5.0,1.0,10.0,1.0
6km0uBnR,flashscore,E0,2324,2024-04-13,newcastle,tottenham,10.0,1.0,6.0,2.0,16.0,3.0
YkKnUd7Q,flashscore,E1,2324,2024-04-13,birmingham,coventry,1.0,1.0,2.0,5.0,3.0,6.0
8rBEPGFs,flashscore,E1,2324,2024-04-13,bristol city,huddersfield,4.0,2.0,8.0,2.0,12.0,4.0
25AIOzVm,flashscore,E1,2324,2024-04-13,hull,qpr,4.0,1.0,0.0,2.0,4.0,3.0
td9MNfpf,flashscore,E1,2324,2024-04-13,ipswich,middlesbrough,2.0,2.0,4.0,2.0,6.0,4.0
lOuihICa,flashscore,E1,2324,2024-04-13,millwall,cardiff,3.0,3.0,3.0,1.0,6.0,4.0
Wp2ZKhUC,flashscore,E1,2324,2024-04-13,preston,norwich,3.0,2.0,2.0,4.0,5.0,6.0
pl6wKCqJ,flashscore,E1,2324,2024-04-13,sheffield wed,stoke,5.0,0.0,3.0,1.0,8.0,1.0
pS8oS9yt,flashscore,E1,2324,2024-04-13,southampton,watford,2.0,2.0,4.0,1.0,6.0,3.0
GpCmixS5,flashscore,E1,2324,2024-04-13,swansea,rotherham,7.0,0.0,5.0,0.0,12.0,0.0
OI7kRTjn,flashscore,E1,2324,2024-04-13,west brom,sunderland,1.0,2.0,0.0,3.0,1.0,5.0
bX3RMEa0,flashscore,E1,2324,2024-04-13,leeds,blackburn,6.0,1.0,6.0,0.0,12.0,1.0
pnZzHAvc,flashscore,F1,2324,2024-04-13,rennes,toulouse,5.0,1.0,3.0,3.0,8.0,4.0
rsehhR1d,flashscore,F1,2324,2024-04-13,strasbourg,reims,2.0,3.0,3.0,1.0,5.0,4.0
Y90YRc68,flashscore,I1,2324,2024-04-13,bologna,monza,7.0,0.0,3.0,0.0,10.0,0.0
0QXPHDr1,flashscore,I1,2324,2024-04-13,torino,juventus,1.0,2.0,5.0,0.0,6.0,2.0
Q7uDKFbr,flashscore,I1,2324,2024-04-13,lecce,empoli,3.0,1.0,7.0,2.0,10.0,3.0
l8acfWYd,flashscore,I2,2324,2024-04-13,cosenza,palermo,2.0,1.0,1.0,2.0,3.0,3.0
MLc5hA39,flashscore,I2,2324,2024-04-13,lecco,reggiana,2.0,2.0,2.0,0.0,4.0,2.0
ImiEjlYL,flashscore,I2,2324,2024-04-13,parma,spezia,3.0,0.0,3.0,3.0,6.0,3.0
APfIWStj,flashscore,I2,2324,2024-04-13,cittadella,ascoli,0.0,1.0,1.0,2.0,1.0,3.0
lGgMVndd,flashscore,I2,2324,2024-04-13,como,bari,0.0,2.0,3.0,2.0,3.0,4.0
Sbb1gjl3,flashscore,I2,2324,2024-04-13,cremonese,ternana,1.0,2.0,3.0,1.0,4.0,3.0
dvjIk8mS,flashscore,I2,2324,2024-04-13,pisa,feralpisalo,3.0,3.0,2.0,4.0,5.0,7.0
lWspoSeq,flashscore,I2,2324,2024-04-13,sampdoria,sudtirol,3.0,3.0,4.0,2.0,7.0,5.0
OOjfZUkB,flashscore,N1,2324,2024-04-13,almere city,sparta rotterdam,2.0,4.0,6.0,2.0,8.0,6.0
SdcoyiLb,flashscore,N1,2324,2024-04-13,az alkmaar,waalwijk,4.0,1.0,4.0,0.0,8.0,1.0
IojbYl5H,flashscore,N1,2324,2024-04-13,psv,vitesse,4.0,1.0,1.0,3.0,5.0,4.0
hr95nh1f,flashscore,P1,2324,2024-04-13,estoril,braga,1.0,1.0,1.0,2.0,2.0,3.0
lA2EpWV6,flashscore,P1,2324,2024-04-13,fc porto,famalicao,2.0,0.0,8.0,0.0,10.0,0.0
MN0MrA0J,flashscore,P1,2324,2024-04-13,vitoria guimaraes,sc farense,4.0,1.0,4.0,0.0,8.0,1.0
6ssJa7Gu,flashscore,RO1,2324,2024-04-13,u. cluj,petrolul,1.0,1.0,2.0,3.0,3.0,4.0
4vOEfFJU,flashscore,RO1,2324,2024-04-13,fc voluntari,otelul,1.0,1.0,3.0,6.0,4.0,7.0
vRVJYnB5,flashscore,SP1,2324,2024-04-13,cadiz cf,barcelona,3.0,4.0,5.0,0.0,8.0,4.0
jiK3xVBt,flashscore,SP1,2324,2024-04-13,mallorca,real madrid,3.0,0.0,1.0,2.0,4.0,2.0
YmVNX6QB,flashscore,SP1,2324,2024-04-13,rayo vallecano,getafe,0.0,0.0,3.0,0.0,3.0,0.0
nwfgIRQO,flashscore,SP1,2324,2024-04-13,atl. madrid,girona,1.0,0.0,1.0,0.0,2.0,0.0
Wba4KOJi,flashscore,SP2,2324,2024-04-13,levante,amorebieta,5.0,0.0,0.0,0.0,5.0,0.0
MmhHHM3A,flashscore,SP2,2324,2024-04-13,valladolid,eldense,3.0,1.0,4.0,3.0,7.0,4.0
0Y38JrZc,flashscore,SP2,2324,2024-04-13,gijon,fc cartagena sad,3.0,0.0,5.0,4.0,8.0,4.0
xO05hJDp,flashscore,SW1,2324,2024-04-13,st. gallen,yverdon,4.0,0.0,3.0,1.0,7.0,1.0
88AZcujN,flashscore,SW1,2324,2024-04-13,grasshoppers,lugano,5.0,1.0,2.0,1.0,7.0,2.0
KrEwca5T,flashscore,SW1,2324,2024-04-13,lausanne,zurich,4.0,4.0,1.0,2.0,5.0,6.0
YLU8CXNB,flashscore,TR1,2324,2024-04-13,adana demirspor,kayserispor,3.0,1.0,6.0,1.0,9.0,2.0
KxXK9V7U,flashscore,TR1,2324,2024-04-13,besiktas,samsunspor,0.0,2.0,0.0,0.0,0.0,2.0
p0bRUEwt,flashscore,TR1,2324,2024-04-13,ankaragucu,gaziantep,2.0,1.0,3.0,5.0,5.0,6.0
jJGvQjhB,flashscore,TR1,2324,2024-04-13,kasimpasa,konyaspor,3.0,3.0,2.0,2.0,5.0,5.0
Mwgnh6Pn,flashscore,TR2,2324,2024-04-13,altay,corum,0.0,2.0,2.0,4.0,2.0,6.0
2gCFcS1P,flashscore,TR2,2324,2024-04-13,boluspor,umraniyespor,2.0,1.0,1.0,1.0,3.0,2.0
AaPTZO9I,flashscore,TR2,2324,2024-04-13,keciorengucu,genclerbirligi,1.0,4.0,3.0,1.0,4.0,5.0
EaOPww77,flashscore,B1,2324,2024-04-14,leuven,gent,0.0,2.0,0.0,4.0,0.0,6.0
x4fhaVGf,flashscore,B1,2324,2024-04-14,anderlecht,royale union sg,5.0,2.0,1.0,4.0,6.0,6.0
tIxXHLA0,flashscore,B1,2324,2024-04-14,kortrijk,charleroi,4.0,0.0,0.0,3.0,4.0,3.0
rsel0B1l,flashscore,B1,2324,2024-04-14,club brugge kv,antwerp,5.0,0.0,0.0,3.0,5.0,3.0
Kvl3fWUs,flashscore,B2,2324,2024-04-14,patro eisden,oostende,4.0,1.0,5.0,0.0,9.0,1.0
lEh7gjpl,flashscore,B2,2324,2024-04-14,st. liege u23,seraing,3.0,6.0,1.0,6.0,4.0,12.0
z7CWah7K,flashscore,B2,2324,2024-04-14,beveren,beerschot va,1.0,3.0,4.0,1.0,5.0,4.0
AcjbEiUS,flashscore,D1,2324,2024-04-14,bayer leverkusen,werder bremen,5.0,0.0,2.0,0.0,7.0,0.0
I3DPUCE9,flashscore,D1,2324,2024-04-14,darmstadt,freiburg,1.0,0.0,1.0,2.0,2.0,2.0
ENMoxb9p,flashscore,D2,2324,2024-04-14,braunschweig,hannover,1.0,2.0,4.0,3.0,5.0,5.0
UkoFsKoN,flashscore,D2,2324,2024-04-14,magdeburg,hamburger sv,0.0,3.0,3.0,6.0,3.0,9.0
v1h2pM14,flashscore,D2,2324,2024-04-14,st. pauli,elversberg,3.0,1.0,2.0,0.0,5.0,1.0
A9nNFrAB,flashscore,DK1,2324,2024-04-14,midtjylland,fc copenhagen,4.0,1.0,5.0,7.0,9.0,8.0
hYiIGOf5,flashscore,DK1,2324,2024-04-14,aarhus,brondby,2.0,5.0,0.0,1.0,2.0,6.0
UBUucXb8,flashscore,DK1,2324,2024-04-14,lyngby,hvidovre if,0.0,1.0,3.0,2.0,3.0,3.0
82TqdiEE,flashscore,DK1,2324,2024-04-14,vejle,randers fc,4.0,1.0,2.0,3.0,6.0,4.0
A33cLkee,flashscore,E0,2324,2024-04-14,arsenal,aston villa,2.0,0.0,2.0,6.0,4.0,6.0
YykhsXHE,flashscore,E0,2324,2024-04-14,liverpool,crystal palace,3.0,0.0,8.0,1.0,11.0,1.0
zL5OZlAl,flashscore,E0,2324,2024-04-14,west ham,fulham,4.0,1.0,4.0,2.0,8.0,3.0
lvWiDSwM,flashscore,F1,2324,2024-04-14,lyon,brest,4.0,4.0,6.0,3.0,10.0,7.0
SUUeCngS,flashscore,F1,2324,2024-04-14,clermont,montpellier,0.0,3.0,3.0,1.0,3.0,4.0
pAHN761q,flashscore,F1,2324,2024-04-14,le havre,nantes,2.0,4.0,4.0,3.0,6.0,7.0
UyfsQyyL,flashscore,I1,2324,2024-04-14,inter,cagliari,2.0,0.0,5.0,0.0,7.0,0.0
MZYLIgTf,flashscore,I1,2324,2024-04-14,sassuolo,ac milan,1.0,4.0,1.0,2.0,2.0,6.0
vBqHJZDl,flashscore,I1,2324,2024-04-14,napoli,frosinone,4.0,2.0,2.0,0.0,6.0,2.0
niZfXP12,flashscore,I2,2324,2024-04-14,venezia,brescia,4.0,3.0,5.0,0.0,9.0,3.0
pYijzBz5,flashscore,N1,2324,2024-04-14,nijmegen,zwolle,2.0,1.0,8.0,2.0,10.0,3.0
tteZwgyt,flashscore,N1,2324,2024-04-14,ajax,twente,0.0,2.0,2.0,4.0,2.0,6.0
GW81X8KN,flashscore,N1,2324,2024-04-14,sittard,feyenoord,2.0,3.0,1.0,3.0,3.0,6.0
fqawwDjn,flashscore,N1,2324,2024-04-14,utrecht,g.a. eagles,1.0,1.0,4.0,2.0,5.0,3.0
l6bsxX5h,flashscore,N1,2324,2024-04-14,heracles,heerenveen,4.0,2.0,4.0,6.0,8.0,8.0
Io47qY0J,flashscore,P1,2324,2024-04-14,benfica,moreirense,2.0,1.0,4.0,1.0,6.0,2.0
dx3BrhGP,flashscore,P1,2324,2024-04-14,arouca,boavista,1.0,0.0,0.0,4.0,1.0,4.0
rX1IqjoD,flashscore,P1,2324,2024-04-14,portimonense,casa pia,3.0,5.0,2.0,3.0,5.0,8.0
SKgswWwm,flashscore,P1,2324,2024-04-14,estrela,rio ave,3.0,1.0,7.0,0.0,10.0,1.0
d2hOCC1s,flashscore,RO1,2324,2024-04-14,cfr cluj,fcsb,5.0,2.0,3.0,0.0,8.0,2.0
QmPAee4O,flashscore,RO1,2324,2024-04-14,dinamo bucuresti,poli iasi,1.0,1.0,4.0,0.0,5.0,1.0
WQP6dykI,flashscore,RO1,2324,2024-04-14,fc botosani,u craiova 1948,0.0,3.0,2.0,1.0,2.0,4.0
8xxzmBts,flashscore,RS1,2324,2024-04-14,cukaricki,partizan,2.0,3.0,2.0,3.0,4.0,6.0
rFWbs7AI,flashscore,RS1,2324,2024-04-14,crvena zvezda,zeleznicar pancevo,5.0,0.0,4.0,0.0,9.0,0.0
lhXfrmeC,flashscore,RS1,2324,2024-04-14,napredak,radnik,2.0,1.0,1.0,2.0,3.0,3.0
2ea7iiYP,flashscore,RS1,2324,2024-04-14,vojvodina,tsc,0.0,2.0,2.0,2.0,2.0,4.0
ttDGZSea,flashscore,SP1,2324,2024-04-14,real sociedad,almeria,4.0,0.0,1.0,1.0,5.0,1.0
YZkkJ7BI,flashscore,SP1,2324,2024-04-14,ath bilbao,villarreal,2.0,0.0,1.0,1.0,3.0,1.0
CvURWQuI,flashscore,SP1,2324,2024-04-14,granada cf,alaves,1.0,2.0,0.0,3.0,1.0,5.0
bHNBz9tg,flashscore,SP1,2324,2024-04-14,las palmas,sevilla,2.0,1.0,4.0,1.0,6.0,2.0
h800L44o,flashscore,SP2,2324,2024-04-14,racing club ferrol,huesca,2.0,2.0,3.0,1.0,5.0,3.0
j3MHdLRp,flashscore,SP2,2324,2024-04-14,burgos cf,racing santander,7.0,1.0,3.0,1.0,10.0,2.0
vP2CI2l4,flashscore,SP2,2324,2024-04-14,zaragoza,elche,4.0,1.0,4.0,2.0,8.0,3.0
KKVo2s4N,flashscore,SP2,2324,2024-04-14,albacete,tenerife,3.0,0.0,8.0,1.0,11.0,1.0
YsATRLq8,flashscore,SP2,2324,2024-04-14,andorra,eibar,0.0,4.0,5.0,0.0,5.0,4.0
SpePF0YM,flashscore,SP2,2324,2024-04-14,oviedo,mirandes,4.0,1.0,3.0,8.0,7.0,9.0
hWrhGM5i,flashscore,SW1,2324,2024-04-14,lausanne ouchy,winterthur,4.0,1.0,0.0,1.0,4.0,2.0
WMsdFtLc,flashscore,SW1,2324,2024-04-14,young boys,luzern,3.0,3.0,4.0,4.0,7.0,7.0
GEa9iwTj,flashscore,SW1,2324,2024-04-14,basel,servette,0.0,3.0,2.0,4.0,2.0,7.0
WG0wSCNb,flashscore,TR1,2324,2024-04-14,karagumruk,fenerbahce,1.0,3.0,2.0,3.0,3.0,6.0
CCTCBiwI,flashscore,TR1,2324,2024-04-14,hatayspor,istanbulspor as,0.0,5.0,4.0,2.0,4.0,7.0
hQ1ZSh8h,flashscore,TR1,2324,2024-04-14,rizespor,antalyaspor,2.0,2.0,2.0,5.0,4.0,7.0
b32VTYhn,flashscore,TR1,2324,2024-04-14,pendikspor,basaksehir,5.0,2.0,1.0,2.0,6.0,4.0
jJp3lOOB,flashscore,TR2,2324,2024-04-14,kocaelispor,giresunspor,5.0,1.0,1.0,1.0,6.0,2.0
0UijiQvg,flashscore,TR2,2324,2024-04-14,sanliurfaspor,bandirmaspor,1.0,2.0,0.0,3.0,1.0,5.0
8febk495,flashscore,TR2,2324,2024-04-14,tuzlaspor,goztepe,1.0,1.0,3.0,0.0,4.0,1.0
l0oRE2PH,flashscore,DK1,2324,2024-04-15,silkeborg,nordsjaelland,2.0,2.0,2.0,2.0,4.0,4.0
KYplrD28,flashscore,E0,2324,2024-04-15,chelsea,everton,1.0,5.0,3.0,3.0,4.0,8.0
K6Cj3ET7,flashscore,I1,2324,2024-04-15,atalanta,verona,3.0,1.0,2.0,3.0,5.0,4.0
C0axRHLE,flashscore,I1,2324,2024-04-15,fiorentina,genoa,3.0,1.0,3.0,1.0,6.0,2.0
z7bAoCG0,flashscore,P1,2324,2024-04-15,vizela,chaves,8.0,4.0,2.0,1.0,10.0,5.0
rJjWAjWg,flashscore,RO1,2324,2024-04-15,fc rapid bucuresti,sepsi sf. gheorghe,1.0,1.0,0.0,0.0,1.0,1.0
EZvrokBg,flashscore,RS1,2324,2024-04-15,vozdovac,radnicki 1923,4.0,0.0,1.0,2.0,5.0,2.0
A1YjqTu6,flashscore,RS1,2324,2024-04-15,mladost,imt novi beograd,0.0,2.0,6.0,2.0,6.0,4.0
hQwnp9Qa,flashscore,RS1,2324,2024-04-15,sp. subotica,javor,0.0,2.0,0.0,1.0,0.0,3.0
KCuvnVem,flashscore,RS1,2324,2024-04-15,novi pazar,radnicki nis,3.0,3.0,7.0,1.0,10.0,4.0
KQO7ykRn,flashscore,SP1,2324,2024-04-15,osasuna,valencia,2.0,1.0,2.0,0.0,4.0,1.0
EsVk11JT,flashscore,SP2,2324,2024-04-15,alcorcon,villarreal b,1.0,3.0,1.0,4.0,2.0,7.0
tnYGABhO,flashscore,TR1,2324,2024-04-15,alanyaspor,galatasaray,4.0,1.0,2.0,5.0,6.0,6.0
vF3sgnAt,flashscore,TR2,2324,2024-04-15,adanaspor as,bodrumspor,3.0,2.0,2.0,6.0,5.0,8.0
ljOXYrPO,flashscore,TR2,2324,2024-04-15,erzurumspor,sakaryaspor,1.0,1.0,3.0,6.0,4.0,7.0
COF1M5hj,flashscore,E1,2324,2024-04-16,southampton,preston,2.0,0.0,3.0,0.0,5.0,0.0
h6qPe2wF,flashscore,P1,2324,2024-04-16,famalicao,sporting cp,1.0,1.0,3.0,5.0,4.0,6.0
tzYR18j2,flashscore,SA1,2324,2024-04-18,al fateh,al raed,2.0,2.0,5.0,2.0,7.0,4.0
r3fcHmjk,flashscore,SA1,2324,2024-04-18,al shabab,abha,3.0,0.0,0.0,1.0,3.0,1.0
drGEPBr9,flashscore,SA1,2324,2024-04-18,al taawon,al khaleej,1.0,6.0,2.0,2.0,3.0,8.0
IgpOk8qD,flashscore,B2,2324,2024-04-19,beerschot va,patro eisden,0.0,0.0,3.0,5.0,3.0,5.0
re2xvW1b,flashscore,B2,2324,2024-04-19,francs borains,dender,1.0,2.0,3.0,0.0,4.0,2.0
4AjoxAWA,flashscore,B2,2324,2024-04-19,lommel sk,beveren,0.0,1.0,2.0,3.0,2.0,4.0
dv0QtYHu,flashscore,B2,2324,2024-04-19,oostende,st. liege u23,4.0,2.0,4.0,4.0,8.0,6.0
dpqSlSbJ,flashscore,B2,2324,2024-04-19,rfc liege,genk u23,0.0,1.0,6.0,1.0,6.0,2.0
UibYvCnh,flashscore,B2,2324,2024-04-19,seraing,deinze,2.0,0.0,2.0,1.0,4.0,1.0
QJiswjH4,flashscore,B2,2324,2024-04-19,waregem,k. lierse s.k.,2.0,5.0,5.0,1.0,7.0,6.0
8Yi4NU6q,flashscore,D1,2324,2024-04-19,eintracht frankfurt,augsburg,4.0,1.0,2.0,4.0,6.0,5.0
WK8HkHwp,flashscore,D2,2324,2024-04-19,elversberg,schalke,3.0,4.0,0.0,3.0,3.0,7.0
UBMkfcVS,flashscore,D2,2324,2024-04-19,nurnberg,paderborn,4.0,4.0,4.0,1.0,8.0,5.0
QwOleBTK,flashscore,DK1,2324,2024-04-19,randers fc,odense,1.0,4.0,1.0,2.0,2.0,6.0
p61MS7w9,flashscore,F1,2324,2024-04-19,nice,lorient,2.0,1.0,0.0,2.0,2.0,3.0
YioXFiDD,flashscore,I1,2324,2024-04-19,cagliari,juventus,3.0,1.0,1.0,2.0,4.0,3.0
l0TJwe5K,flashscore,I1,2324,2024-04-19,genoa,lazio,2.0,3.0,0.0,6.0,2.0,9.0
WjHm5mmF,flashscore,I2,2324,2024-04-19,palermo,parma,3.0,3.0,4.0,2.0,7.0,5.0
8GvHmLHs,flashscore,I2,2324,2024-04-19,reggiana,cosenza,2.0,4.0,4.0,1.0,6.0,5.0
lzrjyA8a,flashscore,P1,2324,2024-04-19,rio ave,arouca,1.0,3.0,3.0,3.0,4.0,6.0
vopu9U06,flashscore,RO1,2324,2024-04-19,farul constanta,cfr cluj,4.0,0.0,1.0,3.0,5.0,3.0
veuRcooh,flashscore,RO1,2324,2024-04-19,fc hermannstadt,fc botosani,5.0,2.0,5.0,3.0,10.0,5.0
j5FIOVcF,flashscore,SA1,2324,2024-04-19,al nassr,al fayha,5.0,0.0,4.0,0.0,9.0,0.0
UeEMNkDL,flashscore,SA1,2324,2024-04-19,al riyadh,al taee,2.0,1.0,4.0,2.0,6.0,3.0
6un0EIPj,flashscore,SP1,2324,2024-04-19,ath bilbao,granada cf,3.0,3.0,8.0,1.0,11.0,4.0
n9U1TJ2M,flashscore,SP2,2324,2024-04-19,tenerife,leganes,4.0,0.0,2.0,2.0,6.0,2.0
YaHJQNrM,flashscore,TR1,2324,2024-04-19,besiktas,ankaragucu,5.0,4.0,3.0,2.0,8.0,6.0
rD9t2sgB,flashscore,TR2,2324,2024-04-19,altay,manisa fk,6.0,1.0,2.0,2.0,8.0,3.0
GfgdbkW0,flashscore,B1,2324,2024-04-20,genk,anderlecht,1.0,2.0,3.0,1.0,4.0,3.0
M3UupETt,flashscore,B1,2324,2024-04-20,gent,kv mechelen,3.0,1.0,3.0,4.0,6.0,5.0
t6GB1taE,flashscore,B1,2324,2024-04-20,westerlo,st. liege,4.0,2.0,2.0,5.0,6.0,7.0
S2C72Mq8,flashscore,B1,2324,2024-04-20,leuven,st. truiden,1.0,0.0,5.0,3.0,6.0,3.0
zVbUuhXo,flashscore,B2,2324,2024-04-20,anderlecht u23,club brugge kv u23,1.0,2.0,3.0,3.0,4.0,5.0
jHBXSjqM,flashscore,D1,2324,2024-04-20,union berlin,bayern munich,4.0,1.0,1.0,2.0,5.0,3.0
GbeCL8yd,flashscore,D1,2324,2024-04-20,fc koln,darmstadt,3.0,1.0,1.0,2.0,4.0,3.0
Acx3rWr9,flashscore,D1,2324,2024-04-20,heidenheim,rb leipzig,1.0,1.0,1.0,5.0,2.0,6.0
fkfGKSj2,flashscore,D1,2324,2024-04-20,hoffenheim,b. monchengladbach,4.0,1.0,2.0,4.0,6.0,5.0
nPj8MlMk,flashscore,D1,2324,2024-04-20,wolfsburg,bochum,2.0,3.0,3.0,5.0,5.0,8.0
tUEXa11i,flashscore,D2,2324,2024-04-20,hamburger sv,holstein kiel,5.0,2.0,8.0,2.0,13.0,4.0
KKDyaLGc,flashscore,D2,2324,2024-04-20,dusseldorf,greuther furth,2.0,3.0,1.0,1.0,3.0,4.0
vNTxcaoA,flashscore,D2,2324,2024-04-20,kaiserslautern,wehen,3.0,2.0,4.0,5.0,7.0,7.0
0fDLlygj,flashscore,D2,2324,2024-04-20,vfl osnabruck,braunschweig,3.0,1.0,3.0,1.0,6.0,2.0
dh57ZuG5,flashscore,E0,2324,2024-04-20,wolves,arsenal,0.0,0.0,1.0,2.0,1.0,2.0
UuEjwOGt,flashscore,E0,2324,2024-04-20,luton,brentford,2.0,5.0,2.0,4.0,4.0,9.0
Ov7ay2og,flashscore,E0,2324,2024-04-20,sheffield utd,burnley,4.0,1.0,7.0,1.0,11.0,2.0
QPCDLPKN,flashscore,E1,2324,2024-04-20,qpr,preston,2.0,2.0,3.0,1.0,5.0,3.0
fyBijdsC,flashscore,E1,2324,2024-04-20,cardiff,southampton,2.0,2.0,2.0,3.0,4.0,5.0
lbAekGdI,flashscore,E1,2324,2024-04-20,huddersfield,swansea,3.0,3.0,1.0,4.0,4.0,7.0
nZD9M55H,flashscore,E1,2324,2024-04-20,norwich,bristol city,4.0,1.0,4.0,4.0,8.0,5.0
r17IKqzU,flashscore,E1,2324,2024-04-20,rotherham,birmingham,6.0,2.0,1.0,4.0,7.0,6.0
pAgpG3ro,flashscore,E1,2324,2024-04-20,stoke,plymouth,2.0,2.0,5.0,1.0,7.0,3.0
bDsSvmLo,flashscore,E1,2324,2024-04-20,sunderland,millwall,4.0,3.0,7.0,1.0,11.0,4.0
AmoWw7zh,flashscore,E1,2324,2024-04-20,watford,hull,1.0,4.0,0.0,1.0,1.0,5.0
v9A1ORz5,flashscore,E1,2324,2024-04-20,leicester,west brom,2.0,1.0,2.0,5.0,4.0,6.0
tYfVQo8L,flashscore,F1,2324,2024-04-20,lens,clermont,2.0,3.0,2.0,0.0,4.0,3.0
zefZP5NR,flashscore,F1,2324,2024-04-20,nantes,rennes,1.0,5.0,2.0,2.0,3.0,7.0
UJ0BTAsD,flashscore,I1,2324,2024-04-20,verona,udinese,3.0,2.0,7.0,4.0,10.0,6.0
zcPFvyjE,flashscore,I1,2324,2024-04-20,empoli,napoli,2.0,2.0,0.0,6.0,2.0,8.0
MLZdrQu2,flashscore,I2,2324,2024-04-20,catanzaro,cremonese,2.0,2.0,0.0,4.0,2.0,6.0
EFMr6TX8,flashscore,I2,2324,2024-04-20,lecco,venezia,0.0,1.0,1.0,5.0,1.0,6.0
2wvLnuXm,flashscore,I2,2324,2024-04-20,spezia,sampdoria,4.0,0.0,3.0,3.0,7.0,3.0
GtrPoanf,flashscore,I2,2324,2024-04-20,sudtirol,cittadella,0.0,4.0,2.0,1.0,2.0,5.0
SMtlpnBk,flashscore,I2,2324,2024-04-20,ascoli,modena,2.0,2.0,1.0,3.0,3.0,5.0
AoWhq6Qe,flashscore,I2,2324,2024-04-20,bari,pisa,2.0,3.0,5.0,2.0,7.0,5.0
QsYbWqH8,flashscore,I2,2324,2024-04-20,brescia,ternana,6.0,3.0,2.0,3.0,8.0,6.0
zPNv79I2,flashscore,I2,2324,2024-04-20,feralpisalo,como,5.0,7.0,3.0,3.0,8.0,10.0
vPz3Y7hI,flashscore,P1,2324,2024-04-20,braga,vizela,2.0,3.0,2.0,1.0,4.0,4.0
hMTFiVht,flashscore,P1,2324,2024-04-20,boavista,estrela,2.0,3.0,4.0,2.0,6.0,5.0
d0obZmwC,flashscore,P1,2324,2024-04-20,moreirense,gil vicente,2.0,1.0,6.0,0.0,8.0,1.0
QstyAAo0,flashscore,RO1,2324,2024-04-20,fcsb,fc rapid bucuresti,2.0,3.0,6.0,0.0,8.0,3.0
tKyrf3pH,flashscore,RO1,2324,2024-04-20,u craiova 1948,dinamo bucuresti,1.0,1.0,0.0,1.0,1.0,2.0
CpXweqVA,flashscore,RO1,2324,2024-04-20,poli iasi,fc voluntari,5.0,1.0,0.0,6.0,5.0,7.0
KbSzpggc,flashscore,RS1,2324,2024-04-20,crvena zvezda,partizan,0.0,4.0,1.0,2.0,1.0,6.0
2Ncjxszi,flashscore,RS1,2324,2024-04-20,tsc,vojvodina,3.0,3.0,1.0,2.0,4.0,5.0
ChJBqPsH,flashscore,RS1,2324,2024-04-20,radnicki 1923,cukaricki,1.0,2.0,4.0,4.0,5.0,6.0
nX8RM9SR,flashscore,SA1,2324,2024-04-20,al ettifaq,al wehda,3.0,1.0,3.0,2.0,6.0,3.0
ruCAQiT2,flashscore,SA1,2324,2024-04-20,al hazem,al ittihad,1.0,4.0,3.0,7.0,4.0,11.0
ltegITzq,flashscore,SA1,2324,2024-04-20,al okhdood,damac,2.0,1.0,2.0,0.0,4.0,1.0
tIQ2YwHM,flashscore,SP1,2324,2024-04-20,girona,cadiz cf,2.0,1.0,0.0,3.0,2.0,4.0
2RRbZJ1G,flashscore,SP1,2324,2024-04-20,valencia,betis,2.0,2.0,5.0,4.0,7.0,6.0
027ZSHvp,flashscore,SP1,2324,2024-04-20,rayo vallecano,osasuna,2.0,0.0,3.0,1.0,5.0,1.0
Krzrw22i,flashscore,SP1,2324,2024-04-20,celta vigo,las palmas,4.0,2.0,4.0,2.0,8.0,4.0
vPOsYsli,flashscore,SP2,2324,2024-04-20,huesca,zaragoza,1.0,2.0,7.0,1.0,8.0,3.0
QLz09bBj,flashscore,SP2,2324,2024-04-20,elche,gijon,1.0,0.0,0.0,7.0,1.0,7.0
UXJ6SwIS,flashscore,SP2,2324,2024-04-20,racing santander,levante,0.0,1.0,3.0,2.0,3.0,3.0
8IVcUamG,flashscore,SP2,2324,2024-04-20,villarreal b,racing club ferrol,3.0,3.0,0.0,1.0,3.0,4.0
6yfTEKmT,flashscore,SP2,2324,2024-04-20,amorebieta,valladolid,1.0,2.0,1.0,4.0,2.0,6.0
Qqs0E0z4,flashscore,SW1,2324,2024-04-20,lugano,lausanne,1.0,1.0,3.0,3.0,4.0,4.0
MBz9Cv5G,flashscore,SW1,2324,2024-04-20,servette,grasshoppers,2.0,2.0,2.0,1.0,4.0,3.0
8SYGAIZS,flashscore,SW1,2324,2024-04-20,yverdon,lausanne ouchy,1.0,6.0,4.0,3.0,5.0,9.0
S2EBSqE9,flashscore,TR1,2324,2024-04-20,kayserispor,trabzonspor,2.0,1.0,2.0,0.0,4.0,1.0
6mQ2U5qc,flashscore,TR1,2324,2024-04-20,samsunspor,adana demirspor,1.0,1.0,6.0,3.0,7.0,4.0
IXWK5M6d,flashscore,TR1,2324,2024-04-20,konyaspor,alanyaspor,0.0,0.0,2.0,1.0,2.0,1.0
pvP6TPb3,flashscore,TR1,2324,2024-04-20,istanbulspor as,karagumruk,1.0,5.0,0.0,2.0,1.0,7.0
z7nFoM8U,flashscore,TR2,2324,2024-04-20,eyupspor,boluspor,4.0,1.0,2.0,2.0,6.0,3.0
4MAx3Nw5,flashscore,TR2,2324,2024-04-20,giresunspor,goztepe,0.0,1.0,0.0,2.0,0.0,3.0
8fHT4q9h,flashscore,TR2,2324,2024-04-20,bandirmaspor,tuzlaspor,0.0,2.0,1.0,1.0,1.0,3.0
4WHAUDCd,flashscore,B1,2324,2024-04-21,charleroi,eupen,2.0,3.0,5.0,1.0,7.0,4.0
CMn5dT0D,flashscore,B1,2324,2024-04-21,royale union sg,club brugge kv,6.0,6.0,4.0,2.0,10.0,8.0
QuJ6Vgcj,flashscore,B1,2324,2024-04-21,kortrijk,rwdm brussels,6.0,1.0,5.0,3.0,11.0,4.0
YVm1c9o7,flashscore,B1,2324,2024-04-21,cercle brugge ksv,antwerp,4.0,1.0,3.0,1.0,7.0,2.0
2iFySAbS,flashscore,D1,2324,2024-04-21,freiburg,mainz,2.0,4.0,0.0,0.0,2.0,4.0
dfCTTWTF,flashscore,D1,2324,2024-04-21,dortmund,bayer leverkusen,0.0,1.0,2.0,5.0,2.0,6.0
dfYbqCT2,flashscore,D1,2324,2024-04-21,werder bremen,stuttgart,0.0,3.0,1.0,4.0,1.0,7.0
YqTtdJ0G,flashscore,D2,2324,2024-04-21,hannover,st. pauli,6.0,0.0,1.0,4.0,7.0,4.0
nmXpewGM,flashscore,D2,2324,2024-04-21,hansa rostock,magdeburg,1.0,1.0,5.0,0.0,6.0,1.0
0WUYcuW3,flashscore,D2,2324,2024-04-21,karlsruher sc,hertha berlin,1.0,4.0,2.0,3.0,3.0,7.0
fclZCtfU,flashscore,DK1,2324,2024-04-21,brondby,midtjylland,4.0,3.0,1.0,3.0,5.0,6.0
rNpVDMvO,flashscore,DK1,2324,2024-04-21,fc copenhagen,silkeborg,1.0,1.0,0.0,0.0,1.0,1.0
4UMhfVrR,flashscore,DK1,2324,2024-04-21,hvidovre if,vejle,1.0,2.0,2.0,2.0,3.0,4.0
M99Kkkir,flashscore,DK1,2324,2024-04-21,viborg,lyngby,2.0,5.0,4.0,5.0,6.0,10.0
hGjNfjnE,flashscore,E0,2324,2024-04-21,fulham,liverpool,1.0,3.0,0.0,1.0,1.0,4.0
Us5SY8Pf,flashscore,E0,2324,2024-04-21,aston villa,bournemouth,2.0,3.0,6.0,1.0,8.0,4.0
Q9byXnf7,flashscore,E0,2324,2024-04-21,crystal palace,west ham,3.0,0.0,1.0,0.0,4.0,0.0
40cuW69D,flashscore,E0,2324,2024-04-21,everton,nottingham,4.0,4.0,2.0,0.0,6.0,4.0
IgMhQm6h,flashscore,E1,2324,2024-04-21,blackburn,sheffield wed,2.0,1.0,4.0,1.0,6.0,2.0
v9AW5pWe,flashscore,F1,2324,2024-04-21,psg,lyon,2.0,5.0,2.0,5.0,4.0,10.0
Ia9z54o2,flashscore,F1,2324,2024-04-21,toulouse,marseille,5.0,2.0,2.0,2.0,7.0,4.0
4QCcKqok,flashscore,F1,2324,2024-04-21,brest,monaco,4.0,2.0,3.0,2.0,7.0,4.0
x4t1LPVr,flashscore,F1,2324,2024-04-21,le havre,metz,0.0,0.0,4.0,2.0,4.0,2.0
6F2ITmO2,flashscore,F1,2324,2024-04-21,lille,strasbourg,3.0,1.0,1.0,3.0,4.0,4.0
SUjRRRhF,flashscore,F1,2324,2024-04-21,reims,montpellier,3.0,4.0,5.0,0.0,8.0,4.0
pWEkYYSs,flashscore,I1,2324,2024-04-21,monza,atalanta,1.0,3.0,1.0,5.0,2.0,8.0
tb8bWCcf,flashscore,I1,2324,2024-04-21,salernitana,fiorentina,1.0,3.0,1.0,2.0,2.0,5.0
neB6UjS6,flashscore,I1,2324,2024-04-21,torino,frosinone,3.0,2.0,3.0,2.0,6.0,4.0
zL72VWC0,flashscore,I1,2324,2024-04-21,sassuolo,lecce,5.0,2.0,4.0,2.0,9.0,4.0
I9nfzUN5,flashscore,P1,2324,2024-04-21,sporting cp,vitoria guimaraes,3.0,0.0,2.0,3.0,5.0,3.0
AcOKjk8n,flashscore,P1,2324,2024-04-21,casa pia,fc porto,2.0,4.0,6.0,0.0,8.0,4.0
xAg6XR7O,flashscore,P1,2324,2024-04-21,chaves,estoril,1.0,2.0,6.0,3.0,7.0,5.0
jDsldBpP,flashscore,P1,2324,2024-04-21,famalicao,portimonense,5.0,1.0,4.0,5.0,9.0,6.0
Y7qq8lGC,flashscore,RO1,2324,2024-04-21,sepsi sf. gheorghe,univ. craiova,0.0,5.0,1.0,4.0,1.0,9.0
YgYZePF4,flashscore,RO1,2324,2024-04-21,otelul,u. cluj,1.0,2.0,0.0,2.0,1.0,4.0
lAdLZ2Wr,flashscore,RS1,2324,2024-04-21,novi pazar,vozdovac,3.0,3.0,2.0,0.0,5.0,3.0
dtqxWKV7,flashscore,RS1,2324,2024-04-21,radnicki nis,radnik,3.0,2.0,5.0,1.0,8.0,3.0
APpUXt1e,flashscore,RS1,2324,2024-04-21,sp. subotica,javor,0.0,2.0,1.0,7.0,1.0,9.0
f1Sfz0nA,flashscore,SP1,2324,2024-04-21,real madrid,barcelona,1.0,6.0,1.0,2.0,2.0,8.0
GATjytX3,flashscore,SP1,2324,2024-04-21,alaves,atl. madrid,0.0,3.0,1.0,8.0,1.0,11.0
SlmdFbAp,flashscore,SP1,2324,2024-04-21,almeria,villarreal,3.0,2.0,2.0,0.0,5.0,2.0
YovnxMHc,flashscore,SP1,2324,2024-04-21,getafe,real sociedad,0.0,2.0,0.0,2.0,0.0,4.0
EsHfVuY9,flashscore,SP2,2324,2024-04-21,mirandes,burgos cf,2.0,2.0,4.0,1.0,6.0,3.0
ziIjWLI3,flashscore,SP2,2324,2024-04-21,eibar,alcorcon,3.0,2.0,2.0,3.0,5.0,5.0
hSSoX13c,flashscore,SP2,2324,2024-04-21,eldense,albacete,3.0,1.0,5.0,2.0,8.0,3.0
CY8XQuaE,flashscore,SP2,2324,2024-04-21,espanyol,andorra,3.0,1.0,3.0,1.0,6.0,2.0
vmo4DKkA,flashscore,SW1,2324,2024-04-21,luzern,basel,6.0,5.0,5.0,2.0,11.0,7.0
02ZCBbKM,flashscore,SW1,2324,2024-04-21,winterthur,young boys,1.0,5.0,4.0,3.0,5.0,8.0
AyLr6xrp,flashscore,SW1,2324,2024-04-21,zurich,st. gallen,4.0,2.0,0.0,4.0,4.0,6.0
ptGrPA7H,flashscore,TR1,2324,2024-04-21,antalyaspor,hatayspor,0.0,2.0,0.0,1.0,0.0,3.0
dIrC7rxp,flashscore,TR1,2324,2024-04-21,galatasaray,pendikspor,2.0,1.0,2.0,2.0,4.0,3.0
vsYG62ij,flashscore,TR1,2324,2024-04-21,gaziantep,kasimpasa,3.0,5.0,2.0,3.0,5.0,8.0
CjGNPsbS,flashscore,TR1,2324,2024-04-21,basaksehir,rizespor,0.0,0.0,1.0,4.0,1.0,4.0
zsJL65vt,flashscore,TR2,2324,2024-04-21,sakaryaspor,keciorengucu,1.0,0.0,1.0,4.0,2.0,4.0
2gl7mrvI,flashscore,TR2,2324,2024-04-21,corum,adanaspor as,1.0,3.0,4.0,3.0,5.0,6.0
McLX33Ob,flashscore,TR2,2324,2024-04-21,genclerbirligi,erzurumspor,2.0,7.0,4.0,4.0,6.0,11.0
dGmBn2gO,flashscore,TR2,2324,2024-04-21,bodrumspor,sanliurfaspor,4.0,1.0,3.0,2.0,7.0,3.0
KKFuYPPu,flashscore,DK1,2324,2024-04-22,nordsjaelland,aarhus,6.0,1.0,2.0,2.0,8.0,3.0
hCE5NojB,flashscore,E1,2324,2024-04-22,middlesbrough,leeds,5.0,1.0,6.0,3.0,11.0,4.0
rNSNxFKQ,flashscore,I1,2324,2024-04-22,ac milan,inter,1.0,2.0,4.0,1.0,5.0,3.0
279fXhrl,flashscore,I1,2324,2024-04-22,as roma,bologna,1.0,1.0,7.0,1.0,8.0,2.0
Aqqnxjgg,flashscore,P1,2324,2024-04-22,sc farense,benfica,3.0,6.0,0.0,1.0,3.0,7.0
jVrVd50b,flashscore,RO1,2324,2024-04-22,petrolul,uta arad,0.0,4.0,2.0,3.0,2.0,7.0
6iCKs3CT,flashscore,RS1,2324,2024-04-22,mladost,napredak,4.0,3.0,2.0,1.0,6.0,4.0
ClROgONE,flashscore,RS1,2324,2024-04-22,imt novi beograd,zeleznicar pancevo,2.0,5.0,2.0,1.0,4.0,6.0
OtG7XcWS,flashscore,SP1,2324,2024-04-22,sevilla,mallorca,1.0,2.0,3.0,2.0,4.0,4.0
nVydAvdp,flashscore,SP2,2324,2024-04-22,fc cartagena sad,oviedo,0.0,1.0,5.0,1.0,5.0,2.0
vwIFR3TF,flashscore,TR1,2324,2024-04-22,sivasspor,fenerbahce,3.0,1.0,0.0,1.0,3.0,2.0
EXHP5Pgn,flashscore,TR2,2324,2024-04-22,umraniyespor,kocaelispor,0.0,3.0,0.0,3.0,0.0,6.0
nBRisCDa,flashscore,B1,2324,2024-04-23,st. liege,kv mechelen,5.0,2.0,3.0,2.0,8.0,4.0
8KSmrhbg,flashscore,B1,2324,2024-04-23,st. truiden,gent,1.0,2.0,4.0,2.0,5.0,4.0
0fTqqYrm,flashscore,B1,2324,2024-04-23,westerlo,leuven,7.0,2.0,2.0,2.0,9.0,4.0
QDlmloU5,flashscore,E0,2324,2024-04-23,arsenal,chelsea,3.0,2.0,1.0,0.0,4.0,2.0
4jI7yxbf,flashscore,E1,2324,2024-04-23,leicester,southampton,1.0,1.0,0.0,3.0,1.0,4.0
KAzngNaN,flashscore,RO1,2324,2024-04-23,fc botosani,dinamo bucuresti,1.0,3.0,3.0,0.0,4.0,3.0
2ZPjhsFT,flashscore,RO1,2324,2024-04-23,fc voluntari,u craiova 1948,1.0,3.0,1.0,4.0,2.0,7.0
QPzmLCwE,flashscore,B1,2324,2024-04-24,anderlecht,cercle brugge ksv,2.0,2.0,2.0,0.0,4.0,2.0
OAgjKWhK,flashscore,B1,2324,2024-04-24,club brugge kv,genk,0.0,2.0,0.0,2.0,0.0,4.0
A1jaoqEO,flashscore,E0,2324,2024-04-24,crystal palace,newcastle,4.0,0.0,3.0,2.0,7.0,2.0
C6UsASjP,flashscore,E0,2324,2024-04-24,everton,liverpool,0.0,5.0,4.0,8.0,4.0,13.0
MuKH3QTh,flashscore,E0,2324,2024-04-24,manchester utd,sheffield utd,6.0,0.0,2.0,4.0,8.0,4.0
I7DQ14b5,flashscore,E0,2324,2024-04-24,wolves,bournemouth,4.0,6.0,4.0,6.0,8.0,12.0
ChwTrK5K,flashscore,E1,2324,2024-04-24,coventry,hull,1.0,8.0,3.0,0.0,4.0,8.0
bkwuGUg3,flashscore,F1,2324,2024-04-24,marseille,nice,1.0,0.0,2.0,2.0,3.0,2.0
W2ymE8OF,flashscore,F1,2324,2024-04-24,monaco,lille,1.0,3.0,6.0,2.0,7.0,5.0
hCxqFl99,flashscore,F1,2324,2024-04-24,lorient,psg,1.0,2.0,2.0,4.0,3.0,6.0
AZROlAkb,flashscore,N1,2324,2024-04-24,ajax,excelsior,1.0,3.0,3.0,0.0,4.0,3.0
ER81TaJk,flashscore,N1,2324,2024-04-24,twente,almere city,2.0,0.0,6.0,4.0,8.0,4.0
Cbrm78VI,flashscore,RO1,2324,2024-04-24,sepsi sf. gheorghe,fcsb,6.0,2.0,5.0,1.0,11.0,3.0
lGRVVi8J,flashscore,RO1,2324,2024-04-24,farul constanta,fc rapid bucuresti,4.0,1.0,3.0,1.0,7.0,2.0
veHIm1Np,flashscore,RO1,2324,2024-04-24,u. cluj,poli iasi,1.0,1.0,9.0,2.0,10.0,3.0
6ZreJj8Q,flashscore,B1,2324,2024-04-25,antwerp,royale union sg,1.0,5.0,4.0,0.0,5.0,5.0
44mim5qC,flashscore,E0,2324,2024-04-25,brighton,manchester city,2.0,2.0,2.0,2.0,4.0,4.0
f1nTGXc7,flashscore,I1,2324,2024-04-25,udinese,as roma,1.0,4.0,4.0,4.0,5.0,8.0
zyAcUu4q,flashscore,N1,2324,2024-04-25,g.a. eagles,feyenoord,5.0,2.0,4.0,1.0,9.0,3.0
djUzn8ZG,flashscore,N1,2324,2024-04-25,heerenveen,psv,0.0,1.0,2.0,0.0,2.0,1.0
S6QZUBNP,flashscore,RO1,2324,2024-04-25,univ. craiova,cfr cluj,3.0,5.0,5.0,1.0,8.0,6.0
Wl44B4Fi,flashscore,RO1,2324,2024-04-25,fc hermannstadt,petrolul,4.0,0.0,0.0,4.0,4.0,4.0
hb50Cp0o,flashscore,RO1,2324,2024-04-25,uta arad,otelul,1.0,3.0,1.0,4.0,2.0,7.0
zcJzV6Kl,flashscore,SA1,2324,2024-04-25,al riyadh,al ahli sc,0.0,3.0,1.0,2.0,1.0,5.0
x2m6FRK1,flashscore,SA1,2324,2024-04-25,al wehda,al hazem,2.0,2.0,3.0,3.0,5.0,5.0
GhnAEoz8,flashscore,SA1,2324,2024-04-25,al fayha,al taee,2.0,2.0,2.0,4.0,4.0,6.0
hnBhgckc,flashscore,B1,2324,2024-04-26,eupen,charleroi,2.0,2.0,2.0,3.0,4.0,5.0
GKWnYoL1,flashscore,D1,2324,2024-04-26,bochum,hoffenheim,2.0,4.0,8.0,0.0,10.0,4.0
tjj8Cvoc,flashscore,D2,2324,2024-04-26,hertha berlin,hannover,1.0,6.0,1.0,4.0,2.0,10.0
hQgCBb03,flashscore,D2,2324,2024-04-26,st. pauli,hansa rostock,3.0,5.0,3.0,1.0,6.0,6.0
KfSNl96l,flashscore,DK1,2324,2024-04-26,lyngby,vejle,1.0,3.0,3.0,1.0,4.0,4.0
hzJNTMCp,flashscore,E1,2324,2024-04-26,qpr,leeds,0.0,5.0,7.0,3.0,7.0,8.0
dKyyY2Fl,flashscore,F1,2324,2024-04-26,montpellier,nantes,3.0,2.0,0.0,4.0,3.0,6.0
8AaFSUdJ,flashscore,I1,2324,2024-04-26,frosinone,salernitana,5.0,0.0,2.0,3.0,7.0,3.0
QVRR5KwQ,flashscore,I2,2324,2024-04-26,pisa,catanzaro,3.0,2.0,7.0,1.0,10.0,3.0
vw82aIGg,flashscore,I2,2324,2024-04-26,venezia,cremonese,2.0,0.0,3.0,3.0,5.0,3.0
llNOk9Nh,flashscore,P1,2324,2024-04-26,gil vicente,arouca,1.0,2.0,1.0,3.0,2.0,5.0
ttDI6tUM,flashscore,RO1,2324,2024-04-26,dinamo bucuresti,fc voluntari,5.0,1.0,3.0,4.0,8.0,5.0
YTtPN2xe,flashscore,RS1,2324,2024-04-26,cukaricki,mladost,2.0,1.0,3.0,2.0,5.0,3.0
Aq9BpKp1,flashscore,RS1,2324,2024-04-26,vozdovac,sp. subotica,4.0,2.0,0.0,4.0,4.0,6.0
d6KWVn5r,flashscore,SA1,2324,2024-04-26,al ittihad,al shabab,0.0,0.0,3.0,1.0,3.0,1.0
2JkXTQZf,flashscore,SA1,2324,2024-04-26,al hilal,al fateh,6.0,0.0,2.0,4.0,8.0,4.0
QNT0y9sL,flashscore,SA1,2324,2024-04-26,damac,al taawon,0.0,1.0,2.0,1.0,2.0,2.0
nJVGueOk,flashscore,SP1,2324,2024-04-26,real sociedad,real madrid,5.0,1.0,6.0,2.0,11.0,3.0
U93xQaEK,flashscore,SP2,2324,2024-04-26,andorra,racing santander,3.0,3.0,6.0,2.0,9.0,5.0
QcdbJuyd,flashscore,TR1,2324,2024-04-26,adana demirspor,galatasaray,3.0,3.0,2.0,3.0,5.0,6.0
x0K4vAcI,flashscore,B1,2324,2024-04-27,gent,westerlo,0.0,5.0,3.0,5.0,3.0,10.0
z5y8jiX7,flashscore,B1,2324,2024-04-27,waregem,lommel sk,2.0,2.0,2.0,2.0,4.0,4.0
rwL0ujrC,flashscore,B1,2324,2024-04-27,st. liege,st. truiden,2.0,3.0,3.0,1.0,5.0,4.0
UZGdtWS5,flashscore,B1,2324,2024-04-27,kv mechelen,leuven,2.0,2.0,2.0,1.0,4.0,3.0
8hpifZXr,flashscore,B1,2324,2024-04-27,patro eisden,deinze,1.0,3.0,1.0,1.0,2.0,4.0
QVwzylyq,flashscore,D1,2324,2024-04-27,bayer leverkusen,stuttgart,1.0,1.0,4.0,1.0,5.0,2.0
fBVjX5z8,flashscore,D1,2324,2024-04-27,augsburg,werder bremen,4.0,3.0,2.0,1.0,6.0,4.0
4Ky7sjbF,flashscore,D1,2324,2024-04-27,bayern munich,eintracht frankfurt,1.0,1.0,3.0,1.0,4.0,2.0
OMi8uUSR,flashscore,D1,2324,2024-04-27,freiburg,wolfsburg,2.0,0.0,1.0,6.0,3.0,6.0
rBzBtADL,flashscore,D1,2324,2024-04-27,rb leipzig,dortmund,1.0,3.0,4.0,5.0,5.0,8.0
voCPme8d,flashscore,D2,2324,2024-04-27,schalke,dusseldorf,1.0,1.0,3.0,3.0,4.0,4.0
voYf3z8q,flashscore,D2,2324,2024-04-27,braunschweig,hamburger sv,0.0,1.0,1.0,5.0,1.0,6.0
QwhK9xVF,flashscore,D2,2324,2024-04-27,holstein kiel,kaiserslautern,2.0,4.0,4.0,0.0,6.0,4.0
nmgGAIF9,flashscore,D2,2324,2024-04-27,paderborn,elversberg,4.0,0.0,1.0,1.0,5.0,1.0
hKbGXJpI,flashscore,E0,2324,2024-04-27,aston villa,chelsea,0.0,0.0,2.0,4.0,2.0,4.0
nsbKWw0O,flashscore,E0,2324,2024-04-27,everton,brentford,3.0,3.0,3.0,3.0,6.0,6.0
0p2OVcFU,flashscore,E0,2324,2024-04-27,fulham,crystal palace,2.0,5.0,3.0,4.0,5.0,9.0
Q7TUjsot,flashscore,E0,2324,2024-04-27,manchester utd,burnley,2.0,4.0,4.0,1.0,6.0,5.0
4bSYk10n,flashscore,E0,2324,2024-04-27,newcastle,sheffield utd,1.0,4.0,3.0,1.0,4.0,5.0
nsKknJaB,flashscore,E0,2324,2024-04-27,wolves,luton,1.0,1.0,3.0,3.0,4.0,4.0
YwGomap5,flashscore,E0,2324,2024-04-27,west ham,liverpool,3.0,1.0,1.0,7.0,4.0,8.0
vTxmzPZG,flashscore,E1,2324,2024-04-27,hull,ipswich,2.0,4.0,4.0,4.0,6.0,8.0
hCzywRkb,flashscore,E1,2324,2024-04-27,blackburn,coventry,6.0,0.0,4.0,2.0,10.0,2.0
W2Zvxo54,flashscore,E1,2324,2024-04-27,bristol city,rotherham,2.0,2.0,2.0,1.0,4.0,3.0
21EalzCO,flashscore,E1,2324,2024-04-27,cardiff,middlesbrough,1.0,1.0,3.0,0.0,4.0,1.0
0xvqy5KA,flashscore,E1,2324,2024-04-27,huddersfield,birmingham,1.0,3.0,8.0,2.0,9.0,5.0
MiSiZrkN,flashscore,E1,2324,2024-04-27,millwall,plymouth,4.0,4.0,5.0,5.0,9.0,9.0
46hrDJlP,flashscore,E1,2324,2024-04-27,norwich,swansea,6.0,1.0,6.0,5.0,12.0,6.0
WQHRStSj,flashscore,E1,2324,2024-04-27,sheffield wed,west brom,2.0,5.0,4.0,7.0,6.0,12.0
WIN2iQ4i,flashscore,E1,2324,2024-04-27,southampton,stoke,3.0,4.0,5.0,3.0,8.0,7.0
A9M6jpKc,flashscore,E1,2324,2024-04-27,watford,sunderland,1.0,3.0,2.0,0.0,3.0,3.0
rHB1J30e,flashscore,F1,2324,2024-04-27,psg,le havre,7.0,2.0,4.0,0.0,11.0,2.0
f1YXpCCm,flashscore,I1,2324,2024-04-27,lazio,verona,2.0,2.0,2.0,0.0,4.0,2.0
tbUTohcs,flashscore,I1,2324,2024-04-27,juventus,ac milan,4.0,1.0,5.0,3.0,9.0,4.0
lOXypWRg,flashscore,I1,2324,2024-04-27,lecce,monza,0.0,4.0,0.0,1.0,0.0,5.0
b5XTpJ10,flashscore,I2,2324,2024-04-27,cittadella,feralpisalo,2.0,1.0,1.0,2.0,3.0,3.0
xdWXqwH6,flashscore,I2,2324,2024-04-27,cosenza,bari,2.0,6.0,0.0,0.0,2.0,6.0
ANqurHoJ,flashscore,I2,2324,2024-04-27,palermo,reggiana,1.0,3.0,6.0,4.0,7.0,7.0
rBEg1vns,flashscore,I2,2324,2024-04-27,sampdoria,como,1.0,4.0,0.0,1.0,1.0,5.0
K4X2V3WE,flashscore,I2,2324,2024-04-27,brescia,spezia,1.0,4.0,4.0,1.0,5.0,5.0
WWpyqcWC,flashscore,I2,2324,2024-04-27,modena,sudtirol,2.0,3.0,3.0,1.0,5.0,4.0
CSNN60OJ,flashscore,I2,2324,2024-04-27,parma,lecco,4.0,0.0,4.0,3.0,8.0,3.0
M1Dc0b1m,flashscore,I2,2324,2024-04-27,ternana,ascoli,4.0,1.0,2.0,2.0,6.0,3.0
dEQWmmh5,flashscore,P1,2324,2024-04-27,vitoria guimaraes,boavista,3.0,1.0,1.0,2.0,4.0,3.0
QgEqooxO,flashscore,P1,2324,2024-04-27,benfica,braga,2.0,3.0,4.0,0.0,6.0,3.0
rBMSlTxa,flashscore,P1,2324,2024-04-27,casa pia,chaves,3.0,2.0,1.0,3.0,4.0,5.0
vwGym77B,flashscore,P1,2324,2024-04-27,vizela,rio ave,4.0,0.0,3.0,0.0,7.0,0.0
pnD1QVVt,flashscore,RO1,2324,2024-04-27,fcsb,farul constanta,3.0,1.0,4.0,6.0,7.0,7.0
bHND7MEG,flashscore,RO1,2324,2024-04-27,u craiova 1948,u. cluj,3.0,1.0,4.0,2.0,7.0,3.0
WbcKrbFD,flashscore,RS1,2324,2024-04-27,zeleznicar pancevo,radnicki nis,1.0,2.0,2.0,1.0,3.0,3.0
4n63ntGl,flashscore,RS1,2324,2024-04-27,javor,imt novi beograd,2.0,1.0,0.0,3.0,2.0,4.0
p2PWi2hR,flashscore,RS1,2324,2024-04-27,radnik,novi pazar,1.0,3.0,3.0,5.0,4.0,8.0
ravdxkSE,flashscore,SA1,2324,2024-04-27,al khaleej,al nassr,0.0,2.0,4.0,2.0,4.0,4.0
48uhwVC8,flashscore,SA1,2324,2024-04-27,al okhdood,abha,5.0,1.0,0.0,0.0,5.0,1.0
vRX4zTdR,flashscore,SA1,2324,2024-04-27,al raed,al ettifaq,0.0,7.0,1.0,6.0,1.0,13.0
xptsncoM,flashscore,SP1,2324,2024-04-27,atl. madrid,ath bilbao,1.0,3.0,2.0,2.0,3.0,5.0
fLjxmwWF,flashscore,SP1,2324,2024-04-27,alaves,celta vigo,5.0,1.0,3.0,2.0,8.0,3.0
fP6wSyfj,flashscore,SP1,2324,2024-04-27,almeria,getafe,1.0,2.0,8.0,0.0,9.0,2.0
GzuooH0S,flashscore,SP1,2324,2024-04-27,las palmas,girona,4.0,1.0,0.0,1.0,4.0,2.0
v79tMyed,flashscore,SP2,2324,2024-04-27,elche,espanyol,5.0,2.0,1.0,2.0,6.0,4.0
tA85Qjnr,flashscore,SP2,2324,2024-04-27,burgos cf,amorebieta,3.0,1.0,3.0,0.0,6.0,1.0
fFiTqum3,flashscore,SP2,2324,2024-04-27,leganes,zaragoza,3.0,0.0,2.0,3.0,5.0,3.0
hOjdvsDL,flashscore,TR1,2324,2024-04-27,fenerbahce,besiktas,3.0,0.0,1.0,2.0,4.0,2.0
Kdwkt3r9,flashscore,TR1,2324,2024-04-27,hatayspor,basaksehir,4.0,0.0,2.0,0.0,6.0,0.0
v102Iaj2,flashscore,TR1,2324,2024-04-27,kasimpasa,samsunspor,3.0,3.0,1.0,5.0,4.0,8.0
C8XSYKzq,flashscore,TR1,2324,2024-04-27,sivasspor,konyaspor,0.0,3.0,1.0,3.0,1.0,6.0
WxAdhH43,flashscore,B1,2324,2024-04-28,rwdm brussels,kortrijk,0.0,5.0,6.0,0.0,6.0,5.0
G8YUClof,flashscore,B1,2324,2024-04-28,royale union sg,antwerp,3.0,1.0,0.0,1.0,3.0,2.0
xIZQDUVm,flashscore,B1,2324,2024-04-28,cercle brugge ksv,anderlecht,0.0,0.0,4.0,3.0,4.0,3.0
8rVMEAGs,flashscore,B1,2324,2024-04-28,genk,club brugge kv,3.0,1.0,3.0,2.0,6.0,3.0
rROYekD8,flashscore,D1,2324,2024-04-28,darmstadt,heidenheim,0.0,1.0,3.0,7.0,3.0,8.0
Khwvz8jk,flashscore,D1,2324,2024-04-28,mainz,fc koln,5.0,2.0,1.0,4.0,6.0,6.0
YesrZR5e,flashscore,D1,2324,2024-04-28,b. monchengladbach,union berlin,1.0,0.0,2.0,4.0,3.0,4.0
rFnP8dpM,flashscore,D2,2324,2024-04-28,magdeburg,vfl osnabruck,7.0,1.0,3.0,4.0,10.0,5.0
M5oT7GaS,flashscore,D2,2324,2024-04-28,nurnberg,karlsruher sc,0.0,4.0,3.0,4.0,3.0,8.0
hlxa2fNk,flashscore,D2,2324,2024-04-28,wehen,greuther furth,4.0,2.0,4.0,3.0,8.0,5.0
SpJmW3fh,flashscore,DK1,2324,2024-04-28,fc copenhagen,aarhus,1.0,2.0,3.0,2.0,4.0,4.0
bBEqXqun,flashscore,DK1,2324,2024-04-28,nordsjaelland,brondby,2.0,3.0,3.0,2.0,5.0,5.0
tAGWnmy1,flashscore,DK1,2324,2024-04-28,odense,hvidovre if,2.0,4.0,12.0,1.0,14.0,5.0
2JHSmTLf,flashscore,DK1,2324,2024-04-28,viborg,randers fc,5.0,4.0,2.0,4.0,7.0,8.0
CORxkLFh,flashscore,E0,2324,2024-04-28,nottingham,manchester city,3.0,4.0,1.0,1.0,4.0,5.0
ETaCYaVB,flashscore,E0,2324,2024-04-28,bournemouth,brighton,3.0,1.0,5.0,1.0,8.0,2.0
jFQtluVb,flashscore,E0,2324,2024-04-28,tottenham,arsenal,5.0,2.0,3.0,4.0,8.0,6.0
hnghtR78,flashscore,F1,2324,2024-04-28,marseille,lens,2.0,6.0,1.0,5.0,3.0,11.0
0Cd0v5xL,flashscore,F1,2324,2024-04-28,lyon,monaco,1.0,0.0,2.0,3.0,3.0,3.0
jsF9HsV7,flashscore,F1,2324,2024-04-28,rennes,brest,2.0,4.0,5.0,0.0,7.0,4.0
v3e4wPiR,flashscore,F1,2324,2024-04-28,clermont,reims,4.0,2.0,1.0,3.0,5.0,5.0
WxhduoNE,flashscore,F1,2324,2024-04-28,lorient,toulouse,1.0,0.0,4.0,1.0,5.0,1.0
xvB5INF1,flashscore,F1,2324,2024-04-28,strasbourg,nice,1.0,2.0,1.0,1.0,2.0,3.0
ppYWYr0r,flashscore,F1,2324,2024-04-28,metz,lille,2.0,3.0,0.0,1.0,2.0,4.0
tvnotlRI,flashscore,I1,2324,2024-04-28,fiorentina,sassuolo,5.0,1.0,5.0,1.0,10.0,2.0
8QmwrAd6,flashscore,I1,2324,2024-04-28,atalanta,empoli,4.0,0.0,4.0,1.0,8.0,1.0
SEWuqjs0,flashscore,I1,2324,2024-04-28,napoli,as roma,5.0,1.0,4.0,1.0,9.0,2.0
nHnssUBC,flashscore,I1,2324,2024-04-28,bologna,udinese,6.0,0.0,4.0,3.0,10.0,3.0
zHi1jYlQ,flashscore,I1,2324,2024-04-28,inter,torino,0.0,4.0,5.0,0.0,5.0,4.0
SAxKkjzh,flashscore,N1,2324,2024-04-28,vitesse,sittard,1.0,3.0,2.0,3.0,3.0,6.0
lKwGjWKo,flashscore,N1,2324,2024-04-28,sparta rotterdam,fc volendam,3.0,4.0,2.0,5.0,5.0,9.0
04pYRnro,flashscore,N1,2324,2024-04-28,waalwijk,utrecht,0.0,0.0,4.0,6.0,4.0,6.0
IaVWnlKA,flashscore,N1,2324,2024-04-28,nijmegen,az alkmaar,1.0,0.0,2.0,2.0,3.0,2.0
OxWSmU44,flashscore,N1,2324,2024-04-28,zwolle,heracles,4.0,6.0,4.0,2.0,8.0,8.0
4pDmp5iU,flashscore,P1,2324,2024-04-28,fc porto,sporting cp,1.0,2.0,1.0,4.0,2.0,6.0
U7vf5lNu,flashscore,P1,2324,2024-04-28,estoril,famalicao,2.0,2.0,1.0,4.0,3.0,6.0
ITEunRMH,flashscore,P1,2324,2024-04-28,portimonense,moreirense,1.0,4.0,4.0,1.0,5.0,5.0
QeL9O90g,flashscore,RO1,2324,2024-04-28,cfr cluj,sepsi sf. gheorghe,6.0,2.0,10.0,0.0,16.0,2.0
pEJ982aA,flashscore,RO1,2324,2024-04-28,poli iasi,uta arad,4.0,2.0,6.0,3.0,10.0,5.0
jiK59rp4,flashscore,RO1,2324,2024-04-28,otelul,fc hermannstadt,3.0,1.0,0.0,5.0,3.0,6.0
nDrHPO7r,flashscore,RS1,2324,2024-04-28,partizan,tsc,1.0,0.0,2.0,1.0,3.0,1.0
UezYLt77,flashscore,RS1,2324,2024-04-28,napredak,radnicki 1923,0.0,3.0,2.0,0.0,2.0,3.0
SOVrrXN9,flashscore,RS1,2324,2024-04-28,vojvodina,crvena zvezda,2.0,2.0,0.0,4.0,2.0,6.0
AXlQkunc,flashscore,SP1,2324,2024-04-28,betis,sevilla,2.0,2.0,2.0,4.0,4.0,6.0
8SWCty9q,flashscore,SP1,2324,2024-04-28,villarreal,rayo vallecano,1.0,2.0,2.0,4.0,3.0,6.0
romYmJG9,flashscore,SP1,2324,2024-04-28,granada cf,osasuna,0.0,2.0,0.0,4.0,0.0,6.0
lOmUla13,flashscore,SP1,2324,2024-04-28,cadiz cf,mallorca,1.0,0.0,2.0,1.0,3.0,1.0
6gBYNcQq,flashscore,SP2,2324,2024-04-28,albacete,eibar,2.0,6.0,2.0,2.0,4.0,8.0
K079PA1l,flashscore,SP2,2324,2024-04-28,levante,fc cartagena sad,1.0,2.0,2.0,0.0,3.0,2.0
lzCDOUGf,flashscore,SP2,2324,2024-04-28,valladolid,huesca,2.0,3.0,3.0,0.0,5.0,3.0
0GAxNHuj,flashscore,SP2,2324,2024-04-28,alcorcon,eldense,2.0,1.0,1.0,1.0,3.0,2.0
lxiXra29,flashscore,SP2,2324,2024-04-28,oviedo,tenerife,3.0,2.0,3.0,1.0,6.0,3.0
0CfyrJHF,flashscore,SP2,2324,2024-04-28,gijon,villarreal b,4.0,1.0,4.0,2.0,8.0,3.0
zmt1w1SR,flashscore,TR1,2324,2024-04-28,rizespor,ankaragucu,1.0,1.0,1.0,2.0,2.0,3.0
t6vosqT2,flashscore,TR1,2324,2024-04-28,trabzonspor,gaziantep,3.0,1.0,1.0,1.0,4.0,2.0
WzcfKLLk,flashscore,TR1,2324,2024-04-28,alanyaspor,istanbulspor as,0.0,1.0,4.0,2.0,4.0,3.0
hpbjL16q,flashscore,TR1,2324,2024-04-28,pendikspor,kayserispor,1.0,5.0,4.0,0.0,5.0,5.0
6D5L2EqM,flashscore,TR2,2324,2024-04-28,adanaspor as,manisa fk,4.0,2.0,1.0,1.0,5.0,3.0
Cj6H3fUF,flashscore,TR2,2324,2024-04-28,boluspor,altay,4.0,1.0,5.0,3.0,9.0,4.0
xYD46dpc,flashscore,TR2,2324,2024-04-28,erzurumspor,corum,3.0,5.0,2.0,0.0,5.0,5.0
S2WDqZxp,flashscore,TR2,2324,2024-04-28,giresunspor,sakaryaspor,2.0,3.0,1.0,5.0,3.0,8.0
jw9p118H,flashscore,TR2,2324,2024-04-28,goztepe,genclerbirligi,4.0,0.0,3.0,2.0,7.0,2.0
ARLIrghj,flashscore,TR2,2324,2024-04-28,keciorengucu,umraniyespor,3.0,2.0,2.0,3.0,5.0,5.0
GOC85Ga3,flashscore,TR2,2324,2024-04-28,kocaelispor,bandirmaspor,2.0,1.0,1.0,2.0,3.0,3.0
Ya7D4zF9,flashscore,TR2,2324,2024-04-28,sanliurfaspor,eyupspor,3.0,0.0,6.0,1.0,9.0,1.0
OUPMsD7d,flashscore,TR2,2324,2024-04-28,tuzlaspor,bodrumspor,2.0,2.0,1.0,1.0,3.0,3.0
6yIiVN9b,flashscore,DK1,2324,2024-04-29,silkeborg,midtjylland,1.0,0.0,0.0,5.0,1.0,5.0
zeWeY24T,flashscore,E1,2324,2024-04-29,preston,leicester,1.0,1.0,0.0,4.0,1.0,5.0
dQhciEZJ,flashscore,I1,2324,2024-04-29,genoa,cagliari,1.0,1.0,1.0,3.0,2.0,4.0
rBrb48xn,flashscore,P1,2324,2024-04-29,estrela,sc farense,3.0,2.0,8.0,2.0,11.0,4.0
rXV4Pkom,flashscore,RO1,2324,2024-04-29,fc rapid bucuresti,univ. craiova,4.0,1.0,2.0,2.0,6.0,3.0
C0L1AOUc,flashscore,RO1,2324,2024-04-29,petrolul,fc botosani,3.0,3.0,0.0,0.0,3.0,3.0
YF5sRe9d,flashscore,SP1,2324,2024-04-29,barcelona,valencia,5.0,1.0,10.0,0.0,15.0,1.0
GOhPpLXd,flashscore,SP2,2324,2024-04-29,racing club ferrol,mirandes,2.0,3.0,4.0,0.0,6.0,3.0
EXihuNcF,flashscore,TR1,2324,2024-04-29,karagumruk,antalyaspor,0.0,3.0,1.0,1.0,1.0,4.0
dpLdP7Lb,flashscore,E1,2324,2024-04-30,coventry,ipswich,4.0,3.0,3.0,3.0,7.0,6.0
jDJfEfPE,flashscore,B1,2324,2024-05-01,lommel sk,waregem,3.0,1.0,2.0,1.0,5.0,2.0
2iw0hD2e,flashscore,B1,2324,2024-05-01,deinze,patro eisden,2.0,3.0,4.0,4.0,6.0,7.0
Cj6Acdo6,flashscore,I2,2324,2024-05-01,bari,parma,1.0,1.0,6.0,0.0,7.0,1.0
Y7y7UNoL,flashscore,I2,2324,2024-05-01,feralpisalo,brescia,4.0,4.0,5.0,2.0,9.0,6.0
Yei5Jw8P,flashscore,I2,2324,2024-05-01,lecco,sampdoria,2.0,1.0,1.0,4.0,3.0,5.0
z5wXEcGt,flashscore,I2,2324,2024-05-01,reggiana,modena,2.0,3.0,1.0,1.0,3.0,4.0
IT66bxWa,flashscore,I2,2324,2024-05-01,ascoli,cosenza,3.0,1.0,8.0,2.0,11.0,3.0
OQ9EdG0C,flashscore,I2,2324,2024-05-01,catanzaro,venezia,3.0,0.0,7.0,1.0,10.0,1.0
6kaJezGI,flashscore,I2,2324,2024-05-01,como,cittadella,2.0,5.0,2.0,4.0,4.0,9.0
ITSyEHVn,flashscore,I2,2324,2024-05-01,spezia,palermo,4.0,1.0,1.0,2.0,5.0,3.0
WWWuDyog,flashscore,I2,2324,2024-05-01,sudtirol,ternana,2.0,2.0,3.0,0.0,5.0,2.0
ptbNffVO,flashscore,I2,2324,2024-05-01,cremonese,pisa,2.0,1.0,2.0,1.0,4.0,2.0
QJ5nnXL5,flashscore,RS1,2324,2024-05-01,sp. subotica,zeleznicar pancevo,4.0,5.0,0.0,4.0,4.0,9.0
dvEVkFMt,flashscore,RS1,2324,2024-05-01,novi pazar,javor,4.0,2.0,2.0,0.0,6.0,2.0
h67vlgig,flashscore,RS1,2324,2024-05-01,imt novi beograd,radnik,5.0,1.0,2.0,0.0,7.0,1.0
WWzmpBjI,flashscore,RS1,2324,2024-05-01,radnicki nis,vozdovac,1.0,0.0,3.0,1.0,4.0,1.0
lUEplQC8,flashscore,E0,2324,2024-05-02,chelsea,tottenham,3.0,2.0,1.0,7.0,4.0,9.0
MkNJqpaE,flashscore,RS1,2324,2024-05-02,crvena zvezda,tsc,1.0,1.0,4.0,1.0,5.0,2.0
fcA6ztM0,flashscore,RS1,2324,2024-05-02,cukaricki,napredak,7.0,0.0,1.0,3.0,8.0,3.0
YsMcx2il,flashscore,RS1,2324,2024-05-02,partizan,vojvodina,3.0,3.0,5.0,3.0,8.0,6.0
IHGSsOTQ,flashscore,RS1,2324,2024-05-02,radnicki 1923,mladost,1.0,0.0,3.0,1.0,4.0,1.0
0YLXXfhQ,flashscore,SA1,2324,2024-05-02,al ahli sc,damac,0.0,0.0,2.0,0.0,2.0,0.0
WbHTYzwK,flashscore,SA1,2324,2024-05-02,al fateh,al riyadh,1.0,0.0,3.0,1.0,4.0,1.0
2s8aTE0s,flashscore,SA1,2324,2024-05-02,al hazem,al okhdood,2.0,2.0,5.0,1.0,7.0,3.0
GjJ8wUCO,flashscore,B1,2324,2024-05-03,westerlo,st. truiden,3.0,1.0,3.0,3.0,6.0,4.0
GYBLnoze,flashscore,D1,2324,2024-05-03,hoffenheim,rb leipzig,4.0,2.0,0.0,2.0,4.0,4.0
E3Q70Yi2,flashscore,D2,2324,2024-05-03,dusseldorf,nurnberg,5.0,2.0,0.0,5.0,5.0,7.0
zDR31Exd,flashscore,D2,2324,2024-05-03,hamburger sv,st. pauli,3.0,0.0,2.0,1.0,5.0,1.0
l07dUsP4,flashscore,DK1,2324,2024-05-03,aarhus,nordsjaelland,4.0,3.0,8.0,1.0,12.0,4.0
CrfO0IE4,flashscore,E0,2324,2024-05-03,luton,everton,1.0,3.0,6.0,4.0,7.0,7.0
h6LwhO6K,flashscore,F1,2324,2024-05-03,lens,lorient,2.0,3.0,2.0,1.0,4.0,4.0
jsyuXMUf,flashscore,F1,2324,2024-05-03,toulouse,montpellier,5.0,0.0,3.0,0.0,8.0,0.0
rLDHvd7B,flashscore,I1,2324,2024-05-03,torino,bologna,0.0,0.0,2.0,4.0,2.0,4.0
SUYzraYr,flashscore,N1,2324,2024-05-03,almere city,heerenveen,1.0,4.0,2.0,5.0,3.0,9.0
MiYvsJmk,flashscore,N1,2324,2024-05-03,sittard,g.a. eagles,3.0,0.0,5.0,0.0,8.0,0.0
jy8yIR6o,flashscore,P1,2324,2024-05-03,moreirense,vizela,3.0,1.0,1.0,4.0,4.0,5.0
CCNLL7pC,flashscore,RO1,2324,2024-05-03,farul constanta,sepsi sf. gheorghe,1.0,0.0,3.0,0.0,4.0,0.0
lzhqROJD,flashscore,SA1,2324,2024-05-03,abha,al ittihad,0.0,5.0,2.0,2.0,2.0,7.0
tAlyTpk1,flashscore,SA1,2324,2024-05-03,al ettifaq,al fayha,10.0,2.0,4.0,0.0,14.0,2.0
h8IPZGND,flashscore,SA1,2324,2024-05-03,al taawon,al hilal,3.0,2.0,2.0,3.0,5.0,5.0
dlD72IV2,flashscore,SP1,2324,2024-05-03,getafe,ath bilbao,3.0,2.0,7.0,4.0,10.0,6.0
ldmly800,flashscore,SP2,2324,2024-05-03,villarreal b,levante,5.0,4.0,4.0,0.0,9.0,4.0
tlPqVxz8,flashscore,TR1,2324,2024-05-03,ankaragucu,alanyaspor,2.0,1.0,3.0,1.0,5.0,2.0
bPeAobKl,flashscore,TR1,2324,2024-05-03,besiktas,rizespor,5.0,1.0,2.0,2.0,7.0,3.0
bXNZB800,flashscore,B1,2324,2024-05-04,cercle brugge ksv,genk,0.0,1.0,4.0,0.0,4.0,1.0
h82i2DkP,flashscore,B1,2324,2024-05-04,kv mechelen,gent,4.0,1.0,2.0,1.0,6.0,2.0
E1a1iyK9,flashscore,B1,2324,2024-05-04,rwdm brussels,charleroi,0.0,1.0,4.0,4.0,4.0,5.0
bcHGmRKl,flashscore,D1,2324,2024-05-04,fc koln,freiburg,2.0,1.0,5.0,0.0,7.0,1.0
MHNxe9SE,flashscore,D1,2324,2024-05-04,dortmund,augsburg,1.0,4.0,5.0,5.0,6.0,9.0
lnATpP47,flashscore,D1,2324,2024-05-04,stuttgart,bayern munich,2.0,1.0,1.0,0.0,3.0,1.0
fPAPo5k1,flashscore,D1,2324,2024-05-04,werder bremen,b. monchengladbach,3.0,2.0,4.0,0.0,7.0,2.0
K6ICl75r,flashscore,D1,2324,2024-05-04,wolfsburg,darmstadt,5.0,1.0,4.0,1.0,9.0,2.0
SKTlPHU2,flashscore,D2,2324,2024-05-04,kaiserslautern,magdeburg,1.0,6.0,2.0,2.0,3.0,8.0
lzIcNeaF,flashscore,D2,2324,2024-05-04,greuther furth,braunschweig,5.0,1.0,7.0,1.0,12.0,2.0
2wM1MFEL,flashscore,D2,2324,2024-05-04,hansa rostock,karlsruher sc,1.0,1.0,1.0,2.0,2.0,3.0
tIbSaxUA,flashscore,E0,2324,2024-05-04,manchester city,wolves,2.0,0.0,4.0,0.0,6.0,0.0
KfIcpcUN,flashscore,E0,2324,2024-05-04,brentford,fulham,2.0,3.0,5.0,3.0,7.0,6.0
vuaUvyho,flashscore,E0,2324,2024-05-04,burnley,newcastle,3.0,5.0,1.0,6.0,4.0,11.0
K8cWbdqH,flashscore,E0,2324,2024-05-04,sheffield utd,nottingham,5.0,2.0,0.0,1.0,5.0,3.0
t4JgowFH,flashscore,E0,2324,2024-05-04,arsenal,bournemouth,4.0,0.0,2.0,1.0,6.0,1.0
4WLAk4Z3,flashscore,E1,2324,2024-05-04,birmingham,norwich,4.0,0.0,2.0,3.0,6.0,3.0
IZPElOlA,flashscore,E1,2324,2024-05-04,coventry,qpr,4.0,2.0,6.0,3.0,10.0,5.0
0bFJmr4G,flashscore,E1,2324,2024-05-04,ipswich,huddersfield,4.0,0.0,4.0,0.0,8.0,0.0
vkENn2JM,flashscore,E1,2324,2024-05-04,leeds,southampton,4.0,2.0,1.0,0.0,5.0,2.0
8OIRoMYS,flashscore,E1,2324,2024-05-04,leicester,blackburn,2.0,4.0,5.0,0.0,7.0,4.0
AX4gstsp,flashscore,E1,2324,2024-05-04,middlesbrough,watford,2.0,0.0,1.0,3.0,3.0,3.0
hdfbt0dj,flashscore,E1,2324,2024-05-04,plymouth,hull,5.0,2.0,1.0,6.0,6.0,8.0
6FvA8wct,flashscore,E1,2324,2024-05-04,rotherham,cardiff,2.0,6.0,2.0,0.0,4.0,6.0
jsD1uKBd,flashscore,E1,2324,2024-05-04,stoke,bristol city,1.0,2.0,4.0,4.0,5.0,6.0
4p1q43lc,flashscore,E1,2324,2024-05-04,sunderland,sheffield wed,2.0,2.0,4.0,3.0,6.0,5.0
zkqE7cCn,flashscore,E1,2324,2024-05-04,swansea,millwall,1.0,2.0,3.0,3.0,4.0,5.0
ry0m3N33,flashscore,E1,2324,2024-05-04,west brom,preston,2.0,0.0,3.0,1.0,5.0,1.0
p4dEoMql,flashscore,F1,2324,2024-05-04,brest,nantes,3.0,0.0,3.0,0.0,6.0,0.0
xvcAn2Us,flashscore,F1,2324,2024-05-04,metz,rennes,0.0,3.0,2.0,2.0,2.0,5.0
UXZrWtp1,flashscore,F1,2324,2024-05-04,monaco,clermont,3.0,4.0,1.0,0.0,4.0,4.0
zVArirMQ,flashscore,F1,2324,2024-05-04,le havre,strasbourg,2.0,1.0,1.0,1.0,3.0,2.0
lbEDuxh5,flashscore,I1,2324,2024-05-04,sassuolo,inter,2.0,1.0,0.0,4.0,2.0,5.0
Uc71rv8n,flashscore,I1,2324,2024-05-04,monza,lazio,2.0,3.0,3.0,1.0,5.0,4.0
0CSRcOLT,flashscore,P1,2324,2024-05-04,chaves,fc porto,2.0,2.0,0.0,6.0,2.0,8.0
CjzF0QyB,flashscore,P1,2324,2024-05-04,sporting cp,portimonense,11.0,1.0,4.0,0.0,15.0,1.0
2LEggrUp,flashscore,P1,2324,2024-05-04,boavista,gil vicente,0.0,0.0,2.0,4.0,2.0,4.0
GOt62n7b,flashscore,P1,2324,2024-05-04,rio ave,vitoria guimaraes,4.0,0.0,1.0,6.0,5.0,6.0
CO3l1Kip,flashscore,RO1,2324,2024-05-04,u. cluj,dinamo bucuresti,0.0,1.0,5.0,2.0,5.0,3.0
KWBM50qT,flashscore,RO1,2324,2024-05-04,fc botosani,fc voluntari,3.0,3.0,4.0,1.0,7.0,4.0
zXmuS447,flashscore,SA1,2324,2024-05-04,al nassr,al wehda,4.0,1.0,2.0,2.0,6.0,3.0
p6c4SYFm,flashscore,SA1,2324,2024-05-04,al shabab,al raed,3.0,0.0,7.0,0.0,10.0,0.0
dt18RhVg,flashscore,SA1,2324,2024-05-04,al taee,al khaleej,3.0,2.0,2.0,3.0,5.0,5.0
zuCB1xo9,flashscore,SP1,2324,2024-05-04,mallorca,atl. madrid,1.0,1.0,5.0,1.0,6.0,2.0
21r80d0F,flashscore,SP1,2324,2024-05-04,girona,barcelona,1.0,2.0,4.0,2.0,5.0,4.0
zFtGbzVR,flashscore,SP1,2324,2024-05-04,real madrid,cadiz cf,3.0,2.0,4.0,2.0,7.0,4.0
faNngEhk,flashscore,SP1,2324,2024-05-04,real sociedad,las palmas,2.0,2.0,5.0,0.0,7.0,2.0
GniCqWhK,flashscore,SP2,2324,2024-05-04,fc cartagena sad,alcorcon,0.0,2.0,0.0,5.0,0.0,7.0
hUguwUVm,flashscore,SP2,2324,2024-05-04,racing santander,elche,4.0,4.0,1.0,2.0,5.0,6.0
Oh4QLS0D,flashscore,SP2,2324,2024-05-04,huesca,oviedo,4.0,1.0,4.0,4.0,8.0,5.0
xdh8pCwE,flashscore,SP2,2324,2024-05-04,mirandes,valladolid,3.0,2.0,2.0,2.0,5.0,4.0
MsNdGmx0,flashscore,SW1,2324,2024-05-04,lugano,st. gallen,4.0,1.0,4.0,0.0,8.0,1.0
fXxINVqQ,flashscore,SW1,2324,2024-05-04,grasshoppers,lausanne ouchy,2.0,3.0,2.0,1.0,4.0,4.0
QFTmI97m,flashscore,SW1,2324,2024-05-04,servette,winterthur,7.0,0.0,3.0,1.0,10.0,1.0
6RGVhtSE,flashscore,TR1,2324,2024-05-04,kayserispor,karagumruk,0.0,2.0,3.0,1.0,3.0,3.0
lj6zh0sL,flashscore,TR1,2324,2024-05-04,samsunspor,trabzonspor,2.0,0.0,1.0,2.0,3.0,2.0
fiDRgMC8,flashscore,TR1,2324,2024-05-04,istanbulspor as,adana demirspor,1.0,3.0,6.0,2.0,7.0,5.0
6RpfHDbF,flashscore,TR2,2324,2024-05-04,eyupspor,goztepe,1.0,1.0,0.0,5.0,1.0,6.0
S435jeZF,flashscore,B1,2324,2024-05-05,kortrijk,eupen,5.0,3.0,2.0,0.0,7.0,3.0
6cRsAnVC,flashscore,B1,2324,2024-05-05,royale union sg,anderlecht,4.0,2.0,4.0,1.0,8.0,3.0
fHlJcXct,flashscore,B1,2324,2024-05-05,leuven,st. liege,3.0,0.0,1.0,1.0,4.0,1.0
AmsbkJTi,flashscore,B1,2324,2024-05-05,lommel sk,deinze,4.0,3.0,4.0,1.0,8.0,4.0
CzSwBSF6,flashscore,B1,2324,2024-05-05,antwerp,club brugge kv,2.0,2.0,0.0,1.0,2.0,3.0
2kEXqqKD,flashscore,D1,2324,2024-05-05,heidenheim,mainz,1.0,1.0,5.0,2.0,6.0,3.0
2RVpgmcR,flashscore,D1,2324,2024-05-05,eintracht frankfurt,bayer leverkusen,3.0,5.0,7.0,0.0,10.0,5.0
4tDsfTsL,flashscore,D1,2324,2024-05-05,union berlin,bochum,2.0,2.0,4.0,2.0,6.0,4.0
d0L5LZTR,flashscore,D2,2324,2024-05-05,elversberg,hertha berlin,4.0,3.0,3.0,2.0,7.0,5.0
6BShOyp9,flashscore,D2,2324,2024-05-05,hannover,paderborn,4.0,1.0,1.0,3.0,5.0,4.0
Gp2xGDik,flashscore,D2,2324,2024-05-05,wehen,holstein kiel,2.0,0.0,2.0,2.0,4.0,2.0
dQA4SLgH,flashscore,DK1,2324,2024-05-05,midtjylland,brondby,6.0,1.0,4.0,2.0,10.0,3.0
23B0T1vB,flashscore,DK1,2324,2024-05-05,silkeborg,fc copenhagen,4.0,0.0,4.0,5.0,8.0,5.0
AqLzn7j7,flashscore,DK1,2324,2024-05-05,hvidovre if,viborg,2.0,2.0,6.0,5.0,8.0,7.0
lzKvoR5D,flashscore,DK1,2324,2024-05-05,lyngby,randers fc,1.0,0.0,1.0,1.0,2.0,1.0
YieK1bab,flashscore,E0,2324,2024-05-05,liverpool,tottenham,5.0,1.0,3.0,2.0,8.0,3.0
xWC2qHqU,flashscore,E0,2324,2024-05-05,brighton,aston villa,3.0,0.0,4.0,3.0,7.0,3.0
hrmC3KUo,flashscore,E0,2324,2024-05-05,chelsea,west ham,5.0,2.0,3.0,4.0,8.0,6.0
8l65sbNh,flashscore,I1,2324,2024-05-05,as roma,juventus,2.0,1.0,7.0,5.0,9.0,6.0
0O2cqKht,flashscore,I1,2324,2024-05-05,ac milan,genoa,5.0,1.0,2.0,0.0,7.0,1.0
bFGVm0pP,flashscore,I1,2324,2024-05-05,empoli,frosinone,2.0,3.0,1.0,5.0,3.0,8.0
xMVkMmip,flashscore,I1,2324,2024-05-05,verona,fiorentina,1.0,1.0,0.0,1.0,1.0,2.0
fsjku8tP,flashscore,I1,2324,2024-05-05,cagliari,lecce,2.0,3.0,1.0,7.0,3.0,10.0
GWQBTs1R,flashscore,I2,2324,2024-05-05,brescia,lecco,2.0,0.0,3.0,4.0,5.0,4.0
QgWqCe0a,flashscore,I2,2324,2024-05-05,cittadella,bari,3.0,3.0,2.0,1.0,5.0,4.0
4pVmBFF5,flashscore,I2,2324,2024-05-05,cosenza,spezia,4.0,6.0,1.0,9.0,5.0,15.0
pdnoAZUB,flashscore,I2,2324,2024-05-05,modena,como,2.0,2.0,0.0,2.0,2.0,4.0
Onok9gpI,flashscore,I2,2324,2024-05-05,palermo,ascoli,1.0,1.0,1.0,7.0,2.0,8.0
I9pg8DaO,flashscore,I2,2324,2024-05-05,parma,cremonese,4.0,1.0,4.0,1.0,8.0,2.0
WClc7XEU,flashscore,I2,2324,2024-05-05,pisa,sudtirol,3.0,2.0,0.0,3.0,3.0,5.0
dzG3SGpt,flashscore,I2,2324,2024-05-05,sampdoria,reggiana,1.0,0.0,3.0,1.0,4.0,1.0
zRE7Rz0n,flashscore,I2,2324,2024-05-05,ternana,catanzaro,2.0,2.0,1.0,1.0,3.0,3.0
40JBQfFh,flashscore,I2,2324,2024-05-05,venezia,feralpisalo,2.0,3.0,1.0,2.0,3.0,5.0
8l85SJYe,flashscore,N1,2324,2024-05-05,feyenoord,zwolle,4.0,0.0,7.0,0.0,11.0,0.0
hxr9nuQR,flashscore,N1,2324,2024-05-05,az alkmaar,twente,0.0,1.0,4.0,10.0,4.0,11.0
OdjhjNQ2,flashscore,N1,2324,2024-05-05,fc volendam,ajax,1.0,2.0,0.0,1.0,1.0,3.0
WMg0l1eF,flashscore,N1,2324,2024-05-05,utrecht,vitesse,3.0,3.0,1.0,4.0,4.0,7.0
2mkdkst9,flashscore,N1,2324,2024-05-05,heracles,waalwijk,1.0,3.0,3.0,6.0,4.0,9.0
ADh4mLAL,flashscore,N1,2324,2024-05-05,psv,sparta rotterdam,3.0,2.0,0.0,2.0,3.0,4.0
xYs23Sih,flashscore,P1,2324,2024-05-05,famalicao,benfica,3.0,4.0,0.0,6.0,3.0,10.0
ImwNb46N,flashscore,P1,2324,2024-05-05,arouca,estrela,1.0,2.0,5.0,1.0,6.0,3.0
6DZIapiH,flashscore,P1,2324,2024-05-05,braga,casa pia,4.0,4.0,3.0,3.0,7.0,7.0
YayB16M4,flashscore,P1,2324,2024-05-05,sc farense,estoril,3.0,3.0,0.0,0.0,3.0,3.0
YLOHMmV5,flashscore,RO1,2324,2024-05-05,cfr cluj,fc rapid bucuresti,1.0,2.0,2.0,3.0,3.0,5.0
j5avOsac,flashscore,RO1,2324,2024-05-05,petrolul,otelul,0.0,3.0,2.0,4.0,2.0,7.0
roPPwZh2,flashscore,SP1,2324,2024-05-05,rayo vallecano,almeria,3.0,2.0,6.0,0.0,9.0,2.0
CzYsffwq,flashscore,SP1,2324,2024-05-05,sevilla,granada cf,2.0,3.0,3.0,1.0,5.0,4.0
YkMjhY7e,flashscore,SP1,2324,2024-05-05,valencia,alaves,1.0,4.0,4.0,3.0,5.0,7.0
UsLLvFwd,flashscore,SP1,2324,2024-05-05,celta vigo,villarreal,2.0,0.0,0.0,1.0,2.0,1.0
thsCaGFL,flashscore,SP1,2324,2024-05-05,osasuna,betis,4.0,5.0,4.0,0.0,8.0,5.0
6Xcqxlof,flashscore,SP2,2324,2024-05-05,tenerife,racing club ferrol,1.0,1.0,4.0,1.0,5.0,2.0
SQAHNlW0,flashscore,SP2,2324,2024-05-05,eldense,leganes,0.0,1.0,0.0,7.0,0.0,8.0
b7fyvAGs,flashscore,SP2,2324,2024-05-05,zaragoza,burgos cf,0.0,1.0,2.0,0.0,2.0,1.0
802tPJTQ,flashscore,SP2,2324,2024-05-05,andorra,albacete,1.0,2.0,5.0,1.0,6.0,3.0
Ak0MM8o7,flashscore,SP2,2324,2024-05-05,espanyol,gijon,3.0,3.0,5.0,0.0,8.0,3.0
db89rj8Q,flashscore,SP2,2324,2024-05-05,eibar,amorebieta,2.0,1.0,2.0,7.0,4.0,8.0
Qm7GJMrh,flashscore,SW1,2324,2024-05-05,yverdon,lausanne,5.0,3.0,0.0,3.0,5.0,6.0
bsFUeJjo,flashscore,SW1,2324,2024-05-05,zurich,young boys,3.0,1.0,4.0,1.0,7.0,2.0
feL4ER6C,flashscore,SW1,2324,2024-05-05,basel,luzern,3.0,3.0,2.0,0.0,5.0,3.0
KYd6nv5r,flashscore,TR1,2324,2024-05-05,galatasaray,sivasspor,2.0,0.0,3.0,1.0,5.0,1.0
6VWWXvjk,flashscore,TR1,2324,2024-05-05,gaziantep,hatayspor,5.0,1.0,3.0,2.0,8.0,3.0
2cQuWIK1,flashscore,TR1,2324,2024-05-05,basaksehir,kasimpasa,3.0,1.0,2.0,3.0,5.0,4.0
4bOO1YbS,flashscore,TR2,2324,2024-05-05,altay,adanaspor as,1.0,0.0,6.0,0.0,7.0,0.0
I54aeWyd,flashscore,TR2,2324,2024-05-05,bandirmaspor,keciorengucu,1.0,0.0,0.0,5.0,1.0,5.0
dd33fji2,flashscore,TR2,2324,2024-05-05,bodrumspor,kocaelispor,3.0,2.0,1.0,2.0,4.0,4.0
Au1ich7q,flashscore,TR2,2324,2024-05-05,corum,sanliurfaspor,3.0,4.0,3.0,2.0,6.0,6.0
pIqbGXDL,flashscore,TR2,2324,2024-05-05,genclerbirligi,giresunspor,6.0,2.0,5.0,0.0,11.0,2.0
lWaedCMk,flashscore,TR2,2324,2024-05-05,manisa fk,boluspor,1.0,1.0,3.0,2.0,4.0,3.0
b1snJZT2,flashscore,TR2,2324,2024-05-05,sakaryaspor,tuzlaspor,2.0,0.0,9.0,4.0,11.0,4.0
C4ojIgq9,flashscore,TR2,2324,2024-05-05,umraniyespor,erzurumspor,2.0,0.0,2.0,2.0,4.0,2.0
jubN9ArE,flashscore,DK1,2324,2024-05-06,vejle,odense,2.0,1.0,2.0,4.0,4.0,5.0
jT5F2vph,flashscore,E0,2324,2024-05-06,crystal palace,manchester utd,1.0,1.0,5.0,1.0,6.0,2.0
n9UmV0a7,flashscore,F1,2324,2024-05-06,lille,lyon,2.0,2.0,2.0,2.0,4.0,4.0
MBCLwGMH,flashscore,I1,2324,2024-05-06,udinese,napoli,4.0,4.0,3.0,1.0,7.0,5.0
jDeAtIxa,flashscore,I1,2324,2024-05-06,salernitana,atalanta,1.0,1.0,0.0,6.0,1.0,7.0
MiC9Rwl2,flashscore,N1,2324,2024-05-06,excelsior,nijmegen,2.0,4.0,1.0,2.0,3.0,6.0
4nKDNTFa,flashscore,RO1,2324,2024-05-06,univ. craiova,fcsb,3.0,1.0,1.0,5.0,4.0,6.0
jF2h0v7j,flashscore,RO1,2324,2024-05-06,uta arad,u craiova 1948,5.0,5.0,0.0,4.0,5.0,9.0
hKtyPNqi,flashscore,RO1,2324,2024-05-06,fc hermannstadt,poli iasi,3.0,2.0,4.0,2.0,7.0,4.0
fwb1G75e,flashscore,SA1,2324,2024-05-06,al ahli sc,al hilal,1.0,1.0,1.0,2.0,2.0,3.0
pMVzXb5e,flashscore,TR1,2324,2024-05-06,antalyaspor,pendikspor,4.0,3.0,4.0,2.0,8.0,5.0
St5viKdR,flashscore,TR1,2324,2024-05-06,konyaspor,fenerbahce,1.0,0.0,1.0,11.0,2.0,11.0
b97XGgxq,flashscore,D2,2324,2024-05-07,vfl osnabruck,schalke,0.0,1.0,2.0,4.0,2.0,5.0
h4fBpu2b,flashscore,RS1,2324,2024-05-07,vozdovac,zeleznicar pancevo,2.0,2.0,8.0,2.0,10.0,4.0
n3mKrJWA,flashscore,RS1,2324,2024-05-07,radnik,javor,4.0,2.0,2.0,1.0,6.0,3.0
pvi3n1Xo,flashscore,RS1,2324,2024-05-07,sp. subotica,radnicki nis,0.0,1.0,1.0,7.0,1.0,8.0
vcverkLU,flashscore,RS1,2324,2024-05-07,imt novi beograd,novi pazar,1.0,1.0,5.0,0.0,6.0,1.0
2NDEYJjD,flashscore,RS1,2324,2024-05-08,mladost,crvena zvezda,0.0,5.0,0.0,9.0,0.0,14.0
Y3cYluyf,flashscore,RS1,2324,2024-05-08,vojvodina,cukaricki,3.0,0.0,4.0,1.0,7.0,1.0
E1sXj16s,flashscore,RS1,2324,2024-05-08,napredak,partizan,2.0,3.0,1.0,5.0,3.0,8.0
IVe1dNrK,flashscore,RS1,2324,2024-05-08,tsc,radnicki 1923,2.0,3.0,2.0,2.0,4.0,5.0
j30CQCp0,flashscore,SA1,2324,2024-05-09,al okhdood,al nassr,3.0,1.0,4.0,1.0,7.0,2.0
hSpBoEMP,flashscore,SA1,2324,2024-05-09,al fayha,al fateh,2.0,2.0,1.0,1.0,3.0,3.0
nVgLOjFC,flashscore,SA1,2324,2024-05-09,al riyadh,al taawon,2.0,0.0,4.0,5.0,6.0,5.0
lvlNdiDn,flashscore,B1,2324,2024-05-10,st. liege,westerlo,0.0,0.0,,,0.0,0.0
bqh6V4MH,flashscore,D1,2324,2024-05-10,augsburg,stuttgart,4.0,3.0,1.0,2.0,5.0,5.0
lde62Fvm,flashscore,D2,2324,2024-05-10,magdeburg,greuther furth,0.0,1.0,1.0,1.0,1.0,2.0
46UUL3u8,flashscore,D2,2324,2024-05-10,paderborn,hamburger sv,1.0,3.0,3.0,6.0,4.0,9.0
4r2R8UcK,flashscore,DK1,2324,2024-05-10,odense,lyngby,2.0,0.0,0.0,2.0,2.0,2.0
0hbjW11b,flashscore,F1,2324,2024-05-10,brest,reims,2.0,2.0,1.0,2.0,3.0,4.0
hzmZtbbJ,flashscore,F1,2324,2024-05-10,nice,le havre,3.0,1.0,3.0,0.0,6.0,1.0
rJMuqBbc,flashscore,I1,2324,2024-05-10,frosinone,inter,5.0,1.0,3.0,3.0,8.0,4.0
riIFPEUb,flashscore,I2,2324,2024-05-10,ascoli,pisa,2.0,3.0,1.0,0.0,3.0,3.0
IuDwP19r,flashscore,I2,2324,2024-05-10,bari,brescia,6.0,1.0,6.0,0.0,12.0,1.0
QF7KOYq5,flashscore,I2,2324,2024-05-10,catanzaro,sampdoria,1.0,3.0,2.0,3.0,3.0,6.0
O0QNNhaB,flashscore,I2,2324,2024-05-10,como,cosenza,6.0,1.0,5.0,0.0,11.0,1.0
INPRMCEH,flashscore,I2,2324,2024-05-10,cremonese,cittadella,2.0,3.0,1.0,3.0,3.0,6.0
dEOVLWTN,flashscore,I2,2324,2024-05-10,feralpisalo,ternana,2.0,4.0,6.0,2.0,8.0,6.0
EkJzLjqU,flashscore,I2,2324,2024-05-10,lecco,modena,1.0,0.0,5.0,0.0,6.0,0.0
Gb52GAio,flashscore,I2,2324,2024-05-10,reggiana,parma,1.0,1.0,3.0,3.0,4.0,4.0
U1gpufUo,flashscore,I2,2324,2024-05-10,spezia,venezia,6.0,2.0,5.0,0.0,11.0,2.0
r5clvEqh,flashscore,I2,2324,2024-05-10,sudtirol,palermo,0.0,5.0,2.0,4.0,2.0,9.0
O2gIeyjq,flashscore,P1,2324,2024-05-10,chaves,famalicao,1.0,1.0,2.0,2.0,3.0,3.0
Ms5CrViP,flashscore,RO1,2324,2024-05-10,sepsi sf. gheorghe,fc rapid bucuresti,5.0,1.0,2.0,1.0,7.0,2.0
UgaGPWa6,flashscore,SA1,2324,2024-05-10,al ittihad,al ettifaq,1.0,0.0,3.0,0.0,4.0,0.0
QLhPNAUI,flashscore,SA1,2324,2024-05-10,al khaleej,al wehda,1.0,2.0,1.0,1.0,2.0,3.0
vPt7nf7J,flashscore,SA1,2324,2024-05-10,abha,damac,0.0,4.0,3.0,1.0,3.0,5.0
Uyhid2QQ,flashscore,SP1,2324,2024-05-10,alaves,girona,1.0,1.0,4.0,2.0,5.0,3.0
zDk0Y5pJ,flashscore,SP2,2324,2024-05-10,burgos cf,eldense,4.0,2.0,3.0,2.0,7.0,4.0
fTbXFvrH,flashscore,SW1,2324,2024-05-10,lausanne,basel,5.0,1.0,4.0,1.0,9.0,2.0
n3ePH0D4,flashscore,SW1,2324,2024-05-10,luzern,grasshoppers,4.0,2.0,1.0,3.0,5.0,5.0
ManR9Vjk,flashscore,TR2,2324,2024-05-10,giresunspor,umraniyespor,0.0,3.0,1.0,1.0,1.0,4.0
OOWPUWSE,flashscore,TR2,2324,2024-05-10,keciorengucu,altay,1.0,0.0,0.0,1.0,1.0,1.0
plQo96pJ,flashscore,B1,2324,2024-05-11,anderlecht,genk,2.0,0.0,2.0,3.0,4.0,3.0
0I1DlZ3S,flashscore,B1,2324,2024-05-11,charleroi,kortrijk,1.0,1.0,4.0,4.0,5.0,5.0
MR29kFlM,flashscore,B1,2324,2024-05-11,eupen,rwdm brussels,0.0,2.0,2.0,5.0,2.0,7.0
U30kZnNh,flashscore,D1,2324,2024-05-11,mainz,dortmund,2.0,0.0,2.0,2.0,4.0,2.0
CSkfY6xa,flashscore,D1,2324,2024-05-11,b. monchengladbach,eintracht frankfurt,1.0,5.0,1.0,3.0,2.0,8.0
QVgbXQi5,flashscore,D1,2324,2024-05-11,fc koln,union berlin,2.0,3.0,4.0,5.0,6.0,8.0
jD1ozT7n,flashscore,D1,2324,2024-05-11,freiburg,heidenheim,1.0,2.0,1.0,2.0,2.0,4.0
rm2sy9ht,flashscore,D1,2324,2024-05-11,rb leipzig,werder bremen,0.0,1.0,4.0,2.0,4.0,3.0
A5d23ePt,flashscore,D2,2324,2024-05-11,holstein kiel,dusseldorf,1.0,7.0,1.0,6.0,2.0,13.0
lb0pEiM1,flashscore,D2,2324,2024-05-11,hertha berlin,kaiserslautern,2.0,4.0,0.0,2.0,2.0,6.0
WKpB1Zgg,flashscore,D2,2324,2024-05-11,nurnberg,elversberg,1.0,3.0,3.0,1.0,4.0,4.0
fy1tFX6e,flashscore,D2,2324,2024-05-11,schalke,hansa rostock,2.0,4.0,3.0,0.0,5.0,4.0
nuTibpA3,flashscore,E0,2324,2024-05-11,nottingham,chelsea,2.0,4.0,3.0,2.0,5.0,6.0
2XnybGbN,flashscore,E0,2324,2024-05-11,bournemouth,brentford,0.0,6.0,3.0,2.0,3.0,8.0
YFw7hfMp,flashscore,E0,2324,2024-05-11,everton,sheffield utd,2.0,2.0,1.0,4.0,3.0,6.0
hITmaQfc,flashscore,E0,2324,2024-05-11,newcastle,brighton,6.0,3.0,2.0,1.0,8.0,4.0
0rXec4P9,flashscore,E0,2324,2024-05-11,tottenham,burnley,3.0,2.0,6.0,1.0,9.0,3.0
r7M0dOvG,flashscore,E0,2324,2024-05-11,west ham,luton,1.0,2.0,6.0,4.0,7.0,6.0
McL4erfM,flashscore,E0,2324,2024-05-11,wolves,crystal palace,3.0,2.0,5.0,1.0,8.0,3.0
C6xBiEyi,flashscore,E0,2324,2024-05-11,fulham,manchester city,1.0,3.0,0.0,4.0,1.0,7.0
YDb1vmDS,flashscore,I1,2324,2024-05-11,ac milan,cagliari,5.0,0.0,1.0,3.0,6.0,3.0
AZkTZ6Lq,flashscore,I1,2324,2024-05-11,napoli,bologna,3.0,2.0,6.0,1.0,9.0,3.0
UR6uHoMi,flashscore,P1,2324,2024-05-11,vitoria guimaraes,braga,3.0,3.0,3.0,5.0,6.0,8.0
dGiQgFKe,flashscore,P1,2324,2024-05-11,estoril,sporting cp,0.0,2.0,2.0,7.0,2.0,9.0
AJeUhZZ1,flashscore,P1,2324,2024-05-11,portimonense,rio ave,3.0,2.0,9.0,2.0,12.0,4.0
KGahEq6A,flashscore,P1,2324,2024-05-11,vizela,estrela,2.0,2.0,2.0,5.0,4.0,7.0
fyDQKRaI,flashscore,RO1,2324,2024-05-11,fcsb,cfr cluj,3.0,3.0,2.0,0.0,5.0,3.0
pQLouCag,flashscore,SA1,2324,2024-05-11,al shabab,al ahli sc,2.0,3.0,3.0,0.0,5.0,3.0
x0Msthpm,flashscore,SA1,2324,2024-05-11,al hilal,al hazem,4.0,4.0,4.0,3.0,8.0,7.0
b9NwsYUt,flashscore,SA1,2324,2024-05-11,al raed,al taee,1.0,0.0,2.0,0.0,3.0,0.0
2PQfihN1,flashscore,SP1,2324,2024-05-11,ath bilbao,osasuna,3.0,3.0,5.0,3.0,8.0,6.0
jogmcrBK,flashscore,SP1,2324,2024-05-11,granada cf,real madrid,5.0,2.0,3.0,3.0,8.0,5.0
rqYRk03f,flashscore,SP1,2324,2024-05-11,villarreal,sevilla,4.0,0.0,6.0,1.0,10.0,1.0
dnxWlKI0,flashscore,SP1,2324,2024-05-11,mallorca,las palmas,0.0,1.0,2.0,1.0,2.0,2.0
lASMk7Fg,flashscore,SP2,2324,2024-05-11,levante,eibar,4.0,2.0,2.0,3.0,6.0,5.0
S0RQlRUa,flashscore,SP2,2324,2024-05-11,valladolid,espanyol,0.0,3.0,3.0,1.0,3.0,4.0
Quk8Kwxr,flashscore,SP2,2324,2024-05-11,gijon,andorra,2.0,0.0,1.0,2.0,3.0,2.0
WYXHjm0m,flashscore,SP2,2324,2024-05-11,racing club ferrol,alcorcon,2.0,2.0,3.0,0.0,5.0,2.0
MNQUmop6,flashscore,SP2,2324,2024-05-11,racing santander,mirandes,5.0,0.0,5.0,3.0,10.0,3.0
lSitEICT,flashscore,SW1,2324,2024-05-11,lausanne ouchy,yverdon,2.0,1.0,3.0,5.0,5.0,6.0
pbwC8dzi,flashscore,SW1,2324,2024-05-11,young boys,lugano,3.0,0.0,3.0,0.0,6.0,0.0
dIvv7Tz8,flashscore,TR2,2324,2024-05-11,adanaspor as,bandirmaspor,1.0,2.0,2.0,1.0,3.0,3.0
IRuz89L1,flashscore,TR2,2324,2024-05-11,boluspor,corum,0.0,2.0,0.0,4.0,0.0,6.0
pYXLVCD8,flashscore,TR2,2324,2024-05-11,erzurumspor,eyupspor,1.0,1.0,1.0,2.0,2.0,3.0
z3jV8k6e,flashscore,TR2,2324,2024-05-11,goztepe,bodrumspor,1.0,2.0,3.0,0.0,4.0,2.0
SxmNAByq,flashscore,TR2,2324,2024-05-11,kocaelispor,sakaryaspor,2.0,3.0,4.0,0.0,6.0,3.0
6mMUTjrL,flashscore,TR2,2324,2024-05-11,sanliurfaspor,manisa fk,3.0,0.0,3.0,4.0,6.0,4.0
QT0eFiTR,flashscore,TR2,2324,2024-05-11,tuzlaspor,genclerbirligi,1.0,3.0,6.0,0.0,7.0,3.0
ptWMXkNJ,flashscore,B1,2324,2024-05-12,antwerp,cercle brugge ksv,3.0,0.0,3.0,2.0,6.0,2.0
6Fz7mcb4,flashscore,B1,2324,2024-05-12,deinze,lommel sk,2.0,4.0,2.0,3.0,4.0,7.0
rwsWfVsa,flashscore,B1,2324,2024-05-12,st. truiden,kv mechelen,2.0,1.0,0.0,0.0,2.0,1.0
0EiReBSh,flashscore,B1,2324,2024-05-12,gent,leuven,4.0,1.0,6.0,0.0,10.0,1.0
Khg2Wp7B,flashscore,D1,2324,2024-05-12,bochum,bayer leverkusen,2.0,1.0,0.0,5.0,2.0,6.0
6NvEhyOD,flashscore,D1,2324,2024-05-12,bayern munich,wolfsburg,3.0,0.0,1.0,0.0,4.0,0.0
GKnBUOyO,flashscore,D1,2324,2024-05-12,darmstadt,hoffenheim,2.0,1.0,0.0,2.0,2.0,3.0
pOlF0g9a,flashscore,D2,2324,2024-05-12,braunschweig,wehen,2.0,3.0,1.0,5.0,3.0,8.0
rcTYKNfE,flashscore,D2,2324,2024-05-12,karlsruher sc,hannover,3.0,2.0,5.0,4.0,8.0,6.0
0Y3lDBy8,flashscore,D2,2324,2024-05-12,st. pauli,vfl osnabruck,1.0,2.0,3.0,1.0,4.0,3.0
4nSWLJWp,flashscore,DK1,2324,2024-05-12,nordsjaelland,silkeborg,6.0,0.0,2.0,1.0,8.0,1.0
2wt5QaOT,flashscore,DK1,2324,2024-05-12,midtjylland,aarhus,2.0,1.0,1.0,1.0,3.0,2.0
zH98Ru9N,flashscore,DK1,2324,2024-05-12,brondby,fc copenhagen,5.0,3.0,4.0,1.0,9.0,4.0
b51V7lDQ,flashscore,DK1,2324,2024-05-12,randers fc,hvidovre if,0.0,2.0,4.0,3.0,4.0,5.0
0Emc38Ls,flashscore,DK1,2324,2024-05-12,viborg,vejle,1.0,3.0,5.0,1.0,6.0,4.0
ERUq06ui,flashscore,E0,2324,2024-05-12,manchester utd,arsenal,3.0,2.0,1.0,5.0,4.0,7.0
bwHM4ZqR,flashscore,E1,2324,2024-05-12,west brom,southampton,4.0,7.0,3.0,2.0,7.0,9.0
OK01cix1,flashscore,E1,2324,2024-05-12,norwich,leeds,3.0,1.0,1.0,3.0,4.0,4.0
UgsuZ3Hu,flashscore,F1,2324,2024-05-12,clermont,lyon,2.0,1.0,5.0,1.0,7.0,2.0
EqlVsvqD,flashscore,F1,2324,2024-05-12,marseille,lorient,6.0,1.0,3.0,4.0,9.0,5.0
27umXsnh,flashscore,F1,2324,2024-05-12,montpellier,monaco,0.0,2.0,3.0,1.0,3.0,3.0
8ptqYNWo,flashscore,F1,2324,2024-05-12,nantes,lille,1.0,2.0,4.0,2.0,5.0,4.0
OfeIptaf,flashscore,F1,2324,2024-05-12,psg,toulouse,0.0,5.0,4.0,1.0,4.0,6.0
KMlRrKT6,flashscore,F1,2324,2024-05-12,rennes,lens,2.0,3.0,2.0,0.0,4.0,3.0
6JpNq0E0,flashscore,F1,2324,2024-05-12,strasbourg,metz,2.0,3.0,1.0,3.0,3.0,6.0
GCUgL76j,flashscore,I1,2324,2024-05-12,atalanta,as roma,3.0,1.0,3.0,0.0,6.0,1.0
4YAlskT9,flashscore,I1,2324,2024-05-12,juventus,salernitana,3.0,2.0,6.0,2.0,9.0,4.0
QsCprVD3,flashscore,I1,2324,2024-05-12,genoa,sassuolo,1.0,5.0,2.0,2.0,3.0,7.0
4dkXYQzj,flashscore,I1,2324,2024-05-12,verona,torino,3.0,2.0,4.0,2.0,7.0,4.0
CbAht9rG,flashscore,I1,2324,2024-05-12,lazio,empoli,3.0,2.0,4.0,5.0,7.0,7.0
tG7HfxIl,flashscore,N1,2324,2024-05-12,ajax,almere city,3.0,0.0,1.0,1.0,4.0,1.0
2P8DeI2r,flashscore,N1,2324,2024-05-12,excelsior,heracles,2.0,0.0,5.0,4.0,7.0,4.0
ADEZ20A8,flashscore,N1,2324,2024-05-12,g.a. eagles,az alkmaar,0.0,2.0,3.0,1.0,3.0,3.0
0rXrtw3e,flashscore,N1,2324,2024-05-12,heerenveen,vitesse,4.0,0.0,3.0,2.0,7.0,2.0
dAQivHX7,flashscore,N1,2324,2024-05-12,nijmegen,feyenoord,5.0,4.0,2.0,5.0,7.0,9.0
OGIw2KPE,flashscore,N1,2324,2024-05-12,sittard,psv,3.0,6.0,1.0,3.0,4.0,9.0
pW6n0bfR,flashscore,N1,2324,2024-05-12,twente,fc volendam,4.0,1.0,9.0,1.0,13.0,2.0
6u8r1vuL,flashscore,N1,2324,2024-05-12,utrecht,sparta rotterdam,4.0,2.0,8.0,2.0,12.0,4.0
IJRmucI1,flashscore,N1,2324,2024-05-12,waalwijk,zwolle,4.0,4.0,6.0,1.0,10.0,5.0
Qg0lFPj4,flashscore,P1,2324,2024-05-12,fc porto,boavista,3.0,2.0,8.0,0.0,11.0,2.0
CjdpG5yb,flashscore,P1,2324,2024-05-12,benfica,arouca,3.0,0.0,0.0,3.0,3.0,3.0
2ghMfe5k,flashscore,P1,2324,2024-05-12,casa pia,moreirense,1.0,1.0,4.0,0.0,5.0,1.0
b7bdD3LG,flashscore,P1,2324,2024-05-12,gil vicente,sc farense,3.0,2.0,1.0,2.0,4.0,4.0
IJFK3DDr,flashscore,RO1,2324,2024-05-12,dinamo bucuresti,uta arad,2.0,0.0,1.0,4.0,3.0,4.0
CtFO2XSl,flashscore,RO1,2324,2024-05-12,fc voluntari,u. cluj,1.0,0.0,4.0,0.0,5.0,0.0
pSbrN1E3,flashscore,RO1,2324,2024-05-12,otelul,fc botosani,1.0,1.0,3.0,4.0,4.0,5.0
OIcnMLT9,flashscore,RO1,2324,2024-05-12,poli iasi,petrolul,3.0,4.0,3.0,4.0,6.0,8.0
tfhiLuqG,flashscore,RO1,2324,2024-05-12,u craiova 1948,fc hermannstadt,3.0,3.0,3.0,3.0,6.0,6.0
2qkkoczJ,flashscore,RS1,2324,2024-05-12,vojvodina,napredak,6.0,0.0,1.0,4.0,7.0,4.0
tU0tmJ56,flashscore,RS1,2324,2024-05-12,crvena zvezda,radnicki 1923,2.0,0.0,2.0,2.0,4.0,2.0
Uksy90SP,flashscore,RS1,2324,2024-05-12,partizan,mladost,3.0,0.0,4.0,2.0,7.0,2.0
n7N73vjm,flashscore,RS1,2324,2024-05-12,tsc,cukaricki,1.0,5.0,2.0,3.0,3.0,8.0
AVZJiMYs,flashscore,SP1,2324,2024-05-12,betis,almeria,0.0,2.0,3.0,3.0,3.0,5.0
lMYNjtll,flashscore,SP1,2324,2024-05-12,valencia,rayo vallecano,4.0,1.0,2.0,2.0,6.0,3.0
tGPbjCx8,flashscore,SP1,2324,2024-05-12,atl. madrid,celta vigo,2.0,3.0,2.0,4.0,4.0,7.0
dOgqbOeE,flashscore,SP1,2324,2024-05-12,cadiz cf,getafe,4.0,1.0,2.0,1.0,6.0,2.0
z3nnd9xQ,flashscore,SP2,2324,2024-05-12,elche,huesca,2.0,2.0,1.0,0.0,3.0,2.0
SnnhzSF6,flashscore,SP2,2324,2024-05-12,albacete,leganes,1.0,2.0,2.0,5.0,3.0,7.0
xITrckNJ,flashscore,SP2,2324,2024-05-12,fc cartagena sad,tenerife,0.0,1.0,2.0,4.0,2.0,5.0
hrZDiTps,flashscore,SP2,2324,2024-05-12,oviedo,zaragoza,2.0,11.0,2.0,2.0,4.0,13.0
dMjdZoVC,flashscore,SP2,2324,2024-05-12,amorebieta,villarreal b,2.0,1.0,0.0,6.0,2.0,7.0
AaB4EnO9,flashscore,SW1,2324,2024-05-12,st. gallen,servette,4.0,1.0,2.0,4.0,6.0,5.0
2Z7dG8gc,flashscore,SW1,2324,2024-05-12,winterthur,zurich,2.0,4.0,1.0,0.0,3.0,4.0
UPu0j8ND,flashscore,TR1,2324,2024-05-12,adana demirspor,gaziantep,0.0,2.0,0.0,0.0,0.0,2.0
vaVZq60s,flashscore,TR1,2324,2024-05-12,alanyaspor,besiktas,1.0,0.0,2.0,1.0,3.0,1.0
tloFpIZf,flashscore,TR1,2324,2024-05-12,fenerbahce,kayserispor,4.0,1.0,3.0,2.0,7.0,3.0
MNKvqQFm,flashscore,TR1,2324,2024-05-12,hatayspor,ankaragucu,0.0,4.0,2.0,2.0,2.0,6.0
lElNrd47,flashscore,TR1,2324,2024-05-12,karagumruk,galatasaray,3.0,5.0,2.0,5.0,5.0,10.0
2wv8lnhQ,flashscore,TR1,2324,2024-05-12,kasimpasa,antalyaspor,3.0,2.0,1.0,3.0,4.0,5.0
S4mRsGJD,flashscore,TR1,2324,2024-05-12,konyaspor,samsunspor,4.0,2.0,1.0,4.0,5.0,6.0
0EJrrpVg,flashscore,TR1,2324,2024-05-12,pendikspor,rizespor,5.0,2.0,2.0,0.0,7.0,2.0
8Gv4kSxK,flashscore,TR1,2324,2024-05-12,sivasspor,basaksehir,3.0,1.0,7.0,2.0,10.0,3.0
fikJqxk1,flashscore,TR1,2324,2024-05-12,trabzonspor,istanbulspor as,4.0,5.0,3.0,7.0,7.0,12.0
OWUQW9xQ,flashscore,B1,2324,2024-05-13,club brugge kv,royale union sg,6.0,0.0,2.0,3.0,8.0,3.0
GziuczET,flashscore,E0,2324,2024-05-13,aston villa,liverpool,2.0,1.0,3.0,3.0,5.0,4.0
UFIypiqi,flashscore,I1,2324,2024-05-13,fiorentina,monza,4.0,0.0,2.0,1.0,6.0,1.0
jk9duTcM,flashscore,I1,2324,2024-05-13,lecce,udinese,6.0,2.0,2.0,0.0,8.0,2.0
8vHUJoFO,flashscore,RO1,2324,2024-05-13,farul constanta,univ. craiova,0.0,1.0,5.0,4.0,5.0,5.0
SM8gcIo4,flashscore,RS1,2324,2024-05-13,zeleznicar pancevo,radnik,4.0,2.0,1.0,0.0,5.0,2.0
67KpavHi,flashscore,RS1,2324,2024-05-13,javor,vozdovac,1.0,4.0,5.0,1.0,6.0,5.0
v1SbyyPp,flashscore,RS1,2324,2024-05-13,radnicki nis,imt novi beograd,3.0,2.0,4.0,2.0,7.0,4.0
KGoStc1N,flashscore,RS1,2324,2024-05-13,novi pazar,sp. subotica,1.0,0.0,2.0,0.0,3.0,0.0
pljua4t8,flashscore,SP1,2324,2024-05-13,barcelona,real sociedad,1.0,0.0,5.0,2.0,6.0,2.0
I163zM0a,flashscore,E0,2324,2024-05-14,tottenham,manchester city,4.0,2.0,3.0,2.0,7.0,4.0
I1QvmbmD,flashscore,SP1,2324,2024-05-14,girona,villarreal,2.0,1.0,3.0,0.0,5.0,1.0
nuNFlBOH,flashscore,SP1,2324,2024-05-14,real madrid,alaves,1.0,0.0,3.0,1.0,4.0,1.0
jDT6jXg5,flashscore,SP1,2324,2024-05-14,osasuna,mallorca,1.0,0.0,1.0,4.0,2.0,4.0
WEaDCQhM,flashscore,SW1,2324,2024-05-14,basel,lausanne ouchy,4.0,1.0,5.0,3.0,9.0,4.0
tloq74Gq,flashscore,SW1,2324,2024-05-14,grasshoppers,yverdon,6.0,1.0,2.0,2.0,8.0,3.0
IkGEp39o,flashscore,DK1,2324,2024-05-15,brondby,nordsjaelland,5.0,2.0,2.0,2.0,7.0,4.0
tQ4f2Szl,flashscore,DK1,2324,2024-05-15,randers fc,viborg,3.0,0.0,1.0,2.0,4.0,2.0
KG3b1njf,flashscore,DK1,2324,2024-05-15,vejle,lyngby,6.0,3.0,2.0,5.0,8.0,8.0
C43exrWn,flashscore,E0,2324,2024-05-15,manchester utd,newcastle,4.0,6.0,5.0,3.0,9.0,9.0
ro9WXSv1,flashscore,E0,2324,2024-05-15,brighton,chelsea,2.0,5.0,2.0,1.0,4.0,6.0
QaTiUKED,flashscore,F1,2324,2024-05-15,nice,psg,1.0,2.0,6.0,0.0,7.0,2.0
v3HZh4iE,flashscore,F1,2324,2024-05-15,reims,marseille,3.0,5.0,0.0,5.0,3.0,10.0
MXyjfFft,flashscore,SP1,2324,2024-05-15,celta vigo,ath bilbao,1.0,3.0,1.0,0.0,2.0,3.0
4dRfgZ9n,flashscore,SP1,2324,2024-05-15,getafe,atl. madrid,3.0,0.0,3.0,3.0,6.0,3.0
8lOBki9B,flashscore,SP1,2324,2024-05-15,rayo vallecano,granada cf,5.0,1.0,1.0,5.0,6.0,6.0
CMU2iDva,flashscore,SP1,2324,2024-05-15,sevilla,cadiz cf,1.0,4.0,0.0,5.0,1.0,9.0
U9RwTow3,flashscore,SW1,2324,2024-05-15,lausanne,luzern,2.0,5.0,2.0,0.0,4.0,5.0
xGvh5rod,flashscore,SW1,2324,2024-05-15,zurich,servette,2.0,1.0,1.0,2.0,3.0,3.0
EH9Nrsvb,flashscore,DK1,2324,2024-05-16,fc copenhagen,midtjylland,5.0,0.0,3.0,0.0,8.0,0.0
WhKIqNOi,flashscore,DK1,2324,2024-05-16,aarhus,silkeborg,1.0,0.0,3.0,3.0,4.0,3.0
Ew320650,flashscore,DK1,2324,2024-05-16,hvidovre if,odense,3.0,3.0,5.0,3.0,8.0,6.0
pzkAeV6D,flashscore,E1,2324,2024-05-16,leeds,norwich,6.0,2.0,2.0,0.0,8.0,2.0
UmOYyham,flashscore,I2,2324,2024-05-16,bari,ternana,1.0,3.0,2.0,0.0,3.0,3.0
KKLF1IKa,flashscore,RS1,2324,2024-05-16,napredak,crvena zvezda,0.0,6.0,1.0,2.0,1.0,8.0
GnFOadkC,flashscore,RS1,2324,2024-05-16,radnicki 1923,vojvodina,4.0,6.0,2.0,4.0,6.0,10.0
SnKEro6o,flashscore,SA1,2324,2024-05-16,al khaleej,al ittihad,3.0,3.0,1.0,3.0,4.0,6.0
OGKkvWEa,flashscore,SA1,2324,2024-05-16,al wehda,al raed,4.0,2.0,3.0,3.0,7.0,5.0
6uAfwjU5,flashscore,SA1,2324,2024-05-16,al taee,al fateh,2.0,1.0,4.0,0.0,6.0,1.0
p8EMBsQD,flashscore,SP1,2324,2024-05-16,real sociedad,valencia,1.0,1.0,2.0,2.0,3.0,3.0
vBRzlvY6,flashscore,SP1,2324,2024-05-16,almeria,barcelona,3.0,6.0,1.0,2.0,4.0,8.0
IaVbhgPh,flashscore,SP1,2324,2024-05-16,las palmas,betis,2.0,3.0,2.0,5.0,4.0,8.0
IqwfP3xS,flashscore,SW1,2324,2024-05-16,lugano,winterthur,3.0,2.0,3.0,2.0,6.0,4.0
QyLnRP7F,flashscore,SW1,2324,2024-05-16,young boys,st. gallen,6.0,3.0,8.0,3.0,14.0,6.0
QZLNPYu0,flashscore,TR2,2324,2024-05-16,corum,kocaelispor,3.0,2.0,0.0,4.0,3.0,6.0
I9IFRfBm,flashscore,TR2,2324,2024-05-16,bodrumspor,boluspor,1.0,0.0,4.0,1.0,5.0,1.0
MTuzfkc5,flashscore,B1,2324,2024-05-17,st. truiden,leuven,1.0,0.0,1.0,1.0,2.0,1.0
INcgaD7l,flashscore,E1,2324,2024-05-17,southampton,west brom,3.0,3.0,0.0,5.0,3.0,8.0
K4XJdUSd,flashscore,I1,2324,2024-05-17,fiorentina,napoli,2.0,1.0,3.0,2.0,5.0,3.0
jo17YIhe,flashscore,I2,2324,2024-05-17,palermo,sampdoria,3.0,1.0,2.0,6.0,5.0,7.0
COZCHIC2,flashscore,P1,2324,2024-05-17,rio ave,benfica,1.0,1.0,1.0,7.0,2.0,8.0
KlwLFdsF,flashscore,P1,2324,2024-05-17,famalicao,casa pia,1.0,2.0,2.0,3.0,3.0,5.0
CUQ27NFd,flashscore,RO1,2324,2024-05-17,fc botosani,mioveni,6.0,0.0,5.0,1.0,11.0,1.0
OCIWczKO,flashscore,RS1,2324,2024-05-17,cukaricki,partizan,6.0,2.0,6.0,2.0,12.0,4.0
SQrsIw5t,flashscore,RS1,2324,2024-05-17,mladost,tsc,1.0,2.0,0.0,5.0,1.0,7.0
E5D2yUbI,flashscore,SA1,2324,2024-05-17,al ettifaq,al okhdood,2.0,1.0,4.0,2.0,6.0,3.0
jVzWJ1Tp,flashscore,SA1,2324,2024-05-17,al nassr,al hilal,1.0,2.0,2.0,4.0,3.0,6.0
boyQuqj4,flashscore,SA1,2324,2024-05-17,damac,al fayha,1.0,1.0,3.0,2.0,4.0,3.0
fyo814E5,flashscore,SP2,2324,2024-05-17,mirandes,elche,3.0,3.0,2.0,4.0,5.0,7.0
0Qs6naMu,flashscore,TR1,2324,2024-05-17,antalyaspor,adana demirspor,2.0,3.0,1.0,5.0,3.0,8.0
U5ZMrHL4,flashscore,TR1,2324,2024-05-17,istanbulspor as,sivasspor,2.0,4.0,3.0,3.0,5.0,7.0
UgqrhTRH,flashscore,B1,2324,2024-05-18,st. liege,gent,4.0,6.0,1.0,5.0,5.0,11.0
j3pvg9CB,flashscore,B1,2324,2024-05-18,westerlo,kv mechelen,7.0,2.0,3.0,3.0,10.0,5.0
r7QOmnxn,flashscore,D1,2324,2024-05-18,bayer leverkusen,augsburg,1.0,2.0,4.0,2.0,5.0,4.0
fBoFTriU,flashscore,D1,2324,2024-05-18,dortmund,darmstadt,3.0,3.0,4.0,0.0,7.0,3.0
QVFTn6ih,flashscore,D1,2324,2024-05-18,eintracht frankfurt,rb leipzig,4.0,2.0,4.0,1.0,8.0,3.0
8EBlrr6N,flashscore,D1,2324,2024-05-18,heidenheim,fc koln,1.0,2.0,4.0,10.0,5.0,12.0
YeJyopM4,flashscore,D1,2324,2024-05-18,hoffenheim,bayern munich,3.0,3.0,3.0,2.0,6.0,5.0
fB7pqOjH,flashscore,D1,2324,2024-05-18,stuttgart,b. monchengladbach,5.0,3.0,3.0,1.0,8.0,4.0
WWMKlSMu,flashscore,D1,2324,2024-05-18,union berlin,freiburg,1.0,4.0,2.0,3.0,3.0,7.0
CnIup4yB,flashscore,D1,2324,2024-05-18,werder bremen,bochum,4.0,2.0,4.0,6.0,8.0,8.0
4MEXoQ6b,flashscore,D1,2324,2024-05-18,wolfsburg,mainz,1.0,1.0,0.0,2.0,1.0,3.0
djEAnp5k,flashscore,I1,2324,2024-05-18,torino,ac milan,0.0,2.0,3.0,6.0,3.0,8.0
hIVRf8c9,flashscore,I1,2324,2024-05-18,lecce,atalanta,1.0,1.0,1.0,4.0,2.0,5.0
ObaFWdN7,flashscore,I2,2324,2024-05-18,catanzaro,brescia,5.0,0.0,4.0,1.0,10.0,4.0
t4RTDzCR,flashscore,P1,2324,2024-05-18,braga,fc porto,1.0,1.0,3.0,7.0,4.0,8.0
buxPEGdL,flashscore,P1,2324,2024-05-18,moreirense,estoril,1.0,5.0,1.0,1.0,2.0,6.0
jFYGGxS8,flashscore,P1,2324,2024-05-18,sporting cp,chaves,4.0,0.0,1.0,3.0,5.0,3.0
GdIe9fKr,flashscore,P1,2324,2024-05-18,arouca,vitoria guimaraes,2.0,5.0,1.0,2.0,3.0,7.0
AJHa8EZl,flashscore,P1,2324,2024-05-18,boavista,vizela,3.0,2.0,6.0,0.0,9.0,2.0
lAG37Yle,flashscore,P1,2324,2024-05-18,estrela,gil vicente,2.0,3.0,2.0,0.0,4.0,3.0
6oB86h41,flashscore,P1,2324,2024-05-18,sc farense,portimonense,2.0,2.0,0.0,2.0,2.0,4.0
428yw9Fn,flashscore,RO1,2324,2024-05-18,cfr cluj,farul constanta,2.0,1.0,5.0,0.0,7.0,1.0
rg7uxTUh,flashscore,RO1,2324,2024-05-18,univ. craiova,sepsi sf. gheorghe,3.0,6.0,6.0,2.0,9.0,8.0
6yntlE8j,flashscore,RS1,2324,2024-05-18,radnik,sp. subotica,0.0,0.0,3.0,3.0,3.0,3.0
MqUSBH0c,flashscore,RS1,2324,2024-05-18,imt novi beograd,vozdovac,2.0,2.0,0.0,5.0,2.0,7.0
A50AgzoT,flashscore,RS1,2324,2024-05-18,radnicki nis,javor,3.0,3.0,6.0,3.0,9.0,6.0
Ew71edGG,flashscore,RS1,2324,2024-05-18,zeleznicar pancevo,novi pazar,2.0,1.0,3.0,0.0,5.0,1.0
00IMtPzb,flashscore,SA1,2324,2024-05-18,al ahli sc,abha,3.0,0.0,5.0,0.0,8.0,0.0
KrEbxAqC,flashscore,SA1,2324,2024-05-18,al hazem,al riyadh,2.0,2.0,1.0,0.0,3.0,2.0
6wJIs5Li,flashscore,SA1,2324,2024-05-18,al taawon,al shabab,3.0,3.0,2.0,5.0,5.0,8.0
jR8u5W8b,flashscore,SP1,2324,2024-05-18,alaves,getafe,1.0,1.0,1.0,0.0,2.0,1.0
IkKwnPEI,flashscore,SP2,2324,2024-05-18,eldense,levante,2.0,1.0,3.0,0.0,5.0,1.0
MNn03Qqg,flashscore,SP2,2324,2024-05-18,tenerife,amorebieta,2.0,4.0,3.0,1.0,5.0,5.0
On7P9S6P,flashscore,SP2,2324,2024-05-18,huesca,racing santander,2.0,2.0,4.0,2.0,6.0,4.0
Qegi5nFt,flashscore,SP2,2324,2024-05-18,leganes,gijon,2.0,4.0,2.0,3.0,4.0,7.0
OQ7BJcil,flashscore,SP2,2324,2024-05-18,andorra,burgos cf,3.0,1.0,4.0,0.0,7.0,1.0
2HEQJs0k,flashscore,SW1,2324,2024-05-18,grasshoppers,basel,2.0,2.0,4.0,2.0,6.0,4.0
AsIYHLU1,flashscore,SW1,2324,2024-05-18,lausanne ouchy,lausanne,2.0,2.0,1.0,1.0,3.0,3.0
Qk0LuPM8,flashscore,SW1,2324,2024-05-18,yverdon,luzern,3.0,5.0,1.0,2.0,4.0,7.0
8vNjtOa6,flashscore,TR1,2324,2024-05-18,ankaragucu,pendikspor,2.0,1.0,2.0,3.0,4.0,4.0
dhyFpwih,flashscore,TR1,2324,2024-05-18,basaksehir,trabzonspor,3.0,1.0,3.0,3.0,6.0,4.0
UmOns4p0,flashscore,TR1,2324,2024-05-18,besiktas,hatayspor,4.0,2.0,3.0,1.0,7.0,3.0
vHtAoJyn,flashscore,TR1,2324,2024-05-18,gaziantep,karagumruk,3.0,8.0,3.0,4.0,6.0,12.0
r9wRsyyB,flashscore,TR1,2324,2024-05-18,kayserispor,konyaspor,1.0,3.0,0.0,6.0,1.0,9.0
j3CeurFC,flashscore,TR1,2324,2024-05-18,rizespor,kasimpasa,4.0,0.0,1.0,4.0,5.0,4.0
llVbv2UI,flashscore,TR1,2324,2024-05-18,samsunspor,alanyaspor,1.0,0.0,3.0,1.0,4.0,1.0
QRZiSd4b,flashscore,B1,2324,2024-05-19,lommel sk,kortrijk,4.0,1.0,4.0,0.0,8.0,1.0
fFLdRm0m,flashscore,B1,2324,2024-05-19,anderlecht,club brugge kv,2.0,4.0,2.0,0.0,4.0,4.0
tCHhSTps,flashscore,B1,2324,2024-05-19,cercle brugge ksv,royale union sg,2.0,2.0,3.0,3.0,5.0,5.0
IymNbXwC,flashscore,D2,2324,2024-05-19,dusseldorf,magdeburg,1.0,2.0,5.0,9.0,6.0,11.0
ARXxGY8n,flashscore,D2,2324,2024-05-19,elversberg,karlsruher sc,1.0,2.0,1.0,3.0,2.0,5.0
jsi6LfoP,flashscore,D2,2324,2024-05-19,greuther furth,schalke,1.0,1.0,2.0,2.0,3.0,3.0
volJaDO5,flashscore,D2,2324,2024-05-19,hamburger sv,nurnberg,1.0,2.0,3.0,4.0,4.0,6.0
xv3OdB8O,flashscore,D2,2324,2024-05-19,hannover,holstein kiel,5.0,3.0,5.0,0.0,10.0,3.0
S2rYGEgt,flashscore,D2,2324,2024-05-19,hansa rostock,paderborn,0.0,4.0,1.0,2.0,1.0,6.0
bm4KcigI,flashscore,D2,2324,2024-05-19,kaiserslautern,braunschweig,2.0,2.0,1.0,4.0,3.0,6.0
lIWtFhOh,flashscore,D2,2324,2024-05-19,vfl osnabruck,hertha berlin,6.0,3.0,1.0,2.0,7.0,5.0
IiyoECwa,flashscore,D2,2324,2024-05-19,wehen,st. pauli,3.0,5.0,5.0,3.0,8.0,8.0
St76aQK6,flashscore,DK1,2324,2024-05-19,odense,randers fc,3.0,4.0,0.0,1.0,3.0,5.0
jXP8f29S,flashscore,E0,2324,2024-05-19,arsenal,everton,3.0,1.0,5.0,0.0,8.0,1.0
htCzjMHq,flashscore,E0,2324,2024-05-19,brentford,newcastle,1.0,0.0,2.0,0.0,3.0,0.0
z51uktXk,flashscore,E0,2324,2024-05-19,brighton,manchester utd,4.0,1.0,3.0,4.0,7.0,5.0
nu5ql0nd,flashscore,E0,2324,2024-05-19,burnley,nottingham,3.0,0.0,1.0,3.0,4.0,3.0
0rgRCqPd,flashscore,E0,2324,2024-05-19,chelsea,bournemouth,3.0,1.0,3.0,4.0,6.0,5.0
vZiVB3v3,flashscore,E0,2324,2024-05-19,crystal palace,aston villa,0.0,4.0,2.0,0.0,2.0,4.0
dAnzBNg9,flashscore,E0,2324,2024-05-19,liverpool,wolves,7.0,2.0,3.0,0.0,10.0,2.0
z1ovAs9F,flashscore,E0,2324,2024-05-19,luton,fulham,3.0,1.0,1.0,3.0,4.0,4.0
Sd97hFwr,flashscore,E0,2324,2024-05-19,manchester city,west ham,3.0,1.0,8.0,1.0,11.0,2.0
t0DBiZhl,flashscore,E0,2324,2024-05-19,sheffield utd,tottenham,2.0,3.0,0.0,3.0,2.0,6.0
88K4TzrO,flashscore,F1,2324,2024-05-19,le havre,marseille,1.0,1.0,4.0,2.0,5.0,3.0
2ek4VdDB,flashscore,F1,2324,2024-05-19,lens,montpellier,0.0,0.0,1.0,0.0,1.0,0.0
naJ8SfcU,flashscore,F1,2324,2024-05-19,lille,nice,0.0,3.0,3.0,2.0,3.0,5.0
8Yk0Wxb5,flashscore,F1,2324,2024-05-19,lorient,clermont,3.0,1.0,6.0,1.0,9.0,2.0
xObInbrn,flashscore,F1,2324,2024-05-19,lyon,strasbourg,4.0,1.0,3.0,1.0,7.0,2.0
OKfEmvTu,flashscore,F1,2324,2024-05-19,metz,psg,0.0,8.0,1.0,3.0,1.0,11.0
tnl8UGSH,flashscore,F1,2324,2024-05-19,monaco,nantes,0.0,0.0,2.0,2.0,2.0,2.0
fVodXIra,flashscore,F1,2324,2024-05-19,reims,rennes,1.0,2.0,1.0,2.0,2.0,4.0
C6diYbTh,flashscore,F1,2324,2024-05-19,toulouse,brest,3.0,0.0,3.0,2.0,6.0,2.0
nHOzgnSL,flashscore,I1,2324,2024-05-19,as roma,genoa,2.0,2.0,4.0,1.0,6.0,3.0
beWNelr3,flashscore,I1,2324,2024-05-19,inter,lazio,5.0,0.0,3.0,0.0,8.0,0.0
4hZVgSCF,flashscore,I1,2324,2024-05-19,monza,frosinone,1.0,3.0,2.0,1.0,3.0,4.0
vF3Fo4Ke,flashscore,I1,2324,2024-05-19,udinese,empoli,3.0,3.0,2.0,2.0,5.0,5.0
IaF6mQkq,flashscore,I1,2324,2024-05-19,sassuolo,cagliari,2.0,0.0,3.0,6.0,5.0,6.0
vB9gh4Dm,flashscore,N1,2324,2024-05-19,almere city,nijmegen,4.0,1.0,2.0,6.0,6.0,7.0
dnKlgpbs,flashscore,N1,2324,2024-05-19,az alkmaar,utrecht,2.0,9.0,1.0,5.0,3.0,14.0
MgTMcQkQ,flashscore,N1,2324,2024-05-19,fc volendam,g.a. eagles,2.0,2.0,3.0,6.0,5.0,8.0
SWTIb6zK,flashscore,N1,2324,2024-05-19,feyenoord,excelsior,5.0,3.0,5.0,3.0,10.0,6.0
ltVEanLD,flashscore,N1,2324,2024-05-19,heracles,sittard,3.0,5.0,1.0,1.0,4.0,6.0
W40Uiz27,flashscore,N1,2324,2024-05-19,psv,waalwijk,10.0,2.0,4.0,1.0,14.0,3.0
xr1QhGn1,flashscore,N1,2324,2024-05-19,sparta rotterdam,heerenveen,2.0,4.0,0.0,4.0,2.0,8.0
OvcMgdXf,flashscore,N1,2324,2024-05-19,vitesse,ajax,0.0,6.0,5.0,5.0,5.0,11.0
AeaYjfHD,flashscore,N1,2324,2024-05-19,zwolle,twente,1.0,10.0,0.0,3.0,1.0,13.0
Ojivvk0t,flashscore,RO1,2324,2024-05-19,fc rapid bucuresti,fcsb,0.0,8.0,2.0,3.0,2.0,11.0
84lqpjvA,flashscore,RO1,2324,2024-05-19,otelul,u. cluj,2.0,1.0,1.0,1.0,3.0,2.0
t2MJmVwO,flashscore,SP1,2324,2024-05-19,ath bilbao,sevilla,3.0,0.0,5.0,3.0,8.0,3.0
vmuNnkgU,flashscore,SP1,2324,2024-05-19,atl. madrid,osasuna,3.0,4.0,4.0,1.0,7.0,5.0
4A6T7YOu,flashscore,SP1,2324,2024-05-19,barcelona,rayo vallecano,5.0,4.0,2.0,1.0,7.0,5.0
r15X6hvn,flashscore,SP1,2324,2024-05-19,betis,real sociedad,4.0,0.0,2.0,2.0,6.0,2.0
CzAy6Cgh,flashscore,SP1,2324,2024-05-19,cadiz cf,las palmas,1.0,0.0,4.0,3.0,5.0,3.0
ng2l3AwB,flashscore,SP1,2324,2024-05-19,granada cf,celta vigo,8.0,2.0,2.0,0.0,10.0,2.0
Ykbp4jO4,flashscore,SP1,2324,2024-05-19,mallorca,almeria,4.0,1.0,8.0,1.0,12.0,2.0
tG1h2UhH,flashscore,SP1,2324,2024-05-19,valencia,girona,1.0,3.0,4.0,1.0,5.0,4.0
K60d1l8N,flashscore,SP1,2324,2024-05-19,villarreal,real madrid,3.0,2.0,0.0,1.0,3.0,3.0
CCuD0OTB,flashscore,SP2,2324,2024-05-19,zaragoza,racing club ferrol,2.0,8.0,7.0,1.0,9.0,9.0
zRUYn5aC,flashscore,SP2,2324,2024-05-19,alcorcon,valladolid,1.0,2.0,3.0,4.0,4.0,6.0
Gpn42paa,flashscore,SP2,2324,2024-05-19,eibar,fc cartagena sad,1.0,0.0,2.0,0.0,3.0,0.0
zqzJqc6b,flashscore,TR1,2324,2024-05-19,galatasaray,fenerbahce,0.0,3.0,1.0,2.0,1.0,5.0
xvB1Q7Fg,flashscore,B1,2324,2024-05-20,genk,antwerp,1.0,1.0,1.0,7.0,2.0,8.0
MsDVtL8A,flashscore,DK1,2324,2024-05-20,nordsjaelland,midtjylland,1.0,2.0,4.0,3.0,5.0,5.0
h88Rs1g4,flashscore,DK1,2324,2024-05-20,silkeborg,brondby,2.0,1.0,3.0,0.0,5.0,1.0
ldeFc4kJ,flashscore,DK1,2324,2024-05-20,lyngby,viborg,6.0,2.0,3.0,3.0,9.0,5.0
A5dBbpzD,flashscore,DK1,2324,2024-05-20,vejle,hvidovre if,2.0,1.0,3.0,3.0,5.0,4.0
rmlyYpjd,flashscore,I1,2324,2024-05-20,bologna,juventus,3.0,0.0,0.0,2.0,3.0,2.0
Q7Nvh6sS,flashscore,I1,2324,2024-05-20,salernitana,verona,1.0,6.0,3.0,0.0,4.0,6.0
bihjSW3m,flashscore,I2,2324,2024-05-20,palermo,venezia,6.0,1.0,3.0,3.0,9.0,4.0
vHSf9qop,flashscore,RO1,2324,2024-05-20,dinamo bucuresti,csikszereda m. ciuc,6.0,0.0,1.0,1.0,7.0,1.0
dtJsoqUO,flashscore,SP2,2324,2024-05-20,espanyol,oviedo,0.0,4.0,2.0,3.0,2.0,7.0
8Krd46Un,flashscore,SP2,2324,2024-05-20,villarreal b,albacete,4.0,1.0,4.0,0.0,8.0,1.0
ll50WKqe,flashscore,SW1,2324,2024-05-20,servette,young boys,1.0,0.0,1.0,5.0,2.0,5.0
tO1hYtFr,flashscore,SW1,2324,2024-05-20,winterthur,st. gallen,2.0,0.0,2.0,2.0,4.0,2.0
b3bTw3iL,flashscore,SW1,2324,2024-05-20,zurich,lugano,3.0,4.0,0.0,8.0,3.0,12.0
44q6Jsa3,flashscore,TR2,2324,2024-05-20,corum,bodrumspor,1.0,4.0,0.0,0.0,1.0,4.0
0YBZuuOG,flashscore,DK1,2324,2024-05-21,aarhus,fc copenhagen,4.0,0.0,2.0,3.0,6.0,3.0
xbTyN52l,flashscore,F1,2324,2024-05-21,rodez,paris fc,4.0,3.0,1.0,4.0,5.0,7.0
ETVbCQUN,flashscore,I2,2324,2024-05-21,catanzaro,cremonese,2.0,3.0,1.0,1.0,3.0,4.0
Us3TZgjm,flashscore,SW1,2324,2024-05-21,basel,yverdon,4.0,2.0,2.0,1.0,6.0,3.0
xAoeh26E,flashscore,SW1,2324,2024-05-21,lausanne,grasshoppers,2.0,0.0,2.0,3.0,4.0,3.0
A3g9UbE7,flashscore,SW1,2324,2024-05-21,luzern,lausanne ouchy,5.0,0.0,2.0,2.0,7.0,2.0
dpwPbiGE,flashscore,D1,2324,2024-05-23,bochum,dusseldorf,5.0,5.0,2.0,3.0,7.0,8.0
M7Gy1qKr,flashscore,I1,2324,2024-05-23,cagliari,fiorentina,2.0,3.0,2.0,2.0,4.0,5.0
j3CszWTa,flashscore,I2,2324,2024-05-23,ternana,bari,1.0,4.0,1.0,4.0,2.0,8.0
8KYAIaiD,flashscore,N1,2324,2024-05-23,utrecht,sparta rotterdam,4.0,3.0,3.0,4.0,7.0,7.0
n3wjt3qK,flashscore,N1,2324,2024-05-23,nijmegen,g.a. eagles,0.0,4.0,3.0,6.0,3.0,10.0
UXm5CZYH,flashscore,RS1,2324,2024-05-23,tsc,napredak,1.0,2.0,3.0,0.0,4.0,2.0
SQStx1kT,flashscore,SA1,2324,2024-05-23,abha,al khaleej,2.0,4.0,2.0,1.0,4.0,5.0
tAQUv35A,flashscore,SA1,2324,2024-05-23,al ettifaq,al shabab,2.0,4.0,1.0,4.0,3.0,8.0
0EceeOki,flashscore,SA1,2324,2024-05-23,al fateh,al hazem,3.0,0.0,6.0,5.0,9.0,5.0
nB9DWvDj,flashscore,SA1,2324,2024-05-23,al fayha,al taawon,0.0,3.0,3.0,4.0,3.0,7.0
KGDdg2K3,flashscore,SA1,2324,2024-05-23,al hilal,al taee,8.0,0.0,2.0,1.0,10.0,1.0
lzUxwszN,flashscore,SA1,2324,2024-05-23,al ittihad,damac,3.0,0.0,3.0,2.0,6.0,2.0
Y759XKcp,flashscore,SA1,2324,2024-05-23,al okhdood,al wehda,4.0,2.0,5.0,1.0,9.0,3.0
K0PYwNKG,flashscore,SA1,2324,2024-05-23,al raed,al ahli sc,0.0,2.0,1.0,5.0,1.0,7.0
v5dafr5c,flashscore,SA1,2324,2024-05-23,al riyadh,al nassr,1.0,4.0,0.0,7.0,1.0,11.0
hKS0h6Yq,flashscore,D2,2324,2024-05-24,regensburg,wehen,1.0,1.0,5.0,1.0,6.0,2.0
UmxckAJN,flashscore,F1,2324,2024-05-24,st etienne,rodez,10.0,3.0,4.0,3.0,14.0,6.0
Cd9lbs41,flashscore,I1,2324,2024-05-24,genoa,bologna,2.0,2.0,1.0,4.0,3.0,6.0
6HebQAYa,flashscore,I2,2324,2024-05-24,venezia,palermo,4.0,3.0,0.0,2.0,4.0,5.0
hSG5KBWr,flashscore,RO1,2324,2024-05-24,mioveni,fc botosani,1.0,1.0,0.0,0.0,1.0,1.0
z7zq8ZaM,flashscore,RS1,2324,2024-05-24,javor,zeleznicar pancevo,1.0,3.0,3.0,6.0,4.0,9.0
EinzAeV9,flashscore,RS1,2324,2024-05-24,novi pazar,radnicki nis,1.0,1.0,2.0,2.0,3.0,3.0
6kRE2DNq,flashscore,RS1,2324,2024-05-24,sp. subotica,imt novi beograd,4.0,2.0,2.0,0.0,6.0,2.0
2HKN0ihd,flashscore,RS1,2324,2024-05-24,vozdovac,radnik,8.0,0.0,9.0,0.0,17.0,0.0
UXe7JVNi,flashscore,SP1,2324,2024-05-24,girona,granada cf,2.0,1.0,2.0,1.0,4.0,2.0
OSfdcGzb,flashscore,TR1,2324,2024-05-24,alanyaspor,antalyaspor,2.0,2.0,1.0,0.0,3.0,2.0
QJXEHLTF,flashscore,TR2,2324,2024-05-24,bodrumspor,corum,2.0,3.0,4.0,1.0,7.0,4.0
2sEdBjSu,flashscore,B1,2324,2024-05-25,gent,st. truiden,2.0,4.0,2.0,0.0,4.0,4.0
QLxij7dU,flashscore,B1,2324,2024-05-25,kv mechelen,st. liege,6.0,2.0,3.0,2.0,9.0,4.0
CIYnimsO,flashscore,B1,2324,2024-05-25,leuven,westerlo,1.0,4.0,0.0,2.0,1.0,6.0
xClcMmSJ,flashscore,DK1,2324,2024-05-25,hvidovre if,lyngby,1.0,3.0,3.0,1.0,4.0,4.0
G2m1L7sQ,flashscore,DK1,2324,2024-05-25,randers fc,vejle,9.0,0.0,1.0,6.0,10.0,6.0
MqQTGRks,flashscore,DK1,2324,2024-05-25,viborg,odense,0.0,6.0,0.0,2.0,0.0,8.0
pCf58RR8,flashscore,I1,2324,2024-05-25,ac milan,salernitana,10.0,1.0,3.0,2.0,13.0,3.0
hI7JpOZ1,flashscore,I1,2324,2024-05-25,juventus,monza,1.0,1.0,2.0,3.0,3.0,4.0
YDCV64ho,flashscore,I2,2324,2024-05-25,cremonese,catanzaro,1.0,3.0,4.0,3.0,5.0,6.0
UHXCrnCl,flashscore,P1,2324,2024-05-25,portimonense,afs,3.0,1.0,11.0,1.0,14.0,2.0
0hdlGHZh,flashscore,RS1,2324,2024-05-25,crvena zvezda,cukaricki,6.0,0.0,3.0,2.0,9.0,2.0
OY5wfRIj,flashscore,RS1,2324,2024-05-25,vojvodina,mladost,11.0,0.0,3.0,0.0,14.0,0.0
dKkcEe45,flashscore,RS1,2324,2024-05-25,partizan,radnicki 1923,5.0,4.0,1.0,3.0,6.0,7.0
txwTE7xN,flashscore,SP1,2324,2024-05-25,real madrid,betis,0.0,2.0,4.0,3.0,4.0,5.0
0IHg08NT,flashscore,SP1,2324,2024-05-25,almeria,cadiz cf,0.0,3.0,1.0,1.0,1.0,4.0
jmpGH9h4,flashscore,SP1,2324,2024-05-25,rayo vallecano,ath bilbao,4.0,0.0,4.0,2.0,8.0,2.0
KMlKGT7A,flashscore,SP1,2324,2024-05-25,real sociedad,atl. madrid,4.0,1.0,4.0,3.0,8.0,4.0
CdoCIkwb,flashscore,SP1,2324,2024-05-25,osasuna,villarreal,2.0,2.0,4.0,2.0,6.0,4.0
2e1yYXKa,flashscore,SW1,2324,2024-05-25,lugano,servette,1.0,5.0,1.0,2.0,2.0,7.0
bNfpWBkC,flashscore,SW1,2324,2024-05-25,st. gallen,zurich,1.0,2.0,4.0,2.0,5.0,4.0
6mbhUkKO,flashscore,SW1,2324,2024-05-25,young boys,winterthur,6.0,0.0,2.0,2.0,8.0,2.0
QXSVtejH,flashscore,TR1,2324,2024-05-25,sivasspor,kayserispor,6.0,3.0,4.0,1.0,10.0,4.0
EcD5zgTp,flashscore,TR1,2324,2024-05-25,karagumruk,samsunspor,2.0,2.0,0.0,5.0,2.0,7.0
p4E9Oop6,flashscore,B1,2324,2024-05-26,antwerp,anderlecht,3.0,1.0,1.0,1.0,4.0,2.0
OfDDN5aC,flashscore,B1,2324,2024-05-26,club brugge kv,cercle brugge ksv,3.0,2.0,2.0,0.0,5.0,2.0
GU95PRUa,flashscore,B1,2324,2024-05-26,royale union sg,genk,7.0,0.0,3.0,4.0,10.0,4.0
buYaQzZA,flashscore,B1,2324,2024-05-26,kortrijk,lommel sk,2.0,5.0,4.0,0.0,9.0,5.0
CCiAZx1p,flashscore,DK1,2324,2024-05-26,brondby,aarhus,3.0,2.0,9.0,0.0,12.0,2.0
fX4rvJhT,flashscore,DK1,2324,2024-05-26,fc copenhagen,nordsjaelland,2.0,3.0,1.0,3.0,3.0,6.0
rc1vuawN,flashscore,DK1,2324,2024-05-26,midtjylland,silkeborg,2.0,0.0,4.0,2.0,6.0,2.0
YJBMWNJa,flashscore,E1,2324,2024-05-26,leeds,southampton,1.0,3.0,3.0,1.0,4.0,4.0
4W5t03Zl,flashscore,I1,2324,2024-05-26,empoli,as roma,0.0,0.0,4.0,5.0,4.0,5.0
rN4paNle,flashscore,I1,2324,2024-05-26,frosinone,udinese,4.0,1.0,7.0,0.0,11.0,1.0
6Le197C2,flashscore,I1,2324,2024-05-26,lazio,sassuolo,3.0,1.0,2.0,2.0,5.0,3.0
jPP565dL,flashscore,I1,2324,2024-05-26,verona,inter,4.0,1.0,5.0,2.0,9.0,3.0
pnP95PBR,flashscore,I1,2324,2024-05-26,atalanta,torino,0.0,2.0,2.0,3.0,2.0,5.0
CYQ17osF,flashscore,I1,2324,2024-05-26,napoli,lecce,2.0,1.0,2.0,0.0,4.0,1.0
UwFMQLcf,flashscore,N1,2324,2024-05-26,utrecht,g.a. eagles,6.0,0.0,4.0,4.0,11.0,4.0
2cKgct2L,flashscore,RO1,2324,2024-05-26,univ. craiova,u. cluj,4.0,2.0,2.0,2.0,6.0,4.0
bDmOFmNG,flashscore,SP1,2324,2024-05-26,sevilla,barcelona,3.0,4.0,3.0,1.0,6.0,5.0
2R3LeSVp,flashscore,SP1,2324,2024-05-26,celta vigo,valencia,0.0,2.0,2.0,0.0,2.0,2.0
hCtXDRiT,flashscore,SP1,2324,2024-05-26,las palmas,alaves,1.0,2.0,1.0,4.0,2.0,6.0
GUi3KB8o,flashscore,SP1,2324,2024-05-26,getafe,mallorca,2.0,0.0,1.0,4.0,3.0,4.0
j3vHarqI,flashscore,SP2,2324,2024-05-26,albacete,mirandes,5.0,3.0,1.0,0.0,6.0,3.0
pQwLb2bO,flashscore,SP2,2324,2024-05-26,amorebieta,espanyol,2.0,1.0,1.0,1.0,3.0,2.0
d0sPcMDU,flashscore,SP2,2324,2024-05-26,burgos cf,tenerife,1.0,1.0,3.0,2.0,4.0,3.0
0E7ZHPbn,flashscore,SP2,2324,2024-05-26,elche,eldense,1.0,1.0,4.0,1.0,5.0,2.0
MN8VI5qt,flashscore,SP2,2324,2024-05-26,fc cartagena sad,huesca,2.0,2.0,2.0,1.0,4.0,3.0
464jEsbB,flashscore,SP2,2324,2024-05-26,gijon,eibar,1.0,5.0,1.0,5.0,2.0,10.0
j30nFNr5,flashscore,SP2,2324,2024-05-26,levante,alcorcon,4.0,2.0,8.0,4.0,12.0,6.0
6kcGIH6f,flashscore,SP2,2324,2024-05-26,oviedo,andorra,3.0,5.0,3.0,2.0,6.0,7.0
UmCwHqEh,flashscore,SP2,2324,2024-05-26,racing club ferrol,leganes,0.0,0.0,1.0,2.0,1.0,2.0
8vBsG3Tb,flashscore,SP2,2324,2024-05-26,racing santander,zaragoza,5.0,2.0,4.0,2.0,9.0,4.0
bT3fD1DH,flashscore,SP2,2324,2024-05-26,valladolid,villarreal b,1.0,2.0,2.0,1.0,3.0,3.0
x6oCtgqH,flashscore,SW1,2324,2024-05-26,grasshoppers,thun,10.0,0.0,9.0,0.0,19.0,0.0
U5ehbdLi,flashscore,TR1,2324,2024-05-26,adana demirspor,basaksehir,1.0,1.0,1.0,0.0,2.0,1.0
4ORZuF5N,flashscore,TR1,2324,2024-05-26,fenerbahce,istanbulspor as,3.0,1.0,1.0,4.0,4.0,5.0
bom9fEKG,flashscore,TR1,2324,2024-05-26,hatayspor,rizespor,1.0,1.0,1.0,3.0,2.0,4.0
2Jg0dzj4,flashscore,TR1,2324,2024-05-26,kasimpasa,besiktas,4.0,1.0,4.0,2.0,8.0,3.0
ClRwuZKT,flashscore,TR1,2324,2024-05-26,konyaspor,galatasaray,0.0,7.0,3.0,3.0,3.0,10.0
G2ilax6o,flashscore,TR1,2324,2024-05-26,pendikspor,gaziantep,0.0,3.0,2.0,0.0,2.0,3.0
Kfl5ef5A,flashscore,TR1,2324,2024-05-26,trabzonspor,ankaragucu,2.0,3.0,1.0,3.0,3.0,6.0
UBjWdVpR,flashscore,D1,2324,2024-05-27,dusseldorf,bochum,4.0,1.0,4.0,6.0,14.0,8.0
xGj9vXNE,flashscore,RO1,2324,2024-05-27,csikszereda m. ciuc,dinamo bucuresti,1.0,2.0,5.0,2.0,6.0,4.0
CAxz7Ll3,flashscore,SA1,2324,2024-05-27,al ahli sc,al fayha,5.0,3.0,8.0,2.0,13.0,5.0
hUB4itkG,flashscore,SA1,2324,2024-05-27,al hazem,abha,3.0,1.0,1.0,3.0,4.0,4.0
Kvdqpbsj,flashscore,SA1,2324,2024-05-27,al khaleej,al riyadh,6.0,1.0,2.0,1.0,8.0,2.0
6XF8j04M,flashscore,SA1,2324,2024-05-27,al nassr,al ittihad,2.0,0.0,4.0,1.0,6.0,1.0
ld5DkKJS,flashscore,SA1,2324,2024-05-27,al shabab,al fateh,3.0,2.0,3.0,4.0,6.0,6.0
b7C0hMZ9,flashscore,SA1,2324,2024-05-27,al taawon,al ettifaq,0.0,1.0,2.0,3.0,2.0,4.0
j5iuovSq,flashscore,SA1,2324,2024-05-27,al taee,al okhdood,1.0,3.0,5.0,6.0,6.0,9.0
0zZV71Zd,flashscore,SA1,2324,2024-05-27,al wehda,al hilal,2.0,6.0,1.0,2.0,3.0,8.0
bVfmqIdd,flashscore,SA1,2324,2024-05-27,damac,al raed,2.0,2.0,0.0,0.0,2.0,2.0
0pW8jp3d,flashscore,D2,2324,2024-05-28,wehen,regensburg,0.0,1.0,7.0,0.0,7.0,1.0
8bFZudVg,flashscore,RS1,2324,2024-05-29,tekstilac odzaci,javor,1.0,1.0,1.0,0.0,2.0,1.0
6exBKToJ,flashscore,F1,2324,2024-05-30,st etienne,metz,3.0,2.0,2.0,0.0,5.0,2.0
827tKNqo,flashscore,I2,2324,2024-05-30,cremonese,venezia,2.0,2.0,6.0,4.0,8.0,6.0
ANBjxEUI,flashscore,RS1,2324,2024-05-30,fk indjija,zeleznicar pancevo,6.0,2.0,0.0,0.0,6.0,2.0
QgGSNHsT,flashscore,TR2,2324,2024-05-30,sakaryaspor,bodrumspor,2.0,3.0,2.0,3.0,5.0,12.0
MiOHrp54,flashscore,DK1,2324,2024-05-31,fc copenhagen,randers fc,2.0,4.0,1.0,3.0,3.0,7.0
Uw3pOpTk,flashscore,SW1,2324,2024-05-31,thun,grasshoppers,4.0,2.0,1.0,5.0,5.0,7.0
WMaZW1Or,flashscore,B1,2324,2024-06-02,genk,gent,4.0,1.0,0.0,1.0,4.0,2.0
KxqNRpgn,flashscore,F1,2324,2024-06-02,metz,st etienne,1.0,5.0,3.0,5.0,5.0,13.0
0OKRs71U,flashscore,I1,2324,2024-06-02,atalanta,fiorentina,2.0,1.0,2.0,3.0,4.0,4.0
z9aSsRyh,flashscore,I2,2324,2024-06-02,venezia,cremonese,2.0,0.0,2.0,5.0,4.0,5.0
OGQLtQt1,flashscore,P1,2324,2024-06-02,afs,portimonense,1.0,2.0,0.0,6.0,1.0,8.0
jyvFGzK9,flashscore,SP2,2324,2024-06-02,zaragoza,albacete,1.0,3.0,3.0,3.0,4.0,6.0
2FcKfgcj,flashscore,SP2,2324,2024-06-02,eibar,oviedo,7.0,2.0,0.0,3.0,7.0,5.0
t6dOgDCd,flashscore,SP2,2324,2024-06-02,eldense,gijon,1.0,2.0,2.0,1.0,3.0,3.0
b1sNEElM,flashscore,SP2,2324,2024-06-02,espanyol,fc cartagena sad,4.0,1.0,4.0,2.0,8.0,3.0
xhtRDY3S,flashscore,SP2,2324,2024-06-02,leganes,elche,2.0,1.0,0.0,2.0,2.0,3.0
URxJFfZF,flashscore,SP2,2324,2024-06-02,mirandes,amorebieta,2.0,0.0,2.0,0.0,4.0,0.0
8ClAHG43,flashscore,SP2,2324,2024-06-02,tenerife,valladolid,1.0,2.0,3.0,5.0,4.0,7.0
rZIg9hCq,flashscore,SP2,2324,2024-06-02,villarreal b,racing santander,0.0,1.0,3.0,3.0,3.0,4.0
zgRNeZsp,flashscore,SP2,2324,2024-06-02,alcorcon,burgos cf,2.0,2.0,0.0,3.0,2.0,5.0
ptdKHyM0,flashscore,SP2,2324,2024-06-02,andorra,racing club ferrol,0.0,2.0,3.0,4.0,3.0,6.0
f9p6Idkc,flashscore,SP2,2324,2024-06-02,huesca,levante,2.0,3.0,1.0,3.0,3.0,6.0
2Hbx0HMP,flashscore,RS1,2324,2024-06-03,zeleznicar pancevo,fk indjija,3.0,2.0,2.0,2.0,5.0,4.0
GOIsvz06,flashscore,RS1,2324,2024-06-03,javor,tekstilac odzaci,1.0,1.0,3.0,0.0,4.0,1.0
QF1aZzEk,flashscore,SP2,2324,2024-06-08,oviedo,eibar,1.0,0.0,4.0,1.0,5.0,1.0
b5HKtJLF,flashscore,SP2,2324,2024-06-09,gijon,espanyol,0.0,3.0,0.0,2.0,0.0,5.0
bTa7XEr2,flashscore,SP2,2324,2024-06-12,eibar,oviedo,3.0,1.0,2.0,0.0,5.0,1.0
6VKSvcjS,flashscore,SP2,2324,2024-06-13,espanyol,gijon,0.0,1.0,1.0,6.0,1.0,7.0
YPfVUbHr,flashscore,SP2,2324,2024-06-16,oviedo,espanyol,0.0,2.0,1.0,2.0,1.0,4.0
UilvTxne,flashscore,SP2,2324,2024-06-23,espanyol,oviedo,7.0,2.0,0.0,3.0,7.0,5.0
jHL2pbV0,flashscore,DK1,2425,2024-11-10,brondby,nordsjaelland,1.0,2.0,1.0,2.0,2.0,4.0
riIfnK0l,flashscore,DK1,2425,2024-11-10,aarhus,fc copenhagen,5.0,4.0,4.0,1.0,9.0,5.0
CW9Brx0D,flashscore,DK1,2425,2024-11-10,viborg,midtjylland,2.0,6.0,1.0,4.0,3.0,10.0
dxiyacpf,flashscore,DK1,2425,2024-11-10,lyngby,aalborg,1.0,5.0,0.0,2.0,1.0,7.0
4vCd6uhK,flashscore,DK1,2425,2024-11-10,silkeborg,randers fc,1.0,4.0,2.0,4.0,3.0,8.0
67AJBzUa,flashscore,DK1,2425,2024-11-22,nordsjaelland,aarhus,1.0,0.0,4.0,1.0,5.0,1.0
h4ppcyF6,flashscore,DK1,2425,2024-11-24,fc copenhagen,lyngby,6.0,1.0,7.0,0.0,13.0,1.0
vL8R9EbC,flashscore,DK1,2425,2024-11-24,sonderjyske,brondby,3.0,1.0,3.0,2.0,6.0,3.0
AuHADdam,flashscore,DK1,2425,2024-11-24,aalborg,viborg,0.0,8.0,0.0,3.0,0.0,11.0
vcQvJIyQ,flashscore,DK1,2425,2024-11-24,randers fc,vejle,3.0,1.0,6.0,0.0,9.0,1.0
b1mheFqJ,flashscore,DK1,2425,2024-11-25,midtjylland,silkeborg,2.0,2.0,0.0,4.0,2.0,6.0
Wl29KVCU,flashscore,DK1,2425,2024-11-29,brondby,aalborg,1.0,3.0,4.0,5.0,5.0,8.0
A1hoQZrg,flashscore,DK1,2425,2024-12-01,silkeborg,aarhus,1.0,2.0,0.0,0.0,1.0,2.0
IRegODD5,flashscore,DK1,2425,2024-12-01,vejle,midtjylland,3.0,6.0,7.0,3.0,10.0,9.0
ln4xSeEt,flashscore,DK1,2425,2024-12-01,lyngby,sonderjyske,0.0,2.0,2.0,2.0,2.0,4.0
by41MirI,flashscore,DK1,2425,2024-12-01,viborg,randers fc,0.0,11.0,2.0,2.0,2.0,13.0
bNOS7hTO,flashscore,DK1,2425,2024-12-02,fc copenhagen,nordsjaelland,0.0,2.0,0.0,2.0,0.0,4.0
xrDMJ75k,flashscore,B2,2425,2024-12-21,raal la louviere,rwdm brussels,1.0,3.0,1.0,3.0,2.0,6.0
IcWkPTsS,flashscore,B2,2425,2024-12-21,eupen,rfc liege,5.0,3.0,6.0,2.0,11.0,5.0
ARqZSBr3,flashscore,B2,2425,2024-12-22,k. lierse s.k.,lommel sk,3.0,3.0,5.0,4.0,8.0,7.0
Q3gHukS8,flashscore,B2,2425,2024-12-22,patro eisden,seraing,0.0,6.0,2.0,0.0,2.0,6.0
AeBUHoz2,flashscore,B2,2425,2024-12-22,sporting lokeren,beveren,4.0,1.0,4.0,0.0,8.0,1.0
nyg0utYP,flashscore,B2,2425,2025-01-11,rwdm brussels,rfc liege,4.0,4.0,1.0,2.0,5.0,6.0
bFC5JbB6,flashscore,B2,2425,2025-01-11,waregem,patro eisden,7.0,2.0,1.0,2.0,8.0,4.0
jk9cLKtf,flashscore,B2,2425,2025-01-12,beveren,raal la louviere,0.0,4.0,2.0,5.0,2.0,9.0
dpeu1dfn,flashscore,B2,2425,2025-01-17,patro eisden,sporting lokeren,4.0,1.0,1.0,2.0,5.0,3.0
QPndcEgB,flashscore,B2,2425,2025-01-18,francs borains,beveren,1.0,3.0,1.0,1.0,2.0,4.0
SUKVtg9U,flashscore,B2,2425,2025-01-18,raal la louviere,anderlecht u23,4.0,1.0,3.0,2.0,7.0,3.0
bkTEpyA5,flashscore,B2,2425,2025-01-18,eupen,rwdm brussels,1.0,2.0,0.0,1.0,1.0,3.0
6FWMrFvI,flashscore,B2,2425,2025-01-19,genk u23,seraing,2.0,1.0,5.0,5.0,7.0,6.0
U9yblJAt,flashscore,B2,2425,2025-01-19,k. lierse s.k.,club brugge kv u23,2.0,2.0,5.0,2.0,7.0,4.0
hCllazPb,flashscore,B2,2425,2025-01-19,rfc liege,waregem,1.0,0.0,5.0,2.0,6.0,2.0
QwSUBD84,flashscore,B2,2425,2025-01-24,rwdm brussels,genk u23,3.0,1.0,1.0,1.0,4.0,2.0
CfbCkNi2,flashscore,B2,2425,2025-01-24,sporting lokeren,k. lierse s.k.,2.0,1.0,8.0,2.0,10.0,3.0
M5LwAiwH,flashscore,B2,2425,2025-01-25,anderlecht u23,patro eisden,3.0,3.0,4.0,2.0,7.0,5.0
xIozjWoo,flashscore,B2,2425,2025-01-25,waregem,eupen,6.0,0.0,5.0,1.0,11.0,1.0
v1jbDQq9,flashscore,B2,2425,2025-01-25,seraing,francs borains,6.0,3.0,1.0,2.0,7.0,5.0
IDOMDZwh,flashscore,B2,2425,2025-01-26,club brugge kv u23,raal la louviere,0.0,1.0,1.0,4.0,1.0,5.0
hhrBiqNk,flashscore,B2,2425,2025-01-26,lommel sk,rfc liege,1.0,4.0,4.0,3.0,5.0,7.0
G6BOZJem,flashscore,B2,2425,2025-01-28,anderlecht u23,genk u23,1.0,4.0,0.0,5.0,1.0,9.0
hC6mUFPO,flashscore,B2,2425,2025-01-28,seraing,k. lierse s.k.,1.0,5.0,3.0,2.0,4.0,7.0
pn3uWyeC,flashscore,B2,2425,2025-01-28,sporting lokeren,eupen,1.0,1.0,5.0,1.0,6.0,2.0
OWEWXcQa,flashscore,B2,2425,2025-01-29,lommel sk,francs borains,0.0,1.0,3.0,3.0,3.0,4.0
8pWI2Unl,flashscore,B2,2425,2025-01-31,rfc liege,seraing,10.0,2.0,1.0,3.0,11.0,5.0
bBMg20y8,flashscore,B2,2425,2025-02-01,eupen,lommel sk,3.0,0.0,5.0,2.0,8.0,2.0
0Gv7B4EL,flashscore,B2,2425,2025-02-01,k. lierse s.k.,rwdm brussels,2.0,3.0,0.0,9.0,2.0,12.0
WbVx6rxq,flashscore,B2,2425,2025-02-01,anderlecht u23,club brugge kv u23,1.0,3.0,3.0,4.0,4.0,7.0
GnivACfE,flashscore,B2,2425,2025-02-02,genk u23,beveren,4.0,1.0,1.0,5.0,5.0,6.0
OCfn8jPQ,flashscore,B2,2425,2025-02-02,raal la louviere,waregem,1.0,2.0,3.0,2.0,4.0,4.0
tCqQ08H0,flashscore,B2,2425,2025-02-02,francs borains,patro eisden,0.0,0.0,3.0,2.0,3.0,2.0
8K4se1xe,flashscore,SW1,2425,2025-02-04,grasshoppers,lausanne,4.0,1.0,0.0,3.0,4.0,4.0
UZhjgu77,flashscore,SW1,2425,2025-02-04,sion,servette,3.0,3.0,3.0,5.0,6.0,8.0
zXuxHraE,flashscore,SW1,2425,2025-02-05,st. gallen,lugano,2.0,0.0,5.0,0.0,7.0,0.0
2odIdEDa,flashscore,SW1,2425,2025-02-05,young boys,yverdon,3.0,1.0,5.0,1.0,8.0,2.0
0f1ZdN7r,flashscore,SW1,2425,2025-02-06,basel,luzern,2.0,2.0,2.0,7.0,4.0,9.0
UXcAbzqm,flashscore,SW1,2425,2025-02-06,winterthur,zurich,1.0,6.0,1.0,6.0,2.0,12.0
lI6iHT1s,flashscore,B2,2425,2025-02-07,lommel sk,club brugge kv u23,1.0,1.0,1.0,2.0,2.0,3.0
v3q3ZSNP,flashscore,B2,2425,2025-02-08,patro eisden,genk u23,5.0,1.0,6.0,0.0,11.0,1.0
UXPKMkvK,flashscore,B2,2425,2025-02-08,rwdm brussels,anderlecht u23,3.0,0.0,10.0,0.0,13.0,0.0
zZUYT6om,flashscore,B2,2425,2025-02-08,rfc liege,francs borains,3.0,1.0,11.0,2.0,14.0,3.0
WtbemJnK,flashscore,SW1,2425,2025-02-08,young boys,sion,3.0,4.0,2.0,2.0,5.0,6.0
rLH0RyQ0,flashscore,SW1,2425,2025-02-08,lausanne,yverdon,2.0,4.0,3.0,2.0,5.0,6.0
vmB9PFfD,flashscore,SW1,2425,2025-02-08,lugano,grasshoppers,5.0,0.0,5.0,1.0,10.0,1.0
GUc8Do16,flashscore,B2,2425,2025-02-09,sporting lokeren,raal la louviere,1.0,1.0,0.0,1.0,1.0,2.0
Of1GBPVI,flashscore,B2,2425,2025-02-09,seraing,beveren,3.0,2.0,1.0,3.0,4.0,5.0
fF9aF7Wg,flashscore,B2,2425,2025-02-09,eupen,k. lierse s.k.,1.0,0.0,4.0,2.0,5.0,2.0
MR4Suyuf,flashscore,SW1,2425,2025-02-09,luzern,winterthur,2.0,2.0,1.0,2.0,3.0,4.0
rsgyvF96,flashscore,SW1,2425,2025-02-09,zurich,st. gallen,5.0,2.0,3.0,2.0,8.0,4.0
E11KscAs,flashscore,SW1,2425,2025-02-09,servette,basel,6.0,0.0,4.0,2.0,10.0,2.0
Mk1G7GUp,flashscore,B2,2425,2025-02-14,k. lierse s.k.,waregem,0.0,4.0,1.0,3.0,1.0,7.0
AFXJvZcn,flashscore,DK1,2425,2025-02-14,brondby,viborg,1.0,3.0,3.0,4.0,4.0,7.0
ldg2VJMi,flashscore,B2,2425,2025-02-15,anderlecht u23,lommel sk,2.0,0.0,2.0,2.0,4.0,2.0
fyozSpGa,flashscore,B2,2425,2025-02-15,beveren,rfc liege,4.0,3.0,1.0,4.0,5.0,7.0
bogRPFjT,flashscore,B2,2425,2025-02-15,raal la louviere,seraing,1.0,2.0,0.0,1.0,1.0,3.0
0IP1fzfm,flashscore,SW1,2425,2025-02-15,winterthur,young boys,2.0,2.0,2.0,4.0,4.0,6.0
j7dqxgvJ,flashscore,SW1,2425,2025-02-15,lugano,luzern,2.0,0.0,3.0,3.0,5.0,3.0
4nvWadWP,flashscore,SW1,2425,2025-02-15,sion,zurich,0.0,7.0,1.0,2.0,1.0,9.0
2JaIRyMG,flashscore,B2,2425,2025-02-16,genk u23,eupen,5.0,3.0,1.0,6.0,6.0,9.0
UTqcKgEj,flashscore,B2,2425,2025-02-16,francs borains,sporting lokeren,2.0,1.0,0.0,5.0,2.0,6.0
21lrQOpC,flashscore,B2,2425,2025-02-16,club brugge kv u23,rwdm brussels,3.0,2.0,1.0,4.0,4.0,6.0
C6S2vQ33,flashscore,DK1,2425,2025-02-16,midtjylland,lyngby,1.0,2.0,1.0,2.0,2.0,4.0
Opn8Irsp,flashscore,DK1,2425,2025-02-16,sonderjyske,aarhus,1.0,2.0,1.0,0.0,2.0,2.0
IuySxDSb,flashscore,DK1,2425,2025-02-16,silkeborg,vejle,3.0,0.0,6.0,0.0,9.0,0.0
4AMIjhgC,flashscore,SW1,2425,2025-02-16,basel,lausanne,3.0,2.0,6.0,4.0,9.0,6.0
ObZjYqwo,flashscore,SW1,2425,2025-02-16,grasshoppers,servette,3.0,2.0,2.0,4.0,5.0,6.0
dpJAhEOa,flashscore,SW1,2425,2025-02-16,yverdon,st. gallen,1.0,2.0,1.0,1.0,2.0,3.0
KCuHGMBd,flashscore,DK1,2425,2025-02-17,randers fc,fc copenhagen,2.0,2.0,0.0,0.0,2.0,2.0
dtLityyA,flashscore,B2,2425,2025-02-21,rwdm brussels,francs borains,2.0,1.0,5.0,2.0,7.0,3.0
APMqrc6c,flashscore,B2,2425,2025-02-21,waregem,genk u23,1.0,4.0,4.0,2.0,5.0,6.0
b30jVLQk,flashscore,DK1,2425,2025-02-21,lyngby,randers fc,3.0,3.0,0.0,5.0,3.0,8.0
YZTNzyk3,flashscore,RO1,2425,2025-02-21,otelul,u. cluj,0.0,0.0,1.0,2.0,1.0,2.0
IaXnZNDb,flashscore,RO1,2425,2025-02-21,fc hermannstadt,gloria buzau,4.0,0.0,4.0,0.0,8.0,0.0
lv0WYhTq,flashscore,B2,2425,2025-02-22,eupen,anderlecht u23,1.0,1.0,3.0,1.0,4.0,2.0
p6guXWcd,flashscore,B2,2425,2025-02-22,sporting lokeren,club brugge kv u23,4.0,2.0,5.0,1.0,9.0,3.0
h8E0vF5M,flashscore,B2,2425,2025-02-22,lommel sk,beveren,0.0,5.0,2.0,2.0,2.0,7.0
KjSVYEJF,flashscore,RO1,2425,2025-02-22,cfr cluj,petrolul,4.0,1.0,4.0,2.0,8.0,3.0
hviyDXdd,flashscore,RO1,2425,2025-02-22,fc botosani,univ. craiova,1.0,1.0,3.0,1.0,4.0,2.0
pnThh5UG,flashscore,SW1,2425,2025-02-22,st. gallen,basel,2.0,1.0,7.0,3.0,9.0,4.0
G6yxdmVi,flashscore,SW1,2425,2025-02-22,lausanne,grasshoppers,3.0,0.0,4.0,5.0,7.0,5.0
CYUpfRa4,flashscore,SW1,2425,2025-02-22,zurich,yverdon,5.0,3.0,4.0,4.0,9.0,7.0
vcYcH8hB,flashscore,B1,2425,2025-02-23,kortrijk,cercle brugge ksv,1.0,1.0,4.0,2.0,5.0,3.0
8Glv1m8U,flashscore,B1,2425,2025-02-23,anderlecht,royale union sg,3.0,2.0,4.0,0.0,7.0,2.0
nsKlLjgn,flashscore,B1,2425,2025-02-23,genk,gent,3.0,2.0,4.0,3.0,7.0,5.0
0joW29wI,flashscore,B1,2425,2025-02-23,club brugge kv,st. liege,5.0,2.0,2.0,6.0,7.0,8.0
vPxrihkS,flashscore,B2,2425,2025-02-23,rfc liege,k. lierse s.k.,0.0,1.0,6.0,1.0,6.0,2.0
WbZZhEKF,flashscore,B2,2425,2025-02-23,patro eisden,raal la louviere,1.0,4.0,1.0,3.0,2.0,7.0
nNTXZxj3,flashscore,D1,2425,2025-02-23,hoffenheim,stuttgart,2.0,5.0,2.0,3.0,4.0,8.0
2Hn8JH5M,flashscore,D1,2425,2025-02-23,bayern munich,eintracht frankfurt,1.0,1.0,3.0,0.0,4.0,1.0
b1mwEeTq,flashscore,D1,2425,2025-02-23,rb leipzig,heidenheim,3.0,2.0,4.0,2.0,7.0,4.0
zm2p1Hgn,flashscore,D2,2425,2025-02-23,darmstadt,schalke,1.0,8.0,2.0,3.0,3.0,11.0
dMWZtE8U,flashscore,D2,2425,2025-02-23,fc koln,dusseldorf,3.0,0.0,4.0,0.0,7.0,0.0
ATYujioo,flashscore,D2,2425,2025-02-23,greuther furth,braunschweig,1.0,1.0,2.0,4.0,3.0,5.0
8YLBx4YF,flashscore,DK1,2425,2025-02-23,fc copenhagen,midtjylland,2.0,4.0,2.0,2.0,4.0,6.0
6T3bTae2,flashscore,DK1,2425,2025-02-23,vejle,brondby,1.0,4.0,4.0,2.0,5.0,6.0
dIWjZkqL,flashscore,DK1,2425,2025-02-23,aarhus,aalborg,4.0,1.0,3.0,1.0,7.0,2.0
EVOJzr3S,flashscore,DK1,2425,2025-02-23,nordsjaelland,sonderjyske,1.0,2.0,0.0,4.0,1.0,6.0
jmdLSOBO,flashscore,F1,2425,2025-02-23,lyon,psg,1.0,3.0,4.0,1.0,5.0,4.0
ETLNJTSg,flashscore,F1,2425,2025-02-23,le havre,toulouse,1.0,0.0,4.0,3.0,5.0,3.0
rNhDUpsC,flashscore,F1,2425,2025-02-23,nice,montpellier,4.0,1.0,4.0,4.0,8.0,5.0
r9DvGoSI,flashscore,F1,2425,2025-02-23,strasbourg,brest,0.0,2.0,1.0,6.0,1.0,8.0
AF5QwkKP,flashscore,F1,2425,2025-02-23,nantes,lens,0.0,5.0,2.0,6.0,2.0,11.0
2JXXEFHF,flashscore,P1,2425,2025-02-23,famalicao,moreirense,2.0,1.0,1.0,0.0,3.0,1.0
fHCC7X9k,flashscore,P1,2425,2025-02-23,afs,sporting cp,2.0,4.0,2.0,1.0,4.0,5.0
boRtDgnS,flashscore,P1,2425,2025-02-23,arouca,sc farense,0.0,3.0,4.0,6.0,4.0,9.0
SzzaTEW8,flashscore,P1,2425,2025-02-23,estrela,santa clara,4.0,1.0,1.0,1.0,5.0,2.0
jDVfX1rB,flashscore,RO1,2425,2025-02-23,fcsb,dinamo bucuresti,1.0,2.0,3.0,2.0,4.0,4.0
GILvXhlS,flashscore,RO1,2425,2025-02-23,unirea slobozia,poli iasi,0.0,2.0,3.0,1.0,3.0,3.0
ATCXpNMj,flashscore,SW1,2425,2025-02-23,servette,winterthur,3.0,1.0,3.0,2.0,6.0,3.0
jPkK8QEc,flashscore,SW1,2425,2025-02-23,young boys,lugano,3.0,1.0,0.0,2.0,3.0,3.0
tEM1jqaT,flashscore,SW1,2425,2025-02-23,luzern,sion,0.0,2.0,1.0,3.0,1.0,5.0
O4YryCE8,flashscore,DK1,2425,2025-02-24,viborg,silkeborg,1.0,5.0,4.0,3.0,5.0,8.0
nPnXA6Gs,flashscore,P1,2425,2025-02-24,fc porto,vitoria guimaraes,5.0,1.0,1.0,6.0,6.0,7.0
pEmTEgSq,flashscore,RO1,2425,2025-02-24,farul constanta,fc rapid bucuresti,3.0,3.0,0.0,3.0,3.0,6.0
O0vvypqn,flashscore,RO1,2425,2025-02-24,uta arad,sepsi sf. gheorghe,3.0,1.0,0.0,4.0,3.0,5.0
vePzyicB,flashscore,DK1,2425,2025-02-26,aalborg,nordsjaelland,4.0,2.0,1.0,0.0,5.0,2.0
vm90i1Mq,flashscore,RS1,2425,2025-02-27,tsc,cukaricki,5.0,1.0,3.0,1.0,8.0,2.0
CYhKBV7b,flashscore,RS1,2425,2025-02-27,radnicki 1923,novi pazar,5.0,2.0,1.0,1.0,6.0,3.0
48kCDiwn,flashscore,RS1,2425,2025-02-27,napredak,tekstilac odzaci,1.0,1.0,4.0,0.0,5.0,1.0
YamfOG5e,flashscore,B1,2425,2025-02-28,charleroi,genk,3.0,1.0,0.0,3.0,3.0,4.0
b9JEoWCk,flashscore,B2,2425,2025-02-28,beveren,waregem,2.0,3.0,1.0,3.0,3.0,6.0
jwDddmR7,flashscore,B2,2425,2025-02-28,raal la louviere,eupen,3.0,4.0,3.0,2.0,6.0,6.0
SvAmU7Js,flashscore,D1,2425,2025-02-28,stuttgart,bayern munich,4.0,2.0,0.0,4.0,4.0,6.0
CCLj8j7T,flashscore,D2,2425,2025-02-28,dusseldorf,greuther furth,3.0,2.0,3.0,2.0,6.0,4.0
WGhHOBiA,flashscore,D2,2425,2025-02-28,schalke,preussen munster,3.0,5.0,7.0,2.0,10.0,7.0
MZYHmkbE,flashscore,DK1,2425,2025-02-28,randers fc,aarhus,2.0,1.0,1.0,7.0,3.0,8.0
bHDVry2M,flashscore,F1,2425,2025-02-28,monaco,reims,4.0,1.0,3.0,1.0,7.0,2.0
Cl7ARWBk,flashscore,RO1,2425,2025-02-28,sepsi sf. gheorghe,cfr cluj,4.0,0.0,1.0,1.0,5.0,1.0
trv0xlQ7,flashscore,RO1,2425,2025-02-28,unirea slobozia,otelul,3.0,0.0,7.0,1.0,10.0,1.0
h0bXV774,flashscore,B1,2425,2025-03-01,royale union sg,dender,1.0,2.0,1.0,3.0,2.0,5.0
0nknQxyq,flashscore,B1,2425,2025-03-01,st. truiden,kortrijk,2.0,2.0,1.0,2.0,3.0,4.0
YJJ6p7Mc,flashscore,B1,2425,2025-03-01,cercle brugge ksv,antwerp,1.0,1.0,1.0,4.0,2.0,5.0
QDduUoxH,flashscore,B1,2425,2025-03-01,gent,club brugge kv,5.0,3.0,1.0,4.0,6.0,7.0
dGy17DZ8,flashscore,B2,2425,2025-03-01,anderlecht u23,rfc liege,1.0,4.0,4.0,5.0,5.0,9.0
WMHMqAs2,flashscore,B2,2425,2025-03-01,club brugge kv u23,patro eisden,2.0,4.0,1.0,6.0,3.0,10.0
f7TdQPI6,flashscore,D1,2425,2025-03-01,eintracht frankfurt,bayer leverkusen,0.0,5.0,2.0,1.0,2.0,6.0
Gzcvw32C,flashscore,D1,2425,2025-03-01,bochum,hoffenheim,4.0,2.0,4.0,3.0,8.0,5.0
GMH5O3mJ,flashscore,D1,2425,2025-03-01,heidenheim,b. monchengladbach,2.0,1.0,4.0,1.0,6.0,2.0
nsQlSolf,flashscore,D1,2425,2025-03-01,rb leipzig,mainz,0.0,0.0,7.0,1.0,7.0,1.0
O00nysXO,flashscore,D1,2425,2025-03-01,st. pauli,dortmund,5.0,1.0,2.0,0.0,7.0,1.0
rT9in7uQ,flashscore,D1,2425,2025-03-01,werder bremen,wolfsburg,2.0,1.0,6.0,1.0,8.0,2.0
reCM2UUj,flashscore,D2,2425,2025-03-01,karlsruher sc,fc koln,1.0,2.0,2.0,0.0,3.0,2.0
4MYiykyG,flashscore,D2,2425,2025-03-01,braunschweig,ulm,0.0,1.0,8.0,3.0,8.0,4.0
rHmcF7Ed,flashscore,D2,2425,2025-03-01,kaiserslautern,regensburg,4.0,3.0,3.0,4.0,7.0,7.0
M1alHTqp,flashscore,D2,2425,2025-03-01,nurnberg,hannover,1.0,2.0,3.0,0.0,4.0,2.0
f1MVnSdt,flashscore,F1,2425,2025-03-01,psg,lille,5.0,1.0,4.0,2.0,9.0,3.0
UyMEnJ2c,flashscore,F1,2425,2025-03-01,lens,le havre,6.0,1.0,3.0,1.0,9.0,2.0
4bUSOFAj,flashscore,F1,2425,2025-03-01,st etienne,nice,2.0,1.0,1.0,3.0,3.0,4.0
OUPdzNqg,flashscore,P1,2425,2025-03-01,vitoria guimaraes,casa pia,4.0,0.0,3.0,2.0,7.0,2.0
xAPrT5xQ,flashscore,P1,2425,2025-03-01,arouca,fc porto,1.0,0.0,3.0,2.0,4.0,2.0
llql7OF6,flashscore,P1,2425,2025-03-01,nacional,famalicao,0.0,5.0,1.0,1.0,1.0,6.0
C2nqtWQr,flashscore,RO1,2425,2025-03-01,univ. craiova,farul constanta,3.0,2.0,6.0,1.0,9.0,3.0
8UuhvAee,flashscore,RO1,2425,2025-03-01,u. cluj,fc botosani,4.0,4.0,5.0,2.0,9.0,6.0
KxNUmpj3,flashscore,SA1,2425,2025-03-01,al fateh,al taawon,1.0,1.0,5.0,3.0,6.0,4.0
tWZ2ZpyA,flashscore,SA1,2425,2025-03-01,al fayha,al wehda,3.0,0.0,3.0,1.0,6.0,1.0
hWUrQtbd,flashscore,SA1,2425,2025-03-01,al kholood,al khaleej,3.0,1.0,1.0,4.0,4.0,5.0
jmY6aMyp,flashscore,SW1,2425,2025-03-01,lausanne,servette,3.0,1.0,3.0,1.0,6.0,2.0
bkgS64qA,flashscore,SW1,2425,2025-03-01,basel,sion,4.0,0.0,6.0,2.0,10.0,2.0
fHny5rEM,flashscore,SW1,2425,2025-03-01,winterthur,st. gallen,1.0,1.0,2.0,3.0,3.0,4.0
6oXDroiA,flashscore,B1,2425,2025-03-02,leuven,westerlo,0.0,6.0,2.0,3.0,2.0,9.0
MujlSP6T,flashscore,B1,2425,2025-03-02,st. liege,anderlecht,1.0,4.0,2.0,0.0,3.0,4.0
hOtKM3Uj,flashscore,B1,2425,2025-03-02,beerschot va,kv mechelen,2.0,3.0,2.0,6.0,4.0,9.0
rXarKjJE,flashscore,B2,2425,2025-03-02,francs borains,k. lierse s.k.,1.0,3.0,6.0,0.0,7.0,3.0
4tu95i4L,flashscore,B2,2425,2025-03-02,lommel sk,seraing,1.0,3.0,1.0,3.0,2.0,6.0
dvKmb9de,flashscore,B2,2425,2025-03-02,genk u23,sporting lokeren,1.0,3.0,4.0,2.0,5.0,5.0
ne5Nto3m,flashscore,D1,2425,2025-03-02,augsburg,freiburg,4.0,1.0,1.0,1.0,5.0,2.0
K83VvPXa,flashscore,D1,2425,2025-03-02,union berlin,holstein kiel,5.0,1.0,6.0,2.0,11.0,3.0
jJ8IMkMM,flashscore,D2,2425,2025-03-02,elversberg,hertha berlin,3.0,4.0,4.0,2.0,7.0,6.0
ANuqwB63,flashscore,D2,2425,2025-03-02,magdeburg,darmstadt,4.0,3.0,8.0,1.0,12.0,4.0
b3f9QXMc,flashscore,D2,2425,2025-03-02,paderborn,hamburger sv,5.0,1.0,4.0,2.0,9.0,3.0
fTtWPo67,flashscore,DK1,2425,2025-03-02,aalborg,fc copenhagen,0.0,1.0,2.0,7.0,2.0,8.0
YDhNR7ye,flashscore,DK1,2425,2025-03-02,midtjylland,nordsjaelland,4.0,1.0,4.0,3.0,8.0,4.0
GYRQoTSQ,flashscore,DK1,2425,2025-03-02,sonderjyske,silkeborg,1.0,4.0,2.0,3.0,3.0,7.0
8W65voL0,flashscore,DK1,2425,2025-03-02,viborg,vejle,1.0,2.0,3.0,2.0,4.0,4.0
tIKwo6Rh,flashscore,F1,2425,2025-03-02,marseille,nantes,1.0,1.0,2.0,1.0,3.0,2.0
I1f2wFPq,flashscore,F1,2425,2025-03-02,angers,toulouse,1.0,7.0,3.0,2.0,4.0,9.0
jiANpcX9,flashscore,F1,2425,2025-03-02,auxerre,strasbourg,1.0,3.0,4.0,0.0,5.0,3.0
AcCfsOQH,flashscore,F1,2425,2025-03-02,montpellier,rennes,2.0,4.0,4.0,1.0,6.0,5.0
xpEnqpd5,flashscore,F1,2425,2025-03-02,lyon,brest,1.0,2.0,1.0,3.0,2.0,5.0
CjdvIuUO,flashscore,P1,2425,2025-03-02,rio ave,braga,0.0,3.0,2.0,2.0,2.0,5.0
M1sd52pJ,flashscore,P1,2425,2025-03-02,sc farense,afs,3.0,0.0,3.0,1.0,6.0,1.0
U74NLNUa,flashscore,P1,2425,2025-03-02,boavista,santa clara,6.0,3.0,3.0,2.0,9.0,5.0
8hGENq0m,flashscore,P1,2425,2025-03-02,moreirense,estrela,2.0,1.0,2.0,0.0,4.0,1.0
tKeDoh3L,flashscore,RO1,2425,2025-03-02,fc rapid bucuresti,fcsb,2.0,1.0,6.0,1.0,8.0,2.0
KQru0iIE,flashscore,RO1,2425,2025-03-02,poli iasi,petrolul,3.0,2.0,2.0,5.0,5.0,7.0
8vZwOacL,flashscore,RS1,2425,2025-03-02,vojvodina,sp. subotica,3.0,2.0,1.0,0.0,4.0,2.0
p6mq2Iz2,flashscore,RS1,2425,2025-03-02,crvena zvezda,imt novi beograd,10.0,1.0,2.0,0.0,12.0,1.0
fy9490rS,flashscore,RS1,2425,2025-03-02,tekstilac odzaci,partizan,1.0,1.0,2.0,0.0,3.0,1.0
0EVVPLS8,flashscore,RS1,2425,2025-03-02,ofk beograd mozzart bet,radnicki nis,2.0,2.0,4.0,3.0,6.0,5.0
lIEop2kS,flashscore,SA1,2425,2025-03-02,al ittihad,al okhdood,3.0,2.0,2.0,3.0,5.0,5.0
vmgQxKs2,flashscore,SA1,2425,2025-03-02,al qadsiah,al riyadh,5.0,0.0,7.0,3.0,12.0,3.0
thBwnOKF,flashscore,SA1,2425,2025-03-02,al raed,al ettifaq,5.0,1.0,4.0,3.0,9.0,4.0
xdtfL3b3,flashscore,SW1,2425,2025-03-02,grasshoppers,young boys,1.0,3.0,2.0,9.0,3.0,12.0
bBU2JsTF,flashscore,SW1,2425,2025-03-02,yverdon,luzern,3.0,0.0,2.0,5.0,5.0,5.0
Akl8c06d,flashscore,SW1,2425,2025-03-02,lugano,zurich,3.0,2.0,4.0,1.0,7.0,3.0
QmkFTT6r,flashscore,DK1,2425,2025-03-03,brondby,lyngby,3.0,1.0,5.0,2.0,8.0,3.0
GO2VJ1aC,flashscore,P1,2425,2025-03-03,sporting cp,estoril,2.0,3.0,4.0,3.0,6.0,6.0
K474mEY8,flashscore,RO1,2425,2025-03-03,dinamo bucuresti,fc hermannstadt,5.0,3.0,1.0,0.0,6.0,3.0
8G0JPAt2,flashscore,RO1,2425,2025-03-03,gloria buzau,uta arad,6.0,3.0,1.0,0.0,7.0,3.0
QeHmDrq3,flashscore,RS1,2425,2025-03-03,cukaricki,radnicki 1923,1.0,2.0,0.0,4.0,1.0,6.0
Chky4v6k,flashscore,RS1,2425,2025-03-03,mladost,zeleznicar pancevo,2.0,0.0,3.0,4.0,5.0,4.0
nB5dBMDF,flashscore,RS1,2425,2025-03-03,novi pazar,napredak,2.0,1.0,3.0,3.0,5.0,4.0
bkP1kuid,flashscore,RS1,2425,2025-03-03,jedinstvo u.,tsc,1.0,4.0,2.0,5.0,3.0,9.0
UgJriA2C,flashscore,SA1,2425,2025-03-06,al wehda,al raed,1.0,2.0,3.0,3.0,4.0,5.0
2sSRfh3m,flashscore,SA1,2425,2025-03-06,al kholood,al fateh,3.0,4.0,1.0,3.0,4.0,7.0
2LvLb14L,flashscore,SA1,2425,2025-03-06,al qadsiah,al ittihad,2.0,1.0,2.0,1.0,4.0,2.0
rV6xyfk1,flashscore,B1,2425,2025-03-07,st. truiden,beerschot va,3.0,6.0,1.0,2.0,4.0,8.0
48ybELng,flashscore,B2,2425,2025-03-07,seraing,club brugge kv u23,0.0,3.0,5.0,2.0,5.0,5.0
dEte4u1B,flashscore,D1,2425,2025-03-07,b. monchengladbach,mainz,1.0,2.0,3.0,1.0,4.0,3.0
z9ePItLl,flashscore,D2,2425,2025-03-07,darmstadt,karlsruher sc,1.0,1.0,1.0,2.0,2.0,3.0
EyC4FSVg,flashscore,D2,2425,2025-03-07,kaiserslautern,elversberg,2.0,1.0,5.0,2.0,7.0,3.0
6RYVf65s,flashscore,DK1,2425,2025-03-07,nordsjaelland,vejle,4.0,0.0,0.0,1.0,4.0,1.0
pl45eEoS,flashscore,F1,2425,2025-03-07,toulouse,monaco,1.0,3.0,2.0,2.0,3.0,5.0
xhWCWvqI,flashscore,P1,2425,2025-03-07,estrela,gil vicente,4.0,1.0,3.0,6.0,7.0,7.0
QRmg78Ps,flashscore,RO1,2425,2025-03-07,farul constanta,u. cluj,1.0,0.0,2.0,2.0,3.0,2.0
f7uA3QO6,flashscore,RO1,2425,2025-03-07,otelul,poli iasi,5.0,1.0,5.0,5.0,10.0,6.0
ARcLzwsR,flashscore,RS1,2425,2025-03-07,zeleznicar pancevo,tekstilac odzaci,2.0,4.0,1.0,2.0,3.0,6.0
QwOHGHke,flashscore,RS1,2425,2025-03-07,sp. subotica,ofk beograd mozzart bet,3.0,0.0,4.0,1.0,7.0,1.0
KKTbiJde,flashscore,SA1,2425,2025-03-07,al ahli sc,al khaleej,2.0,1.0,0.0,1.0,2.0,2.0
GnN7kcR7,flashscore,SA1,2425,2025-03-07,al fayha,al hilal,1.0,4.0,3.0,0.0,4.0,4.0
8tAgD0JE,flashscore,SA1,2425,2025-03-07,al nassr,al shabab,1.0,0.0,1.0,4.0,2.0,4.0
SxmgyO0s,flashscore,B1,2425,2025-03-08,dender,genk,0.0,3.0,2.0,3.0,2.0,6.0
dfdNtpwK,flashscore,B1,2425,2025-03-08,charleroi,kv mechelen,4.0,2.0,2.0,1.0,6.0,3.0
GKMcrxcR,flashscore,B1,2425,2025-03-08,kortrijk,leuven,2.0,3.0,3.0,1.0,5.0,4.0
hU7udvXO,flashscore,B2,2425,2025-03-08,eupen,francs borains,1.0,6.0,0.0,4.0,1.0,10.0
xYHG1r3m,flashscore,B2,2425,2025-03-08,waregem,lommel sk,2.0,3.0,5.0,0.0,7.0,3.0
6D9Xc02C,flashscore,B2,2425,2025-03-08,k. lierse s.k.,anderlecht u23,1.0,0.0,2.0,7.0,3.0,7.0
SYlv8N1n,flashscore,D1,2425,2025-03-08,freiburg,rb leipzig,1.0,2.0,1.0,4.0,2.0,6.0
SEQdepIt,flashscore,D1,2425,2025-03-08,bayer leverkusen,werder bremen,3.0,1.0,7.0,2.0,10.0,3.0
EVO4gOng,flashscore,D1,2425,2025-03-08,bayern munich,bochum,3.0,2.0,6.0,1.0,9.0,3.0
AcIDi2H5,flashscore,D1,2425,2025-03-08,dortmund,augsburg,9.0,0.0,3.0,3.0,12.0,3.0
htz42JVN,flashscore,D1,2425,2025-03-08,holstein kiel,stuttgart,2.0,0.0,1.0,1.0,3.0,1.0
llwm61Wb,flashscore,D1,2425,2025-03-08,wolfsburg,st. pauli,6.0,3.0,0.0,3.0,6.0,6.0
WzkYGKk1,flashscore,D2,2425,2025-03-08,hamburger sv,dusseldorf,5.0,2.0,3.0,1.0,8.0,3.0
MPHQMAwK,flashscore,D2,2425,2025-03-08,greuther furth,magdeburg,0.0,1.0,1.0,8.0,1.0,9.0
I9IeHl1s,flashscore,D2,2425,2025-03-08,hertha berlin,schalke,0.0,5.0,3.0,0.0,3.0,5.0
nkACD606,flashscore,D2,2425,2025-03-08,ulm,fc koln,0.0,5.0,3.0,2.0,3.0,7.0
6uIFIZQF,flashscore,E0,2425,2025-03-08,wolves,everton,3.0,2.0,2.0,3.0,5.0,5.0
viJaicSG,flashscore,E0,2425,2025-03-08,brentford,aston villa,1.0,4.0,5.0,1.0,6.0,5.0
nHM7kycT,flashscore,E0,2425,2025-03-08,brighton,fulham,2.0,4.0,1.0,3.0,3.0,7.0
rw5P7ICc,flashscore,E0,2425,2025-03-08,crystal palace,ipswich,2.0,2.0,3.0,2.0,5.0,4.0
v5bY5dsA,flashscore,E0,2425,2025-03-08,liverpool,southampton,2.0,4.0,4.0,0.0,6.0,4.0
W2wDbEZq,flashscore,E0,2425,2025-03-08,nottingham,manchester city,1.0,0.0,2.0,2.0,3.0,2.0
UZKA4iOr,flashscore,F1,2425,2025-03-08,marseille,lens,4.0,0.0,3.0,0.0,7.0,0.0
2PzWBZV8,flashscore,F1,2425,2025-03-08,lille,montpellier,2.0,0.0,5.0,1.0,7.0,1.0
biUvAD0L,flashscore,F1,2425,2025-03-08,rennes,psg,1.0,2.0,2.0,0.0,3.0,2.0
hUXdGg2c,flashscore,I2,2425,2025-03-08,brescia,cesena,1.0,2.0,2.0,1.0,3.0,3.0
IkbePloS,flashscore,I2,2425,2025-03-08,sampdoria,palermo,5.0,3.0,1.0,5.0,6.0,8.0
ldR5EXW9,flashscore,I2,2425,2025-03-08,carrarese,frosinone,2.0,2.0,2.0,3.0,4.0,5.0
Y1Oi5Tgd,flashscore,I2,2425,2025-03-08,cremonese,catanzaro,4.0,0.0,3.0,1.0,7.0,1.0
Ec1vTWo3,flashscore,I2,2425,2025-03-08,mantova,juve stabia,2.0,1.0,2.0,3.0,4.0,4.0
MN4nRAGF,flashscore,I2,2425,2025-03-08,salernitana,modena,2.0,0.0,3.0,1.0,5.0,1.0
pQF3frR9,flashscore,N1,2425,2025-03-08,psv,heerenveen,5.0,0.0,3.0,4.0,8.0,4.0
fy1Ls5s4,flashscore,N1,2425,2025-03-08,sittard,heracles,2.0,2.0,0.0,4.0,2.0,6.0
z3j51arh,flashscore,P1,2425,2025-03-08,braga,fc porto,2.0,3.0,5.0,0.0,7.0,3.0
OOMnqISN,flashscore,P1,2425,2025-03-08,benfica,nacional,4.0,0.0,1.0,3.0,5.0,3.0
Gxr4Y0E5,flashscore,P1,2425,2025-03-08,estoril,sc farense,2.0,0.0,2.0,7.0,4.0,7.0
8dbJwdjo,flashscore,P1,2425,2025-03-08,afs,arouca,1.0,4.0,0.0,3.0,1.0,7.0
EmKzkR9D,flashscore,RO1,2425,2025-03-08,fc hermannstadt,fc rapid bucuresti,2.0,3.0,1.0,1.0,3.0,4.0
SjnmbVnR,flashscore,RO1,2425,2025-03-08,petrolul,sepsi sf. gheorghe,3.0,0.0,2.0,1.0,5.0,1.0
8Mu8RY3D,flashscore,RS1,2425,2025-03-08,radnicki 1923,tsc,3.0,1.0,2.0,3.0,5.0,4.0
vsliVG4l,flashscore,RS1,2425,2025-03-08,partizan,novi pazar,0.0,2.0,1.0,1.0,1.0,3.0
M5HQEeK7,flashscore,RS1,2425,2025-03-08,radnicki nis,crvena zvezda,1.0,3.0,3.0,5.0,4.0,8.0
0dx0TfZ0,flashscore,RS1,2425,2025-03-08,napredak,cukaricki,3.0,4.0,1.0,3.0,4.0,7.0
ngGiguSr,flashscore,SA1,2425,2025-03-08,al orubah,al ettifaq,2.0,0.0,4.0,3.0,6.0,3.0
feyD0NZ8,flashscore,SA1,2425,2025-03-08,al riyadh,al okhdood,2.0,0.0,5.0,1.0,7.0,1.0
8vVZhWXa,flashscore,SA1,2425,2025-03-08,al taawon,damac,2.0,2.0,5.0,0.0,7.0,2.0
rHRlAwj2,flashscore,SW1,2425,2025-03-08,st. gallen,grasshoppers,1.0,2.0,5.0,0.0,6.0,2.0
6yYAHLcS,flashscore,SW1,2425,2025-03-08,young boys,lausanne,0.0,3.0,1.0,4.0,1.0,7.0
A3TtCaLk,flashscore,SW1,2425,2025-03-08,yverdon,winterthur,2.0,1.0,4.0,2.0,6.0,3.0
8GQdHMiC,flashscore,TR1,2425,2025-03-08,trabzonspor,hatayspor,0.0,0.0,7.0,1.0,7.0,1.0
S4wVbEyo,flashscore,TR1,2425,2025-03-08,antalyaspor,rizespor,0.0,0.0,4.0,1.0,4.0,1.0
UTqaZfDc,flashscore,TR1,2425,2025-03-08,kayserispor,basaksehir,3.0,3.0,1.0,4.0,4.0,7.0
I56ZoeID,flashscore,TR2,2425,2025-03-08,erokspor,manisa fk,2.0,3.0,2.0,1.0,4.0,4.0
lQEIkwJl,flashscore,TR2,2425,2025-03-08,igdir fk,sanliurfaspor,3.0,0.0,8.0,3.0,11.0,3.0
URt3Mfz8,flashscore,B1,2425,2025-03-09,royale union sg,st. liege,1.0,3.0,0.0,1.0,1.0,4.0
f5YlpbSE,flashscore,B1,2425,2025-03-09,antwerp,gent,3.0,3.0,5.0,1.0,8.0,4.0
Gr5pZXJD,flashscore,B1,2425,2025-03-09,westerlo,anderlecht,4.0,4.0,3.0,5.0,7.0,9.0
n3DTxGKl,flashscore,B1,2425,2025-03-09,cercle brugge ksv,club brugge kv,3.0,1.0,6.0,3.0,9.0,4.0
pbLOaMXa,flashscore,B2,2425,2025-03-09,rwdm brussels,sporting lokeren,6.0,0.0,0.0,6.0,6.0,6.0
0zV6CaH5,flashscore,B2,2425,2025-03-09,patro eisden,beveren,2.0,2.0,4.0,1.0,6.0,3.0
hrmEAwnI,flashscore,B2,2425,2025-03-09,rfc liege,raal la louviere,2.0,0.0,0.0,3.0,2.0,3.0
vwAUmKGU,flashscore,D1,2425,2025-03-09,hoffenheim,heidenheim,3.0,0.0,3.0,4.0,6.0,4.0
rBGLktnI,flashscore,D1,2425,2025-03-09,eintracht frankfurt,union berlin,1.0,1.0,0.0,4.0,1.0,5.0
v1htFbKD,flashscore,D2,2425,2025-03-09,hannover,braunschweig,3.0,2.0,2.0,8.0,5.0,10.0
rH3LBpVI,flashscore,D2,2425,2025-03-09,preussen munster,nurnberg,1.0,1.0,4.0,2.0,5.0,3.0
8fe7ZmNP,flashscore,D2,2425,2025-03-09,regensburg,paderborn,2.0,4.0,1.0,6.0,3.0,10.0
dhm00SsK,flashscore,DK1,2425,2025-03-09,fc copenhagen,sonderjyske,3.0,2.0,0.0,1.0,3.0,3.0
GdADxPkD,flashscore,DK1,2425,2025-03-09,aarhus,viborg,2.0,0.0,6.0,1.0,8.0,1.0
2gSvgpzf,flashscore,DK1,2425,2025-03-09,aalborg,midtjylland,5.0,3.0,3.0,4.0,8.0,7.0
WYJek2ZI,flashscore,DK1,2425,2025-03-09,silkeborg,lyngby,2.0,4.0,4.0,0.0,6.0,4.0
nV1t4zCM,flashscore,E0,2425,2025-03-09,manchester utd,arsenal,0.0,3.0,2.0,6.0,2.0,9.0
jqIwpFKj,flashscore,E0,2425,2025-03-09,chelsea,leicester,4.0,1.0,8.0,1.0,12.0,2.0
IJyLdh4d,flashscore,E0,2425,2025-03-09,tottenham,bournemouth,2.0,2.0,1.0,4.0,3.0,6.0
GWfyjh9k,flashscore,F1,2425,2025-03-09,nice,lyon,6.0,1.0,3.0,1.0,9.0,2.0
jFhAygfd,flashscore,F1,2425,2025-03-09,le havre,st etienne,2.0,1.0,3.0,5.0,5.0,6.0
OYFdczHF,flashscore,F1,2425,2025-03-09,nantes,strasbourg,1.0,4.0,2.0,5.0,3.0,9.0
G8Cladn3,flashscore,F1,2425,2025-03-09,reims,auxerre,2.0,6.0,4.0,6.0,6.0,12.0
AVmplWw2,flashscore,F1,2425,2025-03-09,brest,angers,4.0,3.0,2.0,3.0,6.0,6.0
zkRvlSV7,flashscore,I1,2425,2025-03-09,juventus,atalanta,1.0,4.0,1.0,1.0,2.0,5.0
jqUhcW8L,flashscore,I1,2425,2025-03-09,empoli,as roma,1.0,0.0,0.0,9.0,1.0,9.0
IBP7i1x0,flashscore,I1,2425,2025-03-09,napoli,fiorentina,2.0,2.0,2.0,2.0,4.0,4.0
MRKOiAWr,flashscore,I1,2425,2025-03-09,verona,bologna,1.0,1.0,0.0,2.0,1.0,3.0
M9PDCB1M,flashscore,I2,2425,2025-03-09,cittadella,sudtirol,2.0,1.0,1.0,3.0,3.0,4.0
ELqRJS8k,flashscore,I2,2425,2025-03-09,sassuolo,bari,2.0,3.0,3.0,1.0,5.0,4.0
YNaSH6w2,flashscore,I2,2425,2025-03-09,spezia,pisa,1.0,0.0,1.0,0.0,2.0,0.0
6FYSyFgo,flashscore,N1,2425,2025-03-09,twente,almere city,2.0,3.0,2.0,0.0,4.0,3.0
j3fUuqCG,flashscore,N1,2425,2025-03-09,nijmegen,g.a. eagles,1.0,9.0,2.0,6.0,3.0,15.0
lbMfd4dc,flashscore,N1,2425,2025-03-09,zwolle,ajax,1.0,2.0,2.0,1.0,3.0,3.0
GCxyxzBr,flashscore,N1,2425,2025-03-09,willem ii,utrecht,2.0,2.0,2.0,3.0,4.0,5.0
GbJvovbB,flashscore,P1,2425,2025-03-09,boavista,vitoria guimaraes,0.0,4.0,2.0,3.0,2.0,7.0
dd3wm0Tb,flashscore,P1,2425,2025-03-09,casa pia,sporting cp,2.0,2.0,2.0,2.0,4.0,4.0
Or5VlMbn,flashscore,P1,2425,2025-03-09,santa clara,moreirense,3.0,0.0,1.0,3.0,4.0,3.0
6s7MCU1K,flashscore,RO1,2425,2025-03-09,fcsb,univ. craiova,4.0,1.0,5.0,7.0,9.0,8.0
CONJh9Al,flashscore,RO1,2425,2025-03-09,cfr cluj,gloria buzau,2.0,1.0,1.0,0.0,3.0,1.0
hCAAIwLr,flashscore,RS1,2425,2025-03-09,vojvodina,jedinstvo u.,1.0,3.0,3.0,2.0,4.0,5.0
Ea4CxaCE,flashscore,RS1,2425,2025-03-09,imt novi beograd,mladost,5.0,2.0,0.0,4.0,5.0,6.0
6kDqWKCL,flashscore,SW1,2425,2025-03-09,luzern,basel,3.0,1.0,3.0,3.0,6.0,4.0
jNlGQbzq,flashscore,SW1,2425,2025-03-09,sion,lugano,2.0,3.0,2.0,4.0,4.0,7.0
bP9yYtr9,flashscore,SW1,2425,2025-03-09,zurich,servette,2.0,2.0,7.0,0.0,9.0,2.0
lAOPKeb4,flashscore,TR1,2425,2025-03-09,alanyaspor,galatasaray,0.0,2.0,3.0,2.0,3.0,4.0
MNMXIZSG,flashscore,TR1,2425,2025-03-09,eyupspor,konyaspor,1.0,1.0,4.0,4.0,5.0,5.0
0jNlJrNa,flashscore,TR1,2425,2025-03-09,samsunspor,adana demirspor,5.0,0.0,3.0,2.0,8.0,2.0
lY6CBiLj,flashscore,TR1,2425,2025-03-09,sivasspor,goztepe,1.0,3.0,1.0,2.0,2.0,5.0
rRno8oZF,flashscore,TR2,2425,2025-03-09,sakaryaspor,bandirmaspor,3.0,0.0,1.0,2.0,4.0,2.0
GA3sloas,flashscore,TR2,2425,2025-03-09,adanaspor as,karagumruk,2.0,2.0,4.0,1.0,6.0,3.0
pjebp3b6,flashscore,TR2,2425,2025-03-09,genclerbirligi,corum,4.0,4.0,5.0,2.0,9.0,6.0
Wryg6pLP,flashscore,TR2,2425,2025-03-09,yeni malatyaspor,umraniyespor,0.0,5.0,2.0,0.0,2.0,5.0
z7QniO46,flashscore,DK1,2425,2025-03-10,randers fc,brondby,2.0,1.0,2.0,1.0,4.0,2.0
YRJ7Ked3,flashscore,E0,2425,2025-03-10,west ham,newcastle,0.0,2.0,3.0,2.0,3.0,4.0
jc9RBVNE,flashscore,I1,2425,2025-03-10,lazio,udinese,1.0,3.0,3.0,6.0,4.0,9.0
pIZKUIDU,flashscore,P1,2425,2025-03-10,famalicao,rio ave,2.0,0.0,3.0,1.0,5.0,1.0
KlRRjmu1,flashscore,RO1,2425,2025-03-10,uta arad,dinamo bucuresti,1.0,2.0,2.0,3.0,3.0,5.0
Yii15nff,flashscore,RO1,2425,2025-03-10,fc botosani,unirea slobozia,9.0,1.0,4.0,0.0,13.0,1.0
IkGtHDcT,flashscore,TR1,2425,2025-03-10,besiktas,gaziantep,1.0,1.0,4.0,2.0,5.0,3.0
vkl7rsTI,flashscore,TR2,2425,2025-03-10,kocaelispor,ankaragucu,1.0,0.0,1.0,1.0,2.0,1.0
pSCBg7yK,flashscore,TR2,2425,2025-03-10,boluspor,istanbulspor as,0.0,1.0,0.0,6.0,0.0,7.0
jTHP0Orm,flashscore,TR2,2425,2025-03-10,pendikspor,amedspor,0.0,1.0,3.0,3.0,3.0,4.0
ph8RmHm1,flashscore,TR2,2425,2025-03-10,keciorengucu,erzurumspor,3.0,2.0,2.0,4.0,5.0,6.0
ppf4pg9a,flashscore,RS1,2425,2025-03-12,ofk beograd mozzart bet,zeleznicar pancevo,2.0,3.0,3.0,1.0,5.0,4.0
GQ9I3mnI,flashscore,SA1,2425,2025-03-13,al fateh,al raed,1.0,3.0,3.0,6.0,4.0,9.0
xKMjklXO,flashscore,SA1,2425,2025-03-13,al ittihad,al riyadh,3.0,1.0,4.0,4.0,7.0,5.0
lbj97Vng,flashscore,SA1,2425,2025-03-13,al shabab,al orubah,5.0,0.0,2.0,2.0,7.0,2.0
EcyN8HGU,flashscore,B2,2425,2025-03-14,beveren,rwdm brussels,2.0,1.0,1.0,2.0,3.0,3.0
4MGWSK1n,flashscore,B2,2425,2025-03-14,club brugge kv u23,genk u23,3.0,2.0,1.0,2.0,4.0,4.0
OnFKHfgo,flashscore,B2,2425,2025-03-14,raal la louviere,k. lierse s.k.,1.0,0.0,2.0,1.0,3.0,1.0
4GBZdIAr,flashscore,D1,2425,2025-03-14,st. pauli,hoffenheim,3.0,1.0,8.0,1.0,11.0,2.0
8vFUxNTH,flashscore,D2,2425,2025-03-14,magdeburg,hamburger sv,1.0,3.0,2.0,0.0,3.0,3.0
WYJ5rRat,flashscore,D2,2425,2025-03-14,schalke,hannover,2.0,3.0,3.0,4.0,5.0,7.0
x67R09N7,flashscore,F1,2425,2025-03-14,nice,auxerre,3.0,1.0,4.0,2.0,7.0,3.0
IVmk4vM5,flashscore,I1,2425,2025-03-14,genoa,lecce,2.0,0.0,1.0,3.0,3.0,3.0
tnYTZvam,flashscore,I2,2425,2025-03-14,palermo,cremonese,1.0,3.0,0.0,4.0,1.0,7.0
4nliYiA7,flashscore,N1,2425,2025-03-14,almere city,nac breda,2.0,1.0,1.0,5.0,3.0,6.0
4pZdu80s,flashscore,RO1,2425,2025-03-14,univ. craiova,u. cluj,3.0,6.0,1.0,0.0,4.0,6.0
d4aTDTyo,flashscore,RO1,2425,2025-03-14,petrolul,fc botosani,3.0,3.0,7.0,3.0,10.0,6.0
OUNfkxdK,flashscore,RS1,2425,2025-03-14,jedinstvo u.,radnicki 1923,3.0,3.0,4.0,1.0,7.0,4.0
806A59H5,flashscore,SA1,2425,2025-03-14,al khaleej,al wehda,4.0,0.0,5.0,2.0,9.0,2.0
S4wyMU1n,flashscore,SA1,2425,2025-03-14,al nassr,al kholood,2.0,8.0,0.0,4.0,2.0,12.0
xtbR1RGU,flashscore,SA1,2425,2025-03-14,damac,al qadsiah,0.0,3.0,0.0,5.0,0.0,8.0
pvFdrjdS,flashscore,TR1,2425,2025-03-14,galatasaray,antalyaspor,3.0,4.0,4.0,0.0,7.0,4.0
ShyW7cdU,flashscore,TR2,2425,2025-03-14,sanliurfaspor,erokspor,1.0,2.0,1.0,1.0,2.0,3.0
pjwaFNct,flashscore,TR2,2425,2025-03-14,bandirmaspor,adanaspor as,7.0,1.0,0.0,4.0,7.0,5.0
xSnIVJUI,flashscore,B1,2425,2025-03-15,genk,royale union sg,1.0,3.0,3.0,2.0,4.0,5.0
Y18mPx1B,flashscore,B2,2425,2025-03-15,lommel sk,patro eisden,0.0,2.0,1.0,5.0,1.0,7.0
6Bv5P6Ci,flashscore,B2,2425,2025-03-15,sporting lokeren,rfc liege,2.0,5.0,1.0,4.0,3.0,9.0
0lAuRbWb,flashscore,B2,2425,2025-03-15,anderlecht u23,seraing,0.0,2.0,3.0,2.0,3.0,4.0
EyrDNps4,flashscore,B2,2425,2025-03-15,francs borains,waregem,0.0,6.0,2.0,0.0,2.0,6.0
GYRB49Ci,flashscore,D1,2425,2025-03-15,rb leipzig,dortmund,1.0,2.0,2.0,10.0,3.0,12.0
jDo0rJek,flashscore,D1,2425,2025-03-15,augsburg,wolfsburg,0.0,1.0,1.0,3.0,1.0,4.0
pCv9tcQ1,flashscore,D1,2425,2025-03-15,mainz,freiburg,1.0,1.0,0.0,3.0,1.0,4.0
x6Rf40I8,flashscore,D1,2425,2025-03-15,union berlin,bayern munich,0.0,8.0,2.0,6.0,2.0,14.0
pEJS0RBG,flashscore,D1,2425,2025-03-15,werder bremen,b. monchengladbach,0.0,1.0,4.0,0.0,4.0,1.0
hSWwURpm,flashscore,D2,2425,2025-03-15,fc koln,darmstadt,2.0,3.0,4.0,0.0,6.0,3.0
0hznS5Fa,flashscore,D2,2425,2025-03-15,dusseldorf,regensburg,2.0,0.0,3.0,4.0,5.0,4.0
vaNDt5Uh,flashscore,D2,2425,2025-03-15,elversberg,preussen munster,1.0,1.0,3.0,1.0,4.0,2.0
UXR2ONEO,flashscore,D2,2425,2025-03-15,paderborn,kaiserslautern,1.0,1.0,3.0,4.0,4.0,5.0
27BOGDeS,flashscore,E0,2425,2025-03-15,bournemouth,brentford,2.0,2.0,2.0,1.0,4.0,3.0
KrrkXYu9,flashscore,E0,2425,2025-03-15,everton,west ham,1.0,3.0,5.0,2.0,6.0,5.0
ncbVC4ff,flashscore,E0,2425,2025-03-15,ipswich,nottingham,2.0,2.0,4.0,1.0,6.0,3.0
0zXw9MgJ,flashscore,E0,2425,2025-03-15,manchester city,brighton,1.0,3.0,3.0,2.0,4.0,5.0
CE0dR39m,flashscore,E0,2425,2025-03-15,southampton,wolves,2.0,0.0,3.0,1.0,5.0,1.0
lMASTSGi,flashscore,E1,2425,2025-03-15,blackburn,cardiff,0.0,0.0,3.0,1.0,3.0,1.0
Otn0RKx3,flashscore,E1,2425,2025-03-15,coventry,sunderland,1.0,0.0,5.0,1.0,6.0,1.0
pdz9Pb7F,flashscore,E1,2425,2025-03-15,luton,middlesbrough,5.0,0.0,4.0,2.0,9.0,2.0
nNek5UL0,flashscore,E1,2425,2025-03-15,oxford utd,watford,2.0,3.0,2.0,2.0,4.0,5.0
Kzfc38jD,flashscore,E1,2425,2025-03-15,plymouth,derby,5.0,2.0,2.0,1.0,7.0,3.0
pUDyRBrK,flashscore,E1,2425,2025-03-15,preston,portsmouth,3.0,1.0,3.0,4.0,6.0,5.0
pl4yS6o4,flashscore,E1,2425,2025-03-15,swansea,burnley,4.0,1.0,0.0,3.0,4.0,4.0
phdOH756,flashscore,E1,2425,2025-03-15,west brom,hull,2.0,1.0,4.0,4.0,6.0,5.0
je2t7jil,flashscore,E1,2425,2025-03-15,millwall,stoke,2.0,4.0,5.0,1.0,7.0,5.0
GC47Lk6s,flashscore,E1,2425,2025-03-15,qpr,leeds,0.0,5.0,1.0,3.0,1.0,8.0
xKn0F8x1,flashscore,F1,2425,2025-03-15,lens,rennes,2.0,1.0,3.0,3.0,5.0,4.0
KtoTIsqg,flashscore,F1,2425,2025-03-15,angers,monaco,0.0,7.0,0.0,2.0,0.0,9.0
OEiKK3Et,flashscore,F1,2425,2025-03-15,nantes,lille,0.0,1.0,3.0,4.0,3.0,5.0
0IeM2n2b,flashscore,I1,2425,2025-03-15,torino,empoli,2.0,2.0,3.0,3.0,5.0,5.0
voxb2IjI,flashscore,I1,2425,2025-03-15,ac milan,como,0.0,1.0,0.0,4.0,0.0,5.0
nBu60dLU,flashscore,I1,2425,2025-03-15,monza,parma,5.0,0.0,1.0,3.0,6.0,3.0
6VQM0QWA,flashscore,I1,2425,2025-03-15,udinese,verona,0.0,1.0,2.0,0.0,2.0,1.0
0UiEuAV8,flashscore,I2,2425,2025-03-15,bari,salernitana,5.0,0.0,3.0,4.0,8.0,4.0
Sr8fLupf,flashscore,I2,2425,2025-03-15,cesena,spezia,3.0,3.0,5.0,4.0,8.0,7.0
Ms13JJE6,flashscore,I2,2425,2025-03-15,cittadella,sassuolo,1.0,3.0,2.0,2.0,3.0,5.0
feaBHcqJ,flashscore,I2,2425,2025-03-15,frosinone,brescia,2.0,3.0,3.0,8.0,5.0,11.0
A3sbu1yQ,flashscore,I2,2425,2025-03-15,juve stabia,modena,3.0,2.0,4.0,3.0,7.0,5.0
WEHD8YoK,flashscore,N1,2425,2025-03-15,heerenveen,heracles,3.0,0.0,7.0,1.0,10.0,1.0
48PRpVgD,flashscore,N1,2425,2025-03-15,waalwijk,psv,0.0,2.0,1.0,3.0,1.0,5.0
Gngp3C9s,flashscore,N1,2425,2025-03-15,sparta rotterdam,zwolle,0.0,2.0,1.0,2.0,1.0,4.0
ChBIlDfl,flashscore,N1,2425,2025-03-15,utrecht,nijmegen,2.0,2.0,4.0,3.0,6.0,5.0
2FsMcHsH,flashscore,P1,2425,2025-03-15,sporting cp,famalicao,4.0,1.0,7.0,3.0,11.0,4.0
U1qEawD4,flashscore,P1,2425,2025-03-15,fc porto,afs,2.0,1.0,2.0,2.0,4.0,3.0
dGafu9Rk,flashscore,P1,2425,2025-03-15,gil vicente,santa clara,1.0,0.0,4.0,0.0,5.0,0.0
vHMQwH7r,flashscore,P1,2425,2025-03-15,sc farense,braga,10.0,2.0,2.0,2.0,12.0,4.0
bo7PcGG8,flashscore,RO1,2425,2025-03-15,cfr cluj,dinamo bucuresti,2.0,3.0,1.0,3.0,3.0,6.0
OAiFyXTi,flashscore,RO1,2425,2025-03-15,farul constanta,poli iasi,2.0,0.0,3.0,0.0,5.0,0.0
8rHrvCmJ,flashscore,RS1,2425,2025-03-15,tekstilac odzaci,imt novi beograd,0.0,4.0,0.0,11.0,0.0,15.0
Gph19iIt,flashscore,SA1,2425,2025-03-15,al ettifaq,al fayha,3.0,3.0,5.0,2.0,8.0,5.0
tSqiIn1B,flashscore,SA1,2425,2025-03-15,al okhdood,al ahli sc,2.0,4.0,3.0,0.0,5.0,4.0
8EoqK8Wb,flashscore,SA1,2425,2025-03-15,al taawon,al hilal,3.0,2.0,3.0,2.0,6.0,4.0
QaTIpKRE,flashscore,SW1,2425,2025-03-15,zurich,luzern,3.0,1.0,3.0,3.0,6.0,4.0
xvmOOx5e,flashscore,SW1,2425,2025-03-15,servette,yverdon,1.0,4.0,7.0,0.0,8.0,4.0
Y5tXMGZ7,flashscore,SW1,2425,2025-03-15,st. gallen,lausanne,2.0,5.0,6.0,1.0,8.0,6.0
CCyGVCCM,flashscore,TR1,2425,2025-03-15,basaksehir,trabzonspor,3.0,2.0,1.0,0.0,4.0,2.0
GbNunYd3,flashscore,TR1,2425,2025-03-15,konyaspor,besiktas,4.0,5.0,0.0,7.0,4.0,12.0
xEBlpCRF,flashscore,TR1,2425,2025-03-15,kasimpasa,alanyaspor,0.0,3.0,2.0,3.0,2.0,6.0
8rNoQjzp,flashscore,TR1,2425,2025-03-15,gaziantep,kayserispor,2.0,1.0,1.0,3.0,3.0,4.0
6P7leKCO,flashscore,TR2,2425,2025-03-15,ankaragucu,igdir fk,5.0,1.0,2.0,1.0,7.0,2.0
K89tctrC,flashscore,TR2,2425,2025-03-15,sakaryaspor,yeni malatyaspor,6.0,0.0,2.0,0.0,8.0,0.0
I3y7D1Sh,flashscore,TR2,2425,2025-03-15,umraniyespor,boluspor,1.0,2.0,2.0,1.0,3.0,3.0
bgLXb2Da,flashscore,TR2,2425,2025-03-15,manisa fk,pendikspor,2.0,2.0,1.0,4.0,3.0,6.0
dWJrnuFa,flashscore,B1,2425,2025-03-16,beerschot va,westerlo,3.0,3.0,3.0,1.0,6.0,4.0
dIvAXu06,flashscore,B1,2425,2025-03-16,anderlecht,cercle brugge ksv,2.0,4.0,5.0,3.0,7.0,7.0
lhy2Z1Vg,flashscore,B1,2425,2025-03-16,club brugge kv,charleroi,0.0,3.0,2.0,0.0,2.0,3.0
ULZ3gNMP,flashscore,B1,2425,2025-03-16,gent,kortrijk,2.0,1.0,2.0,2.0,4.0,3.0
426arcEO,flashscore,B1,2425,2025-03-16,kv mechelen,dender,2.0,2.0,3.0,3.0,5.0,5.0
Io8ipJqC,flashscore,B1,2425,2025-03-16,leuven,st. truiden,3.0,0.0,2.0,2.0,5.0,2.0
l6Gzl1pm,flashscore,B1,2425,2025-03-16,st. liege,antwerp,5.0,3.0,0.0,0.0,5.0,3.0
lCLZdcgo,flashscore,D1,2425,2025-03-16,stuttgart,bayer leverkusen,1.0,5.0,0.0,5.0,1.0,10.0
ObVJ2ms4,flashscore,D1,2425,2025-03-16,heidenheim,holstein kiel,1.0,3.0,2.0,2.0,3.0,5.0
YXK32vmL,flashscore,D1,2425,2025-03-16,bochum,eintracht frankfurt,5.0,0.0,3.0,3.0,8.0,3.0
llNxy1bU,flashscore,D2,2425,2025-03-16,braunschweig,hertha berlin,2.0,0.0,2.0,3.0,4.0,3.0
dKTfQqpC,flashscore,D2,2425,2025-03-16,karlsruher sc,ulm,2.0,2.0,2.0,0.0,4.0,2.0
0EBMvqa5,flashscore,D2,2425,2025-03-16,nurnberg,greuther furth,0.0,3.0,1.0,3.0,1.0,6.0
tdk6dJtn,flashscore,DK1,2425,2025-03-16,brondby,silkeborg,3.0,0.0,4.0,1.0,7.0,1.0
AysNhytB,flashscore,DK1,2425,2025-03-16,lyngby,nordsjaelland,0.0,2.0,0.0,3.0,0.0,5.0
2BwFfcBb,flashscore,DK1,2425,2025-03-16,midtjylland,randers fc,4.0,1.0,1.0,1.0,5.0,2.0
tIQt9dQi,flashscore,DK1,2425,2025-03-16,sonderjyske,aalborg,0.0,7.0,2.0,0.0,2.0,7.0
63zWjFAN,flashscore,DK1,2425,2025-03-16,vejle,aarhus,4.0,2.0,3.0,9.0,7.0,11.0
2ZL1ogYp,flashscore,DK1,2425,2025-03-16,viborg,fc copenhagen,2.0,0.0,3.0,5.0,5.0,5.0
hATVArP6,flashscore,E0,2425,2025-03-16,leicester,manchester utd,3.0,2.0,3.0,2.0,6.0,4.0
WM1fBiJk,flashscore,E0,2425,2025-03-16,arsenal,chelsea,2.0,2.0,3.0,2.0,5.0,4.0
Eq0NEQPs,flashscore,E0,2425,2025-03-16,fulham,tottenham,4.0,2.0,2.0,3.0,6.0,5.0
xShGJTzf,flashscore,E1,2425,2025-03-16,sheffield wed,sheffield utd,3.0,2.0,4.0,0.0,7.0,2.0
jk9J2Vhe,flashscore,F1,2425,2025-03-16,psg,marseille,4.0,4.0,1.0,1.0,5.0,5.0
QRmMMjpR,flashscore,F1,2425,2025-03-16,brest,reims,1.0,2.0,3.0,2.0,4.0,4.0
hEkEOCFE,flashscore,F1,2425,2025-03-16,montpellier,st etienne,1.0,5.0,3.0,1.0,4.0,6.0
bZz9Dn7D,flashscore,F1,2425,2025-03-16,strasbourg,toulouse,3.0,2.0,1.0,1.0,4.0,3.0
pCUhHU7l,flashscore,F1,2425,2025-03-16,lyon,le havre,1.0,1.0,3.0,0.0,4.0,1.0
0fHOmJyP,flashscore,I1,2425,2025-03-16,atalanta,inter,2.0,2.0,0.0,4.0,2.0,6.0
CYps60ig,flashscore,I1,2425,2025-03-16,fiorentina,juventus,1.0,0.0,0.0,6.0,1.0,6.0
S4cE48Xo,flashscore,I1,2425,2025-03-16,as roma,cagliari,5.0,0.0,3.0,3.0,8.0,3.0
G6iY7MMt,flashscore,I1,2425,2025-03-16,bologna,lazio,3.0,0.0,4.0,1.0,7.0,1.0
EeUUb41N,flashscore,I1,2425,2025-03-16,venezia,napoli,2.0,2.0,1.0,6.0,3.0,8.0
KI4nN1Fs,flashscore,I2,2425,2025-03-16,catanzaro,cosenza,0.0,1.0,1.0,0.0,1.0,1.0
21MxYITa,flashscore,I2,2425,2025-03-16,pisa,mantova,2.0,1.0,7.0,0.0,9.0,1.0
zTZqWdbC,flashscore,I2,2425,2025-03-16,reggiana,sampdoria,1.0,4.0,1.0,4.0,2.0,8.0
WfThUzTO,flashscore,I2,2425,2025-03-16,sudtirol,carrarese,2.0,4.0,2.0,3.0,4.0,7.0
CvWqzEue,flashscore,N1,2425,2025-03-16,ajax,az alkmaar,2.0,1.0,1.0,2.0,3.0,3.0
prRwde2E,flashscore,N1,2425,2025-03-16,groningen,sittard,5.0,0.0,4.0,1.0,9.0,1.0
h8UofZWQ,flashscore,N1,2425,2025-03-16,twente,feyenoord,0.0,2.0,2.0,3.0,2.0,5.0
p69QniP0,flashscore,N1,2425,2025-03-16,g.a. eagles,willem ii,5.0,1.0,6.0,0.0,11.0,1.0
n5SnoaF8,flashscore,P1,2425,2025-03-16,moreirense,boavista,6.0,1.0,0.0,2.0,6.0,3.0
KWufqwpL,flashscore,P1,2425,2025-03-16,vitoria guimaraes,estrela,7.0,1.0,1.0,1.0,8.0,2.0
CUKYyexe,flashscore,P1,2425,2025-03-16,rio ave,benfica,1.0,7.0,2.0,4.0,3.0,11.0
4t32wmd2,flashscore,P1,2425,2025-03-16,arouca,estoril,2.0,3.0,1.0,1.0,3.0,4.0
8dEszZ67,flashscore,P1,2425,2025-03-16,nacional,casa pia,2.0,3.0,0.0,2.0,2.0,5.0
lx99KRP7,flashscore,RO1,2425,2025-03-16,fcsb,fc rapid bucuresti,7.0,3.0,6.0,2.0,13.0,5.0
hjqWXlTG,flashscore,RO1,2425,2025-03-16,uta arad,otelul,3.0,1.0,1.0,3.0,4.0,4.0
KxoOZAb4,flashscore,RO1,2425,2025-03-16,fc hermannstadt,unirea slobozia,2.0,0.0,1.0,3.0,3.0,3.0
YNXgoTfn,flashscore,RS1,2425,2025-03-16,mladost,radnicki nis,2.0,4.0,0.0,6.0,2.0,10.0
v3PRsflf,flashscore,RS1,2425,2025-03-16,cukaricki,partizan,2.0,1.0,1.0,0.0,3.0,1.0
novAsofB,flashscore,RS1,2425,2025-03-16,ofk beograd mozzart bet,vojvodina,1.0,4.0,3.0,4.0,4.0,8.0
EXu2q7Pb,flashscore,RS1,2425,2025-03-16,crvena zvezda,sp. subotica,5.0,0.0,6.0,1.0,11.0,1.0
K09QqGJs,flashscore,RS1,2425,2025-03-16,tsc,napredak,2.0,1.0,2.0,3.0,4.0,4.0
tUjwjP2S,flashscore,SP1,2425,2025-03-16,atl. madrid,barcelona,3.0,0.0,3.0,6.0,6.0,6.0
lbrkskye,flashscore,SP1,2425,2025-03-16,osasuna,getafe,1.0,1.0,2.0,1.0,3.0,2.0
6BzIrse2,flashscore,SP1,2425,2025-03-16,rayo vallecano,real sociedad,3.0,3.0,1.0,1.0,4.0,4.0
lz02jgE8,flashscore,SP1,2425,2025-03-16,sevilla,ath bilbao,1.0,3.0,3.0,3.0,4.0,6.0
d03AlXrL,flashscore,SP1,2425,2025-03-16,leganes,betis,0.0,4.0,3.0,3.0,3.0,7.0
QclaQkt0,flashscore,SW1,2425,2025-03-16,basel,young boys,2.0,2.0,1.0,0.0,3.0,2.0
nDx8OTAC,flashscore,SW1,2425,2025-03-16,lugano,winterthur,8.0,1.0,1.0,3.0,9.0,4.0
K0oiSBBm,flashscore,SW1,2425,2025-03-16,grasshoppers,sion,1.0,1.0,5.0,2.0,6.0,3.0
4OeTxUJk,flashscore,TR1,2425,2025-03-16,fenerbahce,samsunspor,2.0,0.0,8.0,2.0,10.0,2.0
4AGfOU4d,flashscore,TR1,2425,2025-03-16,goztepe,eyupspor,2.0,2.0,2.0,2.0,4.0,4.0
Gpr7XYsA,flashscore,TR1,2425,2025-03-16,hatayspor,sivasspor,5.0,2.0,3.0,7.0,8.0,9.0
xxfyy8l2,flashscore,TR1,2425,2025-03-16,rizespor,bodrumspor,2.0,5.0,3.0,2.0,5.0,7.0
EqAlQvCb,flashscore,TR2,2425,2025-03-16,karagumruk,kocaelispor,1.0,1.0,4.0,0.0,5.0,1.0
6wmN9JRH,flashscore,TR2,2425,2025-03-16,amedspor,erzurumspor,1.0,0.0,2.0,0.0,3.0,0.0
IHGuS0sn,flashscore,TR2,2425,2025-03-16,corum,keciorengucu,1.0,2.0,2.0,0.0,3.0,2.0
EVUFBuc5,flashscore,TR2,2425,2025-03-16,istanbulspor as,genclerbirligi,1.0,2.0,1.0,1.0,2.0,3.0
ChaXVScT,flashscore,RO1,2425,2025-03-17,sepsi sf. gheorghe,gloria buzau,8.0,0.0,3.0,1.0,11.0,1.0
nTSZuYI6,flashscore,RS1,2425,2025-03-17,novi pazar,zeleznicar pancevo,5.0,2.0,4.0,2.0,9.0,4.0
pOrgJQRj,flashscore,SP1,2425,2025-03-27,barcelona,osasuna,2.0,2.0,6.0,2.0,8.0,4.0
hplawPlo,flashscore,B1,2425,2025-03-28,leuven,charleroi,4.0,1.0,0.0,7.0,4.0,8.0
tlZTJ2tT,flashscore,B2,2425,2025-03-28,rwdm brussels,seraing,2.0,1.0,4.0,2.0,6.0,3.0
QVaredue,flashscore,D1,2425,2025-03-28,bayer leverkusen,bochum,2.0,0.0,1.0,2.0,3.0,2.0
40cne4qn,flashscore,D2,2425,2025-03-28,hamburger sv,elversberg,2.0,2.0,6.0,2.0,8.0,4.0
2JovgZJF,flashscore,D2,2425,2025-03-28,ulm,darmstadt,2.0,1.0,3.0,3.0,5.0,4.0
p2g0RaHj,flashscore,DK1,2425,2025-03-28,aalborg,viborg,1.0,2.0,5.0,4.0,6.0,6.0
phvPnS4t,flashscore,E1,2425,2025-03-28,sheffield utd,coventry,2.0,0.0,6.0,2.0,8.0,2.0
OzTfXtbn,flashscore,F1,2425,2025-03-28,strasbourg,lyon,0.0,3.0,6.0,2.0,6.0,5.0
tjGYkiko,flashscore,I2,2425,2025-03-28,spezia,brescia,9.0,2.0,7.0,0.0,16.0,2.0
S2WmxqFt,flashscore,P1,2425,2025-03-28,gil vicente,benfica,3.0,0.0,2.0,2.0,5.0,2.0
WvwSkNl2,flashscore,RO1,2425,2025-03-28,sepsi sf. gheorghe,fc hermannstadt,5.0,1.0,4.0,1.0,9.0,2.0
nmLEDQt9,flashscore,RO1,2425,2025-03-28,unirea slobozia,petrolul,9.0,0.0,3.0,2.0,12.0,2.0
xzghfOwH,flashscore,RS1,2425,2025-03-28,imt novi beograd,novi pazar,2.0,2.0,1.0,2.0,3.0,4.0
Op2OdkBL,flashscore,TR1,2425,2025-03-28,bodrumspor,fenerbahce,1.0,0.0,3.0,1.0,4.0,1.0
dxuWhtAm,flashscore,TR1,2425,2025-03-28,konyaspor,gaziantep,2.0,1.0,0.0,1.0,2.0,2.0
2yNcBlQE,flashscore,TR1,2425,2025-03-28,antalyaspor,alanyaspor,3.0,1.0,1.0,2.0,4.0,3.0
8IweiTYr,flashscore,TR1,2425,2025-03-28,kayserispor,hatayspor,6.0,3.0,2.0,0.0,8.0,3.0
4YnN5AQq,flashscore,TR2,2425,2025-03-28,genclerbirligi,sanliurfaspor,4.0,1.0,0.0,3.0,4.0,4.0
zwo8x91L,flashscore,TR2,2425,2025-03-28,igdir fk,umraniyespor,3.0,3.0,5.0,0.0,8.0,3.0
nc8dOItB,flashscore,TR2,2425,2025-03-28,boluspor,bandirmaspor,1.0,1.0,2.0,1.0,3.0,2.0
CbjV3led,flashscore,TR2,2425,2025-03-28,erzurumspor,manisa fk,3.0,1.0,1.0,0.0,4.0,1.0
WC2e0he5,flashscore,B1,2425,2025-03-29,royale union sg,antwerp,2.0,1.0,3.0,3.0,5.0,4.0
8hWo1Sth,flashscore,B1,2425,2025-03-29,st. liege,kv mechelen,4.0,4.0,4.0,1.0,8.0,5.0
OKh7rxmn,flashscore,B1,2425,2025-03-29,beerschot va,st. truiden,0.0,3.0,0.0,6.0,0.0,9.0
0YF0Et4j,flashscore,B2,2425,2025-03-29,k. lierse s.k.,beveren,1.0,2.0,3.0,2.0,4.0,4.0
8zyMLOBG,flashscore,B2,2425,2025-03-29,waregem,anderlecht u23,4.0,0.0,5.0,3.0,9.0,3.0
lfdezOQ9,flashscore,B2,2425,2025-03-29,genk u23,raal la louviere,2.0,2.0,1.0,4.0,3.0,6.0
08voFHWQ,flashscore,D1,2425,2025-03-29,eintracht frankfurt,stuttgart,3.0,3.0,3.0,7.0,6.0,10.0
CnbjgzA7,flashscore,D1,2425,2025-03-29,bayern munich,st. pauli,3.0,2.0,2.0,2.0,5.0,4.0
0MJJTGoK,flashscore,D1,2425,2025-03-29,b. monchengladbach,rb leipzig,1.0,3.0,4.0,5.0,5.0,8.0
KhLH9efl,flashscore,D1,2425,2025-03-29,hoffenheim,augsburg,1.0,2.0,1.0,0.0,2.0,2.0
K60jOf9s,flashscore,D1,2425,2025-03-29,holstein kiel,werder bremen,2.0,2.0,1.0,2.0,3.0,4.0
YFRX5DgD,flashscore,D1,2425,2025-03-29,wolfsburg,heidenheim,0.0,0.0,4.0,5.0,4.0,5.0
U5mWfek3,flashscore,D2,2425,2025-03-29,kaiserslautern,dusseldorf,2.0,1.0,3.0,4.0,5.0,5.0
0SjegrEb,flashscore,D2,2425,2025-03-29,hannover,magdeburg,6.0,2.0,6.0,2.0,12.0,4.0
Ec5qXicd,flashscore,D2,2425,2025-03-29,hertha berlin,karlsruher sc,2.0,0.0,2.0,5.0,4.0,5.0
8hf3iMrB,flashscore,D2,2425,2025-03-29,paderborn,fc koln,1.0,4.0,5.0,2.0,6.0,6.0
vikXFozJ,flashscore,E1,2425,2025-03-29,burnley,bristol city,0.0,1.0,7.0,1.0,7.0,2.0
I12qQpGG,flashscore,E1,2425,2025-03-29,cardiff,sheffield wed,7.0,0.0,2.0,1.0,9.0,1.0
ETehOOpT,flashscore,E1,2425,2025-03-29,leeds,swansea,1.0,2.0,4.0,2.0,5.0,4.0
beMcW6Ka,flashscore,E1,2425,2025-03-29,middlesbrough,oxford utd,6.0,2.0,5.0,3.0,11.0,5.0
KAA6UpkC,flashscore,E1,2425,2025-03-29,norwich,west brom,3.0,4.0,0.0,2.0,3.0,6.0
6R8ESOJO,flashscore,E1,2425,2025-03-29,portsmouth,blackburn,1.0,2.0,1.0,3.0,2.0,5.0
I5xXp6Zh,flashscore,E1,2425,2025-03-29,stoke,qpr,2.0,0.0,1.0,2.0,3.0,2.0
EXVuqp45,flashscore,E1,2425,2025-03-29,sunderland,millwall,4.0,0.0,2.0,1.0,6.0,1.0
jVIkYSkm,flashscore,E1,2425,2025-03-29,hull,luton,5.0,2.0,5.0,2.0,10.0,4.0
6ulmsOYH,flashscore,E1,2425,2025-03-29,watford,plymouth,2.0,3.0,12.0,2.0,14.0,5.0
p4dxpKsh,flashscore,F1,2425,2025-03-29,monaco,nice,3.0,3.0,4.0,1.0,7.0,4.0
QaPBTbcB,flashscore,F1,2425,2025-03-29,st etienne,psg,2.0,2.0,1.0,4.0,3.0,6.0
bDNJRxSN,flashscore,F1,2425,2025-03-29,reims,marseille,0.0,6.0,0.0,6.0,0.0,12.0
n9AwS2V9,flashscore,I1,2425,2025-03-29,lecce,as roma,3.0,5.0,3.0,1.0,6.0,6.0
KdZr6L8j,flashscore,I1,2425,2025-03-29,juventus,genoa,2.0,1.0,2.0,2.0,4.0,3.0
QZcmHoHi,flashscore,I1,2425,2025-03-29,como,empoli,1.0,1.0,3.0,0.0,4.0,1.0
ENQJ7Yqe,flashscore,I1,2425,2025-03-29,venezia,bologna,0.0,2.0,2.0,1.0,2.0,3.0
dIv2eDRN,flashscore,I2,2425,2025-03-29,sassuolo,reggiana,3.0,1.0,0.0,1.0,3.0,2.0
AolSrzrI,flashscore,I2,2425,2025-03-29,cremonese,cittadella,4.0,0.0,5.0,1.0,9.0,1.0
lWaJpdD5,flashscore,I2,2425,2025-03-29,cosenza,pisa,0.0,2.0,0.0,3.0,0.0,5.0
IBizsECU,flashscore,I2,2425,2025-03-29,mantova,sudtirol,1.0,1.0,1.0,6.0,2.0,7.0
dxNp1Hcn,flashscore,I2,2425,2025-03-29,modena,catanzaro,3.0,1.0,3.0,3.0,6.0,4.0
lhyfcZdB,flashscore,I2,2425,2025-03-29,sampdoria,frosinone,2.0,3.0,3.0,3.0,5.0,6.0
xGMRFkgm,flashscore,N1,2425,2025-03-29,nijmegen,az alkmaar,3.0,4.0,2.0,3.0,5.0,7.0
WdOsC7hC,flashscore,N1,2425,2025-03-29,zwolle,waalwijk,4.0,3.0,7.0,0.0,11.0,3.0
jPm9c8wJ,flashscore,N1,2425,2025-03-29,sittard,sparta rotterdam,1.0,3.0,1.0,1.0,2.0,4.0
ryh0Ul8t,flashscore,N1,2425,2025-03-29,willem ii,almere city,4.0,0.0,4.0,5.0,8.0,5.0
bVAzETNa,flashscore,N1,2425,2025-03-29,nac breda,groningen,0.0,0.0,3.0,2.0,3.0,2.0
Yes4AFrK,flashscore,P1,2425,2025-03-29,braga,arouca,4.0,0.0,3.0,1.0,7.0,1.0
fkfxdGTQ,flashscore,P1,2425,2025-03-29,estrela,sporting cp,3.0,2.0,0.0,0.0,3.0,2.0
MavHlYL0,flashscore,P1,2425,2025-03-29,casa pia,rio ave,3.0,3.0,4.0,1.0,7.0,4.0
SOJMZ3UI,flashscore,RO1,2425,2025-03-29,fc rapid bucuresti,univ. craiova,2.0,0.0,4.0,3.0,6.0,3.0
jJnneIQs,flashscore,RO1,2425,2025-03-29,fc botosani,farul constanta,4.0,0.0,2.0,2.0,6.0,2.0
fBPIAqOc,flashscore,RS1,2425,2025-03-29,napredak,radnicki 1923,3.0,1.0,1.0,1.0,4.0,2.0
EeOlz3no,flashscore,RS1,2425,2025-03-29,vojvodina,crvena zvezda,0.0,4.0,1.0,2.0,1.0,6.0
UXXWntWj,flashscore,RS1,2425,2025-03-29,partizan,tsc,2.0,3.0,3.0,2.0,5.0,5.0
t8aqdp94,flashscore,RS1,2425,2025-03-29,radnicki nis,tekstilac odzaci,2.0,0.0,3.0,1.0,5.0,1.0
6XRGiceU,flashscore,SP1,2425,2025-03-29,real madrid,leganes,6.0,0.0,2.0,3.0,8.0,3.0
Olz0eud5,flashscore,SP1,2425,2025-03-29,alaves,rayo vallecano,4.0,1.0,4.0,4.0,8.0,5.0
Kjbn1lFr,flashscore,SP1,2425,2025-03-29,espanyol,atl. madrid,1.0,2.0,3.0,1.0,4.0,3.0
2Zoic1Rh,flashscore,SP1,2425,2025-03-29,real sociedad,valladolid,1.0,0.0,2.0,6.0,3.0,6.0
8pdWOcMh,flashscore,SW1,2425,2025-03-29,lugano,servette,3.0,3.0,6.0,2.0,9.0,5.0
fwtGM7uP,flashscore,SW1,2425,2025-03-29,sion,yverdon,2.0,4.0,3.0,1.0,5.0,5.0
zXcOQJit,flashscore,SW1,2425,2025-03-29,young boys,st. gallen,3.0,1.0,6.0,1.0,9.0,2.0
AszCmoY7,flashscore,TR1,2425,2025-03-29,besiktas,galatasaray,4.0,0.0,5.0,3.0,9.0,3.0
Grs3k73e,flashscore,TR1,2425,2025-03-29,samsunspor,kasimpasa,1.0,1.0,1.0,1.0,2.0,2.0
42rviKv0,flashscore,TR1,2425,2025-03-29,trabzonspor,goztepe,6.0,0.0,1.0,1.0,7.0,1.0
GKbGbBt9,flashscore,TR1,2425,2025-03-29,sivasspor,adana demirspor,3.0,2.0,0.0,4.0,3.0,6.0
0KWPPVHF,flashscore,TR2,2425,2025-03-29,adanaspor as,istanbulspor as,1.0,4.0,0.0,2.0,1.0,6.0
fJPYN9nS,flashscore,TR2,2425,2025-03-29,pendikspor,corum,1.0,0.0,4.0,1.0,5.0,1.0
ENdavVW8,flashscore,TR2,2425,2025-03-29,keciorengucu,amedspor,2.0,2.0,3.0,0.0,5.0,2.0
hfTHRim3,flashscore,TR2,2425,2025-03-29,yeni malatyaspor,karagumruk,1.0,6.0,0.0,1.0,1.0,7.0
t6Uga6B4,flashscore,B1,2425,2025-03-30,dender,westerlo,4.0,2.0,4.0,6.0,8.0,8.0
0hfCdAfU,flashscore,B1,2425,2025-03-30,genk,gent,0.0,3.0,4.0,2.0,4.0,5.0
dYjFtGHb,flashscore,B1,2425,2025-03-30,kortrijk,cercle brugge ksv,1.0,3.0,1.0,1.0,2.0,4.0
hSj4bWPH,flashscore,B1,2425,2025-03-30,club brugge kv,anderlecht,5.0,0.0,2.0,2.0,7.0,2.0
Sv8nxpdc,flashscore,B2,2425,2025-03-30,eupen,club brugge kv u23,0.0,3.0,2.0,5.0,2.0,8.0
GMRzGgue,flashscore,B2,2425,2025-03-30,rfc liege,patro eisden,1.0,2.0,1.0,2.0,2.0,4.0
KfYRHFAr,flashscore,B2,2425,2025-03-30,sporting lokeren,lommel sk,2.0,4.0,0.0,3.0,2.0,7.0
SftwHw2E,flashscore,D1,2425,2025-03-30,dortmund,mainz,3.0,1.0,3.0,3.0,6.0,4.0
C0wP7ZO0,flashscore,D1,2425,2025-03-30,freiburg,union berlin,1.0,1.0,2.0,2.0,3.0,3.0
St7yZDSq,flashscore,D2,2425,2025-03-30,greuther furth,schalke,2.0,2.0,2.0,4.0,4.0,6.0
boumiDlS,flashscore,D2,2425,2025-03-30,preussen munster,braunschweig,1.0,2.0,3.0,1.0,4.0,3.0
S0VIoiCk,flashscore,D2,2425,2025-03-30,regensburg,nurnberg,0.0,4.0,3.0,2.0,3.0,6.0
fDQSiKEd,flashscore,DK1,2425,2025-03-30,midtjylland,brondby,6.0,3.0,10.0,2.0,16.0,5.0
YcxKgtpp,flashscore,DK1,2425,2025-03-30,aarhus,nordsjaelland,1.0,1.0,3.0,3.0,4.0,4.0
hIgfmsvA,flashscore,DK1,2425,2025-03-30,lyngby,vejle,4.0,2.0,3.0,0.0,7.0,2.0
C8onk39c,flashscore,DK1,2425,2025-03-30,sonderjyske,silkeborg,2.0,3.0,1.0,3.0,3.0,6.0
Ic4jMGko,flashscore,F1,2425,2025-03-30,lille,lens,4.0,0.0,2.0,2.0,6.0,2.0
hfqyHLD5,flashscore,F1,2425,2025-03-30,angers,rennes,1.0,4.0,5.0,1.0,6.0,5.0
CdaxFarI,flashscore,F1,2425,2025-03-30,auxerre,montpellier,6.0,1.0,4.0,5.0,10.0,6.0
KM2pDwDU,flashscore,F1,2425,2025-03-30,le havre,nantes,1.0,1.0,2.0,3.0,3.0,4.0
W0W2VKSb,flashscore,F1,2425,2025-03-30,toulouse,brest,6.0,0.0,4.0,3.0,10.0,3.0
tASB9fFr,flashscore,I1,2425,2025-03-30,napoli,ac milan,2.0,3.0,0.0,3.0,2.0,6.0
lErDBsoT,flashscore,I1,2425,2025-03-30,inter,udinese,1.0,0.0,1.0,4.0,2.0,4.0
KYjdFPo4,flashscore,I1,2425,2025-03-30,fiorentina,atalanta,1.0,2.0,1.0,2.0,2.0,4.0
bT51grPp,flashscore,I1,2425,2025-03-30,cagliari,monza,2.0,0.0,2.0,6.0,4.0,6.0
UkLhaeSb,flashscore,I2,2425,2025-03-30,salernitana,palermo,0.0,2.0,3.0,0.0,3.0,2.0
n732lvEt,flashscore,I2,2425,2025-03-30,carrarese,bari,3.0,5.0,4.0,2.0,7.0,7.0
rZdBnIrg,flashscore,I2,2425,2025-03-30,cesena,juve stabia,4.0,1.0,4.0,0.0,8.0,1.0
IBk1aU86,flashscore,N1,2425,2025-03-30,feyenoord,g.a. eagles,0.0,1.0,2.0,3.0,2.0,4.0
6XVeLBVP,flashscore,N1,2425,2025-03-30,heracles,twente,0.0,2.0,1.0,4.0,1.0,6.0
SOHjAoNO,flashscore,N1,2425,2025-03-30,psv,ajax,2.0,1.0,3.0,1.0,5.0,2.0
OCdh1jvf,flashscore,N1,2425,2025-03-30,utrecht,heerenveen,2.0,4.0,2.0,1.0,4.0,5.0
QgMr3Xzf,flashscore,P1,2425,2025-03-30,moreirense,vitoria guimaraes,1.0,0.0,1.0,3.0,2.0,3.0
YZ5TcxaE,flashscore,P1,2425,2025-03-30,estoril,fc porto,0.0,3.0,1.0,3.0,1.0,6.0
4vYZ4g6s,flashscore,P1,2425,2025-03-30,famalicao,afs,4.0,2.0,0.0,0.0,4.0,2.0
QXp8jfil,flashscore,P1,2425,2025-03-30,santa clara,nacional,0.0,2.0,3.0,2.0,3.0,4.0
QaN5wnVg,flashscore,RO1,2425,2025-03-30,dinamo bucuresti,fcsb,1.0,8.0,3.0,2.0,4.0,10.0
CYzegdef,flashscore,RO1,2425,2025-03-30,poli iasi,uta arad,0.0,2.0,2.0,5.0,2.0,7.0
Ami0h28T,flashscore,RS1,2425,2025-03-30,zeleznicar pancevo,cukaricki,0.0,0.0,3.0,0.0,3.0,0.0
fi1yb6vh,flashscore,RS1,2425,2025-03-30,sp. subotica,mladost,1.0,0.0,4.0,6.0,5.0,6.0
rDXIuPON,flashscore,RS1,2425,2025-03-30,ofk beograd mozzart bet,jedinstvo u.,2.0,0.0,5.0,2.0,7.0,2.0
rVEQttsC,flashscore,SP1,2425,2025-03-30,betis,sevilla,1.0,2.0,1.0,0.0,2.0,2.0
t6I9pOsm,flashscore,SP1,2425,2025-03-30,ath bilbao,osasuna,3.0,4.0,0.0,0.0,3.0,4.0
A5Y7gJQH,flashscore,SP1,2425,2025-03-30,valencia,mallorca,1.0,1.0,3.0,4.0,4.0,5.0
lWLHr2Ca,flashscore,SP1,2425,2025-03-30,barcelona,girona,6.0,0.0,4.0,2.0,10.0,2.0
f9rqaNdt,flashscore,SP1,2425,2025-03-30,getafe,villarreal,1.0,0.0,2.0,1.0,3.0,1.0
MNUvLFLH,flashscore,SW1,2425,2025-03-30,grasshoppers,zurich,1.0,5.0,3.0,5.0,4.0,10.0
rwJmJgjU,flashscore,SW1,2425,2025-03-30,lausanne,luzern,3.0,2.0,3.0,0.0,6.0,2.0
EcRWMyi5,flashscore,SW1,2425,2025-03-30,winterthur,basel,1.0,1.0,1.0,2.0,2.0,3.0
0ADEFN63,flashscore,DK1,2425,2025-03-31,fc copenhagen,randers fc,2.0,1.0,1.0,1.0,3.0,2.0
0hCVTO0c,flashscore,I1,2425,2025-03-31,lazio,torino,3.0,1.0,2.0,2.0,5.0,3.0
hnk4D3GG,flashscore,I1,2425,2025-03-31,verona,parma,4.0,2.0,1.0,3.0,5.0,5.0
YPQDyQa6,flashscore,RO1,2425,2025-03-31,u. cluj,cfr cluj,1.0,0.0,3.0,5.0,4.0,5.0
Kbv3izQ6,flashscore,RO1,2425,2025-03-31,gloria buzau,otelul,1.0,3.0,4.0,3.0,5.0,6.0
GrDYvKBO,flashscore,SP1,2425,2025-03-31,celta vigo,las palmas,1.0,1.0,3.0,1.0,4.0,2.0
8EJ9Xz56,flashscore,SP2,2425,2025-03-31,cadiz cf,eibar,2.0,2.0,1.0,1.0,3.0,3.0
QHWnkb9C,flashscore,TR1,2425,2025-03-31,eyupspor,basaksehir,1.0,2.0,3.0,1.0,4.0,3.0
jkB4ImAk,flashscore,TR2,2425,2025-03-31,kocaelispor,sakaryaspor,1.0,0.0,2.0,0.0,3.0,0.0
nH4DGRv2,flashscore,TR2,2425,2025-03-31,erokspor,ankaragucu,4.0,1.0,0.0,4.0,4.0,5.0
QHQVu3Ot,flashscore,E0,2425,2025-04-01,nottingham,manchester utd,1.0,5.0,2.0,5.0,3.0,10.0
vRiDNL8C,flashscore,E0,2425,2025-04-01,arsenal,fulham,0.0,2.0,5.0,2.0,5.0,4.0
nXEvvsgg,flashscore,E0,2425,2025-04-01,wolves,west ham,0.0,1.0,1.0,1.0,1.0,2.0
zXscsyWN,flashscore,N1,2425,2025-04-01,az alkmaar,waalwijk,6.0,2.0,6.0,3.0,12.0,5.0
fDxPnCjD,flashscore,P1,2425,2025-04-01,boavista,gil vicente,1.0,2.0,2.0,1.0,3.0,3.0
Y1bcwcyn,flashscore,SW1,2425,2025-04-01,servette,young boys,1.0,4.0,2.0,2.0,3.0,6.0
S0i6yy6b,flashscore,SW1,2425,2025-04-01,yverdon,lugano,2.0,0.0,1.0,2.0,3.0,2.0
UXkVSb0b,flashscore,E0,2425,2025-04-02,liverpool,everton,5.0,2.0,6.0,3.0,11.0,5.0
6Dg5Psv0,flashscore,E0,2425,2025-04-02,bournemouth,ipswich,6.0,0.0,2.0,3.0,8.0,3.0
zgoMLawP,flashscore,E0,2425,2025-04-02,brighton,aston villa,3.0,0.0,1.0,0.0,4.0,0.0
UF6ezahI,flashscore,E0,2425,2025-04-02,manchester city,leicester,4.0,0.0,1.0,0.0,5.0,0.0
2T43YxNU,flashscore,E0,2425,2025-04-02,newcastle,brentford,1.0,4.0,3.0,1.0,4.0,5.0
xQXNUKVo,flashscore,E0,2425,2025-04-02,southampton,crystal palace,1.0,1.0,1.0,1.0,2.0,2.0
WpxJwkSP,flashscore,E1,2425,2025-04-02,derby,preston,2.0,1.0,2.0,2.0,4.0,3.0
MN2DqRCi,flashscore,N1,2425,2025-04-02,feyenoord,groningen,1.0,1.0,0.0,0.0,1.0,1.0
YJPj1B56,flashscore,P1,2425,2025-04-02,benfica,sc farense,2.0,2.0,3.0,2.0,5.0,4.0
0EkEZEzB,flashscore,SW1,2425,2025-04-02,sion,winterthur,2.0,0.0,1.0,5.0,3.0,5.0
dtqNXh5N,flashscore,SW1,2425,2025-04-02,zurich,lausanne,2.0,3.0,3.0,0.0,5.0,3.0
YmDnxLN5,flashscore,E0,2425,2025-04-03,chelsea,tottenham,4.0,2.0,0.0,4.0,4.0,6.0
SOZhSWSp,flashscore,SW1,2425,2025-04-03,basel,grasshoppers,2.0,0.0,3.0,3.0,5.0,3.0
8KCujzLi,flashscore,SW1,2425,2025-04-03,luzern,st. gallen,1.0,0.0,3.0,2.0,4.0,2.0
xYN2cptH,flashscore,B1,2425,2025-04-04,kv mechelen,dender,2.0,1.0,2.0,0.0,4.0,1.0
4r8Vyy2E,flashscore,B2,2425,2025-04-04,beveren,eupen,0.0,4.0,3.0,1.0,3.0,5.0
tpwpsWwf,flashscore,B2,2425,2025-04-04,patro eisden,rwdm brussels,8.0,8.0,4.0,5.0,12.0,13.0
WQoQzYhm,flashscore,D1,2425,2025-04-04,augsburg,bayern munich,1.0,2.0,1.0,2.0,2.0,4.0
dUGiqBEq,flashscore,D2,2425,2025-04-04,braunschweig,paderborn,0.0,3.0,0.0,1.0,0.0,4.0
bskyzFET,flashscore,D2,2425,2025-04-04,karlsruher sc,hannover,1.0,1.0,4.0,5.0,5.0,6.0
dx7ND1yG,flashscore,DK1,2425,2025-04-04,randers fc,midtjylland,5.0,1.0,3.0,1.0,8.0,2.0
GOU7pRFj,flashscore,E1,2425,2025-04-04,blackburn,middlesbrough,0.0,0.0,4.0,2.0,4.0,2.0
vobhtxsH,flashscore,F1,2425,2025-04-04,nice,nantes,6.0,2.0,5.0,0.0,11.0,2.0
Ey6hMXbl,flashscore,I1,2425,2025-04-04,genoa,udinese,0.0,1.0,1.0,1.0,1.0,2.0
CAvtjC6r,flashscore,I2,2425,2025-04-04,reggiana,cremonese,1.0,2.0,1.0,5.0,2.0,7.0
jLiPKyyp,flashscore,N1,2425,2025-04-04,heerenveen,willem ii,6.0,2.0,3.0,4.0,9.0,6.0
Sbd0HNe4,flashscore,P1,2425,2025-04-04,afs,estoril,2.0,2.0,2.0,1.0,4.0,3.0
GQXBkEfJ,flashscore,RO1,2425,2025-04-04,petrolul,sepsi sf. gheorghe,2.0,1.0,0.0,5.0,2.0,6.0
6VUx4D9C,flashscore,RO1,2425,2025-04-04,otelul,poli iasi,4.0,1.0,4.0,0.0,8.0,1.0
8xUVA4go,flashscore,SA1,2425,2025-04-04,al hilal,al nassr,5.0,5.0,5.0,2.0,10.0,7.0
xfw0GQVN,flashscore,SA1,2425,2025-04-04,al orubah,al okhdood,1.0,6.0,5.0,3.0,6.0,9.0
YqoXEYBG,flashscore,SA1,2425,2025-04-04,al kholood,al taawon,4.0,4.0,3.0,6.0,7.0,10.0
SG1faSqe,flashscore,SP1,2425,2025-04-04,rayo vallecano,espanyol,4.0,4.0,4.0,0.0,8.0,4.0
l6GYhrXq,flashscore,SP2,2425,2025-04-04,castellon,albacete,2.0,0.0,7.0,1.0,9.0,1.0
Cj0AkSKh,flashscore,TR1,2425,2025-04-04,adana demirspor,kayserispor,0.0,6.0,7.0,1.0,7.0,7.0
02wfT4O7,flashscore,TR2,2425,2025-04-04,amedspor,igdir fk,0.0,4.0,2.0,0.0,2.0,4.0
GALti8GE,flashscore,TR2,2425,2025-04-04,sanliurfaspor,boluspor,1.0,3.0,3.0,0.0,4.0,3.0
SlunVQge,flashscore,TR2,2425,2025-04-04,istanbulspor as,yeni malatyaspor,3.0,1.0,2.0,1.0,5.0,2.0
vJPMGDun,flashscore,B1,2425,2025-04-05,gent,royale union sg,0.0,2.0,4.0,3.0,4.0,5.0
rVQAeOAT,flashscore,B1,2425,2025-04-05,westerlo,leuven,4.0,6.0,2.0,4.0,6.0,10.0
h0pOvfnB,flashscore,B1,2425,2025-04-05,cercle brugge ksv,beerschot va,0.0,3.0,8.0,3.0,8.0,6.0
AuBwzFWQ,flashscore,B2,2425,2025-04-05,club brugge kv u23,rfc liege,3.0,5.0,7.0,3.0,10.0,8.0
2wjISWO0,flashscore,B2,2425,2025-04-05,lommel sk,genk u23,0.0,2.0,1.0,2.0,1.0,4.0
fDnAUhfl,flashscore,B2,2425,2025-04-05,anderlecht u23,sporting lokeren,5.0,1.0,3.0,6.0,8.0,7.0
KnI7IjwJ,flashscore,D1,2425,2025-04-05,werder bremen,eintracht frankfurt,4.0,6.0,1.0,0.0,5.0,6.0
Kpm1xoUi,flashscore,D1,2425,2025-04-05,bochum,stuttgart,1.0,1.0,1.0,3.0,2.0,4.0
0reftfVP,flashscore,D1,2425,2025-04-05,freiburg,dortmund,0.0,2.0,3.0,2.0,3.0,4.0
CMEaKC86,flashscore,D1,2425,2025-04-05,heidenheim,bayer leverkusen,2.0,0.0,2.0,0.0,4.0,0.0
QPvZYBNa,flashscore,D1,2425,2025-04-05,mainz,holstein kiel,0.0,2.0,4.0,2.0,4.0,4.0
hKbbMYwf,flashscore,D1,2425,2025-04-05,rb leipzig,hoffenheim,4.0,2.0,4.0,0.0,8.0,2.0
AasJuJph,flashscore,D2,2425,2025-04-05,fc koln,hertha berlin,1.0,4.0,6.0,1.0,7.0,5.0
U1cKwcF4,flashscore,D2,2425,2025-04-05,darmstadt,greuther furth,2.0,2.0,4.0,1.0,6.0,3.0
xS0SyypH,flashscore,D2,2425,2025-04-05,dusseldorf,preussen munster,4.0,3.0,1.0,4.0,5.0,7.0
UJWCjgM9,flashscore,D2,2425,2025-04-05,nurnberg,hamburger sv,6.0,1.0,1.0,6.0,7.0,7.0
jmvvRxVA,flashscore,E0,2425,2025-04-05,aston villa,nottingham,0.0,1.0,4.0,3.0,4.0,4.0
IcOIJfNp,flashscore,E0,2425,2025-04-05,crystal palace,brighton,1.0,1.0,1.0,3.0,2.0,4.0
xKUDwGEG,flashscore,E0,2425,2025-04-05,ipswich,wolves,2.0,6.0,2.0,2.0,4.0,8.0
jRQluTkL,flashscore,E0,2425,2025-04-05,west ham,bournemouth,2.0,3.0,2.0,4.0,4.0,7.0
AiB4sbFi,flashscore,E0,2425,2025-04-05,everton,arsenal,2.0,4.0,1.0,4.0,3.0,8.0
dK7f8U7c,flashscore,E1,2425,2025-04-05,bristol city,watford,1.0,1.0,1.0,1.0,2.0,2.0
fFksaQUq,flashscore,E1,2425,2025-04-05,millwall,portsmouth,4.0,1.0,7.0,3.0,11.0,4.0
jsqjc4ad,flashscore,E1,2425,2025-04-05,oxford utd,sheffield utd,2.0,5.0,0.0,5.0,2.0,10.0
ImyxL7i3,flashscore,E1,2425,2025-04-05,plymouth,norwich,1.0,2.0,1.0,3.0,2.0,5.0
v3PpJoMF,flashscore,E1,2425,2025-04-05,preston,stoke,0.0,3.0,1.0,6.0,1.0,9.0
QgOOy6j2,flashscore,E1,2425,2025-04-05,qpr,cardiff,2.0,1.0,5.0,3.0,7.0,4.0
QJNhHPjS,flashscore,E1,2425,2025-04-05,sheffield wed,hull,1.0,2.0,4.0,1.0,5.0,3.0
4xT3a9r9,flashscore,E1,2425,2025-04-05,swansea,derby,2.0,0.0,2.0,3.0,4.0,3.0
4pB268xA,flashscore,E1,2425,2025-04-05,coventry,burnley,0.0,2.0,1.0,3.0,1.0,5.0
bq4B4n7M,flashscore,E1,2425,2025-04-05,luton,leeds,0.0,4.0,0.0,1.0,0.0,5.0
p44PB3Ek,flashscore,E1,2425,2025-04-05,west brom,sunderland,3.0,5.0,3.0,1.0,6.0,6.0
lK7Ht6hc,flashscore,F1,2425,2025-04-05,lyon,lille,1.0,2.0,0.0,1.0,1.0,3.0
zDi1vGBT,flashscore,F1,2425,2025-04-05,brest,monaco,2.0,0.0,0.0,9.0,2.0,9.0
GWbYxOiM,flashscore,F1,2425,2025-04-05,psg,angers,3.0,0.0,2.0,1.0,5.0,1.0
rHc9IkbD,flashscore,I1,2425,2025-04-05,ac milan,fiorentina,0.0,3.0,7.0,1.0,7.0,4.0
hrgKzXDs,flashscore,I1,2425,2025-04-05,parma,inter,1.0,2.0,1.0,2.0,2.0,4.0
Ma2ltgjK,flashscore,I1,2425,2025-04-05,monza,como,0.0,2.0,2.0,0.0,2.0,2.0
OpzHkre2,flashscore,I2,2425,2025-04-05,juve stabia,salernitana,2.0,1.0,3.0,3.0,5.0,4.0
hQc9eYrL,flashscore,I2,2425,2025-04-05,pisa,modena,0.0,0.0,4.0,1.0,4.0,1.0
8d8KDfsh,flashscore,I2,2425,2025-04-05,brescia,mantova,0.0,2.0,1.0,1.0,1.0,3.0
MJEzACtH,flashscore,I2,2425,2025-04-05,cittadella,carrarese,3.0,1.0,0.0,4.0,3.0,5.0
GKW8i4Qk,flashscore,I2,2425,2025-04-05,frosinone,cosenza,0.0,0.0,6.0,0.0,6.0,0.0
tjWdnU57,flashscore,I2,2425,2025-04-05,sudtirol,cesena,0.0,2.0,2.0,3.0,2.0,5.0
p0lHQ675,flashscore,N1,2425,2025-04-05,almere city,zwolle,4.0,0.0,3.0,4.0,7.0,4.0
CE4c6xMj,flashscore,N1,2425,2025-04-05,groningen,psv,3.0,3.0,1.0,2.0,4.0,5.0
SMnpUuEc,flashscore,N1,2425,2025-04-05,twente,sittard,3.0,1.0,4.0,2.0,7.0,3.0
6FxQOpxI,flashscore,N1,2425,2025-04-05,az alkmaar,feyenoord,2.0,0.0,3.0,3.0,5.0,3.0
OQk9F1QG,flashscore,P1,2425,2025-04-05,vitoria guimaraes,santa clara,3.0,5.0,4.0,1.0,7.0,6.0
vwG5etZp,flashscore,P1,2425,2025-04-05,arouca,famalicao,1.0,5.0,2.0,2.0,3.0,7.0
KI68c7MP,flashscore,RO1,2425,2025-04-05,fcsb,u. cluj,1.0,0.0,2.0,0.0,3.0,0.0
pGtU5Zv0,flashscore,RO1,2425,2025-04-05,uta arad,fc botosani,5.0,0.0,2.0,2.0,7.0,2.0
jy6b593F,flashscore,RS1,2425,2025-04-05,tekstilac odzaci,sp. subotica,4.0,0.0,0.0,8.0,4.0,8.0
6cquDCtT,flashscore,SA1,2425,2025-04-05,al ahli sc,al ittihad,1.0,1.0,5.0,0.0,6.0,1.0
xIiOGfs4,flashscore,SA1,2425,2025-04-05,al riyadh,damac,3.0,1.0,2.0,2.0,5.0,3.0
jLHcVgdc,flashscore,SA1,2425,2025-04-05,al qadsiah,al ettifaq,3.0,1.0,5.0,1.0,8.0,2.0
Mq2QB0tn,flashscore,SP1,2425,2025-04-05,barcelona,betis,3.0,1.0,6.0,2.0,9.0,3.0
jwZFMHf4,flashscore,SP1,2425,2025-04-05,mallorca,celta vigo,1.0,0.0,3.0,2.0,4.0,2.0
IBeZ9vBb,flashscore,SP1,2425,2025-04-05,real madrid,valencia,4.0,2.0,5.0,2.0,9.0,4.0
I5hPIZgT,flashscore,SP1,2425,2025-04-05,girona,alaves,0.0,0.0,5.0,3.0,5.0,3.0
ULZ1b49M,flashscore,SP2,2425,2025-04-05,gijon,tenerife,3.0,7.0,3.0,4.0,6.0,11.0
4KaTq5fT,flashscore,SP2,2425,2025-04-05,fc cartagena sad,eldense,2.0,5.0,1.0,0.0,3.0,5.0
dWJtiM1d,flashscore,SP2,2425,2025-04-05,granada cf,almeria,1.0,3.0,3.0,1.0,4.0,4.0
lhy0vqIj,flashscore,SP2,2425,2025-04-05,eibar,oviedo,2.0,0.0,5.0,1.0,7.0,1.0
OG24pWlT,flashscore,SW1,2425,2025-04-05,young boys,yverdon,5.0,0.0,4.0,4.0,9.0,4.0
fyBmlEk4,flashscore,SW1,2425,2025-04-05,lausanne,sion,9.0,1.0,6.0,1.0,15.0,2.0
j34dnhKG,flashscore,SW1,2425,2025-04-05,winterthur,zurich,5.0,2.0,2.0,3.0,7.0,5.0
MLJh254b,flashscore,TR1,2425,2025-04-05,antalyaspor,samsunspor,2.0,1.0,1.0,0.0,3.0,1.0
zVpzpOlU,flashscore,TR1,2425,2025-04-05,basaksehir,konyaspor,0.0,2.0,0.0,3.0,0.0,5.0
bqpfmxvP,flashscore,TR1,2425,2025-04-05,rizespor,sivasspor,4.0,0.0,5.0,2.0,9.0,2.0
2RqO3o0K,flashscore,TR2,2425,2025-04-05,corum,erokspor,4.0,1.0,2.0,0.0,6.0,1.0
AXdxtr8D,flashscore,TR2,2425,2025-04-05,karagumruk,erzurumspor,2.0,1.0,4.0,0.0,6.0,1.0
E53Ts4w1,flashscore,TR2,2425,2025-04-05,sakaryaspor,adanaspor as,5.0,2.0,4.0,1.0,9.0,3.0
pnmmbPNs,flashscore,TR2,2425,2025-04-05,manisa fk,keciorengucu,5.0,3.0,3.0,2.0,8.0,5.0
S22sj2Yj,flashscore,B1,2425,2025-04-06,charleroi,st. liege,2.0,1.0,1.0,1.0,3.0,2.0
WYwWCVvB,flashscore,B1,2425,2025-04-06,anderlecht,genk,1.0,1.0,3.0,2.0,4.0,3.0
0QmWxYGN,flashscore,B1,2425,2025-04-06,st. truiden,kortrijk,2.0,1.0,2.0,0.0,4.0,1.0
CWNUEiAb,flashscore,B1,2425,2025-04-06,antwerp,club brugge kv,1.0,2.0,1.0,2.0,2.0,4.0
YJZyqh9s,flashscore,B2,2425,2025-04-06,seraing,waregem,0.0,2.0,1.0,8.0,1.0,10.0
jaWClEoK,flashscore,B2,2425,2025-04-06,raal la louviere,francs borains,4.0,0.0,1.0,4.0,5.0,4.0
bwwsXkhC,flashscore,D1,2425,2025-04-06,union berlin,wolfsburg,4.0,2.0,2.0,2.0,6.0,4.0
t0yAzPb4,flashscore,D1,2425,2025-04-06,st. pauli,b. monchengladbach,2.0,2.0,9.0,0.0,11.0,2.0
d6Y4hFic,flashscore,D2,2425,2025-04-06,elversberg,regensburg,0.0,2.0,0.0,2.0,0.0,4.0
QoQLlXjM,flashscore,D2,2425,2025-04-06,magdeburg,kaiserslautern,2.0,2.0,1.0,3.0,3.0,5.0
UPu7Uhxi,flashscore,D2,2425,2025-04-06,schalke,ulm,3.0,1.0,1.0,1.0,4.0,2.0
Uk5VBu6S,flashscore,DK1,2425,2025-04-06,nordsjaelland,fc copenhagen,2.0,0.0,1.0,2.0,3.0,2.0
htxsvw1d,flashscore,DK1,2425,2025-04-06,vejle,aalborg,3.0,1.0,2.0,4.0,5.0,5.0
pGYYuaWq,flashscore,DK1,2425,2025-04-06,silkeborg,lyngby,1.0,1.0,0.0,2.0,1.0,3.0
QVi2oL8M,flashscore,DK1,2425,2025-04-06,viborg,sonderjyske,4.0,4.0,0.0,1.0,4.0,5.0
4YpfJoT1,flashscore,E0,2425,2025-04-06,manchester utd,manchester city,1.0,2.0,4.0,1.0,5.0,3.0
bDsnPGaN,flashscore,E0,2425,2025-04-06,brentford,chelsea,2.0,1.0,1.0,5.0,3.0,6.0
UgR5uxp4,flashscore,E0,2425,2025-04-06,fulham,liverpool,3.0,1.0,1.0,3.0,4.0,4.0
IDStskL8,flashscore,E0,2425,2025-04-06,tottenham,southampton,4.0,0.0,0.0,1.0,4.0,1.0
6JporbC4,flashscore,F1,2425,2025-04-06,marseille,toulouse,2.0,1.0,3.0,0.0,5.0,1.0
WrwXYgZj,flashscore,F1,2425,2025-04-06,montpellier,le havre,2.0,1.0,3.0,1.0,5.0,2.0
nFk4X1Fq,flashscore,F1,2425,2025-04-06,reims,strasbourg,0.0,4.0,4.0,3.0,4.0,7.0
rsqDVupd,flashscore,F1,2425,2025-04-06,rennes,auxerre,3.0,3.0,5.0,2.0,8.0,5.0
fHAPvpN9,flashscore,F1,2425,2025-04-06,lens,st etienne,2.0,3.0,4.0,0.0,6.0,3.0
EcsTYArf,flashscore,I1,2425,2025-04-06,as roma,juventus,3.0,1.0,1.0,3.0,4.0,4.0
AkKS5CE7,flashscore,I1,2425,2025-04-06,atalanta,lazio,7.0,2.0,4.0,2.0,11.0,4.0
rgFMRgyR,flashscore,I1,2425,2025-04-06,empoli,cagliari,2.0,2.0,0.0,1.0,2.0,3.0
MNpyXlD6,flashscore,I1,2425,2025-04-06,torino,verona,0.0,3.0,1.0,2.0,1.0,5.0
A3a1KBT0,flashscore,I1,2425,2025-04-06,lecce,venezia,5.0,1.0,3.0,2.0,8.0,3.0
pOxlljye,flashscore,I2,2425,2025-04-06,spezia,sampdoria,2.0,2.0,1.0,1.0,3.0,3.0
l6GSBYB4,flashscore,I2,2425,2025-04-06,catanzaro,bari,5.0,2.0,6.0,1.0,11.0,3.0
69a1cfE8,flashscore,I2,2425,2025-04-06,palermo,sassuolo,8.0,3.0,1.0,1.0,9.0,4.0
v3o9SSxg,flashscore,N1,2425,2025-04-06,ajax,nac breda,4.0,0.0,5.0,0.0,9.0,0.0
0zohSJrA,flashscore,N1,2425,2025-04-06,g.a. eagles,utrecht,0.0,1.0,1.0,4.0,1.0,5.0
CztYIF5d,flashscore,N1,2425,2025-04-06,sparta rotterdam,nijmegen,1.0,1.0,2.0,1.0,3.0,2.0
Kx1gQcDM,flashscore,N1,2425,2025-04-06,waalwijk,heracles,2.0,5.0,4.0,4.0,6.0,9.0
EeUm8JIj,flashscore,P1,2425,2025-04-06,fc porto,benfica,0.0,1.0,2.0,5.0,2.0,6.0
UNhHDueT,flashscore,P1,2425,2025-04-06,nacional,estrela,4.0,1.0,3.0,4.0,7.0,5.0
fobhJqRi,flashscore,P1,2425,2025-04-06,gil vicente,moreirense,1.0,0.0,6.0,0.0,7.0,0.0
nTjmjPEa,flashscore,RO1,2425,2025-04-06,fc rapid bucuresti,dinamo bucuresti,2.0,1.0,6.0,2.0,8.0,3.0
8KKcDHnQ,flashscore,RO1,2425,2025-04-06,fc hermannstadt,gloria buzau,1.0,0.0,6.0,0.0,7.0,0.0
GQDR8NhA,flashscore,RS1,2425,2025-04-06,jedinstvo u.,napredak,6.0,1.0,2.0,5.0,8.0,6.0
rZpwbRek,flashscore,RS1,2425,2025-04-06,crvena zvezda,ofk beograd mozzart bet,4.0,3.0,2.0,1.0,6.0,4.0
OjHZ61NM,flashscore,RS1,2425,2025-04-06,radnicki 1923,partizan,2.0,0.0,1.0,2.0,3.0,2.0
j1gGIGCi,flashscore,SA1,2425,2025-04-06,al wehda,al shabab,0.0,2.0,0.0,2.0,0.0,4.0
Cz66TXQ9,flashscore,SA1,2425,2025-04-06,al raed,al khaleej,3.0,6.0,0.0,4.0,3.0,10.0
QsQB7j4j,flashscore,SA1,2425,2025-04-06,al fayha,al fateh,2.0,4.0,4.0,1.0,6.0,5.0
2HhL0zYp,flashscore,SP1,2425,2025-04-06,villarreal,ath bilbao,4.0,1.0,2.0,4.0,6.0,5.0
AukHKePG,flashscore,SP1,2425,2025-04-06,valladolid,getafe,3.0,1.0,0.0,3.0,3.0,4.0
IPz8OwQi,flashscore,SP1,2425,2025-04-06,sevilla,atl. madrid,6.0,2.0,1.0,5.0,7.0,7.0
AJDt8IuB,flashscore,SP1,2425,2025-04-06,las palmas,real sociedad,4.0,3.0,1.0,1.0,5.0,4.0
xSdTEPg3,flashscore,SP2,2425,2025-04-06,dep. la coruna,cadiz cf,5.0,5.0,4.0,1.0,9.0,6.0
dfdLoRPG,flashscore,SP2,2425,2025-04-06,burgos cf,huesca,4.0,1.0,0.0,3.0,4.0,4.0
OreyD3OF,flashscore,SP2,2425,2025-04-06,malaga,cordoba,3.0,6.0,2.0,4.0,5.0,10.0
d8yf0QvA,flashscore,SP2,2425,2025-04-06,levante,racing santander,1.0,2.0,3.0,4.0,4.0,6.0
KAlpBsgS,flashscore,SP2,2425,2025-04-06,zaragoza,mirandes,2.0,2.0,2.0,0.0,4.0,2.0
fkjM2D4c,flashscore,SW1,2425,2025-04-06,basel,lugano,1.0,1.0,2.0,0.0,3.0,1.0
G4vV0iZ9,flashscore,SW1,2425,2025-04-06,grasshoppers,luzern,0.0,2.0,2.0,3.0,2.0,5.0
r1qyuACj,flashscore,SW1,2425,2025-04-06,st. gallen,servette,2.0,0.0,3.0,6.0,5.0,6.0
vw22iljt,flashscore,TR1,2425,2025-04-06,fenerbahce,trabzonspor,2.0,0.0,0.0,3.0,2.0,3.0
8IgJm6k5,flashscore,TR1,2425,2025-04-06,hatayspor,eyupspor,1.0,5.0,1.0,0.0,2.0,5.0
fZH00qZA,flashscore,TR1,2425,2025-04-06,alanyaspor,bodrumspor,2.0,1.0,1.0,1.0,3.0,2.0
6u0LqQ8l,flashscore,TR2,2425,2025-04-06,ankaragucu,genclerbirligi,2.0,3.0,5.0,4.0,7.0,7.0
hCjed3hf,flashscore,TR2,2425,2025-04-06,bandirmaspor,kocaelispor,0.0,1.0,3.0,1.0,3.0,2.0
WMowXnPr,flashscore,TR2,2425,2025-04-06,umraniyespor,pendikspor,1.0,5.0,4.0,0.0,5.0,5.0
lzn26JTk,flashscore,DK1,2425,2025-04-07,brondby,aarhus,1.0,4.0,3.0,1.0,4.0,5.0
d8snL7bk,flashscore,E0,2425,2025-04-07,leicester,newcastle,5.0,1.0,7.0,1.0,12.0,2.0
MwRDTF6E,flashscore,I1,2425,2025-04-07,bologna,napoli,4.0,2.0,4.0,1.0,8.0,3.0
xUFrU0uA,flashscore,P1,2425,2025-04-07,sporting cp,braga,0.0,0.0,4.0,0.0,4.0,0.0
t2MZVMAc,flashscore,P1,2425,2025-04-07,rio ave,boavista,5.0,1.0,4.0,1.0,9.0,2.0
AsEjSvAM,flashscore,P1,2425,2025-04-07,sc farense,casa pia,4.0,2.0,9.0,1.0,13.0,3.0
v3muhopm,flashscore,RO1,2425,2025-04-07,cfr cluj,univ. craiova,3.0,3.0,2.0,2.0,5.0,5.0
xjwM7eAm,flashscore,RO1,2425,2025-04-07,farul constanta,unirea slobozia,5.0,2.0,1.0,0.0,6.0,2.0
GldEaJFd,flashscore,RS1,2425,2025-04-07,cukaricki,imt novi beograd,1.0,2.0,5.0,2.0,6.0,4.0
Cjf73mYR,flashscore,RS1,2425,2025-04-07,mladost,vojvodina,2.0,8.0,5.0,1.0,7.0,9.0
rB2j7VY2,flashscore,RS1,2425,2025-04-07,novi pazar,radnicki nis,4.0,1.0,0.0,1.0,4.0,2.0
ryb61uop,flashscore,RS1,2425,2025-04-07,tsc,zeleznicar pancevo,2.0,3.0,1.0,1.0,3.0,4.0
WY1k6dAN,flashscore,SP1,2425,2025-04-07,leganes,osasuna,1.0,4.0,3.0,4.0,4.0,8.0
GbTo2nAc,flashscore,SP2,2425,2025-04-07,elche,racing club ferrol,1.0,3.0,2.0,1.0,3.0,4.0
QgQq4RZo,flashscore,TR1,2425,2025-04-07,goztepe,gaziantep,2.0,2.0,4.0,0.0,6.0,2.0
EFdRopKH,flashscore,TR1,2425,2025-04-07,kasimpasa,besiktas,2.0,2.0,2.0,3.0,4.0,5.0
QX2RVO5L,flashscore,E1,2425,2025-04-08,middlesbrough,leeds,2.0,2.0,2.0,2.0,4.0,4.0
IH2X9sq2,flashscore,E1,2425,2025-04-08,blackburn,sheffield wed,3.0,3.0,5.0,1.0,8.0,4.0
YPpKXpy9,flashscore,E1,2425,2025-04-08,bristol city,west brom,1.0,1.0,3.0,4.0,4.0,5.0
Wh6ZPgZa,flashscore,E1,2425,2025-04-08,derby,burnley,6.0,1.0,2.0,3.0,8.0,4.0
A5vbQ2Tr,flashscore,E1,2425,2025-04-08,norwich,sunderland,3.0,0.0,1.0,4.0,4.0,4.0
C2WBcmDL,flashscore,E1,2425,2025-04-08,preston,cardiff,2.0,3.0,2.0,3.0,4.0,6.0
IVs6Otbe,flashscore,E1,2425,2025-04-08,sheffield utd,millwall,6.0,2.0,5.0,2.0,11.0,4.0
EcyFMKS7,flashscore,E1,2425,2025-04-08,stoke,luton,1.0,5.0,3.0,1.0,4.0,6.0
6iO0pOKE,flashscore,E1,2425,2025-04-08,watford,hull,5.0,0.0,2.0,3.0,7.0,3.0
rJGDAgD4,flashscore,TR2,2425,2025-04-08,manisa fk,amedspor,0.0,4.0,3.0,5.0,3.0,9.0
ldevdfbB,flashscore,TR2,2425,2025-04-08,igdir fk,istanbulspor as,3.0,2.0,1.0,1.0,4.0,3.0
MirChLiJ,flashscore,TR2,2425,2025-04-08,keciorengucu,sanliurfaspor,3.0,3.0,2.0,1.0,5.0,4.0
OS2RRF4m,flashscore,E1,2425,2025-04-09,coventry,portsmouth,0.0,4.0,5.0,0.0,5.0,4.0
h8frOX3C,flashscore,E1,2425,2025-04-09,oxford utd,qpr,3.0,3.0,4.0,4.0,7.0,7.0
dz8rhRzq,flashscore,E1,2425,2025-04-09,swansea,plymouth,1.0,0.0,2.0,1.0,3.0,1.0
tfzJlCjo,flashscore,TR2,2425,2025-04-09,boluspor,sakaryaspor,2.0,1.0,1.0,1.0,3.0,2.0
niN4CFrh,flashscore,TR2,2425,2025-04-09,pendikspor,ankaragucu,3.0,0.0,2.0,6.0,5.0,6.0
dMbnfYSN,flashscore,TR2,2425,2025-04-09,erokspor,karagumruk,2.0,3.0,0.0,5.0,2.0,8.0
KG3Naxan,flashscore,TR2,2425,2025-04-09,erzurumspor,corum,2.0,1.0,3.0,2.0,5.0,3.0
CWRLLtP0,flashscore,SA1,2425,2025-04-10,al ittihad,al orubah,5.0,1.0,1.0,1.0,6.0,2.0
IZXwBPAr,flashscore,SA1,2425,2025-04-10,damac,al wehda,0.0,0.0,0.0,0.0,0.0,0.0
nFPf7sA7,flashscore,SA1,2425,2025-04-10,al shabab,al kholood,4.0,3.0,1.0,6.0,5.0,9.0
hU1VcGTb,flashscore,TR2,2425,2025-04-10,adanaspor as,kocaelispor,3.0,2.0,0.0,8.0,3.0,10.0
GWEL8XsH,flashscore,TR2,2425,2025-04-10,genclerbirligi,umraniyespor,2.0,2.0,2.0,1.0,4.0,3.0
ERv4fsN6,flashscore,TR2,2425,2025-04-10,yeni malatyaspor,bandirmaspor,0.0,9.0,2.0,5.0,2.0,14.0
f9fTD5Qc,flashscore,B1,2425,2025-04-11,westerlo,charleroi,2.0,1.0,4.0,0.0,6.0,1.0
AFRn1iVP,flashscore,B2,2425,2025-04-11,k. lierse s.k.,patro eisden,2.0,2.0,1.0,4.0,3.0,6.0
APU0wlwJ,flashscore,B2,2425,2025-04-11,rwdm brussels,lommel sk,6.0,3.0,10.0,1.0,16.0,4.0
KSgVuKzp,flashscore,D1,2425,2025-04-11,wolfsburg,rb leipzig,3.0,1.0,5.0,4.0,8.0,5.0
vXb21AzS,flashscore,D2,2425,2025-04-11,greuther furth,fc koln,2.0,1.0,3.0,4.0,5.0,5.0
Iq50skqd,flashscore,D2,2425,2025-04-11,hamburger sv,braunschweig,3.0,3.0,2.0,1.0,5.0,4.0
YyFT1tg3,flashscore,DK1,2425,2025-04-11,aalborg,lyngby,2.0,2.0,2.0,2.0,4.0,4.0
0YcjMBYO,flashscore,E1,2425,2025-04-11,burnley,norwich,4.0,1.0,1.0,4.0,5.0,5.0
UVpNqW46,flashscore,F1,2425,2025-04-11,lens,reims,4.0,2.0,5.0,0.0,9.0,2.0
xEZibRB5,flashscore,I1,2425,2025-04-11,udinese,ac milan,1.0,6.0,4.0,1.0,5.0,7.0
6TNrAXcE,flashscore,I2,2425,2025-04-11,bari,palermo,4.0,1.0,3.0,3.0,7.0,4.0
ClL6XEKk,flashscore,N1,2425,2025-04-11,nijmegen,waalwijk,1.0,2.0,2.0,5.0,3.0,7.0
l2tiewv9,flashscore,P1,2425,2025-04-11,gil vicente,vitoria guimaraes,1.0,2.0,0.0,3.0,1.0,5.0
hMkg63jt,flashscore,RO1,2425,2025-04-11,fc hermannstadt,petrolul,2.0,1.0,10.0,2.0,12.0,3.0
URpI0aKH,flashscore,RO1,2425,2025-04-11,gloria buzau,poli iasi,1.0,0.0,4.0,3.0,5.0,3.0
E1Rn93ue,flashscore,SA1,2425,2025-04-11,al ettifaq,al hilal,5.0,2.0,1.0,7.0,6.0,9.0
KYnsTOWQ,flashscore,SA1,2425,2025-04-11,al raed,al ahli sc,2.0,1.0,1.0,3.0,3.0,4.0
6VKUJKgD,flashscore,SA1,2425,2025-04-11,al okhdood,al taawon,0.0,2.0,4.0,2.0,4.0,4.0
WU55TP7l,flashscore,SP1,2425,2025-04-11,valencia,sevilla,1.0,0.0,2.0,3.0,3.0,3.0
dzYr9fNs,flashscore,SP2,2425,2025-04-11,cordoba,levante,6.0,1.0,2.0,1.0,8.0,2.0
EkDzDMIG,flashscore,TR1,2425,2025-04-11,samsunspor,galatasaray,0.0,2.0,0.0,4.0,0.0,6.0
xY53fNOq,flashscore,B1,2425,2025-04-12,royale union sg,anderlecht,4.0,0.0,0.0,1.0,4.0,1.0
x6RmeFWi,flashscore,B1,2425,2025-04-12,st. truiden,cercle brugge ksv,5.0,3.0,0.0,1.0,5.0,4.0
pbP2XBvo,flashscore,B1,2425,2025-04-12,kortrijk,beerschot va,4.0,0.0,5.0,0.0,9.0,0.0
AwAZimhC,flashscore,B2,2425,2025-04-12,sporting lokeren,waregem,2.0,8.0,3.0,3.0,5.0,11.0
6oDIeVhm,flashscore,B2,2425,2025-04-12,eupen,seraing,4.0,5.0,1.0,3.0,5.0,8.0
6PTeRKLj,flashscore,D1,2425,2025-04-12,bayern munich,dortmund,4.0,2.0,2.0,3.0,6.0,5.0
ERlHY2TG,flashscore,D1,2425,2025-04-12,bayer leverkusen,union berlin,3.0,2.0,4.0,1.0,7.0,3.0
Gfmvvb5d,flashscore,D1,2425,2025-04-12,b. monchengladbach,freiburg,3.0,1.0,1.0,5.0,4.0,6.0
8lzQ11c3,flashscore,D1,2425,2025-04-12,bochum,augsburg,2.0,4.0,5.0,2.0,7.0,6.0
SUEjm2rA,flashscore,D1,2425,2025-04-12,hoffenheim,mainz,0.0,3.0,4.0,4.0,4.0,7.0
SjjRauSF,flashscore,D1,2425,2025-04-12,holstein kiel,st. pauli,2.0,2.0,1.0,1.0,3.0,3.0
4ErsfSS1,flashscore,D2,2425,2025-04-12,kaiserslautern,nurnberg,5.0,2.0,7.0,0.0,12.0,2.0
Ai7o5hy3,flashscore,D2,2425,2025-04-12,hannover,elversberg,1.0,0.0,4.0,5.0,5.0,5.0
bHuZelbk,flashscore,D2,2425,2025-04-12,hertha berlin,darmstadt,3.0,4.0,3.0,1.0,6.0,5.0
pALTHVK8,flashscore,D2,2425,2025-04-12,ulm,magdeburg,3.0,2.0,2.0,1.0,5.0,3.0
IyBTXpre,flashscore,E0,2425,2025-04-12,arsenal,brentford,10.0,2.0,3.0,3.0,13.0,5.0
viaxWOC7,flashscore,E0,2425,2025-04-12,brighton,leicester,2.0,2.0,1.0,4.0,3.0,6.0
QLxJr2dD,flashscore,E0,2425,2025-04-12,nottingham,everton,0.0,2.0,1.0,5.0,1.0,7.0
6HF565lK,flashscore,E0,2425,2025-04-12,southampton,aston villa,1.0,5.0,1.0,8.0,2.0,13.0
Odt2npcl,flashscore,E0,2425,2025-04-12,manchester city,crystal palace,1.0,1.0,0.0,3.0,1.0,4.0
40Bjj55e,flashscore,E1,2425,2025-04-12,cardiff,stoke,1.0,1.0,2.0,2.0,3.0,3.0
6BKHxXI5,flashscore,E1,2425,2025-04-12,luton,blackburn,4.0,0.0,5.0,2.0,9.0,2.0
EyOPzBmI,flashscore,E1,2425,2025-04-12,millwall,middlesbrough,0.0,2.0,2.0,2.0,2.0,4.0
jH1sgh3n,flashscore,E1,2425,2025-04-12,portsmouth,derby,4.0,2.0,2.0,1.0,6.0,3.0
nqejiWXb,flashscore,E1,2425,2025-04-12,qpr,bristol city,2.0,3.0,1.0,3.0,3.0,6.0
KdgbkA2B,flashscore,E1,2425,2025-04-12,sheffield wed,oxford utd,2.0,1.0,2.0,4.0,4.0,5.0
ba4alqz8,flashscore,E1,2425,2025-04-12,sunderland,swansea,1.0,1.0,3.0,0.0,4.0,1.0
GOn7mlXN,flashscore,E1,2425,2025-04-12,west brom,watford,1.0,3.0,2.0,3.0,3.0,6.0
AqR8vglg,flashscore,E1,2425,2025-04-12,leeds,preston,3.0,2.0,3.0,3.0,6.0,5.0
ziCYYlIU,flashscore,E1,2425,2025-04-12,plymouth,sheffield utd,0.0,4.0,3.0,5.0,3.0,9.0
U72zgzrK,flashscore,F1,2425,2025-04-12,strasbourg,nice,2.0,5.0,0.0,4.0,2.0,9.0
fwn0iN6F,flashscore,F1,2425,2025-04-12,toulouse,lille,1.0,0.0,3.0,2.0,4.0,2.0
joZVsAZI,flashscore,F1,2425,2025-04-12,monaco,marseille,0.0,2.0,4.0,2.0,4.0,4.0
U7CQs6RO,flashscore,I1,2425,2025-04-12,juventus,lecce,4.0,1.0,5.0,3.0,9.0,4.0
dtaJqSdC,flashscore,I1,2425,2025-04-12,inter,cagliari,1.0,1.0,4.0,5.0,5.0,6.0
rBx0d5tI,flashscore,I1,2425,2025-04-12,venezia,monza,2.0,3.0,1.0,1.0,3.0,4.0
Or5lHl5s,flashscore,I2,2425,2025-04-12,modena,sassuolo,3.0,0.0,3.0,1.0,6.0,1.0
nNkEBpZI,flashscore,I2,2425,2025-04-12,sampdoria,cittadella,2.0,0.0,3.0,0.0,5.0,0.0
SrCi8BSQ,flashscore,I2,2425,2025-04-12,carrarese,catanzaro,5.0,2.0,7.0,3.0,12.0,5.0
fgdW0TK0,flashscore,I2,2425,2025-04-12,cosenza,brescia,5.0,5.0,2.0,2.0,7.0,7.0
pbgcFSZg,flashscore,I2,2425,2025-04-12,reggiana,pisa,1.0,1.0,2.0,1.0,3.0,2.0
hOd5D646,flashscore,I2,2425,2025-04-12,salernitana,sudtirol,4.0,3.0,2.0,5.0,6.0,8.0
KEOEVhk2,flashscore,N1,2425,2025-04-12,nac breda,g.a. eagles,3.0,1.0,3.0,2.0,6.0,3.0
nRa9izCL,flashscore,N1,2425,2025-04-12,psv,almere city,5.0,1.0,6.0,2.0,11.0,3.0
6BttnEZr,flashscore,N1,2425,2025-04-12,sparta rotterdam,heerenveen,3.0,1.0,1.0,0.0,4.0,1.0
KjtSvcSF,flashscore,N1,2425,2025-04-12,sittard,feyenoord,3.0,3.0,2.0,4.0,5.0,7.0
zaGHtvPF,flashscore,P1,2425,2025-04-12,casa pia,fc porto,1.0,1.0,3.0,2.0,4.0,3.0
SYC9r0f3,flashscore,P1,2425,2025-04-12,santa clara,sporting cp,2.0,1.0,1.0,2.0,3.0,3.0
Uc9QvIgS,flashscore,P1,2425,2025-04-12,boavista,nacional,3.0,3.0,4.0,4.0,7.0,7.0
Mel5XZo2,flashscore,P1,2425,2025-04-12,famalicao,estoril,1.0,3.0,2.0,5.0,3.0,8.0
faw4nsEO,flashscore,RO1,2425,2025-04-12,u. cluj,dinamo bucuresti,1.0,0.0,4.0,0.0,5.0,0.0
EeYp2ivP,flashscore,RO1,2425,2025-04-12,sepsi sf. gheorghe,farul constanta,6.0,1.0,2.0,5.0,8.0,6.0
z7j3hTZ7,flashscore,RS1,2425,2025-04-12,crvena zvezda,partizan,1.0,0.0,5.0,1.0,6.0,1.0
fcrefk5e,flashscore,RS1,2425,2025-04-12,ofk beograd mozzart bet,radnicki 1923,1.0,2.0,1.0,0.0,2.0,2.0
bP7GsOoK,flashscore,SA1,2425,2025-04-12,al nassr,al riyadh,6.0,0.0,2.0,0.0,8.0,0.0
46ODN2fl,flashscore,SA1,2425,2025-04-12,al fayha,al qadsiah,1.0,4.0,1.0,7.0,2.0,11.0
C8qZUp2E,flashscore,SA1,2425,2025-04-12,al khaleej,al fateh,5.0,4.0,2.0,3.0,7.0,7.0
bNYvD4N7,flashscore,SP1,2425,2025-04-12,leganes,barcelona,3.0,5.0,1.0,3.0,4.0,8.0
lWk3c6E7,flashscore,SP1,2425,2025-04-12,celta vigo,espanyol,1.0,2.0,12.0,3.0,13.0,5.0
fVyOGnOr,flashscore,SP1,2425,2025-04-12,getafe,las palmas,1.0,0.0,2.0,2.0,3.0,2.0
CpPYYopR,flashscore,SP1,2425,2025-04-12,real sociedad,mallorca,3.0,1.0,5.0,1.0,8.0,2.0
bcVYHk6C,flashscore,SP2,2425,2025-04-12,oviedo,racing club ferrol,1.0,1.0,0.0,3.0,1.0,4.0
xnLAR2w9,flashscore,SP2,2425,2025-04-12,cadiz cf,elche,2.0,3.0,2.0,2.0,4.0,5.0
YuT73jiJ,flashscore,SP2,2425,2025-04-12,tenerife,burgos cf,4.0,1.0,5.0,0.0,9.0,1.0
jXRQJBy0,flashscore,SP2,2425,2025-04-12,zaragoza,eibar,3.0,3.0,5.0,0.0,8.0,3.0
jqbJv1I7,flashscore,SW1,2425,2025-04-12,zurich,basel,4.0,2.0,1.0,4.0,5.0,6.0
M362rqJr,flashscore,SW1,2425,2025-04-12,winterthur,lausanne,2.0,1.0,2.0,3.0,4.0,4.0
IVaBtNme,flashscore,SW1,2425,2025-04-12,yverdon,grasshoppers,1.0,2.0,2.0,0.0,3.0,2.0
f9Y9RLX9,flashscore,TR1,2425,2025-04-12,besiktas,basaksehir,1.0,4.0,2.0,2.0,3.0,6.0
6mhF5vBj,flashscore,TR1,2425,2025-04-12,bodrumspor,antalyaspor,0.0,1.0,3.0,0.0,3.0,1.0
Ygp1Ts3c,flashscore,TR1,2425,2025-04-12,konyaspor,goztepe,3.0,1.0,1.0,5.0,4.0,6.0
Cb8U6BCT,flashscore,TR2,2425,2025-04-12,sanliurfaspor,amedspor,1.0,2.0,4.0,3.0,5.0,5.0
rH17Cz0k,flashscore,TR2,2425,2025-04-12,istanbulspor as,keciorengucu,2.0,0.0,5.0,3.0,7.0,3.0
OlnpANPM,flashscore,B1,2425,2025-04-13,dender,st. liege,1.0,2.0,2.0,3.0,3.0,5.0
QgnbG4o3,flashscore,B1,2425,2025-04-13,club brugge kv,genk,1.0,3.0,0.0,3.0,1.0,6.0
jylxCqeA,flashscore,B1,2425,2025-04-13,kv mechelen,leuven,4.0,2.0,4.0,1.0,8.0,3.0
bmfCh1gd,flashscore,B1,2425,2025-04-13,antwerp,gent,3.0,0.0,1.0,2.0,4.0,2.0
08YiAU7t,flashscore,B2,2425,2025-04-13,francs borains,anderlecht u23,1.0,3.0,2.0,1.0,3.0,4.0
WhbrjRMO,flashscore,B2,2425,2025-04-13,rfc liege,genk u23,3.0,4.0,5.0,5.0,8.0,9.0
2aRhuA86,flashscore,B2,2425,2025-04-13,beveren,club brugge kv u23,8.0,3.0,3.0,1.0,11.0,4.0
MXBrkODc,flashscore,D1,2425,2025-04-13,eintracht frankfurt,heidenheim,3.0,2.0,2.0,1.0,5.0,3.0
AgrQWtbT,flashscore,D1,2425,2025-04-13,stuttgart,werder bremen,2.0,2.0,1.0,2.0,3.0,4.0
6J0f3W5F,flashscore,D2,2425,2025-04-13,paderborn,dusseldorf,3.0,1.0,1.0,1.0,4.0,2.0
j9m1aN4s,flashscore,D2,2425,2025-04-13,preussen munster,karlsruher sc,4.0,5.0,4.0,1.0,8.0,6.0
nysAc1Zg,flashscore,D2,2425,2025-04-13,regensburg,schalke,2.0,2.0,2.0,6.0,4.0,8.0
QZsE2JrL,flashscore,DK1,2425,2025-04-13,nordsjaelland,randers fc,3.0,2.0,2.0,4.0,5.0,6.0
I9v64uE8,flashscore,DK1,2425,2025-04-13,aarhus,midtjylland,1.0,9.0,2.0,1.0,3.0,10.0
tr494cb2,flashscore,DK1,2425,2025-04-13,fc copenhagen,brondby,3.0,3.0,4.0,1.0,7.0,4.0
KhDy0KNF,flashscore,DK1,2425,2025-04-13,viborg,silkeborg,5.0,0.0,2.0,2.0,7.0,2.0
KOZApOR0,flashscore,E0,2425,2025-04-13,newcastle,manchester utd,5.0,1.0,2.0,1.0,7.0,2.0
Wb1NgS4E,flashscore,E0,2425,2025-04-13,chelsea,ipswich,6.0,0.0,9.0,4.0,15.0,4.0
SQfWi6ZQ,flashscore,E0,2425,2025-04-13,liverpool,west ham,4.0,1.0,6.0,2.0,10.0,3.0
x06y1qCs,flashscore,E0,2425,2025-04-13,wolves,tottenham,0.0,1.0,1.0,3.0,1.0,4.0
Mi2tXhL0,flashscore,F1,2425,2025-04-13,auxerre,lyon,2.0,3.0,1.0,3.0,3.0,6.0
M5sFohzf,flashscore,F1,2425,2025-04-13,angers,montpellier,4.0,1.0,2.0,0.0,6.0,1.0
0xEXYEjl,flashscore,F1,2425,2025-04-13,le havre,rennes,3.0,1.0,1.0,2.0,4.0,3.0
Qwl6mE5s,flashscore,F1,2425,2025-04-13,st etienne,brest,2.0,6.0,5.0,3.0,7.0,9.0
8Ysy29Ct,flashscore,I1,2425,2025-04-13,lazio,as roma,6.0,2.0,4.0,3.0,10.0,5.0
8GQVhWZP,flashscore,I1,2425,2025-04-13,como,torino,4.0,1.0,3.0,3.0,7.0,4.0
S072mAcm,flashscore,I1,2425,2025-04-13,fiorentina,parma,1.0,2.0,1.0,0.0,2.0,2.0
zRAAolSa,flashscore,I1,2425,2025-04-13,verona,genoa,1.0,2.0,5.0,0.0,6.0,2.0
GMwpVSsJ,flashscore,I1,2425,2025-04-13,atalanta,bologna,2.0,3.0,2.0,2.0,4.0,5.0
h0EIMAsK,flashscore,I2,2425,2025-04-13,mantova,spezia,3.0,1.0,5.0,0.0,8.0,1.0
bR2N2kjl,flashscore,I2,2425,2025-04-13,cesena,frosinone,4.0,4.0,2.0,1.0,6.0,5.0
S6fva7kD,flashscore,I2,2425,2025-04-13,cremonese,juve stabia,0.0,1.0,7.0,2.0,7.0,3.0
vPvlph4e,flashscore,N1,2425,2025-04-13,willem ii,ajax,0.0,7.0,1.0,4.0,1.0,11.0
h4vzwycS,flashscore,N1,2425,2025-04-13,heracles,az alkmaar,4.0,2.0,2.0,1.0,6.0,3.0
0A11gds9,flashscore,N1,2425,2025-04-13,zwolle,twente,3.0,3.0,1.0,7.0,4.0,10.0
vsYJtJc3,flashscore,N1,2425,2025-04-13,utrecht,groningen,2.0,2.0,0.0,1.0,2.0,3.0
nwzNKd2d,flashscore,P1,2425,2025-04-13,moreirense,rio ave,1.0,0.0,1.0,2.0,2.0,2.0
QTfdZeHk,flashscore,P1,2425,2025-04-13,benfica,arouca,9.0,1.0,2.0,4.0,11.0,5.0
AHUagH8L,flashscore,P1,2425,2025-04-13,braga,afs,2.0,0.0,5.0,3.0,7.0,3.0
vDWEMIXq,flashscore,P1,2425,2025-04-13,estrela,sc farense,3.0,2.0,4.0,1.0,7.0,3.0
8rudl3qC,flashscore,RO1,2425,2025-04-13,univ. craiova,fcsb,4.0,2.0,3.0,2.0,7.0,4.0
QZm14sLh,flashscore,RO1,2425,2025-04-13,unirea slobozia,uta arad,4.0,1.0,3.0,2.0,7.0,3.0
t81isLmS,flashscore,RS1,2425,2025-04-13,imt novi beograd,sp. subotica,4.0,1.0,4.0,1.0,8.0,2.0
OSWcEAdR,flashscore,RS1,2425,2025-04-13,vojvodina,mladost,1.0,3.0,0.0,2.0,1.0,5.0
S0wkGWRE,flashscore,RS1,2425,2025-04-13,tsc,novi pazar,4.0,3.0,6.0,2.0,10.0,5.0
KhDrqsJF,flashscore,RS1,2425,2025-04-13,cukaricki,radnicki nis,2.0,4.0,4.0,0.0,6.0,4.0
2wUeDDHj,flashscore,SP1,2425,2025-04-13,ath bilbao,rayo vallecano,2.0,0.0,5.0,1.0,7.0,1.0
OrFjZfvA,flashscore,SP1,2425,2025-04-13,betis,villarreal,1.0,4.0,4.0,1.0,5.0,5.0
jcVWEQhe,flashscore,SP1,2425,2025-04-13,alaves,real madrid,2.0,3.0,2.0,1.0,4.0,4.0
vJBRz8FE,flashscore,SP1,2425,2025-04-13,osasuna,girona,2.0,2.0,2.0,2.0,4.0,4.0
C8TO3ao2,flashscore,SP2,2425,2025-04-13,almeria,fc cartagena sad,6.0,1.0,4.0,0.0,10.0,1.0
40yi7Yif,flashscore,SP2,2425,2025-04-13,eldense,gijon,3.0,2.0,8.0,2.0,11.0,4.0
UHwILX6m,flashscore,SP2,2425,2025-04-13,mirandes,dep. la coruna,3.0,2.0,2.0,1.0,5.0,3.0
bZnnRgqQ,flashscore,SP2,2425,2025-04-13,racing santander,castellon,5.0,4.0,3.0,5.0,8.0,9.0
GtzG5LGk,flashscore,SP2,2425,2025-04-13,albacete,granada cf,2.0,2.0,2.0,1.0,4.0,3.0
xh660ruR,flashscore,SW1,2425,2025-04-13,luzern,young boys,0.0,1.0,5.0,3.0,5.0,4.0
MPsweM2l,flashscore,SW1,2425,2025-04-13,sion,servette,1.0,9.0,1.0,3.0,2.0,12.0
UR2b24AE,flashscore,SW1,2425,2025-04-13,lugano,st. gallen,2.0,6.0,5.0,3.0,7.0,9.0
pKOXh1Rp,flashscore,TR1,2425,2025-04-13,sivasspor,fenerbahce,2.0,4.0,3.0,2.0,5.0,6.0
QF1KG4Ji,flashscore,TR1,2425,2025-04-13,trabzonspor,rizespor,2.0,4.0,2.0,1.0,4.0,5.0
n3BrB0mT,flashscore,TR1,2425,2025-04-13,gaziantep,hatayspor,1.0,4.0,3.0,6.0,4.0,10.0
Yu5SErl4,flashscore,TR1,2425,2025-04-13,kayserispor,kasimpasa,1.0,1.0,2.0,7.0,3.0,8.0
SUK15JhM,flashscore,TR2,2425,2025-04-13,ankaragucu,boluspor,2.0,0.0,1.0,0.0,3.0,0.0
dKTJLvw3,flashscore,TR2,2425,2025-04-13,corum,manisa fk,1.0,2.0,0.0,2.0,1.0,4.0
O06XacGq,flashscore,TR2,2425,2025-04-13,karagumruk,genclerbirligi,1.0,1.0,2.0,2.0,3.0,3.0
tEb01kzi,flashscore,TR2,2425,2025-04-13,sakaryaspor,pendikspor,0.0,3.0,2.0,4.0,2.0,7.0
GK6pbbhS,flashscore,DK1,2425,2025-04-14,sonderjyske,vejle,6.0,4.0,1.0,2.0,7.0,6.0
AB7LZ6Dr,flashscore,E0,2425,2025-04-14,bournemouth,fulham,5.0,3.0,1.0,6.0,6.0,9.0
xWS0tFJt,flashscore,E1,2425,2025-04-14,hull,coventry,3.0,3.0,4.0,4.0,7.0,7.0
tntq0msg,flashscore,I1,2425,2025-04-14,napoli,empoli,3.0,3.0,2.0,2.0,5.0,5.0
YP8E6pat,flashscore,RO1,2425,2025-04-14,cfr cluj,fc rapid bucuresti,1.0,3.0,2.0,1.0,3.0,4.0
M1sA2Lk5,flashscore,RO1,2425,2025-04-14,fc botosani,otelul,1.0,0.0,5.0,2.0,6.0,2.0
8IoWZxt2,flashscore,RS1,2425,2025-04-14,zeleznicar pancevo,jedinstvo u.,2.0,2.0,0.0,3.0,2.0,5.0
CjhNyaBk,flashscore,RS1,2425,2025-04-14,napredak,tekstilac odzaci,2.0,3.0,3.0,0.0,5.0,3.0
UqMsyH9c,flashscore,SP1,2425,2025-04-14,atl. madrid,valladolid,2.0,1.0,3.0,0.0,5.0,1.0
0SUa5CM6,flashscore,SP2,2425,2025-04-14,huesca,malaga,2.0,1.0,6.0,1.0,8.0,2.0
EyY1bN3N,flashscore,TR1,2425,2025-04-14,eyupspor,adana demirspor,2.0,5.0,3.0,2.0,5.0,7.0
QaLzIdxS,flashscore,TR2,2425,2025-04-14,adanaspor as,erzurumspor,1.0,3.0,7.0,1.0,8.0,4.0
OxOp91gc,flashscore,TR2,2425,2025-04-14,kocaelispor,yeni malatyaspor,6.0,0.0,4.0,0.0,10.0,0.0
IZHSJI7F,flashscore,TR2,2425,2025-04-14,umraniyespor,erokspor,2.0,2.0,3.0,4.0,5.0,6.0
W2Rh7uO9,flashscore,TR2,2425,2025-04-14,bandirmaspor,igdir fk,1.0,4.0,3.0,5.0,4.0,9.0
CjhGhxGk,flashscore,DK1,2425,2025-04-16,silkeborg,aalborg,0.0,4.0,1.0,0.0,1.0,4.0
tW9QWPoQ,flashscore,E0,2425,2025-04-16,newcastle,crystal palace,3.0,2.0,2.0,2.0,5.0,4.0
IXMheyye,flashscore,DK1,2425,2025-04-17,midtjylland,fc copenhagen,1.0,2.0,2.0,3.0,3.0,5.0
pKOpcc6r,flashscore,DK1,2425,2025-04-17,randers fc,aarhus,4.0,4.0,3.0,3.0,7.0,7.0
8IoPjGp2,flashscore,DK1,2425,2025-04-17,lyngby,sonderjyske,1.0,4.0,4.0,1.0,5.0,5.0
YewBEJx9,flashscore,DK1,2425,2025-04-17,vejle,viborg,2.0,1.0,4.0,4.0,6.0,5.0
pp8Ulugm,flashscore,SA1,2425,2025-04-17,al fateh,al ittihad,3.0,2.0,0.0,5.0,3.0,7.0
nkt4YJ86,flashscore,SA1,2425,2025-04-17,al hilal,al khaleej,5.0,2.0,4.0,2.0,9.0,4.0
fZ7gqyNO,flashscore,SA1,2425,2025-04-17,al shabab,al okhdood,1.0,6.0,2.0,4.0,3.0,10.0
I9lmx29s,flashscore,SA1,2425,2025-04-17,al ettifaq,al riyadh,1.0,2.0,0.0,5.0,1.0,7.0
QFJH4QyI,flashscore,B2,2425,2025-04-18,anderlecht u23,beveren,0.0,3.0,3.0,3.0,3.0,6.0
UmQ86n75,flashscore,B2,2425,2025-04-18,club brugge kv u23,francs borains,5.0,0.0,1.0,2.0,6.0,2.0
I7Rq8arA,flashscore,B2,2425,2025-04-18,genk u23,k. lierse s.k.,4.0,2.0,2.0,1.0,6.0,3.0
UooknILj,flashscore,B2,2425,2025-04-18,lommel sk,raal la louviere,1.0,2.0,0.0,1.0,1.0,3.0
A56O0Hzp,flashscore,B2,2425,2025-04-18,patro eisden,eupen,1.0,3.0,1.0,2.0,2.0,5.0
EZKh6wDM,flashscore,B2,2425,2025-04-18,seraing,sporting lokeren,0.0,5.0,0.0,1.0,0.0,6.0
dzS088xg,flashscore,B2,2425,2025-04-18,waregem,rwdm brussels,2.0,4.0,1.0,2.0,3.0,6.0
xzwfgF57,flashscore,DK1,2425,2025-04-18,brondby,nordsjaelland,7.0,2.0,4.0,4.0,11.0,6.0
EZhc2Hcc,flashscore,E1,2425,2025-04-18,oxford utd,leeds,2.0,3.0,0.0,2.0,2.0,5.0
jgioCnSE,flashscore,E1,2425,2025-04-18,sheffield utd,cardiff,1.0,0.0,5.0,1.0,6.0,1.0
pvwwrSfo,flashscore,E1,2425,2025-04-18,blackburn,millwall,1.0,5.0,7.0,1.0,8.0,6.0
S22NkvEi,flashscore,E1,2425,2025-04-18,bristol city,sunderland,1.0,2.0,4.0,0.0,5.0,2.0
zT5VmIr4,flashscore,E1,2425,2025-04-18,coventry,west brom,3.0,1.0,2.0,4.0,5.0,5.0
48cnpzrT,flashscore,E1,2425,2025-04-18,middlesbrough,plymouth,4.0,1.0,7.0,0.0,11.0,1.0
nT0BvE5j,flashscore,E1,2425,2025-04-18,norwich,portsmouth,4.0,2.0,2.0,3.0,6.0,5.0
zks60eS9,flashscore,E1,2425,2025-04-18,preston,qpr,3.0,1.0,1.0,3.0,4.0,4.0
tl9wrmCr,flashscore,E1,2425,2025-04-18,stoke,sheffield wed,1.0,0.0,1.0,4.0,2.0,4.0
nLpfAQdR,flashscore,E1,2425,2025-04-18,swansea,hull,2.0,1.0,2.0,6.0,4.0,7.0
McHotRte,flashscore,E1,2425,2025-04-18,watford,burnley,2.0,0.0,2.0,1.0,4.0,1.0
WfavndDG,flashscore,E1,2425,2025-04-18,derby,luton,3.0,3.0,6.0,1.0,9.0,4.0
WOIn9nYH,flashscore,F1,2425,2025-04-18,rennes,nantes,3.0,2.0,7.0,0.0,10.0,2.0
4vjZ7GNE,flashscore,P1,2425,2025-04-18,sporting cp,moreirense,3.0,0.0,1.0,2.0,4.0,2.0
KjGVmeWr,flashscore,P1,2425,2025-04-18,fc porto,famalicao,3.0,2.0,1.0,3.0,4.0,5.0
fLW5k87m,flashscore,P1,2425,2025-04-18,rio ave,santa clara,3.0,2.0,3.0,2.0,6.0,4.0
zuhu47Mt,flashscore,P1,2425,2025-04-18,sc farense,boavista,2.0,2.0,2.0,2.0,4.0,4.0
jsZQbwkU,flashscore,RO1,2425,2025-04-18,uta arad,sepsi sf. gheorghe,5.0,5.0,1.0,2.0,6.0,7.0
lx1iFbZA,flashscore,RO1,2425,2025-04-18,otelul,unirea slobozia,4.0,7.0,3.0,0.0,7.0,7.0
lEMbf1VP,flashscore,SA1,2425,2025-04-18,al qadsiah,al nassr,3.0,1.0,1.0,5.0,4.0,6.0
tC1wmJNa,flashscore,SA1,2425,2025-04-18,al ahli sc,al fayha,3.0,3.0,2.0,1.0,5.0,4.0
QZieztvf,flashscore,SA1,2425,2025-04-18,al kholood,damac,4.0,2.0,5.0,1.0,9.0,3.0
GxrkL96E,flashscore,SP1,2425,2025-04-18,espanyol,getafe,2.0,7.0,4.0,1.0,6.0,8.0
U5ilTzWA,flashscore,SP2,2425,2025-04-18,castellon,almeria,2.0,2.0,1.0,1.0,3.0,3.0
6ooSLhOp,flashscore,SP2,2425,2025-04-18,gijon,mirandes,4.0,3.0,0.0,3.0,4.0,6.0
A3gSuChK,flashscore,TR1,2425,2025-04-18,galatasaray,bodrumspor,11.0,1.0,5.0,0.0,16.0,1.0
EH9PLj1l,flashscore,TR1,2425,2025-04-18,hatayspor,konyaspor,1.0,0.0,1.0,3.0,2.0,3.0
pMyPQQKa,flashscore,TR2,2425,2025-04-18,manisa fk,ankaragucu,3.0,1.0,2.0,4.0,5.0,5.0
r9X0Aiy3,flashscore,B1,2425,2025-04-19,st. liege,westerlo,3.0,2.0,4.0,3.0,7.0,5.0
0p8G2uId,flashscore,B1,2425,2025-04-19,charleroi,kv mechelen,0.0,5.0,5.0,0.0,5.0,5.0
hK4841mp,flashscore,B1,2425,2025-04-19,leuven,dender,6.0,1.0,1.0,3.0,7.0,4.0
lr2e3EY7,flashscore,D1,2425,2025-04-19,union berlin,stuttgart,2.0,2.0,1.0,3.0,3.0,5.0
0IT7CIBL,flashscore,D1,2425,2025-04-19,freiburg,hoffenheim,1.0,1.0,1.0,5.0,2.0,6.0
SEYDjyk2,flashscore,D1,2425,2025-04-19,heidenheim,bayern munich,1.0,1.0,3.0,3.0,4.0,4.0
SSDn5z4e,flashscore,D1,2425,2025-04-19,mainz,wolfsburg,1.0,4.0,6.0,1.0,7.0,5.0
zHgZcJdS,flashscore,D1,2425,2025-04-19,rb leipzig,holstein kiel,2.0,4.0,7.0,3.0,9.0,7.0
S4VaEvs9,flashscore,D1,2425,2025-04-19,werder bremen,bochum,1.0,5.0,1.0,2.0,2.0,7.0
jVOyC0lm,flashscore,D2,2425,2025-04-19,schalke,hamburger sv,2.0,0.0,2.0,2.0,4.0,2.0
jq4AQa3t,flashscore,D2,2425,2025-04-19,braunschweig,kaiserslautern,2.0,1.0,4.0,2.0,6.0,3.0
beSqAvJa,flashscore,D2,2425,2025-04-19,elversberg,dusseldorf,5.0,0.0,2.0,0.0,7.0,0.0
v5zh8ImC,flashscore,D2,2425,2025-04-19,nurnberg,paderborn,0.0,3.0,3.0,4.0,3.0,7.0
YRapaNtf,flashscore,E0,2425,2025-04-19,aston villa,newcastle,5.0,4.0,2.0,3.0,7.0,7.0
6ubhc1B6,flashscore,E0,2425,2025-04-19,brentford,brighton,0.0,4.0,4.0,3.0,4.0,7.0
QsEgeutJ,flashscore,E0,2425,2025-04-19,crystal palace,bournemouth,1.0,3.0,4.0,1.0,5.0,4.0
hl6uJrYP,flashscore,E0,2425,2025-04-19,everton,manchester city,1.0,3.0,1.0,2.0,2.0,5.0
KG1fDD14,flashscore,E0,2425,2025-04-19,west ham,southampton,0.0,2.0,2.0,3.0,2.0,5.0
fJNNEj4t,flashscore,F1,2425,2025-04-19,marseille,montpellier,3.0,0.0,4.0,2.0,7.0,2.0
bBKvB835,flashscore,F1,2425,2025-04-19,monaco,strasbourg,1.0,2.0,2.0,0.0,3.0,2.0
j5cDfmJO,flashscore,F1,2425,2025-04-19,psg,le havre,6.0,0.0,1.0,3.0,7.0,3.0
I1UAAe1S,flashscore,I1,2425,2025-04-19,as roma,verona,2.0,2.0,2.0,4.0,4.0,6.0
URIfEw23,flashscore,I1,2425,2025-04-19,monza,napoli,2.0,6.0,4.0,1.0,6.0,7.0
t6x0hdup,flashscore,I1,2425,2025-04-19,lecce,como,5.0,4.0,4.0,0.0,9.0,4.0
dM2D9Tl4,flashscore,N1,2425,2025-04-19,heerenveen,almere city,3.0,0.0,1.0,3.0,4.0,3.0
KSHVq4yP,flashscore,P1,2425,2025-04-19,vitoria guimaraes,benfica,3.0,1.0,4.0,2.0,7.0,3.0
GI9vnZ0e,flashscore,P1,2425,2025-04-19,arouca,estrela,1.0,2.0,3.0,2.0,4.0,4.0
O0OMoQ6C,flashscore,P1,2425,2025-04-19,estoril,braga,1.0,1.0,0.0,1.0,1.0,2.0
lW7npDV7,flashscore,P1,2425,2025-04-19,afs,casa pia,2.0,0.0,1.0,4.0,3.0,4.0
GzLEmnx0,flashscore,P1,2425,2025-04-19,nacional,gil vicente,4.0,0.0,5.0,0.0,9.0,0.0
fDIx1tTH,flashscore,RO1,2425,2025-04-19,fc rapid bucuresti,u. cluj,5.0,3.0,5.0,0.0,10.0,3.0
Kd9zJtzn,flashscore,RO1,2425,2025-04-19,farul constanta,fc hermannstadt,1.0,3.0,3.0,0.0,4.0,3.0
YJJpochC,flashscore,SA1,2425,2025-04-19,al taawon,al wehda,6.0,1.0,3.0,1.0,9.0,2.0
Y5vCWcwJ,flashscore,SA1,2425,2025-04-19,al orubah,al raed,5.0,3.0,4.0,2.0,9.0,5.0
ALQvrPMs,flashscore,SP1,2425,2025-04-19,las palmas,atl. madrid,2.0,4.0,2.0,0.0,4.0,4.0
I75Nhty0,flashscore,SP1,2425,2025-04-19,mallorca,leganes,1.0,2.0,3.0,2.0,4.0,4.0
4r4DR3x1,flashscore,SP1,2425,2025-04-19,barcelona,celta vigo,2.0,0.0,2.0,1.0,4.0,1.0
0AcMPs7D,flashscore,SP1,2425,2025-04-19,rayo vallecano,valencia,1.0,1.0,4.0,1.0,5.0,2.0
hdOsGTzP,flashscore,SP2,2425,2025-04-19,burgos cf,cadiz cf,2.0,1.0,1.0,1.0,3.0,2.0
0QaXWIWo,flashscore,SP2,2425,2025-04-19,levante,zaragoza,0.0,3.0,3.0,3.0,3.0,6.0
KWsPS6KU,flashscore,SP2,2425,2025-04-19,huesca,racing santander,1.0,4.0,1.0,4.0,2.0,8.0
MD9eRE0N,flashscore,SP2,2425,2025-04-19,racing club ferrol,eldense,1.0,4.0,0.0,3.0,1.0,7.0
Olvfiv2D,flashscore,SW1,2425,2025-04-19,grasshoppers,winterthur,2.0,3.0,2.0,2.0,4.0,5.0
UqYhRCwR,flashscore,TR1,2425,2025-04-19,goztepe,besiktas,3.0,1.0,2.0,2.0,5.0,3.0
zRlj7ine,flashscore,TR1,2425,2025-04-19,adana demirspor,trabzonspor,1.0,1.0,1.0,3.0,2.0,4.0
vaes9DHr,flashscore,TR1,2425,2025-04-19,kasimpasa,sivasspor,4.0,2.0,8.0,2.0,12.0,4.0
bibrEmyf,flashscore,TR2,2425,2025-04-19,amedspor,corum,3.0,2.0,4.0,3.0,7.0,5.0
tzjaA5zJ,flashscore,TR2,2425,2025-04-19,boluspor,karagumruk,0.0,1.0,0.0,7.0,0.0,8.0
GUaFAEU1,flashscore,TR2,2425,2025-04-19,pendikspor,sanliurfaspor,4.0,2.0,5.0,3.0,9.0,5.0
YTxoY8SP,flashscore,TR2,2425,2025-04-19,erzurumspor,istanbulspor as,4.0,5.0,4.0,0.0,8.0,5.0
CjKo708k,flashscore,B1,2425,2025-04-20,gent,club brugge kv,3.0,2.0,0.0,3.0,3.0,5.0
h6wFCMpS,flashscore,B1,2425,2025-04-20,genk,royale union sg,1.0,2.0,4.0,2.0,5.0,4.0
Khu7ErGF,flashscore,B1,2425,2025-04-20,anderlecht,antwerp,3.0,1.0,4.0,3.0,7.0,4.0
fuksRHQE,flashscore,D1,2425,2025-04-20,st. pauli,bayer leverkusen,0.0,2.0,4.0,2.0,4.0,4.0
KlV5hcKk,flashscore,D1,2425,2025-04-20,dortmund,b. monchengladbach,0.0,2.0,6.0,0.0,6.0,2.0
K2Av7dZr,flashscore,D1,2425,2025-04-20,augsburg,eintracht frankfurt,2.0,3.0,1.0,6.0,3.0,9.0
vieJgJYI,flashscore,D2,2425,2025-04-20,darmstadt,hannover,4.0,2.0,0.0,6.0,4.0,8.0
KluIeu46,flashscore,D2,2425,2025-04-20,fc koln,preussen munster,2.0,4.0,3.0,8.0,5.0,12.0
6cm5HMQP,flashscore,D2,2425,2025-04-20,karlsruher sc,greuther furth,2.0,3.0,2.0,2.0,4.0,5.0
CIYa6dIO,flashscore,D2,2425,2025-04-20,magdeburg,regensburg,3.0,3.0,2.0,3.0,5.0,6.0
b97IOwYh,flashscore,D2,2425,2025-04-20,ulm,hertha berlin,6.0,2.0,4.0,1.0,10.0,3.0
hpjqdBMs,flashscore,DK1,2425,2025-04-20,aalborg,sonderjyske,4.0,4.0,5.0,2.0,9.0,6.0
QegS9veC,flashscore,E0,2425,2025-04-20,leicester,liverpool,0.0,7.0,1.0,6.0,1.0,13.0
xMsCDMem,flashscore,E0,2425,2025-04-20,fulham,chelsea,3.0,1.0,2.0,3.0,5.0,4.0
pnoKB0Qa,flashscore,E0,2425,2025-04-20,ipswich,arsenal,0.0,3.0,0.0,9.0,0.0,12.0
drGaiWvo,flashscore,E0,2425,2025-04-20,manchester utd,wolves,4.0,0.0,5.0,2.0,9.0,2.0
drMH5DRP,flashscore,F1,2425,2025-04-20,st etienne,lyon,4.0,1.0,4.0,5.0,8.0,6.0
lt1dbVJa,flashscore,F1,2425,2025-04-20,brest,lens,1.0,2.0,6.0,4.0,7.0,6.0
GS2l0ikm,flashscore,F1,2425,2025-04-20,nice,angers,1.0,1.0,3.0,1.0,4.0,2.0
2qRVCUYh,flashscore,F1,2425,2025-04-20,reims,toulouse,0.0,7.0,0.0,2.0,0.0,9.0
p8f5d9lC,flashscore,F1,2425,2025-04-20,lille,auxerre,6.0,1.0,2.0,3.0,8.0,4.0
lWu8jzAd,flashscore,I1,2425,2025-04-20,ac milan,atalanta,2.0,2.0,5.0,3.0,7.0,5.0
2akYwcQj,flashscore,I1,2425,2025-04-20,bologna,inter,2.0,4.0,3.0,2.0,5.0,6.0
QXzTavmA,flashscore,I1,2425,2025-04-20,empoli,venezia,2.0,3.0,0.0,2.0,2.0,5.0
YJkNbCzn,flashscore,N1,2425,2025-04-20,utrecht,ajax,1.0,2.0,0.0,9.0,1.0,11.0
6w7M4OTh,flashscore,RO1,2425,2025-04-20,fcsb,cfr cluj,0.0,5.0,2.0,2.0,2.0,7.0
p4f0Dx4N,flashscore,RO1,2425,2025-04-20,poli iasi,fc botosani,1.0,1.0,1.0,6.0,2.0,7.0
Qmk8moaK,flashscore,SP1,2425,2025-04-20,real madrid,ath bilbao,5.0,1.0,9.0,0.0,14.0,1.0
dhHEf26m,flashscore,SP1,2425,2025-04-20,sevilla,alaves,2.0,2.0,1.0,4.0,3.0,6.0
Q9Qr0OrQ,flashscore,SP1,2425,2025-04-20,villarreal,real sociedad,6.0,4.0,4.0,0.0,10.0,4.0
nRL3xLjJ,flashscore,SP1,2425,2025-04-20,valladolid,osasuna,4.0,1.0,1.0,1.0,5.0,2.0
C0e8WlL5,flashscore,SP2,2425,2025-04-20,dep. la coruna,tenerife,2.0,4.0,6.0,3.0,8.0,7.0
YwbuVd1b,flashscore,SP2,2425,2025-04-20,elche,albacete,3.0,1.0,2.0,4.0,5.0,5.0
4zh0YAjg,flashscore,SP2,2425,2025-04-20,cordoba,oviedo,4.0,1.0,9.0,1.0,13.0,2.0
88bizXLt,flashscore,SP2,2425,2025-04-20,fc cartagena sad,granada cf,2.0,3.0,0.0,2.0,2.0,5.0
8vmb5VG7,flashscore,TR1,2425,2025-04-20,fenerbahce,kayserispor,5.0,0.0,7.0,0.0,12.0,0.0
OnVpTY8E,flashscore,TR1,2425,2025-04-20,rizespor,eyupspor,2.0,4.0,7.0,2.0,9.0,6.0
MsDXJUV0,flashscore,TR1,2425,2025-04-20,basaksehir,gaziantep,2.0,1.0,3.0,0.0,5.0,1.0
Wxr2YHM8,flashscore,TR2,2425,2025-04-20,genclerbirligi,bandirmaspor,1.0,3.0,5.0,0.0,6.0,3.0
xxAZF96s,flashscore,TR2,2425,2025-04-20,erokspor,kocaelispor,0.0,4.0,2.0,2.0,2.0,6.0
6yQXO4kC,flashscore,TR2,2425,2025-04-20,keciorengucu,umraniyespor,2.0,2.0,4.0,4.0,6.0,6.0
p8djCR56,flashscore,TR2,2425,2025-04-20,yeni malatyaspor,adanaspor as,0.0,2.0,1.0,3.0,1.0,5.0
QeJlFdSQ,flashscore,DK1,2425,2025-04-21,fc copenhagen,aarhus,2.0,2.0,2.0,3.0,4.0,5.0
4tVuHIcE,flashscore,DK1,2425,2025-04-21,brondby,randers fc,2.0,1.0,3.0,0.0,5.0,1.0
0Agifkif,flashscore,DK1,2425,2025-04-21,vejle,silkeborg,1.0,3.0,4.0,4.0,5.0,7.0
dxm0hTL6,flashscore,DK1,2425,2025-04-21,viborg,lyngby,3.0,2.0,3.0,3.0,6.0,5.0
CjbnFZWi,flashscore,E0,2425,2025-04-21,tottenham,nottingham,3.0,1.0,4.0,0.0,7.0,1.0
OjkB5sA6,flashscore,E1,2425,2025-04-21,burnley,sheffield utd,1.0,3.0,2.0,1.0,3.0,4.0
I3yQ44Kl,flashscore,E1,2425,2025-04-21,cardiff,oxford utd,1.0,0.0,3.0,0.0,4.0,0.0
fBFgv5B7,flashscore,E1,2425,2025-04-21,hull,preston,6.0,3.0,3.0,3.0,9.0,6.0
AJct283E,flashscore,E1,2425,2025-04-21,leeds,stoke,1.0,0.0,4.0,1.0,5.0,1.0
Iq1l0nYQ,flashscore,E1,2425,2025-04-21,luton,bristol city,1.0,1.0,2.0,3.0,3.0,4.0
2HxLfQel,flashscore,E1,2425,2025-04-21,millwall,norwich,2.0,2.0,3.0,2.0,5.0,4.0
lYzTh4Q0,flashscore,E1,2425,2025-04-21,plymouth,coventry,3.0,3.0,0.0,1.0,3.0,4.0
p0UyireD,flashscore,E1,2425,2025-04-21,portsmouth,watford,1.0,1.0,5.0,2.0,6.0,3.0
vJPY2rk1,flashscore,E1,2425,2025-04-21,qpr,swansea,1.0,2.0,4.0,1.0,5.0,3.0
xfHNEomK,flashscore,E1,2425,2025-04-21,sheffield wed,middlesbrough,3.0,1.0,2.0,5.0,5.0,6.0
dvbf9PAs,flashscore,E1,2425,2025-04-21,sunderland,blackburn,8.0,2.0,2.0,0.0,10.0,2.0
2y1273uf,flashscore,E1,2425,2025-04-21,west brom,derby,2.0,3.0,2.0,0.0,4.0,3.0
250V22b5,flashscore,RO1,2425,2025-04-21,dinamo bucuresti,univ. craiova,4.0,3.0,4.0,2.0,8.0,5.0
GO2qHK4b,flashscore,RO1,2425,2025-04-21,petrolul,gloria buzau,7.0,2.0,2.0,2.0,9.0,4.0
vuNhuSLj,flashscore,SA1,2425,2025-04-21,al ittihad,al ettifaq,1.0,6.0,2.0,2.0,3.0,8.0
pbm33v8t,flashscore,SA1,2425,2025-04-21,al hilal,al shabab,2.0,3.0,2.0,5.0,4.0,8.0
EDNevsM6,flashscore,SP1,2425,2025-04-21,girona,betis,4.0,4.0,4.0,5.0,8.0,9.0
YFqHUSkI,flashscore,SP2,2425,2025-04-21,eibar,malaga,2.0,1.0,0.0,6.0,2.0,7.0
Ukoog0X0,flashscore,SW1,2425,2025-04-21,basel,yverdon,1.0,1.0,1.0,2.0,2.0,3.0
GrRuFsfK,flashscore,SW1,2425,2025-04-21,lausanne,lugano,4.0,2.0,1.0,5.0,5.0,7.0
zT7C9LHs,flashscore,SW1,2425,2025-04-21,servette,luzern,2.0,6.0,3.0,0.0,5.0,6.0
rgBK7anf,flashscore,SW1,2425,2025-04-21,st. gallen,sion,4.0,2.0,4.0,3.0,8.0,5.0
48aT5wH6,flashscore,SW1,2425,2025-04-21,young boys,zurich,5.0,5.0,2.0,6.0,7.0,11.0
I96tI80D,flashscore,TR1,2425,2025-04-21,alanyaspor,samsunspor,3.0,1.0,2.0,0.0,5.0,1.0
hEJHSnjm,flashscore,TR2,2425,2025-04-21,igdir fk,sakaryaspor,5.0,1.0,4.0,1.0,9.0,2.0
t4Fm1mbk,flashscore,B1,2425,2025-04-22,dender,charleroi,2.0,1.0,1.0,5.0,3.0,6.0
pYTH69zS,flashscore,B1,2425,2025-04-22,kv mechelen,westerlo,3.0,1.0,4.0,4.0,7.0,5.0
jZz98V5F,flashscore,B1,2425,2025-04-22,st. liege,leuven,3.0,2.0,1.0,3.0,4.0,5.0
dvAK9zjl,flashscore,DK1,2425,2025-04-22,nordsjaelland,midtjylland,2.0,1.0,2.0,6.0,4.0,7.0
tjEpOUFM,flashscore,E0,2425,2025-04-22,manchester city,aston villa,2.0,1.0,8.0,1.0,10.0,2.0
UH5lVWkD,flashscore,F1,2425,2025-04-22,nantes,psg,1.0,3.0,3.0,1.0,4.0,4.0
KElJeK2L,flashscore,RS1,2425,2025-04-22,tekstilac odzaci,zeleznicar pancevo,4.0,3.0,3.0,1.0,7.0,4.0
CCTclxee,flashscore,RS1,2425,2025-04-22,radnicki nis,imt novi beograd,2.0,2.0,0.0,1.0,2.0,3.0
EwuKad75,flashscore,SA1,2425,2025-04-22,al wehda,al ahli sc,3.0,1.0,5.0,3.0,8.0,4.0
tQtC1Ixg,flashscore,SA1,2425,2025-04-22,damac,al nassr,4.0,6.0,1.0,2.0,5.0,8.0
Mgim91Lt,flashscore,SP1,2425,2025-04-22,barcelona,mallorca,8.0,0.0,5.0,2.0,13.0,2.0
AyybJmyR,flashscore,SP1,2425,2025-04-22,valencia,espanyol,1.0,2.0,5.0,2.0,6.0,4.0
0C0tTsV8,flashscore,B1,2425,2025-04-23,anderlecht,gent,3.0,1.0,1.0,3.0,4.0,4.0
KGNg5vw2,flashscore,B1,2425,2025-04-23,antwerp,genk,2.0,1.0,3.0,3.0,5.0,4.0
SnlB9V0T,flashscore,E0,2425,2025-04-23,arsenal,crystal palace,1.0,4.0,2.0,2.0,3.0,6.0
U5sK10Ic,flashscore,I1,2425,2025-04-23,cagliari,fiorentina,3.0,2.0,1.0,2.0,4.0,4.0
boZzbIHM,flashscore,I1,2425,2025-04-23,genoa,lazio,2.0,6.0,4.0,2.0,6.0,8.0
xhM2CHWF,flashscore,I1,2425,2025-04-23,parma,juventus,4.0,3.0,0.0,6.0,4.0,9.0
EXFt5ZOk,flashscore,I1,2425,2025-04-23,torino,udinese,6.0,2.0,2.0,5.0,8.0,7.0
lfbWdVm1,flashscore,N1,2425,2025-04-23,groningen,heracles,1.0,4.0,2.0,1.0,3.0,5.0
fBNT8lKl,flashscore,RS1,2425,2025-04-23,radnicki 1923,crvena zvezda,5.0,9.0,1.0,6.0,6.0,15.0
GQBx7Sl1,flashscore,RS1,2425,2025-04-23,partizan,ofk beograd mozzart bet,5.0,4.0,0.0,8.0,5.0,12.0
2sAp56JD,flashscore,RS1,2425,2025-04-23,mladost,tsc,5.0,2.0,3.0,3.0,8.0,5.0
KIvVCIxK,flashscore,RS1,2425,2025-04-23,novi pazar,vojvodina,1.0,2.0,2.0,0.0,3.0,2.0
S03m19rA,flashscore,SA1,2425,2025-04-23,al khaleej,al qadsiah,2.0,5.0,0.0,8.0,2.0,13.0
IVsSgRzp,flashscore,SA1,2425,2025-04-23,al kholood,al okhdood,1.0,2.0,1.0,2.0,2.0,4.0
YueLczxI,flashscore,SA1,2425,2025-04-23,al riyadh,al fateh,2.0,4.0,1.0,4.0,3.0,8.0
lSTUh1hc,flashscore,SP1,2425,2025-04-23,alaves,real sociedad,1.0,4.0,5.0,2.0,6.0,6.0
n1xD3ckI,flashscore,SP1,2425,2025-04-23,getafe,real madrid,2.0,3.0,2.0,1.0,4.0,4.0
QX8VjK5C,flashscore,SP1,2425,2025-04-23,ath bilbao,las palmas,3.0,0.0,0.0,3.0,3.0,3.0
Qol45JK5,flashscore,SP1,2425,2025-04-23,celta vigo,villarreal,0.0,2.0,6.0,1.0,6.0,3.0
YwEmRLaL,flashscore,B1,2425,2025-04-24,club brugge kv,royale union sg,0.0,2.0,2.0,0.0,2.0,2.0
U3bMtY57,flashscore,B1,2425,2025-04-24,patro eisden,beveren,3.0,2.0,1.0,4.0,4.0,6.0
Yy5Drfye,flashscore,B1,2425,2025-04-24,sporting lokeren,rwdm brussels,1.0,1.0,2.0,3.0,3.0,4.0
M7dve9ID,flashscore,N1,2425,2025-04-24,twente,psv,2.0,4.0,1.0,1.0,3.0,5.0
hS4NbiJl,flashscore,N1,2425,2025-04-24,az alkmaar,nac breda,5.0,2.0,5.0,2.0,10.0,4.0
0CYHctY8,flashscore,RS1,2425,2025-04-24,jedinstvo u.,cukaricki,3.0,2.0,2.0,5.0,5.0,7.0
jcukjbQr,flashscore,RS1,2425,2025-04-24,sp. subotica,napredak,3.0,1.0,3.0,4.0,6.0,5.0
Kz0u3VDc,flashscore,SA1,2425,2025-04-24,al taawon,al raed,2.0,3.0,4.0,7.0,6.0,10.0
MaddamDM,flashscore,SA1,2425,2025-04-24,al orubah,al fayha,1.0,5.0,2.0,2.0,3.0,7.0
6sHwkbzP,flashscore,SP1,2425,2025-04-24,atl. madrid,rayo vallecano,4.0,0.0,2.0,3.0,6.0,3.0
ILpd7ujg,flashscore,SP1,2425,2025-04-24,betis,valladolid,1.0,3.0,3.0,1.0,4.0,4.0
MuSxiuN9,flashscore,SP1,2425,2025-04-24,leganes,girona,1.0,3.0,3.0,2.0,4.0,5.0
WjapokZj,flashscore,SP1,2425,2025-04-24,osasuna,sevilla,0.0,0.0,4.0,4.0,4.0,4.0
YXKdgg14,flashscore,B1,2425,2025-04-25,beerschot va,kortrijk,0.0,3.0,1.0,6.0,1.0,9.0
Mg5N6mu0,flashscore,D1,2425,2025-04-25,stuttgart,heidenheim,2.0,2.0,4.0,3.0,6.0,5.0
EoH0yHHb,flashscore,D2,2425,2025-04-25,greuther furth,ulm,1.0,3.0,6.0,1.0,7.0,4.0
KrK8ZfnB,flashscore,D2,2425,2025-04-25,hertha berlin,magdeburg,2.0,4.0,2.0,0.0,4.0,4.0
jw3T7EK0,flashscore,DK1,2425,2025-04-25,randers fc,brondby,3.0,6.0,2.0,4.0,5.0,10.0
zPFJWJ85,flashscore,E1,2425,2025-04-25,stoke,sheffield utd,2.0,3.0,6.0,0.0,8.0,3.0
xzJtRKg3,flashscore,F1,2425,2025-04-25,psg,nice,9.0,0.0,8.0,0.0,17.0,0.0
KWixXi1d,flashscore,I2,2425,2025-04-25,cesena,sassuolo,5.0,1.0,3.0,2.0,8.0,3.0
0SUOfeg3,flashscore,I2,2425,2025-04-25,cremonese,mantova,1.0,1.0,3.0,2.0,4.0,3.0
06glrI9c,flashscore,I2,2425,2025-04-25,bari,modena,3.0,1.0,5.0,2.0,8.0,3.0
dYnctdvA,flashscore,I2,2425,2025-04-25,brescia,pisa,0.0,1.0,10.0,3.0,10.0,4.0
Uoo5vz9M,flashscore,I2,2425,2025-04-25,carrarese,sampdoria,1.0,3.0,4.0,3.0,5.0,6.0
2iRuiDhS,flashscore,I2,2425,2025-04-25,reggiana,cittadella,2.0,2.0,2.0,2.0,4.0,4.0
bNCBoiGk,flashscore,I2,2425,2025-04-25,salernitana,cosenza,2.0,5.0,3.0,6.0,5.0,11.0
8hYWhZNF,flashscore,I2,2425,2025-04-25,frosinone,spezia,2.0,1.0,0.0,5.0,2.0,6.0
n3RunZjt,flashscore,N1,2425,2025-04-25,feyenoord,zwolle,0.0,1.0,1.0,2.0,1.0,3.0
GrJdrij5,flashscore,N1,2425,2025-04-25,waalwijk,utrecht,2.0,1.0,3.0,4.0,5.0,5.0
rRILbX1b,flashscore,P1,2425,2025-04-25,famalicao,braga,2.0,4.0,4.0,5.0,6.0,9.0
0UaV7GRp,flashscore,RO1,2425,2025-04-25,sepsi sf. gheorghe,otelul,1.0,2.0,4.0,3.0,5.0,5.0
pIZYRyJG,flashscore,RO1,2425,2025-04-25,unirea slobozia,poli iasi,6.0,1.0,0.0,5.0,6.0,6.0
2XUUuEFG,flashscore,SP2,2425,2025-04-25,cadiz cf,gijon,1.0,4.0,0.0,1.0,1.0,5.0
Gv7FUopJ,flashscore,TR1,2425,2025-04-25,besiktas,hatayspor,4.0,2.0,0.0,2.0,4.0,4.0
6oJ4iXVG,flashscore,B1,2425,2025-04-26,cercle brugge ksv,st. truiden,1.0,0.0,2.0,3.0,3.0,3.0
OQDG4M4s,flashscore,B1,2425,2025-04-26,charleroi,dender,5.0,0.0,4.0,3.0,9.0,3.0
4x1rNUK8,flashscore,B1,2425,2025-04-26,westerlo,kv mechelen,2.0,1.0,2.0,3.0,4.0,4.0
xW8daRS1,flashscore,B1,2425,2025-04-26,leuven,st. liege,2.0,0.0,1.0,2.0,3.0,2.0
OI1v35vP,flashscore,D1,2425,2025-04-26,eintracht frankfurt,rb leipzig,6.0,3.0,2.0,1.0,8.0,4.0
lt7F89Am,flashscore,D1,2425,2025-04-26,bayer leverkusen,augsburg,1.0,1.0,2.0,6.0,3.0,7.0
ILbW4R9C,flashscore,D1,2425,2025-04-26,bayern munich,mainz,2.0,0.0,2.0,4.0,4.0,4.0
UaEn7Hjt,flashscore,D1,2425,2025-04-26,hoffenheim,dortmund,1.0,2.0,1.0,3.0,2.0,5.0
CIvCaikU,flashscore,D1,2425,2025-04-26,holstein kiel,b. monchengladbach,5.0,3.0,2.0,5.0,7.0,8.0
YiB33Zk5,flashscore,D1,2425,2025-04-26,wolfsburg,freiburg,0.0,2.0,3.0,0.0,3.0,2.0
KOeRMH25,flashscore,D2,2425,2025-04-26,dusseldorf,nurnberg,4.0,0.0,3.0,0.0,7.0,0.0
IJNiwwmn,flashscore,D2,2425,2025-04-26,paderborn,elversberg,1.0,6.0,1.0,1.0,2.0,7.0
CtamSCvo,flashscore,D2,2425,2025-04-26,preussen munster,darmstadt,1.0,3.0,1.0,2.0,2.0,5.0
SlszjGWi,flashscore,D2,2425,2025-04-26,regensburg,braunschweig,5.0,0.0,2.0,1.0,7.0,1.0
nXUs49Oj,flashscore,E0,2425,2025-04-26,brighton,west ham,1.0,0.0,7.0,1.0,8.0,1.0
QNkHI8wp,flashscore,E0,2425,2025-04-26,newcastle,ipswich,7.0,2.0,4.0,0.0,11.0,2.0
ldyCvj03,flashscore,E0,2425,2025-04-26,southampton,fulham,0.0,7.0,0.0,6.0,0.0,13.0
M9ZJxUUF,flashscore,E0,2425,2025-04-26,wolves,leicester,3.0,1.0,1.0,1.0,4.0,2.0
vRHTRCGc,flashscore,E0,2425,2025-04-26,chelsea,everton,4.0,0.0,6.0,2.0,10.0,2.0
Wj9SUcwI,flashscore,E1,2425,2025-04-26,blackburn,watford,2.0,4.0,2.0,2.0,4.0,6.0
Cpwt1MJD,flashscore,E1,2425,2025-04-26,cardiff,west brom,4.0,3.0,5.0,2.0,9.0,5.0
WGhJ3LvJ,flashscore,E1,2425,2025-04-26,hull,derby,4.0,3.0,1.0,0.0,5.0,3.0
l8ixKtPa,flashscore,E1,2425,2025-04-26,middlesbrough,norwich,4.0,2.0,6.0,1.0,10.0,3.0
SfWkhnht,flashscore,E1,2425,2025-04-26,millwall,swansea,4.0,3.0,0.0,4.0,4.0,7.0
dYfpIKgC,flashscore,E1,2425,2025-04-26,oxford utd,sunderland,3.0,2.0,0.0,4.0,3.0,6.0
ImqgGbOO,flashscore,E1,2425,2025-04-26,preston,plymouth,6.0,2.0,3.0,0.0,9.0,2.0
2BHBYuvg,flashscore,E1,2425,2025-04-26,sheffield wed,portsmouth,3.0,3.0,2.0,1.0,5.0,4.0
reMyM2fm,flashscore,E1,2425,2025-04-26,luton,coventry,7.0,0.0,11.0,2.0,18.0,2.0
8CO2z29t,flashscore,E1,2425,2025-04-26,qpr,burnley,0.0,4.0,2.0,2.0,2.0,6.0
6FAcNxgS,flashscore,F1,2425,2025-04-26,lyon,rennes,3.0,0.0,4.0,2.0,7.0,2.0
xxlm7Q2U,flashscore,F1,2425,2025-04-26,le havre,monaco,1.0,0.0,2.0,6.0,3.0,6.0
S0TdRTmn,flashscore,F1,2425,2025-04-26,strasbourg,st etienne,2.0,3.0,3.0,5.0,5.0,8.0
27Bl0PL5,flashscore,P1,2425,2025-04-26,estrela,fc porto,4.0,4.0,1.0,7.0,5.0,11.0
vgCUdBWA,flashscore,P1,2425,2025-04-26,gil vicente,sc farense,1.0,0.0,3.0,1.0,4.0,1.0
nJFxek1N,flashscore,P1,2425,2025-04-26,santa clara,arouca,1.0,3.0,2.0,2.0,3.0,5.0
2Ju4H1Db,flashscore,RO1,2425,2025-04-26,u. cluj,univ. craiova,8.0,2.0,2.0,3.0,10.0,5.0
tQxIVJJi,flashscore,RO1,2425,2025-04-26,fc hermannstadt,uta arad,3.0,4.0,3.0,2.0,6.0,6.0
0WUYkkWa,flashscore,RS1,2425,2025-04-26,imt novi beograd,tekstilac odzaci,5.0,1.0,0.0,2.0,5.0,3.0
6PXxzqqe,flashscore,SP2,2425,2025-04-26,granada cf,elche,2.0,2.0,2.0,0.0,4.0,2.0
K89eN5ak,flashscore,SP2,2425,2025-04-26,mirandes,burgos cf,5.0,0.0,0.0,1.0,5.0,1.0
8UkjqmM8,flashscore,SP2,2425,2025-04-26,eldense,cordoba,5.0,3.0,0.0,1.0,5.0,4.0
UcJXeQ5E,flashscore,SP2,2425,2025-04-26,oviedo,levante,2.0,0.0,1.0,4.0,3.0,4.0
YiwEqdGi,flashscore,SP2,2425,2025-04-26,albacete,fc cartagena sad,8.0,1.0,3.0,1.0,11.0,2.0
UsXlqoaC,flashscore,TR1,2425,2025-04-26,bodrumspor,samsunspor,1.0,3.0,8.0,3.0,9.0,6.0
naFbYTpf,flashscore,TR1,2425,2025-04-26,gaziantep,fenerbahce,0.0,3.0,1.0,5.0,1.0,8.0
MHTto7Ua,flashscore,TR1,2425,2025-04-26,sivasspor,antalyaspor,3.0,2.0,3.0,2.0,6.0,4.0
rTH2oF3k,flashscore,B1,2425,2025-04-27,beveren,patro eisden,3.0,0.0,1.0,1.0,4.0,1.0
veBBqgY1,flashscore,B1,2425,2025-04-27,rwdm brussels,sporting lokeren,6.0,2.0,5.0,0.0,11.0,2.0
M3nyIHM7,flashscore,B1,2425,2025-04-27,royale union sg,club brugge kv,1.0,3.0,4.0,2.0,5.0,5.0
QygSJwhe,flashscore,B1,2425,2025-04-27,genk,antwerp,2.0,0.0,4.0,1.0,6.0,1.0
hOfKLaNr,flashscore,B1,2425,2025-04-27,gent,anderlecht,0.0,4.0,2.0,5.0,2.0,9.0
xQHf5eLh,flashscore,D1,2425,2025-04-27,werder bremen,st. pauli,0.0,3.0,1.0,0.0,1.0,3.0
659B1DKH,flashscore,D1,2425,2025-04-27,bochum,union berlin,6.0,2.0,4.0,2.0,10.0,4.0
6ufZKeXH,flashscore,D2,2425,2025-04-27,hamburger sv,karlsruher sc,2.0,1.0,2.0,0.0,4.0,1.0
27mrJZ1U,flashscore,D2,2425,2025-04-27,hannover,fc koln,3.0,1.0,2.0,3.0,5.0,4.0
tb8HXYGN,flashscore,D2,2425,2025-04-27,kaiserslautern,schalke,2.0,2.0,3.0,6.0,5.0,8.0
vaqOTesK,flashscore,DK1,2425,2025-04-27,midtjylland,nordsjaelland,5.0,0.0,3.0,2.0,8.0,2.0
Oj1y6hkD,flashscore,DK1,2425,2025-04-27,aarhus,fc copenhagen,2.0,0.0,4.0,0.0,6.0,0.0
fq5nEArQ,flashscore,DK1,2425,2025-04-27,lyngby,silkeborg,2.0,3.0,2.0,3.0,4.0,6.0
Uko8j7jJ,flashscore,DK1,2425,2025-04-27,sonderjyske,viborg,0.0,3.0,3.0,0.0,3.0,3.0
zgBxQjoA,flashscore,E0,2425,2025-04-27,liverpool,tottenham,2.0,2.0,6.0,0.0,8.0,2.0
tWk3BiWG,flashscore,E0,2425,2025-04-27,bournemouth,manchester utd,1.0,3.0,4.0,7.0,5.0,10.0
p0MlPbOF,flashscore,F1,2425,2025-04-27,marseille,brest,3.0,2.0,1.0,1.0,4.0,3.0
lExn5wXq,flashscore,F1,2425,2025-04-27,lens,auxerre,4.0,0.0,4.0,1.0,8.0,1.0
dtLDNomB,flashscore,F1,2425,2025-04-27,montpellier,reims,2.0,1.0,3.0,4.0,5.0,5.0
lGH5P7Ib,flashscore,F1,2425,2025-04-27,nantes,toulouse,1.0,2.0,2.0,3.0,3.0,5.0
MRzf3H1d,flashscore,F1,2425,2025-04-27,angers,lille,2.0,1.0,5.0,1.0,7.0,2.0
Aa9k3Dg2,flashscore,I1,2425,2025-04-27,atalanta,lecce,5.0,2.0,7.0,1.0,12.0,3.0
080PLtRQ,flashscore,I1,2425,2025-04-27,napoli,torino,1.0,2.0,1.0,3.0,2.0,5.0
xzTWFjw8,flashscore,I1,2425,2025-04-27,juventus,monza,0.0,0.0,0.0,5.0,0.0,5.0
bLkpPfGL,flashscore,I1,2425,2025-04-27,fiorentina,empoli,0.0,4.0,1.0,2.0,1.0,6.0
4MUOHC8e,flashscore,I1,2425,2025-04-27,inter,as roma,2.0,1.0,2.0,2.0,4.0,3.0
x61yRGo9,flashscore,I1,2425,2025-04-27,como,genoa,4.0,0.0,2.0,3.0,6.0,3.0
h6u4EbJ0,flashscore,I1,2425,2025-04-27,venezia,ac milan,3.0,1.0,4.0,1.0,7.0,2.0
C6lUYDWq,flashscore,I2,2425,2025-04-27,catanzaro,palermo,1.0,1.0,2.0,1.0,3.0,2.0
fk6KqVp2,flashscore,I2,2425,2025-04-27,sudtirol,juve stabia,4.0,4.0,0.0,2.0,4.0,6.0
MqEi4DeR,flashscore,N1,2425,2025-04-27,almere city,g.a. eagles,6.0,1.0,7.0,1.0,13.0,2.0
0UPr6ZQE,flashscore,N1,2425,2025-04-27,ajax,sparta rotterdam,3.0,1.0,8.0,3.0,11.0,4.0
O8M4tVKH,flashscore,N1,2425,2025-04-27,heerenveen,nijmegen,6.0,2.0,1.0,3.0,7.0,5.0
fTUmpDLh,flashscore,N1,2425,2025-04-27,sittard,willem ii,3.0,2.0,1.0,3.0,4.0,5.0
Wn35dsLU,flashscore,P1,2425,2025-04-27,boavista,sporting cp,2.0,3.0,1.0,2.0,3.0,5.0
Wji9kTOp,flashscore,P1,2425,2025-04-27,benfica,afs,6.0,2.0,4.0,2.0,10.0,4.0
ADKD0gXo,flashscore,P1,2425,2025-04-27,vitoria guimaraes,rio ave,5.0,0.0,4.0,1.0,9.0,1.0
OMacb3jI,flashscore,P1,2425,2025-04-27,moreirense,nacional,1.0,2.0,1.0,3.0,2.0,5.0
GS6oaKcU,flashscore,RO1,2425,2025-04-27,fc rapid bucuresti,fcsb,3.0,2.0,1.0,1.0,4.0,3.0
G4d69T2k,flashscore,RO1,2425,2025-04-27,gloria buzau,fc botosani,4.0,3.0,0.0,1.0,4.0,4.0
IDMH3Ea6,flashscore,RS1,2425,2025-04-27,vojvodina,tsc,0.0,2.0,3.0,2.0,3.0,4.0
GlQ07d0s,flashscore,RS1,2425,2025-04-27,partizan,radnicki 1923,0.0,5.0,3.0,2.0,3.0,7.0
CGJ95zVg,flashscore,RS1,2425,2025-04-27,crvena zvezda,ofk beograd mozzart bet,0.0,6.0,2.0,1.0,2.0,7.0
EgwRcF8j,flashscore,SP1,2425,2025-04-27,villarreal,espanyol,4.0,2.0,4.0,4.0,8.0,6.0
2iRoYMD7,flashscore,SP2,2425,2025-04-27,zaragoza,huesca,1.0,0.0,4.0,1.0,5.0,1.0
SYC3LqU1,flashscore,SP2,2425,2025-04-27,malaga,castellon,3.0,1.0,0.0,5.0,3.0,6.0
YBZUy5Er,flashscore,SP2,2425,2025-04-27,tenerife,eibar,5.0,0.0,1.0,4.0,6.0,4.0
GfgbsRjL,flashscore,SP2,2425,2025-04-27,racing santander,dep. la coruna,2.0,3.0,0.0,5.0,2.0,8.0
UJl2hkxQ,flashscore,TR1,2425,2025-04-27,eyupspor,galatasaray,1.0,3.0,2.0,2.0,3.0,5.0
8E37W7F6,flashscore,TR1,2425,2025-04-27,kayserispor,rizespor,0.0,2.0,1.0,5.0,1.0,7.0
vZBjzjGs,flashscore,TR1,2425,2025-04-27,konyaspor,adana demirspor,4.0,0.0,7.0,0.0,11.0,0.0
QkzYnTam,flashscore,TR1,2425,2025-04-27,trabzonspor,alanyaspor,1.0,1.0,1.0,3.0,2.0,4.0
EN4GZL3U,flashscore,TR2,2425,2025-04-27,adanaspor as,genclerbirligi,3.0,4.0,1.0,6.0,4.0,10.0
prDaw445,flashscore,TR2,2425,2025-04-27,ankaragucu,corum,1.0,3.0,0.0,3.0,1.0,6.0
4npQgPln,flashscore,TR2,2425,2025-04-27,bandirmaspor,erokspor,4.0,3.0,1.0,4.0,5.0,7.0
E1TuNrKO,flashscore,TR2,2425,2025-04-27,istanbulspor as,pendikspor,2.0,2.0,1.0,4.0,3.0,6.0
SQUklLIN,flashscore,TR2,2425,2025-04-27,karagumruk,keciorengucu,3.0,2.0,3.0,2.0,6.0,4.0
h8G7yrZH,flashscore,TR2,2425,2025-04-27,kocaelispor,boluspor,2.0,4.0,3.0,2.0,5.0,6.0
WbysjslB,flashscore,TR2,2425,2025-04-27,sakaryaspor,erzurumspor,0.0,7.0,3.0,5.0,3.0,12.0
bowZi3Jb,flashscore,TR2,2425,2025-04-27,sanliurfaspor,manisa fk,1.0,0.0,0.0,0.0,1.0,0.0
hSbjsn5t,flashscore,TR2,2425,2025-04-27,umraniyespor,amedspor,2.0,2.0,2.0,3.0,4.0,5.0
QucbuQZh,flashscore,TR2,2425,2025-04-27,yeni malatyaspor,igdir fk,2.0,6.0,1.0,6.0,3.0,12.0
QReI8l6m,flashscore,DK1,2425,2025-04-28,aalborg,vejle,2.0,5.0,3.0,3.0,5.0,8.0
nPz6ROWP,flashscore,E1,2425,2025-04-28,leeds,bristol city,7.0,0.0,4.0,1.0,11.0,1.0
fBcHN2dE,flashscore,I1,2425,2025-04-28,lazio,parma,1.0,0.0,4.0,1.0,5.0,1.0
8fyGJYwq,flashscore,I1,2425,2025-04-28,verona,cagliari,1.0,3.0,1.0,0.0,2.0,3.0
ptxdGKll,flashscore,I1,2425,2025-04-28,udinese,bologna,3.0,0.0,2.0,6.0,5.0,6.0
6ineJNrn,flashscore,RO1,2425,2025-04-28,dinamo bucuresti,cfr cluj,4.0,3.0,2.0,0.0,6.0,3.0
ljtQTcl4,flashscore,RO1,2425,2025-04-28,petrolul,farul constanta,2.0,5.0,2.0,0.0,4.0,5.0
KxX5nGP7,flashscore,RS1,2425,2025-04-28,zeleznicar pancevo,radnicki nis,2.0,0.0,0.0,4.0,2.0,4.0
vTAQ1hUI,flashscore,RS1,2425,2025-04-28,mladost,novi pazar,0.0,3.0,5.0,2.0,5.0,5.0
YHEhAJHE,flashscore,RS1,2425,2025-04-28,cukaricki,sp. subotica,5.0,1.0,3.0,3.0,8.0,4.0
44yQiB1m,flashscore,RS1,2425,2025-04-28,napredak,jedinstvo u.,3.0,1.0,0.0,1.0,3.0,2.0
jcLcsPTO,flashscore,TR1,2425,2025-04-28,goztepe,basaksehir,4.0,2.0,3.0,2.0,7.0,4.0
fs8t2oig,flashscore,P1,2425,2025-04-29,casa pia,estoril,3.0,1.0,1.0,3.0,4.0,4.0
UJWMszo4,flashscore,SP2,2425,2025-04-29,almeria,racing club ferrol,6.0,2.0,0.0,4.0,6.0,6.0
8dSVwaqR,flashscore,B1,2425,2025-05-01,club brugge kv,gent,3.0,2.0,6.0,1.0,9.0,3.0
nsvNuLEE,flashscore,B1,2425,2025-05-01,antwerp,anderlecht,7.0,2.0,2.0,0.0,9.0,2.0
YmgPGn8d,flashscore,E0,2425,2025-05-01,nottingham,brentford,1.0,2.0,3.0,3.0,4.0,5.0
dftxbL5C,flashscore,I2,2425,2025-05-01,sassuolo,carrarese,3.0,1.0,3.0,4.0,6.0,5.0
Meb67Yx9,flashscore,I2,2425,2025-05-01,cittadella,brescia,3.0,1.0,0.0,1.0,3.0,2.0
rBnF5C7L,flashscore,I2,2425,2025-05-01,cosenza,bari,0.0,2.0,2.0,2.0,2.0,4.0
zNtgbUae,flashscore,I2,2425,2025-05-01,mantova,cesena,4.0,1.0,0.0,4.0,4.0,5.0
8zu1d8U7,flashscore,I2,2425,2025-05-01,modena,reggiana,1.0,2.0,0.0,6.0,1.0,8.0
OrNmKBME,flashscore,I2,2425,2025-05-01,palermo,sudtirol,1.0,0.0,2.0,3.0,3.0,3.0
SElL136m,flashscore,I2,2425,2025-05-01,pisa,frosinone,1.0,1.0,2.0,2.0,3.0,3.0
lUxUasy0,flashscore,I2,2425,2025-05-01,sampdoria,cremonese,1.0,1.0,0.0,2.0,1.0,3.0
hMZpdazP,flashscore,I2,2425,2025-05-01,spezia,salernitana,3.0,2.0,4.0,5.0,7.0,7.0
vemp0jVr,flashscore,I2,2425,2025-05-01,juve stabia,catanzaro,3.0,0.0,0.0,9.0,3.0,9.0
SrAH4rk2,flashscore,SA1,2425,2025-05-01,al fateh,al shabab,2.0,5.0,3.0,7.0,5.0,12.0
Ecyyh55d,flashscore,SA1,2425,2025-05-01,al okhdood,al wehda,1.0,1.0,5.0,1.0,6.0,2.0
zoVxCQdS,flashscore,SA1,2425,2025-05-01,al riyadh,al orubah,3.0,2.0,2.0,2.0,5.0,4.0
AsCO20Zg,flashscore,B1,2425,2025-05-02,westerlo,dender,7.0,3.0,1.0,2.0,8.0,5.0
WMBxGCZA,flashscore,D1,2425,2025-05-02,heidenheim,bochum,1.0,2.0,5.0,2.0,6.0,4.0
j5ckrPUr,flashscore,D2,2425,2025-05-02,magdeburg,preussen munster,4.0,1.0,3.0,2.0,7.0,3.0
0zJAk7x9,flashscore,D2,2425,2025-05-02,schalke,paderborn,3.0,3.0,3.0,5.0,6.0,8.0
AszfOZ4s,flashscore,DK1,2425,2025-05-02,randers fc,nordsjaelland,1.0,2.0,2.0,2.0,3.0,4.0
OCxRmFfE,flashscore,E0,2425,2025-05-02,manchester city,wolves,3.0,2.0,1.0,3.0,4.0,5.0
4AxOwbw9,flashscore,F1,2425,2025-05-02,nice,reims,4.0,2.0,1.0,1.0,5.0,3.0
zNzNQS8N,flashscore,I1,2425,2025-05-02,torino,venezia,0.0,0.0,5.0,1.0,5.0,1.0
l6vK7SpT,flashscore,P1,2425,2025-05-02,fc porto,moreirense,3.0,2.0,6.0,0.0,9.0,2.0
QHpq8czo,flashscore,RO1,2425,2025-05-02,univ. craiova,fc rapid bucuresti,6.0,2.0,4.0,0.0,10.0,2.0
z7C777X1,flashscore,RO1,2425,2025-05-02,poli iasi,sepsi sf. gheorghe,0.0,1.0,1.0,2.0,1.0,3.0
QJqqKZqm,flashscore,RS1,2425,2025-05-02,ofk beograd mozzart bet,vojvodina,6.0,3.0,3.0,0.0,9.0,3.0
2JHVDnSF,flashscore,SA1,2425,2025-05-02,al qadsiah,al kholood,5.0,2.0,1.0,1.0,6.0,3.0
lleCQPBL,flashscore,SA1,2425,2025-05-02,al fayha,damac,5.0,2.0,2.0,2.0,7.0,4.0
YLWrL3Zr,flashscore,SA1,2425,2025-05-02,al ettifaq,al khaleej,2.0,2.0,0.0,1.0,2.0,3.0
Yg2idzak,flashscore,SP1,2425,2025-05-02,rayo vallecano,getafe,2.0,1.0,5.0,2.0,7.0,3.0
I16dLtZP,flashscore,SP2,2425,2025-05-02,cordoba,cadiz cf,3.0,1.0,7.0,1.0,10.0,2.0
Gd0j1JKc,flashscore,TR1,2425,2025-05-02,antalyaspor,konyaspor,3.0,2.0,1.0,4.0,4.0,6.0
vuJ1Yx7l,flashscore,B1,2425,2025-05-03,royale union sg,genk,1.0,1.0,3.0,1.0,4.0,2.0
695X0v46,flashscore,B1,2425,2025-05-03,leuven,kv mechelen,3.0,4.0,3.0,1.0,6.0,5.0
0nywZOFk,flashscore,B1,2425,2025-05-03,cercle brugge ksv,kortrijk,6.0,0.0,1.0,2.0,7.0,2.0
6y8YmqE8,flashscore,B1,2425,2025-05-03,sporting lokeren,patro eisden,2.0,0.0,4.0,0.0,6.0,0.0
Od8UHY4b,flashscore,D1,2425,2025-05-03,dortmund,wolfsburg,3.0,1.0,1.0,2.0,4.0,3.0
pQyCUBl4,flashscore,D1,2425,2025-05-03,b. monchengladbach,hoffenheim,3.0,2.0,1.0,5.0,4.0,7.0
2sKLJfzn,flashscore,D1,2425,2025-05-03,rb leipzig,bayern munich,2.0,4.0,0.0,3.0,2.0,7.0
hdOSQTmT,flashscore,D1,2425,2025-05-03,st. pauli,stuttgart,3.0,0.0,1.0,4.0,4.0,4.0
6uQKSkJG,flashscore,D1,2425,2025-05-03,union berlin,werder bremen,2.0,4.0,3.0,1.0,5.0,5.0
02urlf14,flashscore,D2,2425,2025-05-03,fc koln,regensburg,5.0,1.0,3.0,0.0,8.0,1.0
nXjbt3ae,flashscore,D2,2425,2025-05-03,braunschweig,dusseldorf,2.0,2.0,2.0,1.0,4.0,3.0
6FArnYVG,flashscore,D2,2425,2025-05-03,darmstadt,hamburger sv,1.0,3.0,3.0,2.0,4.0,5.0
fcf6vsU7,flashscore,D2,2425,2025-05-03,ulm,hannover,3.0,0.0,4.0,1.0,7.0,1.0
SM4Kz8aS,flashscore,E0,2425,2025-05-03,arsenal,bournemouth,1.0,2.0,1.0,1.0,2.0,3.0
YN9YsP6e,flashscore,E0,2425,2025-05-03,everton,ipswich,2.0,1.0,0.0,2.0,2.0,3.0
tlDtt3y8,flashscore,E0,2425,2025-05-03,leicester,southampton,3.0,3.0,3.0,4.0,6.0,7.0
b5ejVoNk,flashscore,E0,2425,2025-05-03,aston villa,fulham,3.0,2.0,2.0,1.0,5.0,3.0
xjy0CkNj,flashscore,E1,2425,2025-05-03,bristol city,preston,1.0,1.0,6.0,2.0,7.0,3.0
IoEnzgFc,flashscore,E1,2425,2025-05-03,burnley,millwall,2.0,1.0,5.0,3.0,7.0,4.0
42CfYWqA,flashscore,E1,2425,2025-05-03,coventry,middlesbrough,3.0,2.0,2.0,2.0,5.0,4.0
0U53WAEM,flashscore,E1,2425,2025-05-03,derby,stoke,4.0,1.0,1.0,3.0,5.0,4.0
08UcjQMh,flashscore,E1,2425,2025-05-03,norwich,cardiff,0.0,4.0,6.0,5.0,6.0,9.0
d0iZQlxp,flashscore,E1,2425,2025-05-03,plymouth,leeds,0.0,4.0,1.0,3.0,1.0,7.0
hSprPS6d,flashscore,E1,2425,2025-05-03,portsmouth,hull,3.0,3.0,2.0,2.0,5.0,5.0
4GiTnWb3,flashscore,E1,2425,2025-05-03,sheffield utd,blackburn,0.0,1.0,8.0,3.0,8.0,4.0
QVuxoATF,flashscore,E1,2425,2025-05-03,sunderland,qpr,9.0,1.0,2.0,0.0,11.0,1.0
dzO6l4i5,flashscore,E1,2425,2025-05-03,swansea,oxford utd,4.0,2.0,1.0,2.0,5.0,4.0
YeqpqlbS,flashscore,E1,2425,2025-05-03,watford,sheffield wed,2.0,1.0,6.0,1.0,8.0,2.0
htQGwSLk,flashscore,E1,2425,2025-05-03,west brom,luton,3.0,0.0,3.0,4.0,6.0,4.0
G2y2WFVr,flashscore,F1,2425,2025-05-03,st etienne,monaco,3.0,2.0,3.0,3.0,6.0,5.0
prTISXU7,flashscore,F1,2425,2025-05-03,toulouse,rennes,4.0,0.0,2.0,5.0,6.0,5.0
0jB5jyNE,flashscore,F1,2425,2025-05-03,strasbourg,psg,4.0,2.0,2.0,0.0,6.0,2.0
Eg7uEkPH,flashscore,I1,2425,2025-05-03,inter,verona,2.0,2.0,2.0,1.0,4.0,3.0
MJAmCTgU,flashscore,I1,2425,2025-05-03,lecce,napoli,2.0,0.0,3.0,2.0,5.0,2.0
v1pOJget,flashscore,I1,2425,2025-05-03,cagliari,udinese,1.0,1.0,4.0,3.0,5.0,4.0
WUw6UA9b,flashscore,I1,2425,2025-05-03,parma,como,4.0,3.0,1.0,2.0,5.0,5.0
O845BkKi,flashscore,N1,2425,2025-05-03,psv,sittard,4.0,1.0,1.0,2.0,5.0,3.0
I7FDv9kU,flashscore,N1,2425,2025-05-03,groningen,waalwijk,4.0,0.0,1.0,3.0,5.0,3.0
xCnveUZA,flashscore,N1,2425,2025-05-03,heracles,feyenoord,1.0,0.0,4.0,1.0,5.0,1.0
bRzmg84N,flashscore,N1,2425,2025-05-03,nijmegen,willem ii,3.0,1.0,1.0,1.0,4.0,2.0
0rTI5uFr,flashscore,P1,2425,2025-05-03,estoril,benfica,1.0,3.0,1.0,1.0,2.0,4.0
ILUk268j,flashscore,P1,2425,2025-05-03,braga,santa clara,8.0,0.0,0.0,0.0,8.0,0.0
6sBpOmV9,flashscore,P1,2425,2025-05-03,nacional,vitoria guimaraes,2.0,3.0,4.0,0.0,6.0,3.0
ObgfDWGi,flashscore,P1,2425,2025-05-03,sc farense,famalicao,4.0,3.0,0.0,7.0,4.0,10.0
fZgDDJCN,flashscore,RO1,2425,2025-05-03,cfr cluj,u. cluj,4.0,0.0,2.0,4.0,6.0,4.0
fBqYNSHr,flashscore,RO1,2425,2025-05-03,farul constanta,gloria buzau,0.0,5.0,3.0,1.0,3.0,6.0
lAxsM6ne,flashscore,RO1,2425,2025-05-03,fc botosani,unirea slobozia,3.0,4.0,2.0,2.0,5.0,6.0
8dYtlT0C,flashscore,RS1,2425,2025-05-03,radnicki nis,tekstilac odzaci,1.0,2.0,2.0,4.0,3.0,6.0
6Z2CPeMP,flashscore,RS1,2425,2025-05-03,tsc,crvena zvezda,1.0,5.0,1.0,2.0,2.0,7.0
UBMkn7VO,flashscore,RS1,2425,2025-05-03,napredak,cukaricki,2.0,5.0,2.0,1.0,4.0,6.0
WAoL3I6F,flashscore,SP1,2425,2025-05-03,valladolid,barcelona,2.0,7.0,2.0,1.0,4.0,8.0
nNBHqcFq,flashscore,SP1,2425,2025-05-03,las palmas,valencia,4.0,3.0,5.0,2.0,9.0,5.0
tK5afET1,flashscore,SP1,2425,2025-05-03,villarreal,osasuna,1.0,4.0,1.0,4.0,2.0,8.0
8x0Qsypd,flashscore,SP1,2425,2025-05-03,alaves,atl. madrid,1.0,1.0,2.0,4.0,3.0,5.0
nc8Blrbl,flashscore,SP2,2425,2025-05-03,burgos cf,elche,5.0,3.0,1.0,1.0,6.0,4.0
WprF83kK,flashscore,SP2,2425,2025-05-03,eibar,mirandes,3.0,1.0,4.0,4.0,7.0,5.0
0M9LFKdm,flashscore,SP2,2425,2025-05-03,malaga,granada cf,5.0,1.0,3.0,3.0,8.0,4.0
MFMg1Lsf,flashscore,SP2,2425,2025-05-03,huesca,oviedo,2.0,4.0,1.0,5.0,3.0,9.0
E70xKUAa,flashscore,SW1,2425,2025-05-03,lausanne,young boys,4.0,1.0,1.0,2.0,5.0,3.0
Iu7TLjtm,flashscore,SW1,2425,2025-05-03,winterthur,grasshoppers,3.0,3.0,0.0,3.0,3.0,6.0
KCe71SEt,flashscore,TR1,2425,2025-05-03,galatasaray,sivasspor,2.0,0.0,1.0,0.0,3.0,0.0
GKrwhFsp,flashscore,TR1,2425,2025-05-03,hatayspor,basaksehir,2.0,5.0,2.0,2.0,4.0,7.0
lhmOcpE5,flashscore,TR1,2425,2025-05-03,alanyaspor,kayserispor,1.0,5.0,3.0,1.0,4.0,6.0
OM3backA,flashscore,TR1,2425,2025-05-03,rizespor,gaziantep,6.0,4.0,6.0,2.0,12.0,6.0
6qvoX2p2,flashscore,B1,2425,2025-05-04,st. truiden,beerschot va,3.0,0.0,3.0,1.0,6.0,1.0
vN3uaIYI,flashscore,B1,2425,2025-05-04,st. liege,charleroi,1.0,2.0,4.0,3.0,5.0,5.0
x0Y3WXJi,flashscore,D1,2425,2025-05-04,mainz,eintracht frankfurt,6.0,1.0,2.0,0.0,8.0,1.0
QL4oEj4N,flashscore,D1,2425,2025-05-04,freiburg,bayer leverkusen,3.0,0.0,1.0,1.0,4.0,1.0
MijH8URp,flashscore,D1,2425,2025-05-04,augsburg,holstein kiel,6.0,0.0,6.0,0.0,12.0,0.0
YTQOR3p2,flashscore,D2,2425,2025-05-04,hertha berlin,greuther furth,5.0,2.0,3.0,1.0,8.0,3.0
CExGTPFk,flashscore,D2,2425,2025-05-04,karlsruher sc,kaiserslautern,3.0,3.0,5.0,2.0,8.0,5.0
fZBJmo7L,flashscore,D2,2425,2025-05-04,nurnberg,elversberg,1.0,3.0,1.0,1.0,2.0,4.0
0jVIIVYI,flashscore,DK1,2425,2025-05-04,midtjylland,aarhus,1.0,0.0,3.0,2.0,4.0,2.0
4OyAKi46,flashscore,DK1,2425,2025-05-04,brondby,fc copenhagen,4.0,1.0,1.0,2.0,5.0,3.0
f7mZ465C,flashscore,DK1,2425,2025-05-04,lyngby,viborg,4.0,4.0,4.0,5.0,8.0,9.0
nspR6Sz0,flashscore,DK1,2425,2025-05-04,silkeborg,vejle,5.0,2.0,1.0,2.0,6.0,4.0
tQUgk7EL,flashscore,E0,2425,2025-05-04,chelsea,liverpool,2.0,1.0,1.0,5.0,3.0,6.0
KKqaTPi2,flashscore,E0,2425,2025-05-04,brentford,manchester utd,6.0,0.0,1.0,3.0,7.0,3.0
nRyoiTq9,flashscore,E0,2425,2025-05-04,brighton,newcastle,0.0,2.0,1.0,2.0,1.0,4.0
82abV6vm,flashscore,E0,2425,2025-05-04,west ham,tottenham,1.0,0.0,0.0,3.0,1.0,3.0
CGkxGfo2,flashscore,F1,2425,2025-05-04,lille,marseille,0.0,3.0,2.0,2.0,2.0,5.0
Y39DlFiR,flashscore,F1,2425,2025-05-04,auxerre,le havre,0.0,1.0,0.0,8.0,0.0,9.0
0xWWyx8L,flashscore,F1,2425,2025-05-04,brest,montpellier,3.0,5.0,1.0,1.0,4.0,6.0
GldTHGGk,flashscore,F1,2425,2025-05-04,lyon,lens,3.0,2.0,5.0,0.0,8.0,2.0
xIPAUg0e,flashscore,F1,2425,2025-05-04,nantes,angers,1.0,4.0,3.0,2.0,4.0,6.0
lYYCCxlD,flashscore,I1,2425,2025-05-04,bologna,juventus,6.0,2.0,4.0,1.0,10.0,3.0
SdXESlvB,flashscore,I1,2425,2025-05-04,as roma,fiorentina,4.0,1.0,3.0,3.0,7.0,4.0
bHubWWvn,flashscore,I1,2425,2025-05-04,monza,atalanta,2.0,1.0,1.0,6.0,3.0,7.0
pEFOHXPh,flashscore,I1,2425,2025-05-04,empoli,lazio,2.0,2.0,0.0,5.0,2.0,7.0
UHiSClWo,flashscore,I2,2425,2025-05-04,cremonese,sassuolo,3.0,1.0,2.0,1.0,5.0,2.0
8Y9fG2Lt,flashscore,I2,2425,2025-05-04,bari,pisa,3.0,3.0,2.0,2.0,5.0,5.0
SzQeEtjg,flashscore,I2,2425,2025-05-04,brescia,juve stabia,1.0,0.0,2.0,1.0,3.0,1.0
z1T3CKK5,flashscore,I2,2425,2025-05-04,carrarese,modena,0.0,1.0,0.0,5.0,0.0,6.0
dGHCAbkI,flashscore,I2,2425,2025-05-04,catanzaro,sampdoria,5.0,0.0,1.0,6.0,6.0,6.0
4tLK8xKU,flashscore,I2,2425,2025-05-04,cesena,palermo,4.0,0.0,2.0,4.0,6.0,4.0
2VkzBS0b,flashscore,I2,2425,2025-05-04,frosinone,cittadella,4.0,1.0,4.0,0.0,8.0,1.0
bcqq96VA,flashscore,I2,2425,2025-05-04,reggiana,spezia,3.0,4.0,0.0,4.0,3.0,8.0
6Nni7p0N,flashscore,I2,2425,2025-05-04,salernitana,mantova,0.0,0.0,0.0,0.0,0.0,0.0
jeON1ONp,flashscore,I2,2425,2025-05-04,sudtirol,cosenza,8.0,0.0,2.0,3.0,10.0,3.0
UoqWdj5b,flashscore,N1,2425,2025-05-04,g.a. eagles,az alkmaar,2.0,3.0,4.0,6.0,6.0,9.0
hldM77JG,flashscore,N1,2425,2025-05-04,sparta rotterdam,twente,2.0,2.0,3.0,2.0,5.0,4.0
80MImnSp,flashscore,N1,2425,2025-05-04,nac breda,zwolle,3.0,1.0,1.0,1.0,4.0,2.0
YeRQ3Jqe,flashscore,P1,2425,2025-05-04,sporting cp,gil vicente,4.0,1.0,5.0,1.0,9.0,2.0
KQn3BAo4,flashscore,P1,2425,2025-05-04,arouca,casa pia,1.0,0.0,4.0,0.0,5.0,0.0
2D4gVAP8,flashscore,RO1,2425,2025-05-04,otelul,fc hermannstadt,4.0,0.0,5.0,2.0,9.0,2.0
4pDiGiqC,flashscore,RS1,2425,2025-05-04,radnicki 1923,mladost,3.0,0.0,9.0,0.0,12.0,0.0
bXsiIDEa,flashscore,RS1,2425,2025-05-04,novi pazar,partizan,0.0,0.0,3.0,2.0,3.0,2.0
t4574log,flashscore,RS1,2425,2025-05-04,jedinstvo u.,sp. subotica,3.0,1.0,5.0,2.0,8.0,3.0
pxCb6AGt,flashscore,RS1,2425,2025-05-04,imt novi beograd,zeleznicar pancevo,0.0,3.0,4.0,2.0,4.0,5.0
zqhC5vx3,flashscore,SP1,2425,2025-05-04,real sociedad,ath bilbao,2.0,1.0,5.0,2.0,7.0,3.0
67MTDRbl,flashscore,SP1,2425,2025-05-04,espanyol,betis,0.0,2.0,3.0,5.0,3.0,7.0
MFrnIHL8,flashscore,SP1,2425,2025-05-04,sevilla,leganes,4.0,1.0,4.0,1.0,8.0,2.0
4OqT1dyS,flashscore,SP1,2425,2025-05-04,real madrid,celta vigo,3.0,4.0,1.0,2.0,4.0,6.0
Q7JAcwsJ,flashscore,SP2,2425,2025-05-04,dep. la coruna,albacete,2.0,4.0,4.0,2.0,6.0,6.0
jD7tf4zR,flashscore,SP2,2425,2025-05-04,almeria,eldense,2.0,4.0,2.0,3.0,4.0,7.0
rP1KnMS0,flashscore,SP2,2425,2025-05-04,fc cartagena sad,racing santander,2.0,1.0,3.0,6.0,5.0,7.0
00Yp3sDs,flashscore,SP2,2425,2025-05-04,racing club ferrol,zaragoza,3.0,3.0,2.0,0.0,5.0,3.0
UuQ1aaC6,flashscore,SP2,2425,2025-05-04,levante,tenerife,1.0,0.0,2.0,1.0,3.0,1.0
Ign2zjet,flashscore,SW1,2425,2025-05-04,basel,servette,5.0,3.0,5.0,5.0,10.0,8.0
v9zBYTPh,flashscore,SW1,2425,2025-05-04,luzern,lugano,5.0,2.0,6.0,1.0,11.0,3.0
nLbpI8uC,flashscore,SW1,2425,2025-05-04,sion,zurich,0.0,4.0,1.0,2.0,1.0,6.0
Klc7cyKM,flashscore,TR1,2425,2025-05-04,adana demirspor,goztepe,0.0,1.0,3.0,3.0,3.0,4.0
z1N3wGSj,flashscore,TR1,2425,2025-05-04,fenerbahce,besiktas,1.0,2.0,7.0,3.0,8.0,5.0
pKtXeOrI,flashscore,TR1,2425,2025-05-04,samsunspor,eyupspor,3.0,3.0,2.0,0.0,5.0,3.0
8b5O2KXG,flashscore,TR2,2425,2025-05-04,amedspor,adanaspor as,7.0,0.0,1.0,1.0,8.0,1.0
hlhVbBWr,flashscore,TR2,2425,2025-05-04,boluspor,yeni malatyaspor,6.0,0.0,5.0,0.0,11.0,0.0
b9LLrato,flashscore,TR2,2425,2025-05-04,corum,sanliurfaspor,3.0,1.0,2.0,2.0,5.0,3.0
voSepCHk,flashscore,TR2,2425,2025-05-04,erokspor,istanbulspor as,2.0,2.0,1.0,5.0,3.0,7.0
lGovck1e,flashscore,TR2,2425,2025-05-04,erzurumspor,umraniyespor,3.0,3.0,0.0,5.0,3.0,8.0
0jDj6gv9,flashscore,TR2,2425,2025-05-04,genclerbirligi,sakaryaspor,5.0,1.0,3.0,2.0,8.0,3.0
v5b862Yi,flashscore,TR2,2425,2025-05-04,igdir fk,kocaelispor,2.0,1.0,2.0,2.0,4.0,3.0
M51a4X8L,flashscore,TR2,2425,2025-05-04,keciorengucu,ankaragucu,1.0,1.0,2.0,0.0,3.0,1.0
CWBF4t34,flashscore,TR2,2425,2025-05-04,manisa fk,bandirmaspor,3.0,1.0,2.0,0.0,5.0,1.0
zDL4rjn2,flashscore,TR2,2425,2025-05-04,pendikspor,karagumruk,1.0,4.0,2.0,3.0,3.0,7.0
l6tr3pzP,flashscore,DK1,2425,2025-05-05,sonderjyske,aalborg,1.0,4.0,1.0,3.0,2.0,7.0
xdGPqoxq,flashscore,E0,2425,2025-05-05,crystal palace,nottingham,3.0,1.0,4.0,3.0,7.0,4.0
hvJWFBf5,flashscore,I1,2425,2025-05-05,genoa,ac milan,5.0,5.0,3.0,2.0,8.0,7.0
hvoB9lGG,flashscore,P1,2425,2025-05-05,afs,boavista,3.0,2.0,1.0,3.0,4.0,5.0
bH7xQ90c,flashscore,P1,2425,2025-05-05,rio ave,estrela,4.0,2.0,1.0,1.0,5.0,3.0
zXwCFurB,flashscore,RO1,2425,2025-05-05,fcsb,dinamo bucuresti,2.0,1.0,0.0,6.0,2.0,7.0
OSh2TlfL,flashscore,RO1,2425,2025-05-05,uta arad,petrolul,3.0,1.0,4.0,3.0,7.0,4.0
I7LokJiM,flashscore,SP1,2425,2025-05-05,girona,mallorca,1.0,2.0,4.0,0.0,5.0,2.0
Gx0Sp0cD,flashscore,SP2,2425,2025-05-05,castellon,gijon,2.0,1.0,1.0,3.0,3.0,4.0
GvkGa6qg,flashscore,TR1,2425,2025-05-05,kasimpasa,trabzonspor,8.0,0.0,4.0,1.0,12.0,1.0
rmhgGnAO,flashscore,SW1,2425,2025-05-06,yverdon,st. gallen,3.0,6.0,4.0,3.0,7.0,9.0
rih4Sos9,flashscore,SA1,2425,2025-05-07,al nassr,al ittihad,1.0,4.0,2.0,1.0,3.0,5.0
t4TMF8c3,flashscore,SA1,2425,2025-05-07,al ahli sc,al taawon,3.0,1.0,1.0,2.0,4.0,3.0
fVB964Kk,flashscore,SA1,2425,2025-05-07,al raed,al hilal,1.0,6.0,0.0,3.0,1.0,9.0
6ups7n26,flashscore,E1,2425,2025-05-08,bristol city,sheffield utd,2.0,3.0,0.0,2.0,2.0,5.0
fVoSMLQP,flashscore,B1,2425,2025-05-09,charleroi,westerlo,2.0,3.0,2.0,4.0,4.0,7.0
KOJsLbH7,flashscore,D1,2425,2025-05-09,wolfsburg,hoffenheim,2.0,3.0,3.0,3.0,5.0,6.0
MNAZEN5K,flashscore,D2,2425,2025-05-09,nurnberg,fc koln,0.0,2.0,0.0,6.0,0.0,8.0
ELkE7ubf,flashscore,D2,2425,2025-05-09,preussen munster,hertha berlin,1.0,1.0,1.0,6.0,2.0,7.0
fR9S1iQQ,flashscore,E1,2425,2025-05-09,coventry,sunderland,5.0,1.0,5.0,3.0,10.0,4.0
6PkzYqGj,flashscore,I1,2425,2025-05-09,ac milan,bologna,1.0,2.0,2.0,2.0,3.0,4.0
dhB9PRFi,flashscore,I2,2425,2025-05-09,cittadella,bari,0.0,2.0,2.0,1.0,2.0,3.0
hK4IN5p4,flashscore,I2,2425,2025-05-09,cosenza,cesena,5.0,1.0,2.0,1.0,7.0,2.0
QX2QLqFG,flashscore,I2,2425,2025-05-09,juve stabia,reggiana,4.0,0.0,7.0,1.0,11.0,1.0
MadZJNqT,flashscore,I2,2425,2025-05-09,mantova,carrarese,2.0,2.0,0.0,2.0,2.0,4.0
jFn5E17j,flashscore,I2,2425,2025-05-09,modena,brescia,2.0,1.0,0.0,0.0,2.0,1.0
WAPix5ac,flashscore,I2,2425,2025-05-09,palermo,frosinone,2.0,2.0,1.0,0.0,3.0,2.0
vyTazqU9,flashscore,I2,2425,2025-05-09,pisa,sudtirol,3.0,2.0,2.0,2.0,5.0,4.0
YyoYHzEr,flashscore,I2,2425,2025-05-09,sampdoria,salernitana,3.0,0.0,1.0,2.0,4.0,2.0
6kqtGEre,flashscore,I2,2425,2025-05-09,sassuolo,catanzaro,1.0,3.0,8.0,1.0,9.0,4.0
C2EtEhD7,flashscore,I2,2425,2025-05-09,spezia,cremonese,2.0,3.0,4.0,1.0,6.0,4.0
4MMUYqIF,flashscore,N1,2425,2025-05-09,willem ii,heracles,2.0,4.0,3.0,6.0,5.0,10.0
MNzkKpH7,flashscore,RO1,2425,2025-05-09,sepsi sf. gheorghe,fc botosani,2.0,2.0,4.0,1.0,6.0,3.0
2eBNYqW0,flashscore,RO1,2425,2025-05-09,gloria buzau,unirea slobozia,2.0,3.0,0.0,4.0,2.0,7.0
EXo8NCcl,flashscore,SP1,2425,2025-05-09,las palmas,rayo vallecano,2.0,5.0,6.0,3.0,8.0,8.0
84O3FB24,flashscore,SP2,2425,2025-05-09,cadiz cf,almeria,3.0,4.0,6.0,2.0,9.0,6.0
2TjQDd43,flashscore,TR1,2425,2025-05-09,basaksehir,fenerbahce,3.0,3.0,2.0,2.0,5.0,5.0
MwNL2We2,flashscore,TR1,2425,2025-05-09,gaziantep,alanyaspor,1.0,0.0,1.0,0.0,2.0,0.0
z7CAWGy1,flashscore,B1,2425,2025-05-10,anderlecht,royale union sg,1.0,2.0,1.0,2.0,2.0,4.0
AeicHalm,flashscore,B1,2425,2025-05-10,kv mechelen,st. liege,5.0,0.0,8.0,1.0,13.0,1.0
nuHXf6x9,flashscore,B1,2425,2025-05-10,beerschot va,cercle brugge ksv,0.0,6.0,5.0,3.0,5.0,9.0
f5Kugp7L,flashscore,B1,2425,2025-05-10,kortrijk,st. truiden,1.0,5.0,2.0,2.0,3.0,7.0
02ofskY9,flashscore,D1,2425,2025-05-10,bayern munich,b. monchengladbach,1.0,5.0,3.0,4.0,4.0,9.0
8p0xstvR,flashscore,D1,2425,2025-05-10,bochum,mainz,2.0,4.0,4.0,2.0,6.0,6.0
j531yK1l,flashscore,D1,2425,2025-05-10,holstein kiel,freiburg,0.0,5.0,2.0,0.0,2.0,5.0
zX1Ur29E,flashscore,D1,2425,2025-05-10,union berlin,heidenheim,1.0,0.0,0.0,2.0,1.0,2.0
CbGZMKne,flashscore,D1,2425,2025-05-10,werder bremen,rb leipzig,3.0,2.0,8.0,2.0,11.0,4.0
M9V00OjR,flashscore,D2,2425,2025-05-10,hamburger sv,ulm,1.0,2.0,2.0,4.0,3.0,6.0
zgXh2pME,flashscore,D2,2425,2025-05-10,dusseldorf,schalke,3.0,0.0,2.0,4.0,5.0,4.0
AZ3liKDD,flashscore,D2,2425,2025-05-10,elversberg,braunschweig,4.0,0.0,4.0,1.0,8.0,1.0
E7Augtq1,flashscore,D2,2425,2025-05-10,paderborn,magdeburg,1.0,4.0,5.0,2.0,6.0,6.0
4Uh7Tp9a,flashscore,E0,2425,2025-05-10,bournemouth,aston villa,2.0,0.0,8.0,0.0,10.0,0.0
xriFROwC,flashscore,E0,2425,2025-05-10,fulham,everton,2.0,2.0,3.0,3.0,5.0,5.0
Y9pOP28O,flashscore,E0,2425,2025-05-10,ipswich,brentford,2.0,3.0,3.0,3.0,5.0,6.0
6yO4xthU,flashscore,E0,2425,2025-05-10,southampton,manchester city,0.0,6.0,1.0,9.0,1.0,15.0
G2JFfN7b,flashscore,E0,2425,2025-05-10,wolves,brighton,4.0,2.0,3.0,2.0,7.0,4.0
p44guBED,flashscore,F1,2425,2025-05-10,angers,strasbourg,0.0,3.0,2.0,3.0,2.0,6.0
OlGpsXq1,flashscore,F1,2425,2025-05-10,auxerre,nantes,3.0,1.0,4.0,2.0,7.0,3.0
6XXzhlbJ,flashscore,F1,2425,2025-05-10,brest,lille,3.0,1.0,0.0,6.0,3.0,7.0
CAdu3E6K,flashscore,F1,2425,2025-05-10,le havre,marseille,1.0,5.0,1.0,4.0,2.0,9.0
nVLpqEWo,flashscore,F1,2425,2025-05-10,monaco,lyon,2.0,3.0,1.0,2.0,3.0,5.0
2uyKeWbf,flashscore,F1,2425,2025-05-10,montpellier,psg,4.0,2.0,1.0,2.0,5.0,4.0
GOCxqgFl,flashscore,F1,2425,2025-05-10,reims,st etienne,1.0,1.0,3.0,4.0,4.0,5.0
URxCchUs,flashscore,F1,2425,2025-05-10,rennes,nice,0.0,4.0,1.0,1.0,1.0,5.0
b7USgAT6,flashscore,F1,2425,2025-05-10,toulouse,lens,0.0,1.0,2.0,0.0,2.0,1.0
MJhlslg4,flashscore,I1,2425,2025-05-10,empoli,parma,1.0,0.0,3.0,0.0,4.0,0.0
jap5w6hT,flashscore,I1,2425,2025-05-10,lazio,juventus,1.0,3.0,2.0,0.0,3.0,3.0
QiauqAOi,flashscore,I1,2425,2025-05-10,como,cagliari,4.0,0.0,1.0,1.0,5.0,1.0
UTk00PBj,flashscore,N1,2425,2025-05-10,almere city,sparta rotterdam,1.0,0.0,5.0,2.0,6.0,2.0
8zwSEOQq,flashscore,N1,2425,2025-05-10,sittard,nac breda,4.0,1.0,1.0,2.0,5.0,3.0
ddJMz6m3,flashscore,N1,2425,2025-05-10,waalwijk,heerenveen,1.0,1.0,4.0,1.0,5.0,2.0
CGgRWHDs,flashscore,P1,2425,2025-05-10,casa pia,braga,2.0,4.0,0.0,3.0,2.0,7.0
tY2exvjK,flashscore,P1,2425,2025-05-10,gil vicente,arouca,0.0,1.0,4.0,0.0,4.0,1.0
hbsS1cE7,flashscore,P1,2425,2025-05-10,benfica,sporting cp,4.0,2.0,2.0,0.0,6.0,2.0
K4ZDP06E,flashscore,P1,2425,2025-05-10,nacional,rio ave,1.0,2.0,3.0,3.0,4.0,5.0
tKNMNvyR,flashscore,P1,2425,2025-05-10,santa clara,famalicao,2.0,5.0,1.0,1.0,3.0,6.0
EwRwUvc4,flashscore,RO1,2425,2025-05-10,univ. craiova,cfr cluj,4.0,1.0,2.0,1.0,6.0,2.0
xWIyrl9E,flashscore,RO1,2425,2025-05-10,fc hermannstadt,poli iasi,1.0,3.0,3.0,4.0,4.0,7.0
UTcGz61l,flashscore,RO1,2425,2025-05-10,farul constanta,uta arad,0.0,0.0,3.0,1.0,3.0,1.0
juIBLnLi,flashscore,RS1,2425,2025-05-10,radnicki 1923,novi pazar,2.0,2.0,7.0,2.0,9.0,4.0
Gt0WbpFU,flashscore,RS1,2425,2025-05-10,tekstilac odzaci,jedinstvo u.,1.0,0.0,4.0,0.0,5.0,0.0
tnziJs4e,flashscore,SA1,2425,2025-05-10,al khaleej,al riyadh,2.0,0.0,1.0,4.0,3.0,4.0
lAWnw3eR,flashscore,SA1,2425,2025-05-10,al wehda,al fateh,1.0,4.0,1.0,5.0,2.0,9.0
xETaHLY7,flashscore,SA1,2425,2025-05-10,al kholood,al ettifaq,2.0,5.0,3.0,2.0,5.0,7.0
UunfGejL,flashscore,SP1,2425,2025-05-10,atl. madrid,real sociedad,2.0,3.0,1.0,0.0,3.0,3.0
rqCTUf5E,flashscore,SP1,2425,2025-05-10,girona,villarreal,2.0,0.0,3.0,3.0,5.0,3.0
4b0xTYZQ,flashscore,SP1,2425,2025-05-10,mallorca,valladolid,3.0,5.0,2.0,5.0,5.0,10.0
GxKs7iD7,flashscore,SP1,2425,2025-05-10,celta vigo,sevilla,1.0,4.0,2.0,2.0,3.0,6.0
AauHLjS0,flashscore,SP1,2425,2025-05-10,valencia,getafe,2.0,3.0,0.0,3.0,2.0,6.0
4WHCDkXG,flashscore,SP2,2425,2025-05-10,zaragoza,fc cartagena sad,6.0,1.0,4.0,1.0,10.0,2.0
U11xCxdC,flashscore,SP2,2425,2025-05-10,burgos cf,cordoba,5.0,3.0,1.0,2.0,6.0,5.0
z1T9gUuo,flashscore,SP2,2425,2025-05-10,elche,levante,6.0,1.0,6.0,2.0,12.0,3.0
dUdi67Pj,flashscore,SP2,2425,2025-05-10,gijon,dep. la coruna,3.0,1.0,2.0,3.0,5.0,4.0
CdLKBT1T,flashscore,SP2,2425,2025-05-10,mirandes,castellon,0.0,2.0,5.0,1.0,5.0,3.0
IFNxmTvn,flashscore,SW1,2425,2025-05-10,lugano,basel,2.0,3.0,3.0,0.0,5.0,3.0
GEVZSPgU,flashscore,SW1,2425,2025-05-10,st. gallen,winterthur,3.0,5.0,4.0,0.0,7.0,5.0
r1XRUoPH,flashscore,SW1,2425,2025-05-10,yverdon,sion,4.0,1.0,2.0,6.0,6.0,7.0
nZwJW7f5,flashscore,SW1,2425,2025-05-10,zurich,grasshoppers,2.0,3.0,3.0,3.0,5.0,6.0
lQOD4hRk,flashscore,TR1,2425,2025-05-10,trabzonspor,galatasaray,1.0,0.0,0.0,9.0,1.0,9.0
W8rsAE3S,flashscore,TR1,2425,2025-05-10,eyupspor,kasimpasa,0.0,0.0,2.0,2.0,2.0,2.0
OruZBzZF,flashscore,TR1,2425,2025-05-10,konyaspor,rizespor,3.0,1.0,2.0,4.0,5.0,5.0
8xhZGAhR,flashscore,TR2,2425,2025-05-10,adanaspor as,boluspor,0.0,5.0,1.0,5.0,1.0,10.0
MTqneTV7,flashscore,TR2,2425,2025-05-10,ankaragucu,amedspor,2.0,3.0,0.0,4.0,2.0,7.0
hAT5BlGl,flashscore,TR2,2425,2025-05-10,bandirmaspor,pendikspor,2.0,2.0,3.0,0.0,5.0,2.0
M30eM5U6,flashscore,TR2,2425,2025-05-10,istanbulspor as,corum,0.0,5.0,1.0,2.0,1.0,7.0
0ClRIWNE,flashscore,TR2,2425,2025-05-10,karagumruk,igdir fk,0.0,3.0,2.0,1.0,2.0,4.0
8Kb3KqaJ,flashscore,TR2,2425,2025-05-10,sakaryaspor,erokspor,2.0,4.0,1.0,1.0,3.0,5.0
hO8vQmVs,flashscore,TR2,2425,2025-05-10,sanliurfaspor,erzurumspor,0.0,4.0,1.0,1.0,1.0,5.0
0lCnORaf,flashscore,TR2,2425,2025-05-10,umraniyespor,manisa fk,2.0,3.0,0.0,5.0,2.0,8.0
0zXD9Sp1,flashscore,TR2,2425,2025-05-10,yeni malatyaspor,genclerbirligi,0.0,3.0,1.0,7.0,1.0,10.0
WAu6FwJa,flashscore,B1,2425,2025-05-11,dender,leuven,2.0,2.0,1.0,3.0,3.0,5.0
n3FchbbK,flashscore,B1,2425,2025-05-11,genk,club brugge kv,2.0,2.0,3.0,1.0,5.0,3.0
E1BtnNrL,flashscore,B1,2425,2025-05-11,patro eisden,sporting lokeren,2.0,3.0,1.0,5.0,3.0,8.0
8KAIUf6D,flashscore,B1,2425,2025-05-11,gent,antwerp,2.0,4.0,2.0,1.0,4.0,5.0
4zhoqB3c,flashscore,D1,2425,2025-05-11,stuttgart,augsburg,4.0,0.0,7.0,2.0,11.0,2.0
jqSQOtIr,flashscore,D1,2425,2025-05-11,eintracht frankfurt,st. pauli,3.0,1.0,0.0,0.0,3.0,1.0
Ct5aL7Bj,flashscore,D1,2425,2025-05-11,bayer leverkusen,dortmund,8.0,0.0,4.0,0.0,12.0,0.0
tfCXf2El,flashscore,D2,2425,2025-05-11,hannover,greuther furth,0.0,2.0,5.0,2.0,5.0,4.0
6en691Ts,flashscore,D2,2425,2025-05-11,kaiserslautern,darmstadt,2.0,3.0,1.0,8.0,3.0,11.0
AmqN5JS6,flashscore,D2,2425,2025-05-11,regensburg,karlsruher sc,1.0,1.0,4.0,2.0,5.0,3.0
hrwoM4uB,flashscore,DK1,2425,2025-05-11,fc copenhagen,midtjylland,2.0,0.0,3.0,0.0,5.0,0.0
8AD8J5K5,flashscore,DK1,2425,2025-05-11,viborg,aalborg,3.0,6.0,5.0,2.0,8.0,8.0
nozwOQAb,flashscore,DK1,2425,2025-05-11,aarhus,randers fc,2.0,5.0,2.0,0.0,4.0,5.0
jJtUPntn,flashscore,DK1,2425,2025-05-11,nordsjaelland,brondby,3.0,5.0,3.0,2.0,6.0,7.0
0pA0LRkg,flashscore,DK1,2425,2025-05-11,silkeborg,sonderjyske,2.0,0.0,4.0,1.0,6.0,1.0
8GvXq6gt,flashscore,E0,2425,2025-05-11,liverpool,arsenal,2.0,0.0,1.0,1.0,3.0,1.0
UVSurpOh,flashscore,E0,2425,2025-05-11,manchester utd,west ham,0.0,5.0,8.0,0.0,8.0,5.0
YNPdv2NH,flashscore,E0,2425,2025-05-11,nottingham,leicester,1.0,1.0,3.0,3.0,4.0,4.0
8xG7dqwn,flashscore,E0,2425,2025-05-11,tottenham,crystal palace,2.0,6.0,2.0,2.0,4.0,8.0
xdWmtOh5,flashscore,E0,2425,2025-05-11,newcastle,chelsea,1.0,5.0,1.0,3.0,2.0,8.0
nLSMem8c,flashscore,I1,2425,2025-05-11,napoli,genoa,3.0,0.0,5.0,0.0,8.0,0.0
foWUgRxA,flashscore,I1,2425,2025-05-11,torino,inter,4.0,2.0,5.0,1.0,9.0,3.0
fXjduSNG,flashscore,I1,2425,2025-05-11,verona,lecce,1.0,3.0,2.0,3.0,3.0,6.0
jDPwh57M,flashscore,I1,2425,2025-05-11,udinese,monza,3.0,0.0,4.0,0.0,7.0,0.0
pdET5olT,flashscore,N1,2425,2025-05-11,ajax,nijmegen,5.0,0.0,3.0,1.0,8.0,1.0
dzrnOS3c,flashscore,N1,2425,2025-05-11,az alkmaar,groningen,7.0,1.0,4.0,3.0,11.0,4.0
QFZ2Kp3M,flashscore,N1,2425,2025-05-11,feyenoord,psv,0.0,7.0,1.0,5.0,1.0,12.0
h2yeM6Y9,flashscore,N1,2425,2025-05-11,twente,utrecht,1.0,1.0,6.0,2.0,7.0,3.0
G0tzD2ed,flashscore,N1,2425,2025-05-11,zwolle,g.a. eagles,4.0,0.0,2.0,2.0,6.0,2.0
hCM0GdT0,flashscore,P1,2425,2025-05-11,boavista,fc porto,0.0,2.0,0.0,2.0,0.0,4.0
YVszVerf,flashscore,P1,2425,2025-05-11,moreirense,estoril,1.0,0.0,1.0,7.0,2.0,7.0
QPK8EzbD,flashscore,P1,2425,2025-05-11,vitoria guimaraes,sc farense,6.0,2.0,10.0,1.0,16.0,3.0
C2EhIIbl,flashscore,P1,2425,2025-05-11,estrela,afs,1.0,4.0,0.0,2.0,1.0,6.0
6DNVV0Si,flashscore,RO1,2425,2025-05-11,u. cluj,fcsb,3.0,3.0,2.0,1.0,5.0,4.0
b5LJJQk4,flashscore,RS1,2425,2025-05-11,partizan,tsc,1.0,2.0,3.0,2.0,4.0,4.0
AquPcqTp,flashscore,RS1,2425,2025-05-11,crvena zvezda,vojvodina,3.0,1.0,2.0,2.0,5.0,3.0
AqcO06pI,flashscore,RS1,2425,2025-05-11,sp. subotica,radnicki nis,0.0,1.0,2.0,4.0,2.0,5.0
h4ESH4KG,flashscore,RS1,2425,2025-05-11,ofk beograd mozzart bet,mladost,0.0,4.0,2.0,3.0,2.0,7.0
MwLjJ2Lh,flashscore,SA1,2425,2025-05-11,al ittihad,al fayha,3.0,2.0,4.0,4.0,7.0,6.0
t8BRVKm1,flashscore,SA1,2425,2025-05-11,al taawon,al qadsiah,1.0,2.0,2.0,1.0,3.0,3.0
U7GouPQE,flashscore,SA1,2425,2025-05-11,damac,al raed,3.0,0.0,0.0,4.0,3.0,4.0
KhNIXtJl,flashscore,SA1,2425,2025-05-11,al shabab,al ahli sc,1.0,3.0,1.0,4.0,2.0,7.0
KAQY8Dre,flashscore,SP1,2425,2025-05-11,betis,osasuna,2.0,5.0,4.0,2.0,6.0,7.0
rDwPJUdD,flashscore,SP1,2425,2025-05-11,ath bilbao,alaves,4.0,0.0,5.0,2.0,9.0,2.0
ncSQAZDr,flashscore,SP1,2425,2025-05-11,barcelona,real madrid,8.0,0.0,2.0,2.0,10.0,2.0
2ZFxC5T0,flashscore,SP1,2425,2025-05-11,leganes,espanyol,2.0,2.0,1.0,6.0,3.0,8.0
bgwnSlnA,flashscore,SP2,2425,2025-05-11,tenerife,racing club ferrol,2.0,0.0,4.0,0.0,6.0,0.0
8nDTDbRa,flashscore,SP2,2425,2025-05-11,albacete,huesca,3.0,4.0,1.0,4.0,4.0,8.0
ziQeHXXi,flashscore,SP2,2425,2025-05-11,eldense,malaga,4.0,2.0,1.0,1.0,5.0,3.0
W6yfQSGM,flashscore,SP2,2425,2025-05-11,racing santander,oviedo,3.0,2.0,4.0,1.0,7.0,3.0
neFgqovB,flashscore,SW1,2425,2025-05-11,servette,young boys,4.0,6.0,3.0,2.0,7.0,8.0
QuRpo79b,flashscore,SW1,2425,2025-05-11,luzern,lausanne,4.0,3.0,2.0,3.0,6.0,6.0
zNbvjgCd,flashscore,TR1,2425,2025-05-11,besiktas,adana demirspor,6.0,1.0,7.0,3.0,13.0,4.0
nueE8MqL,flashscore,TR1,2425,2025-05-11,goztepe,hatayspor,1.0,3.0,8.0,1.0,9.0,4.0
WCWp307r,flashscore,TR1,2425,2025-05-11,sivasspor,bodrumspor,7.0,3.0,2.0,2.0,9.0,5.0
tpuM76FD,flashscore,TR2,2425,2025-05-11,kocaelispor,keciorengucu,3.0,3.0,3.0,0.0,6.0,3.0
UP1HHqkI,flashscore,DK1,2425,2025-05-12,vejle,lyngby,0.0,1.0,1.0,3.0,1.0,4.0
E5mk5QWI,flashscore,E1,2425,2025-05-12,sheffield utd,bristol city,2.0,2.0,3.0,2.0,5.0,4.0
KfCgL6Wp,flashscore,I1,2425,2025-05-12,atalanta,as roma,3.0,5.0,5.0,2.0,8.0,7.0
nqB9nqVq,flashscore,I1,2425,2025-05-12,venezia,fiorentina,1.0,3.0,0.0,2.0,1.0,5.0
Icz8BjTq,flashscore,N1,2425,2025-05-12,den bosch,cambuur,2.0,3.0,1.0,5.0,3.0,8.0
8xKnSIRG,flashscore,RO1,2425,2025-05-12,dinamo bucuresti,fc rapid bucuresti,1.0,0.0,3.0,3.0,4.0,3.0
pdMqtSwR,flashscore,RO1,2425,2025-05-12,petrolul,otelul,2.0,2.0,2.0,5.0,4.0,7.0
EH3F2SF5,flashscore,RS1,2425,2025-05-12,zeleznicar pancevo,napredak,1.0,0.0,3.0,4.0,4.0,4.0
KfQtJm0n,flashscore,RS1,2425,2025-05-12,cukaricki,imt novi beograd,3.0,1.0,2.0,1.0,5.0,2.0
lQMrLOjt,flashscore,SA1,2425,2025-05-12,al okhdood,al nassr,0.0,1.0,4.0,1.0,4.0,2.0
lYEZTbID,flashscore,SA1,2425,2025-05-12,al hilal,al orubah,3.0,0.0,8.0,1.0,11.0,1.0
2RqwUAHc,flashscore,SP2,2425,2025-05-12,granada cf,eibar,2.0,1.0,5.0,1.0,7.0,2.0
vFi6ArF8,flashscore,TR1,2425,2025-05-12,kayserispor,antalyaspor,3.0,1.0,3.0,0.0,6.0,1.0
OdSjdVml,flashscore,E1,2425,2025-05-13,sunderland,coventry,0.0,3.0,3.0,4.0,7.0,10.0
vHx0ZmRP,flashscore,I2,2425,2025-05-13,brescia,reggiana,3.0,2.0,2.0,1.0,5.0,3.0
b1JWTRlm,flashscore,I2,2425,2025-05-13,cittadella,salernitana,2.0,0.0,3.0,2.0,5.0,2.0
6RMvS5Ja,flashscore,I2,2425,2025-05-13,juve stabia,sampdoria,5.0,2.0,2.0,2.0,7.0,4.0
StBmQqlC,flashscore,I2,2425,2025-05-13,mantova,catanzaro,5.0,2.0,0.0,1.0,5.0,3.0
CWXK7yYp,flashscore,I2,2425,2025-05-13,modena,cesena,4.0,0.0,1.0,1.0,5.0,1.0
SvG7VvQi,flashscore,I2,2425,2025-05-13,palermo,carrarese,3.0,2.0,7.0,1.0,10.0,3.0
0hEFTIf4,flashscore,I2,2425,2025-05-13,pisa,cremonese,3.0,0.0,4.0,2.0,7.0,2.0
dK7ORdPG,flashscore,I2,2425,2025-05-13,sassuolo,frosinone,3.0,3.0,4.0,1.0,7.0,4.0
lSPVPzfT,flashscore,I2,2425,2025-05-13,spezia,cosenza,3.0,7.0,1.0,1.0,4.0,8.0
Ya12KEHj,flashscore,I2,2425,2025-05-13,sudtirol,bari,3.0,3.0,3.0,5.0,6.0,8.0
fgSITkkS,flashscore,N1,2425,2025-05-13,de graafschap,dordrecht,2.0,3.0,4.0,1.0,6.0,4.0
QDz2XXk3,flashscore,N1,2425,2025-05-13,telstar,den haag,4.0,0.0,1.0,3.0,5.0,3.0
dlsRZtmB,flashscore,SP1,2425,2025-05-13,sevilla,las palmas,1.0,1.0,3.0,1.0,4.0,2.0
E9m8JL2U,flashscore,SP1,2425,2025-05-13,real sociedad,celta vigo,5.0,0.0,9.0,1.0,14.0,1.0
ULNHwPmn,flashscore,SP1,2425,2025-05-13,valladolid,girona,2.0,3.0,4.0,1.0,6.0,4.0
ngzzPGhd,flashscore,SW1,2425,2025-05-13,sion,st. gallen,1.0,1.0,0.0,0.0,1.0,1.0
hfsRQxOq,flashscore,SW1,2425,2025-05-13,zurich,winterthur,2.0,4.0,6.0,3.0,8.0,7.0
ttkOZVKG,flashscore,F1,2425,2025-05-14,dunkerque,guingamp,0.0,0.0,1.0,1.0,1.0,1.0
dfv3Gy2l,flashscore,N1,2425,2025-05-14,almere city,sittard,2.0,3.0,3.0,2.0,5.0,5.0
xEaxVzHs,flashscore,N1,2425,2025-05-14,feyenoord,waalwijk,5.0,2.0,1.0,1.0,6.0,3.0
AuDqTEof,flashscore,N1,2425,2025-05-14,g.a. eagles,heerenveen,0.0,3.0,2.0,2.0,2.0,5.0
U7xBEFW0,flashscore,N1,2425,2025-05-14,groningen,ajax,1.0,1.0,3.0,2.0,4.0,3.0
676hRhG6,flashscore,N1,2425,2025-05-14,nijmegen,nac breda,2.0,2.0,1.0,3.0,3.0,5.0
vL40PWpJ,flashscore,N1,2425,2025-05-14,psv,heracles,2.0,1.0,8.0,0.0,10.0,1.0
QZVJCg1D,flashscore,N1,2425,2025-05-14,twente,az alkmaar,3.0,2.0,0.0,7.0,3.0,9.0
htO5zcgK,flashscore,N1,2425,2025-05-14,utrecht,sparta rotterdam,4.0,0.0,7.0,0.0,11.0,0.0
fTnmmzwQ,flashscore,N1,2425,2025-05-14,willem ii,zwolle,1.0,6.0,2.0,2.0,3.0,8.0
lOwJy3Ib,flashscore,SP1,2425,2025-05-14,real madrid,mallorca,10.0,0.0,16.0,0.0,26.0,0.0
dfpyRo4t,flashscore,SP1,2425,2025-05-14,alaves,valencia,4.0,2.0,5.0,2.0,9.0,4.0
I3VZXKHN,flashscore,SP1,2425,2025-05-14,villarreal,leganes,2.0,2.0,1.0,4.0,3.0,6.0
zFGUpbFF,flashscore,SW1,2425,2025-05-14,grasshoppers,yverdon,0.0,0.0,4.0,0.0,4.0,0.0
vmNLnKp3,flashscore,SW1,2425,2025-05-14,lausanne,basel,3.0,3.0,2.0,1.0,5.0,4.0
no6GDbkU,flashscore,SA1,2425,2025-05-15,al raed,al ittihad,0.0,6.0,2.0,2.0,2.0,8.0
ANHLMySp,flashscore,SA1,2425,2025-05-15,al riyadh,al shabab,3.0,1.0,1.0,1.0,4.0,2.0
jJf8puKi,flashscore,SA1,2425,2025-05-15,al qadsiah,al wehda,5.0,0.0,1.0,1.0,6.0,1.0
AaJpAqbD,flashscore,SP1,2425,2025-05-15,espanyol,barcelona,1.0,1.0,2.0,2.0,3.0,3.0
l22rPPYh,flashscore,SP1,2425,2025-05-15,getafe,ath bilbao,2.0,2.0,0.0,3.0,2.0,5.0
AHjiN335,flashscore,SP1,2425,2025-05-15,osasuna,atl. madrid,3.0,3.0,0.0,2.0,3.0,5.0
IsfaLsYH,flashscore,SP1,2425,2025-05-15,rayo vallecano,betis,6.0,5.0,4.0,2.0,10.0,7.0
SCe9wG7k,flashscore,SW1,2425,2025-05-15,servette,lugano,3.0,1.0,7.0,5.0,10.0,6.0
ruKxqxpS,flashscore,SW1,2425,2025-05-15,young boys,luzern,1.0,0.0,3.0,2.0,4.0,2.0
dhFKFATp,flashscore,TR2,2425,2025-05-15,istanbulspor as,boluspor,2.0,1.0,2.0,2.0,4.0,3.0
C0c7wELi,flashscore,TR2,2425,2025-05-15,bandirmaspor,erzurumspor,4.0,0.0,3.0,2.0,7.0,2.0
vyqEDHmC,flashscore,B1,2425,2025-05-16,leuven,westerlo,3.0,8.0,6.0,3.0,9.0,11.0
EcRgKrAN,flashscore,DK1,2425,2025-05-16,nordsjaelland,aarhus,2.0,0.0,1.0,1.0,3.0,1.0
jLXc70i4,flashscore,E0,2425,2025-05-16,chelsea,manchester utd,4.0,1.0,3.0,1.0,7.0,2.0
prBWju7N,flashscore,E0,2425,2025-05-16,aston villa,tottenham,2.0,1.0,7.0,0.0,9.0,1.0
EPTG9Ucd,flashscore,N1,2425,2025-05-16,cambuur,den bosch,4.0,1.0,6.0,0.0,14.0,1.0
Yk6HsZRa,flashscore,P1,2425,2025-05-16,famalicao,casa pia,6.0,1.0,7.0,3.0,13.0,4.0
tdTrbfCt,flashscore,P1,2425,2025-05-16,rio ave,gil vicente,4.0,3.0,2.0,4.0,6.0,7.0
zizT7lt2,flashscore,RO1,2425,2025-05-16,dinamo bucuresti,u. cluj,5.0,2.0,3.0,6.0,8.0,8.0
Gbycmqof,flashscore,RO1,2425,2025-05-16,otelul,farul constanta,5.0,1.0,1.0,4.0,6.0,5.0
QVH7FKKH,flashscore,SA1,2425,2025-05-16,al nassr,al taawon,1.0,1.0,11.0,0.0,12.0,1.0
G0tQX1zn,flashscore,SA1,2425,2025-05-16,al orubah,al khaleej,2.0,3.0,0.0,2.0,2.0,5.0
CSZYVu5b,flashscore,SA1,2425,2025-05-16,al fateh,al hilal,3.0,5.0,4.0,4.0,7.0,9.0
AR3fgRp9,flashscore,SP2,2425,2025-05-16,levante,albacete,5.0,3.0,2.0,3.0,7.0,6.0
Io6TnxMs,flashscore,B1,2425,2025-05-17,antwerp,royale union sg,0.0,0.0,1.0,2.0,1.0,2.0
z3xNBeIO,flashscore,B1,2425,2025-05-17,st. liege,dender,3.0,2.0,2.0,2.0,5.0,4.0
YmLinyG6,flashscore,D1,2425,2025-05-17,augsburg,union berlin,1.0,0.0,3.0,0.0,4.0,0.0
M91n8IxQ,flashscore,D1,2425,2025-05-17,b. monchengladbach,wolfsburg,3.0,5.0,4.0,5.0,7.0,10.0
KpeIXy1D,flashscore,D1,2425,2025-05-17,dortmund,holstein kiel,4.0,1.0,3.0,0.0,7.0,1.0
xMRrlcof,flashscore,D1,2425,2025-05-17,freiburg,eintracht frankfurt,4.0,5.0,0.0,2.0,4.0,7.0
48TzjJGs,flashscore,D1,2425,2025-05-17,heidenheim,werder bremen,3.0,3.0,3.0,1.0,6.0,4.0
nim4eugK,flashscore,D1,2425,2025-05-17,hoffenheim,bayern munich,0.0,4.0,1.0,0.0,1.0,4.0
tEOapFpJ,flashscore,D1,2425,2025-05-17,mainz,bayer leverkusen,4.0,1.0,3.0,2.0,7.0,3.0
bV69ZcW0,flashscore,D1,2425,2025-05-17,rb leipzig,stuttgart,0.0,4.0,5.0,4.0,5.0,8.0
Ig2H2d0m,flashscore,D1,2425,2025-05-17,st. pauli,bochum,5.0,3.0,2.0,1.0,7.0,4.0
2TI0VAEN,flashscore,F1,2425,2025-05-17,lens,monaco,2.0,4.0,3.0,0.0,5.0,4.0
QNNyyFpn,flashscore,F1,2425,2025-05-17,lille,reims,5.0,2.0,5.0,1.0,10.0,3.0
fsvIKg05,flashscore,F1,2425,2025-05-17,lyon,angers,3.0,3.0,5.0,5.0,8.0,8.0
nHzAMFVh,flashscore,F1,2425,2025-05-17,marseille,rennes,2.0,1.0,3.0,4.0,5.0,5.0
f3FhXWqB,flashscore,F1,2425,2025-05-17,nantes,montpellier,4.0,2.0,3.0,0.0,7.0,2.0
j9XQIXUH,flashscore,F1,2425,2025-05-17,nice,brest,4.0,0.0,1.0,2.0,5.0,2.0
KpaXPlxo,flashscore,F1,2425,2025-05-17,psg,auxerre,2.0,1.0,3.0,1.0,5.0,2.0
OMVYGBaU,flashscore,F1,2425,2025-05-17,st etienne,toulouse,3.0,2.0,4.0,4.0,7.0,6.0
YmRqZhFb,flashscore,F1,2425,2025-05-17,strasbourg,le havre,4.0,2.0,0.0,1.0,4.0,3.0
YcKYizC7,flashscore,F1,2425,2025-05-17,metz,dunkerque,4.0,5.0,6.0,2.0,10.0,7.0
06Zxld6l,flashscore,I1,2425,2025-05-17,genoa,atalanta,4.0,0.0,3.0,0.0,7.0,0.0
lAjFb9ad,flashscore,I2,2425,2025-05-17,juve stabia,palermo,4.0,1.0,2.0,6.0,6.0,7.0
GGr1MCi3,flashscore,I2,2425,2025-05-17,catanzaro,cesena,0.0,1.0,2.0,5.0,2.0,6.0
Ew9kOTCk,flashscore,N1,2425,2025-05-17,dordrecht,de graafschap,1.0,1.0,2.0,1.0,3.0,2.0
nTOAVBKF,flashscore,N1,2425,2025-05-17,den haag,telstar,3.0,1.0,2.0,1.0,5.0,2.0
88MxkHZP,flashscore,P1,2425,2025-05-17,afs,moreirense,1.0,1.0,1.0,3.0,2.0,4.0
GEZjRDsJ,flashscore,P1,2425,2025-05-17,arouca,boavista,1.0,5.0,1.0,6.0,2.0,11.0
f5fQuDdC,flashscore,P1,2425,2025-05-17,braga,benfica,4.0,3.0,2.0,3.0,6.0,6.0
E9RjdYtg,flashscore,P1,2425,2025-05-17,estoril,estrela,2.0,1.0,2.0,3.0,4.0,4.0
Sh39qecm,flashscore,P1,2425,2025-05-17,fc porto,nacional,1.0,4.0,1.0,4.0,2.0,8.0
KntrTZC6,flashscore,P1,2425,2025-05-17,sc farense,santa clara,3.0,3.0,0.0,3.0,3.0,6.0
2VcYwiRO,flashscore,P1,2425,2025-05-17,sporting cp,vitoria guimaraes,4.0,0.0,3.0,1.0,7.0,1.0
vPtK9ABk,flashscore,RO1,2425,2025-05-17,fcsb,univ. craiova,3.0,3.0,1.0,3.0,4.0,6.0
xEP5oNF6,flashscore,RO1,2425,2025-05-17,uta arad,gloria buzau,4.0,2.0,2.0,4.0,6.0,6.0
C8ogYP4c,flashscore,RS1,2425,2025-05-17,mladost,partizan,3.0,1.0,1.0,1.0,4.0,2.0
QHCzGrkT,flashscore,RS1,2425,2025-05-17,novi pazar,crvena zvezda,2.0,0.0,0.0,3.0,2.0,3.0
p2g7AMCj,flashscore,RS1,2425,2025-05-17,tsc,ofk beograd mozzart bet,2.0,3.0,1.0,2.0,3.0,5.0
YNZ1W3Z9,flashscore,RS1,2425,2025-05-17,vojvodina,radnicki 1923,0.0,2.0,2.0,5.0,2.0,7.0
ptYtUJZA,flashscore,SA1,2425,2025-05-17,al ahli sc,al kholood,2.0,1.0,0.0,0.0,2.0,1.0
I5EaHtj5,flashscore,SA1,2425,2025-05-17,al fayha,al okhdood,2.0,1.0,3.0,2.0,5.0,3.0
t8RkSc4N,flashscore,SA1,2425,2025-05-17,al ettifaq,damac,3.0,0.0,4.0,2.0,7.0,2.0
x8t8XqOk,flashscore,SP2,2425,2025-05-17,malaga,gijon,6.0,2.0,3.0,1.0,9.0,3.0
dlLYIp9d,flashscore,SP2,2425,2025-05-17,fc cartagena sad,tenerife,2.0,2.0,0.0,4.0,2.0,6.0
dOyrpN7e,flashscore,SP2,2425,2025-05-17,huesca,elche,2.0,0.0,5.0,0.0,7.0,0.0
txexw60S,flashscore,SP2,2425,2025-05-17,dep. la coruna,granada cf,2.0,1.0,1.0,3.0,3.0,4.0
Wth3i5FL,flashscore,SP2,2425,2025-05-17,eibar,burgos cf,1.0,1.0,2.0,0.0,3.0,1.0
l0kBcyaL,flashscore,SW1,2425,2025-05-17,sion,grasshoppers,2.0,1.0,1.0,2.0,3.0,3.0
Gni3acU8,flashscore,SW1,2425,2025-05-17,st. gallen,zurich,6.0,0.0,3.0,2.0,9.0,2.0
0v9Gyfx2,flashscore,SW1,2425,2025-05-17,winterthur,yverdon,2.0,0.0,7.0,3.0,9.0,3.0
vcbzEHL0,flashscore,TR1,2425,2025-05-17,adana demirspor,hatayspor,2.0,6.0,3.0,0.0,5.0,6.0
06PBCMp2,flashscore,B1,2425,2025-05-18,patro eisden,cercle brugge ksv,0.0,4.0,4.0,0.0,4.0,4.0
nRcpqfL6,flashscore,B1,2425,2025-05-18,gent,genk,4.0,2.0,3.0,0.0,7.0,2.0
jFCWVb3t,flashscore,B1,2425,2025-05-18,kv mechelen,charleroi,4.0,3.0,6.0,0.0,10.0,3.0
v1fxoGjf,flashscore,B1,2425,2025-05-18,anderlecht,club brugge kv,3.0,1.0,3.0,3.0,6.0,4.0
4UEN5vp4,flashscore,D2,2425,2025-05-18,braunschweig,nurnberg,2.0,4.0,4.0,3.0,6.0,7.0
OCY7B9GP,flashscore,D2,2425,2025-05-18,darmstadt,regensburg,3.0,4.0,3.0,3.0,6.0,7.0
r1sV3ccJ,flashscore,D2,2425,2025-05-18,fc koln,kaiserslautern,2.0,3.0,4.0,2.0,6.0,5.0
GADn4R8a,flashscore,D2,2425,2025-05-18,greuther furth,hamburger sv,1.0,4.0,3.0,3.0,4.0,7.0
OzHf25wC,flashscore,D2,2425,2025-05-18,hertha berlin,hannover,3.0,3.0,9.0,0.0,12.0,3.0
fePw6mvm,flashscore,D2,2425,2025-05-18,karlsruher sc,paderborn,2.0,2.0,0.0,2.0,2.0,4.0
82LE70Fi,flashscore,D2,2425,2025-05-18,magdeburg,dusseldorf,0.0,0.0,1.0,3.0,1.0,3.0
G8YSqcNp,flashscore,D2,2425,2025-05-18,schalke,elversberg,2.0,1.0,5.0,0.0,7.0,1.0
CfIV3IEG,flashscore,D2,2425,2025-05-18,ulm,preussen munster,0.0,3.0,0.0,3.0,0.0,6.0
ptIPEMXp,flashscore,DK1,2425,2025-05-18,randers fc,fc copenhagen,1.0,2.0,2.0,2.0,3.0,4.0
UmGuID0b,flashscore,DK1,2425,2025-05-18,sonderjyske,lyngby,2.0,4.0,1.0,5.0,3.0,9.0
Gt0PFNJU,flashscore,DK1,2425,2025-05-18,aalborg,silkeborg,0.0,5.0,1.0,3.0,1.0,8.0
dzIXJZVo,flashscore,DK1,2425,2025-05-18,viborg,vejle,4.0,1.0,10.0,2.0,14.0,3.0
xI7Oh1xB,flashscore,E0,2425,2025-05-18,arsenal,newcastle,7.0,4.0,3.0,3.0,10.0,7.0
2ai3oJUp,flashscore,E0,2425,2025-05-18,brentford,fulham,1.0,3.0,4.0,0.0,5.0,3.0
GpQqbdEj,flashscore,E0,2425,2025-05-18,leicester,ipswich,1.0,2.0,1.0,0.0,2.0,2.0
b7OC1VKr,flashscore,E0,2425,2025-05-18,west ham,nottingham,4.0,4.0,4.0,3.0,8.0,7.0
K0PE3IjT,flashscore,E0,2425,2025-05-18,everton,southampton,2.0,0.0,2.0,5.0,4.0,5.0
4IfycikJ,flashscore,I1,2425,2025-05-18,as roma,ac milan,3.0,0.0,1.0,2.0,4.0,2.0
YiJd8Qi3,flashscore,I1,2425,2025-05-18,cagliari,venezia,3.0,2.0,5.0,6.0,8.0,8.0
f77564MF,flashscore,I1,2425,2025-05-18,fiorentina,bologna,2.0,4.0,0.0,0.0,2.0,4.0
SIQgpE5D,flashscore,I1,2425,2025-05-18,inter,lazio,2.0,0.0,3.0,1.0,5.0,1.0
rR8t8HcK,flashscore,I1,2425,2025-05-18,juventus,udinese,9.0,2.0,3.0,1.0,12.0,3.0
E9aC2eLs,flashscore,I1,2425,2025-05-18,lecce,torino,2.0,2.0,1.0,2.0,3.0,4.0
zPmL0Zkf,flashscore,I1,2425,2025-05-18,monza,empoli,0.0,2.0,2.0,4.0,2.0,6.0
8j1SbDK6,flashscore,I1,2425,2025-05-18,parma,napoli,1.0,1.0,2.0,1.0,3.0,2.0
f5Sonzy1,flashscore,I1,2425,2025-05-18,verona,como,3.0,3.0,2.0,2.0,5.0,5.0
OrwJsE0m,flashscore,N1,2425,2025-05-18,ajax,twente,3.0,1.0,1.0,5.0,4.0,6.0
pbRRuhVa,flashscore,N1,2425,2025-05-18,az alkmaar,almere city,2.0,3.0,2.0,1.0,4.0,4.0
hp6Aj9qI,flashscore,N1,2425,2025-05-18,heerenveen,feyenoord,2.0,0.0,0.0,3.0,2.0,3.0
ljOrxAUO,flashscore,N1,2425,2025-05-18,heracles,nijmegen,4.0,1.0,5.0,4.0,9.0,5.0
42bhdDFt,flashscore,N1,2425,2025-05-18,nac breda,willem ii,1.0,1.0,3.0,3.0,4.0,4.0
hOUZwWaC,flashscore,N1,2425,2025-05-18,sittard,utrecht,6.0,1.0,3.0,2.0,9.0,3.0
0A9IlmEU,flashscore,N1,2425,2025-05-18,sparta rotterdam,psv,0.0,7.0,0.0,2.0,0.0,9.0
WUH1hVE5,flashscore,N1,2425,2025-05-18,waalwijk,g.a. eagles,2.0,4.0,2.0,7.0,4.0,11.0
O4Egfipg,flashscore,N1,2425,2025-05-18,zwolle,groningen,2.0,0.0,2.0,1.0,4.0,1.0
jHiIfRhK,flashscore,RO1,2425,2025-05-18,fc botosani,fc hermannstadt,1.0,3.0,1.0,0.0,2.0,3.0
A1Ylk5Gs,flashscore,RO1,2425,2025-05-18,poli iasi,petrolul,2.0,1.0,3.0,0.0,5.0,1.0
bN4WWN0D,flashscore,RO1,2425,2025-05-18,unirea slobozia,sepsi sf. gheorghe,6.0,1.0,0.0,1.0,6.0,2.0
d0L5DqUN,flashscore,RS1,2425,2025-05-18,jedinstvo u.,imt novi beograd,2.0,4.0,0.0,2.0,2.0,6.0
vLOU7Nio,flashscore,RS1,2425,2025-05-18,napredak,radnicki nis,2.0,4.0,3.0,4.0,5.0,8.0
OnNcF5aB,flashscore,RS1,2425,2025-05-18,tekstilac odzaci,cukaricki,0.0,4.0,0.0,1.0,0.0,5.0
SKTlHRUb,flashscore,RS1,2425,2025-05-18,zeleznicar pancevo,sp. subotica,5.0,0.0,2.0,0.0,7.0,0.0
lnM5Sbuo,flashscore,SP1,2425,2025-05-18,atl. madrid,betis,4.0,1.0,3.0,3.0,7.0,4.0
2R3hj2Xi,flashscore,SP1,2425,2025-05-18,barcelona,villarreal,7.0,3.0,4.0,0.0,11.0,3.0
zu20lt24,flashscore,SP1,2425,2025-05-18,celta vigo,rayo vallecano,4.0,2.0,5.0,0.0,9.0,2.0
phUkacGM,flashscore,SP1,2425,2025-05-18,las palmas,leganes,4.0,1.0,5.0,1.0,9.0,2.0
vXbHpb1T,flashscore,SP1,2425,2025-05-18,mallorca,getafe,2.0,0.0,1.0,4.0,3.0,4.0
jedXXnjK,flashscore,SP1,2425,2025-05-18,osasuna,espanyol,3.0,2.0,5.0,4.0,8.0,6.0
O4zluxPj,flashscore,SP1,2425,2025-05-18,real sociedad,girona,6.0,0.0,3.0,2.0,9.0,2.0
GCxZ2uHc,flashscore,SP1,2425,2025-05-18,sevilla,real madrid,1.0,2.0,0.0,5.0,1.0,7.0
W6e9nKWG,flashscore,SP1,2425,2025-05-18,valencia,ath bilbao,3.0,3.0,2.0,0.0,5.0,3.0
CvWs1JoA,flashscore,SP1,2425,2025-05-18,valladolid,alaves,1.0,6.0,4.0,3.0,5.0,9.0
jiIQK6vp,flashscore,SP2,2425,2025-05-18,almeria,racing santander,3.0,2.0,1.0,5.0,4.0,7.0
xpbLtl13,flashscore,SP2,2425,2025-05-18,castellon,eldense,0.0,4.0,4.0,2.0,4.0,6.0
rLB8VNh2,flashscore,SP2,2425,2025-05-18,oviedo,zaragoza,0.0,2.0,6.0,0.0,6.0,2.0
2PrZoqwq,flashscore,SP2,2425,2025-05-18,racing club ferrol,cadiz cf,1.0,2.0,3.0,4.0,4.0,6.0
zcNblXL7,flashscore,SW1,2425,2025-05-18,lausanne,lugano,2.0,2.0,9.0,0.0,11.0,2.0
EsZkjgie,flashscore,SW1,2425,2025-05-18,luzern,servette,1.0,3.0,1.0,4.0,2.0,7.0
8pWshFMr,flashscore,SW1,2425,2025-05-18,young boys,basel,2.0,5.0,1.0,2.0,3.0,7.0
IsARFwil,flashscore,TR1,2425,2025-05-18,alanyaspor,besiktas,2.0,2.0,2.0,0.0,4.0,2.0
nN1rCejD,flashscore,TR1,2425,2025-05-18,antalyaspor,gaziantep,4.0,3.0,1.0,3.0,5.0,6.0
06w1aI67,flashscore,TR1,2425,2025-05-18,bodrumspor,trabzonspor,2.0,3.0,3.0,1.0,5.0,4.0
lSJeLaTQ,flashscore,TR1,2425,2025-05-18,fenerbahce,eyupspor,6.0,0.0,1.0,2.0,7.0,2.0
h0QnNLbE,flashscore,TR1,2425,2025-05-18,galatasaray,kayserispor,4.0,3.0,1.0,0.0,5.0,3.0
YH62HjSh,flashscore,TR1,2425,2025-05-18,kasimpasa,basaksehir,3.0,0.0,3.0,2.0,6.0,2.0
048fJCct,flashscore,TR1,2425,2025-05-18,rizespor,goztepe,0.0,1.0,2.0,1.0,2.0,2.0
4vph1vxe,flashscore,TR1,2425,2025-05-18,samsunspor,sivasspor,3.0,2.0,2.0,2.0,5.0,4.0
0l0CxQPi,flashscore,DK1,2425,2025-05-19,brondby,midtjylland,4.0,3.0,6.0,0.0,10.0,3.0
fgvk9MMi,flashscore,E0,2425,2025-05-19,brighton,liverpool,1.0,1.0,2.0,2.0,3.0,3.0
2cSEViY8,flashscore,RO1,2425,2025-05-19,fc rapid bucuresti,cfr cluj,1.0,0.0,2.0,3.0,3.0,3.0
pA1TvSVF,flashscore,SP2,2425,2025-05-19,cordoba,mirandes,1.0,2.0,4.0,0.0,5.0,2.0
4IfMKUSb,flashscore,TR2,2425,2025-05-19,boluspor,bandirmaspor,1.0,1.0,3.0,2.0,4.0,3.0
boy65vMG,flashscore,E0,2425,2025-05-20,crystal palace,wolves,0.0,4.0,0.0,5.0,0.0,9.0
Wh8WLa6c,flashscore,E0,2425,2025-05-20,manchester city,bournemouth,0.0,0.0,3.0,1.0,3.0,1.0
bBE7VvG5,flashscore,N1,2425,2025-05-20,den bosch,telstar,1.0,4.0,3.0,3.0,4.0,7.0
O00scI3c,flashscore,SA1,2425,2025-05-20,al shabab,al ittihad,4.0,0.0,5.0,2.0,9.0,2.0
df8eZEBj,flashscore,SA1,2425,2025-05-20,al taawon,al riyadh,4.0,0.0,1.0,2.0,5.0,2.0
rBWxnhed,flashscore,SA1,2425,2025-05-20,al qadsiah,al orubah,2.0,3.0,2.0,3.0,4.0,6.0
0zyA2tFi,flashscore,F1,2425,2025-05-21,metz,reims,4.0,5.0,2.0,1.0,6.0,6.0
zkB77Sdl,flashscore,I2,2425,2025-05-21,catanzaro,spezia,0.0,4.0,1.0,3.0,1.0,7.0
212O3pdD,flashscore,I2,2425,2025-05-21,juve stabia,cremonese,1.0,3.0,2.0,2.0,3.0,5.0
rDk5pyiM,flashscore,N1,2425,2025-05-21,dordrecht,willem ii,7.0,1.0,2.0,9.0,9.0,10.0
hthbgz3M,flashscore,SA1,2425,2025-05-21,al wehda,al hilal,2.0,1.0,4.0,6.0,6.0,7.0
AcYUmEQq,flashscore,SA1,2425,2025-05-21,al kholood,al fayha,1.0,1.0,2.0,5.0,3.0,6.0
SOkXvylT,flashscore,SA1,2425,2025-05-21,al nassr,al khaleej,6.0,1.0,1.0,2.0,7.0,3.0
IRP7PTFk,flashscore,D1,2425,2025-05-22,heidenheim,elversberg,2.0,2.0,2.0,2.0,4.0,4.0
0lMV0dy3,flashscore,N1,2425,2025-05-22,twente,nijmegen,1.0,0.0,1.0,5.0,5.0,8.0
dGFvaz6F,flashscore,N1,2425,2025-05-22,az alkmaar,heerenveen,1.0,0.0,3.0,1.0,4.0,1.0
fBiPtcJG,flashscore,SA1,2425,2025-05-22,al ahli sc,al ettifaq,2.0,1.0,3.0,2.0,5.0,3.0
bqbGrJl4,flashscore,SA1,2425,2025-05-22,damac,al fateh,3.0,0.0,2.0,4.0,5.0,4.0
pGljedY9,flashscore,SA1,2425,2025-05-22,al okhdood,al raed,1.0,4.0,2.0,2.0,3.0,6.0
23FpCzEE,flashscore,SW1,2425,2025-05-22,grasshoppers,st. gallen,6.0,0.0,4.0,1.0,10.0,1.0
f1fP4h6l,flashscore,SW1,2425,2025-05-22,winterthur,sion,8.0,1.0,2.0,1.0,10.0,2.0
bV8gAErR,flashscore,SW1,2425,2025-05-22,yverdon,zurich,2.0,2.0,2.0,0.0,4.0,2.0
SCHczQx9,flashscore,B1,2425,2025-05-23,cercle brugge ksv,patro eisden,0.0,2.0,3.0,1.0,3.0,3.0
xAqhVbnB,flashscore,D2,2425,2025-05-23,saarbrucken,braunschweig,0.0,2.0,2.0,4.0,2.0,6.0
UalTTXJt,flashscore,I1,2425,2025-05-23,como,inter,1.0,2.0,0.0,2.0,1.0,4.0
jefgM7IU,flashscore,I1,2425,2025-05-23,napoli,cagliari,6.0,2.0,2.0,1.0,8.0,3.0
KQ2GTIpI,flashscore,N1,2425,2025-05-23,telstar,den bosch,1.0,3.0,3.0,1.0,6.0,7.0
OCGNTV2L,flashscore,RO1,2425,2025-05-23,cfr cluj,fcsb,5.0,0.0,3.0,2.0,8.0,2.0
6RGGVQqh,flashscore,RS1,2425,2025-05-23,cukaricki,zeleznicar pancevo,1.0,1.0,2.0,0.0,3.0,1.0
AZDUiF8d,flashscore,SP1,2425,2025-05-23,betis,valencia,1.0,1.0,2.0,1.0,3.0,2.0
OKANI8cB,flashscore,TR2,2425,2025-05-23,bandirmaspor,boluspor,1.0,2.0,2.0,5.0,3.0,7.0
AHSXTxYh,flashscore,B1,2425,2025-05-24,charleroi,leuven,1.0,4.0,3.0,2.0,4.0,6.0
vcKlQfXH,flashscore,B1,2425,2025-05-24,dender,kv mechelen,3.0,0.0,4.0,0.0,7.0,0.0
IsWuSG25,flashscore,B1,2425,2025-05-24,westerlo,st. liege,8.0,1.0,0.0,5.0,8.0,6.0
INReEVaN,flashscore,DK1,2425,2025-05-24,lyngby,aalborg,0.0,0.0,0.0,2.0,0.0,2.0
QF9lGiVA,flashscore,DK1,2425,2025-05-24,silkeborg,viborg,3.0,2.0,2.0,1.0,5.0,3.0
2e3S89Np,flashscore,DK1,2425,2025-05-24,vejle,sonderjyske,2.0,1.0,2.0,6.0,4.0,7.0
M1eruO26,flashscore,E1,2425,2025-05-24,sheffield utd,sunderland,1.0,3.0,0.0,3.0,1.0,6.0
Uu6pOTmI,flashscore,I1,2425,2025-05-24,ac milan,monza,3.0,3.0,1.0,3.0,4.0,6.0
jZII9UYO,flashscore,I1,2425,2025-05-24,bologna,genoa,2.0,1.0,11.0,0.0,13.0,1.0
EetyuFEq,flashscore,N1,2425,2025-05-24,willem ii,dordrecht,3.0,3.0,2.0,4.0,9.0,9.0
xn9SqjhD,flashscore,P1,2425,2025-05-24,afs,vizela,3.0,3.0,0.0,4.0,3.0,7.0
KdHhO9Qr,flashscore,RO1,2425,2025-05-24,univ. craiova,dinamo bucuresti,3.0,3.0,1.0,3.0,4.0,6.0
GOA1Mmee,flashscore,RO1,2425,2025-05-24,u. cluj,fc rapid bucuresti,7.0,3.0,2.0,1.0,9.0,4.0
vPEtPLRq,flashscore,RS1,2425,2025-05-24,crvena zvezda,mladost,5.0,1.0,10.0,1.0,15.0,2.0
z78XRrqH,flashscore,RS1,2425,2025-05-24,imt novi beograd,napredak,1.0,4.0,2.0,2.0,3.0,6.0
GGGuQMDT,flashscore,RS1,2425,2025-05-24,radnicki nis,jedinstvo u.,1.0,0.0,1.0,4.0,2.0,4.0
St5PT4E4,flashscore,RS1,2425,2025-05-24,sp. subotica,tekstilac odzaci,5.0,1.0,5.0,1.0,10.0,2.0
befPDdVF,flashscore,SP1,2425,2025-05-24,alaves,osasuna,5.0,3.0,0.0,6.0,5.0,9.0
pCQ6i6ED,flashscore,SP1,2425,2025-05-24,getafe,celta vigo,1.0,1.0,1.0,5.0,2.0,6.0
CIIhF96K,flashscore,SP1,2425,2025-05-24,rayo vallecano,mallorca,6.0,0.0,5.0,2.0,11.0,2.0
nuc2SQDs,flashscore,SP1,2425,2025-05-24,espanyol,las palmas,1.0,3.0,2.0,3.0,3.0,6.0
hdCcelFl,flashscore,SP1,2425,2025-05-24,leganes,valladolid,2.0,1.0,1.0,3.0,3.0,4.0
jVjHFI03,flashscore,SP1,2425,2025-05-24,real madrid,real sociedad,5.0,2.0,6.0,2.0,11.0,4.0
Uyzjr1x8,flashscore,SP2,2425,2025-05-24,albacete,racing club ferrol,6.0,1.0,3.0,5.0,9.0,6.0
2PjLODcK,flashscore,SW1,2425,2025-05-24,basel,luzern,3.0,3.0,2.0,2.0,5.0,5.0
MTDY0A5D,flashscore,SW1,2425,2025-05-24,lugano,young boys,2.0,0.0,0.0,1.0,2.0,1.0
E3AQ2Wz1,flashscore,SW1,2425,2025-05-24,servette,lausanne,1.0,0.0,4.0,2.0,5.0,2.0
COgUVksn,flashscore,TR1,2425,2025-05-24,gaziantep,kasimpasa,3.0,4.0,0.0,4.0,3.0,8.0
hY1xUTBb,flashscore,TR1,2425,2025-05-24,goztepe,galatasaray,4.0,3.0,3.0,3.0,7.0,6.0
MDggQoBN,flashscore,TR1,2425,2025-05-24,eyupspor,antalyaspor,2.0,2.0,0.0,4.0,2.0,6.0
EVACnTRb,flashscore,B1,2425,2025-05-25,club brugge kv,antwerp,2.0,0.0,6.0,2.0,8.0,2.0
I3H3lkcn,flashscore,B1,2425,2025-05-25,genk,anderlecht,2.0,1.0,1.0,3.0,3.0,4.0
Sz6hsYkJ,flashscore,B1,2425,2025-05-25,royale union sg,gent,5.0,4.0,2.0,0.0,7.0,4.0
0UHTWLgT,flashscore,DK1,2425,2025-05-25,aarhus,brondby,2.0,0.0,4.0,3.0,6.0,3.0
h4ELYsPG,flashscore,DK1,2425,2025-05-25,fc copenhagen,nordsjaelland,4.0,1.0,2.0,0.0,6.0,1.0
Y1bKz4f4,flashscore,DK1,2425,2025-05-25,midtjylland,randers fc,1.0,1.0,5.0,2.0,6.0,3.0
44RKa9ke,flashscore,E0,2425,2025-05-25,bournemouth,leicester,3.0,1.0,3.0,0.0,6.0,1.0
QJFTcmK7,flashscore,E0,2425,2025-05-25,fulham,manchester city,0.0,4.0,1.0,2.0,1.0,6.0
hQ7FLjCE,flashscore,E0,2425,2025-05-25,ipswich,west ham,0.0,0.0,4.0,0.0,4.0,0.0
lh1OJUtR,flashscore,E0,2425,2025-05-25,liverpool,crystal palace,4.0,0.0,7.0,0.0,11.0,0.0
pOnfE84l,flashscore,E0,2425,2025-05-25,manchester utd,aston villa,1.0,2.0,3.0,1.0,4.0,3.0
4Q2eCnZ0,flashscore,E0,2425,2025-05-25,newcastle,everton,8.0,2.0,4.0,1.0,12.0,3.0
Cj63AQ3D,flashscore,E0,2425,2025-05-25,nottingham,chelsea,3.0,1.0,4.0,3.0,7.0,4.0
hnqjYTeK,flashscore,E0,2425,2025-05-25,southampton,arsenal,3.0,5.0,2.0,3.0,5.0,8.0
OUZLS7Js,flashscore,E0,2425,2025-05-25,tottenham,brighton,1.0,4.0,1.0,7.0,2.0,11.0
4vrUQolf,flashscore,E0,2425,2025-05-25,wolves,brentford,3.0,0.0,5.0,3.0,8.0,3.0
r9FABj4C,flashscore,I1,2425,2025-05-25,atalanta,parma,3.0,3.0,2.0,3.0,5.0,6.0
2DnySBlg,flashscore,I1,2425,2025-05-25,empoli,verona,6.0,0.0,7.0,1.0,13.0,1.0
MF2xQkJ5,flashscore,I1,2425,2025-05-25,lazio,lecce,5.0,4.0,9.0,0.0,14.0,4.0
tKZ2tB3n,flashscore,I1,2425,2025-05-25,torino,as roma,2.0,1.0,0.0,0.0,2.0,1.0
MTsBvkYb,flashscore,I1,2425,2025-05-25,udinese,fiorentina,1.0,1.0,1.0,7.0,2.0,8.0
fstJxT2B,flashscore,I1,2425,2025-05-25,venezia,juventus,3.0,2.0,3.0,4.0,6.0,6.0
Um4G56R0,flashscore,I2,2425,2025-05-25,spezia,catanzaro,1.0,1.0,1.0,1.0,2.0,2.0
I9pBRmlK,flashscore,I2,2425,2025-05-25,cremonese,juve stabia,2.0,4.0,4.0,0.0,6.0,4.0
GEu1xAXp,flashscore,N1,2425,2025-05-25,az alkmaar,twente,0.0,1.0,3.0,1.0,3.0,2.0
ALpx4MmC,flashscore,RO1,2425,2025-05-25,poli iasi,metaloglobus bucharest,3.0,2.0,3.0,1.0,6.0,3.0
Speyo3l3,flashscore,RS1,2425,2025-05-25,ofk beograd mozzart bet,novi pazar,2.0,3.0,4.0,5.0,6.0,8.0
CxDlNadd,flashscore,RS1,2425,2025-05-25,partizan,vojvodina,1.0,2.0,2.0,3.0,3.0,5.0
KvY9Us4M,flashscore,RS1,2425,2025-05-25,radnicki 1923,tsc,5.0,2.0,1.0,4.0,6.0,6.0
4xBMgyvp,flashscore,SP1,2425,2025-05-25,ath bilbao,barcelona,0.0,4.0,2.0,2.0,2.0,6.0
djfP9mUs,flashscore,SP1,2425,2025-05-25,villarreal,sevilla,2.0,1.0,1.0,4.0,3.0,5.0
Q9A5gSq1,flashscore,SP1,2425,2025-05-25,girona,atl. madrid,1.0,3.0,0.0,5.0,1.0,8.0
nD4zjDeE,flashscore,SP2,2425,2025-05-25,burgos cf,levante,2.0,1.0,2.0,4.0,4.0,5.0
hCW7X4um,flashscore,SP2,2425,2025-05-25,cadiz cf,huesca,1.0,1.0,2.0,1.0,3.0,2.0
0dbcrMg5,flashscore,SP2,2425,2025-05-25,eibar,cordoba,4.0,2.0,4.0,3.0,8.0,5.0
ERKGVrAa,flashscore,SP2,2425,2025-05-25,elche,malaga,7.0,1.0,2.0,0.0,9.0,1.0
0rJOTMvC,flashscore,SP2,2425,2025-05-25,eldense,racing santander,3.0,1.0,2.0,2.0,5.0,3.0
CMnsn4ft,flashscore,SP2,2425,2025-05-25,gijon,fc cartagena sad,2.0,1.0,1.0,1.0,3.0,2.0
8ltjprPh,flashscore,SP2,2425,2025-05-25,granada cf,castellon,6.0,0.0,5.0,2.0,11.0,2.0
dACXR09O,flashscore,SP2,2425,2025-05-25,mirandes,almeria,3.0,2.0,1.0,4.0,4.0,6.0
UyjEvvgU,flashscore,SP2,2425,2025-05-25,tenerife,oviedo,0.0,0.0,0.0,1.0,0.0,1.0
MBn6t0OH,flashscore,SP2,2425,2025-05-25,zaragoza,dep. la coruna,1.0,3.0,3.0,3.0,4.0,6.0
hKM3FUd5,flashscore,TR1,2425,2025-05-25,basaksehir,adana demirspor,2.0,0.0,8.0,0.0,10.0,0.0
MaEKBndU,flashscore,TR1,2425,2025-05-25,besiktas,rizespor,3.0,1.0,3.0,6.0,6.0,7.0
YiNBrTQi,flashscore,TR1,2425,2025-05-25,kayserispor,bodrumspor,4.0,3.0,4.0,3.0,8.0,6.0
Qo0pS7tB,flashscore,TR1,2425,2025-05-25,konyaspor,alanyaspor,2.0,2.0,4.0,0.0,6.0,2.0
hdpPKPYp,flashscore,TR1,2425,2025-05-25,trabzonspor,samsunspor,7.0,1.0,4.0,1.0,11.0,2.0
EgJGN7p2,flashscore,D1,2425,2025-05-26,elversberg,heidenheim,0.0,2.0,3.0,0.0,3.0,2.0
MaEfM33t,flashscore,RO1,2425,2025-05-26,fc voluntari,unirea slobozia,2.0,4.0,3.0,4.0,5.0,8.0
YHde0rG6,flashscore,SA1,2425,2025-05-26,al ettifaq,al wehda,0.0,5.0,1.0,3.0,1.0,8.0
6qIX7ZHF,flashscore,SA1,2425,2025-05-26,al fateh,al nassr,5.0,3.0,3.0,3.0,8.0,6.0
0A989ngK,flashscore,SA1,2425,2025-05-26,al fayha,al shabab,3.0,4.0,4.0,4.0,7.0,8.0
Kfju4QGs,flashscore,SA1,2425,2025-05-26,al hilal,al qadsiah,3.0,2.0,0.0,0.0,3.0,2.0
QXU5kR1l,flashscore,SA1,2425,2025-05-26,al ittihad,damac,2.0,0.0,1.0,0.0,3.0,0.0
bJEP9em3,flashscore,SA1,2425,2025-05-26,al khaleej,al okhdood,3.0,3.0,0.0,8.0,3.0,11.0
8GMMoq1D,flashscore,SA1,2425,2025-05-26,al orubah,al taawon,1.0,4.0,2.0,4.0,3.0,8.0
ClTDm5W0,flashscore,SA1,2425,2025-05-26,al raed,al kholood,1.0,1.0,3.0,2.0,4.0,3.0
C28n24of,flashscore,SA1,2425,2025-05-26,al riyadh,al ahli sc,0.0,3.0,4.0,3.0,4.0,6.0
0pQBD8RH,flashscore,TR1,2425,2025-05-26,hatayspor,fenerbahce,2.0,4.0,0.0,4.0,2.0,8.0
WA1QCjWq,flashscore,D2,2425,2025-05-27,braunschweig,saarbrucken,3.0,1.0,2.0,1.0,6.0,6.0
02F4dVOG,flashscore,SW1,2425,2025-05-27,grasshoppers,aarau,1.0,1.0,2.0,2.0,3.0,3.0
rHwu6FLO,flashscore,RS1,2425,2025-05-28,macva,radnicki nis,1.0,6.0,0.0,3.0,1.0,9.0
vPtO9cMa,flashscore,RS1,2425,2025-05-28,mladost gat,napredak,2.0,2.0,1.0,2.0,3.0,4.0
thPCUuEb,flashscore,B1,2425,2025-05-29,antwerp,charleroi,1.0,4.0,1.0,3.0,2.0,7.0
d2UI0Kq4,flashscore,F1,2425,2025-05-29,reims,metz,3.0,3.0,1.0,0.0,4.0,6.0
vk8r5GOH,flashscore,I2,2425,2025-05-29,cremonese,spezia,1.0,1.0,3.0,0.0,4.0,1.0
nRHuT4M6,flashscore,N1,2425,2025-05-29,telstar,willem ii,4.0,0.0,3.0,1.0,7.0,1.0
ANgymNT7,flashscore,TR2,2425,2025-05-29,karagumruk,bandirmaspor,2.0,3.0,3.0,1.0,7.0,7.0
0IZXfawB,flashscore,SP2,2425,2025-05-30,castellon,zaragoza,5.0,2.0,3.0,1.0,8.0,3.0
YTSBf9gT,flashscore,SW1,2425,2025-05-30,aarau,grasshoppers,1.0,4.0,2.0,2.0,3.0,6.0
GzFSvoQG,flashscore,TR1,2425,2025-05-30,antalyaspor,trabzonspor,2.0,2.0,0.0,0.0,2.0,2.0
fkIlpt2d,flashscore,TR1,2425,2025-05-30,galatasaray,basaksehir,3.0,2.0,1.0,1.0,4.0,3.0
MyKtn2Xq,flashscore,TR1,2425,2025-05-30,kasimpasa,goztepe,2.0,2.0,2.0,3.0,4.0,5.0
ELa79bh4,flashscore,SP2,2425,2025-05-31,malaga,burgos cf,3.0,2.0,6.0,2.0,9.0,4.0
hGECmHVp,flashscore,SP2,2425,2025-05-31,racing club ferrol,gijon,2.0,2.0,0.0,2.0,2.0,4.0
2iwAiO9M,flashscore,TR1,2425,2025-05-31,adana demirspor,gaziantep,5.0,1.0,2.0,1.0,7.0,2.0
K8LJt7e4,flashscore,TR1,2425,2025-05-31,alanyaspor,sivasspor,2.0,2.0,3.0,0.0,5.0,2.0
fRZ1gpuA,flashscore,TR1,2425,2025-05-31,fenerbahce,konyaspor,3.0,0.0,3.0,2.0,6.0,2.0
8Yg7X2Ij,flashscore,TR1,2425,2025-05-31,rizespor,hatayspor,5.0,2.0,2.0,6.0,7.0,8.0
vTWoR9xA,flashscore,DK1,2425,2025-06-01,randers fc,silkeborg,1.0,4.0,3.0,1.0,4.0,5.0
pnBj3fgU,flashscore,I2,2425,2025-06-01,spezia,cremonese,2.0,2.0,0.0,2.0,2.0,4.0
KvGmRriJ,flashscore,N1,2425,2025-06-01,willem ii,telstar,2.0,1.0,5.0,3.0,7.0,4.0
2uT67gpK,flashscore,P1,2425,2025-06-01,vizela,afs,3.0,3.0,8.0,0.0,11.0,3.0
Iolp20IO,flashscore,RO1,2425,2025-06-01,metaloglobus bucharest,poli iasi,1.0,5.0,0.0,3.0,1.0,8.0
zizX7yiC,flashscore,RS1,2425,2025-06-01,napredak,mladost gat,6.0,0.0,6.0,1.0,12.0,1.0
nV3kQI6t,flashscore,RS1,2425,2025-06-01,radnicki nis,macva,6.0,0.0,1.0,4.0,7.0,4.0
KM6bBKNi,flashscore,SP2,2425,2025-06-01,cordoba,albacete,6.0,3.0,3.0,2.0,9.0,5.0
82LObsvn,flashscore,SP2,2425,2025-06-01,almeria,tenerife,0.0,4.0,2.0,2.0,2.0,6.0
8rwtgw8N,flashscore,SP2,2425,2025-06-01,dep. la coruna,elche,1.0,0.0,1.0,0.0,2.0,0.0
tGJWdL8b,flashscore,SP2,2425,2025-06-01,fc cartagena sad,mirandes,1.0,1.0,3.0,5.0,4.0,6.0
Eqrf0fFj,flashscore,SP2,2425,2025-06-01,huesca,eldense,3.0,2.0,1.0,2.0,4.0,4.0
r1iO5GiT,flashscore,SP2,2425,2025-06-01,levante,eibar,1.0,3.0,3.0,5.0,4.0,8.0
nZcF7xNG,flashscore,SP2,2425,2025-06-01,oviedo,cadiz cf,5.0,1.0,3.0,2.0,8.0,3.0
fuLtOc7c,flashscore,SP2,2425,2025-06-01,racing santander,granada cf,1.0,1.0,4.0,0.0,5.0,1.0
YBoge6Ac,flashscore,TR1,2425,2025-06-01,bodrumspor,besiktas,4.0,2.0,3.0,1.0,7.0,3.0
llDzwPfT,flashscore,TR1,2425,2025-06-01,samsunspor,kayserispor,7.0,2.0,5.0,2.0,12.0,4.0
UPH2KsYh,flashscore,RO1,2425,2025-06-02,unirea slobozia,fc voluntari,0.0,1.0,2.0,2.0,4.0,3.0
4S1CD2GO,flashscore,SP2,2425,2025-06-07,almeria,oviedo,2.0,4.0,4.0,0.0,6.0,4.0
G6VUVqWh,flashscore,SP2,2425,2025-06-08,racing santander,mirandes,5.0,2.0,3.0,2.0,8.0,4.0
KvxMX51t,flashscore,SP2,2425,2025-06-11,oviedo,almeria,1.0,2.0,3.0,3.0,4.0,5.0
8EmxUN05,flashscore,SP2,2425,2025-06-12,mirandes,racing santander,2.0,2.0,0.0,5.0,2.0,7.0
foS0sMtf,flashscore,I2,2425,2025-06-15,sampdoria,salernitana,5.0,0.0,2.0,1.0,7.0,1.0
jV4z059E,flashscore,SP2,2425,2025-06-15,mirandes,oviedo,1.0,0.0,3.0,1.0,4.0,1.0
be8rbqvR,flashscore,SP2,2425,2025-06-21,oviedo,mirandes,4.0,1.0,1.0,2.0,6.0,4.0
2BV8u0B6,flashscore,I2,2425,2025-06-22,salernitana,sampdoria,2.0,4.0,0.0,1.0,2.0,5.0
AFgkVVfe,flashscore,DK1,2526,2025-11-09,brondby,nordsjaelland,2.0,3.0,1.0,4.0,3.0,7.0
Em0tXiQr,flashscore,DK1,2526,2025-11-09,aarhus,sonderjyske,3.0,0.0,3.0,6.0,6.0,6.0
4xFOqV9l,flashscore,DK1,2526,2025-11-09,randers fc,midtjylland,2.0,4.0,5.0,0.0,7.0,4.0
IuccT9P7,flashscore,DK1,2526,2025-11-09,fredericia,viborg,1.0,4.0,0.0,4.0,1.0,8.0
phYikinR,flashscore,DK1,2526,2025-11-09,vejle,fc copenhagen,1.0,2.0,3.0,4.0,4.0,6.0
xjDWs9v1,flashscore,DK1,2526,2025-11-21,silkeborg,aarhus,2.0,3.0,3.0,1.0,5.0,4.0
UwkcbUOs,flashscore,DK1,2526,2025-11-23,sonderjyske,midtjylland,4.0,4.0,3.0,3.0,7.0,7.0
p6DQ3j1K,flashscore,DK1,2526,2025-11-23,nordsjaelland,fredericia,5.0,0.0,5.0,1.0,10.0,1.0
YVoEfnO6,flashscore,DK1,2526,2025-11-23,viborg,vejle,2.0,1.0,3.0,4.0,5.0,5.0
YH6utm9D,flashscore,DK1,2526,2025-11-23,fc copenhagen,brondby,3.0,2.0,3.0,2.0,6.0,4.0
x4h5d8gf,flashscore,DK1,2526,2025-11-24,randers fc,odense,8.0,1.0,3.0,5.0,11.0,6.0
pjXm7P7C,flashscore,DK1,2526,2025-11-28,sonderjyske,viborg,0.0,6.0,2.0,2.0,2.0,8.0
xQTu9ow0,flashscore,DK1,2526,2025-11-30,odense,vejle,4.0,2.0,0.0,3.0,4.0,5.0
GAuXA78m,flashscore,DK1,2526,2025-11-30,midtjylland,nordsjaelland,5.0,0.0,1.0,1.0,6.0,1.0
6qpMhQhJ,flashscore,DK1,2526,2025-11-30,aarhus,fc copenhagen,3.0,2.0,5.0,4.0,8.0,6.0
xOlMlHio,flashscore,DK1,2526,2025-11-30,silkeborg,randers fc,6.0,0.0,3.0,6.0,9.0,6.0
pSl1GTpQ,flashscore,DK1,2526,2025-12-01,brondby,fredericia,3.0,2.0,5.0,1.0,8.0,3.0
QqVGAbE4,flashscore,DK1,2526,2025-12-05,fredericia,odense,2.0,3.0,5.0,3.0,7.0,6.0
UHy8CKqh,flashscore,DK1,2526,2025-12-07,fc copenhagen,sonderjyske,2.0,4.0,6.0,0.0,8.0,4.0
fPMX6GDT,flashscore,DK1,2526,2025-12-07,randers fc,aarhus,2.0,2.0,1.0,2.0,3.0,4.0
Y9YO8xqH,flashscore,DK1,2526,2025-12-07,nordsjaelland,silkeborg,5.0,2.0,2.0,2.0,7.0,4.0
8phm96fc,flashscore,DK1,2526,2025-12-07,viborg,midtjylland,0.0,3.0,2.0,6.0,2.0,9.0
j9N21fyi,flashscore,DK1,2526,2025-12-08,vejle,brondby,1.0,3.0,0.0,2.0,1.0,5.0
vV5H0Nx9,flashscore,B2,2526,2026-01-25,beveren,k. lierse s.k.,4.0,0.0,5.0,2.0,9.0,2.0
MgZjp2hS,flashscore,B2,2526,2026-01-25,gent u23,francs borains,4.0,1.0,5.0,1.0,9.0,2.0
GUZbD0ME,flashscore,B2,2526,2026-01-27,beerschot va,seraing,3.0,0.0,2.0,1.0,5.0,1.0
8SEw6IEl,flashscore,B2,2526,2026-01-27,club brugge kv u23,kortrijk,2.0,1.0,2.0,3.0,4.0,4.0
EPHo4dq1,flashscore,B2,2526,2026-01-27,eupen,sporting lokeren,3.0,1.0,3.0,7.0,6.0,8.0
zu6f2zED,flashscore,B2,2526,2026-01-27,genk u23,rwdm brussels,3.0,1.0,0.0,1.0,3.0,2.0
0MiCkcU7,flashscore,B2,2526,2026-01-27,patro eisden,oc charleroi,1.0,0.0,4.0,0.0,5.0,0.0
Sfv5iJae,flashscore,B2,2526,2026-01-27,rfc liege,lommel sk,5.0,2.0,1.0,1.0,6.0,3.0
lrY6BviR,flashscore,B2,2526,2026-01-28,anderlecht u23,k. lierse s.k.,4.0,1.0,5.0,0.0,9.0,1.0
0KM59iLt,flashscore,B2,2526,2026-01-28,gent u23,beveren,2.0,2.0,1.0,3.0,3.0,5.0
UaEM59K5,flashscore,B2,2526,2026-01-30,club brugge kv u23,seraing,1.0,2.0,0.0,5.0,1.0,7.0
l2UN3mkI,flashscore,B2,2526,2026-01-30,genk u23,eupen,5.0,1.0,4.0,4.0,9.0,5.0
Odf20ZaN,flashscore,B2,2526,2026-01-31,lommel sk,patro eisden,2.0,0.0,5.0,2.0,7.0,2.0
dSXV1RJU,flashscore,B2,2526,2026-01-31,rwdm brussels,gent u23,0.0,2.0,2.0,3.0,2.0,5.0
29pv6wWo,flashscore,B2,2526,2026-01-31,anderlecht u23,rfc liege,3.0,4.0,2.0,0.0,5.0,4.0
dnGE7Vkg,flashscore,B2,2526,2026-01-31,oc charleroi,francs borains,4.0,3.0,3.0,2.0,7.0,5.0
WWKa26n4,flashscore,SW1,2526,2026-01-31,grasshoppers,lugano,1.0,5.0,2.0,1.0,3.0,6.0
EFCGbOoT,flashscore,SW1,2526,2026-01-31,servette,sion,1.0,0.0,1.0,0.0,2.0,0.0
Aobng29j,flashscore,SW1,2526,2026-01-31,winterthur,lausanne,2.0,5.0,2.0,3.0,4.0,8.0
AZmn4H0b,flashscore,B2,2526,2026-02-01,k. lierse s.k.,beerschot va,0.0,4.0,2.0,5.0,2.0,9.0
jqdf2eVA,flashscore,B2,2526,2026-02-01,kortrijk,sporting lokeren,2.0,3.0,6.0,5.0,8.0,8.0
AHWj4SHi,flashscore,SW1,2526,2026-02-01,basel,thun,2.0,5.0,2.0,1.0,4.0,6.0
QgtZG51c,flashscore,SW1,2526,2026-02-01,young boys,zurich,6.0,3.0,1.0,1.0,7.0,4.0
ImJ70pHG,flashscore,SW1,2526,2026-02-01,luzern,st. gallen,2.0,0.0,4.0,2.0,6.0,2.0
WMuBTXT9,flashscore,B2,2526,2026-02-06,patro eisden,genk u23,0.0,4.0,2.0,0.0,2.0,4.0
rsyZfDNp,flashscore,B2,2526,2026-02-06,rfc liege,k. lierse s.k.,5.0,1.0,0.0,0.0,5.0,1.0
AmTKIGFi,flashscore,B2,2526,2026-02-07,beerschot va,club brugge kv u23,5.0,2.0,2.0,4.0,7.0,6.0
W2HTGfp4,flashscore,B2,2526,2026-02-07,seraing,anderlecht u23,2.0,1.0,5.0,1.0,7.0,2.0
AHfG7j7j,flashscore,B2,2526,2026-02-07,sporting lokeren,oc charleroi,2.0,1.0,4.0,4.0,6.0,5.0
IJFyFYEG,flashscore,B2,2526,2026-02-07,eupen,kortrijk,1.0,4.0,2.0,5.0,3.0,9.0
0E7WrCd2,flashscore,SW1,2526,2026-02-07,grasshoppers,young boys,4.0,3.0,1.0,1.0,5.0,4.0
S09OpYRk,flashscore,SW1,2526,2026-02-07,sion,luzern,2.0,2.0,1.0,2.0,3.0,4.0
8GSijf4S,flashscore,SW1,2526,2026-02-07,winterthur,lugano,0.0,2.0,2.0,1.0,2.0,3.0
Eo9pDCqT,flashscore,B2,2526,2026-02-08,beveren,lommel sk,0.0,0.0,2.0,2.0,2.0,2.0
QPx3Vgac,flashscore,B2,2526,2026-02-08,francs borains,rwdm brussels,2.0,0.0,2.0,4.0,4.0,4.0
xQq45OgM,flashscore,DK1,2526,2026-02-08,brondby,randers fc,2.0,6.0,3.0,2.0,5.0,8.0
f1GULqv3,flashscore,DK1,2526,2026-02-08,midtjylland,fc copenhagen,1.0,3.0,3.0,4.0,4.0,7.0
6uzz02Hq,flashscore,DK1,2526,2026-02-08,nordsjaelland,sonderjyske,4.0,1.0,1.0,1.0,5.0,2.0
SfOrbtnd,flashscore,DK1,2526,2026-02-08,silkeborg,viborg,1.0,7.0,3.0,4.0,4.0,11.0
fVVfqt8r,flashscore,SW1,2526,2026-02-08,basel,zurich,3.0,2.0,5.0,2.0,8.0,4.0
AcfOl2pL,flashscore,SW1,2526,2026-02-08,lausanne,st. gallen,2.0,2.0,4.0,1.0,6.0,3.0
IkxHjOF8,flashscore,SW1,2526,2026-02-08,servette,thun,1.0,5.0,4.0,1.0,5.0,6.0
tbje7pP9,flashscore,DK1,2526,2026-02-09,aarhus,odense,7.0,1.0,2.0,0.0,9.0,1.0
jT9wKN8F,flashscore,DK1,2526,2026-02-09,vejle,fredericia,6.0,3.0,4.0,1.0,10.0,4.0
2eZ2sKxe,flashscore,SW1,2526,2026-02-10,luzern,grasshoppers,3.0,0.0,2.0,3.0,5.0,3.0
AJVb1uUQ,flashscore,SW1,2526,2026-02-11,lugano,servette,1.0,1.0,0.0,4.0,1.0,5.0
jHFc31aE,flashscore,SW1,2526,2026-02-11,st. gallen,young boys,3.0,3.0,3.0,2.0,6.0,5.0
bNSBub77,flashscore,SW1,2526,2026-02-11,zurich,winterthur,1.0,1.0,2.0,1.0,3.0,2.0
2HAwfcM0,flashscore,SW1,2526,2026-02-12,sion,basel,2.0,3.0,4.0,4.0,6.0,7.0
t2MUeJil,flashscore,SW1,2526,2026-02-12,thun,lausanne,3.0,2.0,6.0,1.0,9.0,3.0
hYkZJKdD,flashscore,B2,2526,2026-02-13,club brugge kv u23,patro eisden,1.0,3.0,0.0,1.0,1.0,4.0
OhbIN2cl,flashscore,B2,2526,2026-02-13,k. lierse s.k.,seraing,1.0,3.0,1.0,0.0,2.0,3.0
61BACu1k,flashscore,DK1,2526,2026-02-13,randers fc,vejle,1.0,4.0,1.0,3.0,2.0,7.0
IgWptBDF,flashscore,B2,2526,2026-02-14,genk u23,rfc liege,0.0,4.0,4.0,3.0,4.0,7.0
hxUJRBbM,flashscore,B2,2526,2026-02-14,kortrijk,beerschot va,1.0,3.0,3.0,2.0,4.0,5.0
p8nRLtS0,flashscore,B2,2526,2026-02-14,rwdm brussels,sporting lokeren,2.0,1.0,3.0,2.0,5.0,3.0
KnEbKTjd,flashscore,B2,2526,2026-02-14,lommel sk,anderlecht u23,5.0,3.0,1.0,3.0,6.0,6.0
Ot8oI1wS,flashscore,DK1,2526,2026-02-14,fc copenhagen,nordsjaelland,2.0,3.0,2.0,3.0,4.0,6.0
ny9UG09N,flashscore,N1,2526,2026-02-14,groningen,utrecht,1.0,4.0,1.0,4.0,2.0,8.0
bFxmZsPi,flashscore,N1,2526,2026-02-14,ajax,sittard,3.0,0.0,1.0,0.0,4.0,0.0
W8p1BvXp,flashscore,N1,2526,2026-02-14,excelsior,az alkmaar,6.0,1.0,1.0,4.0,7.0,5.0
CbE5M4un,flashscore,N1,2526,2026-02-14,heracles,nac breda,3.0,0.0,1.0,3.0,4.0,3.0
dO7eHGL6,flashscore,RO1,2526,2026-02-14,u. cluj,csikszereda m. ciuc,0.0,0.0,0.0,2.0,0.0,2.0
dxmUVFz0,flashscore,RO1,2526,2026-02-14,metaloglobus bucharest,otelul,2.0,0.0,2.0,3.0,4.0,3.0
f9I5cWSh,flashscore,SW1,2526,2026-02-14,young boys,winterthur,5.0,0.0,3.0,2.0,8.0,2.0
AsEohyiD,flashscore,SW1,2526,2026-02-14,st. gallen,grasshoppers,4.0,1.0,1.0,1.0,5.0,2.0
MeKcahbt,flashscore,SW1,2526,2026-02-14,zurich,luzern,1.0,3.0,4.0,3.0,5.0,6.0
OKKkMkMq,flashscore,B2,2526,2026-02-15,francs borains,beveren,3.0,1.0,2.0,1.0,5.0,2.0
fNi5YMN8,flashscore,DK1,2526,2026-02-15,viborg,brondby,1.0,3.0,2.0,0.0,3.0,3.0
2meDW0hL,flashscore,DK1,2526,2026-02-15,odense,midtjylland,1.0,6.0,3.0,0.0,4.0,6.0
EREIAJV1,flashscore,DK1,2526,2026-02-15,fredericia,aarhus,3.0,1.0,1.0,10.0,4.0,11.0
YXre21fU,flashscore,N1,2526,2026-02-15,heerenveen,zwolle,1.0,2.0,1.0,3.0,2.0,5.0
visu6qe5,flashscore,N1,2526,2026-02-15,telstar,twente,3.0,3.0,0.0,3.0,3.0,6.0
pCCDKrAb,flashscore,N1,2526,2026-02-15,feyenoord,g.a. eagles,8.0,1.0,11.0,1.0,19.0,2.0
QHvoSXZO,flashscore,RO1,2526,2026-02-15,univ. craiova,fcsb,3.0,2.0,0.0,3.0,3.0,5.0
0AgLXy6m,flashscore,RO1,2526,2026-02-15,farul constanta,fc rapid bucuresti,5.0,3.0,0.0,4.0,5.0,7.0
z9JnJxif,flashscore,RO1,2526,2026-02-15,uta arad,fc botosani,1.0,5.0,3.0,3.0,4.0,8.0
KG3ViSdU,flashscore,SW1,2526,2026-02-15,basel,lugano,1.0,0.0,4.0,1.0,5.0,1.0
b1FMglSH,flashscore,SW1,2526,2026-02-15,lausanne,servette,4.0,0.0,3.0,4.0,7.0,4.0
jyCEeAc5,flashscore,SW1,2526,2026-02-15,thun,sion,2.0,2.0,3.0,3.0,5.0,5.0
6FjqRvGr,flashscore,DK1,2526,2026-02-16,sonderjyske,silkeborg,0.0,0.0,3.0,3.0,3.0,3.0
42jxUg5C,flashscore,RO1,2526,2026-02-16,dinamo bucuresti,unirea slobozia,5.0,0.0,9.0,2.0,14.0,2.0
4lB3FfjJ,flashscore,RO1,2526,2026-02-16,fc hermannstadt,cfr cluj,4.0,1.0,2.0,3.0,6.0,4.0
06Vm4NPH,flashscore,N1,2526,2026-02-17,sparta rotterdam,nijmegen,4.0,2.0,4.0,3.0,8.0,5.0
UTHhiLM5,flashscore,SW1,2526,2026-02-18,winterthur,st. gallen,2.0,1.0,1.0,9.0,3.0,10.0
Sj4HWctJ,flashscore,B2,2526,2026-02-20,anderlecht u23,genk u23,0.0,6.0,3.0,2.0,3.0,8.0
hYXZludm,flashscore,B2,2526,2026-02-20,rfc liege,club brugge kv u23,3.0,1.0,1.0,3.0,4.0,4.0
21zno07E,flashscore,DK1,2526,2026-02-20,nordsjaelland,vejle,5.0,2.0,0.0,1.0,5.0,3.0
IuyyOHGj,flashscore,N1,2526,2026-02-20,sittard,excelsior,1.0,2.0,4.0,1.0,5.0,3.0
ja83pFkg,flashscore,RO1,2526,2026-02-20,fc botosani,u. cluj,3.0,3.0,6.0,0.0,9.0,3.0
fXEfnyLt,flashscore,RO1,2526,2026-02-20,otelul,uta arad,1.0,7.0,4.0,4.0,5.0,11.0
Ymi3f1YP,flashscore,B2,2526,2026-02-21,eupen,francs borains,4.0,1.0,2.0,4.0,6.0,5.0
2qJix2Cs,flashscore,B2,2526,2026-02-21,k. lierse s.k.,gent u23,2.0,4.0,3.0,3.0,5.0,7.0
bBC0ztsf,flashscore,B2,2526,2026-02-21,sporting lokeren,lommel sk,2.0,0.0,2.0,5.0,4.0,5.0
QoWsmJQa,flashscore,B2,2526,2026-02-21,seraing,kortrijk,,,,,0.0,0.0
23wbiAkC,flashscore,D1,2526,2026-02-21,rb leipzig,dortmund,2.0,1.0,4.0,1.0,6.0,2.0
Gn7GD06E,flashscore,D1,2526,2026-02-21,bayern munich,eintracht frankfurt,7.0,1.0,1.0,1.0,8.0,2.0
lK1u4mZH,flashscore,D1,2526,2026-02-21,fc koln,hoffenheim,3.0,3.0,0.0,7.0,3.0,10.0
Es7G9i5t,flashscore,D1,2526,2026-02-21,union berlin,bayer leverkusen,3.0,2.0,1.0,3.0,4.0,5.0
ATt6klKO,flashscore,D1,2526,2026-02-21,wolfsburg,augsburg,1.0,6.0,3.0,4.0,4.0,10.0
6kVrJTPO,flashscore,D2,2526,2026-02-21,schalke,magdeburg,1.0,1.0,3.0,1.0,4.0,2.0
vwvSMBQa,flashscore,D2,2526,2026-02-21,darmstadt,dusseldorf,0.0,4.0,4.0,7.0,4.0,11.0
ELy18CB6,flashscore,D2,2526,2026-02-21,elversberg,braunschweig,0.0,0.0,4.0,0.0,4.0,0.0
nuamUgYP,flashscore,D2,2526,2026-02-21,karlsruher sc,holstein kiel,0.0,4.0,3.0,0.0,3.0,4.0
MkmKSiim,flashscore,DK1,2526,2026-02-21,odense,fc copenhagen,1.0,2.0,3.0,2.0,4.0,4.0
QwtIRNsf,flashscore,E0,2526,2026-02-21,manchester city,newcastle,5.0,2.0,0.0,3.0,5.0,5.0
4laoTzJb,flashscore,E0,2526,2026-02-21,west ham,bournemouth,3.0,1.0,6.0,4.0,9.0,5.0
G8MZEpbl,flashscore,E0,2526,2026-02-21,aston villa,leeds,4.0,2.0,3.0,0.0,7.0,2.0
CzGrDOS0,flashscore,E0,2526,2026-02-21,brentford,brighton,3.0,4.0,3.0,0.0,6.0,4.0
IXIjB2cD,flashscore,E0,2526,2026-02-21,chelsea,burnley,3.0,2.0,6.0,3.0,9.0,5.0
EPuKN8M7,flashscore,N1,2526,2026-02-21,ajax,nijmegen,3.0,5.0,3.0,2.0,6.0,7.0
SfU3VaOG,flashscore,N1,2526,2026-02-21,nac breda,fc volendam,5.0,0.0,1.0,3.0,6.0,3.0
fsWeXLg4,flashscore,N1,2526,2026-02-21,psv,heerenveen,3.0,1.0,6.0,2.0,9.0,3.0
WIFzqNVo,flashscore,RO1,2526,2026-02-21,fc rapid bucuresti,dinamo bucuresti,3.0,0.0,4.0,8.0,7.0,8.0
Kv0KtXlI,flashscore,RO1,2526,2026-02-21,cfr cluj,petrolul,4.0,1.0,2.0,2.0,6.0,3.0
QVySYynQ,flashscore,RS1,2526,2026-02-21,vojvodina,novi pazar,3.0,2.0,10.0,1.0,13.0,3.0
8juiTF9m,flashscore,RS1,2526,2026-02-21,ofk beograd mozzart bet,zeleznicar pancevo,2.0,1.0,0.0,2.0,2.0,3.0
pdzGNBwP,flashscore,RS1,2526,2026-02-21,radnik,napredak,3.0,1.0,5.0,3.0,8.0,4.0
UkDWuo2t,flashscore,SA1,2526,2026-02-21,al hilal,al ittihad,3.0,2.0,1.0,1.0,4.0,3.0
SAd4YK0U,flashscore,SA1,2526,2026-02-21,al khaleej,neom sc,3.0,4.0,1.0,3.0,4.0,7.0
fcbdzsWH,flashscore,SA1,2526,2026-02-21,al nassr,al hazem,0.0,3.0,3.0,2.0,3.0,5.0
4Mpe8msB,flashscore,SW1,2526,2026-02-21,grasshoppers,zurich,3.0,0.0,7.0,4.0,10.0,4.0
W8nmA9Cb,flashscore,SW1,2526,2026-02-21,servette,st. gallen,3.0,5.0,4.0,0.0,7.0,5.0
pb9fy5nR,flashscore,TR1,2526,2026-02-21,konyaspor,galatasaray,2.0,0.0,1.0,4.0,3.0,4.0
b5TaFNP7,flashscore,TR1,2526,2026-02-21,alanyaspor,basaksehir,3.0,0.0,3.0,2.0,6.0,2.0
4rjRVrAl,flashscore,TR1,2526,2026-02-21,eyupspor,genclerbirligi,1.0,2.0,2.0,2.0,3.0,4.0
lYnVxcXi,flashscore,B1,2526,2026-02-22,westerlo,charleroi,0.0,2.0,0.0,4.0,0.0,6.0
dbjwyy24,flashscore,B1,2526,2026-02-22,waregem,anderlecht,1.0,3.0,5.0,1.0,6.0,4.0
xfJCKFHN,flashscore,B1,2526,2026-02-22,raal la louviere,kv mechelen,2.0,2.0,2.0,2.0,4.0,4.0
OAsfXh1T,flashscore,B1,2526,2026-02-22,genk,st. liege,4.0,5.0,5.0,0.0,9.0,5.0
6DXLsOlK,flashscore,B2,2526,2026-02-22,beerschot va,rwdm brussels,1.0,0.0,3.0,2.0,4.0,2.0
6yG8YJB6,flashscore,B2,2526,2026-02-22,patro eisden,beveren,3.0,2.0,2.0,2.0,5.0,4.0
G63X5945,flashscore,D1,2526,2026-02-22,heidenheim,stuttgart,0.0,2.0,3.0,2.0,3.0,4.0
M7AO7VZh,flashscore,D1,2526,2026-02-22,st. pauli,werder bremen,1.0,2.0,0.0,3.0,1.0,5.0
AmPlehjm,flashscore,D1,2526,2026-02-22,freiburg,b. monchengladbach,1.0,2.0,2.0,1.0,3.0,3.0
WCzKOXem,flashscore,D2,2526,2026-02-22,hannover,sg dynamo dresden,4.0,2.0,5.0,0.0,9.0,2.0
KY616jtJ,flashscore,D2,2526,2026-02-22,paderborn,hertha berlin,4.0,2.0,0.0,5.0,4.0,7.0
pG0gwXAt,flashscore,D2,2526,2026-02-22,preussen munster,kaiserslautern,2.0,3.0,4.0,2.0,6.0,5.0
vTliPIpe,flashscore,DK1,2526,2026-02-22,aarhus,viborg,5.0,1.0,1.0,0.0,6.0,1.0
4YvyP9jC,flashscore,DK1,2526,2026-02-22,silkeborg,midtjylland,3.0,4.0,3.0,2.0,6.0,6.0
86oSQVLa,flashscore,DK1,2526,2026-02-22,randers fc,fredericia,7.0,0.0,7.0,3.0,14.0,3.0
rZAxVdln,flashscore,E0,2526,2026-02-22,tottenham,arsenal,1.0,4.0,1.0,1.0,2.0,5.0
bTewZ5kK,flashscore,E0,2526,2026-02-22,crystal palace,wolves,4.0,3.0,3.0,0.0,7.0,3.0
bivQP1C6,flashscore,E0,2526,2026-02-22,nottingham,liverpool,3.0,0.0,4.0,2.0,7.0,2.0
IgfRNusJ,flashscore,E0,2526,2026-02-22,sunderland,fulham,6.0,1.0,0.0,3.0,6.0,4.0
YamKoCw2,flashscore,F1,2526,2026-02-22,strasbourg,lyon,3.0,2.0,1.0,0.0,4.0,2.0
rkcdKWqR,flashscore,F1,2526,2026-02-22,angers,lille,0.0,2.0,1.0,5.0,1.0,7.0
KGB1bkN7,flashscore,F1,2526,2026-02-22,nantes,le havre,3.0,5.0,2.0,1.0,5.0,6.0
n3Dg0Bhe,flashscore,F1,2526,2026-02-22,nice,lorient,3.0,4.0,0.0,3.0,3.0,7.0
SMYSEA7l,flashscore,F1,2526,2026-02-22,auxerre,rennes,1.0,2.0,3.0,3.0,4.0,5.0
byENoL8c,flashscore,N1,2526,2026-02-22,feyenoord,telstar,4.0,1.0,1.0,0.0,5.0,1.0
IcnBPUie,flashscore,N1,2526,2026-02-22,az alkmaar,sparta rotterdam,1.0,6.0,1.0,1.0,2.0,7.0
ncp5TwgT,flashscore,N1,2526,2026-02-22,g.a. eagles,heracles,2.0,2.0,2.0,3.0,4.0,5.0
61HVqawA,flashscore,N1,2526,2026-02-22,utrecht,zwolle,3.0,2.0,3.0,2.0,6.0,4.0
ppl3RjNr,flashscore,N1,2526,2026-02-22,twente,groningen,1.0,3.0,3.0,1.0,4.0,4.0
xvgKAtmC,flashscore,P1,2526,2026-02-22,fc porto,rio ave,3.0,0.0,7.0,1.0,10.0,1.0
dKXpdsYI,flashscore,P1,2526,2026-02-22,estoril,gil vicente,1.0,1.0,0.0,3.0,1.0,4.0
zBCiuuVA,flashscore,RO1,2526,2026-02-22,unirea slobozia,univ. craiova,1.0,2.0,1.0,4.0,2.0,6.0
Qy3SvBJU,flashscore,RO1,2526,2026-02-22,fc arges,farul constanta,2.0,1.0,6.0,0.0,8.0,1.0
YyktBYgJ,flashscore,RS1,2526,2026-02-22,tsc,cukaricki,4.0,0.0,4.0,2.0,8.0,2.0
GGraRgv0,flashscore,RS1,2526,2026-02-22,crvena zvezda,partizan,3.0,3.0,3.0,1.0,6.0,4.0
xWW7PX8C,flashscore,RS1,2526,2026-02-22,sp. subotica,radnicki 1923,0.0,2.0,2.0,0.0,2.0,2.0
AX6NRNkt,flashscore,RS1,2526,2026-02-22,radnicki nis,imt novi beograd,0.0,3.0,1.0,4.0,1.0,7.0
Aa7MO8Ri,flashscore,SW1,2526,2026-02-22,lugano,lausanne,1.0,1.0,0.0,6.0,1.0,7.0
U3UZ05Zp,flashscore,SW1,2526,2026-02-22,luzern,basel,4.0,2.0,3.0,3.0,7.0,5.0
0lv46RBN,flashscore,SW1,2526,2026-02-22,sion,young boys,1.0,2.0,1.0,1.0,2.0,3.0
CpBnwRHE,flashscore,TR1,2526,2026-02-22,besiktas,goztepe,6.0,3.0,3.0,1.0,9.0,4.0
juQiHqee,flashscore,TR1,2526,2026-02-22,karagumruk,samsunspor,4.0,1.0,1.0,0.0,5.0,1.0
UPyqJ5Qr,flashscore,TR1,2526,2026-02-22,gaziantep,trabzonspor,2.0,2.0,9.0,2.0,11.0,4.0
OQ9ByEtA,flashscore,TR1,2526,2026-02-22,kayserispor,antalyaspor,3.0,4.0,2.0,1.0,5.0,5.0
zer0NdF7,flashscore,DK1,2526,2026-02-23,brondby,sonderjyske,2.0,5.0,3.0,1.0,5.0,6.0
UBn9TqDs,flashscore,E0,2526,2026-02-23,everton,manchester utd,1.0,0.0,9.0,1.0,10.0,1.0
4CFwb336,flashscore,P1,2526,2026-02-23,famalicao,casa pia,3.0,1.0,4.0,6.0,7.0,7.0
vqJrs10b,flashscore,RO1,2526,2026-02-23,fcsb,metaloglobus bucharest,5.0,1.0,4.0,1.0,9.0,2.0
OC6BrgK5,flashscore,RO1,2526,2026-02-23,csikszereda m. ciuc,fc hermannstadt,3.0,3.0,3.0,5.0,6.0,8.0
xAeXCfP6,flashscore,RS1,2526,2026-02-23,javor,mladost,2.0,2.0,3.0,3.0,5.0,5.0
KS3k2kMt,flashscore,SA1,2526,2026-02-23,al fateh,al okhdood,3.0,2.0,4.0,1.0,7.0,3.0
xlAWoUy0,flashscore,SA1,2526,2026-02-23,al qadsiah,al ettifaq,2.0,0.0,1.0,0.0,3.0,0.0
A18vp86C,flashscore,SA1,2526,2026-02-23,al shabab,al riyadh,2.0,4.0,3.0,5.0,5.0,9.0
Usm5V8iJ,flashscore,SA1,2526,2026-02-23,damac,al ahli sc,2.0,2.0,3.0,1.0,5.0,3.0
4OgAwzCc,flashscore,TR1,2526,2026-02-23,fenerbahce,kasimpasa,1.0,1.0,7.0,0.0,8.0,1.0
Ct1prXr3,flashscore,B2,2526,2026-02-24,gent u23,oc charleroi,4.0,4.0,2.0,4.0,6.0,8.0
tMGNmj7m,flashscore,SA1,2526,2026-02-24,al hazem,al ittihad,2.0,1.0,1.0,1.0,3.0,2.0
l8e6b7L5,flashscore,SA1,2526,2026-02-24,al khaleej,al kholood,3.0,3.0,6.0,1.0,9.0,4.0
AwQigCqQ,flashscore,SA1,2526,2026-02-24,al taawon,al hilal,0.0,2.0,1.0,6.0,1.0,8.0
trhb0Tjg,flashscore,SA1,2526,2026-02-25,al fayha,neom sc,3.0,3.0,4.0,0.0,7.0,3.0
U3OurnyP,flashscore,SA1,2526,2026-02-25,al najma,al nassr,0.0,4.0,2.0,5.0,2.0,9.0
zsgvCVsn,flashscore,SW1,2526,2026-02-25,winterthur,thun,1.0,6.0,4.0,1.0,5.0,7.0
b5Ld3u04,flashscore,SA1,2526,2026-02-26,al fateh,damac,1.0,2.0,2.0,2.0,3.0,4.0
On7Ej2Gb,flashscore,SA1,2526,2026-02-26,al riyadh,al ahli sc,0.0,2.0,0.0,4.0,0.0,6.0
0f1dkRME,flashscore,B1,2526,2026-02-27,st. liege,raal la louviere,4.0,2.0,0.0,1.0,4.0,3.0
fu3XczuI,flashscore,B2,2526,2026-02-27,gent u23,patro eisden,0.0,3.0,2.0,1.0,2.0,4.0
MR4PadA5,flashscore,B2,2526,2026-02-27,kortrijk,rfc liege,1.0,1.0,5.0,2.0,6.0,3.0
xbauZ7Yi,flashscore,D1,2526,2026-02-27,augsburg,fc koln,2.0,3.0,4.0,6.0,6.0,9.0
0CjIXSvI,flashscore,D2,2526,2026-02-27,dusseldorf,bochum,9.0,0.0,1.0,3.0,10.0,3.0
SvnXRc8d,flashscore,D2,2526,2026-02-27,sg dynamo dresden,darmstadt,1.0,1.0,0.0,7.0,1.0,8.0
S4iAhinA,flashscore,E0,2526,2026-02-27,wolves,aston villa,0.0,2.0,0.0,3.0,0.0,5.0
dEAxVMcn,flashscore,F1,2526,2026-02-27,strasbourg,lens,2.0,3.0,0.0,5.0,2.0,8.0
tWX5oCEE,flashscore,N1,2526,2026-02-27,telstar,nac breda,5.0,1.0,5.0,3.0,10.0,4.0
ryEuEFg4,flashscore,P1,2526,2026-02-27,sporting cp,estoril,1.0,1.0,3.0,0.0,4.0,1.0
p0AdAXhT,flashscore,P1,2526,2026-02-27,fc porto,arouca,2.0,0.0,3.0,1.0,5.0,1.0
xfTNXdNp,flashscore,RO1,2526,2026-02-27,u. cluj,otelul,3.0,1.0,2.0,3.0,5.0,4.0
40L9e0Fi,flashscore,RO1,2526,2026-02-27,fc hermannstadt,fc botosani,7.0,3.0,3.0,1.0,10.0,4.0
2wSm51Vi,flashscore,SA1,2526,2026-02-27,al hazem,al ettifaq,2.0,0.0,1.0,3.0,3.0,3.0
hSbVnKFN,flashscore,SA1,2526,2026-02-27,al ittihad,al khaleej,5.0,2.0,1.0,5.0,6.0,7.0
p2eNltoB,flashscore,SA1,2526,2026-02-27,al shabab,al hilal,1.0,1.0,1.0,3.0,2.0,4.0
QVqTk41K,flashscore,TR1,2526,2026-02-27,basaksehir,konyaspor,2.0,2.0,3.0,5.0,5.0,7.0
EeIGt0O6,flashscore,TR1,2526,2026-02-27,trabzonspor,karagumruk,2.0,2.0,3.0,2.0,5.0,4.0
reOQRWOj,flashscore,B1,2526,2026-02-28,anderlecht,leuven,7.0,4.0,2.0,4.0,9.0,8.0
CYK1Tq0e,flashscore,B1,2526,2026-02-28,antwerp,st. truiden,1.0,2.0,2.0,2.0,3.0,4.0
G6RhV5Vr,flashscore,B1,2526,2026-02-28,kv mechelen,waregem,0.0,4.0,1.0,4.0,1.0,8.0
IZ783vBt,flashscore,B2,2526,2026-02-28,club brugge kv u23,anderlecht u23,1.0,4.0,3.0,1.0,4.0,5.0
ELsbqyQO,flashscore,B2,2526,2026-02-28,francs borains,beerschot va,1.0,4.0,3.0,2.0,4.0,6.0
MDPjoceC,flashscore,B2,2526,2026-02-28,genk u23,k. lierse s.k.,2.0,2.0,5.0,1.0,7.0,3.0
QaBG1Iug,flashscore,B2,2526,2026-02-28,beveren,oc charleroi,4.0,2.0,3.0,5.0,7.0,7.0
dQO6K8Jb,flashscore,D1,2526,2026-02-28,dortmund,bayern munich,3.0,1.0,2.0,1.0,5.0,2.0
pnel2R3U,flashscore,D1,2526,2026-02-28,bayer leverkusen,mainz,0.0,1.0,6.0,1.0,6.0,2.0
MkHhB4to,flashscore,D1,2526,2026-02-28,b. monchengladbach,union berlin,4.0,1.0,2.0,1.0,6.0,2.0
re2mXo34,flashscore,D1,2526,2026-02-28,hoffenheim,st. pauli,4.0,3.0,6.0,0.0,10.0,3.0
UixEInlB,flashscore,D1,2526,2026-02-28,werder bremen,heidenheim,2.0,1.0,1.0,1.0,3.0,2.0
8IDqllPb,flashscore,D2,2526,2026-02-28,greuther furth,schalke,2.0,3.0,2.0,2.0,4.0,5.0
KErPTJwp,flashscore,D2,2526,2026-02-28,arminia bielefeld,hannover,6.0,2.0,3.0,1.0,9.0,3.0
ht41yBug,flashscore,D2,2526,2026-02-28,holstein kiel,elversberg,3.0,3.0,2.0,4.0,5.0,7.0
dvpRV69U,flashscore,D2,2526,2026-02-28,kaiserslautern,paderborn,2.0,1.0,1.0,1.0,3.0,2.0
YsWzvhXG,flashscore,E0,2526,2026-02-28,leeds,manchester city,2.0,2.0,3.0,1.0,5.0,3.0
42vKszYi,flashscore,E0,2526,2026-02-28,burnley,brentford,2.0,4.0,2.0,4.0,4.0,8.0
KbUrxW1T,flashscore,E0,2526,2026-02-28,liverpool,west ham,8.0,2.0,2.0,3.0,10.0,5.0
Wxb1fDHc,flashscore,E0,2526,2026-02-28,newcastle,everton,5.0,1.0,2.0,1.0,7.0,2.0
hOA1PhIN,flashscore,E0,2526,2026-02-28,bournemouth,sunderland,4.0,2.0,3.0,1.0,7.0,3.0
0lnzDlx1,flashscore,F1,2526,2026-02-28,le havre,psg,1.0,2.0,2.0,1.0,3.0,3.0
lASUYVbK,flashscore,F1,2526,2026-02-28,monaco,angers,3.0,0.0,2.0,2.0,5.0,2.0
dGuqBS6D,flashscore,F1,2526,2026-02-28,rennes,toulouse,1.0,0.0,5.0,1.0,6.0,1.0
8n1gx8y1,flashscore,N1,2526,2026-02-28,nijmegen,sittard,6.0,3.0,4.0,2.0,10.0,5.0
t0a1zn6D,flashscore,N1,2526,2026-02-28,heracles,psv,1.0,4.0,2.0,1.0,3.0,5.0
2oMEqjqR,flashscore,N1,2526,2026-02-28,heerenveen,sparta rotterdam,4.0,3.0,1.0,3.0,5.0,6.0
j1HmCgOG,flashscore,P1,2526,2026-02-28,vitoria guimaraes,alverca,0.0,4.0,0.0,7.0,0.0,11.0
44sNQhwA,flashscore,P1,2526,2026-02-28,nacional,braga,1.0,3.0,2.0,3.0,3.0,6.0
M3W0JAVq,flashscore,P1,2526,2026-02-28,afs,estrela,2.0,5.0,5.0,4.0,7.0,9.0
YuDQiIEG,flashscore,RO1,2526,2026-02-28,farul constanta,cfr cluj,2.0,1.0,0.0,0.0,2.0,1.0
EZAgeiL8,flashscore,RO1,2526,2026-02-28,univ. craiova,metaloglobus bucharest,3.0,1.0,9.0,0.0,12.0,1.0
x8Q4v1Zo,flashscore,RS1,2526,2026-02-28,partizan,ofk beograd mozzart bet,3.0,1.0,2.0,4.0,5.0,5.0
YZJDxu4b,flashscore,RS1,2526,2026-02-28,zeleznicar pancevo,vojvodina,4.0,3.0,3.0,6.0,7.0,9.0
0lzfIAIq,flashscore,RS1,2526,2026-02-28,cukaricki,mladost,3.0,1.0,1.0,1.0,4.0,2.0
6mILzJYA,flashscore,RS1,2526,2026-02-28,novi pazar,tsc,1.0,5.0,2.0,1.0,3.0,6.0
6VO41JUG,flashscore,SA1,2526,2026-02-28,al fayha,al nassr,2.0,4.0,1.0,1.0,3.0,5.0
xKbqfyNj,flashscore,SA1,2526,2026-02-28,al najma,al okhdood,2.0,2.0,1.0,0.0,3.0,2.0
Aqu2sbwo,flashscore,SA1,2526,2026-02-28,al qadsiah,al taawon,6.0,0.0,8.0,0.0,14.0,0.0
SpDDacaT,flashscore,SA1,2526,2026-02-28,neom sc,al kholood,0.0,1.0,6.0,2.0,6.0,3.0
n52oJ4eT,flashscore,SW1,2526,2026-02-28,servette,sion,2.0,3.0,3.0,1.0,5.0,4.0
Ei4wLQQG,flashscore,SW1,2526,2026-02-28,st. gallen,winterthur,5.0,3.0,5.0,0.0,10.0,3.0
IPAUMnd4,flashscore,SW1,2526,2026-02-28,thun,luzern,6.0,1.0,3.0,4.0,9.0,5.0
ITO7rMgf,flashscore,TR1,2526,2026-02-28,galatasaray,alanyaspor,3.0,0.0,1.0,0.0,4.0,0.0
YNsrS09D,flashscore,TR1,2526,2026-02-28,goztepe,eyupspor,3.0,0.0,2.0,2.0,5.0,2.0
pGQaprPs,flashscore,TR1,2526,2026-02-28,kocaelispor,besiktas,0.0,1.0,1.0,3.0,1.0,4.0
WWlscL8m,flashscore,TR1,2526,2026-02-28,kasimpasa,rizespor,1.0,2.0,1.0,3.0,2.0,5.0
pnJ9RNU7,flashscore,B1,2526,2026-03-01,cercle brugge ksv,dender,6.0,2.0,3.0,2.0,9.0,4.0
A1GCkzHc,flashscore,B1,2526,2026-03-01,charleroi,club brugge kv,2.0,3.0,0.0,1.0,2.0,4.0
h2J3m5iR,flashscore,B1,2526,2026-03-01,westerlo,royale union sg,1.0,2.0,4.0,1.0,5.0,3.0
WG4LmEoA,flashscore,B1,2526,2026-03-01,genk,gent,4.0,4.0,3.0,4.0,7.0,8.0
EsJYeE9U,flashscore,B2,2526,2026-03-01,lommel sk,seraing,2.0,5.0,6.0,0.0,8.0,5.0
46brGHfn,flashscore,B2,2526,2026-03-01,rwdm brussels,eupen,2.0,1.0,0.0,2.0,2.0,3.0
4AjdVPXG,flashscore,D1,2526,2026-03-01,hamburger sv,rb leipzig,3.0,4.0,1.0,5.0,4.0,9.0
zBzbMUln,flashscore,D1,2526,2026-03-01,eintracht frankfurt,freiburg,1.0,2.0,4.0,4.0,5.0,6.0
QJVMGQIN,flashscore,D1,2526,2026-03-01,stuttgart,wolfsburg,5.0,1.0,2.0,2.0,7.0,3.0
0QVjnSgB,flashscore,D2,2526,2026-03-01,braunschweig,preussen munster,3.0,0.0,4.0,0.0,7.0,0.0
CjKzjAfn,flashscore,D2,2526,2026-03-01,hertha berlin,nurnberg,1.0,2.0,2.0,4.0,3.0,6.0
EehAZlA5,flashscore,D2,2526,2026-03-01,magdeburg,karlsruher sc,2.0,2.0,4.0,0.0,6.0,2.0
xnwqNmLO,flashscore,DK1,2526,2026-03-01,fc copenhagen,randers fc,3.0,4.0,3.0,2.0,6.0,6.0
GC8gsi6t,flashscore,DK1,2526,2026-03-01,fredericia,silkeborg,4.0,1.0,5.0,0.0,9.0,1.0
rPaAw955,flashscore,DK1,2526,2026-03-01,midtjylland,brondby,4.0,0.0,2.0,2.0,6.0,2.0
nHdRZQ4U,flashscore,DK1,2526,2026-03-01,sonderjyske,odense,3.0,3.0,3.0,5.0,6.0,8.0
M9B1uVzg,flashscore,DK1,2526,2026-03-01,vejle,aarhus,1.0,3.0,1.0,1.0,2.0,4.0
jk3IymzI,flashscore,DK1,2526,2026-03-01,viborg,nordsjaelland,1.0,1.0,3.0,1.0,4.0,2.0
CE2gREmB,flashscore,E0,2526,2026-03-01,arsenal,chelsea,3.0,3.0,2.0,7.0,5.0,10.0
lfdXJWuo,flashscore,E0,2526,2026-03-01,brighton,nottingham,1.0,4.0,3.0,0.0,4.0,4.0
CSsSuE24,flashscore,E0,2526,2026-03-01,fulham,tottenham,3.0,4.0,2.0,4.0,5.0,8.0
vqBFW9Pj,flashscore,E0,2526,2026-03-01,manchester utd,crystal palace,3.0,1.0,4.0,0.0,7.0,1.0
UR8pT0Sb,flashscore,F1,2526,2026-03-01,marseille,lyon,6.0,0.0,2.0,1.0,8.0,1.0
z70IPRL6,flashscore,F1,2526,2026-03-01,lille,nantes,1.0,1.0,3.0,0.0,4.0,1.0
8f91T9Ms,flashscore,F1,2526,2026-03-01,lorient,auxerre,1.0,3.0,2.0,4.0,3.0,7.0
EiC9Rmif,flashscore,F1,2526,2026-03-01,metz,brest,2.0,2.0,10.0,2.0,12.0,4.0
rX3QN5jJ,flashscore,F1,2526,2026-03-01,paris fc,nice,3.0,2.0,5.0,4.0,8.0,6.0
M7hpVzxq,flashscore,I1,2526,2026-03-01,as roma,juventus,2.0,0.0,2.0,1.0,4.0,1.0
Qak1Rhy8,flashscore,I1,2526,2026-03-01,torino,lazio,3.0,3.0,3.0,6.0,6.0,9.0
IZogTE6e,flashscore,I1,2526,2026-03-01,sassuolo,atalanta,3.0,2.0,0.0,7.0,3.0,9.0
d6IBGyNk,flashscore,I1,2526,2026-03-01,cremonese,ac milan,4.0,5.0,2.0,2.0,6.0,7.0
f3PzkoL6,flashscore,N1,2526,2026-03-01,excelsior,g.a. eagles,5.0,1.0,1.0,2.0,6.0,3.0
QNXJhTLs,flashscore,N1,2526,2026-03-01,utrecht,az alkmaar,4.0,1.0,1.0,3.0,5.0,4.0
d8slbkbK,flashscore,N1,2526,2026-03-01,fc volendam,groningen,2.0,8.0,0.0,2.0,2.0,10.0
nwMSj7jf,flashscore,N1,2526,2026-03-01,twente,feyenoord,1.0,2.0,3.0,0.0,4.0,2.0
CK7pvU6l,flashscore,N1,2526,2026-03-01,zwolle,ajax,8.0,1.0,4.0,2.0,12.0,3.0
tWeS4BGj,flashscore,P1,2526,2026-03-01,rio ave,famalicao,2.0,1.0,3.0,4.0,5.0,5.0
IVP9Hl0d,flashscore,P1,2526,2026-03-01,casa pia,moreirense,1.0,3.0,0.0,4.0,1.0,7.0
dvvFSE8c,flashscore,P1,2526,2026-03-01,tondela,santa clara,4.0,2.0,0.0,5.0,4.0,7.0
8OAawJaN,flashscore,RO1,2526,2026-03-01,uta arad,fcsb,0.0,0.0,1.0,4.0,1.0,4.0
QDUbZ9bk,flashscore,RO1,2526,2026-03-01,dinamo bucuresti,fc arges,1.0,2.0,3.0,1.0,4.0,3.0
QF9Igvp4,flashscore,RO1,2526,2026-03-01,petrolul,csikszereda m. ciuc,4.0,0.0,6.0,1.0,10.0,1.0
8hjeKclU,flashscore,RS1,2526,2026-03-01,radnicki 1923,crvena zvezda,0.0,4.0,0.0,2.0,0.0,6.0
nw2nMJJH,flashscore,RS1,2526,2026-03-01,napredak,sp. subotica,2.0,6.0,1.0,1.0,3.0,7.0
ro5VP1Kh,flashscore,RS1,2526,2026-03-01,radnicki nis,javor,2.0,2.0,1.0,1.0,3.0,3.0
Ion5ZPuA,flashscore,SW1,2526,2026-03-01,grasshoppers,lugano,2.0,3.0,2.0,6.0,4.0,9.0
dWcdynBc,flashscore,SW1,2526,2026-03-01,young boys,zurich,5.0,0.0,6.0,0.0,11.0,0.0
UP5ADrJj,flashscore,SW1,2526,2026-03-01,lausanne,basel,1.0,3.0,4.0,3.0,5.0,6.0
0lbB2soQ,flashscore,TR1,2526,2026-03-01,antalyaspor,fenerbahce,3.0,2.0,0.0,11.0,3.0,13.0
KhLOvvgJ,flashscore,TR1,2526,2026-03-01,samsunspor,gaziantep,2.0,2.0,4.0,0.0,6.0,2.0
Sbrjeaw0,flashscore,TR1,2526,2026-03-01,genclerbirligi,kayserispor,1.0,2.0,2.0,4.0,3.0,6.0
8OEoZ4fE,flashscore,I1,2526,2026-03-02,udinese,fiorentina,2.0,1.0,3.0,1.0,5.0,2.0
Qy7EzcEL,flashscore,I1,2526,2026-03-02,pisa,bologna,0.0,0.0,7.0,4.0,7.0,4.0
QJVVOW7M,flashscore,P1,2526,2026-03-02,gil vicente,benfica,0.0,2.0,5.0,1.0,5.0,3.0
bRS6XmT1,flashscore,RO1,2526,2026-03-02,unirea slobozia,fc rapid bucuresti,2.0,3.0,2.0,2.0,4.0,5.0
vDbvOuk5,flashscore,RS1,2526,2026-03-02,imt novi beograd,radnik,3.0,0.0,3.0,0.0,6.0,0.0
WAZj1LUs,flashscore,E0,2526,2026-03-03,wolves,liverpool,1.0,4.0,1.0,7.0,2.0,11.0
IZVlo9vp,flashscore,E0,2526,2026-03-03,bournemouth,brentford,3.0,1.0,1.0,2.0,4.0,3.0
t8Hq7j13,flashscore,E0,2526,2026-03-03,everton,burnley,5.0,0.0,1.0,3.0,6.0,3.0
KYph380S,flashscore,E0,2526,2026-03-03,leeds,sunderland,5.0,1.0,4.0,1.0,9.0,2.0
QBkDX3AM,flashscore,SW1,2526,2026-03-03,winterthur,servette,3.0,2.0,1.0,3.0,4.0,5.0
Yg01qtZp,flashscore,D1,2526,2026-03-04,hamburger sv,bayer leverkusen,1.0,1.0,1.0,6.0,2.0,7.0
CWPWeQh2,flashscore,E0,2526,2026-03-04,newcastle,manchester utd,0.0,2.0,2.0,2.0,2.0,4.0
Y1fIjVGM,flashscore,E0,2526,2026-03-04,aston villa,chelsea,1.0,8.0,2.0,0.0,3.0,8.0
QaZdqm9d,flashscore,E0,2526,2026-03-04,brighton,arsenal,2.0,0.0,2.0,3.0,4.0,3.0
ELFi5UVF,flashscore,E0,2526,2026-03-04,fulham,west ham,2.0,3.0,4.0,2.0,6.0,5.0
jHyOcnOk,flashscore,E0,2526,2026-03-04,manchester city,nottingham,1.0,0.0,5.0,1.0,6.0,1.0
IaRwlPf3,flashscore,SW1,2526,2026-03-04,lugano,sion,1.0,3.0,1.0,2.0,2.0,5.0
2iqiQL2d,flashscore,SW1,2526,2026-03-04,luzern,young boys,2.0,4.0,4.0,5.0,6.0,9.0
UwoqSsYq,flashscore,SW1,2526,2026-03-04,zurich,lausanne,3.0,3.0,6.0,4.0,9.0,7.0
vwIIJTp9,flashscore,E0,2526,2026-03-05,tottenham,crystal palace,2.0,1.0,4.0,2.0,6.0,3.0
h8zgAmDl,flashscore,SA1,2526,2026-03-05,damac,al riyadh,3.0,2.0,3.0,7.0,6.0,9.0
pEsKTf9l,flashscore,SW1,2526,2026-03-05,basel,grasshoppers,3.0,7.0,1.0,2.0,4.0,9.0
QPUon3PF,flashscore,SW1,2526,2026-03-05,thun,st. gallen,1.0,3.0,5.0,1.0,6.0,4.0
xzezrqFl,flashscore,B1,2526,2026-03-06,raal la louviere,antwerp,3.0,2.0,4.0,1.0,7.0,3.0
QLniEePb,flashscore,B2,2526,2026-03-06,beerschot va,genk u23,2.0,0.0,2.0,0.0,4.0,0.0
QJ7XgRwp,flashscore,B2,2526,2026-03-06,eupen,gent u23,4.0,1.0,3.0,3.0,7.0,4.0
Czf4T32T,flashscore,D1,2526,2026-03-06,bayern munich,b. monchengladbach,2.0,1.0,5.0,0.0,7.0,1.0
G0SRmuVF,flashscore,D2,2526,2026-03-06,elversberg,magdeburg,4.0,0.0,7.0,5.0,11.0,5.0
pxfYfdxq,flashscore,D2,2526,2026-03-06,schalke,arminia bielefeld,5.0,1.0,4.0,1.0,9.0,2.0
IoAaxQM9,flashscore,F1,2526,2026-03-06,psg,monaco,3.0,1.0,4.0,2.0,7.0,3.0
UgmixV6N,flashscore,I1,2526,2026-03-06,napoli,torino,5.0,1.0,6.0,1.0,11.0,2.0
tzGA1O4C,flashscore,N1,2526,2026-03-06,heracles,utrecht,2.0,8.0,2.0,4.0,4.0,12.0
Cl9CyAiS,flashscore,P1,2526,2026-03-06,famalicao,arouca,2.0,0.0,3.0,1.0,5.0,1.0
tAUz8U4E,flashscore,RO1,2526,2026-03-06,csikszereda m. ciuc,farul constanta,2.0,3.0,2.0,2.0,4.0,5.0
bmSQ6E6d,flashscore,SA1,2526,2026-03-06,al ahli sc,al ittihad,2.0,4.0,0.0,0.0,2.0,4.0
hStWHvFc,flashscore,SA1,2526,2026-03-06,al hilal,al najma,3.0,1.0,6.0,0.0,9.0,1.0
xYwI8zxp,flashscore,SA1,2526,2026-03-06,al khaleej,al hazem,2.0,0.0,2.0,5.0,4.0,5.0
QgKCUHb3,flashscore,SA1,2526,2026-03-06,al taawon,al fateh,3.0,0.0,2.0,2.0,5.0,2.0
fBTLRIG7,flashscore,TR2,2526,2026-03-06,pendikspor,vanspor fk,5.0,0.0,2.0,1.0,7.0,1.0
SrACV0Hr,flashscore,TR2,2526,2026-03-06,sakaryaspor,adana demirspor,3.0,0.0,6.0,0.0,9.0,0.0
nPlwH12k,flashscore,TR2,2526,2026-03-06,sariyer,umraniyespor,3.0,1.0,5.0,0.0,8.0,1.0
pMZIh0T6,flashscore,B1,2526,2026-03-07,royale union sg,genk,3.0,1.0,2.0,0.0,5.0,1.0
O6oAfMbf,flashscore,B1,2526,2026-03-07,dender,charleroi,2.0,4.0,3.0,9.0,5.0,13.0
tSiiv1ED,flashscore,B1,2526,2026-03-07,leuven,westerlo,6.0,3.0,3.0,2.0,9.0,5.0
EulSF803,flashscore,B2,2526,2026-03-07,anderlecht u23,patro eisden,4.0,1.0,2.0,2.0,6.0,3.0
bX5uh58d,flashscore,B2,2526,2026-03-07,lommel sk,kortrijk,3.0,4.0,4.0,2.0,7.0,6.0
v5tE64Nk,flashscore,B2,2526,2026-03-07,oc charleroi,rwdm brussels,4.0,2.0,5.0,1.0,9.0,3.0
rLuqCQaS,flashscore,B2,2526,2026-03-07,k. lierse s.k.,club brugge kv u23,0.0,3.0,1.0,3.0,1.0,6.0
jah6qGhR,flashscore,D1,2526,2026-03-07,fc koln,dortmund,6.0,1.0,3.0,3.0,9.0,4.0
WKzyOsQj,flashscore,D1,2526,2026-03-07,freiburg,bayer leverkusen,3.0,2.0,2.0,0.0,5.0,2.0
IofboxOE,flashscore,D1,2526,2026-03-07,heidenheim,hoffenheim,1.0,2.0,3.0,1.0,4.0,3.0
OENMooIc,flashscore,D1,2526,2026-03-07,mainz,stuttgart,4.0,4.0,1.0,2.0,5.0,6.0
rHwOqPnA,flashscore,D1,2526,2026-03-07,rb leipzig,augsburg,3.0,2.0,3.0,6.0,6.0,8.0
lG5eRGWr,flashscore,D1,2526,2026-03-07,wolfsburg,hamburger sv,1.0,0.0,6.0,3.0,7.0,3.0
rmUJk103,flashscore,D2,2526,2026-03-07,bochum,kaiserslautern,1.0,1.0,4.0,5.0,5.0,6.0
l6820IEL,flashscore,D2,2526,2026-03-07,darmstadt,holstein kiel,1.0,4.0,0.0,1.0,1.0,5.0
f7Fg2vp9,flashscore,D2,2526,2026-03-07,nurnberg,dusseldorf,1.0,3.0,2.0,2.0,3.0,5.0
z3rToJaS,flashscore,D2,2526,2026-03-07,paderborn,braunschweig,7.0,2.0,2.0,3.0,9.0,5.0
lUOoRvcB,flashscore,F1,2526,2026-03-07,toulouse,marseille,2.0,2.0,2.0,0.0,4.0,2.0
l6n7WZYj,flashscore,F1,2526,2026-03-07,auxerre,strasbourg,3.0,0.0,2.0,4.0,5.0,4.0
WUBivnhc,flashscore,F1,2526,2026-03-07,nantes,angers,1.0,2.0,2.0,2.0,3.0,4.0
4xoQNViU,flashscore,I1,2526,2026-03-07,juventus,pisa,2.0,4.0,2.0,0.0,4.0,4.0
r5osOvnD,flashscore,I1,2526,2026-03-07,atalanta,udinese,7.0,3.0,4.0,0.0,11.0,3.0
SWk1TZNh,flashscore,I1,2526,2026-03-07,cagliari,como,0.0,0.0,2.0,3.0,2.0,3.0
ETFjrmAF,flashscore,I2,2526,2026-03-07,modena,cesena,4.0,1.0,3.0,0.0,7.0,1.0
SWuQdnP8,flashscore,I2,2526,2026-03-07,venezia,reggiana,1.0,2.0,4.0,1.0,5.0,3.0
QR58rd4b,flashscore,I2,2526,2026-03-07,avellino,padova,2.0,1.0,7.0,2.0,9.0,3.0
vBaVz52k,flashscore,I2,2526,2026-03-07,spezia,monza,1.0,0.0,2.0,2.0,3.0,2.0
0QmvZrX1,flashscore,I2,2526,2026-03-07,sudtirol,entella,3.0,0.0,3.0,2.0,6.0,2.0
fwtpGNJ5,flashscore,N1,2526,2026-03-07,excelsior,heerenveen,3.0,3.0,3.0,5.0,6.0,8.0
rP5VASsQ,flashscore,N1,2526,2026-03-07,psv,az alkmaar,3.0,3.0,2.0,3.0,5.0,6.0
bBnyIqkg,flashscore,N1,2526,2026-03-07,groningen,ajax,0.0,3.0,6.0,5.0,6.0,8.0
6i64wWMF,flashscore,P1,2526,2026-03-07,estoril,casa pia,1.0,3.0,3.0,2.0,4.0,5.0
zTXApmUr,flashscore,P1,2526,2026-03-07,braga,sporting cp,0.0,2.0,6.0,3.0,6.0,5.0
APCeuhh3,flashscore,P1,2526,2026-03-07,alverca,afs,3.0,0.0,5.0,0.0,8.0,0.0
KfWwhVy9,flashscore,P1,2526,2026-03-07,moreirense,nacional,3.0,4.0,1.0,3.0,4.0,7.0
6XkYm9Dr,flashscore,RO1,2526,2026-03-07,fcsb,u. cluj,3.0,3.0,7.0,0.0,10.0,3.0
lGskpRC7,flashscore,RO1,2526,2026-03-07,fc botosani,petrolul,3.0,4.0,4.0,2.0,7.0,6.0
MaE1gVkL,flashscore,RO1,2526,2026-03-07,metaloglobus bucharest,uta arad,4.0,3.0,3.0,3.0,7.0,6.0
6ow2Glmd,flashscore,RS1,2526,2026-03-07,javor,cukaricki,1.0,1.0,1.0,1.0,2.0,2.0
f7JdxW9F,flashscore,RS1,2526,2026-03-07,tsc,zeleznicar pancevo,2.0,1.0,4.0,0.0,6.0,1.0
M7YnEdEM,flashscore,SA1,2526,2026-03-07,al ettifaq,al shabab,0.0,3.0,1.0,3.0,1.0,6.0
QuuvGIqA,flashscore,SA1,2526,2026-03-07,al kholood,al qadsiah,0.0,1.0,4.0,6.0,4.0,7.0
MLDLSeTF,flashscore,SA1,2526,2026-03-07,al nassr,neom sc,3.0,0.0,5.0,1.0,8.0,1.0
CAjf8Rs1,flashscore,SA1,2526,2026-03-07,al okhdood,al fayha,2.0,1.0,1.0,4.0,3.0,5.0
KjMMmG0K,flashscore,SW1,2526,2026-03-07,lugano,luzern,0.0,1.0,4.0,2.0,4.0,3.0
SdZzQC8D,flashscore,SW1,2526,2026-03-07,servette,zurich,2.0,5.0,3.0,2.0,5.0,7.0
WUuSRYw1,flashscore,SW1,2526,2026-03-07,sion,winterthur,5.0,2.0,4.0,2.0,9.0,4.0
jFb5m8yi,flashscore,TR1,2526,2026-03-07,besiktas,galatasaray,0.0,2.0,8.0,2.0,8.0,4.0
KSyY5GiI,flashscore,TR1,2526,2026-03-07,basaksehir,goztepe,1.0,2.0,2.0,3.0,3.0,5.0
z768kM8E,flashscore,TR2,2526,2026-03-07,amedspor,serik spor,7.0,2.0,5.0,4.0,12.0,6.0
8vwnFuX1,flashscore,TR2,2526,2026-03-07,bandirmaspor,istanbulspor as,1.0,1.0,1.0,1.0,2.0,2.0
dr86Z9IG,flashscore,TR2,2526,2026-03-07,corum,hatayspor,6.0,0.0,7.0,1.0,13.0,1.0
0GEcyWm4,flashscore,TR2,2526,2026-03-07,erzurumspor,manisa fk,5.0,2.0,3.0,1.0,8.0,3.0
noQDTvne,flashscore,TR2,2526,2026-03-07,sivasspor,keciorengucu,2.0,0.0,4.0,1.0,6.0,1.0
YLvw246K,flashscore,B1,2526,2026-03-08,st. truiden,cercle brugge ksv,2.0,3.0,5.0,2.0,7.0,5.0
p0brtNq1,flashscore,B1,2526,2026-03-08,waregem,st. liege,2.0,0.0,1.0,2.0,3.0,2.0
hnwRjvbJ,flashscore,B1,2526,2026-03-08,gent,kv mechelen,3.0,2.0,0.0,3.0,3.0,5.0
Gtr2drUs,flashscore,B1,2526,2026-03-08,club brugge kv,anderlecht,4.0,1.0,7.0,1.0,11.0,2.0
M5izEnVF,flashscore,B2,2526,2026-03-08,seraing,francs borains,2.0,2.0,0.0,2.0,2.0,4.0
YojaCZgB,flashscore,B2,2526,2026-03-08,sporting lokeren,beveren,4.0,1.0,1.0,5.0,5.0,6.0
AVg4Pf1e,flashscore,D1,2526,2026-03-08,union berlin,werder bremen,1.0,3.0,0.0,0.0,1.0,3.0
IecCNYV7,flashscore,D1,2526,2026-03-08,st. pauli,eintracht frankfurt,2.0,2.0,4.0,3.0,6.0,5.0
S0N7vyh2,flashscore,D2,2526,2026-03-08,hannover,greuther furth,4.0,2.0,13.0,3.0,17.0,5.0
6oZbtcNk,flashscore,D2,2526,2026-03-08,karlsruher sc,sg dynamo dresden,3.0,4.0,4.0,1.0,7.0,5.0
t4msgz7e,flashscore,D2,2526,2026-03-08,preussen munster,hertha berlin,0.0,7.0,4.0,1.0,4.0,8.0
lr4KuvC4,flashscore,F1,2526,2026-03-08,lyon,paris fc,1.0,1.0,7.0,1.0,8.0,2.0
dfSgPIRN,flashscore,F1,2526,2026-03-08,brest,le havre,0.0,2.0,1.0,1.0,1.0,3.0
INeyxdBT,flashscore,F1,2526,2026-03-08,lille,lorient,3.0,0.0,2.0,1.0,5.0,1.0
tS3QJdko,flashscore,F1,2526,2026-03-08,nice,rennes,3.0,1.0,4.0,0.0,7.0,1.0
Me2SwItH,flashscore,F1,2526,2026-03-08,lens,metz,4.0,1.0,2.0,3.0,6.0,4.0
MTqqvixB,flashscore,I1,2526,2026-03-08,ac milan,inter,1.0,2.0,0.0,4.0,1.0,6.0
WOnIPiNH,flashscore,I1,2526,2026-03-08,genoa,as roma,0.0,2.0,3.0,4.0,3.0,6.0
6H1hVegt,flashscore,I1,2526,2026-03-08,bologna,verona,2.0,2.0,3.0,1.0,5.0,3.0
zcg9RDh5,flashscore,I1,2526,2026-03-08,fiorentina,parma,2.0,0.0,5.0,1.0,7.0,1.0
0EeztD7b,flashscore,I1,2526,2026-03-08,lecce,cremonese,1.0,2.0,3.0,2.0,4.0,4.0
Ae9atRvS,flashscore,I2,2526,2026-03-08,pescara,bari,1.0,2.0,1.0,2.0,2.0,4.0
Yi9GtzZA,flashscore,I2,2526,2026-03-08,carrarese,palermo,5.0,3.0,4.0,2.0,9.0,5.0
htMlORIq,flashscore,I2,2526,2026-03-08,catanzaro,empoli,5.0,1.0,4.0,0.0,9.0,1.0
Q7ZeM5md,flashscore,I2,2526,2026-03-08,frosinone,sampdoria,9.0,0.0,1.0,2.0,10.0,2.0
tGHrp9u3,flashscore,I2,2526,2026-03-08,mantova,juve stabia,3.0,1.0,3.0,0.0,6.0,1.0
KKR13pz0,flashscore,N1,2526,2026-03-08,nijmegen,fc volendam,3.0,0.0,9.0,1.0,12.0,1.0
CfOg565m,flashscore,N1,2526,2026-03-08,nac breda,feyenoord,1.0,5.0,3.0,4.0,4.0,9.0
l0JIa2ZO,flashscore,N1,2526,2026-03-08,g.a. eagles,twente,2.0,3.0,4.0,2.0,6.0,5.0
QclTJ5Kt,flashscore,N1,2526,2026-03-08,sittard,telstar,1.0,2.0,2.0,3.0,3.0,5.0
jVIqmPkJ,flashscore,N1,2526,2026-03-08,sparta rotterdam,zwolle,2.0,3.0,4.0,0.0,6.0,3.0
h8Uoj96L,flashscore,P1,2526,2026-03-08,santa clara,vitoria guimaraes,1.0,3.0,1.0,1.0,2.0,4.0
rgyJrRbe,flashscore,P1,2526,2026-03-08,benfica,fc porto,4.0,1.0,4.0,1.0,8.0,2.0
4nliURq2,flashscore,P1,2526,2026-03-08,estrela,gil vicente,0.0,3.0,0.0,5.0,0.0,8.0
EHHNbQR0,flashscore,RO1,2526,2026-03-08,fc rapid bucuresti,univ. craiova,1.0,0.0,2.0,2.0,3.0,2.0
h2TE0ncl,flashscore,RO1,2526,2026-03-08,fc arges,unirea slobozia,1.0,2.0,4.0,0.0,5.0,2.0
hlltnmre,flashscore,RO1,2526,2026-03-08,otelul,fc hermannstadt,2.0,3.0,0.0,2.0,2.0,5.0
jZC5zAvS,flashscore,RS1,2526,2026-03-08,vojvodina,partizan,7.0,1.0,1.0,1.0,8.0,2.0
hITyTRW1,flashscore,RS1,2526,2026-03-08,crvena zvezda,napredak,6.0,1.0,9.0,1.0,15.0,2.0
KOLNjVO8,flashscore,RS1,2526,2026-03-08,sp. subotica,imt novi beograd,0.0,1.0,0.0,3.0,0.0,4.0
tvAWl9gL,flashscore,RS1,2526,2026-03-08,radnik,radnicki nis,2.0,1.0,2.0,0.0,4.0,1.0
hU3ZVsFr,flashscore,SP1,2526,2026-03-08,valencia,alaves,4.0,1.0,6.0,1.0,10.0,2.0
QesGrLbl,flashscore,SP1,2526,2026-03-08,sevilla,rayo vallecano,4.0,1.0,2.0,1.0,6.0,2.0
0f7sULqe,flashscore,SP1,2526,2026-03-08,getafe,betis,2.0,3.0,1.0,5.0,3.0,8.0
M9ejSaE7,flashscore,SP1,2526,2026-03-08,villarreal,elche,1.0,0.0,3.0,6.0,4.0,6.0
EDcIxjhJ,flashscore,SW1,2526,2026-03-08,grasshoppers,lausanne,3.0,5.0,6.0,1.0,9.0,6.0
pY51tYhf,flashscore,SW1,2526,2026-03-08,young boys,thun,1.0,1.0,2.0,6.0,3.0,7.0
vy3grfOs,flashscore,SW1,2526,2026-03-08,st. gallen,basel,2.0,3.0,3.0,1.0,5.0,4.0
WhQH9bhg,flashscore,TR1,2526,2026-03-08,fenerbahce,samsunspor,4.0,1.0,3.0,5.0,7.0,6.0
0Ctbgw8C,flashscore,TR1,2526,2026-03-08,konyaspor,kasimpasa,0.0,3.0,4.0,0.0,4.0,3.0
vJTP7xN5,flashscore,TR1,2526,2026-03-08,gaziantep,karagumruk,0.0,8.0,6.0,4.0,6.0,12.0
KEdaiHxP,flashscore,TR1,2526,2026-03-08,rizespor,antalyaspor,2.0,1.0,0.0,0.0,2.0,1.0
zoVXxqP8,flashscore,TR2,2526,2026-03-08,bodrumspor,erokspor,2.0,3.0,1.0,1.0,3.0,4.0
WCOtyNgL,flashscore,TR2,2526,2026-03-08,boluspor,igdir fk,1.0,2.0,0.0,0.0,1.0,2.0
hlhSsZxn,flashscore,I1,2526,2026-03-09,lazio,sassuolo,1.0,2.0,0.0,4.0,1.0,6.0
dMpqWmFk,flashscore,P1,2526,2026-03-09,tondela,rio ave,1.0,1.0,2.0,1.0,3.0,2.0
xxOq68ZQ,flashscore,RO1,2526,2026-03-09,cfr cluj,dinamo bucuresti,2.0,0.0,0.0,3.0,2.0,3.0
nsGlvhu3,flashscore,RS1,2526,2026-03-09,mladost,novi pazar,3.0,0.0,4.0,1.0,7.0,1.0
n5byVm2k,flashscore,RS1,2526,2026-03-09,ofk beograd mozzart bet,radnicki 1923,3.0,0.0,3.0,1.0,6.0,1.0
A90Ay4iL,flashscore,SP1,2526,2026-03-09,espanyol,oviedo,4.0,0.0,4.0,0.0,8.0,0.0
8jTkeKfc,flashscore,TR1,2526,2026-03-09,alanyaspor,genclerbirligi,3.0,2.0,6.0,0.0,9.0,2.0
Awx9BKNt,flashscore,TR1,2526,2026-03-09,kayserispor,trabzonspor,3.0,6.0,3.0,2.0,6.0,8.0
GGWcgbP9,flashscore,TR1,2526,2026-03-09,eyupspor,kocaelispor,2.0,0.0,1.0,3.0,3.0,3.0
CxRdNBPQ,flashscore,B2,2526,2026-03-10,beerschot va,anderlecht u23,3.0,1.0,2.0,0.0,5.0,1.0
ENfdJs7e,flashscore,B2,2526,2026-03-10,eupen,k. lierse s.k.,2.0,2.0,6.0,3.0,8.0,5.0
OhGHQPEL,flashscore,B2,2526,2026-03-10,genk u23,club brugge kv u23,2.0,4.0,6.0,1.0,8.0,5.0
zXZM4rh2,flashscore,B2,2526,2026-03-10,patro eisden,rfc liege,3.0,1.0,3.0,2.0,6.0,3.0
dzzj2ahK,flashscore,TR2,2526,2026-03-10,manisa fk,sariyer,2.0,1.0,0.0,3.0,2.0,4.0
UTs4vd0D,flashscore,TR2,2526,2026-03-10,serik spor,pendikspor,1.0,1.0,2.0,1.0,3.0,2.0
EZOTfHpf,flashscore,TR2,2526,2026-03-10,vanspor fk,adana demirspor,4.0,2.0,6.0,0.0,10.0,2.0
vPSlPXfE,flashscore,B2,2526,2026-03-11,beveren,rwdm brussels,3.0,3.0,5.0,1.0,8.0,4.0
SQM8Sop9,flashscore,B2,2526,2026-03-11,gent u23,lommel sk,3.0,2.0,0.0,2.0,3.0,4.0
Mmb4HLy8,flashscore,B2,2526,2026-03-11,oc charleroi,seraing,0.0,1.0,1.0,0.0,1.0,1.0
t8BMdwGs,flashscore,TR2,2526,2026-03-11,keciorengucu,sakaryaspor,1.0,6.0,2.0,1.0,3.0,7.0
rX9Gm0wR,flashscore,TR2,2526,2026-03-11,umraniyespor,erzurumspor,1.0,0.0,3.0,3.0,4.0,3.0
Y1letIV0,flashscore,TR2,2526,2026-03-11,hatayspor,sivasspor,4.0,3.0,4.0,1.0,8.0,4.0
0ljmrv1l,flashscore,TR2,2526,2026-03-11,istanbulspor as,amedspor,2.0,5.0,2.0,2.0,4.0,7.0
h86mL3xq,flashscore,B2,2526,2026-03-12,francs borains,sporting lokeren,2.0,6.0,2.0,9.0,4.0,15.0
Kzf265CD,flashscore,SA1,2526,2026-03-12,al hazem,al kholood,3.0,1.0,3.0,4.0,6.0,5.0
6Xy3yQBm,flashscore,SA1,2526,2026-03-12,al najma,damac,4.0,1.0,4.0,3.0,8.0,4.0
0WWlU84K,flashscore,SA1,2526,2026-03-12,neom sc,al taawon,5.0,2.0,0.0,0.0,5.0,2.0
A1IxgeF6,flashscore,TR2,2526,2026-03-12,erokspor,bandirmaspor,5.0,0.0,12.0,0.0,17.0,0.0
rFGpiZqJ,flashscore,TR2,2526,2026-03-12,boluspor,corum,2.0,0.0,4.0,3.0,6.0,3.0
bNbXExxQ,flashscore,TR2,2526,2026-03-12,igdir fk,bodrumspor,4.0,0.0,6.0,0.0,10.0,0.0
4QhsgUvm,flashscore,B1,2526,2026-03-13,gent,waregem,2.0,2.0,0.0,4.0,2.0,6.0
fB9fWl2s,flashscore,B2,2526,2026-03-13,anderlecht u23,eupen,2.0,3.0,1.0,2.0,3.0,5.0
fcULHkml,flashscore,B2,2526,2026-03-13,k. lierse s.k.,patro eisden,2.0,2.0,0.0,3.0,2.0,5.0
YonTlBU6,flashscore,D1,2526,2026-03-13,b. monchengladbach,st. pauli,0.0,1.0,2.0,1.0,2.0,2.0
dI8LkMH0,flashscore,D2,2526,2026-03-13,greuther furth,elversberg,0.0,3.0,2.0,3.0,2.0,6.0
WhGZbQfE,flashscore,D2,2526,2026-03-13,magdeburg,darmstadt,4.0,0.0,4.0,1.0,8.0,1.0
zw8gvCUO,flashscore,DK1,2526,2026-03-13,fredericia,randers fc,0.0,3.0,3.0,3.0,3.0,6.0
ILQ832L8,flashscore,F1,2526,2026-03-13,marseille,auxerre,2.0,0.0,7.0,2.0,9.0,2.0
EaSwboTq,flashscore,I1,2526,2026-03-13,torino,parma,1.0,3.0,1.0,4.0,2.0,7.0
ShH09P8E,flashscore,I2,2526,2026-03-13,modena,spezia,3.0,2.0,0.0,1.0,3.0,3.0
SlqCJdQc,flashscore,N1,2526,2026-03-13,zwolle,groningen,2.0,3.0,5.0,3.0,7.0,6.0
8xX8oQs2,flashscore,RO1,2526,2026-03-13,univ. craiova,fc arges,1.0,4.0,4.0,4.0,5.0,8.0
QLc8P7o3,flashscore,RO1,2526,2026-03-13,uta arad,fc hermannstadt,1.0,2.0,3.0,1.0,4.0,3.0
vakAZ3t0,flashscore,SA1,2526,2026-03-13,al fayha,al ettifaq,1.0,5.0,0.0,2.0,1.0,7.0
bREyL4R6,flashscore,SA1,2526,2026-03-13,al qadsiah,al ahli sc,3.0,4.0,2.0,0.0,5.0,4.0
QDGTMQdf,flashscore,SA1,2526,2026-03-13,al riyadh,al ittihad,3.0,3.0,1.0,7.0,4.0,10.0
MNzPtaT0,flashscore,SP1,2526,2026-03-13,alaves,villarreal,4.0,2.0,1.0,0.0,5.0,2.0
xjql4FwS,flashscore,TR1,2526,2026-03-13,antalyaspor,gaziantep,2.0,3.0,3.0,3.0,5.0,6.0
MNKKbg1k,flashscore,TR1,2526,2026-03-13,karagumruk,fenerbahce,2.0,2.0,0.0,12.0,2.0,14.0
UXw7mQ8O,flashscore,B1,2526,2026-03-14,westerlo,club brugge kv,6.0,2.0,5.0,0.0,11.0,2.0
0hnji89a,flashscore,B1,2526,2026-03-14,royale union sg,dender,2.0,4.0,3.0,1.0,5.0,5.0
EwLW3og5,flashscore,B1,2526,2026-03-14,charleroi,leuven,3.0,0.0,7.0,3.0,10.0,3.0
WG4JQpWI,flashscore,B2,2526,2026-03-14,kortrijk,oc charleroi,10.0,0.0,6.0,0.0,16.0,0.0
SO72USWg,flashscore,B2,2526,2026-03-14,rfc liege,beerschot va,2.0,2.0,3.0,4.0,5.0,6.0
jqEOyBvK,flashscore,B2,2526,2026-03-14,seraing,genk u23,1.0,3.0,6.0,0.0,7.0,3.0
OxMxE7nD,flashscore,B2,2526,2026-03-14,club brugge kv u23,beveren,2.0,4.0,1.0,5.0,3.0,9.0
M7ELf1IP,flashscore,D1,2526,2026-03-14,hamburger sv,fc koln,0.0,5.0,1.0,3.0,1.0,8.0
AqZxvfGl,flashscore,D1,2526,2026-03-14,bayer leverkusen,bayern munich,0.0,1.0,4.0,0.0,4.0,1.0
vPQgzCFD,flashscore,D1,2526,2026-03-14,dortmund,augsburg,5.0,0.0,7.0,2.0,12.0,2.0
I9xoxYp1,flashscore,D1,2526,2026-03-14,eintracht frankfurt,heidenheim,4.0,2.0,1.0,2.0,5.0,4.0
vqkymkaJ,flashscore,D1,2526,2026-03-14,hoffenheim,wolfsburg,8.0,1.0,8.0,3.0,16.0,4.0
O4ADirml,flashscore,D2,2526,2026-03-14,hertha berlin,bochum,3.0,1.0,2.0,5.0,5.0,6.0
2eVn6s2s,flashscore,D2,2526,2026-03-14,arminia bielefeld,paderborn,1.0,1.0,3.0,0.0,4.0,1.0
INgGB3vK,flashscore,D2,2526,2026-03-14,braunschweig,dusseldorf,1.0,1.0,3.0,4.0,4.0,5.0
lUjkiEy8,flashscore,D2,2526,2026-03-14,holstein kiel,nurnberg,0.0,1.0,7.0,0.0,7.0,1.0
Ms9DApPh,flashscore,E0,2526,2026-03-14,west ham,manchester city,1.0,5.0,0.0,10.0,1.0,15.0
4OXbaaaf,flashscore,E0,2526,2026-03-14,arsenal,everton,5.0,0.0,3.0,3.0,8.0,3.0
juf03THP,flashscore,E0,2526,2026-03-14,chelsea,newcastle,2.0,1.0,6.0,0.0,8.0,1.0
8GUFeHbJ,flashscore,E0,2526,2026-03-14,burnley,bournemouth,4.0,4.0,1.0,4.0,5.0,8.0
0SK4C6ft,flashscore,E0,2526,2026-03-14,sunderland,brighton,5.0,2.0,2.0,1.0,7.0,3.0
hS6UuaT1,flashscore,F1,2526,2026-03-14,monaco,brest,1.0,4.0,2.0,4.0,3.0,8.0
KE8MsLbk,flashscore,F1,2526,2026-03-14,angers,nice,3.0,3.0,4.0,3.0,7.0,6.0
AqkvVsFq,flashscore,F1,2526,2026-03-14,lorient,lens,1.0,4.0,0.0,6.0,1.0,10.0
zFGndPcd,flashscore,I1,2526,2026-03-14,udinese,juventus,1.0,4.0,1.0,2.0,2.0,6.0
UgVi7k6c,flashscore,I1,2526,2026-03-14,napoli,lecce,4.0,6.0,3.0,1.0,7.0,7.0
4C1Zl8jT,flashscore,I1,2526,2026-03-14,inter,atalanta,1.0,1.0,1.0,2.0,2.0,3.0
CbEn0LV0,flashscore,I2,2526,2026-03-14,sampdoria,venezia,1.0,4.0,6.0,2.0,7.0,6.0
zJK873wR,flashscore,I2,2526,2026-03-14,monza,palermo,1.0,5.0,2.0,5.0,3.0,10.0
ObZYfQgL,flashscore,I2,2526,2026-03-14,bari,reggiana,2.0,3.0,1.0,5.0,3.0,8.0
KUK4k4Hr,flashscore,I2,2526,2026-03-14,cesena,frosinone,0.0,1.0,1.0,4.0,1.0,5.0
vXz6mrne,flashscore,I2,2526,2026-03-14,empoli,mantova,3.0,2.0,6.0,2.0,9.0,4.0
ncvEoMG7,flashscore,I2,2526,2026-03-14,juve stabia,carrarese,3.0,4.0,3.0,4.0,6.0,8.0
voGv2s1l,flashscore,I2,2526,2026-03-14,padova,catanzaro,1.0,4.0,2.0,2.0,3.0,6.0
bB2aEM5F,flashscore,N1,2526,2026-03-14,ajax,sparta rotterdam,2.0,1.0,3.0,2.0,5.0,3.0
23qhE1lI,flashscore,N1,2526,2026-03-14,heerenveen,telstar,1.0,2.0,4.0,2.0,5.0,4.0
MidQegYj,flashscore,N1,2526,2026-03-14,psv,nijmegen,3.0,4.0,4.0,3.0,7.0,7.0
GEHaAhmp,flashscore,N1,2526,2026-03-14,fc volendam,sittard,0.0,4.0,4.0,0.0,4.0,4.0
xY7Sbwkg,flashscore,P1,2526,2026-03-14,arouca,benfica,0.0,8.0,2.0,7.0,2.0,15.0
Aclon05m,flashscore,P1,2526,2026-03-14,gil vicente,alverca,1.0,2.0,2.0,5.0,3.0,7.0
rBngpvz0,flashscore,P1,2526,2026-03-14,vitoria guimaraes,famalicao,1.0,4.0,2.0,7.0,3.0,11.0
0pZg9TZ8,flashscore,RO1,2526,2026-03-14,fc rapid bucuresti,dinamo bucuresti,3.0,0.0,4.0,2.0,7.0,2.0
GSLr9n1M,flashscore,RO1,2526,2026-03-14,otelul,csikszereda m. ciuc,2.0,0.0,4.0,1.0,6.0,1.0
nuFpdQ0l,flashscore,RS1,2526,2026-03-14,partizan,tsc,2.0,3.0,0.0,5.0,2.0,8.0
6LgBsRoe,flashscore,RS1,2526,2026-03-14,radnicki nis,sp. subotica,4.0,1.0,2.0,1.0,6.0,2.0
CM02qmHr,flashscore,RS1,2526,2026-03-14,radnik,javor,5.0,1.0,1.0,0.0,6.0,1.0
fg8pJrdJ,flashscore,SA1,2526,2026-03-14,al fateh,al hilal,2.0,5.0,1.0,2.0,3.0,7.0
Ma0WtnlQ,flashscore,SA1,2526,2026-03-14,al khaleej,al nassr,1.0,4.0,1.0,4.0,2.0,8.0
WENKOnSs,flashscore,SA1,2526,2026-03-14,al shabab,al okhdood,5.0,0.0,4.0,4.0,9.0,4.0
pQmFiGsJ,flashscore,SP1,2526,2026-03-14,real madrid,elche,3.0,1.0,2.0,3.0,5.0,4.0
Gpdbebrf,flashscore,SP1,2526,2026-03-14,oviedo,valencia,2.0,3.0,2.0,4.0,4.0,7.0
UmvXvwbD,flashscore,SP1,2526,2026-03-14,atl. madrid,getafe,3.0,0.0,7.0,3.0,10.0,3.0
lbf6gxD6,flashscore,SP1,2526,2026-03-14,girona,ath bilbao,1.0,1.0,1.0,8.0,2.0,9.0
QiRzeX7m,flashscore,SW1,2526,2026-03-14,thun,grasshoppers,7.0,3.0,1.0,2.0,8.0,5.0
ULu50gpQ,flashscore,SW1,2526,2026-03-14,zurich,sion,2.0,7.0,1.0,3.0,3.0,10.0
Whtt6y9F,flashscore,TR1,2526,2026-03-14,galatasaray,basaksehir,5.0,3.0,4.0,0.0,9.0,3.0
zRnX7cv3,flashscore,TR1,2526,2026-03-14,goztepe,alanyaspor,2.0,2.0,3.0,6.0,5.0,8.0
UmOSdXV1,flashscore,TR1,2526,2026-03-14,trabzonspor,rizespor,8.0,2.0,0.0,2.0,8.0,4.0
n56xnGHq,flashscore,TR1,2526,2026-03-14,kocaelispor,konyaspor,3.0,4.0,5.0,3.0,8.0,7.0
jJbhmQro,flashscore,TR2,2526,2026-03-14,pendikspor,istanbulspor as,4.0,0.0,4.0,4.0,8.0,4.0
2TtEN6Kc,flashscore,TR2,2526,2026-03-14,adana demirspor,serik spor,0.0,3.0,0.0,2.0,0.0,5.0
8f7BbjHP,flashscore,B1,2526,2026-03-15,cercle brugge ksv,raal la louviere,4.0,4.0,1.0,3.0,5.0,7.0
8IkbknvC,flashscore,B1,2526,2026-03-15,kv mechelen,anderlecht,3.0,3.0,2.0,1.0,5.0,4.0
tQMO57Oh,flashscore,B1,2526,2026-03-15,antwerp,st. liege,3.0,0.0,2.0,3.0,5.0,3.0
pbTF7Tgt,flashscore,B1,2526,2026-03-15,genk,st. truiden,2.0,3.0,3.0,5.0,5.0,8.0
2NXTFTH0,flashscore,B2,2526,2026-03-15,lommel sk,francs borains,4.0,0.0,3.0,3.0,7.0,3.0
Oj1BS616,flashscore,B2,2526,2026-03-15,sporting lokeren,gent u23,3.0,0.0,10.0,1.0,13.0,1.0
xKhKjXaf,flashscore,D1,2526,2026-03-15,stuttgart,rb leipzig,3.0,2.0,2.0,4.0,5.0,6.0
pMDubF7K,flashscore,D1,2526,2026-03-15,freiburg,union berlin,2.0,1.0,4.0,1.0,6.0,2.0
46fChgVs,flashscore,D1,2526,2026-03-15,werder bremen,mainz,5.0,2.0,4.0,2.0,9.0,4.0
4KTtc4PQ,flashscore,D2,2526,2026-03-15,kaiserslautern,karlsruher sc,3.0,0.0,2.0,2.0,5.0,2.0
hp2Um0nD,flashscore,D2,2526,2026-03-15,schalke,hannover,2.0,0.0,2.0,2.0,4.0,2.0
ALYf4LWg,flashscore,D2,2526,2026-03-15,sg dynamo dresden,preussen munster,3.0,3.0,2.0,1.0,5.0,4.0
pUtw1Ezn,flashscore,DK1,2526,2026-03-15,brondby,viborg,1.0,5.0,4.0,5.0,5.0,10.0
dY1TtBkU,flashscore,DK1,2526,2026-03-15,sonderjyske,aarhus,5.0,5.0,0.0,1.0,5.0,6.0
l8bLrXKH,flashscore,DK1,2526,2026-03-15,midtjylland,nordsjaelland,2.0,1.0,3.0,1.0,5.0,2.0
Q1m3bFFt,flashscore,DK1,2526,2026-03-15,odense,fc copenhagen,1.0,3.0,8.0,1.0,9.0,4.0
dtZvdoAa,flashscore,E0,2526,2026-03-15,liverpool,tottenham,1.0,2.0,2.0,2.0,3.0,4.0
0EuWc7um,flashscore,E0,2526,2026-03-15,crystal palace,leeds,2.0,3.0,6.0,0.0,8.0,3.0
UgXnfPvC,flashscore,E0,2526,2026-03-15,manchester utd,aston villa,4.0,1.0,2.0,5.0,6.0,6.0
QLQeh39O,flashscore,E0,2526,2026-03-15,nottingham,fulham,4.0,1.0,1.0,3.0,5.0,4.0
0URkmsyS,flashscore,F1,2526,2026-03-15,rennes,lille,0.0,1.0,5.0,1.0,5.0,2.0
6BrmTLqd,flashscore,F1,2526,2026-03-15,le havre,lyon,2.0,2.0,0.0,0.0,2.0,2.0
h4Osk36F,flashscore,F1,2526,2026-03-15,metz,toulouse,2.0,4.0,2.0,0.0,4.0,4.0
WlzZjPy3,flashscore,F1,2526,2026-03-15,strasbourg,paris fc,6.0,1.0,6.0,3.0,12.0,4.0
Eom5qnEj,flashscore,I1,2526,2026-03-15,lazio,ac milan,1.0,1.0,0.0,8.0,1.0,9.0
zX9Ihji4,flashscore,I1,2526,2026-03-15,como,as roma,5.0,0.0,2.0,1.0,7.0,1.0
27Ta5TzA,flashscore,I1,2526,2026-03-15,pisa,cagliari,0.0,3.0,1.0,2.0,1.0,5.0
bZM8375M,flashscore,I1,2526,2026-03-15,sassuolo,bologna,1.0,1.0,6.0,3.0,7.0,4.0
2L8YJSk3,flashscore,I1,2526,2026-03-15,verona,genoa,2.0,1.0,2.0,1.0,4.0,2.0
8Q7eba0D,flashscore,I2,2526,2026-03-15,sudtirol,pescara,1.0,3.0,2.0,2.0,3.0,5.0
zXasM2hK,flashscore,I2,2526,2026-03-15,entella,avellino,4.0,4.0,3.0,1.0,7.0,5.0
OGxLHzeA,flashscore,N1,2526,2026-03-15,g.a. eagles,nac breda,3.0,5.0,0.0,4.0,3.0,9.0
joaiGry3,flashscore,N1,2526,2026-03-15,az alkmaar,heracles,2.0,2.0,5.0,1.0,7.0,3.0
dUzTFEPM,flashscore,N1,2526,2026-03-15,feyenoord,excelsior,5.0,3.0,4.0,2.0,9.0,5.0
8MZ68WHd,flashscore,N1,2526,2026-03-15,twente,utrecht,2.0,2.0,2.0,3.0,4.0,5.0
vwt2rI4C,flashscore,P1,2526,2026-03-15,fc porto,moreirense,3.0,0.0,1.0,1.0,4.0,1.0
WEHD48LE,flashscore,P1,2526,2026-03-15,rio ave,estrela,6.0,1.0,4.0,3.0,10.0,4.0
jH9K0aKt,flashscore,P1,2526,2026-03-15,afs,santa clara,2.0,1.0,2.0,5.0,4.0,6.0
48PRt5T7,flashscore,P1,2526,2026-03-15,nacional,estoril,1.0,1.0,4.0,3.0,5.0,4.0
nBCE3QOq,flashscore,RO1,2526,2026-03-15,fcsb,metaloglobus bucharest,7.0,5.0,7.0,0.0,14.0,5.0
KOAM14gd,flashscore,RO1,2526,2026-03-15,farul constanta,petrolul,0.0,4.0,0.0,4.0,0.0,8.0
27wE1nwR,flashscore,RS1,2526,2026-03-15,radnicki 1923,vojvodina,3.0,2.0,1.0,6.0,4.0,8.0
vZiJu5G7,flashscore,RS1,2526,2026-03-15,imt novi beograd,crvena zvezda,2.0,5.0,2.0,1.0,4.0,6.0
YeDhf4V0,flashscore,RS1,2526,2026-03-15,zeleznicar pancevo,mladost,3.0,0.0,4.0,2.0,7.0,2.0
UN61hr0D,flashscore,RS1,2526,2026-03-15,novi pazar,cukaricki,3.0,2.0,1.0,4.0,4.0,6.0
21Ku8ySa,flashscore,SP1,2526,2026-03-15,real sociedad,osasuna,2.0,1.0,1.0,4.0,3.0,5.0
KI2kcKDs,flashscore,SP1,2526,2026-03-15,betis,celta vigo,1.0,1.0,2.0,3.0,3.0,4.0
AqHJ2tjK,flashscore,SP1,2526,2026-03-15,barcelona,sevilla,0.0,3.0,3.0,1.0,3.0,4.0
A3u1FJZP,flashscore,SP1,2526,2026-03-15,mallorca,espanyol,2.0,5.0,3.0,1.0,5.0,6.0
j9T19WMt,flashscore,SW1,2526,2026-03-15,basel,servette,1.0,2.0,5.0,1.0,6.0,3.0
0plhkTyP,flashscore,SW1,2526,2026-03-15,luzern,winterthur,3.0,0.0,3.0,0.0,6.0,0.0
vVaqik7C,flashscore,SW1,2526,2026-03-15,lausanne,young boys,3.0,0.0,1.0,3.0,4.0,3.0
rXaopfnd,flashscore,TR1,2526,2026-03-15,genclerbirligi,besiktas,2.0,5.0,4.0,5.0,6.0,10.0
pd6FKzO8,flashscore,TR1,2526,2026-03-15,samsunspor,kayserispor,4.0,5.0,3.0,3.0,7.0,8.0
xWK6ixfM,flashscore,TR1,2526,2026-03-15,kasimpasa,eyupspor,1.0,1.0,1.0,1.0,2.0,2.0
Sxk39Gam,flashscore,TR2,2526,2026-03-15,amedspor,manisa fk,9.0,2.0,8.0,0.0,17.0,2.0
2wpSa3Sj,flashscore,TR2,2526,2026-03-15,sakaryaspor,vanspor fk,3.0,0.0,3.0,2.0,6.0,2.0
Wfgd5P4T,flashscore,TR2,2526,2026-03-15,sariyer,keciorengucu,1.0,0.0,2.0,1.0,3.0,1.0
lhwC7fUa,flashscore,TR2,2526,2026-03-15,erzurumspor,hatayspor,5.0,2.0,4.0,1.0,9.0,3.0
dItK5YbC,flashscore,TR2,2526,2026-03-15,sivasspor,umraniyespor,5.0,1.0,4.0,5.0,9.0,6.0
bFoBdgpg,flashscore,DK1,2526,2026-03-16,silkeborg,vejle,4.0,3.0,3.0,1.0,7.0,4.0
0jR7cwU6,flashscore,E0,2526,2026-03-16,brentford,wolves,0.0,3.0,1.0,2.0,1.0,5.0
rcDQjULG,flashscore,I1,2526,2026-03-16,cremonese,fiorentina,1.0,4.0,3.0,2.0,4.0,6.0
8Ax2774L,flashscore,RO1,2526,2026-03-16,u. cluj,cfr cluj,3.0,2.0,4.0,2.0,7.0,4.0
Yo1GNoGF,flashscore,RO1,2526,2026-03-16,fc botosani,unirea slobozia,4.0,1.0,5.0,1.0,9.0,2.0
fsz6388E,flashscore,RS1,2526,2026-03-16,napredak,ofk beograd mozzart bet,0.0,4.0,2.0,3.0,2.0,7.0
fyHX9ccm,flashscore,SP1,2526,2026-03-16,rayo vallecano,levante,1.0,2.0,4.0,4.0,5.0,6.0
Au5m7ozH,flashscore,TR2,2526,2026-03-16,bodrumspor,boluspor,2.0,1.0,1.0,2.0,3.0,3.0
rDovBTzh,flashscore,TR2,2526,2026-03-16,corum,erokspor,3.0,0.0,3.0,1.0,6.0,1.0
2F1u9754,flashscore,TR2,2526,2026-03-16,bandirmaspor,igdir fk,2.0,5.0,3.0,3.0,5.0,8.0
t81ovm9U,flashscore,E1,2526,2026-03-17,watford,wrexham,1.0,1.0,2.0,4.0,3.0,5.0
lrYlIgin,flashscore,I2,2526,2026-03-17,mantova,cesena,1.0,3.0,4.0,0.0,5.0,3.0
OKSDCkLN,flashscore,I2,2526,2026-03-17,reggiana,monza,2.0,2.0,1.0,2.0,3.0,4.0
r59p7Tro,flashscore,I2,2526,2026-03-17,spezia,empoli,5.0,0.0,2.0,1.0,7.0,1.0
zadWUWzh,flashscore,I2,2526,2026-03-17,venezia,padova,2.0,1.0,7.0,0.0,9.0,1.0
fuycGXLb,flashscore,I2,2526,2026-03-17,palermo,juve stabia,2.0,0.0,5.0,2.0,7.0,2.0
W4dygBx0,flashscore,SW1,2526,2026-03-17,st. gallen,lugano,4.0,1.0,1.0,3.0,5.0,4.0
xQacVixR,flashscore,TR1,2526,2026-03-17,fenerbahce,gaziantep,7.0,4.0,4.0,3.0,11.0,7.0
Iship0s3,flashscore,E1,2526,2026-03-18,southampton,norwich,2.0,1.0,3.0,5.0,5.0,6.0
K4yEGtGs,flashscore,I2,2526,2026-03-18,avellino,sudtirol,0.0,0.0,2.0,2.0,2.0,2.0
6LZLEKpf,flashscore,I2,2526,2026-03-18,carrarese,sampdoria,2.0,2.0,2.0,0.0,4.0,2.0
GfP5EBjB,flashscore,I2,2526,2026-03-18,pescara,entella,2.0,1.0,0.0,0.0,2.0,1.0
z1RxBxpJ,flashscore,I2,2526,2026-03-18,frosinone,bari,6.0,0.0,5.0,1.0,11.0,1.0
nuNoDhGr,flashscore,TR1,2526,2026-03-18,basaksehir,antalyaspor,1.0,3.0,1.0,0.0,2.0,3.0
f5QgBWpe,flashscore,TR1,2526,2026-03-18,eyupspor,trabzonspor,0.0,3.0,1.0,2.0,1.0,5.0
xlrpMmaD,flashscore,TR1,2526,2026-03-18,alanyaspor,kocaelispor,0.0,2.0,3.0,1.0,3.0,3.0
4tOX1oSr,flashscore,RO1,2526,2026-03-19,dinamo bucuresti,univ. craiova,2.0,0.0,0.0,1.0,2.0,1.0
I94NIEhL,flashscore,TR1,2526,2026-03-19,besiktas,kasimpasa,0.0,1.0,2.0,2.0,2.0,3.0
UNvxO9U0,flashscore,TR1,2526,2026-03-19,konyaspor,genclerbirligi,3.0,2.0,4.0,1.0,7.0,3.0
rR6lXD7E,flashscore,TR1,2526,2026-03-19,kayserispor,karagumruk,2.0,0.0,1.0,1.0,3.0,1.0
d24wWu8b,flashscore,B2,2526,2026-03-20,eupen,seraing,1.0,3.0,2.0,4.0,3.0,7.0
voMTtcMG,flashscore,B2,2526,2026-03-20,oc charleroi,genk u23,0.0,4.0,6.0,3.0,6.0,7.0
QsdfSc7N,flashscore,B2,2526,2026-03-20,patro eisden,beerschot va,2.0,2.0,1.0,0.0,3.0,2.0
SrS8qyAO,flashscore,D1,2526,2026-03-20,rb leipzig,hoffenheim,1.0,0.0,0.0,3.0,1.0,3.0
hOlu2j7N,flashscore,D2,2526,2026-03-20,hannover,braunschweig,6.0,1.0,4.0,5.0,10.0,6.0
pboX3CxB,flashscore,D2,2526,2026-03-20,karlsruher sc,greuther furth,0.0,1.0,3.0,3.0,3.0,4.0
pWqJfXE5,flashscore,DK1,2526,2026-03-20,vejle,odense,1.0,3.0,1.0,4.0,2.0,7.0
QZ5U62OH,flashscore,E0,2526,2026-03-20,bournemouth,manchester utd,4.0,5.0,2.0,3.0,6.0,8.0
xnX3PJ6T,flashscore,E1,2526,2026-03-20,preston,stoke,7.0,2.0,0.0,7.0,7.0,9.0
vgQi3gRP,flashscore,F1,2526,2026-03-20,lens,angers,3.0,1.0,4.0,2.0,7.0,3.0
zg3cAFI6,flashscore,I1,2526,2026-03-20,genoa,udinese,2.0,1.0,5.0,0.0,7.0,1.0
xbLAJJeK,flashscore,I1,2526,2026-03-20,cagliari,napoli,0.0,6.0,2.0,1.0,2.0,7.0
bXwzRakL,flashscore,N1,2526,2026-03-20,heracles,excelsior,4.0,0.0,2.0,1.0,6.0,1.0
2ughgZIU,flashscore,P1,2526,2026-03-20,estrela,casa pia,5.0,1.0,1.0,0.0,6.0,1.0
C6Ru0Pde,flashscore,RO1,2526,2026-03-20,cfr cluj,fc rapid bucuresti,3.0,5.0,1.0,0.0,4.0,5.0
AgTMuLWh,flashscore,RO1,2526,2026-03-20,fcsb,uta arad,3.0,3.0,5.0,0.0,8.0,3.0
8n538fjB,flashscore,RS1,2526,2026-03-20,sp. subotica,radnik,2.0,4.0,1.0,1.0,3.0,5.0
pIFbK5HM,flashscore,SP1,2526,2026-03-20,villarreal,real sociedad,2.0,4.0,2.0,1.0,4.0,5.0
A5UCpuNi,flashscore,B2,2526,2026-03-21,beveren,rfc liege,2.0,1.0,2.0,1.0,4.0,2.0
Ao6VX1wn,flashscore,B2,2526,2026-03-21,rwdm brussels,k. lierse s.k.,0.0,5.0,2.0,3.0,2.0,8.0
pSxRMyVp,flashscore,B2,2526,2026-03-21,sporting lokeren,anderlecht u23,2.0,3.0,4.0,5.0,6.0,8.0
hUcnUJxB,flashscore,B2,2526,2026-03-21,francs borains,kortrijk,5.0,4.0,3.0,0.0,8.0,4.0
WKILrJi4,flashscore,B2,2526,2026-03-21,gent u23,club brugge kv u23,6.0,1.0,3.0,0.0,9.0,1.0
lIb0mJAa,flashscore,D1,2526,2026-03-21,dortmund,hamburger sv,4.0,3.0,7.0,0.0,11.0,3.0
hj5ikutm,flashscore,D1,2526,2026-03-21,bayern munich,union berlin,4.0,1.0,8.0,0.0,12.0,1.0
CYEFuS8j,flashscore,D1,2526,2026-03-21,fc koln,b. monchengladbach,1.0,1.0,4.0,2.0,5.0,3.0
tnhrbzPH,flashscore,D1,2526,2026-03-21,heidenheim,bayer leverkusen,1.0,1.0,1.0,4.0,2.0,5.0
I77I3vet,flashscore,D1,2526,2026-03-21,wolfsburg,werder bremen,5.0,1.0,3.0,3.0,8.0,4.0
lpXdKXMi,flashscore,D2,2526,2026-03-21,darmstadt,schalke,4.0,3.0,7.0,2.0,11.0,5.0
v1QB0wWI,flashscore,D2,2526,2026-03-21,elversberg,arminia bielefeld,4.0,1.0,5.0,0.0,9.0,1.0
djpBdUUp,flashscore,D2,2526,2026-03-21,nurnberg,kaiserslautern,7.0,0.0,4.0,1.0,11.0,1.0
GIgG7fwn,flashscore,D2,2526,2026-03-21,paderborn,sg dynamo dresden,2.0,2.0,2.0,3.0,4.0,5.0
UTmdL1wB,flashscore,E0,2526,2026-03-21,leeds,brentford,1.0,2.0,5.0,0.0,6.0,2.0
0lduPqvn,flashscore,E0,2526,2026-03-21,everton,chelsea,2.0,4.0,1.0,5.0,3.0,9.0
8EamNN8b,flashscore,E0,2526,2026-03-21,fulham,burnley,3.0,3.0,3.0,3.0,6.0,6.0
bm4x5tgU,flashscore,E0,2526,2026-03-21,brighton,liverpool,1.0,5.0,3.0,3.0,4.0,8.0
x8frmQoo,flashscore,E1,2526,2026-03-21,swansea,coventry,1.0,6.0,1.0,1.0,2.0,7.0
M9NLCtNN,flashscore,E1,2526,2026-03-21,bristol city,west brom,1.0,2.0,4.0,2.0,5.0,4.0
6sah7Kpo,flashscore,E1,2526,2026-03-21,charlton,norwich,2.0,3.0,5.0,4.0,7.0,7.0
86umT174,flashscore,E1,2526,2026-03-21,hull,sheffield wed,0.0,3.0,4.0,1.0,4.0,4.0
hCxZJcUj,flashscore,E1,2526,2026-03-21,qpr,portsmouth,0.0,3.0,1.0,6.0,1.0,9.0
6P3ChnON,flashscore,E1,2526,2026-03-21,sheffield utd,wrexham,6.0,2.0,2.0,3.0,8.0,5.0
Y7FLs1Mc,flashscore,E1,2526,2026-03-21,southampton,oxford utd,3.0,2.0,3.0,2.0,6.0,4.0
tYITuuiA,flashscore,E1,2526,2026-03-21,watford,leicester,3.0,2.0,4.0,2.0,7.0,4.0
EqKDE2hB,flashscore,E1,2526,2026-03-21,blackburn,middlesbrough,1.0,7.0,2.0,4.0,3.0,11.0
CvnvVNxh,flashscore,E1,2526,2026-03-21,derby,birmingham,2.0,0.0,4.0,2.0,6.0,2.0
tKweRuxH,flashscore,E1,2526,2026-03-21,ipswich,millwall,6.0,1.0,3.0,7.0,9.0,8.0
SIbufklC,flashscore,F1,2526,2026-03-21,nice,psg,2.0,4.0,0.0,1.0,2.0,5.0
pzskqYZg,flashscore,F1,2526,2026-03-21,auxerre,brest,6.0,1.0,0.0,2.0,6.0,3.0
63AWeBJa,flashscore,F1,2526,2026-03-21,toulouse,lorient,0.0,1.0,1.0,3.0,1.0,4.0
WKd68gmJ,flashscore,I1,2526,2026-03-21,juventus,sassuolo,6.0,2.0,3.0,2.0,9.0,4.0
bRlhWduQ,flashscore,I1,2526,2026-03-21,ac milan,torino,1.0,4.0,3.0,2.0,4.0,6.0
raQOQz3m,flashscore,I1,2526,2026-03-21,parma,cremonese,1.0,1.0,2.0,0.0,3.0,1.0
fFi6sAKc,flashscore,I2,2526,2026-03-21,modena,mantova,0.0,2.0,1.0,2.0,1.0,4.0
SSkEulkA,flashscore,I2,2526,2026-03-21,monza,venezia,5.0,1.0,5.0,0.0,10.0,1.0
lxVvRlzH,flashscore,I2,2526,2026-03-21,cesena,catanzaro,2.0,4.0,5.0,1.0,7.0,5.0
tzAJJ6Sj,flashscore,I2,2526,2026-03-21,juve stabia,spezia,3.0,0.0,0.0,2.0,3.0,2.0
OfqNwSJM,flashscore,I2,2526,2026-03-21,padova,palermo,2.0,2.0,7.0,2.0,9.0,4.0
ABcu5IS1,flashscore,N1,2526,2026-03-21,zwolle,nac breda,1.0,1.0,1.0,4.0,2.0,5.0
j9sv7vbk,flashscore,N1,2526,2026-03-21,sparta rotterdam,fc volendam,2.0,1.0,1.0,6.0,3.0,7.0
UFU5LwDr,flashscore,N1,2526,2026-03-21,sittard,twente,3.0,3.0,4.0,3.0,7.0,6.0
6DaqeelI,flashscore,P1,2526,2026-03-21,tondela,afs,2.0,3.0,5.0,3.0,7.0,6.0
n1Es82q4,flashscore,P1,2526,2026-03-21,benfica,vitoria guimaraes,4.0,2.0,0.0,6.0,4.0,8.0
CE4c2Ceo,flashscore,P1,2526,2026-03-21,santa clara,gil vicente,1.0,2.0,5.0,4.0,6.0,6.0
GrJR7YXN,flashscore,P1,2526,2026-03-21,famalicao,nacional,4.0,5.0,3.0,1.0,7.0,6.0
jyY1Dx4n,flashscore,P1,2526,2026-03-21,moreirense,arouca,3.0,5.0,0.0,2.0,3.0,7.0
I3Umb3R7,flashscore,RO1,2526,2026-03-21,fc arges,u. cluj,3.0,3.0,1.0,0.0,4.0,3.0
tKncPanC,flashscore,RO1,2526,2026-03-21,csikszereda m. ciuc,farul constanta,3.0,3.0,2.0,3.0,5.0,6.0
86lkRLHa,flashscore,RO1,2526,2026-03-21,metaloglobus bucharest,petrolul,4.0,2.0,0.0,5.0,4.0,7.0
Y9hR83pf,flashscore,RS1,2526,2026-03-21,mladost,partizan,5.0,0.0,2.0,5.0,7.0,5.0
2kpr5LqJ,flashscore,RS1,2526,2026-03-21,vojvodina,napredak,4.0,1.0,4.0,0.0,8.0,1.0
lpk2AGLb,flashscore,RS1,2526,2026-03-21,crvena zvezda,radnicki nis,4.0,4.0,7.0,0.0,11.0,4.0
MHgmGohK,flashscore,RS1,2526,2026-03-21,javor,novi pazar,0.0,1.0,2.0,3.0,2.0,4.0
WEkP562T,flashscore,SP1,2526,2026-03-21,sevilla,valencia,1.0,1.0,0.0,2.0,1.0,3.0
OlnH7SXG,flashscore,SP1,2526,2026-03-21,levante,oviedo,2.0,0.0,1.0,1.0,3.0,1.0
xhCjMRnA,flashscore,SP1,2526,2026-03-21,osasuna,girona,5.0,0.0,1.0,2.0,6.0,2.0
2Zc89l34,flashscore,SP1,2526,2026-03-21,espanyol,getafe,2.0,3.0,10.0,6.0,12.0,9.0
f9f0BAYi,flashscore,SP1,2526,2026-03-21,elche,mallorca,1.0,2.0,1.0,0.0,2.0,2.0
YPKegAZr,flashscore,SP2,2526,2026-03-21,dep. la coruna,zaragoza,5.0,0.0,2.0,1.0,7.0,1.0
6FzH0hs9,flashscore,SP2,2526,2026-03-21,cadiz cf,malaga,0.0,0.0,4.0,2.0,4.0,2.0
jZ8LsNT0,flashscore,SP2,2526,2026-03-21,andorra,eibar,1.0,4.0,4.0,0.0,5.0,4.0
hnRjDVQE,flashscore,SP2,2526,2026-03-21,racing santander,albacete,1.0,3.0,5.0,2.0,6.0,5.0
E1FaB9eR,flashscore,SP2,2526,2026-03-21,leganes,ceuta,2.0,3.0,2.0,4.0,4.0,7.0
EmER3SjI,flashscore,SW1,2526,2026-03-21,sion,st. gallen,5.0,5.0,3.0,7.0,8.0,12.0
ILKI5lM5,flashscore,SW1,2526,2026-03-21,servette,grasshoppers,2.0,4.0,3.0,0.0,5.0,4.0
p8MA7Aig,flashscore,SW1,2526,2026-03-21,zurich,thun,1.0,4.0,1.0,5.0,2.0,9.0
O6D9CtCd,flashscore,TR2,2526,2026-03-21,umraniyespor,pendikspor,2.0,3.0,4.0,1.0,6.0,4.0
bqhCW13S,flashscore,TR2,2526,2026-03-21,keciorengucu,adana demirspor,4.0,0.0,4.0,1.0,8.0,1.0
2iP0E2sp,flashscore,TR2,2526,2026-03-21,manisa fk,sivasspor,3.0,4.0,1.0,6.0,4.0,10.0
ITYrRuRk,flashscore,TR2,2526,2026-03-21,boluspor,bandirmaspor,5.0,4.0,3.0,3.0,8.0,7.0
QVg4YNYF,flashscore,TR2,2526,2026-03-21,serik spor,sakaryaspor,1.0,2.0,4.0,2.0,5.0,4.0
A5Eu2PNH,flashscore,B1,2526,2026-03-22,anderlecht,cercle brugge ksv,2.0,5.0,6.0,2.0,8.0,7.0
EcHmdfid,flashscore,B1,2526,2026-03-22,club brugge kv,kv mechelen,8.0,1.0,7.0,1.0,15.0,2.0
EytDqH7j,flashscore,B1,2526,2026-03-22,dender,gent,3.0,2.0,3.0,1.0,6.0,3.0
fe1nbGMq,flashscore,B1,2526,2026-03-22,leuven,antwerp,1.0,4.0,4.0,1.0,5.0,5.0
bPFG3xaM,flashscore,B1,2526,2026-03-22,raal la louviere,genk,5.0,1.0,5.0,2.0,10.0,3.0
2cM75bU9,flashscore,B1,2526,2026-03-22,st. liege,westerlo,2.0,4.0,4.0,5.0,6.0,9.0
t49ZJcq3,flashscore,B1,2526,2026-03-22,st. truiden,royale union sg,2.0,5.0,3.0,0.0,5.0,5.0
fXIa7Kac,flashscore,B1,2526,2026-03-22,waregem,charleroi,3.0,2.0,1.0,8.0,4.0,10.0
vNeR1IPh,flashscore,D1,2526,2026-03-22,augsburg,stuttgart,1.0,5.0,1.0,0.0,2.0,5.0
nmaZadf5,flashscore,D1,2526,2026-03-22,st. pauli,freiburg,3.0,1.0,0.0,1.0,3.0,2.0
MVd8ocuC,flashscore,D1,2526,2026-03-22,mainz,eintracht frankfurt,5.0,2.0,0.0,1.0,5.0,3.0
6mS32a16,flashscore,D2,2526,2026-03-22,bochum,holstein kiel,2.0,1.0,0.0,2.0,2.0,3.0
OrcO5Y7b,flashscore,D2,2526,2026-03-22,dusseldorf,hertha berlin,3.0,1.0,3.0,0.0,6.0,1.0
pCQ5IBi4,flashscore,D2,2526,2026-03-22,preussen munster,magdeburg,1.0,1.0,5.0,2.0,6.0,3.0
YXo1eA4N,flashscore,DK1,2526,2026-03-22,viborg,midtjylland,3.0,2.0,2.0,4.0,5.0,6.0
Q7rgcWZA,flashscore,DK1,2526,2026-03-22,aarhus,brondby,5.0,4.0,2.0,1.0,7.0,5.0
OrAbz3Tj,flashscore,DK1,2526,2026-03-22,fc copenhagen,fredericia,3.0,3.0,11.0,0.0,14.0,3.0
Isuoah5b,flashscore,DK1,2526,2026-03-22,nordsjaelland,sonderjyske,5.0,1.0,1.0,1.0,6.0,2.0
hdmRhBqI,flashscore,DK1,2526,2026-03-22,randers fc,silkeborg,0.0,1.0,4.0,2.0,4.0,3.0
U7CL8Og5,flashscore,E0,2526,2026-03-22,aston villa,west ham,5.0,2.0,1.0,4.0,6.0,6.0
n5KMyNNi,flashscore,E0,2526,2026-03-22,tottenham,nottingham,8.0,2.0,5.0,1.0,13.0,3.0
fBXzEJVp,flashscore,E0,2526,2026-03-22,newcastle,sunderland,5.0,1.0,4.0,4.0,9.0,5.0
naw6ujZI,flashscore,F1,2526,2026-03-22,nantes,strasbourg,1.0,1.0,2.0,5.0,3.0,6.0
EZdmhTIO,flashscore,F1,2526,2026-03-22,marseille,lille,0.0,2.0,6.0,2.0,6.0,4.0
bw7OcXlm,flashscore,F1,2526,2026-03-22,paris fc,le havre,7.0,1.0,2.0,4.0,9.0,5.0
h0pcsC46,flashscore,F1,2526,2026-03-22,rennes,metz,2.0,1.0,6.0,1.0,8.0,2.0
OKhtof5s,flashscore,F1,2526,2026-03-22,lyon,monaco,0.0,3.0,2.0,3.0,2.0,6.0
2u5kCylf,flashscore,I1,2526,2026-03-22,fiorentina,inter,1.0,2.0,2.0,3.0,3.0,5.0
GQwWOEXa,flashscore,I1,2526,2026-03-22,as roma,lecce,5.0,0.0,5.0,2.0,10.0,2.0
lxuGcxZ0,flashscore,I1,2526,2026-03-22,atalanta,verona,2.0,2.0,0.0,2.0,2.0,4.0
d2rOeG3D,flashscore,I1,2526,2026-03-22,bologna,lazio,1.0,1.0,1.0,0.0,2.0,1.0
8tCtEcJs,flashscore,I1,2526,2026-03-22,como,pisa,5.0,0.0,2.0,1.0,7.0,1.0
MkBmfm43,flashscore,I2,2526,2026-03-22,entella,reggiana,4.0,3.0,4.0,0.0,8.0,3.0
fwzgY5sp,flashscore,I2,2526,2026-03-22,sampdoria,avellino,5.0,2.0,4.0,1.0,9.0,3.0
tCRWSA54,flashscore,I2,2526,2026-03-22,bari,carrarese,6.0,3.0,6.0,3.0,12.0,6.0
AiJmPS4T,flashscore,I2,2526,2026-03-22,empoli,pescara,3.0,3.0,3.0,6.0,6.0,9.0
GhO1WqCd,flashscore,I2,2526,2026-03-22,sudtirol,frosinone,1.0,1.0,2.0,3.0,3.0,4.0
Cz49ua4E,flashscore,N1,2526,2026-03-22,groningen,az alkmaar,1.0,2.0,1.0,5.0,2.0,7.0
fwd8C0zS,flashscore,N1,2526,2026-03-22,telstar,psv,0.0,4.0,1.0,8.0,1.0,12.0
OENEJHse,flashscore,N1,2526,2026-03-22,feyenoord,ajax,2.0,1.0,3.0,0.0,5.0,1.0
dSLMHeC7,flashscore,N1,2526,2026-03-22,utrecht,g.a. eagles,2.0,3.0,0.0,2.0,2.0,5.0
xIkRSLK8,flashscore,N1,2526,2026-03-22,nijmegen,heerenveen,2.0,2.0,4.0,0.0,6.0,2.0
vyBZ9OEi,flashscore,P1,2526,2026-03-22,braga,fc porto,0.0,3.0,3.0,2.0,3.0,5.0
KGPI9f3B,flashscore,P1,2526,2026-03-22,alverca,sporting cp,2.0,1.0,1.0,0.0,3.0,1.0
CjMABGYb,flashscore,P1,2526,2026-03-22,estoril,rio ave,3.0,4.0,8.0,3.0,11.0,7.0
xtVEss2t,flashscore,RO1,2526,2026-03-22,fc hermannstadt,fc botosani,4.0,1.0,7.0,1.0,11.0,2.0
t2zKAPFs,flashscore,RS1,2526,2026-03-22,cukaricki,zeleznicar pancevo,0.0,4.0,0.0,2.0,0.0,6.0
fPtz7sF6,flashscore,RS1,2526,2026-03-22,tsc,radnicki 1923,1.0,5.0,3.0,5.0,4.0,10.0
GWjfCxin,flashscore,RS1,2526,2026-03-22,ofk beograd mozzart bet,imt novi beograd,2.0,2.0,1.0,7.0,3.0,9.0
bTDl6FdC,flashscore,SP1,2526,2026-03-22,ath bilbao,betis,3.0,2.0,3.0,3.0,6.0,5.0
lWVe0pQj,flashscore,SP1,2526,2026-03-22,celta vigo,alaves,1.0,1.0,3.0,0.0,4.0,1.0
UFzMm7to,flashscore,SP1,2526,2026-03-22,barcelona,rayo vallecano,5.0,3.0,1.0,6.0,6.0,9.0
tQIsOmIc,flashscore,SP1,2526,2026-03-22,real madrid,atl. madrid,3.0,0.0,1.0,1.0,4.0,1.0
6wJ3il4e,flashscore,SP2,2526,2026-03-22,las palmas,gijon,4.0,1.0,3.0,7.0,7.0,8.0
QuZ4kSY7,flashscore,SP2,2526,2026-03-22,mirandes,valladolid,4.0,2.0,4.0,2.0,8.0,4.0
pp6V5mJl,flashscore,SP2,2526,2026-03-22,real sociedad b,granada cf,2.0,1.0,5.0,4.0,7.0,5.0
QJcUxkk2,flashscore,SP2,2526,2026-03-22,burgos cf,cordoba,5.0,3.0,0.0,12.0,5.0,15.0
EBSk4d2b,flashscore,SW1,2526,2026-03-22,luzern,lausanne,2.0,5.0,1.0,3.0,3.0,8.0
SfUs6IXo,flashscore,SW1,2526,2026-03-22,young boys,lugano,2.0,2.0,4.0,2.0,6.0,4.0
MDHZ16LU,flashscore,SW1,2526,2026-03-22,winterthur,basel,4.0,3.0,1.0,0.0,5.0,3.0
zsuMLpkA,flashscore,TR2,2526,2026-03-22,erokspor,erzurumspor,5.0,0.0,6.0,1.0,11.0,1.0
OQyiPJe2,flashscore,TR2,2526,2026-03-22,igdir fk,corum,3.0,4.0,2.0,1.0,5.0,5.0
6k1yXVE8,flashscore,TR2,2526,2026-03-22,istanbulspor as,bodrumspor,7.0,1.0,3.0,1.0,10.0,2.0
W8YUJOJM,flashscore,TR2,2526,2026-03-22,hatayspor,amedspor,1.0,0.0,0.0,5.0,1.0,5.0
U30ezp43,flashscore,TR2,2526,2026-03-22,vanspor fk,sariyer,4.0,4.0,2.0,1.0,6.0,5.0
lpj5NwHO,flashscore,RO1,2526,2026-03-23,unirea slobozia,otelul,4.0,2.0,1.0,3.0,5.0,5.0
EuvPbWBL,flashscore,SP2,2526,2026-03-23,castellon,cultural leonesa,1.0,1.0,0.0,3.0,1.0,4.0
GrsW9HyK,flashscore,SP2,2526,2026-03-27,cordoba,mirandes,4.0,2.0,0.0,1.0,4.0,3.0
b7Co25ID,flashscore,SP2,2526,2026-03-28,albacete,castellon,5.0,5.0,1.0,3.0,6.0,8.0
23spHYrm,flashscore,SP2,2526,2026-03-28,gijon,dep. la coruna,3.0,3.0,4.0,9.0,7.0,12.0
80phFCDa,flashscore,SP2,2526,2026-03-28,malaga,leganes,4.0,3.0,5.0,2.0,9.0,5.0
8tMA2ZTg,flashscore,SP2,2526,2026-03-28,granada cf,huesca,2.0,3.0,0.0,3.0,2.0,6.0
jPDRbiTI,flashscore,SP2,2526,2026-03-28,valladolid,burgos cf,2.0,1.0,4.0,0.0,6.0,1.0
rJ0DMfLP,flashscore,SP2,2526,2026-03-28,ceuta,cadiz cf,1.0,0.0,1.0,2.0,2.0,2.0
fcKI0Db6,flashscore,SP2,2526,2026-03-29,almeria,real sociedad b,5.0,4.0,2.0,3.0,7.0,7.0
UFY0DjrC,flashscore,SP2,2526,2026-03-29,zaragoza,racing santander,5.0,3.0,1.0,4.0,6.0,7.0
On7Tu1bD,flashscore,SP2,2526,2026-03-29,cultural leonesa,andorra,1.0,0.0,0.0,2.0,1.0,2.0
nRX14eas,flashscore,SP2,2526,2026-03-29,eibar,las palmas,0.0,4.0,2.0,6.0,2.0,10.0
Moi87LBj,flashscore,SP2,2526,2026-03-31,valladolid,cadiz cf,4.0,1.0,3.0,1.0,7.0,2.0
lhqfVO3c,flashscore,SP2,2526,2026-03-31,dep. la coruna,cordoba,1.0,3.0,1.0,5.0,2.0,8.0
xEFyDslT,flashscore,SP2,2526,2026-03-31,mirandes,albacete,8.0,1.0,1.0,2.0,9.0,3.0
UmCTE3JG,flashscore,SP2,2526,2026-04-01,racing santander,gijon,1.0,5.0,2.0,2.0,3.0,7.0
zF0YfrSp,flashscore,SP2,2526,2026-04-01,burgos cf,ceuta,4.0,0.0,4.0,3.0,8.0,3.0
jNrLIoKi,flashscore,SP2,2526,2026-04-01,huesca,cultural leonesa,5.0,4.0,0.0,1.0,5.0,5.0
ltR734jK,flashscore,SP2,2526,2026-04-01,andorra,malaga,6.0,2.0,2.0,3.0,8.0,5.0
OzsTGPl4,flashscore,SP2,2526,2026-04-02,leganes,zaragoza,1.0,5.0,2.0,5.0,3.0,10.0
zkHsMKQq,flashscore,SP2,2526,2026-04-02,castellon,almeria,2.0,3.0,6.0,2.0,8.0,5.0
rix3T2Y9,flashscore,SP2,2526,2026-04-02,real sociedad b,eibar,1.0,2.0,9.0,1.0,10.0,3.0
G4zBRt3M,flashscore,SP2,2526,2026-04-02,las palmas,granada cf,2.0,1.0,2.0,2.0,4.0,3.0
4QPMyVDa,flashscore,B1,2526,2026-04-03,antwerp,genk,2.0,0.0,1.0,0.0,3.0,0.0
rgqU9ej3,flashscore,B2,2526,2026-04-03,genk u23,sporting lokeren,1.0,1.0,2.0,3.0,3.0,4.0
d03ZmETq,flashscore,B2,2526,2026-04-03,kortrijk,gent u23,3.0,1.0,3.0,1.0,6.0,2.0
hYD9WzEd,flashscore,E1,2526,2026-04-03,coventry,derby,3.0,1.0,3.0,0.0,6.0,1.0
x0CxvJLM,flashscore,E1,2526,2026-04-03,birmingham,blackburn,7.0,6.0,2.0,4.0,9.0,10.0
YVc8Ydqp,flashscore,E1,2526,2026-04-03,charlton,bristol city,3.0,0.0,4.0,3.0,7.0,3.0
Kv6efv63,flashscore,E1,2526,2026-04-03,leicester,preston,2.0,2.0,5.0,0.0,7.0,2.0
lKcCjd5S,flashscore,E1,2526,2026-04-03,norwich,portsmouth,2.0,4.0,3.0,2.0,5.0,6.0
6yvqozTk,flashscore,E1,2526,2026-04-03,oxford utd,hull,0.0,1.0,1.0,4.0,1.0,5.0
vkxiqEc2,flashscore,E1,2526,2026-04-03,qpr,watford,1.0,1.0,1.0,2.0,2.0,3.0
I3XUATwh,flashscore,E1,2526,2026-04-03,sheffield utd,swansea,2.0,0.0,2.0,2.0,4.0,2.0
2PY8YH0s,flashscore,E1,2526,2026-04-03,stoke,sheffield wed,4.0,0.0,3.0,2.0,7.0,2.0
QTzw9784,flashscore,E1,2526,2026-04-03,west brom,wrexham,3.0,3.0,1.0,3.0,4.0,6.0
tff4hIzG,flashscore,E1,2526,2026-04-03,middlesbrough,millwall,11.0,3.0,6.0,3.0,17.0,6.0
f7ceLRnB,flashscore,F1,2526,2026-04-03,psg,toulouse,3.0,1.0,2.0,1.0,5.0,2.0
MJSPKuT9,flashscore,P1,2526,2026-04-03,sporting cp,santa clara,6.0,3.0,3.0,2.0,9.0,5.0
jcP0Mh4E,flashscore,P1,2526,2026-04-03,vitoria guimaraes,tondela,1.0,0.0,2.0,1.0,3.0,1.0
8G2j6tEG,flashscore,P1,2526,2026-04-03,gil vicente,afs,2.0,0.0,1.0,1.0,3.0,1.0
QqzwxwWH,flashscore,RO1,2526,2026-04-03,fc botosani,fcsb,0.0,0.0,2.0,0.0,2.0,0.0
f3TpLXZG,flashscore,RS1,2526,2026-04-03,napredak,tsc,2.0,1.0,5.0,3.0,7.0,4.0
SjxUOFzh,flashscore,RS1,2526,2026-04-03,radnicki nis,ofk beograd mozzart bet,1.0,3.0,2.0,1.0,3.0,4.0
zRrJXsBC,flashscore,SA1,2526,2026-04-03,al nassr,al najma,3.0,1.0,1.0,2.0,4.0,3.0
8vsRVLuP,flashscore,SA1,2526,2026-04-03,al ittihad,al hazem,3.0,5.0,2.0,4.0,5.0,9.0
Kxm7S7jU,flashscore,SA1,2526,2026-04-03,al kholood,al khaleej,2.0,4.0,0.0,3.0,2.0,7.0
084ForGL,flashscore,SP1,2526,2026-04-03,rayo vallecano,elche,6.0,3.0,3.0,1.0,9.0,4.0
6DqONRye,flashscore,TR2,2526,2026-04-03,bodrumspor,umraniyespor,2.0,1.0,2.0,2.0,4.0,3.0
0pGaNIsC,flashscore,TR2,2526,2026-04-03,corum,bandirmaspor,7.0,0.0,6.0,2.0,13.0,2.0
YaoGPm7r,flashscore,TR2,2526,2026-04-03,pendikspor,hatayspor,2.0,1.0,1.0,0.0,3.0,1.0
EF4qV9qL,flashscore,TR2,2526,2026-04-03,adana demirspor,manisa fk,1.0,3.0,1.0,5.0,2.0,8.0
z9Yjdswg,flashscore,B1,2526,2026-04-04,royale union sg,st. truiden,1.0,2.0,6.0,3.0,7.0,5.0
O45s1osB,flashscore,B1,2526,2026-04-04,leuven,st. liege,5.0,3.0,2.0,1.0,7.0,4.0
rVVnZVhf,flashscore,B1,2526,2026-04-04,waregem,cercle brugge ksv,3.0,2.0,5.0,1.0,8.0,3.0
42OfedyA,flashscore,B2,2526,2026-04-04,club brugge kv u23,eupen,0.0,0.0,6.0,2.0,6.0,2.0
dxLncI6c,flashscore,B2,2526,2026-04-04,k. lierse s.k.,francs borains,2.0,1.0,3.0,2.0,5.0,3.0
QHC3gz6M,flashscore,B2,2526,2026-04-04,lommel sk,rwdm brussels,3.0,2.0,3.0,1.0,6.0,3.0
jadrnhbd,flashscore,B2,2526,2026-04-04,anderlecht u23,beveren,3.0,3.0,3.0,1.0,6.0,4.0
2NTch5hd,flashscore,D1,2526,2026-04-04,stuttgart,dortmund,4.0,1.0,1.0,1.0,5.0,2.0
Stc23V0c,flashscore,D1,2526,2026-04-04,bayer leverkusen,wolfsburg,3.0,1.0,9.0,1.0,12.0,2.0
fHGqG8p3,flashscore,D1,2526,2026-04-04,b. monchengladbach,heidenheim,0.0,3.0,2.0,0.0,2.0,3.0
dMlJam0M,flashscore,D1,2526,2026-04-04,freiburg,bayern munich,3.0,0.0,2.0,8.0,5.0,8.0
SO3W647k,flashscore,D1,2526,2026-04-04,hamburger sv,augsburg,3.0,0.0,6.0,2.0,9.0,2.0
riSaCQqS,flashscore,D1,2526,2026-04-04,hoffenheim,mainz,5.0,0.0,2.0,3.0,7.0,3.0
6ezkfRNq,flashscore,D1,2526,2026-04-04,werder bremen,rb leipzig,1.0,0.0,0.0,0.0,1.0,0.0
QkAMqlj3,flashscore,D2,2526,2026-04-04,sg dynamo dresden,hertha berlin,2.0,2.0,4.0,1.0,6.0,3.0
bqIzMpbd,flashscore,D2,2526,2026-04-04,arminia bielefeld,darmstadt,5.0,1.0,3.0,3.0,8.0,4.0
OQ3h97Ej,flashscore,D2,2526,2026-04-04,kaiserslautern,dusseldorf,4.0,1.0,5.0,5.0,9.0,6.0
EiIMETjT,flashscore,D2,2526,2026-04-04,magdeburg,bochum,3.0,1.0,1.0,2.0,4.0,3.0
U3XWklSp,flashscore,DK1,2526,2026-04-04,midtjylland,sonderjyske,4.0,1.0,5.0,4.0,9.0,5.0
MgamNmIb,flashscore,F1,2526,2026-04-04,lille,lens,3.0,1.0,0.0,2.0,3.0,3.0
QDQ5AAYh,flashscore,F1,2526,2026-04-04,brest,rennes,2.0,5.0,1.0,2.0,3.0,7.0
E9DdJ5HN,flashscore,F1,2526,2026-04-04,strasbourg,nice,3.0,4.0,1.0,6.0,4.0,10.0
UT35wEng,flashscore,I1,2526,2026-04-04,lazio,parma,2.0,1.0,5.0,1.0,7.0,2.0
xGrllV0B,flashscore,I1,2526,2026-04-04,verona,fiorentina,4.0,1.0,5.0,0.0,9.0,1.0
AmPvhD1n,flashscore,I1,2526,2026-04-04,sassuolo,cagliari,1.0,1.0,1.0,1.0,2.0,2.0
fakmUP1U,flashscore,N1,2526,2026-04-04,ajax,twente,2.0,0.0,0.0,2.0,2.0,2.0
QJcWX725,flashscore,N1,2526,2026-04-04,excelsior,nijmegen,1.0,2.0,1.0,3.0,2.0,5.0
nZouWoXH,flashscore,N1,2526,2026-04-04,az alkmaar,sittard,7.0,1.0,3.0,5.0,10.0,6.0
K07HwwZQ,flashscore,N1,2526,2026-04-04,telstar,groningen,3.0,8.0,2.0,4.0,5.0,12.0
x0deWfR0,flashscore,N1,2526,2026-04-04,psv,utrecht,5.0,0.0,3.0,3.0,8.0,3.0
QiZGM1bc,flashscore,P1,2526,2026-04-04,fc porto,famalicao,2.0,3.0,2.0,0.0,4.0,3.0
SIfc2XCr,flashscore,P1,2526,2026-04-04,moreirense,braga,2.0,4.0,2.0,5.0,4.0,9.0
YcnVbb6j,flashscore,P1,2526,2026-04-04,rio ave,alverca,1.0,3.0,7.0,1.0,8.0,4.0
Gt6b4KrT,flashscore,P1,2526,2026-04-04,nacional,estrela,4.0,1.0,1.0,5.0,5.0,6.0
OMnF1xYa,flashscore,RO1,2526,2026-04-04,fc arges,dinamo bucuresti,4.0,6.0,2.0,1.0,6.0,7.0
dWdAJUFj,flashscore,RO1,2526,2026-04-04,otelul,fc hermannstadt,2.0,1.0,3.0,3.0,5.0,4.0
MkVxNg54,flashscore,RS1,2526,2026-04-04,imt novi beograd,vojvodina,2.0,2.0,0.0,2.0,2.0,4.0
jVMgJB4T,flashscore,RS1,2526,2026-04-04,radnicki 1923,mladost,3.0,0.0,4.0,4.0,7.0,4.0
GC8B6YKN,flashscore,RS1,2526,2026-04-04,sp. subotica,javor,4.0,1.0,0.0,4.0,4.0,5.0
29jCygKc,flashscore,RS1,2526,2026-04-04,zeleznicar pancevo,novi pazar,1.0,0.0,2.0,3.0,3.0,3.0
OAgbUTLH,flashscore,SA1,2526,2026-04-04,al hilal,al taawon,5.0,2.0,2.0,3.0,7.0,5.0
fV1sYBMh,flashscore,SA1,2526,2026-04-04,neom sc,al fayha,5.0,3.0,0.0,3.0,5.0,6.0
GpjjWki5,flashscore,SA1,2526,2026-04-04,al ahli sc,damac,2.0,3.0,3.0,4.0,5.0,7.0
G6kwDN9d,flashscore,SP1,2526,2026-04-04,atl. madrid,barcelona,1.0,2.0,0.0,7.0,1.0,9.0
WEXPzR13,flashscore,SP1,2526,2026-04-04,betis,espanyol,2.0,1.0,2.0,2.0,4.0,3.0
0fPtXr1S,flashscore,SP1,2526,2026-04-04,mallorca,real madrid,2.0,3.0,4.0,1.0,6.0,4.0
dvjotMwq,flashscore,SP1,2526,2026-04-04,real sociedad,levante,5.0,2.0,6.0,3.0,11.0,5.0
2PzPYcAk,flashscore,SP2,2526,2026-04-04,cultural leonesa,valladolid,2.0,1.0,1.0,1.0,3.0,2.0
6gkgvKnS,flashscore,SP2,2526,2026-04-04,dep. la coruna,malaga,7.0,4.0,4.0,5.0,11.0,9.0
rFKkKbed,flashscore,SP2,2526,2026-04-04,albacete,burgos cf,1.0,1.0,4.0,1.0,5.0,2.0
OAcxr2m3,flashscore,SP2,2526,2026-04-04,cadiz cf,cordoba,1.0,2.0,0.0,3.0,1.0,5.0
xhxur6od,flashscore,SW1,2526,2026-04-04,basel,young boys,3.0,0.0,0.0,7.0,3.0,7.0
tQrWqSGq,flashscore,SW1,2526,2026-04-04,lausanne,winterthur,1.0,3.0,2.0,5.0,3.0,8.0
AwMb2zXA,flashscore,SW1,2526,2026-04-04,lugano,thun,1.0,2.0,2.0,3.0,3.0,5.0
O2BovMKb,flashscore,TR1,2526,2026-04-04,trabzonspor,galatasaray,1.0,5.0,2.0,5.0,3.0,10.0
WEZKN0zI,flashscore,TR1,2526,2026-04-04,gaziantep,alanyaspor,2.0,1.0,0.0,1.0,2.0,2.0
2mNxtrjn,flashscore,TR1,2526,2026-04-04,genclerbirligi,goztepe,2.0,3.0,4.0,2.0,6.0,5.0
Sf82zvKN,flashscore,TR1,2526,2026-04-04,kasimpasa,kayserispor,0.0,9.0,1.0,1.0,1.0,10.0
CQEOL567,flashscore,TR2,2526,2026-04-04,sakaryaspor,istanbulspor as,1.0,2.0,1.0,0.0,2.0,2.0
bLJrR0rm,flashscore,TR2,2526,2026-04-04,erzurumspor,igdir fk,2.0,0.0,3.0,2.0,5.0,2.0
YcE7LdCO,flashscore,TR2,2526,2026-04-04,keciorengucu,vanspor fk,2.0,1.0,1.0,5.0,3.0,6.0
COqIu0ct,flashscore,TR2,2526,2026-04-04,sariyer,serik spor,0.0,0.0,2.0,5.0,2.0,5.0
hl92gfu2,flashscore,B1,2526,2026-04-05,westerlo,charleroi,2.0,5.0,3.0,0.0,5.0,5.0
Wr18ZEEj,flashscore,B2,2526,2026-04-05,rfc liege,oc charleroi,2.0,3.0,4.0,2.0,6.0,5.0
zDFxuyiT,flashscore,B2,2526,2026-04-05,seraing,patro eisden,3.0,0.0,3.0,4.0,6.0,4.0
z70A19V9,flashscore,D1,2526,2026-04-05,eintracht frankfurt,fc koln,1.0,0.0,7.0,0.0,8.0,0.0
jqAhEnFF,flashscore,D1,2526,2026-04-05,union berlin,st. pauli,5.0,1.0,2.0,1.0,7.0,2.0
xUTRN6Tq,flashscore,D2,2526,2026-04-05,braunschweig,nurnberg,4.0,3.0,5.0,1.0,9.0,4.0
CnpmVlyA,flashscore,D2,2526,2026-04-05,greuther furth,paderborn,1.0,2.0,2.0,2.0,3.0,4.0
vZouXA6c,flashscore,D2,2526,2026-04-05,hannover,elversberg,5.0,2.0,5.0,2.0,10.0,4.0
hxUDGkMG,flashscore,D2,2526,2026-04-05,holstein kiel,preussen munster,2.0,3.0,9.0,0.0,11.0,3.0
8EwdTS5M,flashscore,D2,2526,2026-04-05,schalke,karlsruher sc,1.0,0.0,1.0,3.0,2.0,3.0
jk2pb6Lc,flashscore,DK1,2526,2026-04-05,fc copenhagen,silkeborg,9.0,1.0,2.0,2.0,11.0,3.0
h0ScCW3t,flashscore,F1,2526,2026-04-05,monaco,marseille,0.0,4.0,0.0,4.0,0.0,8.0
z3QU462U,flashscore,F1,2526,2026-04-05,le havre,auxerre,1.0,2.0,4.0,3.0,5.0,5.0
QR5vP9mn,flashscore,F1,2526,2026-04-05,lorient,paris fc,3.0,2.0,2.0,4.0,5.0,6.0
EmxM6SXH,flashscore,F1,2526,2026-04-05,metz,nantes,2.0,2.0,4.0,1.0,6.0,3.0
MuKE8l35,flashscore,F1,2526,2026-04-05,angers,lyon,2.0,4.0,1.0,3.0,3.0,7.0
p6VnLWWO,flashscore,I1,2526,2026-04-05,inter,as roma,4.0,3.0,3.0,1.0,7.0,4.0
fykVX9GU,flashscore,I1,2526,2026-04-05,pisa,torino,1.0,2.0,0.0,0.0,1.0,2.0
ChXvNh2C,flashscore,I1,2526,2026-04-05,cremonese,bologna,0.0,2.0,2.0,2.0,2.0,4.0
nDn9W4Tg,flashscore,I2,2526,2026-04-05,palermo,avellino,0.0,0.0,1.0,0.0,1.0,0.0
pnRSjZE8,flashscore,I2,2526,2026-04-05,frosinone,padova,3.0,2.0,4.0,3.0,7.0,5.0
YRk4UYeD,flashscore,N1,2526,2026-04-05,nac breda,sparta rotterdam,5.0,2.0,6.0,1.0,11.0,3.0
KMfOZTXh,flashscore,N1,2526,2026-04-05,fc volendam,feyenoord,0.0,0.0,5.0,5.0,5.0,5.0
4YrlYGdl,flashscore,N1,2526,2026-04-05,heerenveen,heracles,3.0,1.0,5.0,0.0,8.0,1.0
Of1Fyj3t,flashscore,N1,2526,2026-04-05,g.a. eagles,zwolle,4.0,3.0,1.0,5.0,5.0,8.0
Gdq73b3m,flashscore,RO1,2526,2026-04-05,fc rapid bucuresti,u. cluj,1.0,3.0,5.0,5.0,6.0,8.0
lvaesY7c,flashscore,RO1,2526,2026-04-05,farul constanta,unirea slobozia,3.0,0.0,8.0,2.0,11.0,2.0
IJWUwa15,flashscore,RO1,2526,2026-04-05,uta arad,metaloglobus bucharest,7.0,3.0,2.0,4.0,9.0,7.0
MDDPDkSj,flashscore,RS1,2526,2026-04-05,partizan,cukaricki,5.0,0.0,7.0,0.0,12.0,0.0
0ppr1Cro,flashscore,RS1,2526,2026-04-05,radnik,crvena zvezda,2.0,2.0,3.0,5.0,5.0,7.0
fiwIpk6b,flashscore,SA1,2526,2026-04-05,al ettifaq,al qadsiah,3.0,4.0,1.0,3.0,4.0,7.0
zkNGnByn,flashscore,SA1,2526,2026-04-05,al riyadh,al shabab,1.0,2.0,1.0,7.0,2.0,9.0
lYbZZXit,flashscore,SA1,2526,2026-04-05,al okhdood,al fateh,3.0,2.0,2.0,5.0,5.0,7.0
UkiVEqup,flashscore,SP1,2526,2026-04-05,alaves,osasuna,4.0,1.0,3.0,0.0,7.0,1.0
GKUBRMOk,flashscore,SP1,2526,2026-04-05,oviedo,sevilla,3.0,6.0,2.0,3.0,5.0,9.0
4tB6m4o9,flashscore,SP1,2526,2026-04-05,valencia,celta vigo,2.0,0.0,4.0,0.0,6.0,0.0
xzJKP0g2,flashscore,SP1,2526,2026-04-05,getafe,ath bilbao,3.0,0.0,1.0,3.0,4.0,3.0
2wGcmcPr,flashscore,SP2,2526,2026-04-05,zaragoza,mirandes,2.0,5.0,4.0,1.0,6.0,6.0
biUXWyu2,flashscore,SP2,2526,2026-04-05,almeria,leganes,1.0,0.0,4.0,1.0,5.0,1.0
WfPRhJ1L,flashscore,SP2,2526,2026-04-05,las palmas,huesca,2.0,0.0,2.0,1.0,4.0,1.0
KOHwbrEs,flashscore,SP2,2526,2026-04-05,andorra,racing santander,5.0,1.0,1.0,1.0,6.0,2.0
AuyJfuX8,flashscore,SP2,2526,2026-04-05,eibar,ceuta,4.0,2.0,2.0,0.0,6.0,2.0
b1yDPM55,flashscore,TR1,2526,2026-04-05,fenerbahce,besiktas,5.0,3.0,5.0,2.0,10.0,5.0
GIqdT46t,flashscore,TR1,2526,2026-04-05,antalyaspor,eyupspor,5.0,3.0,3.0,1.0,8.0,4.0
WSEgx0kB,flashscore,TR1,2526,2026-04-05,karagumruk,rizespor,0.0,1.0,0.0,2.0,0.0,3.0
2Zs4Rryg,flashscore,TR1,2526,2026-04-05,samsunspor,konyaspor,2.0,1.0,6.0,1.0,8.0,2.0
6oNjPvDa,flashscore,TR2,2526,2026-04-05,amedspor,boluspor,7.0,0.0,3.0,2.0,10.0,2.0
vX6Aq9bE,flashscore,TR2,2526,2026-04-05,sivasspor,erokspor,0.0,1.0,3.0,3.0,3.0,4.0
zoh3WZyK,flashscore,B1,2526,2026-04-06,gent,kv mechelen,4.0,2.0,1.0,8.0,5.0,10.0
jeZfX9N6,flashscore,B1,2526,2026-04-06,raal la louviere,dender,2.0,1.0,2.0,2.0,4.0,3.0
z79BLc64,flashscore,B1,2526,2026-04-06,club brugge kv,anderlecht,6.0,0.0,2.0,2.0,8.0,2.0
z1KIDiKi,flashscore,DK1,2526,2026-04-06,viborg,aarhus,2.0,0.0,2.0,2.0,4.0,2.0
GAIafOKM,flashscore,DK1,2526,2026-04-06,odense,fredericia,2.0,0.0,6.0,6.0,8.0,6.0
rcKidpjA,flashscore,DK1,2526,2026-04-06,vejle,randers fc,1.0,2.0,2.0,1.0,3.0,3.0
pSGJjHMP,flashscore,E1,2526,2026-04-06,hull,coventry,1.0,2.0,1.0,2.0,2.0,4.0
KSTo7owH,flashscore,E1,2526,2026-04-06,swansea,middlesbrough,1.0,5.0,1.0,5.0,2.0,10.0
OvNHWeVg,flashscore,E1,2526,2026-04-06,blackburn,west brom,0.0,1.0,4.0,1.0,4.0,2.0
d6zPUZa6,flashscore,E1,2526,2026-04-06,bristol city,sheffield utd,0.0,0.0,0.0,5.0,0.0,5.0
hYTXSDUI,flashscore,E1,2526,2026-04-06,derby,stoke,4.0,1.0,1.0,2.0,5.0,3.0
4Ccjoepm,flashscore,E1,2526,2026-04-06,ipswich,birmingham,4.0,2.0,2.0,2.0,6.0,4.0
vkhFuiEO,flashscore,E1,2526,2026-04-06,preston,qpr,2.0,0.0,0.0,6.0,2.0,6.0
IFNPafat,flashscore,E1,2526,2026-04-06,sheffield wed,leicester,1.0,4.0,0.0,6.0,1.0,10.0
jTLXcYTh,flashscore,E1,2526,2026-04-06,watford,charlton,6.0,0.0,11.0,3.0,17.0,3.0
A90bqZEa,flashscore,E1,2526,2026-04-06,millwall,norwich,1.0,3.0,1.0,2.0,2.0,5.0
WOl7sDqC,flashscore,E1,2526,2026-04-06,portsmouth,oxford utd,3.0,2.0,3.0,3.0,6.0,5.0
b9eMZVoI,flashscore,I1,2526,2026-04-06,napoli,ac milan,2.0,0.0,2.0,3.0,4.0,3.0
OW0cuzIt,flashscore,I1,2526,2026-04-06,juventus,genoa,2.0,2.0,3.0,3.0,5.0,5.0
jqhEyhH5,flashscore,I1,2526,2026-04-06,lecce,atalanta,0.0,2.0,2.0,3.0,2.0,5.0
UkutjiWb,flashscore,I1,2526,2026-04-06,udinese,como,1.0,2.0,5.0,0.0,6.0,2.0
jV24j53S,flashscore,I2,2526,2026-04-06,carrarese,spezia,1.0,3.0,1.0,2.0,2.0,5.0
vT0ISMSI,flashscore,I2,2526,2026-04-06,sampdoria,empoli,4.0,2.0,3.0,2.0,7.0,4.0
IH4dhRYF,flashscore,I2,2526,2026-04-06,bari,modena,4.0,5.0,0.0,2.0,4.0,7.0
AFqyoqRk,flashscore,I2,2526,2026-04-06,catanzaro,monza,1.0,2.0,0.0,3.0,1.0,5.0
jog0YQbs,flashscore,I2,2526,2026-04-06,mantova,entella,1.0,2.0,3.0,0.0,4.0,2.0
KQpHUrb6,flashscore,I2,2526,2026-04-06,reggiana,pescara,0.0,1.0,2.0,2.0,2.0,3.0
6Zh4jQKP,flashscore,I2,2526,2026-04-06,venezia,juve stabia,1.0,3.0,4.0,1.0,5.0,4.0
2N1rqNe2,flashscore,I2,2526,2026-04-06,cesena,sudtirol,1.0,3.0,3.0,3.0,4.0,6.0
lYr60Bse,flashscore,P1,2526,2026-04-06,casa pia,benfica,2.0,6.0,1.0,6.0,3.0,12.0
zksEbkC7,flashscore,P1,2526,2026-04-06,arouca,estoril,1.0,3.0,2.0,0.0,3.0,3.0
AcHZL6JE,flashscore,RO1,2526,2026-04-06,univ. craiova,cfr cluj,5.0,4.0,1.0,2.0,6.0,6.0
d423uCxA,flashscore,RO1,2526,2026-04-06,petrolul,csikszereda m. ciuc,2.0,1.0,1.0,1.0,3.0,2.0
4SVXY4WF,flashscore,SP1,2526,2026-04-06,girona,villarreal,4.0,1.0,3.0,3.0,7.0,4.0
b596oyfe,flashscore,SP2,2526,2026-04-06,gijon,real sociedad b,5.0,1.0,3.0,2.0,8.0,3.0
ARepttIF,flashscore,SP2,2526,2026-04-06,castellon,granada cf,3.0,2.0,3.0,2.0,6.0,4.0
ILzs2RxS,flashscore,SW1,2526,2026-04-06,servette,luzern,2.0,3.0,2.0,3.0,4.0,6.0
AeXY3m8F,flashscore,SW1,2526,2026-04-06,st. gallen,zurich,9.0,1.0,3.0,1.0,12.0,2.0
ltqQ59w3,flashscore,SW1,2526,2026-04-06,grasshoppers,sion,1.0,0.0,0.0,3.0,1.0,3.0
StTTLv5U,flashscore,TR1,2526,2026-04-06,kocaelispor,basaksehir,0.0,4.0,1.0,4.0,1.0,8.0
rRNQBVl4,flashscore,DK1,2526,2026-04-07,nordsjaelland,brondby,3.0,3.0,2.0,3.0,5.0,6.0
htSg5P7T,flashscore,E1,2526,2026-04-07,wrexham,southampton,0.0,2.0,3.0,2.0,3.0,4.0
zuxs5GQi,flashscore,TR2,2526,2026-04-07,corum,bodrumspor,1.0,2.0,4.0,1.0,5.0,3.0
OnTkYZeU,flashscore,TR2,2526,2026-04-07,manisa fk,pendikspor,1.0,5.0,0.0,4.0,1.0,9.0
va3ahwsn,flashscore,TR2,2526,2026-04-07,bandirmaspor,sariyer,0.0,3.0,2.0,0.0,2.0,3.0
SYEFletB,flashscore,TR2,2526,2026-04-07,hatayspor,adana demirspor,1.0,1.0,1.0,1.0,2.0,2.0
lvUhlW33,flashscore,RS1,2526,2026-04-08,mladost,napredak,1.0,4.0,4.0,3.0,5.0,7.0
IJL9pl3S,flashscore,RS1,2526,2026-04-08,vojvodina,radnicki nis,2.0,3.0,0.0,2.0,2.0,5.0
zy4JZWlA,flashscore,RS1,2526,2026-04-08,javor,zeleznicar pancevo,1.0,1.0,3.0,3.0,4.0,4.0
AgI1nAYF,flashscore,RS1,2526,2026-04-08,tsc,imt novi beograd,0.0,5.0,2.0,0.0,2.0,5.0
jJlVmFI7,flashscore,SA1,2526,2026-04-08,al hilal,al kholood,1.0,5.0,2.0,3.0,3.0,8.0
WxA42EX0,flashscore,SA1,2526,2026-04-08,al ittihad,neom sc,3.0,0.0,3.0,3.0,6.0,3.0
lfhEicJr,flashscore,SA1,2526,2026-04-08,al fayha,al ahli sc,1.0,3.0,1.0,2.0,2.0,5.0
YeoTPVal,flashscore,TR1,2526,2026-04-08,goztepe,galatasaray,1.0,1.0,3.0,1.0,4.0,2.0
zRd8jHBb,flashscore,TR2,2526,2026-04-08,umraniyespor,sakaryaspor,3.0,1.0,1.0,3.0,4.0,4.0
ll3OnZAN,flashscore,TR2,2526,2026-04-08,igdir fk,keciorengucu,0.0,2.0,2.0,1.0,2.0,3.0
KWgfsDYp,flashscore,TR2,2526,2026-04-08,serik spor,vanspor fk,4.0,3.0,3.0,2.0,7.0,5.0
AH0lw6e2,flashscore,RS1,2526,2026-04-09,crvena zvezda,sp. subotica,8.0,0.0,1.0,0.0,9.0,0.0
O0x7QSBd,flashscore,RS1,2526,2026-04-09,cukaricki,radnicki 1923,3.0,1.0,0.0,2.0,3.0,3.0
x42tuSQk,flashscore,RS1,2526,2026-04-09,ofk beograd mozzart bet,radnik,4.0,1.0,3.0,2.0,7.0,3.0
SYrbSlsp,flashscore,RS1,2526,2026-04-09,novi pazar,partizan,2.0,1.0,4.0,1.0,6.0,2.0
ddDZbuR8,flashscore,SA1,2526,2026-04-09,al ettifaq,al riyadh,3.0,4.0,3.0,3.0,6.0,7.0
b1o9rKtS,flashscore,SA1,2526,2026-04-09,damac,al qadsiah,1.0,2.0,2.0,10.0,3.0,12.0
GKE29AF7,flashscore,TR1,2526,2026-04-09,rizespor,samsunspor,4.0,1.0,1.0,10.0,5.0,11.0
t4yZyId5,flashscore,TR2,2526,2026-04-09,erokspor,amedspor,1.0,2.0,3.0,0.0,4.0,2.0
KlmQwvSh,flashscore,TR2,2526,2026-04-09,istanbulspor as,erzurumspor,1.0,1.0,0.0,2.0,1.0,3.0
SKZtzdRH,flashscore,TR2,2526,2026-04-09,boluspor,sivasspor,1.0,1.0,2.0,2.0,3.0,3.0
2ZdySEoR,flashscore,B1,2526,2026-04-10,charleroi,antwerp,1.0,6.0,1.0,3.0,2.0,9.0
0dEh24lf,flashscore,B2,2526,2026-04-10,eupen,beerschot va,0.0,3.0,2.0,1.0,2.0,4.0
YsbCMYZ8,flashscore,B2,2526,2026-04-10,sporting lokeren,seraing,5.0,0.0,1.0,1.0,6.0,1.0
zBrFHLL7,flashscore,D1,2526,2026-04-10,augsburg,hoffenheim,3.0,1.0,1.0,3.0,4.0,4.0
WQN9YNs2,flashscore,D2,2526,2026-04-10,dusseldorf,holstein kiel,2.0,2.0,5.0,1.0,7.0,3.0
CM0ddRZ8,flashscore,D2,2526,2026-04-10,karlsruher sc,arminia bielefeld,0.0,5.0,4.0,8.0,4.0,13.0
GvMY99JG,flashscore,DK1,2526,2026-04-10,aarhus,nordsjaelland,2.0,0.0,3.0,1.0,5.0,1.0
t4sdnVsR,flashscore,E0,2526,2026-04-10,west ham,wolves,2.0,0.0,3.0,2.0,5.0,2.0
xKzkNlc4,flashscore,E1,2526,2026-04-10,west brom,millwall,3.0,3.0,4.0,2.0,7.0,5.0
ph4SDquo,flashscore,F1,2526,2026-04-10,marseille,metz,4.0,1.0,3.0,3.0,7.0,4.0
fRgCDzo2,flashscore,F1,2526,2026-04-10,paris fc,monaco,0.0,7.0,1.0,4.0,1.0,11.0
QLtzs8Ar,flashscore,I1,2526,2026-04-10,as roma,pisa,1.0,1.0,0.0,2.0,1.0,3.0
bXXrqrDa,flashscore,I2,2526,2026-04-10,frosinone,palermo,3.0,4.0,1.0,3.0,4.0,7.0
QgEuap14,flashscore,N1,2526,2026-04-10,twente,fc volendam,4.0,0.0,3.0,1.0,7.0,1.0
GMsMRmtf,flashscore,P1,2526,2026-04-10,famalicao,moreirense,7.0,0.0,6.0,0.0,13.0,0.0
6cfkW7ad,flashscore,RO1,2526,2026-04-10,fc hermannstadt,farul constanta,1.0,6.0,5.0,2.0,6.0,8.0
KES1xaf5,flashscore,SP1,2526,2026-04-10,real madrid,girona,5.0,0.0,5.0,1.0,10.0,1.0
A1Cg7IGE,flashscore,SP2,2526,2026-04-10,ceuta,real sociedad b,2.0,2.0,2.0,1.0,4.0,3.0
29bDhLZi,flashscore,TR1,2526,2026-04-10,besiktas,antalyaspor,8.0,0.0,2.0,6.0,10.0,6.0
rXCJJyyH,flashscore,B1,2526,2026-04-11,st. truiden,club brugge kv,5.0,3.0,5.0,2.0,10.0,5.0
fiSErwRq,flashscore,B1,2526,2026-04-11,st. liege,westerlo,1.0,4.0,0.0,3.0,1.0,7.0
O8X2VmhJ,flashscore,B1,2526,2026-04-11,cercle brugge ksv,raal la louviere,4.0,1.0,5.0,4.0,9.0,5.0
vLxw8ZKF,flashscore,B2,2526,2026-04-11,beveren,kortrijk,2.0,1.0,2.0,2.0,4.0,3.0
4UKq4QJs,flashscore,B2,2526,2026-04-11,francs borains,genk u23,3.0,1.0,0.0,1.0,3.0,2.0
h4Wa0rJ6,flashscore,B2,2526,2026-04-11,lommel sk,club brugge kv u23,3.0,1.0,2.0,6.0,5.0,7.0
IZFPbVs2,flashscore,B2,2526,2026-04-11,oc charleroi,k. lierse s.k.,2.0,0.0,1.0,3.0,3.0,3.0
WIHH0iDk,flashscore,B2,2526,2026-04-11,rwdm brussels,anderlecht u23,1.0,5.0,4.0,2.0,5.0,7.0
2Hz1uPDE,flashscore,D1,2526,2026-04-11,st. pauli,bayern munich,2.0,0.0,1.0,4.0,3.0,4.0
zk7v5rx2,flashscore,D1,2526,2026-04-11,dortmund,bayer leverkusen,4.0,1.0,1.0,4.0,5.0,5.0
dGT9w3rR,flashscore,D1,2526,2026-04-11,heidenheim,union berlin,0.0,0.0,3.0,5.0,3.0,5.0
OAmZQPbL,flashscore,D1,2526,2026-04-11,rb leipzig,b. monchengladbach,4.0,2.0,7.0,2.0,11.0,4.0
Eef6Jsie,flashscore,D1,2526,2026-04-11,wolfsburg,eintracht frankfurt,2.0,3.0,5.0,4.0,7.0,7.0
pYJpzyJ6,flashscore,D2,2526,2026-04-11,darmstadt,hannover,2.0,4.0,0.0,2.0,2.0,6.0
CKLxxclf,flashscore,D2,2526,2026-04-11,hertha berlin,kaiserslautern,4.0,0.0,1.0,5.0,5.0,5.0
ILSTwJJs,flashscore,D2,2526,2026-04-11,nurnberg,sg dynamo dresden,1.0,4.0,4.0,0.0,5.0,4.0
t0DgYEmJ,flashscore,D2,2526,2026-04-11,preussen munster,greuther furth,2.0,1.0,4.0,3.0,6.0,4.0
jJ4pUVLr,flashscore,E0,2526,2026-04-11,liverpool,fulham,2.0,1.0,4.0,8.0,6.0,9.0
AoUBFW6k,flashscore,E0,2526,2026-04-11,brentford,everton,2.0,1.0,0.0,2.0,2.0,3.0
rDsJDAy2,flashscore,E0,2526,2026-04-11,burnley,brighton,4.0,0.0,4.0,2.0,8.0,2.0
jcHwYvNG,flashscore,E0,2526,2026-04-11,arsenal,bournemouth,3.0,0.0,7.0,1.0,10.0,1.0
AVyZeCb5,flashscore,E1,2526,2026-04-11,charlton,preston,1.0,2.0,6.0,2.0,7.0,4.0
vX0CN6Nc,flashscore,E1,2526,2026-04-11,leicester,swansea,7.0,2.0,5.0,0.0,12.0,2.0
vBTkhUcU,flashscore,E1,2526,2026-04-11,middlesbrough,portsmouth,5.0,0.0,9.0,2.0,14.0,2.0
AqH7ABDb,flashscore,E1,2526,2026-04-11,oxford utd,watford,1.0,3.0,9.0,2.0,10.0,5.0
vP8O6TCN,flashscore,E1,2526,2026-04-11,sheffield utd,hull,5.0,2.0,10.0,2.0,15.0,4.0
A7af17zo,flashscore,E1,2526,2026-04-11,southampton,derby,4.0,1.0,2.0,1.0,6.0,2.0
j3xsPASi,flashscore,E1,2526,2026-04-11,stoke,blackburn,2.0,2.0,2.0,1.0,4.0,3.0
IeusfjTH,flashscore,E1,2526,2026-04-11,coventry,sheffield wed,2.0,2.0,5.0,0.0,7.0,2.0
UZ8aCXrn,flashscore,E1,2526,2026-04-11,norwich,ipswich,9.0,1.0,4.0,0.0,13.0,1.0
rcFF8krB,flashscore,E1,2526,2026-04-11,qpr,bristol city,2.0,4.0,1.0,2.0,3.0,6.0
YDpNZQ14,flashscore,F1,2526,2026-04-11,rennes,angers,4.0,2.0,7.0,1.0,11.0,3.0
rmz7ZH7L,flashscore,F1,2526,2026-04-11,auxerre,nantes,1.0,1.0,2.0,1.0,3.0,2.0
4UbUT0Fd,flashscore,I1,2526,2026-04-11,atalanta,juventus,4.0,2.0,9.0,0.0,13.0,2.0
YN1eljI8,flashscore,I1,2526,2026-04-11,ac milan,udinese,1.0,1.0,3.0,2.0,4.0,3.0
v1tMZj3F,flashscore,I1,2526,2026-04-11,cagliari,cremonese,3.0,3.0,3.0,2.0,6.0,5.0
Mmzqunue,flashscore,I1,2526,2026-04-11,torino,verona,1.0,2.0,2.0,4.0,3.0,6.0
QqPau0CO,flashscore,I2,2526,2026-04-11,monza,bari,6.0,1.0,1.0,0.0,7.0,1.0
j7Uzo4rm,flashscore,I2,2526,2026-04-11,avellino,catanzaro,2.0,0.0,4.0,1.0,6.0,1.0
IeTjCtsn,flashscore,I2,2526,2026-04-11,entella,venezia,1.0,1.0,3.0,1.0,4.0,2.0
hWQisMsC,flashscore,I2,2526,2026-04-11,juve stabia,cesena,3.0,0.0,3.0,2.0,6.0,2.0
CzbIcsSh,flashscore,I2,2526,2026-04-11,pescara,sampdoria,1.0,2.0,4.0,1.0,5.0,3.0
2qgshwdU,flashscore,I2,2526,2026-04-11,sudtirol,modena,3.0,7.0,4.0,2.0,7.0,9.0
Y5xFrPGN,flashscore,N1,2526,2026-04-11,heracles,ajax,1.0,3.0,6.0,2.0,7.0,5.0
b7CmcOVG,flashscore,N1,2526,2026-04-11,groningen,g.a. eagles,5.0,3.0,3.0,2.0,8.0,5.0
YPKclTnn,flashscore,N1,2526,2026-04-11,sparta rotterdam,psv,2.0,3.0,0.0,2.0,2.0,5.0
pp6X06Wi,flashscore,N1,2526,2026-04-11,utrecht,telstar,3.0,2.0,4.0,3.0,7.0,5.0
OO2sZVmK,flashscore,P1,2526,2026-04-11,estrela,sporting cp,1.0,7.0,3.0,6.0,4.0,13.0
zPcNPRA6,flashscore,P1,2526,2026-04-11,santa clara,rio ave,1.0,1.0,2.0,2.0,3.0,3.0
z3MnDlR0,flashscore,P1,2526,2026-04-11,afs,vitoria guimaraes,1.0,3.0,4.0,1.0,5.0,4.0
bisyfBi3,flashscore,RO1,2526,2026-04-11,fcsb,otelul,5.0,0.0,1.0,3.0,6.0,3.0
6HpqhkMF,flashscore,RO1,2526,2026-04-11,uta arad,fc botosani,2.0,0.0,3.0,1.0,5.0,1.0
Uqxuwb4k,flashscore,SA1,2526,2026-04-11,al okhdood,al nassr,0.0,4.0,2.0,2.0,2.0,6.0
M5gbQKKq,flashscore,SA1,2526,2026-04-11,al hazem,al fayha,2.0,2.0,0.0,8.0,2.0,10.0
2HtQrTzB,flashscore,SA1,2526,2026-04-11,al najma,neom sc,2.0,7.0,1.0,15.0,3.0,22.0
UVd6Obkd,flashscore,SA1,2526,2026-04-11,al taawon,al kholood,3.0,0.0,0.0,0.0,3.0,0.0
z9oxMwAO,flashscore,SP1,2526,2026-04-11,sevilla,atl. madrid,4.0,3.0,2.0,3.0,6.0,6.0
O69fxvw8,flashscore,SP1,2526,2026-04-11,barcelona,espanyol,4.0,1.0,3.0,4.0,7.0,5.0
CU0CRstm,flashscore,SP1,2526,2026-04-11,elche,valencia,4.0,1.0,1.0,8.0,5.0,9.0
vshTNauC,flashscore,SP1,2526,2026-04-11,real sociedad,alaves,7.0,2.0,2.0,3.0,9.0,5.0
G0vRlA0m,flashscore,SP2,2526,2026-04-11,cordoba,zaragoza,3.0,1.0,2.0,4.0,5.0,5.0
bqdHaRE5,flashscore,SP2,2526,2026-04-11,malaga,las palmas,3.0,2.0,2.0,3.0,5.0,5.0
WI7EqFO7,flashscore,SP2,2526,2026-04-11,burgos cf,gijon,1.0,3.0,1.0,1.0,2.0,4.0
ptWsoSaC,flashscore,SP2,2526,2026-04-11,leganes,albacete,8.0,3.0,2.0,1.0,10.0,4.0
l2K0InN8,flashscore,SW1,2526,2026-04-11,winterthur,grasshoppers,1.0,3.0,2.0,0.0,3.0,3.0
x6HDd50k,flashscore,SW1,2526,2026-04-11,zurich,lugano,1.0,3.0,1.0,2.0,2.0,5.0
lQMf5bJc,flashscore,TR1,2526,2026-04-11,kayserispor,fenerbahce,2.0,3.0,2.0,2.0,4.0,5.0
AZ1Lja44,flashscore,TR1,2526,2026-04-11,alanyaspor,trabzonspor,2.0,4.0,0.0,1.0,2.0,5.0
phG33xlA,flashscore,TR1,2526,2026-04-11,basaksehir,genclerbirligi,0.0,1.0,4.0,1.0,4.0,2.0
8CW5e3ge,flashscore,TR2,2526,2026-04-11,bodrumspor,bandirmaspor,3.0,2.0,2.0,2.0,5.0,4.0
GxzEgsO7,flashscore,TR2,2526,2026-04-11,pendikspor,corum,1.0,2.0,4.0,2.0,5.0,4.0
Sfjj1YPG,flashscore,TR2,2526,2026-04-11,sariyer,hatayspor,5.0,0.0,2.0,0.0,7.0,0.0
EkbDx5an,flashscore,B1,2526,2026-04-12,dender,waregem,2.0,3.0,0.0,3.0,2.0,6.0
6TrZQDas,flashscore,B1,2526,2026-04-12,anderlecht,gent,1.0,1.0,3.0,0.0,4.0,1.0
ANSUZ8rC,flashscore,B1,2526,2026-04-12,genk,leuven,0.0,3.0,3.0,0.0,3.0,3.0
MPWbfL75,flashscore,B1,2526,2026-04-12,kv mechelen,royale union sg,1.0,6.0,1.0,3.0,2.0,9.0
noto6DkS,flashscore,B2,2526,2026-04-12,gent u23,rfc liege,2.0,4.0,0.0,2.0,2.0,6.0
jckRSoU8,flashscore,D1,2526,2026-04-12,mainz,freiburg,3.0,0.0,3.0,4.0,6.0,4.0
6VjbL3Mr,flashscore,D1,2526,2026-04-12,stuttgart,hamburger sv,5.0,1.0,3.0,1.0,8.0,2.0
hnFuYt6l,flashscore,D1,2526,2026-04-12,fc koln,werder bremen,3.0,1.0,5.0,4.0,8.0,5.0
MH3VsSKF,flashscore,D2,2526,2026-04-12,bochum,braunschweig,1.0,4.0,1.0,1.0,2.0,5.0
fV1wt6kS,flashscore,D2,2526,2026-04-12,elversberg,schalke,1.0,2.0,7.0,0.0,8.0,2.0
O0K1zpDk,flashscore,D2,2526,2026-04-12,paderborn,magdeburg,2.0,3.0,2.0,4.0,4.0,7.0
fJCwmtDd,flashscore,DK1,2526,2026-04-12,randers fc,fc copenhagen,2.0,0.0,3.0,2.0,5.0,2.0
vVUB2RBj,flashscore,DK1,2526,2026-04-12,brondby,midtjylland,1.0,6.0,2.0,3.0,3.0,9.0
ng9Vl2rp,flashscore,DK1,2526,2026-04-12,silkeborg,odense,3.0,1.0,1.0,2.0,4.0,3.0
O4Pt8mlT,flashscore,DK1,2526,2026-04-12,sonderjyske,viborg,4.0,0.0,2.0,4.0,6.0,4.0
bLP5yET8,flashscore,E0,2526,2026-04-12,chelsea,manchester city,3.0,4.0,1.0,8.0,4.0,12.0
WYNDZibL,flashscore,E0,2526,2026-04-12,crystal palace,newcastle,1.0,1.0,1.0,3.0,2.0,4.0
IVe1QmL7,flashscore,E0,2526,2026-04-12,nottingham,aston villa,4.0,1.0,3.0,2.0,7.0,3.0
pxlmliDE,flashscore,E0,2526,2026-04-12,sunderland,tottenham,2.0,3.0,0.0,3.0,2.0,6.0
CQ8Qa3Vj,flashscore,E1,2526,2026-04-12,birmingham,wrexham,4.0,1.0,2.0,2.0,6.0,3.0
QmsFymXi,flashscore,F1,2526,2026-04-12,lyon,lorient,3.0,1.0,1.0,5.0,4.0,6.0
SCwWX4WG,flashscore,F1,2526,2026-04-12,nice,le havre,1.0,1.0,4.0,1.0,5.0,2.0
MXobyvw9,flashscore,F1,2526,2026-04-12,toulouse,lille,3.0,1.0,1.0,1.0,4.0,2.0
zTZUXUXR,flashscore,I1,2526,2026-04-12,como,inter,1.0,1.0,0.0,0.0,1.0,1.0
6mrEyDY2,flashscore,I1,2526,2026-04-12,bologna,lecce,3.0,2.0,5.0,4.0,8.0,6.0
Uke4nUnL,flashscore,I1,2526,2026-04-12,parma,napoli,1.0,2.0,2.0,5.0,3.0,7.0
SQE9QnQ1,flashscore,I1,2526,2026-04-12,genoa,sassuolo,3.0,2.0,2.0,1.0,5.0,3.0
YknReLd5,flashscore,I2,2526,2026-04-12,reggiana,carrarese,4.0,3.0,0.0,5.0,4.0,8.0
6HaYgaRH,flashscore,I2,2526,2026-04-12,spezia,mantova,3.0,0.0,3.0,0.0,6.0,0.0
4AfAa3ct,flashscore,I2,2526,2026-04-12,padova,empoli,3.0,4.0,1.0,0.0,4.0,4.0
fZ5de20T,flashscore,N1,2526,2026-04-12,az alkmaar,heerenveen,4.0,1.0,2.0,5.0,6.0,6.0
QuZ6ponB,flashscore,N1,2526,2026-04-12,nijmegen,feyenoord,2.0,1.0,2.0,0.0,4.0,1.0
6wJ5n7Hb,flashscore,N1,2526,2026-04-12,zwolle,excelsior,3.0,1.0,2.0,1.0,5.0,2.0
IwEow3vo,flashscore,N1,2526,2026-04-12,sittard,nac breda,3.0,5.0,2.0,3.0,5.0,8.0
dIAeBSeD,flashscore,P1,2526,2026-04-12,estoril,fc porto,0.0,5.0,1.0,3.0,1.0,8.0
rk1VN5uJ,flashscore,P1,2526,2026-04-12,benfica,nacional,8.0,0.0,7.0,1.0,15.0,1.0
OAN8KWYQ,flashscore,P1,2526,2026-04-12,braga,arouca,2.0,1.0,4.0,4.0,6.0,5.0
r9qET9Bs,flashscore,P1,2526,2026-04-12,alverca,casa pia,1.0,7.0,8.0,4.0,9.0,11.0
riqVcfXO,flashscore,RO1,2526,2026-04-12,cfr cluj,dinamo bucuresti,1.0,0.0,3.0,2.0,4.0,2.0
00isYTUq,flashscore,RO1,2526,2026-04-12,unirea slobozia,petrolul,0.0,3.0,1.0,4.0,1.0,7.0
Gt6nv08e,flashscore,SP1,2526,2026-04-12,ath bilbao,villarreal,5.0,2.0,10.0,1.0,15.0,3.0
6VYvpjdE,flashscore,SP1,2526,2026-04-12,celta vigo,oviedo,2.0,0.0,2.0,1.0,4.0,1.0
6TgLPLAa,flashscore,SP1,2526,2026-04-12,mallorca,rayo vallecano,4.0,4.0,2.0,3.0,6.0,7.0
QXQotset,flashscore,SP1,2526,2026-04-12,osasuna,betis,3.0,2.0,3.0,1.0,6.0,3.0
KbpQc5qI,flashscore,SP2,2526,2026-04-12,racing santander,almeria,4.0,0.0,4.0,0.0,8.0,0.0
tv6ndMrf,flashscore,SP2,2526,2026-04-12,cadiz cf,andorra,0.0,1.0,6.0,2.0,6.0,3.0
vuPjq6UO,flashscore,SP2,2526,2026-04-12,mirandes,castellon,2.0,5.0,6.0,2.0,8.0,7.0
fia039Ft,flashscore,SP2,2526,2026-04-12,huesca,dep. la coruna,4.0,2.0,2.0,7.0,6.0,9.0
xGSZnlVa,flashscore,SP2,2526,2026-04-12,granada cf,cultural leonesa,3.0,2.0,1.0,1.0,4.0,3.0
lQ2m9rpe,flashscore,SW1,2526,2026-04-12,luzern,st. gallen,3.0,1.0,3.0,4.0,6.0,5.0
t0auB4Fr,flashscore,SW1,2526,2026-04-12,sion,lausanne,4.0,2.0,0.0,0.0,4.0,2.0
AJFLfqV1,flashscore,SW1,2526,2026-04-12,young boys,servette,3.0,1.0,4.0,5.0,7.0,6.0
hIJB1GIM,flashscore,TR1,2526,2026-04-12,galatasaray,kocaelispor,1.0,0.0,3.0,1.0,4.0,1.0
OQgYUHso,flashscore,TR1,2526,2026-04-12,goztepe,kasimpasa,0.0,1.0,4.0,1.0,4.0,2.0
vFgxmH3T,flashscore,TR1,2526,2026-04-12,konyaspor,karagumruk,1.0,0.0,2.0,4.0,3.0,4.0
dYC0HpGE,flashscore,TR2,2526,2026-04-12,keciorengucu,serik spor,5.0,0.0,6.0,1.0,11.0,1.0
tbGPFXvA,flashscore,TR2,2526,2026-04-12,adana demirspor,igdir fk,0.0,4.0,0.0,1.0,0.0,5.0
8hzk3fe4,flashscore,TR2,2526,2026-04-12,vanspor fk,manisa fk,4.0,1.0,3.0,0.0,7.0,1.0
nDaPAq53,flashscore,DK1,2526,2026-04-13,fredericia,vejle,4.0,2.0,5.0,3.0,9.0,5.0
dG7hS9je,flashscore,E0,2526,2026-04-13,manchester utd,leeds,4.0,2.0,7.0,2.0,11.0,4.0
6BQ0S8ek,flashscore,I1,2526,2026-04-13,fiorentina,lazio,1.0,2.0,4.0,4.0,5.0,6.0
re4uFAdl,flashscore,P1,2526,2026-04-13,tondela,gil vicente,5.0,0.0,0.0,5.0,5.0,5.0
dzoNaG2C,flashscore,RO1,2526,2026-04-13,u. cluj,univ. craiova,0.0,1.0,4.0,4.0,4.0,5.0
YFOvIcIt,flashscore,RO1,2526,2026-04-13,fc rapid bucuresti,fc arges,4.0,4.0,5.0,1.0,9.0,5.0
UH0Bwj7M,flashscore,RO1,2526,2026-04-13,metaloglobus bucharest,csikszereda m. ciuc,1.0,1.0,7.0,1.0,8.0,2.0
nmFfvLPh,flashscore,SP1,2526,2026-04-13,levante,getafe,4.0,0.0,4.0,2.0,8.0,2.0
jJh91mpg,flashscore,SP2,2526,2026-04-13,valladolid,eibar,2.0,1.0,7.0,0.0,9.0,1.0
WljUlwZG,flashscore,TR1,2526,2026-04-13,eyupspor,samsunspor,2.0,1.0,0.0,6.0,2.0,7.0
dWZ8seRj,flashscore,TR1,2526,2026-04-13,rizespor,gaziantep,3.0,0.0,6.0,1.0,9.0,1.0
zLgbaCfT,flashscore,TR2,2526,2026-04-13,amedspor,umraniyespor,5.0,2.0,5.0,2.0,10.0,4.0
naNGHgAc,flashscore,TR2,2526,2026-04-13,sakaryaspor,erokspor,2.0,1.0,0.0,5.0,2.0,6.0
CpwccPOr,flashscore,TR2,2526,2026-04-13,erzurumspor,boluspor,1.0,1.0,5.0,1.0,6.0,2.0
KhVUgjIj,flashscore,TR2,2526,2026-04-13,sivasspor,istanbulspor as,6.0,0.0,11.0,2.0,17.0,2.0
b3IoAbPh,flashscore,E1,2526,2026-04-14,portsmouth,ipswich,3.0,3.0,0.0,4.0,3.0,7.0
vs6JoMyi,flashscore,E1,2526,2026-04-14,southampton,blackburn,5.0,2.0,2.0,2.0,7.0,4.0
2mTUCbF6,flashscore,I2,2526,2026-04-14,catanzaro,modena,3.0,2.0,2.0,3.0,5.0,5.0
pMoNkyle,flashscore,SA1,2526,2026-04-14,al qadsiah,al shabab,3.0,3.0,10.0,1.0,13.0,4.0
bPBd4z3l,flashscore,SA1,2526,2026-04-15,al nassr,al ettifaq,5.0,0.0,4.0,0.0,9.0,0.0
hQ7zDL2C,flashscore,B2,2526,2026-04-17,anderlecht u23,oc charleroi,3.0,0.0,2.0,4.0,5.0,4.0
tQCfMPuQ,flashscore,B2,2526,2026-04-17,beerschot va,lommel sk,5.0,1.0,3.0,2.0,8.0,3.0
EJK8bMmJ,flashscore,B2,2526,2026-04-17,genk u23,gent u23,2.0,1.0,4.0,3.0,6.0,4.0
CUv1Ttmg,flashscore,B2,2526,2026-04-17,k. lierse s.k.,sporting lokeren,5.0,1.0,3.0,6.0,8.0,7.0
44ygV2It,flashscore,B2,2526,2026-04-17,kortrijk,rwdm brussels,7.0,2.0,5.0,4.0,12.0,6.0
0jBrBaXO,flashscore,B2,2526,2026-04-17,patro eisden,francs borains,2.0,2.0,0.0,2.0,2.0,4.0
0AgRG33m,flashscore,B2,2526,2026-04-17,rfc liege,eupen,5.0,3.0,1.0,4.0,6.0,7.0
YNiZEsYa,flashscore,B2,2526,2026-04-17,seraing,beveren,1.0,3.0,1.0,0.0,2.0,3.0
rgubnXQb,flashscore,D1,2526,2026-04-17,st. pauli,fc koln,3.0,2.0,5.0,3.0,8.0,5.0
hvsCjd3m,flashscore,D2,2526,2026-04-17,elversberg,karlsruher sc,1.0,0.0,1.0,1.0,2.0,1.0
865udIuQ,flashscore,D2,2526,2026-04-17,holstein kiel,kaiserslautern,2.0,0.0,3.0,0.0,5.0,0.0
WOHcQU3c,flashscore,DK1,2526,2026-04-17,brondby,sonderjyske,2.0,4.0,3.0,1.0,5.0,5.0
YoUcLSRG,flashscore,E1,2526,2026-04-17,blackburn,coventry,1.0,0.0,2.0,3.0,3.0,3.0
UHDmneiR,flashscore,F1,2526,2026-04-17,lens,toulouse,4.0,1.0,10.0,0.0,14.0,1.0
G6Joa7WQ,flashscore,I1,2526,2026-04-17,inter,cagliari,4.0,4.0,0.0,5.0,4.0,9.0
YL0i6Owf,flashscore,I1,2526,2026-04-17,sassuolo,como,4.0,6.0,1.0,2.0,5.0,8.0
E19AOAW8,flashscore,I2,2526,2026-04-17,sampdoria,monza,3.0,3.0,5.0,2.0,8.0,5.0
OpvIo9XP,flashscore,P1,2526,2026-04-17,rio ave,afs,1.0,5.0,3.0,4.0,4.0,9.0
61r2CgnI,flashscore,RO1,2526,2026-04-17,fc arges,cfr cluj,3.0,0.0,1.0,1.0,4.0,1.0
ADZMp7Ek,flashscore,RO1,2526,2026-04-17,otelul,uta arad,5.0,2.0,3.0,1.0,8.0,3.0
nmqtPsrH,flashscore,SP2,2526,2026-04-17,las palmas,leganes,5.0,3.0,0.0,2.0,5.0,5.0
6kasNLCT,flashscore,SP2,2526,2026-04-17,real sociedad b,racing santander,1.0,0.0,1.0,2.0,2.0,2.0
AH8kfYAd,flashscore,TR1,2526,2026-04-17,antalyaspor,konyaspor,3.0,0.0,7.0,1.0,10.0,1.0
ncjLHS8K,flashscore,TR1,2526,2026-04-17,fenerbahce,rizespor,4.0,2.0,3.0,1.0,7.0,3.0
YNrcL9TI,flashscore,B1,2526,2026-04-18,kv mechelen,anderlecht,3.0,1.0,2.0,2.0,5.0,3.0
2HVMtHed,flashscore,B1,2526,2026-04-18,charleroi,st. liege,2.0,1.0,4.0,3.0,6.0,4.0
ryRxYnDO,flashscore,B1,2526,2026-04-18,westerlo,genk,3.0,2.0,0.0,5.0,3.0,7.0
YHm7Mh9l,flashscore,B1,2526,2026-04-18,antwerp,leuven,2.0,1.0,9.0,1.0,11.0,2.0
8zRFZgsg,flashscore,D1,2526,2026-04-18,eintracht frankfurt,rb leipzig,1.0,2.0,3.0,4.0,4.0,6.0
z9D8yGCt,flashscore,D1,2526,2026-04-18,bayer leverkusen,augsburg,5.0,3.0,6.0,1.0,11.0,4.0
jJr6pBeB,flashscore,D1,2526,2026-04-18,hoffenheim,dortmund,2.0,1.0,2.0,2.0,4.0,3.0
Mwiklgdn,flashscore,D1,2526,2026-04-18,union berlin,wolfsburg,3.0,4.0,8.0,0.0,11.0,4.0
xGIWVBtI,flashscore,D1,2526,2026-04-18,werder bremen,hamburger sv,2.0,0.0,5.0,3.0,7.0,3.0
zNYSnE2C,flashscore,D2,2526,2026-04-18,hannover,paderborn,2.0,2.0,3.0,1.0,5.0,3.0
0O811DH5,flashscore,D2,2526,2026-04-18,arminia bielefeld,nurnberg,0.0,2.0,2.0,0.0,2.0,2.0
veuKlzYa,flashscore,D2,2526,2026-04-18,magdeburg,dusseldorf,1.0,4.0,6.0,2.0,7.0,6.0
8lC9ainI,flashscore,D2,2526,2026-04-18,sg dynamo dresden,bochum,1.0,3.0,3.0,2.0,4.0,5.0
42nywR4D,flashscore,E0,2526,2026-04-18,chelsea,manchester utd,2.0,0.0,5.0,1.0,7.0,1.0
xAqy8o4m,flashscore,E0,2526,2026-04-18,tottenham,brighton,5.0,3.0,2.0,2.0,7.0,5.0
djO1gnkf,flashscore,E0,2526,2026-04-18,leeds,wolves,3.0,4.0,2.0,2.0,5.0,6.0
QVFIk4lJ,flashscore,E0,2526,2026-04-18,newcastle,bournemouth,1.0,2.0,1.0,1.0,2.0,3.0
dxqTvmz1,flashscore,E0,2526,2026-04-18,brentford,fulham,4.0,2.0,5.0,1.0,9.0,3.0
4YjV2KBk,flashscore,E1,2526,2026-04-18,bristol city,norwich,1.0,4.0,1.0,6.0,2.0,10.0
QwxQO1Y8,flashscore,E1,2526,2026-04-18,hull,birmingham,0.0,2.0,2.0,4.0,2.0,6.0
nH8LDyQ7,flashscore,E1,2526,2026-04-18,preston,west brom,2.0,5.0,6.0,1.0,8.0,6.0
CASayuIE,flashscore,E1,2526,2026-04-18,sheffield wed,charlton,1.0,1.0,6.0,1.0,7.0,2.0
0nkLLphA,flashscore,E1,2526,2026-04-18,swansea,southampton,2.0,6.0,2.0,6.0,4.0,12.0
KzW7ZInR,flashscore,E1,2526,2026-04-18,watford,sheffield utd,4.0,4.0,4.0,1.0,8.0,5.0
n3mTJOMM,flashscore,E1,2526,2026-04-18,wrexham,stoke,1.0,3.0,1.0,3.0,2.0,6.0
00pv1bt2,flashscore,E1,2526,2026-04-18,derby,oxford utd,2.0,1.0,5.0,2.0,7.0,3.0
IyH4HJQr,flashscore,E1,2526,2026-04-18,millwall,qpr,6.0,5.0,0.0,5.0,6.0,10.0
E3ADFcee,flashscore,E1,2526,2026-04-18,portsmouth,leicester,3.0,4.0,2.0,3.0,5.0,7.0
AyZM0f6K,flashscore,F1,2526,2026-04-18,lille,nice,2.0,2.0,3.0,1.0,5.0,3.0
EkkKtZEl,flashscore,F1,2526,2026-04-18,angers,le havre,2.0,1.0,2.0,2.0,4.0,3.0
zaUpSZae,flashscore,F1,2526,2026-04-18,lorient,marseille,1.0,5.0,0.0,2.0,1.0,7.0
Qecq8p9s,flashscore,I1,2526,2026-04-18,as roma,atalanta,4.0,2.0,3.0,4.0,7.0,6.0
EHTQk3gD,flashscore,I1,2526,2026-04-18,napoli,lazio,6.0,0.0,6.0,0.0,12.0,0.0
0Yi82twJ,flashscore,I1,2526,2026-04-18,udinese,parma,4.0,4.0,6.0,1.0,10.0,5.0
CI4n1GYp,flashscore,I2,2526,2026-04-18,juve stabia,catanzaro,2.0,3.0,1.0,1.0,3.0,4.0
neHO07v2,flashscore,I2,2526,2026-04-18,palermo,cesena,3.0,3.0,3.0,3.0,6.0,6.0
ENMaAKBb,flashscore,I2,2526,2026-04-18,bari,venezia,2.0,2.0,2.0,1.0,4.0,3.0
SQnZOJQi,flashscore,I2,2526,2026-04-18,mantova,avellino,7.0,1.0,3.0,1.0,10.0,2.0
Kt1rLyQG,flashscore,I2,2526,2026-04-18,modena,frosinone,2.0,4.0,0.0,2.0,2.0,6.0
fBHIMl1L,flashscore,I2,2526,2026-04-18,spezia,sudtirol,2.0,3.0,1.0,0.0,3.0,3.0
8WfNfnAt,flashscore,P1,2526,2026-04-18,gil vicente,vitoria guimaraes,2.0,1.0,8.0,2.0,10.0,3.0
MuM4x5fC,flashscore,P1,2526,2026-04-18,casa pia,santa clara,2.0,4.0,2.0,2.0,4.0,6.0
lSNdvRPa,flashscore,P1,2526,2026-04-18,nacional,alverca,1.0,7.0,3.0,1.0,4.0,8.0
EgQfEFH5,flashscore,RO1,2526,2026-04-18,dinamo bucuresti,u. cluj,2.0,1.0,2.0,3.0,4.0,4.0
dlOO4S5L,flashscore,RO1,2526,2026-04-18,csikszereda m. ciuc,unirea slobozia,6.0,4.0,1.0,0.0,7.0,4.0
tYefD7l3,flashscore,RS1,2526,2026-04-18,partizan,zeleznicar pancevo,0.0,3.0,2.0,3.0,2.0,6.0
ER38k4dd,flashscore,RS1,2526,2026-04-18,crvena zvezda,vojvodina,3.0,0.0,1.0,0.0,4.0,0.0
YuE1BoJF,flashscore,RS1,2526,2026-04-18,novi pazar,ofk beograd mozzart bet,0.0,1.0,2.0,2.0,2.0,3.0
6gC99PmS,flashscore,RS1,2526,2026-04-18,cukaricki,radnik,1.0,3.0,4.0,3.0,5.0,6.0
6TN6ArTN,flashscore,SP2,2526,2026-04-18,castellon,burgos cf,4.0,0.0,3.0,1.0,7.0,1.0
EZpYQ3D4,flashscore,SP2,2526,2026-04-18,cultural leonesa,cordoba,2.0,2.0,2.0,6.0,4.0,8.0
I7iPSPrh,flashscore,SP2,2526,2026-04-18,zaragoza,ceuta,2.0,1.0,5.0,1.0,7.0,2.0
dSN8GQiL,flashscore,SW1,2526,2026-04-18,thun,basel,4.0,1.0,1.0,7.0,5.0,8.0
KjbZgPGD,flashscore,TR1,2526,2026-04-18,genclerbirligi,galatasaray,0.0,1.0,2.0,3.0,2.0,4.0
byAQeon1,flashscore,TR1,2526,2026-04-18,kocaelispor,goztepe,5.0,0.0,4.0,0.0,9.0,0.0
xjerdftp,flashscore,TR1,2526,2026-04-18,karagumruk,eyupspor,4.0,5.0,2.0,0.0,6.0,5.0
SzSDO1Ns,flashscore,TR2,2526,2026-04-18,hatayspor,sakaryaspor,0.0,2.0,2.0,0.0,2.0,2.0
fTaTYMbB,flashscore,B1,2526,2026-04-19,raal la louviere,waregem,5.0,1.0,2.0,0.0,7.0,1.0
Ukz7haxI,flashscore,B1,2526,2026-04-19,royale union sg,club brugge kv,0.0,1.0,3.0,2.0,3.0,3.0
MF1LzqUb,flashscore,B1,2526,2026-04-19,dender,cercle brugge ksv,2.0,1.0,2.0,5.0,4.0,6.0
dtpwPWCd,flashscore,B1,2526,2026-04-19,gent,st. truiden,4.0,3.0,2.0,2.0,6.0,5.0
YsCuUkBU,flashscore,D1,2526,2026-04-19,b. monchengladbach,mainz,0.0,3.0,0.0,3.0,0.0,6.0
lE8lWKz1,flashscore,D1,2526,2026-04-19,bayern munich,stuttgart,4.0,3.0,7.0,0.0,11.0,3.0
42KOXXB5,flashscore,D1,2526,2026-04-19,freiburg,heidenheim,4.0,1.0,1.0,3.0,5.0,4.0
v9Kh3Zng,flashscore,D2,2526,2026-04-19,braunschweig,hertha berlin,5.0,1.0,3.0,1.0,8.0,2.0
8zXzohXO,flashscore,D2,2526,2026-04-19,greuther furth,darmstadt,2.0,1.0,3.0,2.0,5.0,3.0
n12o5eIt,flashscore,D2,2526,2026-04-19,schalke,preussen munster,6.0,1.0,1.0,1.0,7.0,2.0
xQnB1uSk,flashscore,DK1,2526,2026-04-19,vejle,fc copenhagen,1.0,4.0,2.0,2.0,3.0,6.0
vkL5O8Y9,flashscore,DK1,2526,2026-04-19,nordsjaelland,viborg,3.0,3.0,3.0,1.0,6.0,4.0
YTcX8NZF,flashscore,DK1,2526,2026-04-19,odense,randers fc,3.0,1.0,3.0,7.0,6.0,8.0
tf1u714S,flashscore,DK1,2526,2026-04-19,silkeborg,fredericia,3.0,2.0,2.0,2.0,5.0,4.0
U3M9iQJ6,flashscore,E0,2526,2026-04-19,manchester city,arsenal,3.0,4.0,5.0,1.0,8.0,5.0
xzTRt95l,flashscore,E0,2526,2026-04-19,aston villa,sunderland,2.0,4.0,2.0,1.0,4.0,5.0
GtGge8Ks,flashscore,E0,2526,2026-04-19,everton,liverpool,1.0,5.0,0.0,1.0,1.0,6.0
hx84D7tQ,flashscore,E0,2526,2026-04-19,nottingham,burnley,2.0,1.0,2.0,3.0,4.0,4.0
ngQYMu3L,flashscore,E1,2526,2026-04-19,ipswich,middlesbrough,4.0,1.0,2.0,2.0,6.0,3.0
hdxneYTs,flashscore,F1,2526,2026-04-19,psg,lyon,8.0,5.0,5.0,0.0,13.0,5.0
OKAulHME,flashscore,F1,2526,2026-04-19,metz,paris fc,3.0,1.0,3.0,4.0,6.0,5.0
IsnywiED,flashscore,F1,2526,2026-04-19,nantes,brest,5.0,0.0,6.0,0.0,11.0,0.0
8CShQDU7,flashscore,F1,2526,2026-04-19,strasbourg,rennes,2.0,4.0,0.0,5.0,2.0,9.0
MFhSvDq1,flashscore,F1,2526,2026-04-19,monaco,auxerre,4.0,2.0,7.0,1.0,11.0,3.0
zi0Igofl,flashscore,I1,2526,2026-04-19,juventus,bologna,4.0,1.0,2.0,0.0,6.0,1.0
tOLCD6oK,flashscore,I1,2526,2026-04-19,pisa,genoa,2.0,4.0,3.0,1.0,5.0,5.0
EFbK9cpn,flashscore,I1,2526,2026-04-19,verona,ac milan,0.0,0.0,6.0,1.0,6.0,1.0
8tGw1T1E,flashscore,I1,2526,2026-04-19,cremonese,torino,2.0,0.0,4.0,1.0,6.0,1.0
tzEG6xBN,flashscore,I2,2526,2026-04-19,empoli,entella,4.0,3.0,2.0,2.0,6.0,5.0
QuTF2T9k,flashscore,I2,2526,2026-04-19,padova,reggiana,2.0,2.0,3.0,0.0,5.0,2.0
KKP78btB,flashscore,I2,2526,2026-04-19,carrarese,pescara,1.0,2.0,5.0,3.0,6.0,5.0
bujnkrvI,flashscore,P1,2526,2026-04-19,braga,famalicao,1.0,2.0,4.0,0.0,5.0,2.0
2Ddwi495,flashscore,P1,2526,2026-04-19,fc porto,tondela,6.0,0.0,2.0,3.0,8.0,3.0
I7FDzqPO,flashscore,P1,2526,2026-04-19,sporting cp,benfica,3.0,4.0,0.0,4.0,3.0,8.0
UoqWhQvg,flashscore,P1,2526,2026-04-19,arouca,estrela,2.0,1.0,2.0,2.0,4.0,3.0
6TMnGymg,flashscore,RO1,2526,2026-04-19,univ. craiova,fc rapid bucuresti,2.0,0.0,2.0,0.0,4.0,0.0
OzQG6ly9,flashscore,RO1,2526,2026-04-19,petrolul,fc hermannstadt,6.0,2.0,2.0,7.0,8.0,9.0
AqCxmQhl,flashscore,RS1,2526,2026-04-19,imt novi beograd,mladost,3.0,3.0,0.0,1.0,3.0,4.0
rcApo4N0,flashscore,RS1,2526,2026-04-19,radnicki 1923,radnicki nis,2.0,0.0,2.0,1.0,4.0,1.0
IT5v7opK,flashscore,RS1,2526,2026-04-19,javor,sp. subotica,5.0,2.0,1.0,2.0,6.0,4.0
jNDhqrhD,flashscore,RS1,2526,2026-04-19,tsc,napredak,1.0,2.0,4.0,0.0,5.0,2.0
0WKbC4bB,flashscore,SP2,2526,2026-04-19,almeria,malaga,2.0,3.0,1.0,2.0,3.0,5.0
hQcXeqEU,flashscore,SP2,2526,2026-04-19,albacete,granada cf,3.0,1.0,0.0,5.0,3.0,6.0
44RkEQTb,flashscore,SP2,2526,2026-04-19,eibar,huesca,3.0,0.0,1.0,4.0,4.0,4.0
j1aw5Mjo,flashscore,SP2,2526,2026-04-19,gijon,cadiz cf,1.0,3.0,1.0,2.0,2.0,5.0
l49ff0D6,flashscore,SP2,2526,2026-04-19,andorra,valladolid,6.0,1.0,2.0,1.0,8.0,2.0
hv7Ic7Hl,flashscore,TR1,2526,2026-04-19,trabzonspor,basaksehir,2.0,5.0,3.0,3.0,5.0,8.0
QPjxIy33,flashscore,TR1,2526,2026-04-19,samsunspor,besiktas,0.0,4.0,1.0,3.0,1.0,7.0
bwkpGFXF,flashscore,TR1,2526,2026-04-19,kasimpasa,alanyaspor,4.0,1.0,2.0,0.0,6.0,1.0
lp7vA28l,flashscore,TR2,2526,2026-04-19,bandirmaspor,amedspor,1.0,5.0,1.0,5.0,2.0,10.0
UaQ7FOpR,flashscore,TR2,2526,2026-04-19,bodrumspor,erzurumspor,1.0,0.0,6.0,0.0,7.0,0.0
z1VLMuhf,flashscore,TR2,2526,2026-04-19,boluspor,adana demirspor,3.0,1.0,2.0,1.0,5.0,2.0
Mc5n8tw1,flashscore,TR2,2526,2026-04-19,corum,sivasspor,6.0,0.0,4.0,2.0,10.0,2.0
WSOUKJM6,flashscore,TR2,2526,2026-04-19,erokspor,keciorengucu,3.0,0.0,3.0,4.0,6.0,4.0
IPbe6K7D,flashscore,TR2,2526,2026-04-19,igdir fk,pendikspor,2.0,5.0,2.0,2.0,4.0,7.0
r3jsUNaK,flashscore,TR2,2526,2026-04-19,istanbulspor as,sariyer,1.0,1.0,3.0,0.0,4.0,1.0
rPRHt1qQ,flashscore,TR2,2526,2026-04-19,manisa fk,serik spor,0.0,4.0,2.0,0.0,2.0,4.0
4tNxJciJ,flashscore,TR2,2526,2026-04-19,umraniyespor,vanspor fk,3.0,1.0,1.0,2.0,4.0,3.0
plmw60Ir,flashscore,DK1,2526,2026-04-20,midtjylland,aarhus,1.0,2.0,2.0,3.0,3.0,5.0
pbPN0UdK,flashscore,E0,2526,2026-04-20,crystal palace,west ham,0.0,2.0,4.0,4.0,4.0,6.0
84bQiPO0,flashscore,I1,2526,2026-04-20,lecce,fiorentina,2.0,0.0,3.0,2.0,5.0,2.0
fTUmtmem,flashscore,P1,2526,2026-04-20,moreirense,estoril,3.0,1.0,2.0,0.0,5.0,1.0
dUXUroq2,flashscore,RO1,2526,2026-04-20,farul constanta,fcsb,2.0,1.0,2.0,3.0,4.0,4.0
EslijTjS,flashscore,RO1,2526,2026-04-20,fc botosani,metaloglobus bucharest,4.0,0.0,2.0,3.0,6.0,3.0
WjTsGnan,flashscore,SP2,2526,2026-04-20,dep. la coruna,mirandes,1.0,1.0,0.0,4.0,1.0,5.0
6sXiC6Ws,flashscore,TR1,2526,2026-04-20,gaziantep,kayserispor,3.0,0.0,2.0,3.0,5.0,3.0
Ya6nhjbt,flashscore,B1,2526,2026-04-21,genk,charleroi,7.0,0.0,3.0,1.0,10.0,1.0
Kf1lHcX8,flashscore,B1,2526,2026-04-21,leuven,westerlo,5.0,3.0,3.0,1.0,8.0,4.0
UNN84Km3,flashscore,B1,2526,2026-04-21,st. liege,antwerp,2.0,2.0,4.0,2.0,6.0,4.0
jubPoemo,flashscore,E0,2526,2026-04-21,brighton,chelsea,4.0,3.0,2.0,2.0,6.0,5.0
487vUdAl,flashscore,E1,2526,2026-04-21,coventry,portsmouth,2.0,1.0,0.0,0.0,2.0,1.0
lG5P0eoQ,flashscore,E1,2526,2026-04-21,leicester,hull,4.0,6.0,5.0,2.0,9.0,8.0
6X3eQE9D,flashscore,E1,2526,2026-04-21,norwich,derby,2.0,0.0,1.0,4.0,3.0,4.0
6mUaE2pp,flashscore,E1,2526,2026-04-21,oxford utd,wrexham,2.0,2.0,7.0,3.0,9.0,5.0
v1S7CtFd,flashscore,E1,2526,2026-04-21,qpr,swansea,2.0,1.0,2.0,4.0,4.0,5.0
bRjslI1K,flashscore,E1,2526,2026-04-21,southampton,bristol city,4.0,0.0,3.0,3.0,7.0,3.0
IBXDrdPs,flashscore,E1,2526,2026-04-21,stoke,millwall,2.0,0.0,9.0,1.0,11.0,1.0
QyyMtzff,flashscore,E1,2526,2026-04-21,west brom,watford,2.0,2.0,2.0,1.0,4.0,3.0
zq4THRDE,flashscore,SP1,2526,2026-04-21,girona,betis,2.0,0.0,1.0,1.0,3.0,1.0
8WSYepie,flashscore,SP1,2526,2026-04-21,real madrid,alaves,5.0,2.0,4.0,4.0,9.0,6.0
2JLSaghT,flashscore,SP1,2526,2026-04-21,ath bilbao,osasuna,3.0,0.0,2.0,4.0,5.0,4.0
657hGExA,flashscore,SP1,2526,2026-04-21,mallorca,valencia,2.0,2.0,5.0,2.0,7.0,4.0
GpBRHF5T,flashscore,B1,2526,2026-04-22,club brugge kv,kv mechelen,2.0,3.0,1.0,0.0,3.0,3.0
23YEjw7U,flashscore,B1,2526,2026-04-22,royale union sg,gent,4.0,1.0,5.0,0.0,9.0,1.0
I1oo4vme,flashscore,DK1,2526,2026-04-22,viborg,brondby,4.0,2.0,0.0,1.0,4.0,3.0
pjjJaJd2,flashscore,DK1,2526,2026-04-22,fc copenhagen,odense,5.0,3.0,1.0,8.0,6.0,11.0
CdU27VF8,flashscore,DK1,2526,2026-04-22,vejle,silkeborg,3.0,2.0,0.0,2.0,3.0,4.0
Khyh433C,flashscore,E0,2526,2026-04-22,bournemouth,leeds,5.0,0.0,7.0,1.0,12.0,1.0
6mtC9buh,flashscore,E0,2526,2026-04-22,burnley,manchester city,1.0,6.0,2.0,5.0,3.0,11.0
niPUvEO6,flashscore,E1,2526,2026-04-22,birmingham,preston,3.0,3.0,0.0,0.0,3.0,3.0
Y7NxwhgJ,flashscore,E1,2526,2026-04-22,charlton,ipswich,0.0,1.0,1.0,3.0,1.0,4.0
CYAnSzu1,flashscore,E1,2526,2026-04-22,middlesbrough,sheffield wed,7.0,0.0,2.0,1.0,9.0,1.0
pnieeZ8m,flashscore,E1,2526,2026-04-22,sheffield utd,blackburn,0.0,4.0,2.0,0.0,2.0,4.0
ED38z4iM,flashscore,F1,2526,2026-04-22,psg,nantes,4.0,4.0,3.0,2.0,7.0,6.0
QLISW3YA,flashscore,N1,2526,2026-04-22,telstar,sparta rotterdam,4.0,1.0,2.0,4.0,6.0,5.0
xx3u43Bk,flashscore,RS1,2526,2026-04-22,zeleznicar pancevo,crvena zvezda,1.0,2.0,0.0,4.0,1.0,6.0
xdgZPpY8,flashscore,RS1,2526,2026-04-22,ofk beograd mozzart bet,cukaricki,2.0,3.0,0.0,1.0,2.0,4.0
OCisOO2L,flashscore,RS1,2526,2026-04-22,radnik,novi pazar,5.0,0.0,2.0,1.0,7.0,1.0
p26m2st2,flashscore,RS1,2526,2026-04-22,vojvodina,partizan,0.0,2.0,2.0,1.0,2.0,3.0
Y1CbfXFj,flashscore,SP1,2526,2026-04-22,barcelona,celta vigo,4.0,1.0,1.0,2.0,5.0,3.0
Stq8Aq6l,flashscore,SP1,2526,2026-04-22,real sociedad,getafe,1.0,2.0,5.0,1.0,6.0,3.0
UoHsfOL7,flashscore,SP1,2526,2026-04-22,elche,atl. madrid,7.0,1.0,6.0,2.0,13.0,3.0
2wXOnz53,flashscore,B1,2526,2026-04-23,st. truiden,anderlecht,3.0,1.0,1.0,6.0,4.0,7.0
Q9gD1NrQ,flashscore,B1,2526,2026-04-23,lommel sk,rfc liege,0.0,2.0,3.0,0.0,3.0,2.0
Qk3JutM6,flashscore,B1,2526,2026-04-23,patro eisden,beerschot va,1.0,0.0,1.0,5.0,2.0,5.0
WOyuQL9E,flashscore,DK1,2526,2026-04-23,sonderjyske,midtjylland,1.0,4.0,2.0,4.0,3.0,8.0
4Iqg2IH7,flashscore,DK1,2526,2026-04-23,nordsjaelland,aarhus,3.0,1.0,4.0,2.0,7.0,3.0
pASA59pL,flashscore,DK1,2526,2026-04-23,randers fc,fredericia,3.0,3.0,3.0,5.0,6.0,8.0
rccgEeIq,flashscore,N1,2526,2026-04-23,psv,zwolle,3.0,2.0,1.0,2.0,4.0,4.0
vqsdYG9F,flashscore,N1,2526,2026-04-23,g.a. eagles,az alkmaar,3.0,3.0,2.0,7.0,5.0,10.0
n3qAtdZO,flashscore,P1,2526,2026-04-23,casa pia,braga,0.0,2.0,4.0,3.0,4.0,5.0
fi8Pcs76,flashscore,RS1,2526,2026-04-23,mladost,radnicki 1923,2.0,2.0,3.0,2.0,5.0,4.0
S46XeLyJ,flashscore,RS1,2526,2026-04-23,sp. subotica,tsc,2.0,6.0,0.0,3.0,2.0,9.0
EaiA1P7s,flashscore,RS1,2526,2026-04-23,napredak,imt novi beograd,2.0,3.0,1.0,2.0,3.0,5.0
nR4Ha3xf,flashscore,RS1,2526,2026-04-23,radnicki nis,javor,2.0,1.0,2.0,3.0,4.0,4.0
vuVP9duR,flashscore,SA1,2526,2026-04-23,damac,al okhdood,2.0,2.0,2.0,2.0,4.0,4.0
hO6rcJeL,flashscore,SA1,2526,2026-04-23,al najma,al taawon,4.0,1.0,1.0,1.0,5.0,2.0
06PQc6Mr,flashscore,SP1,2526,2026-04-23,oviedo,villarreal,2.0,0.0,5.0,0.0,7.0,0.0
WAcxG5rR,flashscore,SP1,2526,2026-04-23,rayo vallecano,espanyol,2.0,3.0,4.0,2.0,6.0,5.0
Yi9pIz8c,flashscore,SP1,2526,2026-04-23,levante,sevilla,3.0,1.0,0.0,5.0,3.0,6.0
2g3yX0TN,flashscore,B1,2526,2026-04-24,cercle brugge ksv,dender,1.0,2.0,6.0,4.0,7.0,6.0
MaSP0Wuh,flashscore,D1,2526,2026-04-24,rb leipzig,union berlin,5.0,1.0,5.0,3.0,10.0,4.0
vVeTFCWb,flashscore,D2,2526,2026-04-24,dusseldorf,sg dynamo dresden,2.0,5.0,1.0,1.0,3.0,6.0
neayEj1B,flashscore,D2,2526,2026-04-24,kaiserslautern,braunschweig,6.0,1.0,6.0,0.0,12.0,1.0
0AH7bYWj,flashscore,E0,2526,2026-04-24,sunderland,nottingham,1.0,6.0,2.0,0.0,3.0,6.0
hAFqZrho,flashscore,E1,2526,2026-04-24,leicester,millwall,0.0,3.0,2.0,9.0,2.0,12.0
jXBFVTNp,flashscore,F1,2526,2026-04-24,brest,lens,0.0,3.0,0.0,3.0,0.0,6.0
Uo5hVVCM,flashscore,I1,2526,2026-04-24,napoli,cremonese,3.0,2.0,4.0,3.0,7.0,5.0
js3lHSOr,flashscore,I2,2526,2026-04-24,avellino,bari,4.0,1.0,4.0,3.0,8.0,4.0
Moy0ZRpR,flashscore,I2,2526,2026-04-24,monza,modena,3.0,1.0,2.0,3.0,5.0,4.0
WjJm7Ga3,flashscore,P1,2526,2026-04-24,alverca,arouca,3.0,2.0,3.0,1.0,6.0,3.0
hhV9eOS7,flashscore,RO1,2526,2026-04-24,fcsb,petrolul,5.0,0.0,2.0,6.0,7.0,6.0
KvX1cpbe,flashscore,RO1,2526,2026-04-24,fc hermannstadt,csikszereda m. ciuc,2.0,2.0,4.0,1.0,6.0,3.0
xju50h2D,flashscore,SA1,2526,2026-04-24,al hazem,al riyadh,3.0,4.0,4.0,2.0,7.0,6.0
WERHBIAE,flashscore,SA1,2526,2026-04-24,al fateh,al khaleej,0.0,0.0,3.0,2.0,3.0,2.0
lfKIYGgU,flashscore,SP1,2526,2026-04-24,betis,real madrid,2.0,4.0,5.0,2.0,7.0,6.0
xYkDHazi,flashscore,SP2,2526,2026-04-24,albacete,eibar,5.0,1.0,5.0,2.0,10.0,3.0
veVaAp1f,flashscore,TR1,2526,2026-04-24,basaksehir,kasimpasa,2.0,2.0,4.0,0.0,6.0,2.0
C2JeFy2L,flashscore,B1,2526,2026-04-25,westerlo,antwerp,2.0,4.0,0.0,3.0,2.0,7.0
tQ9fjUSh,flashscore,B1,2526,2026-04-25,genk,st. liege,9.0,2.0,4.0,0.0,13.0,2.0
vZt9tE0K,flashscore,B1,2526,2026-04-25,leuven,charleroi,3.0,4.0,1.0,2.0,4.0,6.0
jgaFBmfA,flashscore,D1,2526,2026-04-25,hamburger sv,hoffenheim,1.0,2.0,3.0,7.0,4.0,9.0
b5NleS9T,flashscore,D1,2526,2026-04-25,augsburg,eintracht frankfurt,5.0,1.0,4.0,6.0,9.0,7.0
fR56D9Pc,flashscore,D1,2526,2026-04-25,fc koln,bayer leverkusen,0.0,5.0,2.0,0.0,2.0,5.0
2XIKk6Xj,flashscore,D1,2526,2026-04-25,heidenheim,st. pauli,1.0,3.0,5.0,3.0,6.0,6.0
rHNpwTmo,flashscore,D1,2526,2026-04-25,mainz,bayern munich,2.0,2.0,2.0,2.0,4.0,4.0
juKtcluH,flashscore,D1,2526,2026-04-25,wolfsburg,b. monchengladbach,3.0,5.0,5.0,0.0,8.0,5.0
SE68Cbs4,flashscore,D2,2526,2026-04-25,darmstadt,elversberg,2.0,2.0,3.0,5.0,5.0,7.0
f180EKCi,flashscore,D2,2526,2026-04-25,hertha berlin,holstein kiel,3.0,0.0,2.0,3.0,5.0,3.0
8AmpCUVN,flashscore,D2,2526,2026-04-25,karlsruher sc,hannover,0.0,0.0,3.0,2.0,3.0,2.0
Ot0HAxCG,flashscore,D2,2526,2026-04-25,preussen munster,arminia bielefeld,4.0,1.0,3.0,0.0,7.0,1.0
OQsq6PYa,flashscore,E0,2526,2026-04-25,arsenal,newcastle,3.0,1.0,4.0,1.0,7.0,2.0
YaXS5GvH,flashscore,E0,2526,2026-04-25,liverpool,crystal palace,3.0,6.0,2.0,2.0,5.0,8.0
h44gMyPc,flashscore,E0,2526,2026-04-25,west ham,everton,2.0,1.0,1.0,3.0,3.0,4.0
bHZgKFgA,flashscore,E0,2526,2026-04-25,wolves,tottenham,3.0,3.0,2.0,2.0,5.0,5.0
CpqK7xA4,flashscore,E0,2526,2026-04-25,fulham,aston villa,1.0,4.0,1.0,1.0,2.0,5.0
tEp4gDw0,flashscore,E1,2526,2026-04-25,birmingham,bristol city,1.0,4.0,5.0,1.0,6.0,5.0
lpFaIW2F,flashscore,E1,2526,2026-04-25,norwich,swansea,4.0,2.0,1.0,0.0,5.0,2.0
Gr1veQE4,flashscore,E1,2526,2026-04-25,oxford utd,sheffield wed,4.0,0.0,1.0,3.0,5.0,3.0
ldang4qH,flashscore,E1,2526,2026-04-25,qpr,derby,6.0,2.0,4.0,4.0,10.0,6.0
8bFmirET,flashscore,E1,2526,2026-04-25,sheffield utd,preston,3.0,4.0,7.0,1.0,10.0,5.0
M5V3gYfc,flashscore,E1,2526,2026-04-25,stoke,portsmouth,5.0,0.0,3.0,1.0,8.0,1.0
YL2Bii8C,flashscore,E1,2526,2026-04-25,charlton,hull,1.0,5.0,4.0,6.0,5.0,11.0
KG7Vdnph,flashscore,E1,2526,2026-04-25,middlesbrough,watford,4.0,1.0,2.0,2.0,6.0,3.0
UVYBiCP9,flashscore,E1,2526,2026-04-25,west brom,ipswich,0.0,1.0,2.0,5.0,2.0,6.0
WraslxvC,flashscore,F1,2526,2026-04-25,toulouse,monaco,1.0,2.0,3.0,0.0,4.0,2.0
MyU2ijT6,flashscore,F1,2526,2026-04-25,angers,psg,1.0,2.0,4.0,2.0,5.0,4.0
OIeZkb9a,flashscore,F1,2526,2026-04-25,lyon,auxerre,3.0,0.0,3.0,3.0,6.0,3.0
ljxJoic3,flashscore,I1,2526,2026-04-25,verona,lecce,1.0,1.0,1.0,3.0,2.0,4.0
tjI1MzUi,flashscore,I1,2526,2026-04-25,bologna,as roma,2.0,5.0,5.0,2.0,7.0,7.0
0UeOP9zp,flashscore,I1,2526,2026-04-25,parma,pisa,3.0,4.0,4.0,0.0,7.0,4.0
fZa5DpO7,flashscore,I2,2526,2026-04-25,cesena,sampdoria,1.0,3.0,3.0,2.0,4.0,5.0
zk1ZmRaK,flashscore,I2,2526,2026-04-25,venezia,empoli,8.0,2.0,1.0,4.0,9.0,6.0
KMx6r5Ns,flashscore,I2,2526,2026-04-25,entella,padova,1.0,1.0,4.0,2.0,5.0,3.0
zVxhylGE,flashscore,I2,2526,2026-04-25,frosinone,carrarese,4.0,3.0,4.0,5.0,8.0,8.0
tWHWT58l,flashscore,I2,2526,2026-04-25,pescara,juve stabia,1.0,2.0,2.0,0.0,3.0,2.0
EqGvSqw1,flashscore,I2,2526,2026-04-25,reggiana,palermo,2.0,4.0,0.0,3.0,2.0,7.0
AB9mQN7D,flashscore,I2,2526,2026-04-25,sudtirol,mantova,0.0,1.0,2.0,1.0,2.0,2.0
n9dcF6ge,flashscore,I2,2526,2026-04-25,catanzaro,spezia,5.0,2.0,4.0,0.0,9.0,2.0
UDLzRY1k,flashscore,N1,2526,2026-04-25,twente,nijmegen,1.0,1.0,2.0,8.0,3.0,9.0
jN01CZnd,flashscore,N1,2526,2026-04-25,nac breda,ajax,2.0,1.0,9.0,1.0,11.0,2.0
QHdSktOj,flashscore,N1,2526,2026-04-25,heerenveen,sittard,3.0,0.0,4.0,0.0,7.0,0.0
Ysz5WfvS,flashscore,N1,2526,2026-04-25,feyenoord,groningen,1.0,2.0,2.0,1.0,3.0,3.0
bJxc3YbS,flashscore,P1,2526,2026-04-25,vitoria guimaraes,rio ave,3.0,1.0,0.0,4.0,3.0,5.0
jgZl5fUF,flashscore,P1,2526,2026-04-25,benfica,moreirense,3.0,2.0,6.0,0.0,9.0,2.0
pze6fwGc,flashscore,P1,2526,2026-04-25,tondela,nacional,1.0,6.0,7.0,1.0,8.0,7.0
x4PRSEWb,flashscore,RO1,2526,2026-04-25,cfr cluj,u. cluj,3.0,0.0,4.0,2.0,7.0,2.0
SOQ3H5kR,flashscore,RO1,2526,2026-04-25,fc botosani,otelul,3.0,3.0,2.0,1.0,5.0,4.0
2cphmG8N,flashscore,SP1,2526,2026-04-25,atl. madrid,ath bilbao,3.0,2.0,0.0,2.0,3.0,4.0
t4XJ1FNG,flashscore,SP1,2526,2026-04-25,valencia,girona,2.0,0.0,2.0,4.0,4.0,4.0
MsROsfWp,flashscore,SP1,2526,2026-04-25,getafe,barcelona,2.0,1.0,4.0,2.0,6.0,3.0
GtMAzwPH,flashscore,SP1,2526,2026-04-25,alaves,mallorca,6.0,1.0,3.0,3.0,9.0,4.0
2iZuP2aE,flashscore,SP2,2526,2026-04-25,malaga,castellon,0.0,1.0,1.0,2.0,1.0,3.0
KdFcPBgc,flashscore,SP2,2526,2026-04-25,burgos cf,dep. la coruna,2.0,0.0,5.0,3.0,7.0,3.0
U72TFbM0,flashscore,SP2,2526,2026-04-25,valladolid,real sociedad b,2.0,0.0,7.0,1.0,9.0,1.0
jkWfF62e,flashscore,SW1,2526,2026-04-25,thun,lugano,5.0,3.0,2.0,2.0,7.0,5.0
KtYHiUQh,flashscore,SW1,2526,2026-04-25,grasshoppers,luzern,3.0,2.0,2.0,4.0,5.0,6.0
CGU9gjdt,flashscore,SW1,2526,2026-04-25,lausanne,zurich,3.0,1.0,4.0,1.0,7.0,2.0
bco18OV6,flashscore,TR1,2526,2026-04-25,goztepe,antalyaspor,0.0,1.0,4.0,2.0,4.0,3.0
UJ4l3lBO,flashscore,TR1,2526,2026-04-25,kayserispor,rizespor,5.0,3.0,3.0,3.0,8.0,6.0
0vDX6WBa,flashscore,TR1,2526,2026-04-25,eyupspor,gaziantep,4.0,1.0,2.0,4.0,6.0,5.0
rmA4Xd6C,flashscore,TR2,2526,2026-04-25,adana demirspor,umraniyespor,1.0,5.0,6.0,2.0,7.0,7.0
zN6dZIy0,flashscore,TR2,2526,2026-04-25,serik spor,hatayspor,3.0,3.0,1.0,2.0,4.0,5.0
OdICVzyP,flashscore,TR2,2526,2026-04-25,vanspor fk,istanbulspor as,4.0,2.0,4.0,1.0,8.0,3.0
W8g7Rvio,flashscore,B1,2526,2026-04-26,waregem,raal la louviere,2.0,1.0,3.0,5.0,5.0,6.0
hSDOAthn,flashscore,B1,2526,2026-04-26,anderlecht,royale union sg,2.0,0.0,2.0,3.0,4.0,3.0
A3zXpEZF,flashscore,B1,2526,2026-04-26,kv mechelen,st. truiden,2.0,4.0,2.0,3.0,4.0,7.0
nT1cCgTj,flashscore,B1,2526,2026-04-26,gent,club brugge kv,5.0,5.0,2.0,4.0,7.0,9.0
noxFrkQN,flashscore,D1,2526,2026-04-26,dortmund,freiburg,4.0,0.0,1.0,0.0,5.0,0.0
UPVXbAA4,flashscore,D1,2526,2026-04-26,stuttgart,werder bremen,6.0,2.0,8.0,0.0,14.0,2.0
4G5IcVGU,flashscore,D2,2526,2026-04-26,bochum,greuther furth,2.0,0.0,3.0,5.0,5.0,5.0
vgvG68go,flashscore,D2,2526,2026-04-26,nurnberg,magdeburg,1.0,1.0,2.0,4.0,3.0,5.0
KSuSHY1n,flashscore,D2,2526,2026-04-26,paderborn,schalke,1.0,1.0,6.0,1.0,7.0,2.0
tITQGHW0,flashscore,DK1,2526,2026-04-26,aarhus,midtjylland,2.0,2.0,4.0,1.0,6.0,3.0
zLQIIw2l,flashscore,DK1,2526,2026-04-26,viborg,nordsjaelland,4.0,3.0,2.0,2.0,6.0,5.0
4xzmOavR,flashscore,DK1,2526,2026-04-26,sonderjyske,brondby,2.0,2.0,2.0,4.0,4.0,6.0
GhJt0m8r,flashscore,DK1,2526,2026-04-26,fredericia,odense,4.0,2.0,0.0,1.0,4.0,3.0
OIMlbRxe,flashscore,DK1,2526,2026-04-26,silkeborg,randers fc,1.0,2.0,2.0,3.0,3.0,5.0
dxchKhY2,flashscore,E1,2526,2026-04-26,coventry,wrexham,3.0,0.0,2.0,4.0,5.0,4.0
dUb1gXFi,flashscore,F1,2526,2026-04-26,marseille,nice,3.0,0.0,4.0,1.0,7.0,1.0
U1XAkUcJ,flashscore,F1,2526,2026-04-26,le havre,metz,5.0,2.0,1.0,2.0,6.0,4.0
WKGfctHP,flashscore,F1,2526,2026-04-26,paris fc,lille,4.0,1.0,3.0,2.0,7.0,3.0
0MufgCbf,flashscore,F1,2526,2026-04-26,rennes,nantes,2.0,4.0,4.0,4.0,6.0,8.0
Sj2QiKvm,flashscore,F1,2526,2026-04-26,lorient,strasbourg,7.0,3.0,2.0,4.0,9.0,7.0
xWjqZDDc,flashscore,I1,2526,2026-04-26,ac milan,juventus,0.0,2.0,1.0,1.0,1.0,3.0
MqpXNm5d,flashscore,I1,2526,2026-04-26,torino,inter,2.0,3.0,3.0,2.0,5.0,5.0
juIQGWcT,flashscore,I1,2526,2026-04-26,genoa,como,0.0,2.0,2.0,1.0,2.0,3.0
UPTHIhTG,flashscore,I1,2526,2026-04-26,fiorentina,sassuolo,4.0,1.0,3.0,3.0,7.0,4.0
WIwlzwu3,flashscore,N1,2526,2026-04-26,heracles,fc volendam,3.0,7.0,2.0,2.0,5.0,9.0
QuFqPCW1,flashscore,N1,2526,2026-04-26,excelsior,utrecht,1.0,1.0,2.0,1.0,3.0,2.0
CnnNjeFM,flashscore,P1,2526,2026-04-26,afs,sporting cp,0.0,7.0,0.0,2.0,0.0,9.0
vcW1qD7d,flashscore,P1,2526,2026-04-26,estrela,fc porto,0.0,2.0,0.0,4.0,0.0,6.0
jXcEhHpA,flashscore,P1,2526,2026-04-26,santa clara,braga,4.0,1.0,0.0,0.0,4.0,1.0
rVxgoZxp,flashscore,P1,2526,2026-04-26,estoril,famalicao,2.0,3.0,7.0,1.0,9.0,4.0
UwMJUz2n,flashscore,RO1,2526,2026-04-26,dinamo bucuresti,fc rapid bucuresti,2.0,1.0,1.0,4.0,3.0,5.0
KbNeJRKE,flashscore,RO1,2526,2026-04-26,uta arad,farul constanta,4.0,2.0,4.0,1.0,8.0,3.0
zZqTEKP7,flashscore,RS1,2526,2026-04-26,vojvodina,zeleznicar pancevo,1.0,2.0,3.0,1.0,4.0,3.0
ferDI2Qr,flashscore,RS1,2526,2026-04-26,crvena zvezda,partizan,2.0,0.0,3.0,3.0,5.0,3.0
S8tLGtee,flashscore,RS1,2526,2026-04-26,novi pazar,cukaricki,3.0,5.0,2.0,3.0,5.0,8.0
0CyFxOHE,flashscore,RS1,2526,2026-04-26,ofk beograd mozzart bet,radnik,0.0,3.0,4.0,2.0,4.0,5.0
EyEA5cOi,flashscore,SP1,2526,2026-04-26,villarreal,celta vigo,0.0,4.0,7.0,1.0,7.0,5.0
YHhyib9b,flashscore,SP1,2526,2026-04-26,osasuna,sevilla,2.0,0.0,2.0,4.0,4.0,4.0
YwUB3yg4,flashscore,SP1,2526,2026-04-26,oviedo,elche,2.0,0.0,4.0,1.0,6.0,1.0
fXtpkxvB,flashscore,SP1,2526,2026-04-26,rayo vallecano,real sociedad,2.0,4.0,4.0,0.0,6.0,4.0
65kw5s8r,flashscore,SP2,2526,2026-04-26,ceuta,racing santander,0.0,7.0,1.0,2.0,1.0,9.0
zosf1a77,flashscore,SP2,2526,2026-04-26,huesca,zaragoza,1.0,3.0,0.0,2.0,1.0,5.0
r323hvrJ,flashscore,SP2,2526,2026-04-26,leganes,andorra,2.0,4.0,7.0,1.0,9.0,5.0
Yu9KHKil,flashscore,SP2,2526,2026-04-26,granada cf,almeria,1.0,2.0,3.0,1.0,4.0,3.0
O6NlNtUQ,flashscore,SP2,2526,2026-04-26,mirandes,cultural leonesa,2.0,2.0,4.0,0.0,6.0,2.0
vJmo3Lxe,flashscore,SP2,2526,2026-04-26,cordoba,gijon,5.0,2.0,4.0,1.0,9.0,3.0
hfWPk8e5,flashscore,SW1,2526,2026-04-26,servette,winterthur,2.0,3.0,2.0,1.0,4.0,4.0
GAWmylPE,flashscore,SW1,2526,2026-04-26,young boys,st. gallen,7.0,2.0,1.0,2.0,8.0,4.0
O2U2DpX7,flashscore,SW1,2526,2026-04-26,basel,sion,2.0,4.0,1.0,2.0,3.0,6.0
YiBu5AtC,flashscore,TR1,2526,2026-04-26,galatasaray,fenerbahce,3.0,0.0,3.0,4.0,6.0,4.0
KrpbNidt,flashscore,TR1,2526,2026-04-26,genclerbirligi,kocaelispor,0.0,1.0,1.0,1.0,1.0,2.0
6sV3Zwgc,flashscore,TR2,2526,2026-04-26,amedspor,bodrumspor,5.0,6.0,7.0,1.0,12.0,7.0
4GwnpzjI,flashscore,TR2,2526,2026-04-26,erzurumspor,bandirmaspor,0.0,3.0,4.0,2.0,4.0,5.0
E7Imyu7m,flashscore,TR2,2526,2026-04-26,keciorengucu,manisa fk,1.0,4.0,7.0,1.0,8.0,5.0
r1kwndL5,flashscore,TR2,2526,2026-04-26,pendikspor,boluspor,5.0,1.0,4.0,1.0,9.0,2.0
l60JRRZj,flashscore,TR2,2526,2026-04-26,sakaryaspor,corum,1.0,4.0,1.0,1.0,2.0,5.0
v9hMkvMt,flashscore,TR2,2526,2026-04-26,sariyer,erokspor,3.0,0.0,4.0,4.0,7.0,4.0
zynVmIjg,flashscore,TR2,2526,2026-04-26,sivasspor,igdir fk,4.0,0.0,2.0,3.0,6.0,3.0
YF6RwKjJ,flashscore,B1,2526,2026-04-27,beerschot va,patro eisden,0.0,1.0,3.0,3.0,4.0,4.0
dhpqd16m,flashscore,B1,2526,2026-04-27,rfc liege,lommel sk,5.0,0.0,6.0,4.0,11.0,4.0
dWKdd577,flashscore,DK1,2526,2026-04-27,fc copenhagen,vejle,6.0,3.0,4.0,1.0,10.0,4.0
tQzy4f9T,flashscore,E0,2526,2026-04-27,manchester utd,brentford,5.0,5.0,2.0,3.0,7.0,8.0
MN8dBALj,flashscore,I1,2526,2026-04-27,lazio,udinese,3.0,1.0,1.0,4.0,4.0,5.0
xIBAKEb4,flashscore,I1,2526,2026-04-27,cagliari,atalanta,1.0,0.0,3.0,6.0,4.0,6.0
URCJWZNj,flashscore,P1,2526,2026-04-27,gil vicente,casa pia,3.0,1.0,1.0,2.0,4.0,3.0
vFtAAXGU,flashscore,RO1,2526,2026-04-27,fc arges,univ. craiova,0.0,2.0,3.0,3.0,3.0,5.0
SWEfa6Tr,flashscore,RO1,2526,2026-04-27,metaloglobus bucharest,unirea slobozia,4.0,1.0,4.0,0.0,8.0,1.0
44j5AKjC,flashscore,RS1,2526,2026-04-27,tsc,mladost,2.0,1.0,9.0,0.0,11.0,1.0
OQlkE2im,flashscore,RS1,2526,2026-04-27,javor,napredak,5.0,4.0,0.0,2.0,5.0,6.0
dvmcCtMa,flashscore,RS1,2526,2026-04-27,radnicki 1923,sp. subotica,0.0,2.0,2.0,3.0,2.0,5.0
fBbJJOTP,flashscore,RS1,2526,2026-04-27,imt novi beograd,radnicki nis,0.0,3.0,5.0,0.0,5.0,3.0
SKkThKvn,flashscore,SP1,2526,2026-04-27,espanyol,levante,4.0,1.0,0.0,3.0,4.0,4.0
SMI5NkO9,flashscore,SP2,2526,2026-04-27,cadiz cf,las palmas,2.0,1.0,4.0,4.0,6.0,5.0
KU4P8hsm,flashscore,TR1,2526,2026-04-27,besiktas,karagumruk,4.0,1.0,1.0,1.0,5.0,2.0
6Nl9620J,flashscore,TR1,2526,2026-04-27,konyaspor,trabzonspor,6.0,1.0,1.0,4.0,7.0,5.0
lnEgEEJP,flashscore,TR1,2526,2026-04-27,alanyaspor,samsunspor,5.0,2.0,7.0,3.0,12.0,5.0
dQ6yiQG8,flashscore,E1,2526,2026-04-28,southampton,ipswich,2.0,3.0,3.0,6.0,5.0,9.0
O63nDVoJ,flashscore,SA1,2526,2026-04-28,al hilal,damac,6.0,2.0,6.0,0.0,12.0,2.0
hp0NErNN,flashscore,SA1,2526,2026-04-28,al khaleej,al najma,2.0,0.0,4.0,0.0,6.0,0.0
6T1FG4hB,flashscore,SA1,2526,2026-04-28,neom sc,al hazem,3.0,2.0,0.0,2.0,3.0,4.0
dfCVGDnf,flashscore,SA1,2526,2026-04-28,al shabab,al fateh,2.0,2.0,5.0,5.0,7.0,7.0
Ya1ycHJ5,flashscore,P1,2526,2026-04-29,sporting cp,tondela,4.0,3.0,1.0,2.0,5.0,5.0
lU8NIZHs,flashscore,SA1,2526,2026-04-29,al nassr,al ahli sc,3.0,3.0,5.0,0.0,8.0,3.0
4dXjOefK,flashscore,SA1,2526,2026-04-29,al taawon,al ittihad,3.0,1.0,6.0,0.0,9.0,1.0
pED6IQNb,flashscore,SA1,2526,2026-04-29,al riyadh,al qadsiah,0.0,7.0,3.0,4.0,3.0,11.0
jg5vFiH6,flashscore,SA1,2526,2026-04-30,al kholood,al fayha,1.0,3.0,3.0,2.0,4.0,5.0
xlAbKngn,flashscore,SA1,2526,2026-04-30,al okhdood,al ettifaq,2.0,6.0,3.0,2.0,5.0,8.0
O2tgkrqh,flashscore,B1,2526,2026-05-01,cercle brugge ksv,waregem,2.0,2.0,4.0,5.0,6.0,7.0
EVRYEe1D,flashscore,DK1,2526,2026-05-01,brondby,nordsjaelland,0.0,1.0,5.0,1.0,5.0,2.0
EBUD9Jdk,flashscore,E0,2526,2026-05-01,leeds,burnley,2.0,0.0,3.0,0.0,5.0,0.0
KGDczIfJ,flashscore,I1,2526,2026-05-01,pisa,lecce,1.0,0.0,5.0,1.0,6.0,1.0
SntEtqhf,flashscore,I2,2526,2026-05-01,bari,entella,1.0,0.0,0.0,4.0,1.0,4.0
OEZMvNM6,flashscore,I2,2526,2026-05-01,carrarese,cesena,5.0,3.0,5.0,1.0,10.0,4.0
dSXUx1iJ,flashscore,I2,2526,2026-05-01,empoli,avellino,4.0,1.0,0.0,1.0,4.0,2.0
MLi904qQ,flashscore,I2,2526,2026-05-01,juve stabia,frosinone,5.0,2.0,2.0,6.0,7.0,8.0
h4ruer7m,flashscore,I2,2526,2026-05-01,mantova,monza,0.0,4.0,0.0,3.0,0.0,7.0
EJWmgMy0,flashscore,I2,2526,2026-05-01,modena,reggiana,1.0,2.0,1.0,2.0,2.0,4.0
Mqzdi06C,flashscore,I2,2526,2026-05-01,padova,pescara,1.0,3.0,2.0,3.0,3.0,6.0
EHiUYijo,flashscore,I2,2526,2026-05-01,palermo,catanzaro,2.0,0.0,2.0,3.0,4.0,3.0
6BvGderh,flashscore,I2,2526,2026-05-01,sampdoria,sudtirol,3.0,0.0,1.0,2.0,4.0,2.0
2wYOfZC4,flashscore,I2,2526,2026-05-01,spezia,venezia,3.0,5.0,3.0,1.0,6.0,6.0
84P0FIJt,flashscore,RO1,2526,2026-05-01,csikszereda m. ciuc,fcsb,1.0,6.0,3.0,8.0,4.0,14.0
AP0bL0K6,flashscore,SP1,2526,2026-05-01,girona,mallorca,1.0,1.0,4.0,1.0,5.0,2.0
ttTysyLa,flashscore,SP2,2526,2026-05-01,zaragoza,granada cf,2.0,2.0,5.0,5.0,7.0,7.0
ITrOytqK,flashscore,SP2,2526,2026-05-01,dep. la coruna,leganes,6.0,0.0,3.0,2.0,9.0,2.0
zckkGszQ,flashscore,SP2,2526,2026-05-01,andorra,albacete,3.0,1.0,3.0,1.0,6.0,2.0
OtQNHmQH,flashscore,TR1,2526,2026-05-01,gaziantep,besiktas,2.0,2.0,6.0,0.0,8.0,2.0
SEWEJ9e5,flashscore,TR1,2526,2026-05-01,rizespor,konyaspor,1.0,2.0,0.0,0.0,1.0,2.0
lQnfpe7F,flashscore,TR2,2526,2026-05-01,manisa fk,sakaryaspor,4.0,3.0,3.0,2.0,7.0,5.0
vVqLbfM8,flashscore,TR2,2526,2026-05-01,boluspor,serik spor,3.0,0.0,5.0,1.0,8.0,1.0
Mwo2rZyS,flashscore,TR2,2526,2026-05-01,istanbulspor as,adana demirspor,5.0,1.0,2.0,0.0,7.0,1.0
bZ6YziU1,flashscore,TR2,2526,2026-05-01,hatayspor,vanspor fk,1.0,3.0,1.0,2.0,2.0,5.0
bPGW8KMb,flashscore,B1,2526,2026-05-02,st. truiden,royale union sg,5.0,0.0,4.0,1.0,9.0,1.0
vijgxzkI,flashscore,B1,2526,2026-05-02,lommel sk,beerschot va,1.0,4.0,3.0,2.0,4.0,6.0
Ew82l8c5,flashscore,B1,2526,2026-05-02,charleroi,genk,0.0,3.0,3.0,3.0,3.0,6.0
8Y4R9FPr,flashscore,B1,2526,2026-05-02,westerlo,leuven,0.0,1.0,4.0,2.0,4.0,3.0
rivf45np,flashscore,D1,2526,2026-05-02,bayer leverkusen,rb leipzig,5.0,0.0,2.0,3.0,7.0,3.0
bJ2N9ROM,flashscore,D1,2526,2026-05-02,bayern munich,heidenheim,2.0,3.0,11.0,2.0,13.0,5.0
U7x22qHd,flashscore,D1,2526,2026-05-02,eintracht frankfurt,hamburger sv,4.0,2.0,5.0,2.0,9.0,4.0
8G6V9ntK,flashscore,D1,2526,2026-05-02,hoffenheim,stuttgart,1.0,0.0,3.0,5.0,4.0,5.0
KfQzl5J0,flashscore,D1,2526,2026-05-02,union berlin,fc koln,0.0,4.0,2.0,1.0,2.0,5.0
Kd5f8Z4F,flashscore,D1,2526,2026-05-02,werder bremen,augsburg,6.0,0.0,2.0,2.0,8.0,2.0
xQgv3oA7,flashscore,D2,2526,2026-05-02,schalke,dusseldorf,1.0,0.0,3.0,1.0,4.0,1.0
ILWQQl2E,flashscore,D2,2526,2026-05-02,arminia bielefeld,bochum,6.0,0.0,2.0,2.0,8.0,2.0
UuSlhUek,flashscore,D2,2526,2026-05-02,holstein kiel,braunschweig,2.0,1.0,2.0,4.0,4.0,5.0
QozZOSWQ,flashscore,D2,2526,2026-05-02,sg dynamo dresden,kaiserslautern,5.0,0.0,2.0,4.0,7.0,4.0
6sw2IgOM,flashscore,E0,2526,2026-05-02,arsenal,fulham,2.0,1.0,1.0,3.0,3.0,4.0
EmnRINZ2,flashscore,E0,2526,2026-05-02,brentford,west ham,0.0,5.0,2.0,1.0,2.0,6.0
tO58V0J8,flashscore,E0,2526,2026-05-02,newcastle,brighton,2.0,4.0,0.0,6.0,2.0,10.0
xjaHTvlL,flashscore,E0,2526,2026-05-02,wolves,sunderland,4.0,2.0,2.0,1.0,6.0,3.0
OURKkjfM,flashscore,E1,2526,2026-05-02,blackburn,leicester,2.0,6.0,7.0,5.0,9.0,11.0
K0DjpUHq,flashscore,E1,2526,2026-05-02,bristol city,stoke,0.0,7.0,2.0,8.0,2.0,15.0
GS6ar8nd,flashscore,E1,2526,2026-05-02,derby,sheffield utd,4.0,2.0,2.0,1.0,6.0,3.0
rZbo6Bv3,flashscore,E1,2526,2026-05-02,hull,norwich,0.0,3.0,1.0,4.0,1.0,7.0
4lmf4k9F,flashscore,E1,2526,2026-05-02,ipswich,qpr,2.0,1.0,2.0,1.0,4.0,2.0
xG012TwS,flashscore,E1,2526,2026-05-02,millwall,oxford utd,10.0,0.0,4.0,1.0,14.0,1.0
d0sYd71k,flashscore,E1,2526,2026-05-02,portsmouth,birmingham,2.0,5.0,1.0,4.0,3.0,9.0
UDuteoW1,flashscore,E1,2526,2026-05-02,preston,southampton,5.0,0.0,5.0,5.0,10.0,5.0
pMNSIlO8,flashscore,E1,2526,2026-05-02,sheffield wed,west brom,4.0,1.0,1.0,1.0,5.0,2.0
8YRXaOnl,flashscore,E1,2526,2026-05-02,swansea,charlton,2.0,1.0,8.0,3.0,10.0,4.0
jJQzHShL,flashscore,E1,2526,2026-05-02,watford,coventry,0.0,3.0,0.0,3.0,0.0,6.0
GbVub2H0,flashscore,E1,2526,2026-05-02,wrexham,middlesbrough,2.0,1.0,4.0,2.0,6.0,3.0
xOQWfpid,flashscore,F1,2526,2026-05-02,nice,lens,4.0,5.0,3.0,3.0,7.0,8.0
MypRmTqT,flashscore,F1,2526,2026-05-02,metz,monaco,0.0,5.0,5.0,4.0,5.0,9.0
hdhAiBp4,flashscore,F1,2526,2026-05-02,psg,lorient,9.0,2.0,3.0,0.0,12.0,2.0
Q9jIkkFG,flashscore,F1,2526,2026-05-02,nantes,marseille,3.0,3.0,4.0,5.0,7.0,8.0
zmA6xmKk,flashscore,I1,2526,2026-05-02,atalanta,genoa,2.0,1.0,4.0,1.0,6.0,2.0
O8j1bUt9,flashscore,I1,2526,2026-05-02,como,napoli,2.0,1.0,1.0,1.0,3.0,2.0
xhpOjwu0,flashscore,I1,2526,2026-05-02,udinese,torino,3.0,1.0,2.0,1.0,5.0,2.0
ldRV91FM,flashscore,N1,2526,2026-05-02,nijmegen,telstar,4.0,0.0,5.0,0.0,9.0,0.0
UD7o4Wr1,flashscore,N1,2526,2026-05-02,ajax,psv,4.0,2.0,2.0,2.0,6.0,4.0
Snn5O0UF,flashscore,N1,2526,2026-05-02,groningen,excelsior,4.0,4.0,1.0,4.0,5.0,8.0
6XcdQMa3,flashscore,N1,2526,2026-05-02,utrecht,nac breda,2.0,3.0,6.0,1.0,8.0,4.0
j7ENJgq9,flashscore,P1,2526,2026-05-02,fc porto,alverca,4.0,0.0,1.0,4.0,5.0,4.0
r5g2CByq,flashscore,P1,2526,2026-05-02,famalicao,benfica,3.0,1.0,3.0,3.0,6.0,4.0
IsY4WWSE,flashscore,P1,2526,2026-05-02,arouca,santa clara,2.0,2.0,3.0,4.0,5.0,6.0
jHHydji2,flashscore,P1,2526,2026-05-02,moreirense,estrela,0.0,2.0,1.0,2.0,1.0,4.0
riETcCMk,flashscore,P1,2526,2026-05-02,nacional,afs,5.0,3.0,3.0,3.0,8.0,6.0
SGCDJAgo,flashscore,RO1,2526,2026-05-02,u. cluj,fc arges,3.0,3.0,3.0,1.0,6.0,4.0
ABAsANs1,flashscore,RO1,2526,2026-05-02,farul constanta,fc botosani,4.0,0.0,3.0,2.0,7.0,2.0
OfCZBqDl,flashscore,RO1,2526,2026-05-02,otelul,metaloglobus bucharest,1.0,1.0,2.0,1.0,3.0,2.0
48QhVuAl,flashscore,RS1,2526,2026-05-02,partizan,novi pazar,3.0,0.0,0.0,5.0,3.0,5.0
pnS8Rc9D,flashscore,RS1,2526,2026-05-02,zeleznicar pancevo,ofk beograd mozzart bet,1.0,2.0,4.0,2.0,5.0,4.0
YH0VssiA,flashscore,SA1,2526,2026-05-02,al hazem,al hilal,1.0,5.0,5.0,2.0,6.0,7.0
EDT4RL6T,flashscore,SA1,2526,2026-05-02,damac,al khaleej,2.0,0.0,2.0,1.0,4.0,1.0
hKGWuLLM,flashscore,SA1,2526,2026-05-02,al fateh,neom sc,0.0,4.0,5.0,3.0,5.0,7.0
rqOpsrsQ,flashscore,SP1,2526,2026-05-02,osasuna,barcelona,2.0,5.0,1.0,2.0,3.0,7.0
O8xH8Nz1,flashscore,SP1,2526,2026-05-02,alaves,ath bilbao,1.0,4.0,3.0,3.0,4.0,7.0
GxWbJvkJ,flashscore,SP1,2526,2026-05-02,valencia,atl. madrid,0.0,3.0,1.0,4.0,1.0,7.0
SGaHyM4m,flashscore,SP1,2526,2026-05-02,villarreal,levante,4.0,0.0,3.0,3.0,7.0,3.0
nqZgWJ6s,flashscore,SP2,2526,2026-05-02,eibar,malaga,0.0,5.0,2.0,1.0,2.0,6.0
2L0yExiD,flashscore,SP2,2526,2026-05-02,castellon,cordoba,6.0,3.0,6.0,0.0,12.0,3.0
4p75lJSP,flashscore,SP2,2526,2026-05-02,cultural leonesa,cadiz cf,1.0,1.0,3.0,3.0,4.0,4.0
OzzdZRgR,flashscore,SW1,2526,2026-05-02,basel,thun,1.0,2.0,4.0,0.0,5.0,2.0
pAd5VwAj,flashscore,SW1,2526,2026-05-02,lausanne,luzern,2.0,1.0,3.0,6.0,5.0,7.0
vBUXmnQH,flashscore,SW1,2526,2026-05-02,winterthur,zurich,2.0,1.0,4.0,2.0,6.0,3.0
zLgtzVun,flashscore,TR1,2526,2026-05-02,fenerbahce,basaksehir,4.0,2.0,6.0,0.0,10.0,2.0
2XpcWnuB,flashscore,TR1,2526,2026-05-02,samsunspor,galatasaray,2.0,3.0,1.0,3.0,3.0,6.0
tIdlY8Ab,flashscore,TR1,2526,2026-05-02,trabzonspor,goztepe,1.0,1.0,3.0,2.0,4.0,3.0
4xDjQZFq,flashscore,TR2,2526,2026-05-02,bandirmaspor,sivasspor,4.0,2.0,1.0,7.0,5.0,9.0
hbgonHx3,flashscore,TR2,2526,2026-05-02,bodrumspor,sariyer,1.0,2.0,2.0,2.0,3.0,4.0
veTBXHN9,flashscore,TR2,2526,2026-05-02,corum,erzurumspor,4.0,1.0,4.0,1.0,8.0,2.0
Qi1aODpd,flashscore,TR2,2526,2026-05-02,erokspor,pendikspor,0.0,2.0,5.0,0.0,5.0,2.0
zNMKVehM,flashscore,TR2,2526,2026-05-02,igdir fk,amedspor,1.0,4.0,2.0,0.0,3.0,4.0
j93QxDak,flashscore,TR2,2526,2026-05-02,umraniyespor,keciorengucu,3.0,0.0,4.0,1.0,7.0,1.0
WSq1mMD4,flashscore,B1,2526,2026-05-03,dender,raal la louviere,2.0,0.0,2.0,5.0,4.0,5.0
C6gqzcLc,flashscore,B1,2526,2026-05-03,anderlecht,club brugge kv,3.0,3.0,5.0,1.0,8.0,4.0
2yMG2bIF,flashscore,B1,2526,2026-05-03,antwerp,st. liege,6.0,1.0,1.0,2.0,7.0,3.0
EgnsPiUg,flashscore,B1,2526,2026-05-03,kv mechelen,gent,5.0,1.0,2.0,3.0,7.0,4.0
nq7nAez3,flashscore,D1,2526,2026-05-03,freiburg,wolfsburg,0.0,0.0,1.0,7.0,1.0,7.0
EcNSkRll,flashscore,D1,2526,2026-05-03,b. monchengladbach,dortmund,1.0,1.0,0.0,0.0,1.0,1.0
tAEqnqlD,flashscore,D1,2526,2026-05-03,st. pauli,mainz,3.0,5.0,4.0,2.0,7.0,7.0
jeGcj8Q1,flashscore,D2,2526,2026-05-03,elversberg,paderborn,1.0,1.0,1.0,4.0,2.0,5.0
WSjW47ue,flashscore,D2,2526,2026-05-03,greuther furth,nurnberg,2.0,3.0,2.0,2.0,4.0,5.0
z1cN6TAr,flashscore,D2,2526,2026-05-03,hannover,preussen munster,3.0,4.0,7.0,2.0,10.0,6.0
vVBiCkmL,flashscore,D2,2526,2026-05-03,karlsruher sc,darmstadt,2.0,2.0,3.0,1.0,5.0,3.0
r3IrEBI8,flashscore,D2,2526,2026-05-03,magdeburg,hertha berlin,1.0,3.0,0.0,4.0,1.0,7.0
txKKxagK,flashscore,DK1,2526,2026-05-03,aarhus,sonderjyske,3.0,1.0,6.0,4.0,9.0,5.0
hzCLCQil,flashscore,DK1,2526,2026-05-03,fredericia,fc copenhagen,3.0,2.0,3.0,2.0,6.0,4.0
lvNsK8aE,flashscore,DK1,2526,2026-05-03,odense,silkeborg,4.0,2.0,4.0,1.0,8.0,3.0
d4QkInUQ,flashscore,DK1,2526,2026-05-03,randers fc,vejle,2.0,3.0,1.0,3.0,3.0,6.0
jFEYCXop,flashscore,E0,2526,2026-05-03,aston villa,tottenham,0.0,3.0,5.0,2.0,5.0,5.0
zRIM7cR1,flashscore,E0,2526,2026-05-03,manchester utd,liverpool,2.0,0.0,1.0,2.0,3.0,2.0
buItBBGd,flashscore,E0,2526,2026-05-03,bournemouth,crystal palace,7.0,0.0,0.0,1.0,7.0,1.0
vDGi4lU9,flashscore,F1,2526,2026-05-03,lyon,rennes,3.0,3.0,4.0,2.0,7.0,5.0
WAeWd6Mq,flashscore,F1,2526,2026-05-03,auxerre,angers,3.0,1.0,1.0,5.0,4.0,6.0
zuA02SbM,flashscore,F1,2526,2026-05-03,paris fc,brest,6.0,1.0,1.0,2.0,7.0,3.0
WnDq6Aac,flashscore,F1,2526,2026-05-03,strasbourg,toulouse,5.0,2.0,3.0,1.0,8.0,3.0
jizcr77j,flashscore,F1,2526,2026-05-03,lille,le havre,6.0,2.0,8.0,3.0,14.0,5.0
jyMtv0ef,flashscore,I1,2526,2026-05-03,inter,parma,4.0,2.0,4.0,1.0,8.0,3.0
OlKlxvQ6,flashscore,I1,2526,2026-05-03,juventus,verona,9.0,1.0,5.0,0.0,14.0,1.0
URtGhaAm,flashscore,I1,2526,2026-05-03,sassuolo,ac milan,1.0,2.0,1.0,1.0,2.0,3.0
rDDEzRl2,flashscore,I1,2526,2026-05-03,bologna,cagliari,5.0,1.0,2.0,1.0,7.0,2.0
YoEx6hEl,flashscore,N1,2526,2026-05-03,az alkmaar,twente,0.0,1.0,4.0,2.0,4.0,3.0
6DZEDqGc,flashscore,N1,2526,2026-05-03,sparta rotterdam,g.a. eagles,4.0,3.0,2.0,5.0,6.0,8.0
pSC14uwp,flashscore,N1,2526,2026-05-03,sittard,feyenoord,1.0,3.0,0.0,5.0,1.0,8.0
hUXMBNpA,flashscore,N1,2526,2026-05-03,zwolle,heracles,3.0,2.0,0.0,1.0,3.0,3.0
tf6A2J7d,flashscore,N1,2526,2026-05-03,fc volendam,heerenveen,3.0,2.0,4.0,3.0,7.0,5.0
OKCVHXDL,flashscore,P1,2526,2026-05-03,rio ave,gil vicente,6.0,3.0,3.0,4.0,9.0,7.0
E9RDUAcR,flashscore,P1,2526,2026-05-03,braga,estoril,2.0,2.0,3.0,2.0,5.0,4.0
CpoJ8Tz8,flashscore,P1,2526,2026-05-03,casa pia,tondela,4.0,0.0,3.0,2.0,7.0,2.0
AHNZQh1B,flashscore,RO1,2526,2026-05-03,univ. craiova,dinamo bucuresti,3.0,4.0,1.0,2.0,4.0,6.0
IyEk81CD,flashscore,RO1,2526,2026-05-03,petrolul,uta arad,0.0,3.0,5.0,1.0,5.0,4.0
CUgD8bLO,flashscore,RS1,2526,2026-05-03,javor,imt novi beograd,4.0,2.0,1.0,2.0,5.0,4.0
EcSUQuyg,flashscore,RS1,2526,2026-05-03,mladost,sp. subotica,2.0,0.0,1.0,3.0,3.0,3.0
MNVxPJ55,flashscore,RS1,2526,2026-05-03,napredak,radnicki nis,0.0,1.0,1.0,1.0,1.0,2.0
StUMS16t,flashscore,RS1,2526,2026-05-03,radnicki 1923,tsc,1.0,1.0,0.0,2.0,1.0,3.0
4OTuXPxh,flashscore,SA1,2526,2026-05-03,al ahli sc,al okhdood,3.0,5.0,3.0,1.0,6.0,6.0
042Nq3Mc,flashscore,SA1,2526,2026-05-03,al qadsiah,al nassr,5.0,1.0,1.0,4.0,6.0,5.0
0jNlV374,flashscore,SA1,2526,2026-05-03,al shabab,al taawon,0.0,1.0,6.0,1.0,6.0,2.0
tp9sPrLs,flashscore,SP1,2526,2026-05-03,espanyol,real madrid,3.0,3.0,2.0,3.0,5.0,6.0
U5uP615D,flashscore,SP1,2526,2026-05-03,betis,oviedo,5.0,2.0,0.0,2.0,5.0,4.0
xC2jNMkf,flashscore,SP1,2526,2026-05-03,getafe,rayo vallecano,2.0,0.0,2.0,1.0,4.0,1.0
A1IBU4cK,flashscore,SP1,2526,2026-05-03,celta vigo,elche,1.0,1.0,3.0,1.0,4.0,2.0
8bN2Ucyf,flashscore,SP2,2526,2026-05-03,las palmas,valladolid,2.0,2.0,1.0,5.0,3.0,7.0
CjKJQFzJ,flashscore,SP2,2526,2026-05-03,real sociedad b,burgos cf,1.0,0.0,1.0,2.0,2.0,2.0
YFPTrcjm,flashscore,SP2,2526,2026-05-03,gijon,ceuta,2.0,0.0,4.0,2.0,6.0,2.0
2eHpuFkC,flashscore,SP2,2526,2026-05-03,racing santander,huesca,6.0,1.0,6.0,2.0,12.0,3.0
x4qigs2c,flashscore,SW1,2526,2026-05-03,grasshoppers,servette,0.0,1.0,2.0,2.0,2.0,3.0
SWOZRqn1,flashscore,SW1,2526,2026-05-03,lugano,young boys,3.0,0.0,4.0,2.0,7.0,2.0
K6LRT5Hl,flashscore,SW1,2526,2026-05-03,st. gallen,sion,2.0,2.0,3.0,5.0,5.0,7.0
dfOVFRfU,flashscore,TR1,2526,2026-05-03,antalyaspor,alanyaspor,2.0,5.0,1.0,3.0,3.0,8.0
8WCUDvPq,flashscore,TR1,2526,2026-05-03,karagumruk,genclerbirligi,1.0,3.0,0.0,3.0,1.0,6.0
4b6wCIgd,flashscore,TR1,2526,2026-05-03,kasimpasa,kocaelispor,3.0,4.0,3.0,1.0,6.0,5.0
tbY6LVQh,flashscore,TR1,2526,2026-05-03,kayserispor,eyupspor,5.0,3.0,4.0,0.0,9.0,3.0
CKAjXxHs,flashscore,DK1,2526,2026-05-04,midtjylland,viborg,3.0,0.0,5.0,0.0,8.0,0.0
rTwrFuZR,flashscore,E0,2526,2026-05-04,everton,manchester city,2.0,6.0,3.0,3.0,5.0,9.0
n1pZG14F,flashscore,E0,2526,2026-05-04,chelsea,nottingham,4.0,1.0,6.0,0.0,10.0,1.0
pf5qbLnQ,flashscore,I1,2526,2026-05-04,as roma,fiorentina,1.0,4.0,3.0,1.0,4.0,5.0
f9SXuMQs,flashscore,I1,2526,2026-05-04,cremonese,lazio,0.0,2.0,3.0,1.0,3.0,3.0
jVdAAk6e,flashscore,P1,2526,2026-05-04,sporting cp,vitoria guimaraes,0.0,4.0,1.0,3.0,1.0,7.0
dYLsPWVN,flashscore,RO1,2526,2026-05-04,fc rapid bucuresti,cfr cluj,1.0,3.0,4.0,4.0,5.0,7.0
GUS8Ddlg,flashscore,RO1,2526,2026-05-04,unirea slobozia,fc hermannstadt,5.0,5.0,1.0,6.0,6.0,11.0
YPZMz2nR,flashscore,RS1,2526,2026-05-04,cukaricki,crvena zvezda,1.0,2.0,0.0,3.0,1.0,5.0
CYT0TJv1,flashscore,RS1,2526,2026-05-04,radnik,vojvodina,2.0,2.0,5.0,1.0,7.0,3.0
pdKzMaUj,flashscore,SA1,2526,2026-05-04,al ettifaq,al najma,2.0,2.0,5.0,1.0,7.0,3.0
CUtf9Mpo,flashscore,SA1,2526,2026-05-04,al ittihad,al kholood,1.0,1.0,5.0,1.0,6.0,2.0
hbudTsxH,flashscore,SA1,2526,2026-05-04,al fayha,al riyadh,7.0,1.0,2.0,5.0,9.0,6.0
zs3PZaZa,flashscore,SP1,2526,2026-05-04,sevilla,real sociedad,3.0,1.0,0.0,2.0,3.0,3.0
GOQASy66,flashscore,SP2,2526,2026-05-04,almeria,mirandes,3.0,2.0,2.0,4.0,5.0,6.0
ULghn2s3,flashscore,SA1,2526,2026-05-05,al khaleej,al hilal,4.0,5.0,1.0,3.0,5.0,8.0
2Zi0ptCF,flashscore,SA1,2526,2026-05-06,al ahli sc,al fateh,1.0,1.0,1.0,1.0,2.0,2.0
YZRJ1dat,flashscore,SA1,2526,2026-05-07,al shabab,al nassr,1.0,5.0,1.0,3.0,2.0,8.0
KMNwJ4Wr,flashscore,TR2,2526,2026-05-07,bodrumspor,pendikspor,1.0,2.0,2.0,2.0,3.0,4.0
Ojx8OQ8L,flashscore,TR2,2526,2026-05-07,corum,keciorengucu,2.0,0.0,0.0,8.0,2.0,8.0
lhKO0xmS,flashscore,B1,2526,2026-05-08,st. liege,leuven,0.0,5.0,3.0,2.0,3.0,7.0
S0m24Q3s,flashscore,D1,2526,2026-05-08,dortmund,eintracht frankfurt,1.0,0.0,5.0,2.0,6.0,2.0
lQbXX59s,flashscore,D2,2526,2026-05-08,kaiserslautern,arminia bielefeld,2.0,4.0,2.0,2.0,4.0,6.0
xnVEFOgD,flashscore,D2,2526,2026-05-08,paderborn,karlsruher sc,0.0,0.0,4.0,1.0,4.0,1.0
QPPDRYpJ,flashscore,DK1,2526,2026-05-08,viborg,sonderjyske,4.0,0.0,4.0,0.0,8.0,0.0
zwO5QwLP,flashscore,E1,2526,2026-05-08,hull,millwall,0.0,4.0,0.0,1.0,0.0,5.0
jRj69q6k,flashscore,F1,2526,2026-05-08,lens,nantes,6.0,1.0,2.0,2.0,8.0,3.0
vemV1O4b,flashscore,I1,2526,2026-05-08,torino,sassuolo,5.0,2.0,2.0,3.0,7.0,5.0
A3yXhDsH,flashscore,I2,2526,2026-05-08,avellino,modena,2.0,0.0,4.0,0.0,6.0,0.0
WIPuiiCT,flashscore,I2,2526,2026-05-08,catanzaro,bari,4.0,0.0,4.0,0.0,8.0,0.0
thBBoVZj,flashscore,I2,2526,2026-05-08,cesena,padova,5.0,1.0,6.0,2.0,11.0,3.0
SMCo4b7F,flashscore,I2,2526,2026-05-08,entella,carrarese,0.0,3.0,5.0,2.0,5.0,5.0
bTudgsgc,flashscore,I2,2526,2026-05-08,frosinone,mantova,5.0,1.0,3.0,2.0,8.0,3.0
Wtv4iLN9,flashscore,I2,2526,2026-05-08,monza,empoli,3.0,0.0,4.0,4.0,7.0,4.0
S8XCkahM,flashscore,I2,2526,2026-05-08,pescara,spezia,3.0,0.0,0.0,1.0,3.0,1.0
rZxrpwGq,flashscore,I2,2526,2026-05-08,reggiana,sampdoria,1.0,3.0,2.0,6.0,3.0,9.0
4lRjrHpd,flashscore,I2,2526,2026-05-08,sudtirol,juve stabia,4.0,2.0,4.0,0.0,8.0,2.0
WfJx6Kx3,flashscore,I2,2526,2026-05-08,venezia,palermo,3.0,2.0,3.0,0.0,6.0,2.0
MwncRMCi,flashscore,RO1,2526,2026-05-08,cfr cluj,univ. craiova,3.0,0.0,0.0,2.0,3.0,2.0
25XW7hIU,flashscore,RO1,2526,2026-05-08,uta arad,csikszereda m. ciuc,2.0,0.0,6.0,1.0,8.0,1.0
G6fZUWF5,flashscore,RS1,2526,2026-05-08,vojvodina,cukaricki,0.0,2.0,1.0,3.0,1.0,5.0
lpTblalg,flashscore,SP1,2526,2026-05-08,levante,osasuna,3.0,1.0,12.0,0.0,15.0,1.0
nJk3cd5t,flashscore,SP2,2526,2026-05-08,cadiz cf,dep. la coruna,1.0,4.0,2.0,5.0,3.0,9.0
pKiiYzjA,flashscore,B1,2526,2026-05-09,club brugge kv,st. truiden,3.0,1.0,3.0,1.0,6.0,2.0
C4l1zEJU,flashscore,B1,2526,2026-05-09,beerschot va,lommel sk,4.0,1.0,7.0,1.0,11.0,2.0
vgm9o0rH,flashscore,B1,2526,2026-05-09,raal la louviere,cercle brugge ksv,2.0,5.0,4.0,0.0,6.0,5.0
C6oHqvDT,flashscore,B1,2526,2026-05-09,waregem,dender,4.0,0.0,5.0,2.0,9.0,2.0
fmc5MPPP,flashscore,D1,2526,2026-05-09,wolfsburg,bayern munich,4.0,2.0,2.0,1.0,6.0,3.0
QVmyH3mm,flashscore,D1,2526,2026-05-09,augsburg,b. monchengladbach,2.0,0.0,0.0,2.0,2.0,2.0
KUtpFsIa,flashscore,D1,2526,2026-05-09,hoffenheim,werder bremen,6.0,1.0,2.0,2.0,8.0,3.0
6RGA0r36,flashscore,D1,2526,2026-05-09,rb leipzig,st. pauli,1.0,2.0,2.0,3.0,3.0,5.0
EiKIbMXI,flashscore,D1,2526,2026-05-09,stuttgart,bayer leverkusen,4.0,3.0,3.0,3.0,7.0,6.0
dj2uWqvf,flashscore,D2,2526,2026-05-09,nurnberg,schalke,3.0,3.0,2.0,2.0,5.0,5.0
IqFDHpP0,flashscore,D2,2526,2026-05-09,bochum,hannover,1.0,0.0,3.0,4.0,4.0,4.0
QLjrj5VP,flashscore,D2,2526,2026-05-09,braunschweig,sg dynamo dresden,3.0,1.0,2.0,8.0,5.0,9.0
pWG5J6fl,flashscore,D2,2526,2026-05-09,holstein kiel,magdeburg,4.0,3.0,6.0,3.0,10.0,6.0
4IfWN9Ha,flashscore,E0,2526,2026-05-09,manchester city,brentford,6.0,0.0,4.0,2.0,10.0,2.0
YLpmOIBr,flashscore,E0,2526,2026-05-09,brighton,wolves,3.0,0.0,4.0,1.0,7.0,1.0
2iZkrv3E,flashscore,E0,2526,2026-05-09,fulham,bournemouth,4.0,2.0,7.0,0.0,11.0,2.0
dY8uKRGO,flashscore,E0,2526,2026-05-09,sunderland,manchester utd,4.0,4.0,2.0,3.0,6.0,7.0
8j1NPVnm,flashscore,E0,2526,2026-05-09,liverpool,chelsea,1.0,1.0,4.0,1.0,5.0,2.0
06SB4db6,flashscore,E1,2526,2026-05-09,middlesbrough,southampton,9.0,0.0,2.0,1.0,11.0,1.0
vs8dmPk5,flashscore,I1,2526,2026-05-09,lecce,juventus,0.0,5.0,1.0,2.0,1.0,7.0
IRJmkoLh,flashscore,I1,2526,2026-05-09,lazio,inter,0.0,1.0,5.0,0.0,5.0,1.0
YJwXlH9C,flashscore,I1,2526,2026-05-09,cagliari,udinese,3.0,1.0,5.0,3.0,8.0,4.0
U3k5P0s4,flashscore,RO1,2526,2026-05-09,u. cluj,fc rapid bucuresti,5.0,2.0,2.0,7.0,7.0,9.0
QsBlQZXb,flashscore,RO1,2526,2026-05-09,otelul,farul constanta,1.0,1.0,2.0,5.0,3.0,6.0
OWcsTApI,flashscore,RS1,2526,2026-05-09,partizan,ofk beograd mozzart bet,6.0,0.0,3.0,1.0,9.0,1.0
zThJYEGt,flashscore,RS1,2526,2026-05-09,crvena zvezda,novi pazar,2.0,1.0,1.0,2.0,3.0,3.0
rgdRWhog,flashscore,RS1,2526,2026-05-09,zeleznicar pancevo,radnik,4.0,0.0,2.0,0.0,6.0,0.0
vyuEhb5S,flashscore,SA1,2526,2026-05-09,al fayha,al qadsiah,1.0,1.0,2.0,2.0,3.0,3.0
pIeBYxEd,flashscore,SA1,2526,2026-05-09,al najma,al hazem,1.0,3.0,0.0,4.0,1.0,7.0
bLLpmxTk,flashscore,SA1,2526,2026-05-09,al khaleej,al ettifaq,4.0,4.0,0.0,0.0,4.0,4.0
jHXmS8Xj,flashscore,SP1,2526,2026-05-09,real sociedad,betis,2.0,1.0,2.0,2.0,4.0,3.0
2gftWHYO,flashscore,SP1,2526,2026-05-09,atl. madrid,celta vigo,5.0,0.0,5.0,0.0,10.0,0.0
rBKZkCPc,flashscore,SP1,2526,2026-05-09,sevilla,espanyol,3.0,4.0,1.0,2.0,4.0,6.0
dGFFpHmI,flashscore,SP1,2526,2026-05-09,elche,alaves,3.0,3.0,4.0,0.0,7.0,3.0
rDc0ZqJj,flashscore,SP2,2526,2026-05-09,malaga,gijon,4.0,0.0,5.0,1.0,9.0,1.0
lApncmBc,flashscore,SP2,2526,2026-05-09,valladolid,zaragoza,1.0,2.0,1.0,2.0,2.0,4.0
ALKhwgKO,flashscore,SP2,2526,2026-05-09,albacete,cultural leonesa,2.0,2.0,1.0,3.0,3.0,5.0
xzJZmqYq,flashscore,SP2,2526,2026-05-09,burgos cf,almeria,4.0,0.0,6.0,4.0,10.0,4.0
pxveeRuA,flashscore,SP2,2526,2026-05-09,ceuta,castellon,2.0,3.0,4.0,3.0,6.0,6.0
ncywpwPq,flashscore,SW1,2526,2026-05-09,luzern,servette,4.0,0.0,2.0,2.0,6.0,2.0
jRk7ka1M,flashscore,SW1,2526,2026-05-09,winterthur,lausanne,2.0,5.0,4.0,2.0,6.0,7.0
pUnaiLW9,flashscore,SW1,2526,2026-05-09,zurich,grasshoppers,3.0,2.0,3.0,2.0,6.0,4.0
GWWowehe,flashscore,TR1,2526,2026-05-09,alanyaspor,kayserispor,0.0,3.0,1.0,4.0,1.0,7.0
f334QH8k,flashscore,TR1,2526,2026-05-09,basaksehir,samsunspor,1.0,1.0,1.0,4.0,2.0,5.0
AVRXVwoS,flashscore,TR1,2526,2026-05-09,besiktas,trabzonspor,2.0,1.0,4.0,2.0,6.0,3.0
86TwuHNr,flashscore,TR1,2526,2026-05-09,eyupspor,rizespor,2.0,3.0,1.0,3.0,3.0,6.0
25OPXaGF,flashscore,TR1,2526,2026-05-09,galatasaray,antalyaspor,5.0,0.0,1.0,1.0,6.0,1.0
dhgPZLo3,flashscore,TR1,2526,2026-05-09,genclerbirligi,kasimpasa,2.0,1.0,3.0,3.0,5.0,4.0
G8lanaV8,flashscore,TR1,2526,2026-05-09,goztepe,gaziantep,3.0,4.0,5.0,3.0,8.0,7.0
2T6COew2,flashscore,TR1,2526,2026-05-09,kocaelispor,karagumruk,1.0,2.0,2.0,1.0,3.0,3.0
lMn7pw0L,flashscore,TR1,2526,2026-05-09,konyaspor,fenerbahce,4.0,0.0,2.0,2.0,6.0,2.0
n5L9nnSH,flashscore,B1,2526,2026-05-10,genk,westerlo,2.0,1.0,4.0,2.0,6.0,3.0
WxFv7biB,flashscore,B1,2526,2026-05-10,royale union sg,kv mechelen,1.0,3.0,2.0,0.0,3.0,3.0
6VoFKWw1,flashscore,B1,2526,2026-05-10,antwerp,charleroi,1.0,0.0,3.0,3.0,4.0,3.0
n7pkNVb6,flashscore,B1,2526,2026-05-10,gent,anderlecht,1.0,0.0,3.0,2.0,4.0,2.0
0EoA24Yg,flashscore,D1,2526,2026-05-10,mainz,union berlin,4.0,6.0,3.0,2.0,7.0,8.0
hruhDLnC,flashscore,D1,2526,2026-05-10,fc koln,heidenheim,1.0,3.0,5.0,1.0,6.0,4.0
lAY0BaHO,flashscore,D1,2526,2026-05-10,hamburger sv,freiburg,0.0,2.0,2.0,2.0,2.0,4.0
4hN0wSoK,flashscore,D2,2526,2026-05-10,dusseldorf,elversberg,1.0,1.0,1.0,4.0,2.0,5.0
x0AmUN86,flashscore,D2,2526,2026-05-10,hertha berlin,greuther furth,2.0,3.0,0.0,15.0,2.0,18.0
AD8eS1wJ,flashscore,D2,2526,2026-05-10,preussen munster,darmstadt,3.0,2.0,2.0,5.0,5.0,7.0
pY8bVGof,flashscore,DK1,2526,2026-05-10,brondby,aarhus,0.0,1.0,5.0,3.0,5.0,4.0
00FTA4M0,flashscore,DK1,2526,2026-05-10,silkeborg,fc copenhagen,0.0,3.0,2.0,2.0,2.0,5.0
IaM5TfG6,flashscore,DK1,2526,2026-05-10,nordsjaelland,midtjylland,5.0,0.0,4.0,3.0,9.0,3.0
dQTnGabt,flashscore,DK1,2526,2026-05-10,vejle,fredericia,0.0,5.0,2.0,2.0,2.0,7.0
8Cxbx9Wh,flashscore,E0,2526,2026-05-10,west ham,arsenal,1.0,2.0,3.0,1.0,4.0,3.0
UmvdMdte,flashscore,E0,2526,2026-05-10,burnley,aston villa,1.0,6.0,1.0,2.0,2.0,8.0
Med3KzB7,flashscore,E0,2526,2026-05-10,crystal palace,everton,3.0,6.0,2.0,4.0,5.0,10.0
xWhvMmnC,flashscore,E0,2526,2026-05-10,nottingham,newcastle,2.0,1.0,0.0,0.0,2.0,1.0
WpCuOrLr,flashscore,F1,2526,2026-05-10,angers,strasbourg,0.0,1.0,0.0,1.0,0.0,2.0
OvkE7Nz2,flashscore,F1,2526,2026-05-10,auxerre,nice,6.0,1.0,4.0,0.0,10.0,1.0
Qq7RGRDF,flashscore,F1,2526,2026-05-10,le havre,marseille,1.0,0.0,2.0,0.0,3.0,0.0
nDz9T4cL,flashscore,F1,2526,2026-05-10,metz,lorient,5.0,0.0,2.0,4.0,7.0,4.0
I1AmMMke,flashscore,F1,2526,2026-05-10,monaco,lille,4.0,1.0,1.0,1.0,5.0,2.0
4UIIImq3,flashscore,F1,2526,2026-05-10,psg,brest,8.0,2.0,5.0,0.0,13.0,2.0
vmX0VQS8,flashscore,F1,2526,2026-05-10,rennes,paris fc,7.0,1.0,1.0,1.0,8.0,2.0
Y9AZE5rS,flashscore,F1,2526,2026-05-10,toulouse,lyon,2.0,3.0,5.0,5.0,7.0,8.0
n7B4o3KH,flashscore,I1,2526,2026-05-10,ac milan,atalanta,0.0,1.0,2.0,1.0,2.0,2.0
rTgM3pzn,flashscore,I1,2526,2026-05-10,parma,as roma,1.0,0.0,2.0,6.0,3.0,6.0
6XyumevP,flashscore,I1,2526,2026-05-10,cremonese,pisa,5.0,0.0,2.0,1.0,7.0,1.0
A1Gui7jt,flashscore,I1,2526,2026-05-10,fiorentina,genoa,2.0,2.0,2.0,1.0,4.0,3.0
nLjw02ZA,flashscore,I1,2526,2026-05-10,verona,como,4.0,3.0,3.0,4.0,7.0,7.0
tnYgV8s0,flashscore,N1,2526,2026-05-10,ajax,utrecht,3.0,3.0,1.0,4.0,4.0,7.0
YLUoXUCm,flashscore,N1,2526,2026-05-10,excelsior,fc volendam,5.0,0.0,0.0,0.0,5.0,0.0
Sr8KG9S6,flashscore,N1,2526,2026-05-10,feyenoord,az alkmaar,6.0,0.0,1.0,3.0,7.0,3.0
b3G3KiTs,flashscore,N1,2526,2026-05-10,g.a. eagles,psv,2.0,2.0,6.0,2.0,8.0,4.0
EylFxikQ,flashscore,N1,2526,2026-05-10,groningen,nijmegen,2.0,1.0,3.0,5.0,5.0,6.0
KI4CIVcf,flashscore,N1,2526,2026-05-10,sittard,zwolle,4.0,3.0,2.0,2.0,6.0,5.0
2R5g2ADD,flashscore,N1,2526,2026-05-10,telstar,heracles,2.0,3.0,4.0,4.0,6.0,7.0
Ms1TEmcJ,flashscore,N1,2526,2026-05-10,twente,sparta rotterdam,6.0,1.0,3.0,1.0,9.0,2.0
jc5w1Kl5,flashscore,P1,2526,2026-05-10,alverca,estoril,1.0,3.0,3.0,1.0,4.0,4.0
n58M42kt,flashscore,P1,2526,2026-05-10,afs,fc porto,3.0,5.0,0.0,2.0,3.0,7.0
z1hDNvCG,flashscore,RO1,2526,2026-05-10,dinamo bucuresti,fc arges,3.0,1.0,2.0,1.0,5.0,2.0
hUCtSe3n,flashscore,RO1,2526,2026-05-10,fc botosani,petrolul,3.0,2.0,3.0,2.0,6.0,4.0
fyUpNczI,flashscore,RS1,2526,2026-05-10,imt novi beograd,radnicki 1923,3.0,2.0,5.0,1.0,8.0,3.0
x8R1uujn,flashscore,RS1,2526,2026-05-10,radnicki nis,mladost,2.0,0.0,6.0,1.0,8.0,1.0
ALP9wJKb,flashscore,RS1,2526,2026-05-10,sp. subotica,napredak,0.0,3.0,3.0,0.0,3.0,3.0
21XhLy5U,flashscore,RS1,2526,2026-05-10,tsc,javor,1.0,3.0,3.0,0.0,4.0,3.0
lAlwgSG8,flashscore,SA1,2526,2026-05-10,al ittihad,damac,3.0,0.0,6.0,1.0,9.0,1.0
6oPhoGc2,flashscore,SA1,2526,2026-05-10,al riyadh,al fateh,5.0,1.0,0.0,1.0,5.0,2.0
tKPjjLJt,flashscore,SP1,2526,2026-05-10,barcelona,real madrid,1.0,4.0,3.0,4.0,4.0,8.0
vwErljfA,flashscore,SP1,2526,2026-05-10,oviedo,getafe,1.0,6.0,0.0,3.0,1.0,9.0
UudYXw4C,flashscore,SP1,2526,2026-05-10,ath bilbao,valencia,5.0,4.0,8.0,1.0,13.0,5.0
AaH7nwJ5,flashscore,SP1,2526,2026-05-10,mallorca,villarreal,1.0,2.0,4.0,2.0,5.0,4.0
KWmBezzg,flashscore,SP2,2526,2026-05-10,cordoba,granada cf,2.0,0.0,1.0,2.0,3.0,2.0
Ikx3g5AM,flashscore,SP2,2526,2026-05-10,mirandes,eibar,4.0,0.0,2.0,4.0,6.0,4.0
OOpSihZH,flashscore,SP2,2526,2026-05-10,leganes,racing santander,1.0,2.0,4.0,1.0,5.0,3.0
fsWLALcm,flashscore,SP2,2526,2026-05-10,andorra,las palmas,1.0,3.0,2.0,1.0,3.0,4.0
QNETmR8K,flashscore,SW1,2526,2026-05-10,sion,thun,4.0,2.0,5.0,1.0,9.0,3.0
d65ar5Ws,flashscore,SW1,2526,2026-05-10,young boys,basel,3.0,3.0,2.0,3.0,5.0,6.0
YTRsQNGD,flashscore,SW1,2526,2026-05-10,lugano,st. gallen,2.0,3.0,0.0,3.0,2.0,6.0
6cIy9riD,flashscore,DK1,2526,2026-05-11,randers fc,odense,3.0,2.0,5.0,1.0,8.0,3.0
nclkvV1t,flashscore,E0,2526,2026-05-11,tottenham,leeds,6.0,1.0,10.0,1.0,16.0,2.0
W89yLHrm,flashscore,E1,2526,2026-05-11,millwall,hull,5.0,4.0,1.0,4.0,6.0,8.0
SGJCqskU,flashscore,I1,2526,2026-05-11,napoli,bologna,5.0,1.0,3.0,0.0,8.0,1.0
SKPXPD5K,flashscore,N1,2526,2026-05-11,nac breda,heerenveen,3.0,1.0,4.0,2.0,7.0,3.0
KnEeHuZo,flashscore,P1,2526,2026-05-11,benfica,braga,3.0,1.0,5.0,1.0,8.0,2.0
fVBU2tKh,flashscore,P1,2526,2026-05-11,estrela,famalicao,1.0,3.0,2.0,7.0,3.0,10.0
676hNSk1,flashscore,P1,2526,2026-05-11,gil vicente,arouca,2.0,1.0,4.0,1.0,6.0,2.0
OA3oabJH,flashscore,P1,2526,2026-05-11,rio ave,sporting cp,4.0,3.0,1.0,3.0,5.0,6.0
UNYocxlU,flashscore,P1,2526,2026-05-11,santa clara,nacional,1.0,2.0,3.0,4.0,4.0,6.0
C490L6KD,flashscore,P1,2526,2026-05-11,tondela,moreirense,0.0,4.0,1.0,4.0,1.0,8.0
AuDqPlLl,flashscore,P1,2526,2026-05-11,vitoria guimaraes,casa pia,2.0,3.0,4.0,1.0,6.0,4.0
fuUO9EmI,flashscore,RO1,2526,2026-05-11,fcsb,unirea slobozia,5.0,0.0,4.0,1.0,9.0,1.0
MRVGBzJ5,flashscore,RO1,2526,2026-05-11,metaloglobus bucharest,fc hermannstadt,4.0,1.0,3.0,2.0,7.0,3.0
COmcdt63,flashscore,SA1,2526,2026-05-11,al taawon,al ahli sc,3.0,0.0,4.0,1.0,7.0,1.0
KAQ9zK0s,flashscore,SA1,2526,2026-05-11,neom sc,al shabab,2.0,1.0,0.0,5.0,2.0,6.0
WpWknUOM,flashscore,SP1,2526,2026-05-11,rayo vallecano,girona,5.0,2.0,4.0,3.0,9.0,5.0
GbsKgE45,flashscore,SP2,2526,2026-05-11,huesca,real sociedad b,8.0,5.0,1.0,2.0,9.0,7.0
vHREgtct,flashscore,TR2,2526,2026-05-11,bodrumspor,corum,2.0,0.0,1.0,5.0,3.0,5.0
8WVJ2zTI,flashscore,E1,2526,2026-05-12,southampton,middlesbrough,2.0,2.0,6.0,2.0,11.0,5.0
Kni5RCfK,flashscore,F1,2526,2026-05-12,red star,rodez,0.0,1.0,2.0,2.0,2.0,3.0
2PRtHyNN,flashscore,I2,2526,2026-05-12,catanzaro,avellino,1.0,2.0,5.0,3.0,6.0,5.0
b9SBBFpo,flashscore,I2,2526,2026-05-12,modena,juve stabia,2.0,1.0,0.0,3.0,2.0,4.0
6Nt6fKzG,flashscore,SA1,2526,2026-05-12,al nassr,al hilal,3.0,1.0,2.0,2.0,5.0,3.0
O272zaqp,flashscore,SA1,2526,2026-05-12,al kholood,al okhdood,4.0,3.0,0.0,2.0,4.0,5.0
QXY2yYR1,flashscore,SP1,2526,2026-05-12,osasuna,atl. madrid,4.0,2.0,4.0,2.0,8.0,4.0
OrBUvnHd,flashscore,SP1,2526,2026-05-12,betis,elche,1.0,0.0,7.0,1.0,8.0,1.0
tKuFnbz3,flashscore,SP1,2526,2026-05-12,celta vigo,levante,1.0,0.0,3.0,4.0,4.0,4.0
fsVv4bGF,flashscore,SW1,2526,2026-05-12,grasshoppers,winterthur,5.0,4.0,5.0,2.0,10.0,6.0
fNvorHgd,flashscore,SW1,2526,2026-05-12,luzern,zurich,4.0,2.0,6.0,3.0,10.0,5.0
MTWW5Ko3,flashscore,SW1,2526,2026-05-12,servette,lausanne,4.0,0.0,5.0,2.0,9.0,2.0
xfi4Ju8N,flashscore,E0,2526,2026-05-13,manchester city,crystal palace,6.0,2.0,3.0,2.0,9.0,4.0
vXzxUeVr,flashscore,F1,2526,2026-05-13,lens,psg,3.0,1.0,3.0,2.0,6.0,3.0
ba03FdGk,flashscore,F1,2526,2026-05-13,brest,strasbourg,5.0,1.0,0.0,3.0,5.0,4.0
GI7Mt8np,flashscore,SP1,2526,2026-05-13,alaves,barcelona,5.0,2.0,1.0,2.0,6.0,4.0
EXwNpx5F,flashscore,SP1,2526,2026-05-13,getafe,mallorca,2.0,3.0,1.0,0.0,3.0,3.0
4Ipfwfck,flashscore,SP1,2526,2026-05-13,espanyol,ath bilbao,6.0,6.0,2.0,3.0,8.0,9.0
nwKccFlL,flashscore,SP1,2526,2026-05-13,villarreal,sevilla,2.0,2.0,4.0,2.0,6.0,4.0
2gr0oyFa,flashscore,SA1,2526,2026-05-14,al ettifaq,al ittihad,2.0,1.0,3.0,0.0,5.0,1.0
fTvhmcpm,flashscore,SA1,2526,2026-05-14,al qadsiah,al hazem,2.0,3.0,4.0,1.0,6.0,4.0
bLy9qFqC,flashscore,SA1,2526,2026-05-14,al fateh,al najma,3.0,1.0,2.0,4.0,5.0,5.0
r95TigCr,flashscore,SP1,2526,2026-05-14,real madrid,oviedo,2.0,3.0,2.0,2.0,4.0,5.0
YZgOrGZR,flashscore,SP1,2526,2026-05-14,girona,real sociedad,2.0,2.0,4.0,1.0,6.0,3.0
hvRlayK8,flashscore,SP1,2526,2026-05-14,valencia,rayo vallecano,2.0,1.0,3.0,0.0,5.0,1.0
4W87tq1f,flashscore,SW1,2526,2026-05-14,basel,st. gallen,4.0,3.0,6.0,5.0,10.0,8.0
xp7FvNV6,flashscore,SW1,2526,2026-05-14,sion,lugano,2.0,2.0,2.0,2.0,4.0,4.0
O05Nx10J,flashscore,SW1,2526,2026-05-14,thun,young boys,2.0,0.0,1.0,2.0,3.0,2.0
EekNIA8D,flashscore,B1,2526,2026-05-15,leuven,antwerp,1.0,6.0,0.0,5.0,1.0,11.0
AyZEYQVH,flashscore,E0,2526,2026-05-15,aston villa,liverpool,1.0,3.0,3.0,6.0,4.0,9.0
lUe93UEb,flashscore,F1,2526,2026-05-15,st etienne,rodez,1.0,2.0,7.0,1.0,8.0,3.0
QFKcZIxh,flashscore,I2,2526,2026-05-15,bari,sudtirol,1.0,0.0,3.0,1.0,4.0,1.0
63Zxv0dc,flashscore,RO1,2526,2026-05-15,fc arges,fc rapid bucuresti,1.0,5.0,3.0,2.0,4.0,7.0
ljIQWy06,flashscore,SA1,2526,2026-05-15,al taawon,al riyadh,4.0,0.0,2.0,1.0,6.0,1.0
WYZGsgEO,flashscore,SA1,2526,2026-05-15,damac,al fayha,2.0,2.0,5.0,4.0,7.0,6.0
EVAp6rfS,flashscore,SP2,2526,2026-05-15,cordoba,albacete,6.0,0.0,6.0,7.0,12.0,7.0
U3CHb0n2,flashscore,SP2,2526,2026-05-15,castellon,cadiz cf,4.0,0.0,2.0,1.0,6.0,1.0
vB1kcGqR,flashscore,TR1,2526,2026-05-15,rizespor,besiktas,3.0,2.0,5.0,1.0,8.0,3.0
nsVMiKRh,flashscore,TR2,2526,2026-05-15,corum,bodrumspor,4.0,2.0,9.0,1.0,14.0,3.0
tjc4S5Jl,flashscore,B1,2526,2026-05-16,st. truiden,gent,1.0,3.0,2.0,0.0,3.0,3.0
fVOHpQdU,flashscore,B1,2526,2026-05-16,st. liege,genk,2.0,1.0,3.0,3.0,5.0,4.0
Gb8Z7gfe,flashscore,B1,2526,2026-05-16,charleroi,westerlo,3.0,3.0,5.0,2.0,8.0,5.0
0l2JTtXh,flashscore,D1,2526,2026-05-16,bayer leverkusen,hamburger sv,3.0,2.0,5.0,1.0,8.0,3.0
vZDAV22t,flashscore,D1,2526,2026-05-16,bayern munich,fc koln,2.0,2.0,3.0,3.0,5.0,5.0
nJu0tKGb,flashscore,D1,2526,2026-05-16,b. monchengladbach,hoffenheim,2.0,3.0,0.0,6.0,2.0,9.0
rXgzQbWH,flashscore,D1,2526,2026-05-16,eintracht frankfurt,stuttgart,4.0,5.0,2.0,1.0,6.0,6.0
GphrOx1U,flashscore,D1,2526,2026-05-16,freiburg,rb leipzig,0.0,0.0,1.0,2.0,1.0,2.0
AakkKTad,flashscore,D1,2526,2026-05-16,heidenheim,mainz,2.0,2.0,4.0,1.0,6.0,3.0
EXetMkVq,flashscore,D1,2526,2026-05-16,st. pauli,wolfsburg,4.0,4.0,4.0,5.0,8.0,9.0
8YT8vboB,flashscore,D1,2526,2026-05-16,union berlin,augsburg,1.0,2.0,3.0,7.0,4.0,9.0
fBNhrtnn,flashscore,D1,2526,2026-05-16,werder bremen,dortmund,1.0,4.0,3.0,1.0,4.0,5.0
h2I1nWv0,flashscore,I2,2526,2026-05-16,juve stabia,monza,1.0,3.0,0.0,0.0,1.0,3.0
f5SwUIIi,flashscore,P1,2526,2026-05-16,estoril,benfica,0.0,6.0,2.0,3.0,2.0,9.0
lS5CDcYA,flashscore,P1,2526,2026-05-16,famalicao,alverca,4.0,4.0,2.0,1.0,6.0,5.0
rRbLBy3N,flashscore,P1,2526,2026-05-16,sporting cp,gil vicente,4.0,1.0,2.0,0.0,6.0,1.0
A1I2OEnT,flashscore,P1,2526,2026-05-16,arouca,tondela,2.0,3.0,3.0,3.0,5.0,6.0
UoaZIhAj,flashscore,P1,2526,2026-05-16,braga,estrela,1.0,0.0,6.0,1.0,7.0,1.0
OpKfQzIG,flashscore,P1,2526,2026-05-16,casa pia,rio ave,2.0,0.0,7.0,0.0,9.0,0.0
2VVoSdm4,flashscore,P1,2526,2026-05-16,nacional,vitoria guimaraes,1.0,4.0,1.0,2.0,2.0,6.0
vcpi6FQp,flashscore,P1,2526,2026-05-16,fc porto,santa clara,4.0,2.0,4.0,3.0,8.0,5.0
t224FJ3b,flashscore,P1,2526,2026-05-16,moreirense,afs,3.0,2.0,2.0,1.0,5.0,3.0
vcsiGd4j,flashscore,RO1,2526,2026-05-16,dinamo bucuresti,cfr cluj,4.0,2.0,1.0,3.0,5.0,5.0
25DZGVfo,flashscore,RO1,2526,2026-05-16,csikszereda m. ciuc,fc botosani,2.0,4.0,0.0,3.0,2.0,7.0
2etquWe3,flashscore,RS1,2526,2026-05-16,javor,mladost,2.0,2.0,5.0,2.0,7.0,4.0
dbgcHS3d,flashscore,RS1,2526,2026-05-16,napredak,radnicki 1923,1.0,4.0,2.0,4.0,3.0,8.0
IoTHyckB,flashscore,RS1,2526,2026-05-16,sp. subotica,imt novi beograd,2.0,1.0,2.0,1.0,4.0,2.0
OpekJlZq,flashscore,RS1,2526,2026-05-16,tsc,radnicki nis,6.0,2.0,2.0,1.0,8.0,3.0
pIBZUFUI,flashscore,SA1,2526,2026-05-16,al ahli sc,al kholood,1.0,1.0,3.0,1.0,4.0,2.0
Ae3LhJMP,flashscore,SA1,2526,2026-05-16,al hilal,neom sc,3.0,2.0,3.0,0.0,6.0,2.0
GxKIYcVg,flashscore,SA1,2526,2026-05-16,al okhdood,al khaleej,1.0,2.0,2.0,4.0,3.0,6.0
I3Hy84PF,flashscore,SP2,2526,2026-05-16,almeria,las palmas,3.0,2.0,2.0,3.0,5.0,5.0
A1dG0MHk,flashscore,SP2,2526,2026-05-16,granada cf,burgos cf,1.0,1.0,2.0,4.0,3.0,5.0
AwET9Qf3,flashscore,SP2,2526,2026-05-16,racing santander,valladolid,5.0,2.0,1.0,0.0,6.0,2.0
UsysnN2d,flashscore,SP2,2526,2026-05-16,ceuta,malaga,1.0,1.0,4.0,0.0,5.0,1.0
dA43M3v9,flashscore,SP2,2526,2026-05-16,cultural leonesa,eibar,2.0,2.0,2.0,2.0,4.0,4.0
r7xiDa1e,flashscore,SP2,2526,2026-05-16,real sociedad b,mirandes,4.0,2.0,1.0,0.0,5.0,2.0
S8rn2xoS,flashscore,SW1,2526,2026-05-16,lausanne,grasshoppers,6.0,0.0,1.0,2.0,7.0,2.0
biZHdG8k,flashscore,SW1,2526,2026-05-16,winterthur,luzern,1.0,2.0,0.0,4.0,1.0,6.0
W4XPffw2,flashscore,SW1,2526,2026-05-16,zurich,servette,4.0,6.0,2.0,2.0,6.0,8.0
W8tUkYy1,flashscore,TR1,2526,2026-05-16,gaziantep,basaksehir,4.0,2.0,2.0,1.0,6.0,3.0
OGbylC6D,flashscore,TR1,2526,2026-05-16,samsunspor,goztepe,0.0,1.0,0.0,3.0,0.0,4.0
zsmLif7l,flashscore,TR1,2526,2026-05-16,karagumruk,alanyaspor,0.0,3.0,0.0,1.0,0.0,4.0
v3In5xMN,flashscore,B1,2526,2026-05-17,club brugge kv,royale union sg,3.0,1.0,3.0,9.0,6.0,10.0
QPovkox0,flashscore,B1,2526,2026-05-17,lommel sk,dender,5.0,1.0,1.0,6.0,6.0,7.0
0UzqqDLP,flashscore,B1,2526,2026-05-17,anderlecht,kv mechelen,1.0,2.0,1.0,0.0,2.0,2.0
E9JEthbT,flashscore,D2,2526,2026-05-17,arminia bielefeld,hertha berlin,3.0,1.0,6.0,1.0,9.0,2.0
jVYlndUi,flashscore,D2,2526,2026-05-17,darmstadt,paderborn,2.0,2.0,3.0,0.0,5.0,2.0
d4sEpqgm,flashscore,D2,2526,2026-05-17,elversberg,preussen munster,5.0,1.0,1.0,1.0,6.0,2.0
ncScpza4,flashscore,D2,2526,2026-05-17,greuther furth,dusseldorf,0.0,0.0,2.0,3.0,2.0,3.0
byn3Ohxo,flashscore,D2,2526,2026-05-17,hannover,nurnberg,3.0,1.0,5.0,6.0,8.0,7.0
4zUUt1hC,flashscore,D2,2526,2026-05-17,karlsruher sc,bochum,4.0,0.0,7.0,2.0,11.0,2.0
IJVMrNNa,flashscore,D2,2526,2026-05-17,magdeburg,kaiserslautern,1.0,0.0,2.0,0.0,3.0,0.0
hfV5rETG,flashscore,D2,2526,2026-05-17,schalke,braunschweig,0.0,3.0,3.0,1.0,3.0,4.0
phApyWLj,flashscore,D2,2526,2026-05-17,sg dynamo dresden,holstein kiel,1.0,5.0,2.0,4.0,3.0,9.0
fa6wrfVa,flashscore,DK1,2526,2026-05-17,aarhus,viborg,1.0,0.0,1.0,2.0,2.0,2.0
IJCakxwQ,flashscore,DK1,2526,2026-05-17,midtjylland,brondby,5.0,0.0,0.0,1.0,5.0,1.0
l23VqG0m,flashscore,DK1,2526,2026-05-17,sonderjyske,nordsjaelland,3.0,2.0,0.0,2.0,3.0,4.0
4jXfEwTh,flashscore,DK1,2526,2026-05-17,fc copenhagen,randers fc,4.0,3.0,2.0,2.0,6.0,5.0
CGz3CHc5,flashscore,DK1,2526,2026-05-17,fredericia,silkeborg,0.0,4.0,4.0,2.0,4.0,6.0
pUYAAeSH,flashscore,DK1,2526,2026-05-17,odense,vejle,3.0,2.0,5.0,2.0,8.0,4.0
z1yE3oVi,flashscore,E0,2526,2026-05-17,newcastle,west ham,6.0,1.0,3.0,0.0,9.0,1.0
MF2Xj8on,flashscore,E0,2526,2026-05-17,brentford,crystal palace,5.0,4.0,4.0,0.0,9.0,4.0
jeflmQpB,flashscore,E0,2526,2026-05-17,everton,sunderland,2.0,0.0,1.0,2.0,3.0,2.0
OM7eo4FN,flashscore,E0,2526,2026-05-17,leeds,brighton,5.0,3.0,2.0,5.0,7.0,8.0
WSUM1Pa4,flashscore,E0,2526,2026-05-17,wolves,fulham,1.0,4.0,2.0,2.0,3.0,6.0
r7lSurwo,flashscore,E0,2526,2026-05-17,manchester utd,nottingham,2.0,4.0,5.0,2.0,7.0,6.0
prPnPy9r,flashscore,F1,2526,2026-05-17,brest,angers,3.0,1.0,3.0,2.0,6.0,3.0
IXv8WJG8,flashscore,F1,2526,2026-05-17,lille,auxerre,2.0,2.0,2.0,0.0,4.0,2.0
r1cGQTSk,flashscore,F1,2526,2026-05-17,lorient,le havre,2.0,1.0,3.0,0.0,5.0,1.0
OhrGQlpm,flashscore,F1,2526,2026-05-17,lyon,lens,8.0,5.0,12.0,3.0,20.0,8.0
xbwdLg87,flashscore,F1,2526,2026-05-17,marseille,rennes,2.0,3.0,2.0,8.0,4.0,11.0
z9FNO7c2,flashscore,F1,2526,2026-05-17,nantes,toulouse,2.0,2.0,,,2.0,2.0
QcrGUcoL,flashscore,F1,2526,2026-05-17,nice,metz,5.0,3.0,5.0,1.0,10.0,4.0
IeNfNFwe,flashscore,F1,2526,2026-05-17,paris fc,psg,2.0,0.0,1.0,3.0,3.0,3.0
44Vsqc0E,flashscore,F1,2526,2026-05-17,strasbourg,monaco,0.0,3.0,4.0,3.0,4.0,6.0
YH84GNJi,flashscore,I1,2526,2026-05-17,cagliari,torino,3.0,1.0,2.0,0.0,5.0,1.0
nmmS8WHr,flashscore,I1,2526,2026-05-17,sassuolo,lecce,2.0,5.0,0.0,3.0,2.0,8.0
h0IS6Ane,flashscore,I1,2526,2026-05-17,udinese,cremonese,1.0,5.0,4.0,0.0,5.0,5.0
I9QHhKRp,flashscore,I1,2526,2026-05-17,atalanta,bologna,1.0,5.0,1.0,0.0,2.0,5.0
6TRhfX2k,flashscore,I1,2526,2026-05-17,inter,verona,5.0,2.0,5.0,0.0,10.0,2.0
jH1dEhfL,flashscore,I1,2526,2026-05-17,as roma,lazio,5.0,1.0,3.0,2.0,8.0,3.0
6V6CE1l4,flashscore,I1,2526,2026-05-17,como,parma,11.0,1.0,4.0,1.0,15.0,2.0
2c0LCuJG,flashscore,I1,2526,2026-05-17,genoa,ac milan,0.0,1.0,4.0,3.0,4.0,4.0
SrG1hBX1,flashscore,I1,2526,2026-05-17,juventus,fiorentina,2.0,1.0,4.0,1.0,6.0,2.0
fk8mGEP8,flashscore,I1,2526,2026-05-17,pisa,napoli,0.0,5.0,1.0,1.0,1.0,6.0
l6TNgEnQ,flashscore,I2,2526,2026-05-17,catanzaro,palermo,3.0,1.0,3.0,1.0,6.0,2.0
h8KKYP3b,flashscore,N1,2526,2026-05-17,az alkmaar,nac breda,3.0,4.0,4.0,2.0,7.0,6.0
6Ho2GrlU,flashscore,N1,2526,2026-05-17,fc volendam,telstar,2.0,0.0,5.0,0.0,7.0,0.0
lIKARQtP,flashscore,N1,2526,2026-05-17,heerenveen,ajax,5.0,2.0,5.0,4.0,10.0,6.0
p2cgI4JH,flashscore,N1,2526,2026-05-17,heracles,groningen,4.0,3.0,5.0,2.0,9.0,5.0
hfunKQl5,flashscore,N1,2526,2026-05-17,nijmegen,g.a. eagles,10.0,3.0,3.0,1.0,13.0,4.0
OEmVN8kt,flashscore,N1,2526,2026-05-17,psv,twente,1.0,6.0,10.0,3.0,11.0,9.0
21M2TnCC,flashscore,N1,2526,2026-05-17,sparta rotterdam,excelsior,1.0,1.0,4.0,1.0,5.0,2.0
dtRBznZo,flashscore,N1,2526,2026-05-17,utrecht,sittard,2.0,1.0,0.0,4.0,2.0,5.0
dSowMnKh,flashscore,N1,2526,2026-05-17,zwolle,feyenoord,0.0,7.0,2.0,5.0,2.0,12.0
8EjLLItT,flashscore,RO1,2526,2026-05-17,univ. craiova,u. cluj,2.0,0.0,3.0,1.0,5.0,1.0
h6v7qWUb,flashscore,RS1,2526,2026-05-17,ofk beograd mozzart bet,vojvodina,4.0,2.0,4.0,1.0,8.0,3.0
UT0kRlFU,flashscore,RS1,2526,2026-05-17,radnik,crvena zvezda,0.0,1.0,1.0,3.0,1.0,4.0
ptyaoh0n,flashscore,RS1,2526,2026-05-17,novi pazar,zeleznicar pancevo,2.0,0.0,2.0,1.0,4.0,1.0
0WsFsAaB,flashscore,RS1,2526,2026-05-17,cukaricki,partizan,0.0,0.0,3.0,2.0,3.0,2.0
jaQmyxZ1,flashscore,SA1,2526,2026-05-17,al shabab,al ittihad,4.0,4.0,0.0,7.0,4.0,11.0
SduXBE3E,flashscore,SP1,2526,2026-05-17,barcelona,betis,4.0,2.0,2.0,2.0,6.0,4.0
vyaxjXte,flashscore,SP1,2526,2026-05-17,ath bilbao,celta vigo,4.0,0.0,1.0,0.0,5.0,0.0
n12plBB7,flashscore,SP1,2526,2026-05-17,atl. madrid,girona,2.0,2.0,7.0,6.0,9.0,8.0
0OhvAhYQ,flashscore,SP1,2526,2026-05-17,elche,getafe,3.0,0.0,1.0,0.0,4.0,0.0
K8ZA4Wel,flashscore,SP1,2526,2026-05-17,levante,mallorca,3.0,4.0,1.0,2.0,4.0,6.0
YFVo6qXh,flashscore,SP1,2526,2026-05-17,osasuna,espanyol,3.0,1.0,6.0,1.0,9.0,2.0
C0sw852t,flashscore,SP1,2526,2026-05-17,oviedo,alaves,4.0,1.0,1.0,1.0,5.0,2.0
hMXI2AQ0,flashscore,SP1,2526,2026-05-17,rayo vallecano,villarreal,1.0,3.0,0.0,6.0,1.0,9.0
llRR0leD,flashscore,SP1,2526,2026-05-17,real sociedad,valencia,2.0,0.0,1.0,2.0,3.0,2.0
ttZg4N15,flashscore,SP1,2526,2026-05-17,sevilla,real madrid,2.0,3.0,2.0,1.0,4.0,4.0
l8qrFLWr,flashscore,SP2,2526,2026-05-17,zaragoza,gijon,7.0,2.0,2.0,0.0,9.0,2.0
27ZT8aSa,flashscore,SP2,2526,2026-05-17,dep. la coruna,andorra,0.0,0.0,2.0,1.0,2.0,1.0
hzp7pDJP,flashscore,SW1,2526,2026-05-17,lugano,basel,3.0,3.0,2.0,2.0,5.0,5.0
l6Vxuism,flashscore,SW1,2526,2026-05-17,st. gallen,thun,0.0,5.0,3.0,4.0,3.0,9.0
dWYpwVBa,flashscore,SW1,2526,2026-05-17,young boys,sion,3.0,5.0,2.0,0.0,5.0,5.0
WML24Xjf,flashscore,TR1,2526,2026-05-17,antalyaspor,kocaelispor,1.0,2.0,1.0,2.0,2.0,4.0
xnLfyZM7,flashscore,TR1,2526,2026-05-17,fenerbahce,eyupspor,2.0,0.0,4.0,0.0,6.0,0.0
4CyOBFbK,flashscore,TR1,2526,2026-05-17,kasimpasa,galatasaray,0.0,5.0,2.0,2.0,2.0,7.0
zeSg6gMs,flashscore,TR1,2526,2026-05-17,trabzonspor,genclerbirligi,3.0,3.0,2.0,0.0,5.0,3.0
rq8taxFE,flashscore,TR1,2526,2026-05-17,kayserispor,konyaspor,1.0,0.0,3.0,3.0,4.0,3.0
Gxt6zm15,flashscore,E0,2526,2026-05-18,arsenal,burnley,3.0,3.0,0.0,0.0,3.0,3.0
b9OeOD2B,flashscore,RO1,2526,2026-05-18,farul constanta,metaloglobus bucharest,7.0,2.0,8.0,0.0,15.0,2.0
xxeRMLr4,flashscore,RO1,2526,2026-05-18,fc hermannstadt,fcsb,4.0,2.0,0.0,2.0,4.0,4.0
6ZR3MiXN,flashscore,RO1,2526,2026-05-18,petrolul,otelul,5.0,2.0,2.0,3.0,7.0,5.0
WvhJOsEi,flashscore,RO1,2526,2026-05-18,unirea slobozia,uta arad,0.0,4.0,3.0,6.0,3.0,10.0
IPhCKs9L,flashscore,SP2,2526,2026-05-18,leganes,huesca,1.0,5.0,2.0,2.0,3.0,7.0
OdXPXLnC,flashscore,SW1,2526,2026-05-18,aarau,grasshoppers,1.0,3.0,5.0,2.0,6.0,5.0
z5SvyhOs,flashscore,B1,2526,2026-05-19,charleroi,leuven,5.0,3.0,9.0,3.0,14.0,6.0
AsaR4Tsn,flashscore,B1,2526,2026-05-19,genk,antwerp,3.0,2.0,8.0,1.0,11.0,3.0
OOBs6XO7,flashscore,B1,2526,2026-05-19,westerlo,st. liege,0.0,0.0,6.0,1.0,6.0,1.0
Uu6uknGb,flashscore,E0,2526,2026-05-19,chelsea,tottenham,2.0,2.0,1.0,2.0,3.0,4.0
rkXMW40U,flashscore,E0,2526,2026-05-19,bournemouth,manchester city,1.0,2.0,6.0,4.0,7.0,6.0
baL9pA9C,flashscore,I2,2526,2026-05-19,monza,juve stabia,1.0,0.0,5.0,2.0,6.0,2.0
pxFglhAm,flashscore,I2,2526,2026-05-20,palermo,catanzaro,1.0,0.0,4.0,1.0,5.0,1.0
ppL3zFyq,flashscore,P1,2526,2026-05-20,torreense,casa pia,1.0,3.0,4.0,0.0,5.0,3.0
AuNrdhTH,flashscore,SA1,2526,2026-05-20,al khaleej,al ahli sc,3.0,1.0,2.0,3.0,5.0,4.0
2Tb9CDDb,flashscore,SA1,2526,2026-05-20,al najma,al shabab,3.0,6.0,5.0,3.0,8.0,9.0
