event_id,league,home_team,away_team,match_date
CWuae5l9,E0,arsenal,everton,2022-05-22
QZq3fP3F,E0,brentford,leeds,2022-05-22
8bZ7gqJL,E0,brighton,west ham,2022-05-22
nkYBh3YR,E0,burnley,newcastle,2022-05-22
IXKwlNtq,E0,chelsea,watford,2022-05-22
dOJsmsdk,E0,crystal palace,manchester utd,2022-05-22
vm9nn1Be,E0,leicester,southampton,2022-05-22
hjDjoLQ1,E0,liverpool,wolves,2022-05-22
6g1Y9432,E0,manchester city,aston villa,2022-05-22
pp0x9OI8,E0,norwich,tottenham,2022-05-22
UZOxr6ME,E0,aston villa,burnley,2022-05-19
8tdRk9xq,E0,chelsea,leicester,2022-05-19
YqNGxuLF,E0,everton,crystal palace,2022-05-19
SKD2jeop,E0,southampton,liverpool,2022-05-17
IBoZ7NGH,E0,newcastle,arsenal,2022-05-16
SMhMAPWb,E0,everton,brentford,2022-05-15
lWgIB5Hh,E0,aston villa,crystal palace,2022-05-15
ddcQ9qn5,E0,leeds,brighton,2022-05-15
0YBAlZFd,E0,watford,leicester,2022-05-15
vJsicRJd,E0,west ham,manchester city,2022-05-15
I9tedoZ2,E0,wolves,norwich,2022-05-15
MsD6kF0j,E0,tottenham,burnley,2022-05-15
ltwL0Wk8,E0,tottenham,arsenal,2022-05-12
8EwivhdK,E0,wolves,manchester city,2022-05-11
OMqfxd7j,E0,leicester,norwich,2022-05-11
CzGnGQ7o,E0,watford,everton,2022-05-11
QuopLCkr,E0,leeds,chelsea,2022-05-11
fgOCwL59,E0,aston villa,liverpool,2022-05-10
h409DRnt,E0,manchester city,newcastle,2022-05-08
2a3raSXn,E0,arsenal,leeds,2022-05-08
xhQagO1O,E0,leicester,everton,2022-05-08
674DCo2n,E0,norwich,west ham,2022-05-08
GrP3hrHU,E0,liverpool,tottenham,2022-05-07
OEiic62a,E0,brighton,manchester utd,2022-05-07
tj2nbnmg,E0,brentford,southampton,2022-05-07
xIeedQH5,E0,burnley,aston villa,2022-05-07
WveaepXB,E0,chelsea,wolves,2022-05-07
AVg3f4nI,E0,crystal palace,watford,2022-05-07
SnxDqmYa,E0,manchester utd,brentford,2022-05-02
WGCC4lAP,E0,west ham,arsenal,2022-05-01
fZw5o93m,E0,everton,chelsea,2022-05-01
IyVPtoII,E0,tottenham,leicester,2022-05-01
ldw9pTIg,E0,leeds,manchester city,2022-04-30
tWZ0nkls,E0,aston villa,norwich,2022-04-30
OEVLsR2C,E0,southampton,crystal palace,2022-04-30
UBYTu5XO,E0,watford,burnley,2022-04-30
YPbv08It,E0,wolves,brighton,2022-04-30
pOWHr7m6,E0,newcastle,liverpool,2022-04-30
zmdU831B,E0,manchester utd,chelsea,2022-04-28
8xMwVmJ6,E0,crystal palace,leeds,2022-04-25
UiAnTRmJ,E0,liverpool,everton,2022-04-24
MLJRXkZm,E0,brighton,southampton,2022-04-24
0CIVW9lf,E0,burnley,wolves,2022-04-24
fZHZVT30,E0,chelsea,west ham,2022-04-24
4pPMYVJs,E0,brentford,tottenham,2022-04-23
j1BrU7YC,E0,leicester,aston villa,2022-04-23
dbbUiBQJ,E0,manchester city,watford,2022-04-23
zkcYjVuQ,E0,norwich,newcastle,2022-04-23
2ywewCBQ,E0,arsenal,manchester utd,2022-04-23
CzfH0o8b,E0,burnley,southampton,2022-04-21
0dnUcqhH,E0,manchester city,brighton,2022-04-20
bXkrVY0G,E0,chelsea,arsenal,2022-04-20
0MoAPc6m,E0,everton,leicester,2022-04-20
vmoYd37N,E0,newcastle,crystal palace,2022-04-20
6ZnQbPxB,E0,liverpool,manchester utd,2022-04-19
M7vgJjKf,E0,newcastle,leicester,2022-04-17
ATKmuYtE,E0,west ham,burnley,2022-04-17
vqklKW4l,E0,manchester utd,norwich,2022-04-16
0bwcIAZ0,E0,southampton,arsenal,2022-04-16
8Ot5Gl4D,E0,watford,brentford,2022-04-16
UXs1HUl7,E0,tottenham,brighton,2022-04-16
QLQKIJTq,E0,manchester city,liverpool,2022-04-10
GnyoPLjG,E0,brentford,west ham,2022-04-10
OCvgNaLS,E0,leicester,crystal palace,2022-04-10
MmKTGcbd,E0,norwich,burnley,2022-04-10
YNotQ1yA,E0,aston villa,tottenham,2022-04-09
MmrxRsM3,E0,arsenal,brighton,2022-04-09
zi8Busyc,E0,southampton,chelsea,2022-04-09
Es7Fv1j3,E0,watford,leeds,2022-04-09
fwzkOu6M,E0,everton,manchester utd,2022-04-09
8pGPHwqj,E0,newcastle,wolves,2022-04-08
pYadye5a,E0,burnley,everton,2022-04-06
KKL6B2MG,E0,crystal palace,arsenal,2022-04-04
CI0o4KEj,E0,tottenham,newcastle,2022-04-03
lzpUS3ii,E0,west ham,everton,2022-04-03
YR1s50ap,E0,manchester utd,leicester,2022-04-02
829eE4xb,E0,brighton,norwich,2022-04-02
ng8aDOi4,E0,burnley,manchester city,2022-04-02
tUM2Cr7A,E0,chelsea,brentford,2022-04-02
2qBBAMyN,E0,leeds,southampton,2022-04-02
SQrYRN6c,E0,wolves,aston villa,2022-04-02
GnFF9tiT,E0,liverpool,watford,2022-04-02
bXR4isVp,E0,tottenham,west ham,2022-03-20
faqMa5N4,E0,leicester,brentford,2022-03-20
YqeD1Rhh,E0,aston villa,arsenal,2022-03-19
QwKjFpNi,E0,wolves,leeds,2022-03-18
foImVv0N,E0,everton,newcastle,2022-03-17
b76idBaF,E0,arsenal,liverpool,2022-03-16
Ua8TGTNF,E0,brighton,tottenham,2022-03-16
EuOno68B,E0,crystal palace,manchester city,2022-03-14
nD4wkl9n,E0,arsenal,leicester,2022-03-13
YT6knng5,E0,chelsea,newcastle,2022-03-13
hWMjpQNH,E0,everton,wolves,2022-03-13
ngMfqpwO,E0,leeds,norwich,2022-03-13
QJi53mOu,E0,southampton,watford,2022-03-13
4Aj927wn,E0,west ham,aston villa,2022-03-13
0dQbr4hU,E0,manchester utd,tottenham,2022-03-12
0G8sl8Oh,E0,brentford,burnley,2022-03-12
fw8omSwa,E0,brighton,liverpool,2022-03-12
M1w8YmqE,E0,arsenal,wolves,2023-05-28
KndBX7bK,E0,aston villa,brighton,2023-05-28
E9eFWRDQ,E0,brentford,manchester city,2023-05-28
GIssSoMs,E0,chelsea,newcastle,2023-05-28
YgxnR5yl,E0,crystal palace,nottingham,2023-05-28
CpyjQPjf,E0,everton,bournemouth,2023-05-28
67zfPq60,E0,leeds,tottenham,2023-05-28
KAvbO3L6,E0,leicester,west ham,2023-05-28
2ZT2NNzD,E0,manchester utd,fulham,2023-05-28
tQS6MsjJ,E0,southampton,liverpool,2023-05-28
n7guQMeI,E0,manchester utd,chelsea,2023-05-25
G8hKUpsm,E0,brighton,manchester city,2023-05-24
jH78Dn7l,E0,newcastle,leicester,2023-05-22
xE34ESir,E0,manchester city,chelsea,2023-05-21
0W0yLUEE,E0,brighton,southampton,2023-05-21
t60LApi7,E0,west ham,leeds,2023-05-21
YucDC6Mf,E0,nottingham,arsenal,2023-05-20
Mu2XLAa8,E0,bournemouth,manchester utd,2023-05-20
trIYJlUK,E0,fulham,crystal palace,2023-05-20
KYGxJ8qR,E0,liverpool,aston villa,2023-05-20
KdaP946D,E0,wolves,everton,2023-05-20
CWeHBQy1,E0,tottenham,brentford,2023-05-20
Q1SWq2U0,E0,newcastle,brighton,2023-05-18
CAKtamhe,E0,leicester,liverpool,2023-05-15
zPwj9XF2,E0,arsenal,brighton,2023-05-14
8xxb7BpF,E0,brentford,west ham,2023-05-14
4pHY09Nr,E0,everton,manchester city,2023-05-14
EFxf8iV8,E0,aston villa,tottenham,2023-05-13
KCu26VaL,E0,chelsea,nottingham,2023-05-13
2yV65kFR,E0,crystal palace,bournemouth,2023-05-13
fZ9ob771,E0,manchester utd,wolves,2023-05-13
8xEkcRM7,E0,southampton,fulham,2023-05-13
YJLx0Txk,E0,leeds,newcastle,2023-05-13
Cjhemjgq,E0,nottingham,southampton,2023-05-08
CSDCeEo3,E0,brighton,everton,2023-05-08
fi3HfY09,E0,fulham,leicester,2023-05-08
KGe3oUNe,E0,west ham,manchester utd,2023-05-07
69FSiWpS,E0,newcastle,arsenal,2023-05-07
Ys2LghGF,E0,liverpool,brentford,2023-05-06
bP98dfWd,E0,bournemouth,chelsea,2023-05-06
SIGOhCVL,E0,manchester city,leeds,2023-05-06
QgdanA8k,E0,tottenham,crystal palace,2023-05-06
b7f7plw2,E0,wolves,aston villa,2023-05-06
6DkGCi44,E0,brighton,manchester utd,2023-05-04
2uqPAVYG,E0,liverpool,fulham,2023-05-03
d2rT9klN,E0,manchester city,west ham,2023-05-03
Gr9TeNun,E0,arsenal,chelsea,2023-05-02
CU4liafH,E0,leicester,everton,2023-05-01
lfSHZWOq,E0,liverpool,tottenham,2023-04-30
xhAPd3Qu,E0,bournemouth,leeds,2023-04-30
I75phuuB,E0,fulham,manchester city,2023-04-30
6VMMYjvj,E0,manchester utd,aston villa,2023-04-30
pMLQXAgd,E0,newcastle,southampton,2023-04-30
pIDXfseh,E0,brentford,nottingham,2023-04-29
O8Cyf1Ab,E0,brighton,wolves,2023-04-29
6X1tgLP4,E0,crystal palace,west ham,2023-04-29
ClR1sOQh,E0,tottenham,manchester utd,2023-04-27
EDoRmQmP,E0,everton,newcastle,2023-04-27
bRvFx0uO,E0,southampton,bournemouth,2023-04-27
CUrJyKfU,E0,manchester city,arsenal,2023-04-26
44uBwtQH,E0,chelsea,brentford,2023-04-26
6BQ5trta,E0,west ham,liverpool,2023-04-26
boNcr4Bn,E0,nottingham,brighton,2023-04-26
GMXhqpdt,E0,leeds,leicester,2023-04-25
QDt7vMAB,E0,aston villa,fulham,2023-04-25
p2P9u2e5,E0,wolves,crystal palace,2023-04-25
6Z2pym4J,E0,bournemouth,west ham,2023-04-23
QchqPtBO,E0,newcastle,tottenham,2023-04-23
xIgGVQRt,E0,brentford,aston villa,2023-04-22
YqmPT4dg,E0,crystal palace,everton,2023-04-22
6coXRrR5,E0,leicester,wolves,2023-04-22
4r4zR2tC,E0,liverpool,nottingham,2023-04-22
CznTSOBa,E0,fulham,leeds,2023-04-22
Kx7lz7JP,E0,arsenal,southampton,2023-04-21
n5nuYbWs,E0,leeds,liverpool,2023-04-17
fVkmWx1f,E0,nottingham,manchester utd,2023-04-16
OAw0TzoD,E0,west ham,arsenal,2023-04-16
tSoqXIol,E0,manchester city,leicester,2023-04-15
SK58wL8K,E0,chelsea,brighton,2023-04-15
pd0DxuOQ,E0,everton,fulham,2023-04-15
xfuhVdG0,E0,southampton,crystal palace,2023-04-15
GpvdUGV6,E0,tottenham,bournemouth,2023-04-15
21x4Sf0J,E0,wolves,brentford,2023-04-15
lU64v1gE,E0,aston villa,newcastle,2023-04-15
Y1M5JaHl,E0,liverpool,arsenal,2023-04-09
ED9Xy8XF,E0,leeds,crystal palace,2023-04-09
tSPDHwn1,E0,southampton,manchester city,2023-04-08
Sd7LvAmc,E0,aston villa,nottingham,2023-04-08
6m6PwU23,E0,brentford,newcastle,2023-04-08
0A5TxlI9,E0,fulham,west ham,2023-04-08
fBN1Ku2r,E0,leicester,bournemouth,2023-04-08
OjFIGc17,E0,tottenham,brighton,2023-04-08
zRIMFHGD,E0,wolves,chelsea,2023-04-08
2yR9IJWf,E0,manchester utd,everton,2023-04-08
nBTSprFf,E0,manchester utd,brentford,2023-04-05
U3hSY7oJ,E0,west ham,newcastle,2023-04-05
trMpik1m,E0,chelsea,liverpool,2023-04-04
djISpEvE,E0,bournemouth,brighton,2023-04-04
llc7wWWm,E0,leeds,nottingham,2023-04-04
0O0Bxjnf,E0,leicester,aston villa,2023-04-04
ld76N8IM,E0,everton,tottenham,2023-04-03
8tlwIntp,E0,newcastle,manchester utd,2023-04-02
tfnoGQAd,E0,west ham,southampton,2023-04-02
jXP8f29S,E0,arsenal,everton,2024-05-19
htCzjMHq,E0,brentford,newcastle,2024-05-19
z51uktXk,E0,brighton,manchester utd,2024-05-19
nu5ql0nd,E0,burnley,nottingham,2024-05-19
0rgRCqPd,E0,chelsea,bournemouth,2024-05-19
vZiVB3v3,E0,crystal palace,aston villa,2024-05-19
dAnzBNg9,E0,liverpool,wolves,2024-05-19
z1ovAs9F,E0,luton,fulham,2024-05-19
Sd97hFwr,E0,manchester city,west ham,2024-05-19
t0DBiZhl,E0,sheffield utd,tottenham,2024-05-19
C43exrWn,E0,manchester utd,newcastle,2024-05-15
ro9WXSv1,E0,brighton,chelsea,2024-05-15
I163zM0a,E0,tottenham,manchester city,2024-05-14
GziuczET,E0,aston villa,liverpool,2024-05-13
ERUq06ui,E0,manchester utd,arsenal,2024-05-12
nuTibpA3,E0,nottingham,chelsea,2024-05-11
2XnybGbN,E0,bournemouth,brentford,2024-05-11
YFw7hfMp,E0,everton,sheffield utd,2024-05-11
hITmaQfc,E0,newcastle,brighton,2024-05-11
0rXec4P9,E0,tottenham,burnley,2024-05-11
r7M0dOvG,E0,west ham,luton,2024-05-11
McL4erfM,E0,wolves,crystal palace,2024-05-11
C6xBiEyi,E0,fulham,manchester city,2024-05-11
jT5F2vph,E0,crystal palace,manchester utd,2024-05-06
YieK1bab,E0,liverpool,tottenham,2024-05-05
xWC2qHqU,E0,brighton,aston villa,2024-05-05
hrmC3KUo,E0,chelsea,west ham,2024-05-05
tIbSaxUA,E0,manchester city,wolves,2024-05-04
KfIcpcUN,E0,brentford,fulham,2024-05-04
vuaUvyho,E0,burnley,newcastle,2024-05-04
K8cWbdqH,E0,sheffield utd,nottingham,2024-05-04
t4JgowFH,E0,arsenal,bournemouth,2024-05-04
CrfO0IE4,E0,luton,everton,2024-05-03
lUEplQC8,E0,chelsea,tottenham,2024-05-02
CORxkLFh,E0,nottingham,manchester city,2024-04-28
ETaCYaVB,E0,bournemouth,brighton,2024-04-28
jFQtluVb,E0,tottenham,arsenal,2024-04-28
hKbGXJpI,E0,aston villa,chelsea,2024-04-27
nsbKWw0O,E0,everton,brentford,2024-04-27
0p2OVcFU,E0,fulham,crystal palace,2024-04-27
Q7TUjsot,E0,manchester utd,burnley,2024-04-27
4bSYk10n,E0,newcastle,sheffield utd,2024-04-27
nsKknJaB,E0,wolves,luton,2024-04-27
YwGomap5,E0,west ham,liverpool,2024-04-27
44mim5qC,E0,brighton,manchester city,2024-04-25
A1jaoqEO,E0,crystal palace,newcastle,2024-04-24
C6UsASjP,E0,everton,liverpool,2024-04-24
MuKH3QTh,E0,manchester utd,sheffield utd,2024-04-24
I7DQ14b5,E0,wolves,bournemouth,2024-04-24
QDlmloU5,E0,arsenal,chelsea,2024-04-23
hGjNfjnE,E0,fulham,liverpool,2024-04-21
Us5SY8Pf,E0,aston villa,bournemouth,2024-04-21
Q9byXnf7,E0,crystal palace,west ham,2024-04-21
40cuW69D,E0,everton,nottingham,2024-04-21
dh57ZuG5,E0,wolves,arsenal,2024-04-20
UuEjwOGt,E0,luton,brentford,2024-04-20
Ov7ay2og,E0,sheffield utd,burnley,2024-04-20
KYplrD28,E0,chelsea,everton,2024-04-15
A33cLkee,E0,arsenal,aston villa,2024-04-14
YykhsXHE,E0,liverpool,crystal palace,2024-04-14
zL5OZlAl,E0,west ham,fulham,2024-04-14
WC4gMVuk,E0,bournemouth,manchester utd,2024-04-13
vw81K9A1,E0,brentford,sheffield utd,2024-04-13
IT65JTP7,E0,burnley,brighton,2024-04-13
SbldtiXK,E0,manchester city,luton,2024-04-13
dU6KzVfr,E0,nottingham,wolves,2024-04-13
6km0uBnR,E0,newcastle,tottenham,2024-04-13
EeOMRiIR,E0,tottenham,nottingham,2024-04-07
KYOISX2L,E0,sheffield utd,chelsea,2024-04-07
trQETDmF,E0,manchester utd,liverpool,2024-04-07
zokF8CBk,E0,brighton,arsenal,2024-04-06
dfjB9hdq,E0,aston villa,brentford,2024-04-06
WCrO6jt2,E0,everton,burnley,2024-04-06
pGW5VZI2,E0,fulham,newcastle,2024-04-06
O6V9UgY8,E0,luton,bournemouth,2024-04-06
llFlNBQr,E0,wolves,west ham,2024-04-06
I9vK7WQe,E0,crystal palace,manchester city,2024-04-06
jgBWGz49,E0,chelsea,manchester utd,2024-04-04
nL4uFEYL,E0,liverpool,sheffield utd,2024-04-04
QB3qEYmS,E0,manchester city,aston villa,2024-04-03
8AVXeZRq,E0,arsenal,luton,2024-04-03
2XUyegsj,E0,brentford,brighton,2024-04-03
dWBSHGl3,E0,west ham,tottenham,2024-04-02
n7P60FJS,E0,bournemouth,crystal palace,2024-04-02
tOTufDdd,E0,burnley,wolves,2024-04-02
4dFzGfJF,E0,newcastle,everton,2024-04-02
IuDOIdZd,E0,nottingham,fulham,2024-04-02
z3ro5w5c,E0,manchester city,arsenal,2024-03-31
Mavs6Jki,E0,liverpool,brighton,2024-03-31
U5ierGcp,E0,brentford,manchester utd,2024-03-30
jLBYarTH,E0,aston villa,wolves,2024-03-30
CUCU0ODB,E0,bournemouth,everton,2024-03-30
8djaszDj,E0,chelsea,burnley,2024-03-30
dIWg3HZ9,E0,nottingham,crystal palace,2024-03-30
Qiyb2ykG,E0,sheffield utd,fulham,2024-03-30
4rz21e4M,E0,tottenham,luton,2024-03-30
IRXk4cK3,E0,newcastle,west ham,2024-03-30
449M2pqa,E0,west ham,aston villa,2024-03-17
EFG95nat,E0,fulham,tottenham,2024-03-16
bRnenPbI,E0,burnley,brentford,2024-03-16
rkLD46En,E0,luton,nottingham,2024-03-16
zkobxEe6,E0,bournemouth,luton,2024-03-13
xlGack7J,E0,chelsea,newcastle,2024-03-11
44RKa9ke,E0,bournemouth,leicester,2025-05-25
QJFTcmK7,E0,fulham,manchester city,2025-05-25
hQ7FLjCE,E0,ipswich,west ham,2025-05-25
lh1OJUtR,E0,liverpool,crystal palace,2025-05-25
pOnfE84l,E0,manchester utd,aston villa,2025-05-25
4Q2eCnZ0,E0,newcastle,everton,2025-05-25
Cj63AQ3D,E0,nottingham,chelsea,2025-05-25
hnqjYTeK,E0,southampton,arsenal,2025-05-25
OUZLS7Js,E0,tottenham,brighton,2025-05-25
4vrUQolf,E0,wolves,brentford,2025-05-25
boy65vMG,E0,crystal palace,wolves,2025-05-20
Wh8WLa6c,E0,manchester city,bournemouth,2025-05-20
fgvk9MMi,E0,brighton,liverpool,2025-05-19
xI7Oh1xB,E0,arsenal,newcastle,2025-05-18
2ai3oJUp,E0,brentford,fulham,2025-05-18
GpQqbdEj,E0,leicester,ipswich,2025-05-18
b7OC1VKr,E0,west ham,nottingham,2025-05-18
K0PE3IjT,E0,everton,southampton,2025-05-18
jLXc70i4,E0,chelsea,manchester utd,2025-05-16
prBWju7N,E0,aston villa,tottenham,2025-05-16
8GvXq6gt,E0,liverpool,arsenal,2025-05-11
UVSurpOh,E0,manchester utd,west ham,2025-05-11
YNPdv2NH,E0,nottingham,leicester,2025-05-11
8xG7dqwn,E0,tottenham,crystal palace,2025-05-11
xdWmtOh5,E0,newcastle,chelsea,2025-05-11
4Uh7Tp9a,E0,bournemouth,aston villa,2025-05-10
xriFROwC,E0,fulham,everton,2025-05-10
Y9pOP28O,E0,ipswich,brentford,2025-05-10
6yO4xthU,E0,southampton,manchester city,2025-05-10
G2JFfN7b,E0,wolves,brighton,2025-05-10
xdGPqoxq,E0,crystal palace,nottingham,2025-05-05
tQUgk7EL,E0,chelsea,liverpool,2025-05-04
KKqaTPi2,E0,brentford,manchester utd,2025-05-04
nRyoiTq9,E0,brighton,newcastle,2025-05-04
82abV6vm,E0,west ham,tottenham,2025-05-04
SM4Kz8aS,E0,arsenal,bournemouth,2025-05-03
YN9YsP6e,E0,everton,ipswich,2025-05-03
tlDtt3y8,E0,leicester,southampton,2025-05-03
b5ejVoNk,E0,aston villa,fulham,2025-05-03
OCxRmFfE,E0,manchester city,wolves,2025-05-02
YmgPGn8d,E0,nottingham,brentford,2025-05-01
zgBxQjoA,E0,liverpool,tottenham,2025-04-27
tWk3BiWG,E0,bournemouth,manchester utd,2025-04-27
nXUs49Oj,E0,brighton,west ham,2025-04-26
QNkHI8wp,E0,newcastle,ipswich,2025-04-26
ldyCvj03,E0,southampton,fulham,2025-04-26
M9ZJxUUF,E0,wolves,leicester,2025-04-26
vRHTRCGc,E0,chelsea,everton,2025-04-26
SnlB9V0T,E0,arsenal,crystal palace,2025-04-23
tjEpOUFM,E0,manchester city,aston villa,2025-04-22
CjbnFZWi,E0,tottenham,nottingham,2025-04-21
QegS9veC,E0,leicester,liverpool,2025-04-20
xMsCDMem,E0,fulham,chelsea,2025-04-20
pnoKB0Qa,E0,ipswich,arsenal,2025-04-20
drGaiWvo,E0,manchester utd,wolves,2025-04-20
YRapaNtf,E0,aston villa,newcastle,2025-04-19
6ubhc1B6,E0,brentford,brighton,2025-04-19
QsEgeutJ,E0,crystal palace,bournemouth,2025-04-19
hl6uJrYP,E0,everton,manchester city,2025-04-19
KG1fDD14,E0,west ham,southampton,2025-04-19
tW9QWPoQ,E0,newcastle,crystal palace,2025-04-16
AB7LZ6Dr,E0,bournemouth,fulham,2025-04-14
KOZApOR0,E0,newcastle,manchester utd,2025-04-13
Wb1NgS4E,E0,chelsea,ipswich,2025-04-13
SQfWi6ZQ,E0,liverpool,west ham,2025-04-13
x06y1qCs,E0,wolves,tottenham,2025-04-13
IyBTXpre,E0,arsenal,brentford,2025-04-12
viaxWOC7,E0,brighton,leicester,2025-04-12
QLxJr2dD,E0,nottingham,everton,2025-04-12
6HF565lK,E0,southampton,aston villa,2025-04-12
Odt2npcl,E0,manchester city,crystal palace,2025-04-12
d8snL7bk,E0,leicester,newcastle,2025-04-07
4YpfJoT1,E0,manchester utd,manchester city,2025-04-06
bDsnPGaN,E0,brentford,chelsea,2025-04-06
UgR5uxp4,E0,fulham,liverpool,2025-04-06
IDStskL8,E0,tottenham,southampton,2025-04-06
jmvvRxVA,E0,aston villa,nottingham,2025-04-05
IcOIJfNp,E0,crystal palace,brighton,2025-04-05
xKUDwGEG,E0,ipswich,wolves,2025-04-05
jRQluTkL,E0,west ham,bournemouth,2025-04-05
AiB4sbFi,E0,everton,arsenal,2025-04-05
YmDnxLN5,E0,chelsea,tottenham,2025-04-03
UXkVSb0b,E0,liverpool,everton,2025-04-02
6Dg5Psv0,E0,bournemouth,ipswich,2025-04-02
zgoMLawP,E0,brighton,aston villa,2025-04-02
UF6ezahI,E0,manchester city,leicester,2025-04-02
2T43YxNU,E0,newcastle,brentford,2025-04-02
xQXNUKVo,E0,southampton,crystal palace,2025-04-02
QHQVu3Ot,E0,nottingham,manchester utd,2025-04-01
vRiDNL8C,E0,arsenal,fulham,2025-04-01
nXEvvsgg,E0,wolves,west ham,2025-04-01
hATVArP6,E0,leicester,manchester utd,2025-03-16
WM1fBiJk,E0,arsenal,chelsea,2025-03-16
Eq0NEQPs,E0,fulham,tottenham,2025-03-16
27BOGDeS,E0,bournemouth,brentford,2025-03-15
KrrkXYu9,E0,everton,west ham,2025-03-15
ncbVC4ff,E0,ipswich,nottingham,2025-03-15
0zXw9MgJ,E0,manchester city,brighton,2025-03-15
CE0dR39m,E0,southampton,wolves,2025-03-15
YRJ7Ked3,E0,west ham,newcastle,2025-03-10
nV1t4zCM,E0,manchester utd,arsenal,2025-03-09
jqIwpFKj,E0,chelsea,leicester,2025-03-09
IJyLdh4d,E0,tottenham,bournemouth,2025-03-09
6uIFIZQF,E0,wolves,everton,2025-03-08
viJaicSG,E0,brentford,aston villa,2025-03-08
nHM7kycT,E0,brighton,fulham,2025-03-08
rw5P7ICc,E0,crystal palace,ipswich,2025-03-08
v5bY5dsA,E0,liverpool,southampton,2025-03-08
W2wDbEZq,E0,nottingham,manchester city,2025-03-08
Uu6uknGb,E0,chelsea,tottenham,2026-05-19
rkXMW40U,E0,bournemouth,manchester city,2026-05-19
Gxt6zm15,E0,arsenal,burnley,2026-05-18
z1yE3oVi,E0,newcastle,west ham,2026-05-17
MF2Xj8on,E0,brentford,crystal palace,2026-05-17
jeflmQpB,E0,everton,sunderland,2026-05-17
OM7eo4FN,E0,leeds,brighton,2026-05-17
WSUM1Pa4,E0,wolves,fulham,2026-05-17
r7lSurwo,E0,manchester utd,nottingham,2026-05-17
AyZEYQVH,E0,aston villa,liverpool,2026-05-15
xfi4Ju8N,E0,manchester city,crystal palace,2026-05-13
nclkvV1t,E0,tottenham,leeds,2026-05-11
8Cxbx9Wh,E0,west ham,arsenal,2026-05-10
UmvdMdte,E0,burnley,aston villa,2026-05-10
Med3KzB7,E0,crystal palace,everton,2026-05-10
xWhvMmnC,E0,nottingham,newcastle,2026-05-10
4IfWN9Ha,E0,manchester city,brentford,2026-05-09
YLpmOIBr,E0,brighton,wolves,2026-05-09
2iZkrv3E,E0,fulham,bournemouth,2026-05-09
dY8uKRGO,E0,sunderland,manchester utd,2026-05-09
8j1NPVnm,E0,liverpool,chelsea,2026-05-09
rTwrFuZR,E0,everton,manchester city,2026-05-04
n1pZG14F,E0,chelsea,nottingham,2026-05-04
jFEYCXop,E0,aston villa,tottenham,2026-05-03
zRIM7cR1,E0,manchester utd,liverpool,2026-05-03
buItBBGd,E0,bournemouth,crystal palace,2026-05-03
6sw2IgOM,E0,arsenal,fulham,2026-05-02
EmnRINZ2,E0,brentford,west ham,2026-05-02
tO58V0J8,E0,newcastle,brighton,2026-05-02
xjaHTvlL,E0,wolves,sunderland,2026-05-02
EBUD9Jdk,E0,leeds,burnley,2026-05-01
tQzy4f9T,E0,manchester utd,brentford,2026-04-27
OQsq6PYa,E0,arsenal,newcastle,2026-04-25
YaXS5GvH,E0,liverpool,crystal palace,2026-04-25
h44gMyPc,E0,west ham,everton,2026-04-25
bHZgKFgA,E0,wolves,tottenham,2026-04-25
CpqK7xA4,E0,fulham,aston villa,2026-04-25
0AH7bYWj,E0,sunderland,nottingham,2026-04-24
Khyh433C,E0,bournemouth,leeds,2026-04-22
6mtC9buh,E0,burnley,manchester city,2026-04-22
jubPoemo,E0,brighton,chelsea,2026-04-21
pbPN0UdK,E0,crystal palace,west ham,2026-04-20
U3M9iQJ6,E0,manchester city,arsenal,2026-04-19
xzTRt95l,E0,aston villa,sunderland,2026-04-19
GtGge8Ks,E0,everton,liverpool,2026-04-19
hx84D7tQ,E0,nottingham,burnley,2026-04-19
42nywR4D,E0,chelsea,manchester utd,2026-04-18
xAqy8o4m,E0,tottenham,brighton,2026-04-18
djO1gnkf,E0,leeds,wolves,2026-04-18
QVFIk4lJ,E0,newcastle,bournemouth,2026-04-18
dxqTvmz1,E0,brentford,fulham,2026-04-18
dG7hS9je,E0,manchester utd,leeds,2026-04-13
bLP5yET8,E0,chelsea,manchester city,2026-04-12
WYNDZibL,E0,crystal palace,newcastle,2026-04-12
IVe1QmL7,E0,nottingham,aston villa,2026-04-12
pxlmliDE,E0,sunderland,tottenham,2026-04-12
jJ4pUVLr,E0,liverpool,fulham,2026-04-11
AoUBFW6k,E0,brentford,everton,2026-04-11
rDsJDAy2,E0,burnley,brighton,2026-04-11
jcHwYvNG,E0,arsenal,bournemouth,2026-04-11
t4sdnVsR,E0,west ham,wolves,2026-04-10
U7CL8Og5,E0,aston villa,west ham,2026-03-22
n5KMyNNi,E0,tottenham,nottingham,2026-03-22
fBXzEJVp,E0,newcastle,sunderland,2026-03-22
UTmdL1wB,E0,leeds,brentford,2026-03-21
0lduPqvn,E0,everton,chelsea,2026-03-21
8EamNN8b,E0,fulham,burnley,2026-03-21
bm4x5tgU,E0,brighton,liverpool,2026-03-21
QZ5U62OH,E0,bournemouth,manchester utd,2026-03-20
0jR7cwU6,E0,brentford,wolves,2026-03-16
dtZvdoAa,E0,liverpool,tottenham,2026-03-15
0EuWc7um,E0,crystal palace,leeds,2026-03-15
UgXnfPvC,E0,manchester utd,aston villa,2026-03-15
QLQeh39O,E0,nottingham,fulham,2026-03-15
Ms9DApPh,E0,west ham,manchester city,2026-03-14
4OXbaaaf,E0,arsenal,everton,2026-03-14
juf03THP,E0,chelsea,newcastle,2026-03-14
8GUFeHbJ,E0,burnley,bournemouth,2026-03-14
0SK4C6ft,E0,sunderland,brighton,2026-03-14
vwIIJTp9,E0,tottenham,crystal palace,2026-03-05
CWPWeQh2,E0,newcastle,manchester utd,2026-03-04
Y1fIjVGM,E0,aston villa,chelsea,2026-03-04
QaZdqm9d,E0,brighton,arsenal,2026-03-04
ELFi5UVF,E0,fulham,west ham,2026-03-04
jHyOcnOk,E0,manchester city,nottingham,2026-03-04
WAZj1LUs,E0,wolves,liverpool,2026-03-03
IZVlo9vp,E0,bournemouth,brentford,2026-03-03
t8Hq7j13,E0,everton,burnley,2026-03-03
KYph380S,E0,leeds,sunderland,2026-03-03
CE2gREmB,E0,arsenal,chelsea,2026-03-01
lfdXJWuo,E0,brighton,nottingham,2026-03-01
CSsSuE24,E0,fulham,tottenham,2026-03-01
vqBFW9Pj,E0,manchester utd,crystal palace,2026-03-01
YsWzvhXG,E0,leeds,manchester city,2026-02-28
42vKszYi,E0,burnley,brentford,2026-02-28
KbUrxW1T,E0,liverpool,west ham,2026-02-28
Wxb1fDHc,E0,newcastle,everton,2026-02-28
hOA1PhIN,E0,bournemouth,sunderland,2026-02-28
S4iAhinA,E0,wolves,aston villa,2026-02-27
UBn9TqDs,E0,everton,manchester utd,2026-02-23
rZAxVdln,E0,tottenham,arsenal,2026-02-22
bTewZ5kK,E0,crystal palace,wolves,2026-02-22
bivQP1C6,E0,nottingham,liverpool,2026-02-22
IgfRNusJ,E0,sunderland,fulham,2026-02-22
QwtIRNsf,E0,manchester city,newcastle,2026-02-21
4laoTzJb,E0,west ham,bournemouth,2026-02-21
G8MZEpbl,E0,aston villa,leeds,2026-02-21
CzGrDOS0,E0,brentford,brighton,2026-02-21
IXIjB2cD,E0,chelsea,burnley,2026-02-21
CYlDZYZg,E1,huddersfield,nottingham,2022-05-29
hppMTMMo,E1,nottingham,sheffield utd,2022-05-17
EaYUR0ib,E1,huddersfield,luton,2022-05-16
4Ujv5wpo,E1,sheffield utd,nottingham,2022-05-14
WzqQStxh,E1,luton,huddersfield,2022-05-13
8hx5DcsR,E1,birmingham,blackburn,2022-05-07
0pUW8Hkr,E1,bournemouth,millwall,2022-05-07
Q35NrtwT,E1,derby,cardiff,2022-05-07
vyTz8y5l,E1,huddersfield,bristol city,2022-05-07
MaIu7eKf,E1,hull,nottingham,2022-05-07
YZLq6FZ0,E1,luton,reading,2022-05-07
SdLm5Zl7,E1,peterborough,blackpool,2022-05-07
6mKi4g4D,E1,preston,middlesbrough,2022-05-07
r53zTxsE,E1,sheffield utd,fulham,2022-05-07
Me2vSddK,E1,stoke,coventry,2022-05-07
SCikv0op,E1,swansea,qpr,2022-05-07
GI1rRGBQ,E1,west brom,barnsley,2022-05-07
0fuwZejL,E1,bournemouth,nottingham,2022-05-03
ttc6hd51,E1,fulham,luton,2022-05-02
jejZavDR,E1,blackburn,bournemouth,2022-04-30
SGs1ebLr,E1,blackpool,derby,2022-04-30
Mws5fIzk,E1,bristol city,hull,2022-04-30
UyCEp28G,E1,cardiff,birmingham,2022-04-30
0Uu9gxje,E1,coventry,huddersfield,2022-04-30
KWeAiGK7,E1,middlesbrough,stoke,2022-04-30
YZqhGac8,E1,millwall,peterborough,2022-04-30
8SAIqMNM,E1,nottingham,swansea,2022-04-30
U1w1EwSK,E1,reading,west brom,2022-04-30
8W0U0KcL,E1,barnsley,preston,2022-04-30
nwldFJCE,E1,qpr,sheffield utd,2022-04-29
GbHzZ494,E1,middlesbrough,cardiff,2022-04-27
EsVDRbQ4,E1,barnsley,blackpool,2022-04-26
dKTUEUar,E1,fulham,nottingham,2022-04-26
UsggMRPb,E1,swansea,bournemouth,2022-04-26
MFbI3MD2,E1,preston,blackburn,2022-04-25
z5NmlsEF,E1,birmingham,millwall,2022-04-23
URMim1TL,E1,bournemouth,fulham,2022-04-23
8ILenLrS,E1,derby,bristol city,2022-04-23
S22Sta6k,E1,hull,reading,2022-04-23
KAKZvwy2,E1,peterborough,nottingham,2022-04-23
xUg7nOw4,E1,sheffield utd,cardiff,2022-04-23
06cM2tT8,E1,stoke,qpr,2022-04-23
zFCAorgA,E1,swansea,middlesbrough,2022-04-23
Uu2Q10rF,E1,west brom,coventry,2022-04-23
MP1WuJLe,E1,luton,blackpool,2022-04-23
lC3Osuiq,E1,huddersfield,barnsley,2022-04-22
fkrkTuxj,E1,fulham,preston,2022-04-19
vwUvj3q3,E1,nottingham,west brom,2022-04-18
0lQGolhH,E1,bristol city,sheffield utd,2022-04-18
AaX3lj8b,E1,barnsley,peterborough,2022-04-18
SzS8mAN4,E1,blackburn,stoke,2022-04-18
6RQCnUxB,E1,blackpool,birmingham,2022-04-18
GE5blp9i,E1,cardiff,luton,2022-04-18
CQhpULMq,E1,coventry,bournemouth,2022-04-18
0nVziqUd,E1,millwall,hull,2022-04-18
M1JqkNb9,E1,qpr,derby,2022-04-18
f542m4Oc,E1,reading,swansea,2022-04-18
YusgSaid,E1,middlesbrough,huddersfield,2022-04-18
W8CUZjg5,E1,derby,fulham,2022-04-15
EX1ZYA8B,E1,huddersfield,qpr,2022-04-15
Or9MyDOh,E1,birmingham,coventry,2022-04-15
I58QzXwa,E1,bournemouth,middlesbrough,2022-04-15
l8DCQtHp,E1,hull,cardiff,2022-04-15
Mc5sXlwO,E1,peterborough,blackburn,2022-04-15
0l4oW8hU,E1,preston,millwall,2022-04-15
QBViihOu,E1,sheffield utd,reading,2022-04-15
xnZejCwn,E1,stoke,bristol city,2022-04-15
SbCGP0Wj,E1,swansea,barnsley,2022-04-15
W8YakWhh,E1,west brom,blackpool,2022-04-15
hO0wYUNH,E1,luton,nottingham,2022-04-15
S0BaMXO5,E1,huddersfield,luton,2022-04-11
bR6eND9a,E1,fulham,coventry,2022-04-10
xCInPZvm,E1,blackburn,blackpool,2022-04-09
Kz8iOgfg,E1,bristol city,peterborough,2022-04-09
6iA3LivC,E1,middlesbrough,hull,2022-04-09
lGa8KBgI,E1,millwall,barnsley,2022-04-09
2J3CJV8O,E1,nottingham,birmingham,2022-04-09
GMifrFoP,E1,preston,qpr,2022-04-09
UNWuW2gN,E1,reading,cardiff,2022-04-09
rRzpVM8T,E1,swansea,derby,2022-04-09
phAIxg9n,E1,west brom,stoke,2022-04-09
IVwMwZgt,E1,sheffield utd,bournemouth,2022-04-09
tjSDB1hc,E1,west brom,bournemouth,2022-04-06
vPWiNwzC,E1,middlesbrough,fulham,2022-04-06
pObP4VJp,E1,nottingham,coventry,2022-04-06
SnO9Cswi,E1,reading,stoke,2022-04-05
SnnG0PMs,E1,millwall,swansea,2022-04-05
OEcT3kZj,E1,peterborough,luton,2022-04-05
SIptCSq1,E1,preston,blackpool,2022-04-05
4Cc5C733,E1,sheffield utd,qpr,2022-04-05
zP77SmUs,E1,birmingham,west brom,2022-04-03
YFLuXTLQ,E1,barnsley,reading,2022-04-02
Mu6FQRbf,E1,bournemouth,bristol city,2022-04-02
z1XyXrvH,E1,cardiff,swansea,2022-04-02
44eKPoE0,E1,coventry,blackburn,2022-04-02
I7aOO5T6,E1,derby,preston,2022-04-02
jLcWMqbJ,E1,luton,millwall,2022-04-02
U5TCVy2J,E1,peterborough,middlesbrough,2022-04-02
8dSGUeHP,E1,qpr,fulham,2022-04-02
QyFrQFPt,E1,stoke,sheffield utd,2022-04-02
rk7BR7ql,E1,blackpool,nottingham,2022-04-02
CUbSNPrD,E1,hull,huddersfield,2022-04-01
pfuoBna7,E1,qpr,peterborough,2022-03-20
h08YDd30,E1,coventry,luton,2023-05-27
bufcorN3,E1,middlesbrough,coventry,2023-05-17
QRekm4hi,E1,luton,sunderland,2023-05-16
4IfgnO7c,E1,coventry,middlesbrough,2023-05-14
QZkEOKFj,E1,sunderland,luton,2023-05-13
Shg5yxzc,E1,birmingham,sheffield utd,2023-05-08
fo0EurXa,E1,burnley,cardiff,2023-05-08
6qh9zdk3,E1,huddersfield,reading,2023-05-08
zJdDZF49,E1,luton,hull,2023-05-08
E9eHYZJF,E1,middlesbrough,coventry,2023-05-08
dYpMXgZL,E1,millwall,blackburn,2023-05-08
88lQWDlS,E1,norwich,blackpool,2023-05-08
QmyhSXdq,E1,preston,sunderland,2023-05-08
4vzdRiCk,E1,qpr,bristol city,2023-05-08
OK4Iv2n6,E1,swansea,west brom,2023-05-08
MFU0QBRe,E1,watford,stoke,2023-05-08
06T4PVt2,E1,wigan,rotherham,2023-05-08
OpW48w6A,E1,huddersfield,sheffield utd,2023-05-04
tM2VObji,E1,blackburn,luton,2023-05-01
lhgjKz5M,E1,rotherham,middlesbrough,2023-05-01
YVB5s42m,E1,cardiff,huddersfield,2023-04-30
QmFMChcd,E1,west brom,norwich,2023-04-29
2yivNxL3,E1,bristol city,burnley,2023-04-29
GverMdzA,E1,coventry,birmingham,2023-04-29
Gf1AtOHg,E1,hull,swansea,2023-04-29
A1fnLGkG,E1,reading,wigan,2023-04-29
GEPnJfKS,E1,sheffield utd,preston,2023-04-29
INBEEESq,E1,stoke,qpr,2023-04-29
CpBIDYsj,E1,sunderland,watford,2023-04-29
KC1ZNI5c,E1,blackpool,millwall,2023-04-28
E9HnlFJ2,E1,rotherham,cardiff,2023-04-27
f9bvwzgB,E1,sheffield utd,west brom,2023-04-26
OSEKME8U,E1,blackburn,burnley,2023-04-25
dbUC6HzN,E1,luton,middlesbrough,2023-04-24
EFAq1ebp,E1,west brom,sunderland,2023-04-23
8YXG5yjT,E1,preston,blackburn,2023-04-22
KhZmCL6o,E1,birmingham,blackpool,2023-04-22
YewhBuMi,E1,bristol city,rotherham,2023-04-22
SIxdAayb,E1,burnley,qpr,2023-04-22
I56zmQvQ,E1,cardiff,stoke,2023-04-22
69y09Jj4,E1,coventry,reading,2023-04-22
2yV87cLG,E1,hull,watford,2023-04-22
zog2rpms,E1,norwich,swansea,2023-04-22
h69m0FDj,E1,wigan,millwall,2023-04-22
8E9Zhb6N,E1,middlesbrough,hull,2023-04-19
Ime5mxUp,E1,reading,luton,2023-04-19
UNAVgviH,E1,blackburn,coventry,2023-04-19
Gv9whILT,E1,qpr,norwich,2023-04-19
2cOmPMnJ,E1,swansea,preston,2023-04-19
vF7Wm6PJ,E1,watford,cardiff,2023-04-19
r7O9b2xn,E1,millwall,birmingham,2023-04-18
4GP5arNu,E1,blackpool,west brom,2023-04-18
0rJEcMih,E1,rotherham,burnley,2023-04-18
vZHIdt7b,E1,sheffield utd,bristol city,2023-04-18
naLQfKyB,E1,stoke,wigan,2023-04-18
YeHMe0M4,E1,sunderland,huddersfield,2023-04-18
YFNa3iOD,E1,blackburn,hull,2023-04-15
C6M32BwK,E1,blackpool,wigan,2023-04-15
rkDZdk1s,E1,millwall,preston,2023-04-15
QD2vd9Gm,E1,qpr,coventry,2023-04-15
441reTVg,E1,reading,burnley,2023-04-15
Yw6nfmo0,E1,rotherham,luton,2023-04-15
CU4jg706,E1,stoke,west brom,2023-04-15
fgfehRFC,E1,sunderland,birmingham,2023-04-15
O6PqQ2XC,E1,swansea,huddersfield,2023-04-15
hvDbioVI,E1,watford,bristol city,2023-04-15
UqQuRrI6,E1,sheffield utd,cardiff,2023-04-15
6TL71VhQ,E1,middlesbrough,norwich,2023-04-14
htlz5qrL,E1,burnley,sheffield utd,2023-04-10
AHbV5PSE,E1,bristol city,middlesbrough,2023-04-10
bseR65D8,E1,birmingham,stoke,2023-04-10
YHWWS4mf,E1,cardiff,sunderland,2023-04-10
WWnv43cR,E1,coventry,watford,2023-04-10
2FwAbsLl,E1,hull,millwall,2023-04-10
pvTEc1ze,E1,luton,blackpool,2023-04-10
bsXIdLk1,E1,norwich,rotherham,2023-04-10
h4WMeu57,E1,preston,reading,2023-04-10
WfVQfaKD,E1,west brom,qpr,2023-04-10
GtMySO20,E1,wigan,swansea,2023-04-10
OOv6aN5r,E1,huddersfield,blackburn,2023-04-10
OnLlgnq9,E1,middlesbrough,burnley,2023-04-07
6m8uq2L1,E1,sunderland,hull,2023-04-07
pdMpfST2,E1,blackburn,norwich,2023-04-07
n1YOUQIs,E1,blackpool,cardiff,2023-04-07
dEYeiQDL,E1,qpr,preston,2023-04-07
vwO0jpTR,E1,reading,birmingham,2023-04-07
ALEWpOjk,E1,sheffield utd,wigan,2023-04-07
lCDzpr6e,E1,stoke,bristol city,2023-04-07
fRXSTpYm,E1,swansea,coventry,2023-04-07
pv7qrMz8,E1,watford,huddersfield,2023-04-07
GbFSo4yq,E1,rotherham,west brom,2023-04-07
INZih6bF,E1,millwall,luton,2023-04-07
MNEKI57d,E1,birmingham,blackburn,2023-04-01
Aw82skpc,E1,bristol city,reading,2023-04-01
AyBenglF,E1,cardiff,swansea,2023-04-01
WhdBuTE9,E1,coventry,stoke,2023-04-01
rTaFvmUF,E1,huddersfield,middlesbrough,2023-04-01
xjaJw7qM,E1,hull,rotherham,2023-04-01
dztjYp7q,E1,norwich,sheffield utd,2023-04-01
UmvbWOyd,E1,west brom,millwall,2023-04-01
rir2Vri2,E1,wigan,qpr,2023-04-01
GtbNxRbS,E1,luton,watford,2023-04-01
zRvfX4Mk,E1,preston,blackpool,2023-04-01
lU66t9a3,E1,burnley,sunderland,2023-03-31
SCLjmZY8,E1,swansea,bristol city,2023-03-19
YJBMWNJa,E1,leeds,southampton,2024-05-26
INcgaD7l,E1,southampton,west brom,2024-05-17
pzkAeV6D,E1,leeds,norwich,2024-05-16
bwHM4ZqR,E1,west brom,southampton,2024-05-12
OK01cix1,E1,norwich,leeds,2024-05-12
4WLAk4Z3,E1,birmingham,norwich,2024-05-04
IZPElOlA,E1,coventry,qpr,2024-05-04
0bFJmr4G,E1,ipswich,huddersfield,2024-05-04
vkENn2JM,E1,leeds,southampton,2024-05-04
8OIRoMYS,E1,leicester,blackburn,2024-05-04
AX4gstsp,E1,middlesbrough,watford,2024-05-04
hdfbt0dj,E1,plymouth,hull,2024-05-04
6FvA8wct,E1,rotherham,cardiff,2024-05-04
jsD1uKBd,E1,stoke,bristol city,2024-05-04
4p1q43lc,E1,sunderland,sheffield wed,2024-05-04
zkqE7cCn,E1,swansea,millwall,2024-05-04
ry0m3N33,E1,west brom,preston,2024-05-04
dpLdP7Lb,E1,coventry,ipswich,2024-04-30
zeWeY24T,E1,preston,leicester,2024-04-29
vTxmzPZG,E1,hull,ipswich,2024-04-27
hCzywRkb,E1,blackburn,coventry,2024-04-27
W2Zvxo54,E1,bristol city,rotherham,2024-04-27
21EalzCO,E1,cardiff,middlesbrough,2024-04-27
0xvqy5KA,E1,huddersfield,birmingham,2024-04-27
MiSiZrkN,E1,millwall,plymouth,2024-04-27
46hrDJlP,E1,norwich,swansea,2024-04-27
WQHRStSj,E1,sheffield wed,west brom,2024-04-27
WIN2iQ4i,E1,southampton,stoke,2024-04-27
A9M6jpKc,E1,watford,sunderland,2024-04-27
hzJNTMCp,E1,qpr,leeds,2024-04-26
ChwTrK5K,E1,coventry,hull,2024-04-24
4jI7yxbf,E1,leicester,southampton,2024-04-23
hCE5NojB,E1,middlesbrough,leeds,2024-04-22
IgMhQm6h,E1,blackburn,sheffield wed,2024-04-21
QPCDLPKN,E1,qpr,preston,2024-04-20
fyBijdsC,E1,cardiff,southampton,2024-04-20
lbAekGdI,E1,huddersfield,swansea,2024-04-20
nZD9M55H,E1,norwich,bristol city,2024-04-20
r17IKqzU,E1,rotherham,birmingham,2024-04-20
pAgpG3ro,E1,stoke,plymouth,2024-04-20
bDsSvmLo,E1,sunderland,millwall,2024-04-20
AmoWw7zh,E1,watford,hull,2024-04-20
v9A1ORz5,E1,leicester,west brom,2024-04-20
COF1M5hj,E1,southampton,preston,2024-04-16
YkKnUd7Q,E1,birmingham,coventry,2024-04-13
8rBEPGFs,E1,bristol city,huddersfield,2024-04-13
25AIOzVm,E1,hull,qpr,2024-04-13
td9MNfpf,E1,ipswich,middlesbrough,2024-04-13
lOuihICa,E1,millwall,cardiff,2024-04-13
Wp2ZKhUC,E1,preston,norwich,2024-04-13
pl6wKCqJ,E1,sheffield wed,stoke,2024-04-13
pS8oS9yt,E1,southampton,watford,2024-04-13
GpCmixS5,E1,swansea,rotherham,2024-04-13
OI7kRTjn,E1,west brom,sunderland,2024-04-13
bX3RMEa0,E1,leeds,blackburn,2024-04-13
xO2VLYE6,E1,plymouth,leicester,2024-04-12
AXtmgbcg,E1,swansea,stoke,2024-04-10
jRUsVxhK,E1,west brom,rotherham,2024-04-10
GAsqfvrm,E1,birmingham,cardiff,2024-04-10
pUwh8Fp7,E1,bristol city,blackburn,2024-04-10
OKxd7ZaD,E1,hull,middlesbrough,2024-04-10
CzWwWIxE,E1,ipswich,watford,2024-04-10
YTrCHJNK,E1,leeds,sunderland,2024-04-09
CKsGGwwR,E1,millwall,leicester,2024-04-09
GlnyCcor,E1,plymouth,qpr,2024-04-09
fuouBH0l,E1,preston,huddersfield,2024-04-09
l2pqAyGf,E1,sheffield wed,norwich,2024-04-09
25lm9eV0,E1,southampton,coventry,2024-04-09
f5UVqu2k,E1,blackburn,southampton,2024-04-06
dQ0Ca0KP,E1,cardiff,hull,2024-04-06
jXNvrJW1,E1,coventry,leeds,2024-04-06
rRAQ5MO8,E1,huddersfield,millwall,2024-04-06
025V4tvF,E1,leicester,birmingham,2024-04-06
27wueKSt,E1,middlesbrough,swansea,2024-04-06
xra9cbWl,E1,qpr,sheffield wed,2024-04-06
Ob1LfdG7,E1,stoke,west brom,2024-04-06
Q3u4Jug8,E1,sunderland,bristol city,2024-04-06
v7q8Ia8E,E1,watford,preston,2024-04-06
YF3w3K8R,E1,norwich,ipswich,2024-04-06
GYcDdIoe,E1,rotherham,plymouth,2024-04-05
zcgGkAYA,E1,leeds,hull,2024-04-01
SWk8iW3b,E1,ipswich,southampton,2024-04-01
6H1aghZo,E1,birmingham,preston,2024-04-01
UJ8QycSI,E1,coventry,cardiff,2024-04-01
SUAlX1Iq,E1,middlesbrough,sheffield wed,2024-04-01
0r9dVumd,E1,plymouth,bristol city,2024-04-01
x0hufPPd,E1,rotherham,millwall,2024-04-01
ADjmh3f9,E1,stoke,huddersfield,2024-04-01
OGfiiN9F,E1,sunderland,blackburn,2024-04-01
IZ180t5J,E1,swansea,qpr,2024-04-01
pWr0k1vS,E1,west brom,watford,2024-04-01
ILrLlUmH,E1,leicester,norwich,2024-04-01
hEcefYJu,E1,watford,leeds,2024-03-29
l2WgmZd6,E1,blackburn,ipswich,2024-03-29
84KHwJc6,E1,cardiff,sunderland,2024-03-29
YkY5pXtP,E1,huddersfield,coventry,2024-03-29
YZeQtFkt,E1,hull,stoke,2024-03-29
OOlwvDZb,E1,norwich,plymouth,2024-03-29
xShswXl5,E1,preston,rotherham,2024-03-29
AuikyBJH,E1,qpr,birmingham,2024-03-29
jT9MxwDC,E1,sheffield wed,swansea,2024-03-29
x2NozVYN,E1,southampton,middlesbrough,2024-03-29
290UuZ4n,E1,millwall,west brom,2024-03-29
ShVcngCC,E1,bristol city,leicester,2024-03-29
8OObwbTs,E1,leeds,millwall,2024-03-17
C2tsLGDD,E1,birmingham,watford,2024-03-16
6FxXsvLQ,E1,ipswich,sheffield wed,2024-03-16
CGLFZFS6,E1,middlesbrough,blackburn,2024-03-16
fuBKYZsD,E1,plymouth,preston,2024-03-16
0xb6dwzK,E1,rotherham,huddersfield,2024-03-16
vTdAeckQ,E1,stoke,norwich,2024-03-16
bDwsjyDm,E1,sunderland,qpr,2024-03-16
WQyklFs0,E1,west brom,bristol city,2024-03-16
dUGDvar0,E1,swansea,cardiff,2024-03-16
M1eruO26,E1,sheffield utd,sunderland,2025-05-24
OdSjdVml,E1,sunderland,coventry,2025-05-13
E5mk5QWI,E1,sheffield utd,bristol city,2025-05-12
fR9S1iQQ,E1,coventry,sunderland,2025-05-09
6ups7n26,E1,bristol city,sheffield utd,2025-05-08
xjy0CkNj,E1,bristol city,preston,2025-05-03
IoEnzgFc,E1,burnley,millwall,2025-05-03
42CfYWqA,E1,coventry,middlesbrough,2025-05-03
0U53WAEM,E1,derby,stoke,2025-05-03
08UcjQMh,E1,norwich,cardiff,2025-05-03
d0iZQlxp,E1,plymouth,leeds,2025-05-03
hSprPS6d,E1,portsmouth,hull,2025-05-03
4GiTnWb3,E1,sheffield utd,blackburn,2025-05-03
QVuxoATF,E1,sunderland,qpr,2025-05-03
dzO6l4i5,E1,swansea,oxford utd,2025-05-03
YeqpqlbS,E1,watford,sheffield wed,2025-05-03
htQGwSLk,E1,west brom,luton,2025-05-03
nPz6ROWP,E1,leeds,bristol city,2025-04-28
Wj9SUcwI,E1,blackburn,watford,2025-04-26
Cpwt1MJD,E1,cardiff,west brom,2025-04-26
WGhJ3LvJ,E1,hull,derby,2025-04-26
l8ixKtPa,E1,middlesbrough,norwich,2025-04-26
SfWkhnht,E1,millwall,swansea,2025-04-26
dYfpIKgC,E1,oxford utd,sunderland,2025-04-26
ImqgGbOO,E1,preston,plymouth,2025-04-26
2BHBYuvg,E1,sheffield wed,portsmouth,2025-04-26
reMyM2fm,E1,luton,coventry,2025-04-26
8CO2z29t,E1,qpr,burnley,2025-04-26
zPFJWJ85,E1,stoke,sheffield utd,2025-04-25
OjkB5sA6,E1,burnley,sheffield utd,2025-04-21
I3yQ44Kl,E1,cardiff,oxford utd,2025-04-21
fBFgv5B7,E1,hull,preston,2025-04-21
AJct283E,E1,leeds,stoke,2025-04-21
Iq1l0nYQ,E1,luton,bristol city,2025-04-21
2HxLfQel,E1,millwall,norwich,2025-04-21
lYzTh4Q0,E1,plymouth,coventry,2025-04-21
p0UyireD,E1,portsmouth,watford,2025-04-21
vJPY2rk1,E1,qpr,swansea,2025-04-21
xfHNEomK,E1,sheffield wed,middlesbrough,2025-04-21
dvbf9PAs,E1,sunderland,blackburn,2025-04-21
2y1273uf,E1,west brom,derby,2025-04-21
EZhc2Hcc,E1,oxford utd,leeds,2025-04-18
jgioCnSE,E1,sheffield utd,cardiff,2025-04-18
pvwwrSfo,E1,blackburn,millwall,2025-04-18
S22NkvEi,E1,bristol city,sunderland,2025-04-18
zT5VmIr4,E1,coventry,west brom,2025-04-18
48cnpzrT,E1,middlesbrough,plymouth,2025-04-18
nT0BvE5j,E1,norwich,portsmouth,2025-04-18
zks60eS9,E1,preston,qpr,2025-04-18
tl9wrmCr,E1,stoke,sheffield wed,2025-04-18
nLpfAQdR,E1,swansea,hull,2025-04-18
McHotRte,E1,watford,burnley,2025-04-18
WfavndDG,E1,derby,luton,2025-04-18
xWS0tFJt,E1,hull,coventry,2025-04-14
40Bjj55e,E1,cardiff,stoke,2025-04-12
6BKHxXI5,E1,luton,blackburn,2025-04-12
EyOPzBmI,E1,millwall,middlesbrough,2025-04-12
jH1sgh3n,E1,portsmouth,derby,2025-04-12
nqejiWXb,E1,qpr,bristol city,2025-04-12
KdgbkA2B,E1,sheffield wed,oxford utd,2025-04-12
ba4alqz8,E1,sunderland,swansea,2025-04-12
GOn7mlXN,E1,west brom,watford,2025-04-12
AqR8vglg,E1,leeds,preston,2025-04-12
ziCYYlIU,E1,plymouth,sheffield utd,2025-04-12
0YcjMBYO,E1,burnley,norwich,2025-04-11
OS2RRF4m,E1,coventry,portsmouth,2025-04-09
h8frOX3C,E1,oxford utd,qpr,2025-04-09
dz8rhRzq,E1,swansea,plymouth,2025-04-09
QX2RVO5L,E1,middlesbrough,leeds,2025-04-08
IH2X9sq2,E1,blackburn,sheffield wed,2025-04-08
YPpKXpy9,E1,bristol city,west brom,2025-04-08
Wh6ZPgZa,E1,derby,burnley,2025-04-08
A5vbQ2Tr,E1,norwich,sunderland,2025-04-08
C2WBcmDL,E1,preston,cardiff,2025-04-08
IVs6Otbe,E1,sheffield utd,millwall,2025-04-08
EcyFMKS7,E1,stoke,luton,2025-04-08
6iO0pOKE,E1,watford,hull,2025-04-08
dK7f8U7c,E1,bristol city,watford,2025-04-05
fFksaQUq,E1,millwall,portsmouth,2025-04-05
jsqjc4ad,E1,oxford utd,sheffield utd,2025-04-05
ImyxL7i3,E1,plymouth,norwich,2025-04-05
v3PpJoMF,E1,preston,stoke,2025-04-05
QgOOy6j2,E1,qpr,cardiff,2025-04-05
QJNhHPjS,E1,sheffield wed,hull,2025-04-05
4xT3a9r9,E1,swansea,derby,2025-04-05
4pB268xA,E1,coventry,burnley,2025-04-05
bq4B4n7M,E1,luton,leeds,2025-04-05
p44PB3Ek,E1,west brom,sunderland,2025-04-05
GOU7pRFj,E1,blackburn,middlesbrough,2025-04-04
WpxJwkSP,E1,derby,preston,2025-04-02
vikXFozJ,E1,burnley,bristol city,2025-03-29
I12qQpGG,E1,cardiff,sheffield wed,2025-03-29
ETehOOpT,E1,leeds,swansea,2025-03-29
beMcW6Ka,E1,middlesbrough,oxford utd,2025-03-29
KAA6UpkC,E1,norwich,west brom,2025-03-29
6R8ESOJO,E1,portsmouth,blackburn,2025-03-29
I5xXp6Zh,E1,stoke,qpr,2025-03-29
EXVuqp45,E1,sunderland,millwall,2025-03-29
jVIkYSkm,E1,hull,luton,2025-03-29
6ulmsOYH,E1,watford,plymouth,2025-03-29
phvPnS4t,E1,sheffield utd,coventry,2025-03-28
xShGJTzf,E1,sheffield wed,sheffield utd,2025-03-16
lMASTSGi,E1,blackburn,cardiff,2025-03-15
Otn0RKx3,E1,coventry,sunderland,2025-03-15
pdz9Pb7F,E1,luton,middlesbrough,2025-03-15
nNek5UL0,E1,oxford utd,watford,2025-03-15
Kzfc38jD,E1,plymouth,derby,2025-03-15
pUDyRBrK,E1,preston,portsmouth,2025-03-15
pl4yS6o4,E1,swansea,burnley,2025-03-15
phdOH756,E1,west brom,hull,2025-03-15
je2t7jil,E1,millwall,stoke,2025-03-15
GC47Lk6s,E1,qpr,leeds,2025-03-15
8WVJ2zTI,E1,southampton,middlesbrough,2026-05-12
W89yLHrm,E1,millwall,hull,2026-05-11
06SB4db6,E1,middlesbrough,southampton,2026-05-09
zwO5QwLP,E1,hull,millwall,2026-05-08
OURKkjfM,E1,blackburn,leicester,2026-05-02
K0DjpUHq,E1,bristol city,stoke,2026-05-02
GS6ar8nd,E1,derby,sheffield utd,2026-05-02
rZbo6Bv3,E1,hull,norwich,2026-05-02
4lmf4k9F,E1,ipswich,qpr,2026-05-02
xG012TwS,E1,millwall,oxford utd,2026-05-02
d0sYd71k,E1,portsmouth,birmingham,2026-05-02
UDuteoW1,E1,preston,southampton,2026-05-02
pMNSIlO8,E1,sheffield wed,west brom,2026-05-02
8YRXaOnl,E1,swansea,charlton,2026-05-02
jJQzHShL,E1,watford,coventry,2026-05-02
GbVub2H0,E1,wrexham,middlesbrough,2026-05-02
dQ6yiQG8,E1,southampton,ipswich,2026-04-28
dxchKhY2,E1,coventry,wrexham,2026-04-26
tEp4gDw0,E1,birmingham,bristol city,2026-04-25
lpFaIW2F,E1,norwich,swansea,2026-04-25
Gr1veQE4,E1,oxford utd,sheffield wed,2026-04-25
ldang4qH,E1,qpr,derby,2026-04-25
8bFmirET,E1,sheffield utd,preston,2026-04-25
M5V3gYfc,E1,stoke,portsmouth,2026-04-25
YL2Bii8C,E1,charlton,hull,2026-04-25
KG7Vdnph,E1,middlesbrough,watford,2026-04-25
UVYBiCP9,E1,west brom,ipswich,2026-04-25
hAFqZrho,E1,leicester,millwall,2026-04-24
niPUvEO6,E1,birmingham,preston,2026-04-22
Y7NxwhgJ,E1,charlton,ipswich,2026-04-22
CYAnSzu1,E1,middlesbrough,sheffield wed,2026-04-22
pnieeZ8m,E1,sheffield utd,blackburn,2026-04-22
487vUdAl,E1,coventry,portsmouth,2026-04-21
lG5P0eoQ,E1,leicester,hull,2026-04-21
6X3eQE9D,E1,norwich,derby,2026-04-21
6mUaE2pp,E1,oxford utd,wrexham,2026-04-21
v1S7CtFd,E1,qpr,swansea,2026-04-21
bRjslI1K,E1,southampton,bristol city,2026-04-21
IBXDrdPs,E1,stoke,millwall,2026-04-21
QyyMtzff,E1,west brom,watford,2026-04-21
ngQYMu3L,E1,ipswich,middlesbrough,2026-04-19
4YjV2KBk,E1,bristol city,norwich,2026-04-18
QwxQO1Y8,E1,hull,birmingham,2026-04-18
nH8LDyQ7,E1,preston,west brom,2026-04-18
CASayuIE,E1,sheffield wed,charlton,2026-04-18
0nkLLphA,E1,swansea,southampton,2026-04-18
KzW7ZInR,E1,watford,sheffield utd,2026-04-18
n3mTJOMM,E1,wrexham,stoke,2026-04-18
00pv1bt2,E1,derby,oxford utd,2026-04-18
IyH4HJQr,E1,millwall,qpr,2026-04-18
E3ADFcee,E1,portsmouth,leicester,2026-04-18
YoUcLSRG,E1,blackburn,coventry,2026-04-17
b3IoAbPh,E1,portsmouth,ipswich,2026-04-14
vs6JoMyi,E1,southampton,blackburn,2026-04-14
CQ8Qa3Vj,E1,birmingham,wrexham,2026-04-12
AVyZeCb5,E1,charlton,preston,2026-04-11
vX0CN6Nc,E1,leicester,swansea,2026-04-11
vBTkhUcU,E1,middlesbrough,portsmouth,2026-04-11
AqH7ABDb,E1,oxford utd,watford,2026-04-11
vP8O6TCN,E1,sheffield utd,hull,2026-04-11
A7af17zo,E1,southampton,derby,2026-04-11
j3xsPASi,E1,stoke,blackburn,2026-04-11
IeusfjTH,E1,coventry,sheffield wed,2026-04-11
UZ8aCXrn,E1,norwich,ipswich,2026-04-11
rcFF8krB,E1,qpr,bristol city,2026-04-11
xKzkNlc4,E1,west brom,millwall,2026-04-10
htSg5P7T,E1,wrexham,southampton,2026-04-07
pSGJjHMP,E1,hull,coventry,2026-04-06
KSTo7owH,E1,swansea,middlesbrough,2026-04-06
OvNHWeVg,E1,blackburn,west brom,2026-04-06
d6zPUZa6,E1,bristol city,sheffield utd,2026-04-06
hYTXSDUI,E1,derby,stoke,2026-04-06
4Ccjoepm,E1,ipswich,birmingham,2026-04-06
vkhFuiEO,E1,preston,qpr,2026-04-06
IFNPafat,E1,sheffield wed,leicester,2026-04-06
jTLXcYTh,E1,watford,charlton,2026-04-06
A90bqZEa,E1,millwall,norwich,2026-04-06
WOl7sDqC,E1,portsmouth,oxford utd,2026-04-06
hYD9WzEd,E1,coventry,derby,2026-04-03
x0CxvJLM,E1,birmingham,blackburn,2026-04-03
YVc8Ydqp,E1,charlton,bristol city,2026-04-03
Kv6efv63,E1,leicester,preston,2026-04-03
lKcCjd5S,E1,norwich,portsmouth,2026-04-03
6yvqozTk,E1,oxford utd,hull,2026-04-03
vkxiqEc2,E1,qpr,watford,2026-04-03
I3XUATwh,E1,sheffield utd,swansea,2026-04-03
2PY8YH0s,E1,stoke,sheffield wed,2026-04-03
QTzw9784,E1,west brom,wrexham,2026-04-03
tff4hIzG,E1,middlesbrough,millwall,2026-04-03
x8frmQoo,E1,swansea,coventry,2026-03-21
M9NLCtNN,E1,bristol city,west brom,2026-03-21
6sah7Kpo,E1,charlton,norwich,2026-03-21
86umT174,E1,hull,sheffield wed,2026-03-21
hCxZJcUj,E1,qpr,portsmouth,2026-03-21
6P3ChnON,E1,sheffield utd,wrexham,2026-03-21
Y7FLs1Mc,E1,southampton,oxford utd,2026-03-21
tYITuuiA,E1,watford,leicester,2026-03-21
EqKDE2hB,E1,blackburn,middlesbrough,2026-03-21
CvnvVNxh,E1,derby,birmingham,2026-03-21
tKweRuxH,E1,ipswich,millwall,2026-03-21
xnX3PJ6T,E1,preston,stoke,2026-03-20
Iship0s3,E1,southampton,norwich,2026-03-18
t81ovm9U,E1,watford,wrexham,2026-03-17
Cb4msdT8,D1,hamburger sv,hertha berlin,2022-05-23
Y75qrxE2,D1,hertha berlin,hamburger sv,2022-05-19
vgG6Vc6s,D1,arminia bielefeld,rb leipzig,2022-05-14
SGmwmQyF,D1,augsburg,greuther furth,2022-05-14
pY7vSOak,D1,bayer leverkusen,freiburg,2022-05-14
Io6nQ2U1,D1,b. monchengladbach,hoffenheim,2022-05-14
t6C8XpxS,D1,dortmund,hertha berlin,2022-05-14
YglZm6M8,D1,mainz,eintracht frankfurt,2022-05-14
f3kVln72,D1,stuttgart,fc koln,2022-05-14
ve7rRrFe,D1,union berlin,bochum,2022-05-14
nmkyT4pq,D1,wolfsburg,bayern munich,2022-05-14
QHC4FoGq,D1,rb leipzig,augsburg,2022-05-08
O8QxKR7S,D1,bayern munich,stuttgart,2022-05-08
6TT1E5Vk,D1,eintracht frankfurt,b. monchengladbach,2022-05-08
CQKiyTx3,D1,hertha berlin,mainz,2022-05-07
fkAdzmh9,D1,fc koln,wolfsburg,2022-05-07
pKS5DPpd,D1,freiburg,union berlin,2022-05-07
2FD4YQML,D1,greuther furth,dortmund,2022-05-07
bNGmx9Nd,D1,hoffenheim,bayer leverkusen,2022-05-07
Yu90Z67F,D1,bochum,arminia bielefeld,2022-05-06
Wf1THJKp,D1,bayer leverkusen,eintracht frankfurt,2022-05-02
n3VDPVwi,D1,b. monchengladbach,rb leipzig,2022-05-02
fTYLN983,D1,hoffenheim,freiburg,2022-04-30
UoRYK7hM,D1,arminia bielefeld,hertha berlin,2022-04-30
GrNULmwG,D1,augsburg,fc koln,2022-04-30
EFE1MaCT,D1,dortmund,bochum,2022-04-30
YJXPMTN9,D1,mainz,bayern munich,2022-04-30
QgUHOkgc,D1,stuttgart,wolfsburg,2022-04-30
rV4XGwzi,D1,union berlin,greuther furth,2022-04-29
pzNpQsD4,D1,hertha berlin,stuttgart,2022-04-24
ImLhOLsH,D1,bochum,augsburg,2022-04-24
fiuP8trU,D1,bayern munich,dortmund,2022-04-23
l8TyS3rh,D1,eintracht frankfurt,hoffenheim,2022-04-23
vcMlP1SA,D1,fc koln,arminia bielefeld,2022-04-23
WWItRNcb,D1,freiburg,b. monchengladbach,2022-04-23
zPFcNucN,D1,greuther furth,bayer leverkusen,2022-04-23
d0Rj40jo,D1,rb leipzig,union berlin,2022-04-23
AHUXSqTo,D1,wolfsburg,mainz,2022-04-22
OniiG6qt,D1,bayer leverkusen,rb leipzig,2022-04-17
QBm8COr5,D1,hoffenheim,greuther furth,2022-04-17
zNfeFQbn,D1,union berlin,eintracht frankfurt,2022-04-17
CSkK9MSN,D1,arminia bielefeld,bayern munich,2022-04-17
UqfaEpEh,D1,b. monchengladbach,fc koln,2022-04-16
bPoGA2DH,D1,augsburg,hertha berlin,2022-04-16
O8lq89iJ,D1,dortmund,wolfsburg,2022-04-16
8zg3D4Tb,D1,freiburg,bochum,2022-04-16
42nCBrbB,D1,mainz,stuttgart,2022-04-16
4rjeJZaK,D1,rb leipzig,hoffenheim,2022-04-10
n3gKDDNs,D1,eintracht frankfurt,freiburg,2022-04-10
GroyAVM6,D1,bochum,bayer leverkusen,2022-04-10
fTdSBihf,D1,hertha berlin,union berlin,2022-04-09
QiiiKFpE,D1,bayern munich,augsburg,2022-04-09
xhnXAB70,D1,fc koln,mainz,2022-04-09
pIku9kxD,D1,greuther furth,b. monchengladbach,2022-04-09
pf7hIgFQ,D1,wolfsburg,arminia bielefeld,2022-04-09
tQhOCXxl,D1,stuttgart,dortmund,2022-04-08
2yaSfaH2,D1,augsburg,mainz,2022-04-06
8d6haE8l,D1,b. monchengladbach,mainz,2022-04-03
boa5dCh7,D1,augsburg,wolfsburg,2022-04-03
WGCE6dGE,D1,dortmund,rb leipzig,2022-04-02
Cl39eW7D,D1,arminia bielefeld,stuttgart,2022-04-02
OOUL4zoR,D1,bayer leverkusen,hertha berlin,2022-04-02
QwCI5GVK,D1,eintracht frankfurt,greuther furth,2022-04-02
xWAdbYNf,D1,freiburg,bayern munich,2022-04-02
GM90chw1,D1,hoffenheim,bochum,2022-04-02
U57l0fgr,D1,union berlin,fc koln,2022-04-01
xIVNqZ81,D1,fc koln,dortmund,2022-03-20
pKjqiHGR,D1,wolfsburg,bayer leverkusen,2022-03-20
xfiuhc1L,D1,rb leipzig,eintracht frankfurt,2022-03-20
b3hygwnF,D1,bayern munich,union berlin,2022-03-19
hQDA7x18,D1,greuther furth,freiburg,2022-03-19
reWJpFge,D1,hertha berlin,hoffenheim,2022-03-19
UiSFoevk,D1,mainz,arminia bielefeld,2022-03-19
nTxBnyPr,D1,stuttgart,augsburg,2022-03-19
G8URrgO7,D1,bochum,b. monchengladbach,2022-03-18
0ChbKIuj,D1,mainz,dortmund,2022-03-16
Gv3WgJW8,D1,greuther furth,rb leipzig,2022-03-13
2ywcuKHF,D1,dortmund,arminia bielefeld,2022-03-13
p0S1vvXL,D1,eintracht frankfurt,bochum,2022-03-13
dzW5wbnS,D1,bayer leverkusen,fc koln,2022-03-13
h6HyYyAk,D1,b. monchengladbach,hertha berlin,2022-03-12
AsCtXePe,D1,freiburg,wolfsburg,2022-03-12
lYApWFv2,D1,hoffenheim,bayern munich,2022-03-12
EFIXYHfq,D1,union berlin,stuttgart,2022-03-12
fBZlstm3,D1,fc koln,hoffenheim,2022-03-06
6kgfLbQq,D1,stuttgart,b. monchengladbach,2022-03-05
OC0QvmR4,D1,bayern munich,bayer leverkusen,2022-03-05
Opvgt029,D1,bochum,greuther furth,2022-03-05
EFd2Jxed,D1,hertha berlin,eintracht frankfurt,2022-03-05
23aUw7tB,D1,rb leipzig,freiburg,2022-03-05
UPVQxReH,D1,wolfsburg,union berlin,2022-03-05
GKzorMXd,D1,arminia bielefeld,augsburg,2022-03-04
YN7Dsksn,D1,augsburg,dortmund,2022-02-27
GncIt9dh,D1,bochum,rb leipzig,2022-02-27
GnymRTd5,D1,eintracht frankfurt,bayern munich,2022-02-26
A9ziQmCB,D1,bayer leverkusen,arminia bielefeld,2022-02-26
48TaORtO,D1,b. monchengladbach,wolfsburg,2022-02-26
raS3NodU,D1,freiburg,hertha berlin,2022-02-26
Uk1MuTBb,D1,greuther furth,fc koln,2022-02-26
MqveP7RH,D1,union berlin,mainz,2022-02-26
fX89rVRu,D1,hoffenheim,stuttgart,2022-02-25
tUrzUVCn,D1,hertha berlin,rb leipzig,2022-02-20
MPFDCUsC,D1,dortmund,b. monchengladbach,2022-02-20
rZG9DAS5,D1,bayern munich,greuther furth,2022-02-20
fZ9fBLTO,D1,hamburger sv,stuttgart,2023-06-05
GrBjC1EI,D1,stuttgart,hamburger sv,2023-06-01
Q5QC6sy8,D1,b. monchengladbach,augsburg,2023-05-27
bBUeT4rL,D1,bochum,bayer leverkusen,2023-05-27
MDTeAPyq,D1,dortmund,mainz,2023-05-27
v9EfVQD8,D1,eintracht frankfurt,freiburg,2023-05-27
C2M87NL1,D1,fc koln,bayern munich,2023-05-27
jmYa9qik,D1,rb leipzig,schalke,2023-05-27
x2TaSOcR,D1,stuttgart,hoffenheim,2023-05-27
UwX3836e,D1,union berlin,werder bremen,2023-05-27
IaDbUpTE,D1,wolfsburg,hertha berlin,2023-05-27
dCgNeQMk,D1,bayer leverkusen,b. monchengladbach,2023-05-21
pYZHH7q9,D1,augsburg,dortmund,2023-05-21
UPiVg4i2,D1,mainz,stuttgart,2023-05-21
r9kJd67q,D1,bayern munich,rb leipzig,2023-05-20
veZLGRbF,D1,hertha berlin,bochum,2023-05-20
6syEImU2,D1,hoffenheim,union berlin,2023-05-20
xthPFoEL,D1,schalke,eintracht frankfurt,2023-05-20
K4sUE5TR,D1,werder bremen,fc koln,2023-05-20
jZhRfpxd,D1,freiburg,wolfsburg,2023-05-19
2kYmsR7d,D1,rb leipzig,werder bremen,2023-05-14
xSCj1naS,D1,stuttgart,bayer leverkusen,2023-05-14
ObZqr7hj,D1,dortmund,b. monchengladbach,2023-05-13
6Nvuqmwp,D1,bayern munich,schalke,2023-05-13
byEn2SqM,D1,bochum,augsburg,2023-05-13
CKFv4lF9,D1,eintracht frankfurt,mainz,2023-05-13
GhMV5Apc,D1,union berlin,freiburg,2023-05-13
jBEr38UF,D1,wolfsburg,hoffenheim,2023-05-13
UeQZ4Ua3,D1,fc koln,hertha berlin,2023-05-12
ETF1VT8p,D1,dortmund,wolfsburg,2023-05-07
4EhDmTUS,D1,werder bremen,bayern munich,2023-05-06
bHk5kk0G,D1,augsburg,union berlin,2023-05-06
Gh00jVpA,D1,b. monchengladbach,bochum,2023-05-06
UyblgX0i,D1,freiburg,rb leipzig,2023-05-06
Aig9l9FM,D1,hertha berlin,stuttgart,2023-05-06
x21diBV3,D1,hoffenheim,eintracht frankfurt,2023-05-06
SWJ5UmOj,D1,bayer leverkusen,fc koln,2023-05-05
8SdhhiGc,D1,mainz,schalke,2023-05-05
xUNTkbfa,D1,wolfsburg,mainz,2023-04-30
dGk7YdPO,D1,bayern munich,hertha berlin,2023-04-30
MXiYndvI,D1,schalke,werder bremen,2023-04-29
r7OPjvug,D1,eintracht frankfurt,augsburg,2023-04-29
U3KLiKPn,D1,fc koln,freiburg,2023-04-29
pWrkct2P,D1,rb leipzig,hoffenheim,2023-04-29
rsgUmxPB,D1,stuttgart,b. monchengladbach,2023-04-29
nuVGh0At,D1,union berlin,bayer leverkusen,2023-04-29
GKMXlI95,D1,bochum,dortmund,2023-04-28
U3bjxuQa,D1,b. monchengladbach,union berlin,2023-04-23
x6JBqNXP,D1,bayer leverkusen,rb leipzig,2023-04-23
fo6wusts,D1,freiburg,schalke,2023-04-23
O2F7p3IJ,D1,dortmund,eintracht frankfurt,2023-04-22
OQcfyau6,D1,bochum,wolfsburg,2023-04-22
IPj3ZxAI,D1,hertha berlin,werder bremen,2023-04-22
jDanwLAg,D1,hoffenheim,fc koln,2023-04-22
Yy5sv1em,D1,mainz,bayern munich,2023-04-22
z11bzJfC,D1,augsburg,stuttgart,2023-04-21
djvDOLe0,D1,wolfsburg,bayer leverkusen,2023-04-16
61o0RNBs,D1,union berlin,bochum,2023-04-16
McyPLJuJ,D1,werder bremen,freiburg,2023-04-16
ERl8P1tf,D1,eintracht frankfurt,b. monchengladbach,2023-04-15
nH4TWqlK,D1,bayern munich,hoffenheim,2023-04-15
0Op4QsRm,D1,fc koln,mainz,2023-04-15
4haYV33Q,D1,rb leipzig,augsburg,2023-04-15
zswHNuB6,D1,stuttgart,dortmund,2023-04-15
r7xLMaQC,D1,schalke,hertha berlin,2023-04-14
zNAVBrCf,D1,hoffenheim,schalke,2023-04-09
dxavAMt7,D1,bochum,stuttgart,2023-04-09
ED9ZA2R0,D1,b. monchengladbach,wolfsburg,2023-04-09
8Q5PXPYD,D1,hertha berlin,rb leipzig,2023-04-08
fNHs9tdD,D1,augsburg,fc koln,2023-04-08
MFUfIpZQ,D1,bayer leverkusen,eintracht frankfurt,2023-04-08
8CQjJQJK,D1,dortmund,union berlin,2023-04-08
Sd7ND4sr,D1,freiburg,bayern munich,2023-04-08
6m6RCOdl,D1,mainz,werder bremen,2023-04-08
EkRnK64E,D1,werder bremen,hoffenheim,2023-04-02
2gOabPse,D1,fc koln,b. monchengladbach,2023-04-02
0S2JIgT9,D1,bayern munich,dortmund,2023-04-01
ljKea5Sl,D1,freiburg,hertha berlin,2023-04-01
U17NHDrG,D1,rb leipzig,mainz,2023-04-01
zaSrLnk8,D1,schalke,bayer leverkusen,2023-04-01
6RUj0oDr,D1,union berlin,stuttgart,2023-04-01
z7M7d3C7,D1,wolfsburg,augsburg,2023-04-01
dGN3cqc1,D1,eintracht frankfurt,bochum,2023-03-31
fkth2YrT,D1,mainz,freiburg,2023-03-19
Myrp4fEG,D1,bayer leverkusen,bayern munich,2023-03-19
Gbsl3ETM,D1,union berlin,eintracht frankfurt,2023-03-19
8Ywt5zaA,D1,dortmund,fc koln,2023-03-18
vDEAKFbc,D1,augsburg,schalke,2023-03-18
SxB6Leqi,D1,bochum,rb leipzig,2023-03-18
zqOKchip,D1,hoffenheim,hertha berlin,2023-03-18
My4FJZD3,D1,stuttgart,wolfsburg,2023-03-18
EZMOdC6j,D1,b. monchengladbach,werder bremen,2023-03-17
EixQ8Iao,D1,wolfsburg,union berlin,2023-03-12
Q9ly6Gq4,D1,werder bremen,bayer leverkusen,2023-03-12
vyLD5nYN,D1,freiburg,hoffenheim,2023-03-12
nJkX6dUc,D1,schalke,dortmund,2023-03-11
r9R4783B,D1,bayern munich,augsburg,2023-03-11
AJBq0Qeo,D1,eintracht frankfurt,stuttgart,2023-03-11
hryU7xFi,D1,hertha berlin,mainz,2023-03-11
0pM96SIH,D1,rb leipzig,b. monchengladbach,2023-03-11
YcKH46mU,D1,fc koln,bochum,2023-03-10
GdzlBj4n,D1,wolfsburg,eintracht frankfurt,2023-03-05
4I6Vh9lI,D1,bayer leverkusen,hertha berlin,2023-03-05
UBjWdVpR,D1,dusseldorf,bochum,2024-05-27
dpwPbiGE,D1,bochum,dusseldorf,2024-05-23
r7QOmnxn,D1,bayer leverkusen,augsburg,2024-05-18
fBoFTriU,D1,dortmund,darmstadt,2024-05-18
QVFTn6ih,D1,eintracht frankfurt,rb leipzig,2024-05-18
8EBlrr6N,D1,heidenheim,fc koln,2024-05-18
YeJyopM4,D1,hoffenheim,bayern munich,2024-05-18
fB7pqOjH,D1,stuttgart,b. monchengladbach,2024-05-18
WWMKlSMu,D1,union berlin,freiburg,2024-05-18
CnIup4yB,D1,werder bremen,bochum,2024-05-18
4MEXoQ6b,D1,wolfsburg,mainz,2024-05-18
Khg2Wp7B,D1,bochum,bayer leverkusen,2024-05-12
6NvEhyOD,D1,bayern munich,wolfsburg,2024-05-12
GKnBUOyO,D1,darmstadt,hoffenheim,2024-05-12
U30kZnNh,D1,mainz,dortmund,2024-05-11
CSkfY6xa,D1,b. monchengladbach,eintracht frankfurt,2024-05-11
QVgbXQi5,D1,fc koln,union berlin,2024-05-11
jD1ozT7n,D1,freiburg,heidenheim,2024-05-11
rm2sy9ht,D1,rb leipzig,werder bremen,2024-05-11
bqh6V4MH,D1,augsburg,stuttgart,2024-05-10
2kEXqqKD,D1,heidenheim,mainz,2024-05-05
2RVpgmcR,D1,eintracht frankfurt,bayer leverkusen,2024-05-05
4tDsfTsL,D1,union berlin,bochum,2024-05-05
bcHGmRKl,D1,fc koln,freiburg,2024-05-04
MHNxe9SE,D1,dortmund,augsburg,2024-05-04
lnATpP47,D1,stuttgart,bayern munich,2024-05-04
fPAPo5k1,D1,werder bremen,b. monchengladbach,2024-05-04
K6ICl75r,D1,wolfsburg,darmstadt,2024-05-04
GYBLnoze,D1,hoffenheim,rb leipzig,2024-05-03
rROYekD8,D1,darmstadt,heidenheim,2024-04-28
Khwvz8jk,D1,mainz,fc koln,2024-04-28
YesrZR5e,D1,b. monchengladbach,union berlin,2024-04-28
QVwzylyq,D1,bayer leverkusen,stuttgart,2024-04-27
fBVjX5z8,D1,augsburg,werder bremen,2024-04-27
4Ky7sjbF,D1,bayern munich,eintracht frankfurt,2024-04-27
OMi8uUSR,D1,freiburg,wolfsburg,2024-04-27
rBzBtADL,D1,rb leipzig,dortmund,2024-04-27
GKWnYoL1,D1,bochum,hoffenheim,2024-04-26
2iFySAbS,D1,freiburg,mainz,2024-04-21
dfCTTWTF,D1,dortmund,bayer leverkusen,2024-04-21
dfYbqCT2,D1,werder bremen,stuttgart,2024-04-21
jHBXSjqM,D1,union berlin,bayern munich,2024-04-20
GbeCL8yd,D1,fc koln,darmstadt,2024-04-20
Acx3rWr9,D1,heidenheim,rb leipzig,2024-04-20
fkfGKSj2,D1,hoffenheim,b. monchengladbach,2024-04-20
nPj8MlMk,D1,wolfsburg,bochum,2024-04-20
8Yi4NU6q,D1,eintracht frankfurt,augsburg,2024-04-19
AcjbEiUS,D1,bayer leverkusen,werder bremen,2024-04-14
I3DPUCE9,D1,darmstadt,freiburg,2024-04-14
0SIKVha3,D1,stuttgart,eintracht frankfurt,2024-04-13
xWxiGDaG,D1,bayern munich,fc koln,2024-04-13
fVRU8Vij,D1,b. monchengladbach,dortmund,2024-04-13
8YVY7k7d,D1,bochum,heidenheim,2024-04-13
C6xQ9Bxp,D1,mainz,hoffenheim,2024-04-13
GMyeFXEM,D1,rb leipzig,wolfsburg,2024-04-13
MyKGWYqc,D1,augsburg,union berlin,2024-04-12
WY1ieCNj,D1,wolfsburg,b. monchengladbach,2024-04-07
t4qrIZU3,D1,hoffenheim,augsburg,2024-04-07
6mnBFt95,D1,dortmund,stuttgart,2024-04-06
nspvJFFc,D1,fc koln,bochum,2024-04-06
0nuKDKwI,D1,freiburg,rb leipzig,2024-04-06
f7mnHgpA,D1,heidenheim,bayern munich,2024-04-06
8jozKe0i,D1,mainz,darmstadt,2024-04-06
lCyGE0OB,D1,union berlin,bayer leverkusen,2024-04-06
hr3mdh8p,D1,eintracht frankfurt,werder bremen,2024-04-05
KWqaIrPn,D1,bochum,darmstadt,2024-03-31
Sdm7GMga,D1,stuttgart,heidenheim,2024-03-31
bNr3H2vg,D1,augsburg,fc koln,2024-03-31
lj0u2Nv6,D1,bayern munich,dortmund,2024-03-30
8hGt019I,D1,bayer leverkusen,hoffenheim,2024-03-30
0n3SN41P,D1,b. monchengladbach,freiburg,2024-03-30
nqFpaLOO,D1,eintracht frankfurt,union berlin,2024-03-30
Staq1sfC,D1,rb leipzig,mainz,2024-03-30
x8ffJO9t,D1,werder bremen,wolfsburg,2024-03-30
fFL2l4A6,D1,dortmund,eintracht frankfurt,2024-03-17
nNwAnruJ,D1,freiburg,bayer leverkusen,2024-03-17
b17S4Pfm,D1,hoffenheim,stuttgart,2024-03-16
fT0y33Pa,D1,darmstadt,bayern munich,2024-03-16
tQdX3qAg,D1,heidenheim,b. monchengladbach,2024-03-16
SIGdAoXP,D1,mainz,bochum,2024-03-16
lxL6mOPC,D1,union berlin,werder bremen,2024-03-16
lSHhBRHJ,D1,wolfsburg,augsburg,2024-03-16
KA8O55us,D1,fc koln,rb leipzig,2024-03-15
SblBblYD,D1,bayer leverkusen,wolfsburg,2024-03-10
6kmFc8mK,D1,eintracht frankfurt,hoffenheim,2024-03-10
KdTki6Qm,D1,bochum,freiburg,2024-03-10
QZTohnBs,D1,werder bremen,dortmund,2024-03-09
bmSgjQuf,D1,augsburg,heidenheim,2024-03-09
M11Pzot7,D1,bayern munich,mainz,2024-03-09
lExKdS2Q,D1,b. monchengladbach,fc koln,2024-03-09
0h0TZ4eD,D1,rb leipzig,darmstadt,2024-03-09
GOMbkpe0,D1,stuttgart,union berlin,2024-03-08
hM98vTtr,D1,hoffenheim,werder bremen,2024-03-03
CSRuq9YQ,D1,fc koln,bayer leverkusen,2024-03-03
vFTXpV3E,D1,wolfsburg,stuttgart,2024-03-02
WC8Cwmdl,D1,bochum,rb leipzig,2024-03-02
vwCKyRQ0,D1,darmstadt,augsburg,2024-03-02
QZ7Gx7Bf,D1,heidenheim,eintracht frankfurt,2024-03-02
YyTypkJK,D1,mainz,b. monchengladbach,2024-03-02
QZooNRB7,D1,union berlin,dortmund,2024-03-02
SvQToBl8,D1,freiburg,bayern munich,2024-03-01
I9rwPmse,D1,augsburg,freiburg,2024-02-25
prcdovbc,D1,dortmund,hoffenheim,2024-02-25
pIR0rxrG,D1,eintracht frankfurt,wolfsburg,2024-02-25
EgJGN7p2,D1,elversberg,heidenheim,2025-05-26
IRP7PTFk,D1,heidenheim,elversberg,2025-05-22
YmLinyG6,D1,augsburg,union berlin,2025-05-17
M91n8IxQ,D1,b. monchengladbach,wolfsburg,2025-05-17
KpeIXy1D,D1,dortmund,holstein kiel,2025-05-17
xMRrlcof,D1,freiburg,eintracht frankfurt,2025-05-17
48TzjJGs,D1,heidenheim,werder bremen,2025-05-17
nim4eugK,D1,hoffenheim,bayern munich,2025-05-17
tEOapFpJ,D1,mainz,bayer leverkusen,2025-05-17
bV69ZcW0,D1,rb leipzig,stuttgart,2025-05-17
Ig2H2d0m,D1,st. pauli,bochum,2025-05-17
4zhoqB3c,D1,stuttgart,augsburg,2025-05-11
jqSQOtIr,D1,eintracht frankfurt,st. pauli,2025-05-11
Ct5aL7Bj,D1,bayer leverkusen,dortmund,2025-05-11
02ofskY9,D1,bayern munich,b. monchengladbach,2025-05-10
8p0xstvR,D1,bochum,mainz,2025-05-10
j531yK1l,D1,holstein kiel,freiburg,2025-05-10
zX1Ur29E,D1,union berlin,heidenheim,2025-05-10
CbGZMKne,D1,werder bremen,rb leipzig,2025-05-10
KOJsLbH7,D1,wolfsburg,hoffenheim,2025-05-09
x0Y3WXJi,D1,mainz,eintracht frankfurt,2025-05-04
QL4oEj4N,D1,freiburg,bayer leverkusen,2025-05-04
MijH8URp,D1,augsburg,holstein kiel,2025-05-04
Od8UHY4b,D1,dortmund,wolfsburg,2025-05-03
pQyCUBl4,D1,b. monchengladbach,hoffenheim,2025-05-03
2sKLJfzn,D1,rb leipzig,bayern munich,2025-05-03
hdOSQTmT,D1,st. pauli,stuttgart,2025-05-03
6uQKSkJG,D1,union berlin,werder bremen,2025-05-03
WMBxGCZA,D1,heidenheim,bochum,2025-05-02
xQHf5eLh,D1,werder bremen,st. pauli,2025-04-27
659B1DKH,D1,bochum,union berlin,2025-04-27
OI1v35vP,D1,eintracht frankfurt,rb leipzig,2025-04-26
lt7F89Am,D1,bayer leverkusen,augsburg,2025-04-26
ILbW4R9C,D1,bayern munich,mainz,2025-04-26
UaEn7Hjt,D1,hoffenheim,dortmund,2025-04-26
CIvCaikU,D1,holstein kiel,b. monchengladbach,2025-04-26
YiB33Zk5,D1,wolfsburg,freiburg,2025-04-26
Mg5N6mu0,D1,stuttgart,heidenheim,2025-04-25
fuksRHQE,D1,st. pauli,bayer leverkusen,2025-04-20
KlV5hcKk,D1,dortmund,b. monchengladbach,2025-04-20
K2Av7dZr,D1,augsburg,eintracht frankfurt,2025-04-20
lr2e3EY7,D1,union berlin,stuttgart,2025-04-19
0IT7CIBL,D1,freiburg,hoffenheim,2025-04-19
SEYDjyk2,D1,heidenheim,bayern munich,2025-04-19
SSDn5z4e,D1,mainz,wolfsburg,2025-04-19
zHgZcJdS,D1,rb leipzig,holstein kiel,2025-04-19
S4VaEvs9,D1,werder bremen,bochum,2025-04-19
MXBrkODc,D1,eintracht frankfurt,heidenheim,2025-04-13
AgrQWtbT,D1,stuttgart,werder bremen,2025-04-13
6PTeRKLj,D1,bayern munich,dortmund,2025-04-12
ERlHY2TG,D1,bayer leverkusen,union berlin,2025-04-12
Gfmvvb5d,D1,b. monchengladbach,freiburg,2025-04-12
8lzQ11c3,D1,bochum,augsburg,2025-04-12
SUEjm2rA,D1,hoffenheim,mainz,2025-04-12
SjjRauSF,D1,holstein kiel,st. pauli,2025-04-12
KSgVuKzp,D1,wolfsburg,rb leipzig,2025-04-11
bwwsXkhC,D1,union berlin,wolfsburg,2025-04-06
t0yAzPb4,D1,st. pauli,b. monchengladbach,2025-04-06
KnI7IjwJ,D1,werder bremen,eintracht frankfurt,2025-04-05
Kpm1xoUi,D1,bochum,stuttgart,2025-04-05
0reftfVP,D1,freiburg,dortmund,2025-04-05
CMEaKC86,D1,heidenheim,bayer leverkusen,2025-04-05
QPvZYBNa,D1,mainz,holstein kiel,2025-04-05
hKbbMYwf,D1,rb leipzig,hoffenheim,2025-04-05
WQoQzYhm,D1,augsburg,bayern munich,2025-04-04
SftwHw2E,D1,dortmund,mainz,2025-03-30
C0wP7ZO0,D1,freiburg,union berlin,2025-03-30
08voFHWQ,D1,eintracht frankfurt,stuttgart,2025-03-29
CnbjgzA7,D1,bayern munich,st. pauli,2025-03-29
0MJJTGoK,D1,b. monchengladbach,rb leipzig,2025-03-29
KhLH9efl,D1,hoffenheim,augsburg,2025-03-29
K60jOf9s,D1,holstein kiel,werder bremen,2025-03-29
YFRX5DgD,D1,wolfsburg,heidenheim,2025-03-29
QVaredue,D1,bayer leverkusen,bochum,2025-03-28
lCLZdcgo,D1,stuttgart,bayer leverkusen,2025-03-16
ObVJ2ms4,D1,heidenheim,holstein kiel,2025-03-16
YXK32vmL,D1,bochum,eintracht frankfurt,2025-03-16
GYRB49Ci,D1,rb leipzig,dortmund,2025-03-15
jDo0rJek,D1,augsburg,wolfsburg,2025-03-15
pCv9tcQ1,D1,mainz,freiburg,2025-03-15
x6Rf40I8,D1,union berlin,bayern munich,2025-03-15
pEJS0RBG,D1,werder bremen,b. monchengladbach,2025-03-15
4GBZdIAr,D1,st. pauli,hoffenheim,2025-03-14
vwAUmKGU,D1,hoffenheim,heidenheim,2025-03-09
rBGLktnI,D1,eintracht frankfurt,union berlin,2025-03-09
SYlv8N1n,D1,freiburg,rb leipzig,2025-03-08
SEQdepIt,D1,bayer leverkusen,werder bremen,2025-03-08
EVO4gOng,D1,bayern munich,bochum,2025-03-08
AcIDi2H5,D1,dortmund,augsburg,2025-03-08
htz42JVN,D1,holstein kiel,stuttgart,2025-03-08
llwm61Wb,D1,wolfsburg,st. pauli,2025-03-08
dEte4u1B,D1,b. monchengladbach,mainz,2025-03-07
ne5Nto3m,D1,augsburg,freiburg,2025-03-02
K83VvPXa,D1,union berlin,holstein kiel,2025-03-02
f7TdQPI6,D1,eintracht frankfurt,bayer leverkusen,2025-03-01
Gzcvw32C,D1,bochum,hoffenheim,2025-03-01
GMH5O3mJ,D1,heidenheim,b. monchengladbach,2025-03-01
nsQlSolf,D1,rb leipzig,mainz,2025-03-01
O00nysXO,D1,st. pauli,dortmund,2025-03-01
rT9in7uQ,D1,werder bremen,wolfsburg,2025-03-01
SvAmU7Js,D1,stuttgart,bayern munich,2025-02-28
nNTXZxj3,D1,hoffenheim,stuttgart,2025-02-23
2Hn8JH5M,D1,bayern munich,eintracht frankfurt,2025-02-23
b1mwEeTq,D1,rb leipzig,heidenheim,2025-02-23
0l2JTtXh,D1,bayer leverkusen,hamburger sv,2026-05-16
vZDAV22t,D1,bayern munich,fc koln,2026-05-16
nJu0tKGb,D1,b. monchengladbach,hoffenheim,2026-05-16
rXgzQbWH,D1,eintracht frankfurt,stuttgart,2026-05-16
GphrOx1U,D1,freiburg,rb leipzig,2026-05-16
AakkKTad,D1,heidenheim,mainz,2026-05-16
EXetMkVq,D1,st. pauli,wolfsburg,2026-05-16
8YT8vboB,D1,union berlin,augsburg,2026-05-16
fBNhrtnn,D1,werder bremen,dortmund,2026-05-16
0EoA24Yg,D1,mainz,union berlin,2026-05-10
hruhDLnC,D1,fc koln,heidenheim,2026-05-10
lAY0BaHO,D1,hamburger sv,freiburg,2026-05-10
fmc5MPPP,D1,wolfsburg,bayern munich,2026-05-09
QVmyH3mm,D1,augsburg,b. monchengladbach,2026-05-09
KUtpFsIa,D1,hoffenheim,werder bremen,2026-05-09
6RGA0r36,D1,rb leipzig,st. pauli,2026-05-09
EiKIbMXI,D1,stuttgart,bayer leverkusen,2026-05-09
S0m24Q3s,D1,dortmund,eintracht frankfurt,2026-05-08
nq7nAez3,D1,freiburg,wolfsburg,2026-05-03
EcNSkRll,D1,b. monchengladbach,dortmund,2026-05-03
tAEqnqlD,D1,st. pauli,mainz,2026-05-03
rivf45np,D1,bayer leverkusen,rb leipzig,2026-05-02
bJ2N9ROM,D1,bayern munich,heidenheim,2026-05-02
U7x22qHd,D1,eintracht frankfurt,hamburger sv,2026-05-02
8G6V9ntK,D1,hoffenheim,stuttgart,2026-05-02
KfQzl5J0,D1,union berlin,fc koln,2026-05-02
Kd5f8Z4F,D1,werder bremen,augsburg,2026-05-02
noxFrkQN,D1,dortmund,freiburg,2026-04-26
UPVXbAA4,D1,stuttgart,werder bremen,2026-04-26
jgaFBmfA,D1,hamburger sv,hoffenheim,2026-04-25
b5NleS9T,D1,augsburg,eintracht frankfurt,2026-04-25
fR56D9Pc,D1,fc koln,bayer leverkusen,2026-04-25
2XIKk6Xj,D1,heidenheim,st. pauli,2026-04-25
rHNpwTmo,D1,mainz,bayern munich,2026-04-25
juKtcluH,D1,wolfsburg,b. monchengladbach,2026-04-25
MaSP0Wuh,D1,rb leipzig,union berlin,2026-04-24
YsCuUkBU,D1,b. monchengladbach,mainz,2026-04-19
lE8lWKz1,D1,bayern munich,stuttgart,2026-04-19
42KOXXB5,D1,freiburg,heidenheim,2026-04-19
8zRFZgsg,D1,eintracht frankfurt,rb leipzig,2026-04-18
z9D8yGCt,D1,bayer leverkusen,augsburg,2026-04-18
jJr6pBeB,D1,hoffenheim,dortmund,2026-04-18
Mwiklgdn,D1,union berlin,wolfsburg,2026-04-18
xGIWVBtI,D1,werder bremen,hamburger sv,2026-04-18
rgubnXQb,D1,st. pauli,fc koln,2026-04-17
jckRSoU8,D1,mainz,freiburg,2026-04-12
6VjbL3Mr,D1,stuttgart,hamburger sv,2026-04-12
hnFuYt6l,D1,fc koln,werder bremen,2026-04-12
2Hz1uPDE,D1,st. pauli,bayern munich,2026-04-11
zk7v5rx2,D1,dortmund,bayer leverkusen,2026-04-11
dGT9w3rR,D1,heidenheim,union berlin,2026-04-11
OAmZQPbL,D1,rb leipzig,b. monchengladbach,2026-04-11
Eef6Jsie,D1,wolfsburg,eintracht frankfurt,2026-04-11
zBrFHLL7,D1,augsburg,hoffenheim,2026-04-10
z70A19V9,D1,eintracht frankfurt,fc koln,2026-04-05
jqAhEnFF,D1,union berlin,st. pauli,2026-04-05
2NTch5hd,D1,stuttgart,dortmund,2026-04-04
Stc23V0c,D1,bayer leverkusen,wolfsburg,2026-04-04
fHGqG8p3,D1,b. monchengladbach,heidenheim,2026-04-04
dMlJam0M,D1,freiburg,bayern munich,2026-04-04
SO3W647k,D1,hamburger sv,augsburg,2026-04-04
riSaCQqS,D1,hoffenheim,mainz,2026-04-04
6ezkfRNq,D1,werder bremen,rb leipzig,2026-04-04
vNeR1IPh,D1,augsburg,stuttgart,2026-03-22
nmaZadf5,D1,st. pauli,freiburg,2026-03-22
MVd8ocuC,D1,mainz,eintracht frankfurt,2026-03-22
lIb0mJAa,D1,dortmund,hamburger sv,2026-03-21
hj5ikutm,D1,bayern munich,union berlin,2026-03-21
CYEFuS8j,D1,fc koln,b. monchengladbach,2026-03-21
tnhrbzPH,D1,heidenheim,bayer leverkusen,2026-03-21
I77I3vet,D1,wolfsburg,werder bremen,2026-03-21
SrS8qyAO,D1,rb leipzig,hoffenheim,2026-03-20
xKhKjXaf,D1,stuttgart,rb leipzig,2026-03-15
pMDubF7K,D1,freiburg,union berlin,2026-03-15
46fChgVs,D1,werder bremen,mainz,2026-03-15
M7ELf1IP,D1,hamburger sv,fc koln,2026-03-14
AqZxvfGl,D1,bayer leverkusen,bayern munich,2026-03-14
vPQgzCFD,D1,dortmund,augsburg,2026-03-14
I9xoxYp1,D1,eintracht frankfurt,heidenheim,2026-03-14
vqkymkaJ,D1,hoffenheim,wolfsburg,2026-03-14
YonTlBU6,D1,b. monchengladbach,st. pauli,2026-03-13
AVg4Pf1e,D1,union berlin,werder bremen,2026-03-08
IecCNYV7,D1,st. pauli,eintracht frankfurt,2026-03-08
jah6qGhR,D1,fc koln,dortmund,2026-03-07
WKzyOsQj,D1,freiburg,bayer leverkusen,2026-03-07
IofboxOE,D1,heidenheim,hoffenheim,2026-03-07
OENMooIc,D1,mainz,stuttgart,2026-03-07
rHwOqPnA,D1,rb leipzig,augsburg,2026-03-07
lG5eRGWr,D1,wolfsburg,hamburger sv,2026-03-07
Czf4T32T,D1,bayern munich,b. monchengladbach,2026-03-06
Yg01qtZp,D1,hamburger sv,bayer leverkusen,2026-03-04
4AjdVPXG,D1,hamburger sv,rb leipzig,2026-03-01
zBzbMUln,D1,eintracht frankfurt,freiburg,2026-03-01
QJVMGQIN,D1,stuttgart,wolfsburg,2026-03-01
dQO6K8Jb,D1,dortmund,bayern munich,2026-02-28
pnel2R3U,D1,bayer leverkusen,mainz,2026-02-28
MkHhB4to,D1,b. monchengladbach,union berlin,2026-02-28
re2mXo34,D1,hoffenheim,st. pauli,2026-02-28
UixEInlB,D1,werder bremen,heidenheim,2026-02-28
xbauZ7Yi,D1,augsburg,fc koln,2026-02-27
G63X5945,D1,heidenheim,stuttgart,2026-02-22
M7AO7VZh,D1,st. pauli,werder bremen,2026-02-22
AmPlehjm,D1,freiburg,b. monchengladbach,2026-02-22
23wbiAkC,D1,rb leipzig,dortmund,2026-02-21
Gn7GD06E,D1,bayern munich,eintracht frankfurt,2026-02-21
lK1u4mZH,D1,fc koln,hoffenheim,2026-02-21
Es7G9i5t,D1,union berlin,bayer leverkusen,2026-02-21
ATt6klKO,D1,wolfsburg,augsburg,2026-02-21
6mWgKndt,D2,sg dynamo dresden,kaiserslautern,2022-05-24
URvSOSmP,D2,kaiserslautern,sg dynamo dresden,2022-05-20
KjOdyXWP,D2,darmstadt,paderborn,2022-05-15
Cl3yUlPa,D2,hannover,ingolstadt,2022-05-15
2wdlRn9I,D2,hansa rostock,hamburger sv,2022-05-15
xWAOWjus,D2,heidenheim,karlsruher sc,2022-05-15
Yc4XUU9g,D2,nurnberg,schalke,2022-05-15
6B2uT8v6,D2,sandhausen,holstein kiel,2022-05-15
KE6qSSgC,D2,sg dynamo dresden,aue,2022-05-15
GM9SVAfm,D2,st. pauli,dusseldorf,2022-05-15
M55gxDHJ,D2,werder bremen,regensburg,2022-05-15
CzO2FkA6,D2,aue,werder bremen,2022-05-08
tnpKND2Q,D2,holstein kiel,nurnberg,2022-05-08
jLZgHBuf,D2,karlsruher sc,sg dynamo dresden,2022-05-08
0zTMOgmK,D2,schalke,st. pauli,2022-05-07
reWoJXAs,D2,hamburger sv,hannover,2022-05-07
K0RADTvJ,D2,ingolstadt,hansa rostock,2022-05-07
tAS6E9PC,D2,regensburg,heidenheim,2022-05-07
xIVkIiQm,D2,dusseldorf,darmstadt,2022-05-06
YqPbGVf0,D2,paderborn,sandhausen,2022-05-06
p0WoNtCF,D2,darmstadt,aue,2022-04-30
8tty1jeD,D2,hansa rostock,paderborn,2022-04-30
MqUIPZXD,D2,ingolstadt,hamburger sv,2022-04-30
fwxX1Wu7,D2,sg dynamo dresden,regensburg,2022-04-30
YNmO3hBf,D2,hannover,karlsruher sc,2022-04-29
QcpG5Etr,D2,heidenheim,dusseldorf,2022-04-29
CEnS2CQ0,D2,sandhausen,schalke,2022-04-29
4lqK4Yel,D2,st. pauli,nurnberg,2022-04-29
YPSsOMd9,D2,werder bremen,holstein kiel,2022-04-29
0CUZPrSd,D2,aue,hansa rostock,2022-04-24
Ofoi1akd,D2,nurnberg,sandhausen,2022-04-24
jsmq3LKq,D2,paderborn,hannover,2022-04-24
p4nm2uzj,D2,st. pauli,darmstadt,2022-04-23
h6789NsG,D2,holstein kiel,heidenheim,2022-04-23
v3TwP2s3,D2,regensburg,hamburger sv,2022-04-23
bVh5A3S9,D2,schalke,werder bremen,2022-04-23
Wd6C8scM,D2,dusseldorf,sg dynamo dresden,2022-04-22
ELeH71CS,D2,karlsruher sc,ingolstadt,2022-04-22
CYWZfOSM,D2,darmstadt,schalke,2022-04-17
xG4dCPcc,D2,hansa rostock,regensburg,2022-04-17
jPVwfrrT,D2,heidenheim,aue,2022-04-17
Kvf1BqD3,D2,ingolstadt,paderborn,2022-04-17
6yURdpbA,D2,werder bremen,nurnberg,2022-04-17
IBXVe4DG,D2,hamburger sv,karlsruher sc,2022-04-16
WID6k2jp,D2,hannover,dusseldorf,2022-04-16
A9CAlM5j,D2,sandhausen,st. pauli,2022-04-16
OC0hD5ri,D2,sg dynamo dresden,holstein kiel,2022-04-16
OlMfbxIH,D2,holstein kiel,hamburger sv,2022-04-10
d2K2dGnU,D2,paderborn,karlsruher sc,2022-04-10
OCvNcQr4,D2,sandhausen,sg dynamo dresden,2022-04-10
xdxB0Sbo,D2,nurnberg,darmstadt,2022-04-09
GnyFanEi,D2,aue,hannover,2022-04-09
rw5caI2B,D2,schalke,heidenheim,2022-04-09
YNBUizeo,D2,st. pauli,werder bremen,2022-04-09
2uLbcdXN,D2,dusseldorf,hansa rostock,2022-04-08
pMuJb6Tc,D2,regensburg,ingolstadt,2022-04-08
lv62X8D1,D2,hamburger sv,aue,2022-04-05
z7Ex4tlt,D2,heidenheim,nurnberg,2022-04-03
prZSqw3O,D2,karlsruher sc,dusseldorf,2022-04-03
4YQKoaYB,D2,werder bremen,sandhausen,2022-04-03
AP6k1vYb,D2,hansa rostock,st. pauli,2022-04-02
OYXWrcIU,D2,darmstadt,holstein kiel,2022-04-02
2JqOpJmI,D2,hamburger sv,paderborn,2022-04-02
EcDt303n,D2,hannover,regensburg,2022-04-02
4n6g0bm5,D2,ingolstadt,aue,2022-04-01
dM2o2KIh,D2,sg dynamo dresden,schalke,2022-04-01
SlTmq6CD,D2,holstein kiel,ingolstadt,2022-03-20
zgZ3ksZn,D2,nurnberg,sg dynamo dresden,2022-03-20
WKSCmL3a,D2,regensburg,paderborn,2022-03-20
tYUuoSs1,D2,werder bremen,darmstadt,2022-03-19
Ug7W7kkE,D2,dusseldorf,hamburger sv,2022-03-19
ABRGnuJ5,D2,sandhausen,hansa rostock,2022-03-19
lbUqpnc7,D2,schalke,hannover,2022-03-19
EqY7l1lg,D2,aue,karlsruher sc,2022-03-18
tWZajNJt,D2,st. pauli,heidenheim,2022-03-18
lzj1hAkR,D2,hannover,nurnberg,2022-03-13
2sWyn8Sf,D2,ingolstadt,schalke,2022-03-13
0E96WSS7,D2,karlsruher sc,regensburg,2022-03-13
h8dhfWKE,D2,heidenheim,werder bremen,2022-03-12
AqicgjzL,D2,paderborn,dusseldorf,2022-03-12
6FxTmUcr,D2,sg dynamo dresden,st. pauli,2022-03-12
EHcleC58,D2,darmstadt,sandhausen,2022-03-11
KItXnlDl,D2,hansa rostock,holstein kiel,2022-03-11
SOHgZUrk,D2,aue,regensburg,2022-03-06
0EXEtDjF,D2,dusseldorf,ingolstadt,2022-03-06
tbEWJkq2,D2,werder bremen,sg dynamo dresden,2022-03-06
bkDkzBTr,D2,nurnberg,hamburger sv,2022-03-05
6FGcYlbe,D2,sandhausen,hannover,2022-03-05
S0Z6rZL2,D2,schalke,hansa rostock,2022-03-05
dtRNviLR,D2,st. pauli,karlsruher sc,2022-03-05
EHyJuX5L,D2,darmstadt,heidenheim,2022-03-04
6iYAsgy9,D2,holstein kiel,paderborn,2022-03-04
8pvXVexc,D2,hamburger sv,werder bremen,2022-02-27
2qXuUZ69,D2,heidenheim,sandhausen,2022-02-27
l0ZiRXjS,D2,regensburg,dusseldorf,2022-02-27
fsCKMiaq,D2,sg dynamo dresden,darmstadt,2022-02-26
8pGOLBEk,D2,hansa rostock,nurnberg,2022-02-26
27FSKVTe,D2,ingolstadt,st. pauli,2022-02-26
KKsyVFi3,D2,karlsruher sc,schalke,2022-02-26
A9zlSDyM,D2,hannover,holstein kiel,2022-02-25
tzWqTgMF,D2,paderborn,aue,2022-02-25
2qBAEf7M,D2,darmstadt,hansa rostock,2022-02-20
lt76FzhG,D2,dusseldorf,aue,2022-02-20
d6AEDEMS,D2,st. pauli,hannover,2022-02-20
KGHsENq6,D2,arminia bielefeld,wehen,2023-06-06
QgIwF3Ua,D2,wehen,arminia bielefeld,2023-06-02
fXCvjnXp,D2,greuther furth,darmstadt,2023-05-28
rgkVC9vb,D2,hannover,holstein kiel,2023-05-28
ddgZBTg4,D2,hansa rostock,braunschweig,2023-05-28
Qyoj8ogT,D2,kaiserslautern,dusseldorf,2023-05-28
nonn9RwN,D2,magdeburg,arminia bielefeld,2023-05-28
0UaQDkPi,D2,paderborn,nurnberg,2023-05-28
U9isA7OG,D2,regensburg,heidenheim,2023-05-28
jJhwBm9A,D2,sandhausen,hamburger sv,2023-05-28
Mw1MEV9o,D2,st. pauli,karlsruher sc,2023-05-28
Mud29zY5,D2,dusseldorf,hannover,2023-05-21
zq068fmC,D2,karlsruher sc,kaiserslautern,2023-05-21
lScfBd3g,D2,nurnberg,hansa rostock,2023-05-21
zLHJHbQP,D2,hamburger sv,greuther furth,2023-05-20
xzaGIvBJ,D2,arminia bielefeld,paderborn,2023-05-20
I7kB7E2I,D2,braunschweig,regensburg,2023-05-20
Wj3kCxlm,D2,heidenheim,sandhausen,2023-05-20
h04oDIYt,D2,darmstadt,magdeburg,2023-05-19
SIdbAGIa,D2,holstein kiel,st. pauli,2023-05-19
6kTGcwZg,D2,hannover,darmstadt,2023-05-14
bPP8aa4s,D2,paderborn,heidenheim,2023-05-14
S4HPeH36,D2,regensburg,hamburger sv,2023-05-14
dGws4udQ,D2,st. pauli,dusseldorf,2023-05-13
G4Mq5LtK,D2,greuther furth,braunschweig,2023-05-13
hnPCbJJm,D2,holstein kiel,karlsruher sc,2023-05-13
zVKXgeYI,D2,kaiserslautern,arminia bielefeld,2023-05-13
dvMTfyJC,D2,magdeburg,nurnberg,2023-05-12
lEILdcl0,D2,sandhausen,hansa rostock,2023-05-12
xENu61RD,D2,braunschweig,sandhausen,2023-05-07
KIxso0kl,D2,heidenheim,magdeburg,2023-05-07
lhsopK4f,D2,nurnberg,kaiserslautern,2023-05-07
tSwwntzr,D2,darmstadt,st. pauli,2023-05-06
SrtkqvK0,D2,dusseldorf,holstein kiel,2023-05-06
OAZcsIlD,D2,hansa rostock,regensburg,2023-05-06
A7VgrbZ6,D2,karlsruher sc,hannover,2023-05-06
OAc6i2CK,D2,arminia bielefeld,greuther furth,2023-05-05
zo1AjMRQ,D2,hamburger sv,paderborn,2023-05-05
vaV9nh9e,D2,dusseldorf,karlsruher sc,2023-04-30
QeR5mYgk,D2,holstein kiel,darmstadt,2023-04-30
CCTHpWw8,D2,sandhausen,regensburg,2023-04-30
YLUDoCO1,D2,hannover,nurnberg,2023-04-29
Umb2hrcE,D2,kaiserslautern,hansa rostock,2023-04-29
jcabgOs8,D2,magdeburg,hamburger sv,2023-04-29
tOkZhfWR,D2,st. pauli,arminia bielefeld,2023-04-29
nmyWgzHL,D2,greuther furth,heidenheim,2023-04-28
rXy1lEvq,D2,paderborn,braunschweig,2023-04-28
2a1SZEPk,D2,heidenheim,holstein kiel,2023-04-23
QXnNedn9,D2,regensburg,kaiserslautern,2023-04-23
CUrJdxX2,D2,sandhausen,paderborn,2023-04-23
8dxSfG1F,D2,braunschweig,magdeburg,2023-04-22
Kxyig3QA,D2,arminia bielefeld,hannover,2023-04-22
bRfyYhf2,D2,hansa rostock,greuther furth,2023-04-22
KzdXYYvd,D2,nurnberg,dusseldorf,2023-04-22
O82OzeAq,D2,darmstadt,karlsruher sc,2023-04-21
WCvehNuH,D2,hamburger sv,st. pauli,2023-04-21
lh5iY1lo,D2,dusseldorf,darmstadt,2023-04-16
Umrvd5th,D2,karlsruher sc,arminia bielefeld,2023-04-16
vJFHv4BH,D2,st. pauli,braunschweig,2023-04-16
xEonfqB4,D2,kaiserslautern,hamburger sv,2023-04-15
CWDPxrtU,D2,holstein kiel,nurnberg,2023-04-15
bNnrePeb,D2,magdeburg,sandhausen,2023-04-15
I9ELwOQN,D2,paderborn,hansa rostock,2023-04-15
b7bKupdB,D2,greuther furth,regensburg,2023-04-14
jcqzcoRo,D2,hannover,heidenheim,2023-04-14
K2KsSQRB,D2,arminia bielefeld,dusseldorf,2023-04-09
0CSkQ4dO,D2,darmstadt,paderborn,2023-04-09
UR63qSdn,D2,hansa rostock,holstein kiel,2023-04-09
Qg0Cs6Rb,D2,regensburg,magdeburg,2023-04-09
Cjd8rnCh,D2,sandhausen,greuther furth,2023-04-09
v3RgPOBU,D2,heidenheim,st. pauli,2023-04-08
KGaGtQt5,D2,braunschweig,kaiserslautern,2023-04-08
ImwoRpsI,D2,hamburger sv,hannover,2023-04-08
jy8ap8st,D2,nurnberg,karlsruher sc,2023-04-08
KvxeyV4P,D2,holstein kiel,arminia bielefeld,2023-04-02
nkMZTnca,D2,magdeburg,hansa rostock,2023-04-02
vqa8DRCI,D2,paderborn,greuther furth,2023-04-02
QuLwT6C5,D2,kaiserslautern,heidenheim,2023-04-01
jNSQV8Sn,D2,hannover,sandhausen,2023-04-01
UDRUUSsg,D2,karlsruher sc,braunschweig,2023-04-01
WIa4E7cC,D2,st. pauli,regensburg,2023-04-01
d0TMWlDt,D2,dusseldorf,hamburger sv,2023-03-31
IZcCCoSO,D2,nurnberg,darmstadt,2023-03-31
hS00Fmr6,D2,braunschweig,hannover,2023-03-19
2w8mIkbm,D2,hansa rostock,dusseldorf,2023-03-19
d07iH9Dg,D2,sandhausen,st. pauli,2023-03-19
rgRGNBzQ,D2,darmstadt,kaiserslautern,2023-03-18
javVa8rJ,D2,greuther furth,magdeburg,2023-03-18
42SCOiLJ,D2,hamburger sv,holstein kiel,2023-03-18
A3BeGTSa,D2,regensburg,paderborn,2023-03-18
vPzR0lTC,D2,arminia bielefeld,nurnberg,2023-03-17
On9qJVrs,D2,heidenheim,karlsruher sc,2023-03-17
AqqA4WTm,D2,hannover,hansa rostock,2023-03-12
GrRyNvpF,D2,holstein kiel,regensburg,2023-03-12
lzrE3jqf,D2,karlsruher sc,hamburger sv,2023-03-12
SKg55CEs,D2,dusseldorf,heidenheim,2023-03-11
dS7g0Hx2,D2,arminia bielefeld,darmstadt,2023-03-11
I9nI2Ab0,D2,magdeburg,paderborn,2023-03-11
rVSTO0F2,D2,st. pauli,greuther furth,2023-03-11
d0oM1UD6,D2,kaiserslautern,sandhausen,2023-03-10
MLRXNKU8,D2,nurnberg,braunschweig,2023-03-10
Iy9k1cNe,D2,braunschweig,arminia bielefeld,2023-03-05
OEXgCNVd,D2,greuther furth,hannover,2023-03-05
QwUA8uVL,D2,hansa rostock,karlsruher sc,2023-03-05
0pW8jp3d,D2,wehen,regensburg,2024-05-28
hKS0h6Yq,D2,regensburg,wehen,2024-05-24
IymNbXwC,D2,dusseldorf,magdeburg,2024-05-19
ARXxGY8n,D2,elversberg,karlsruher sc,2024-05-19
jsi6LfoP,D2,greuther furth,schalke,2024-05-19
volJaDO5,D2,hamburger sv,nurnberg,2024-05-19
xv3OdB8O,D2,hannover,holstein kiel,2024-05-19
S2rYGEgt,D2,hansa rostock,paderborn,2024-05-19
bm4KcigI,D2,kaiserslautern,braunschweig,2024-05-19
lIWtFhOh,D2,vfl osnabruck,hertha berlin,2024-05-19
IiyoECwa,D2,wehen,st. pauli,2024-05-19
pOlF0g9a,D2,braunschweig,wehen,2024-05-12
rcTYKNfE,D2,karlsruher sc,hannover,2024-05-12
0Y3lDBy8,D2,st. pauli,vfl osnabruck,2024-05-12
A5d23ePt,D2,holstein kiel,dusseldorf,2024-05-11
lb0pEiM1,D2,hertha berlin,kaiserslautern,2024-05-11
WKpB1Zgg,D2,nurnberg,elversberg,2024-05-11
fy1tFX6e,D2,schalke,hansa rostock,2024-05-11
lde62Fvm,D2,magdeburg,greuther furth,2024-05-10
46UUL3u8,D2,paderborn,hamburger sv,2024-05-10
b97XGgxq,D2,vfl osnabruck,schalke,2024-05-07
d0L5LZTR,D2,elversberg,hertha berlin,2024-05-05
6BShOyp9,D2,hannover,paderborn,2024-05-05
Gp2xGDik,D2,wehen,holstein kiel,2024-05-05
SKTlPHU2,D2,kaiserslautern,magdeburg,2024-05-04
lzIcNeaF,D2,greuther furth,braunschweig,2024-05-04
2wM1MFEL,D2,hansa rostock,karlsruher sc,2024-05-04
E3Q70Yi2,D2,dusseldorf,nurnberg,2024-05-03
zDR31Exd,D2,hamburger sv,st. pauli,2024-05-03
rFnP8dpM,D2,magdeburg,vfl osnabruck,2024-04-28
M5oT7GaS,D2,nurnberg,karlsruher sc,2024-04-28
hlxa2fNk,D2,wehen,greuther furth,2024-04-28
voCPme8d,D2,schalke,dusseldorf,2024-04-27
voYf3z8q,D2,braunschweig,hamburger sv,2024-04-27
QwhK9xVF,D2,holstein kiel,kaiserslautern,2024-04-27
nmgGAIF9,D2,paderborn,elversberg,2024-04-27
tjj8Cvoc,D2,hertha berlin,hannover,2024-04-26
hQgCBb03,D2,st. pauli,hansa rostock,2024-04-26
YqTtdJ0G,D2,hannover,st. pauli,2024-04-21
nmXpewGM,D2,hansa rostock,magdeburg,2024-04-21
0WUYcuW3,D2,karlsruher sc,hertha berlin,2024-04-21
tUEXa11i,D2,hamburger sv,holstein kiel,2024-04-20
KKDyaLGc,D2,dusseldorf,greuther furth,2024-04-20
vNTxcaoA,D2,kaiserslautern,wehen,2024-04-20
0fDLlygj,D2,vfl osnabruck,braunschweig,2024-04-20
WK8HkHwp,D2,elversberg,schalke,2024-04-19
UBMkfcVS,D2,nurnberg,paderborn,2024-04-19
ENMoxb9p,D2,braunschweig,hannover,2024-04-14
UkoFsKoN,D2,magdeburg,hamburger sv,2024-04-14
v1h2pM14,D2,st. pauli,elversberg,2024-04-14
ngzenrXi,D2,schalke,nurnberg,2024-04-13
0GtBr0WG,D2,holstein kiel,vfl osnabruck,2024-04-13
MPs7qtHA,D2,paderborn,karlsruher sc,2024-04-13
SQQkyIOj,D2,wehen,dusseldorf,2024-04-13
8tpJtv1T,D2,greuther furth,kaiserslautern,2024-04-12
tGZbo2nb,D2,hertha berlin,hansa rostock,2024-04-12
IFwKpVem,D2,dusseldorf,braunschweig,2024-04-07
neRWsTu6,D2,hannover,schalke,2024-04-07
82yimOHo,D2,vfl osnabruck,greuther furth,2024-04-07
4WySr9Qa,D2,karlsruher sc,st. pauli,2024-04-06
Wph8Ovuo,D2,elversberg,magdeburg,2024-04-06
vPvGoBts,D2,hamburger sv,kaiserslautern,2024-04-06
fLUvt7AI,D2,nurnberg,holstein kiel,2024-04-06
0bVzsmeC,D2,hansa rostock,wehen,2024-04-05
QuwOqkBg,D2,paderborn,hertha berlin,2024-04-05
6yA1SmtJ,D2,greuther furth,hamburger sv,2024-03-31
SpBcTTQC,D2,magdeburg,hannover,2024-03-31
rcPyYiCs,D2,schalke,karlsruher sc,2024-03-31
xdIpWVtf,D2,st. pauli,paderborn,2024-03-31
Ys2mjiYP,D2,wehen,vfl osnabruck,2024-03-31
QLEtXBRm,D2,hertha berlin,nurnberg,2024-03-30
KvbqiXIJ,D2,braunschweig,elversberg,2024-03-30
WIHlVkd0,D2,holstein kiel,hansa rostock,2024-03-30
A9GhU9B6,D2,kaiserslautern,dusseldorf,2024-03-30
IuNAJhcl,D2,hamburger sv,wehen,2024-03-17
vkO6KYsr,D2,hertha berlin,schalke,2024-03-17
OhhBHWR0,D2,karlsruher sc,magdeburg,2024-03-17
IFiFGjs7,D2,hannover,kaiserslautern,2024-03-16
CEY5wElK,D2,elversberg,holstein kiel,2024-03-16
WIeJFAdD,D2,hansa rostock,greuther furth,2024-03-16
YNZ1vfZD,D2,nurnberg,st. pauli,2024-03-16
p2g7ICCf,D2,paderborn,braunschweig,2024-03-15
tlwAxY3Q,D2,vfl osnabruck,dusseldorf,2024-03-15
QsrWQz5E,D2,greuther furth,elversberg,2024-03-10
byjp3XC7,D2,kaiserslautern,vfl osnabruck,2024-03-10
xM1y5gre,D2,st. pauli,hertha berlin,2024-03-10
niqSRGk8,D2,magdeburg,nurnberg,2024-03-09
Kpit4Dc1,D2,holstein kiel,karlsruher sc,2024-03-09
WObT6FDr,D2,schalke,paderborn,2024-03-09
M9yuPEZQ,D2,wehen,hannover,2024-03-09
86XzQfKK,D2,braunschweig,hansa rostock,2024-03-08
QobX5ZSl,D2,dusseldorf,hamburger sv,2024-03-08
UFC1Be5R,D2,elversberg,wehen,2024-03-03
pSxbizEe,D2,hamburger sv,vfl osnabruck,2024-03-03
OIy2jfT1,D2,paderborn,magdeburg,2024-03-03
QNFpFw62,D2,karlsruher sc,greuther furth,2024-03-02
vRJlEcL8,D2,hannover,dusseldorf,2024-03-02
YmJhDHzF,D2,hansa rostock,kaiserslautern,2024-03-02
CvIdCyjL,D2,nurnberg,braunschweig,2024-03-02
x2wfhGbk,D2,hertha berlin,holstein kiel,2024-03-01
bBvjgdqq,D2,schalke,st. pauli,2024-03-01
0OzheqFT,D2,dusseldorf,hansa rostock,2024-02-25
WdO9DQUc,D2,greuther furth,nurnberg,2024-02-25
IaomdPaN,D2,hamburger sv,elversberg,2024-02-25
WA1QCjWq,D2,braunschweig,saarbrucken,2025-05-27
xAqhVbnB,D2,saarbrucken,braunschweig,2025-05-23
4UEN5vp4,D2,braunschweig,nurnberg,2025-05-18
OCY7B9GP,D2,darmstadt,regensburg,2025-05-18
r1sV3ccJ,D2,fc koln,kaiserslautern,2025-05-18
GADn4R8a,D2,greuther furth,hamburger sv,2025-05-18
OzHf25wC,D2,hertha berlin,hannover,2025-05-18
fePw6mvm,D2,karlsruher sc,paderborn,2025-05-18
82LE70Fi,D2,magdeburg,dusseldorf,2025-05-18
G8YSqcNp,D2,schalke,elversberg,2025-05-18
CfIV3IEG,D2,ulm,preussen munster,2025-05-18
tfCXf2El,D2,hannover,greuther furth,2025-05-11
6en691Ts,D2,kaiserslautern,darmstadt,2025-05-11
AmqN5JS6,D2,regensburg,karlsruher sc,2025-05-11
M9V00OjR,D2,hamburger sv,ulm,2025-05-10
zgXh2pME,D2,dusseldorf,schalke,2025-05-10
AZ3liKDD,D2,elversberg,braunschweig,2025-05-10
E7Augtq1,D2,paderborn,magdeburg,2025-05-10
MNAZEN5K,D2,nurnberg,fc koln,2025-05-09
ELkE7ubf,D2,preussen munster,hertha berlin,2025-05-09
YTQOR3p2,D2,hertha berlin,greuther furth,2025-05-04
CExGTPFk,D2,karlsruher sc,kaiserslautern,2025-05-04
fZBJmo7L,D2,nurnberg,elversberg,2025-05-04
02urlf14,D2,fc koln,regensburg,2025-05-03
nXjbt3ae,D2,braunschweig,dusseldorf,2025-05-03
6FArnYVG,D2,darmstadt,hamburger sv,2025-05-03
fcf6vsU7,D2,ulm,hannover,2025-05-03
j5ckrPUr,D2,magdeburg,preussen munster,2025-05-02
0zJAk7x9,D2,schalke,paderborn,2025-05-02
6ufZKeXH,D2,hamburger sv,karlsruher sc,2025-04-27
27mrJZ1U,D2,hannover,fc koln,2025-04-27
tb8HXYGN,D2,kaiserslautern,schalke,2025-04-27
KOeRMH25,D2,dusseldorf,nurnberg,2025-04-26
IJNiwwmn,D2,paderborn,elversberg,2025-04-26
CtamSCvo,D2,preussen munster,darmstadt,2025-04-26
SlszjGWi,D2,regensburg,braunschweig,2025-04-26
EoH0yHHb,D2,greuther furth,ulm,2025-04-25
KrK8ZfnB,D2,hertha berlin,magdeburg,2025-04-25
vieJgJYI,D2,darmstadt,hannover,2025-04-20
KluIeu46,D2,fc koln,preussen munster,2025-04-20
6cm5HMQP,D2,karlsruher sc,greuther furth,2025-04-20
CIYa6dIO,D2,magdeburg,regensburg,2025-04-20
b97IOwYh,D2,ulm,hertha berlin,2025-04-20
jVOyC0lm,D2,schalke,hamburger sv,2025-04-19
jq4AQa3t,D2,braunschweig,kaiserslautern,2025-04-19
beSqAvJa,D2,elversberg,dusseldorf,2025-04-19
v5zh8ImC,D2,nurnberg,paderborn,2025-04-19
6J0f3W5F,D2,paderborn,dusseldorf,2025-04-13
j9m1aN4s,D2,preussen munster,karlsruher sc,2025-04-13
nysAc1Zg,D2,regensburg,schalke,2025-04-13
4ErsfSS1,D2,kaiserslautern,nurnberg,2025-04-12
Ai7o5hy3,D2,hannover,elversberg,2025-04-12
bHuZelbk,D2,hertha berlin,darmstadt,2025-04-12
pALTHVK8,D2,ulm,magdeburg,2025-04-12
vXb21AzS,D2,greuther furth,fc koln,2025-04-11
Iq50skqd,D2,hamburger sv,braunschweig,2025-04-11
d6Y4hFic,D2,elversberg,regensburg,2025-04-06
QoQLlXjM,D2,magdeburg,kaiserslautern,2025-04-06
UPu7Uhxi,D2,schalke,ulm,2025-04-06
AasJuJph,D2,fc koln,hertha berlin,2025-04-05
U1cKwcF4,D2,darmstadt,greuther furth,2025-04-05
xS0SyypH,D2,dusseldorf,preussen munster,2025-04-05
UJWCjgM9,D2,nurnberg,hamburger sv,2025-04-05
dUGiqBEq,D2,braunschweig,paderborn,2025-04-04
bskyzFET,D2,karlsruher sc,hannover,2025-04-04
St7yZDSq,D2,greuther furth,schalke,2025-03-30
boumiDlS,D2,preussen munster,braunschweig,2025-03-30
S0VIoiCk,D2,regensburg,nurnberg,2025-03-30
U5mWfek3,D2,kaiserslautern,dusseldorf,2025-03-29
0SjegrEb,D2,hannover,magdeburg,2025-03-29
Ec5qXicd,D2,hertha berlin,karlsruher sc,2025-03-29
8hf3iMrB,D2,paderborn,fc koln,2025-03-29
40cne4qn,D2,hamburger sv,elversberg,2025-03-28
2JovgZJF,D2,ulm,darmstadt,2025-03-28
llNxy1bU,D2,braunschweig,hertha berlin,2025-03-16
dKTfQqpC,D2,karlsruher sc,ulm,2025-03-16
0EBMvqa5,D2,nurnberg,greuther furth,2025-03-16
hSWwURpm,D2,fc koln,darmstadt,2025-03-15
0hznS5Fa,D2,dusseldorf,regensburg,2025-03-15
vaNDt5Uh,D2,elversberg,preussen munster,2025-03-15
UXR2ONEO,D2,paderborn,kaiserslautern,2025-03-15
8vFUxNTH,D2,magdeburg,hamburger sv,2025-03-14
WYJ5rRat,D2,schalke,hannover,2025-03-14
v1htFbKD,D2,hannover,braunschweig,2025-03-09
rH3LBpVI,D2,preussen munster,nurnberg,2025-03-09
8fe7ZmNP,D2,regensburg,paderborn,2025-03-09
WzkYGKk1,D2,hamburger sv,dusseldorf,2025-03-08
MPHQMAwK,D2,greuther furth,magdeburg,2025-03-08
I9IeHl1s,D2,hertha berlin,schalke,2025-03-08
nkACD606,D2,ulm,fc koln,2025-03-08
z9ePItLl,D2,darmstadt,karlsruher sc,2025-03-07
EyC4FSVg,D2,kaiserslautern,elversberg,2025-03-07
jJ8IMkMM,D2,elversberg,hertha berlin,2025-03-02
ANuqwB63,D2,magdeburg,darmstadt,2025-03-02
b3f9QXMc,D2,paderborn,hamburger sv,2025-03-02
reCM2UUj,D2,karlsruher sc,fc koln,2025-03-01
4MYiykyG,D2,braunschweig,ulm,2025-03-01
rHmcF7Ed,D2,kaiserslautern,regensburg,2025-03-01
M1alHTqp,D2,nurnberg,hannover,2025-03-01
CCLj8j7T,D2,dusseldorf,greuther furth,2025-02-28
WGhHOBiA,D2,schalke,preussen munster,2025-02-28
zm2p1Hgn,D2,darmstadt,schalke,2025-02-23
dMWZtE8U,D2,fc koln,dusseldorf,2025-02-23
ATYujioo,D2,greuther furth,braunschweig,2025-02-23
E9JEthbT,D2,arminia bielefeld,hertha berlin,2026-05-17
jVYlndUi,D2,darmstadt,paderborn,2026-05-17
d4sEpqgm,D2,elversberg,preussen munster,2026-05-17
ncScpza4,D2,greuther furth,dusseldorf,2026-05-17
byn3Ohxo,D2,hannover,nurnberg,2026-05-17
4zUUt1hC,D2,karlsruher sc,bochum,2026-05-17
IJVMrNNa,D2,magdeburg,kaiserslautern,2026-05-17
hfV5rETG,D2,schalke,braunschweig,2026-05-17
phApyWLj,D2,sg dynamo dresden,holstein kiel,2026-05-17
4hN0wSoK,D2,dusseldorf,elversberg,2026-05-10
x0AmUN86,D2,hertha berlin,greuther furth,2026-05-10
AD8eS1wJ,D2,preussen munster,darmstadt,2026-05-10
dj2uWqvf,D2,nurnberg,schalke,2026-05-09
IqFDHpP0,D2,bochum,hannover,2026-05-09
QLjrj5VP,D2,braunschweig,sg dynamo dresden,2026-05-09
pWG5J6fl,D2,holstein kiel,magdeburg,2026-05-09
lQbXX59s,D2,kaiserslautern,arminia bielefeld,2026-05-08
xnVEFOgD,D2,paderborn,karlsruher sc,2026-05-08
jeGcj8Q1,D2,elversberg,paderborn,2026-05-03
WSjW47ue,D2,greuther furth,nurnberg,2026-05-03
z1cN6TAr,D2,hannover,preussen munster,2026-05-03
vVBiCkmL,D2,karlsruher sc,darmstadt,2026-05-03
r3IrEBI8,D2,magdeburg,hertha berlin,2026-05-03
xQgv3oA7,D2,schalke,dusseldorf,2026-05-02
ILWQQl2E,D2,arminia bielefeld,bochum,2026-05-02
UuSlhUek,D2,holstein kiel,braunschweig,2026-05-02
QozZOSWQ,D2,sg dynamo dresden,kaiserslautern,2026-05-02
4G5IcVGU,D2,bochum,greuther furth,2026-04-26
vgvG68go,D2,nurnberg,magdeburg,2026-04-26
KSuSHY1n,D2,paderborn,schalke,2026-04-26
SE68Cbs4,D2,darmstadt,elversberg,2026-04-25
f180EKCi,D2,hertha berlin,holstein kiel,2026-04-25
8AmpCUVN,D2,karlsruher sc,hannover,2026-04-25
Ot0HAxCG,D2,preussen munster,arminia bielefeld,2026-04-25
vVeTFCWb,D2,dusseldorf,sg dynamo dresden,2026-04-24
neayEj1B,D2,kaiserslautern,braunschweig,2026-04-24
v9Kh3Zng,D2,braunschweig,hertha berlin,2026-04-19
8zXzohXO,D2,greuther furth,darmstadt,2026-04-19
n12o5eIt,D2,schalke,preussen munster,2026-04-19
zNYSnE2C,D2,hannover,paderborn,2026-04-18
0O811DH5,D2,arminia bielefeld,nurnberg,2026-04-18
veuKlzYa,D2,magdeburg,dusseldorf,2026-04-18
8lC9ainI,D2,sg dynamo dresden,bochum,2026-04-18
hvsCjd3m,D2,elversberg,karlsruher sc,2026-04-17
865udIuQ,D2,holstein kiel,kaiserslautern,2026-04-17
MH3VsSKF,D2,bochum,braunschweig,2026-04-12
fV1wt6kS,D2,elversberg,schalke,2026-04-12
O0K1zpDk,D2,paderborn,magdeburg,2026-04-12
pYJpzyJ6,D2,darmstadt,hannover,2026-04-11
CKLxxclf,D2,hertha berlin,kaiserslautern,2026-04-11
ILSTwJJs,D2,nurnberg,sg dynamo dresden,2026-04-11
t0DgYEmJ,D2,preussen munster,greuther furth,2026-04-11
WQN9YNs2,D2,dusseldorf,holstein kiel,2026-04-10
CM0ddRZ8,D2,karlsruher sc,arminia bielefeld,2026-04-10
xUTRN6Tq,D2,braunschweig,nurnberg,2026-04-05
CnpmVlyA,D2,greuther furth,paderborn,2026-04-05
vZouXA6c,D2,hannover,elversberg,2026-04-05
hxUDGkMG,D2,holstein kiel,preussen munster,2026-04-05
8EwdTS5M,D2,schalke,karlsruher sc,2026-04-05
QkAMqlj3,D2,sg dynamo dresden,hertha berlin,2026-04-04
bqIzMpbd,D2,arminia bielefeld,darmstadt,2026-04-04
OQ3h97Ej,D2,kaiserslautern,dusseldorf,2026-04-04
EiIMETjT,D2,magdeburg,bochum,2026-04-04
6mS32a16,D2,bochum,holstein kiel,2026-03-22
OrcO5Y7b,D2,dusseldorf,hertha berlin,2026-03-22
pCQ5IBi4,D2,preussen munster,magdeburg,2026-03-22
lpXdKXMi,D2,darmstadt,schalke,2026-03-21
v1QB0wWI,D2,elversberg,arminia bielefeld,2026-03-21
djpBdUUp,D2,nurnberg,kaiserslautern,2026-03-21
GIgG7fwn,D2,paderborn,sg dynamo dresden,2026-03-21
hOlu2j7N,D2,hannover,braunschweig,2026-03-20
pboX3CxB,D2,karlsruher sc,greuther furth,2026-03-20
4KTtc4PQ,D2,kaiserslautern,karlsruher sc,2026-03-15
hp2Um0nD,D2,schalke,hannover,2026-03-15
ALYf4LWg,D2,sg dynamo dresden,preussen munster,2026-03-15
O4ADirml,D2,hertha berlin,bochum,2026-03-14
2eVn6s2s,D2,arminia bielefeld,paderborn,2026-03-14
INgGB3vK,D2,braunschweig,dusseldorf,2026-03-14
lUjkiEy8,D2,holstein kiel,nurnberg,2026-03-14
dI8LkMH0,D2,greuther furth,elversberg,2026-03-13
WhGZbQfE,D2,magdeburg,darmstadt,2026-03-13
S0N7vyh2,D2,hannover,greuther furth,2026-03-08
6oZbtcNk,D2,karlsruher sc,sg dynamo dresden,2026-03-08
t4msgz7e,D2,preussen munster,hertha berlin,2026-03-08
rmUJk103,D2,bochum,kaiserslautern,2026-03-07
l6820IEL,D2,darmstadt,holstein kiel,2026-03-07
f7Fg2vp9,D2,nurnberg,dusseldorf,2026-03-07
z3rToJaS,D2,paderborn,braunschweig,2026-03-07
G0SRmuVF,D2,elversberg,magdeburg,2026-03-06
pxfYfdxq,D2,schalke,arminia bielefeld,2026-03-06
0QVjnSgB,D2,braunschweig,preussen munster,2026-03-01
CjKzjAfn,D2,hertha berlin,nurnberg,2026-03-01
EehAZlA5,D2,magdeburg,karlsruher sc,2026-03-01
8IDqllPb,D2,greuther furth,schalke,2026-02-28
KErPTJwp,D2,arminia bielefeld,hannover,2026-02-28
ht41yBug,D2,holstein kiel,elversberg,2026-02-28
dvpRV69U,D2,kaiserslautern,paderborn,2026-02-28
0CjIXSvI,D2,dusseldorf,bochum,2026-02-27
SvnXRc8d,D2,sg dynamo dresden,darmstadt,2026-02-27
WCzKOXem,D2,hannover,sg dynamo dresden,2026-02-22
KY616jtJ,D2,paderborn,hertha berlin,2026-02-22
pG0gwXAt,D2,preussen munster,kaiserslautern,2026-02-22
6kVrJTPO,D2,schalke,magdeburg,2026-02-21
vwvSMBQa,D2,darmstadt,dusseldorf,2026-02-21
ELy18CB6,D2,elversberg,braunschweig,2026-02-21
nuamUgYP,D2,karlsruher sc,holstein kiel,2026-02-21
4dkgChbD,SP1,barcelona,villarreal,2022-05-22
MmlCSDrf,SP1,real sociedad,atl. madrid,2022-05-22
GAmGRXc0,SP1,sevilla,ath bilbao,2022-05-22
dWooEET0,SP1,alaves,cadiz cf,2022-05-22
61TyyxyE,SP1,granada cf,espanyol,2022-05-22
ERWqZF5Q,SP1,osasuna,mallorca,2022-05-22
IZXEnZZP,SP1,elche,getafe,2022-05-22
CxsPPBSC,SP1,valencia,celta vigo,2022-05-21
jTuTOVsJ,SP1,rayo vallecano,levante,2022-05-20
GzJBUZDs,SP1,real madrid,betis,2022-05-20
25IIMoG3,SP1,ath bilbao,osasuna,2022-05-15
G8MML5V9,SP1,atl. madrid,sevilla,2022-05-15
xOAVJq0M,SP1,betis,granada cf,2022-05-15
zJxdz5p3,SP1,cadiz cf,real madrid,2022-05-15
plAZI3FS,SP1,celta vigo,elche,2022-05-15
rPkAC1hd,SP1,getafe,barcelona,2022-05-15
OtfYGGqr,SP1,levante,alaves,2022-05-15
ULo6Dswj,SP1,mallorca,rayo vallecano,2022-05-15
IumsFfEf,SP1,villarreal,real sociedad,2022-05-15
WpW4YrFF,SP1,espanyol,valencia,2022-05-14
8Uwt9So4,SP1,real madrid,levante,2022-05-12
hzySaO8j,SP1,rayo vallecano,villarreal,2022-05-12
Gfsl76GG,SP1,real sociedad,cadiz cf,2022-05-12
UiKAO7oi,SP1,elche,atl. madrid,2022-05-11
bJWh6QVM,SP1,sevilla,mallorca,2022-05-11
IaBJiRGT,SP1,alaves,espanyol,2022-05-11
UwuxA8Wc,SP1,osasuna,getafe,2022-05-11
K8comoPp,SP1,barcelona,celta vigo,2022-05-10
nFkXAlHi,SP1,granada cf,ath bilbao,2022-05-10
EqxO04gp,SP1,valencia,betis,2022-05-10
KOiQa3ig,SP1,atl. madrid,real madrid,2022-05-08
8825dk2b,SP1,espanyol,osasuna,2022-05-08
bceIgmnH,SP1,villarreal,sevilla,2022-05-08
Mi0gaiIu,SP1,getafe,rayo vallecano,2022-05-08
EoiUbN6a,SP1,betis,barcelona,2022-05-07
UH31cVnh,SP1,cadiz cf,elche,2022-05-07
ADpwc1yC,SP1,celta vigo,alaves,2022-05-07
OdbH1PMt,SP1,ath bilbao,valencia,2022-05-07
rRroeu6O,SP1,mallorca,granada cf,2022-05-07
4zdEfTWA,SP1,levante,real sociedad,2022-05-06
Cx1B5YNE,SP1,getafe,betis,2022-05-02
02c76E88,SP1,barcelona,mallorca,2022-05-01
YFX6f8FD,SP1,rayo vallecano,real sociedad,2022-05-01
pjaJ3ChR,SP1,granada cf,celta vigo,2022-05-01
nXzlJihE,SP1,elche,osasuna,2022-05-01
K6KKrBG1,SP1,ath bilbao,atl. madrid,2022-04-30
C0qbdUp1,SP1,valencia,levante,2022-04-30
QqsnaW0r,SP1,real madrid,espanyol,2022-04-30
CtHCpXok,SP1,alaves,villarreal,2022-04-30
bcufcAVf,SP1,sevilla,cadiz cf,2022-04-29
Gba7hCQq,SP1,barcelona,rayo vallecano,2022-04-24
bZzxiZ8L,SP1,real sociedad,barcelona,2022-04-21
YZTpWXWe,SP1,cadiz cf,ath bilbao,2022-04-21
nwYlVin2,SP1,espanyol,rayo vallecano,2022-04-21
vXKzgev9,SP1,levante,sevilla,2022-04-21
KrxYiFgF,SP1,osasuna,real madrid,2022-04-20
KSmAxzfS,SP1,celta vigo,getafe,2022-04-20
0StbuxA9,SP1,atl. madrid,granada cf,2022-04-20
UHR7oDWr,SP1,villarreal,valencia,2022-04-19
txk6wGvM,SP1,betis,elche,2022-04-19
CKuxYg2q,SP1,mallorca,alaves,2022-04-19
YiNGSbQ3,SP1,barcelona,cadiz cf,2022-04-18
C603Jfmj,SP1,sevilla,real madrid,2022-04-17
xQT7UKei,SP1,ath bilbao,celta vigo,2022-04-17
jTXBTvBc,SP1,atl. madrid,espanyol,2022-04-17
baKSPdAM,SP1,granada cf,levante,2022-04-17
K8LOQxeG,SP1,getafe,villarreal,2022-04-16
SErjsbuc,SP1,valencia,osasuna,2022-04-16
pWtM6H3p,SP1,alaves,rayo vallecano,2022-04-16
65sftIf3,SP1,elche,mallorca,2022-04-16
Iq1aKzYq,SP1,real sociedad,betis,2022-04-15
pYLuRoka,SP1,rayo vallecano,valencia,2022-04-11
jV2I9pKO,SP1,levante,barcelona,2022-04-10
ULNiOqZH,SP1,elche,real sociedad,2022-04-10
xSbEAQ4I,SP1,espanyol,celta vigo,2022-04-10
hzs1YTdP,SP1,osasuna,alaves,2022-04-10
fqTSTm5t,SP1,real madrid,getafe,2022-04-09
d8PqQ545,SP1,villarreal,ath bilbao,2022-04-09
4E06Cnz6,SP1,mallorca,atl. madrid,2022-04-09
r5aAB6kC,SP1,cadiz cf,betis,2022-04-09
OIXWS7Kn,SP1,sevilla,granada cf,2022-04-08
4vW1Fljm,SP1,real sociedad,espanyol,2022-04-04
dY8zaT56,SP1,barcelona,sevilla,2022-04-03
pfkVKASP,SP1,granada cf,rayo vallecano,2022-04-03
b1V5E85g,SP1,valencia,cadiz cf,2022-04-03
vcbubmLC,SP1,betis,osasuna,2022-04-03
jy6S0kyf,SP1,ath bilbao,elche,2022-04-03
pb5Wa9j0,SP1,atl. madrid,alaves,2022-04-02
Imcqc7zJ,SP1,celta vigo,real madrid,2022-04-02
jyScGUzs,SP1,levante,villarreal,2022-04-02
63jRLjDJ,SP1,getafe,mallorca,2022-04-02
bwRm8XrK,SP1,real madrid,barcelona,2022-03-20
h0Qi7ibQ,SP1,sevilla,real sociedad,2022-03-20
4vpcoAy7,SP1,cadiz cf,villarreal,2022-03-20
dEpgnjM0,SP1,celta vigo,betis,2022-03-20
rVr1pUjD,SP1,espanyol,mallorca,2022-03-20
f9CJ2B6s,SP1,rayo vallecano,atl. madrid,2022-03-19
pzNq9DTD,SP1,osasuna,levante,2022-03-19
Cp7O1VLm,SP1,elche,valencia,2022-03-19
zadplCil,SP1,alaves,granada cf,2022-03-19
INokmW6f,SP1,ath bilbao,getafe,2022-03-18
I96GYWi1,SP1,mallorca,real madrid,2022-03-14
dfI7zgNl,SP1,barcelona,osasuna,2022-03-13
QP6AfEEK,SP1,real sociedad,alaves,2022-03-13
zoHBZCxe,SP1,betis,ath bilbao,2022-03-13
4G5EgYTQ,SP1,rayo vallecano,sevilla,2022-03-13
lx5qBKi8,SP1,betis,valencia,2023-06-04
KQrS2dal,SP1,celta vigo,barcelona,2023-06-04
vTbT0zU0,SP1,elche,cadiz cf,2023-06-04
YkbXafq7,SP1,espanyol,almeria,2023-06-04
0x0P1GEf,SP1,valladolid,getafe,2023-06-04
SS3mAv7E,SP1,mallorca,rayo vallecano,2023-06-04
ng2yaEbD,SP1,osasuna,girona,2023-06-04
Ofcd8IyR,SP1,real madrid,ath bilbao,2023-06-04
Aigh9bMK,SP1,real sociedad,sevilla,2023-06-04
tzpO3xpr,SP1,villarreal,atl. madrid,2023-06-04
SWJlkwVl,SP1,almeria,valladolid,2023-05-28
S8y2bs82,SP1,ath bilbao,elche,2023-05-28
tCu6c1N8,SP1,atl. madrid,real sociedad,2023-05-28
zZvAdLxF,SP1,barcelona,mallorca,2023-05-28
W0YIfa7R,SP1,cadiz cf,celta vigo,2023-05-28
EPwEeuhL,SP1,getafe,osasuna,2023-05-28
v7Nhlcpe,SP1,girona,betis,2023-05-28
Y9KpjJFr,SP1,rayo vallecano,villarreal,2023-05-28
MVCcmHa1,SP1,valencia,espanyol,2023-05-28
0MB1nyF7,SP1,sevilla,real madrid,2023-05-27
KpTZf81A,SP1,osasuna,ath bilbao,2023-05-25
QNTVeln4,SP1,mallorca,valencia,2023-05-25
j5yJbj2o,SP1,betis,getafe,2023-05-24
YmXwfSGG,SP1,espanyol,atl. madrid,2023-05-24
nXURdUWc,SP1,elche,sevilla,2023-05-24
nDbFzvGe,SP1,real madrid,rayo vallecano,2023-05-24
hxpCyK0k,SP1,villarreal,cadiz cf,2023-05-24
Eoo8x0oq,SP1,valladolid,barcelona,2023-05-23
UezNcAHi,SP1,celta vigo,girona,2023-05-23
Q3cJZcV1,SP1,real sociedad,almeria,2023-05-23
tf80t9nH,SP1,sevilla,betis,2023-05-21
x2myz7Pp,SP1,valencia,real madrid,2023-05-21
ruCuoXXo,SP1,atl. madrid,osasuna,2023-05-21
29d9vmHT,SP1,rayo vallecano,espanyol,2023-05-21
x2Bqpimh,SP1,barcelona,real sociedad,2023-05-20
YT4hrVH4,SP1,almeria,mallorca,2023-05-20
Kp74uT1N,SP1,getafe,elche,2023-05-20
4lDynDIu,SP1,ath bilbao,celta vigo,2023-05-20
CK3dskXA,SP1,girona,villarreal,2023-05-20
j5FmqB2b,SP1,cadiz cf,valladolid,2023-05-19
KnrtgREP,SP1,betis,rayo vallecano,2023-05-15
WvsKoq7a,SP1,espanyol,barcelona,2023-05-14
6cZWrsiI,SP1,valladolid,sevilla,2023-05-14
25xGnPig,SP1,elche,atl. madrid,2023-05-14
tjl7loNt,SP1,celta vigo,valencia,2023-05-14
AVuOp3M5,SP1,real madrid,getafe,2023-05-13
OEwCm5xm,SP1,villarreal,ath bilbao,2023-05-13
0KYzr16O,SP1,osasuna,almeria,2023-05-13
vBXvsLLU,SP1,real sociedad,girona,2023-05-13
hfVSqNyC,SP1,mallorca,cadiz cf,2023-05-12
hCObtlVJ,SP1,ath bilbao,betis,2023-05-04
O0bwZ5Ng,SP1,rayo vallecano,valladolid,2023-05-04
WQ1oXqh6,SP1,girona,mallorca,2023-05-04
ShefVNMI,SP1,sevilla,espanyol,2023-05-04
W2N2u8pQ,SP1,atl. madrid,cadiz cf,2023-05-03
AH0kW37C,SP1,getafe,celta vigo,2023-05-03
tx9YZo8m,SP1,valencia,villarreal,2023-05-03
6qfbUsxP,SP1,real sociedad,real madrid,2023-05-02
x42sYPx0,SP1,almeria,elche,2023-05-02
2oAUzShs,SP1,barcelona,osasuna,2023-05-02
j7pGH4hJ,SP1,sevilla,girona,2023-05-01
nFmaLngf,SP1,mallorca,ath bilbao,2023-05-01
4jr4K680,SP1,valladolid,atl. madrid,2023-04-30
E1kiN8Os,SP1,espanyol,getafe,2023-04-30
rss8JQN6,SP1,villarreal,celta vigo,2023-04-30
4hNNvyfF,SP1,cadiz cf,valencia,2023-04-30
rwZEtcP2,SP1,barcelona,betis,2023-04-29
x4tCIpwD,SP1,real madrid,almeria,2023-04-29
MTXIuHv9,SP1,elche,rayo vallecano,2023-04-29
8OleMSwl,SP1,osasuna,real sociedad,2023-04-28
AeTuUJuc,SP1,ath bilbao,sevilla,2023-04-27
2P0hPefS,SP1,valencia,valladolid,2023-04-27
GWtTIgXe,SP1,villarreal,espanyol,2023-04-27
dCViRHPF,SP1,celta vigo,elche,2023-04-26
Y7iOJZHk,SP1,rayo vallecano,barcelona,2023-04-26
ObXqTwe3,SP1,atl. madrid,mallorca,2023-04-26
fNuXHDn2,SP1,getafe,almeria,2023-04-26
ILWmScA9,SP1,betis,real sociedad,2023-04-25
OY1lQyuM,SP1,cadiz cf,osasuna,2023-04-25
K4mKKF2q,SP1,girona,real madrid,2023-04-25
ETD1G0Bc,SP1,sevilla,villarreal,2023-04-23
bHaNBxQS,SP1,mallorca,getafe,2023-04-23
Ae7AEvtA,SP1,barcelona,atl. madrid,2023-04-23
zwFcHtdi,SP1,elche,valencia,2023-04-23
GhAICIAM,SP1,real madrid,celta vigo,2023-04-22
Uajg6Gmj,SP1,real sociedad,rayo vallecano,2023-04-22
8jkc5z3d,SP1,valladolid,girona,2023-04-22
W486FKQ3,SP1,almeria,ath bilbao,2023-04-22
4I6EDbeG,SP1,osasuna,betis,2023-04-22
0Qok7dYq,SP1,espanyol,cadiz cf,2023-04-21
tGgO2ssb,SP1,celta vigo,mallorca,2023-04-17
8WMBgw4p,SP1,valencia,sevilla,2023-04-16
MZQFhcJj,SP1,atl. madrid,almeria,2023-04-16
GYoy0uRG,SP1,getafe,barcelona,2023-04-16
ObouaatN,SP1,girona,elche,2023-04-16
fJcS11d4,SP1,cadiz cf,real madrid,2023-04-15
ngfK3NRi,SP1,betis,espanyol,2023-04-15
82eG43Co,SP1,ath bilbao,real sociedad,2023-04-15
xrmX0LBA,SP1,villarreal,valladolid,2023-04-15
2kpqbJeT,SP1,rayo vallecano,osasuna,2023-04-14
CMMYiQSu,SP1,barcelona,girona,2023-04-10
f5Igm2sB,SP1,rayo vallecano,atl. madrid,2023-04-09
nuFokOCb,SP1,almeria,valencia,2023-04-09
QPQxiprn,SP1,betis,cadiz cf,2023-04-09
UyQ5p0RT,SP1,valladolid,mallorca,2023-04-09
bDmOFmNG,SP1,sevilla,barcelona,2024-05-26
2R3LeSVp,SP1,celta vigo,valencia,2024-05-26
hCtXDRiT,SP1,las palmas,alaves,2024-05-26
GUi3KB8o,SP1,getafe,mallorca,2024-05-26
txwTE7xN,SP1,real madrid,betis,2024-05-25
0IHg08NT,SP1,almeria,cadiz cf,2024-05-25
jmpGH9h4,SP1,rayo vallecano,ath bilbao,2024-05-25
KMlKGT7A,SP1,real sociedad,atl. madrid,2024-05-25
CdoCIkwb,SP1,osasuna,villarreal,2024-05-25
UXe7JVNi,SP1,girona,granada cf,2024-05-24
t2MJmVwO,SP1,ath bilbao,sevilla,2024-05-19
vmuNnkgU,SP1,atl. madrid,osasuna,2024-05-19
4A6T7YOu,SP1,barcelona,rayo vallecano,2024-05-19
r15X6hvn,SP1,betis,real sociedad,2024-05-19
CzAy6Cgh,SP1,cadiz cf,las palmas,2024-05-19
ng2l3AwB,SP1,granada cf,celta vigo,2024-05-19
Ykbp4jO4,SP1,mallorca,almeria,2024-05-19
tG1h2UhH,SP1,valencia,girona,2024-05-19
K60d1l8N,SP1,villarreal,real madrid,2024-05-19
jR8u5W8b,SP1,alaves,getafe,2024-05-18
p8EMBsQD,SP1,real sociedad,valencia,2024-05-16
vBRzlvY6,SP1,almeria,barcelona,2024-05-16
IaVbhgPh,SP1,las palmas,betis,2024-05-16
MXyjfFft,SP1,celta vigo,ath bilbao,2024-05-15
4dRfgZ9n,SP1,getafe,atl. madrid,2024-05-15
8lOBki9B,SP1,rayo vallecano,granada cf,2024-05-15
CMU2iDva,SP1,sevilla,cadiz cf,2024-05-15
I1QvmbmD,SP1,girona,villarreal,2024-05-14
nuNFlBOH,SP1,real madrid,alaves,2024-05-14
jDT6jXg5,SP1,osasuna,mallorca,2024-05-14
pljua4t8,SP1,barcelona,real sociedad,2024-05-13
AVZJiMYs,SP1,betis,almeria,2024-05-12
lMYNjtll,SP1,valencia,rayo vallecano,2024-05-12
tGPbjCx8,SP1,atl. madrid,celta vigo,2024-05-12
dOgqbOeE,SP1,cadiz cf,getafe,2024-05-12
2PQfihN1,SP1,ath bilbao,osasuna,2024-05-11
jogmcrBK,SP1,granada cf,real madrid,2024-05-11
rqYRk03f,SP1,villarreal,sevilla,2024-05-11
dnxWlKI0,SP1,mallorca,las palmas,2024-05-11
Uyhid2QQ,SP1,alaves,girona,2024-05-10
roPPwZh2,SP1,rayo vallecano,almeria,2024-05-05
CzYsffwq,SP1,sevilla,granada cf,2024-05-05
YkMjhY7e,SP1,valencia,alaves,2024-05-05
UsLLvFwd,SP1,celta vigo,villarreal,2024-05-05
thsCaGFL,SP1,osasuna,betis,2024-05-05
zuCB1xo9,SP1,mallorca,atl. madrid,2024-05-04
21r80d0F,SP1,girona,barcelona,2024-05-04
zFtGbzVR,SP1,real madrid,cadiz cf,2024-05-04
faNngEhk,SP1,real sociedad,las palmas,2024-05-04
dlD72IV2,SP1,getafe,ath bilbao,2024-05-03
YF5sRe9d,SP1,barcelona,valencia,2024-04-29
AXlQkunc,SP1,betis,sevilla,2024-04-28
8SWCty9q,SP1,villarreal,rayo vallecano,2024-04-28
romYmJG9,SP1,granada cf,osasuna,2024-04-28
lOmUla13,SP1,cadiz cf,mallorca,2024-04-28
xptsncoM,SP1,atl. madrid,ath bilbao,2024-04-27
fLjxmwWF,SP1,alaves,celta vigo,2024-04-27
fP6wSyfj,SP1,almeria,getafe,2024-04-27
GzuooH0S,SP1,las palmas,girona,2024-04-27
nJVGueOk,SP1,real sociedad,real madrid,2024-04-26
OtG7XcWS,SP1,sevilla,mallorca,2024-04-22
f1Sfz0nA,SP1,real madrid,barcelona,2024-04-21
GATjytX3,SP1,alaves,atl. madrid,2024-04-21
SlmdFbAp,SP1,almeria,villarreal,2024-04-21
YovnxMHc,SP1,getafe,real sociedad,2024-04-21
tIQ2YwHM,SP1,girona,cadiz cf,2024-04-20
2RRbZJ1G,SP1,valencia,betis,2024-04-20
027ZSHvp,SP1,rayo vallecano,osasuna,2024-04-20
Krzrw22i,SP1,celta vigo,las palmas,2024-04-20
6un0EIPj,SP1,ath bilbao,granada cf,2024-04-19
KQO7ykRn,SP1,osasuna,valencia,2024-04-15
ttDGZSea,SP1,real sociedad,almeria,2024-04-14
YZkkJ7BI,SP1,ath bilbao,villarreal,2024-04-14
CvURWQuI,SP1,granada cf,alaves,2024-04-14
bHNBz9tg,SP1,las palmas,sevilla,2024-04-14
vRVJYnB5,SP1,cadiz cf,barcelona,2024-04-13
jiK3xVBt,SP1,mallorca,real madrid,2024-04-13
YmVNX6QB,SP1,rayo vallecano,getafe,2024-04-13
nwfgIRQO,SP1,atl. madrid,girona,2024-04-13
lrYysB3P,SP1,betis,celta vigo,2024-04-12
YiLZl50A,SP1,granada cf,valencia,2024-04-04
KAzpM9Ra,SP1,villarreal,atl. madrid,2024-04-01
tKytNkCg,SP1,real madrid,ath bilbao,2024-03-31
ncxxOVdm,SP1,alaves,real sociedad,2024-03-31
0MisLTt6,SP1,girona,betis,2024-03-31
SCe5TiZP,SP1,celta vigo,rayo vallecano,2024-03-31
063J5lsJ,SP1,barcelona,las palmas,2024-03-30
vDjoKmdC,SP1,valencia,mallorca,2024-03-30
MF4F6URC,SP1,almeria,osasuna,2024-03-30
YgYXOBss,SP1,getafe,sevilla,2024-03-30
lMd1UXJJ,SP1,cadiz cf,granada cf,2024-03-29
ncjXgir7,SP1,atl. madrid,barcelona,2024-03-17
zJWRFY4Q,SP1,rayo vallecano,betis,2024-03-17
tdXNGEkK,SP1,las palmas,almeria,2024-03-17
YgC29Wsf,SP1,villarreal,valencia,2024-03-17
f3DbACSm,SP1,sevilla,celta vigo,2024-03-17
viFA7AC6,SP1,ath bilbao,alaves,2024-03-16
QmkygBcD,SP1,getafe,girona,2024-03-16
ShTJHfzE,SP1,osasuna,real madrid,2024-03-16
SGB68jc0,SP1,mallorca,granada cf,2024-03-16
xSIgBhDs,SP1,real sociedad,cadiz cf,2024-03-15
0SCjsEb1,SP1,almeria,sevilla,2024-03-11
Q54x5Hj8,SP1,betis,villarreal,2024-03-10
EVxQeDDf,SP1,real madrid,celta vigo,2024-03-10
I3qHcZrr,SP1,las palmas,ath bilbao,2024-03-10
0Odk2FzR,SP1,alaves,rayo vallecano,2024-03-10
4xBMgyvp,SP1,ath bilbao,barcelona,2025-05-25
djfP9mUs,SP1,villarreal,sevilla,2025-05-25
Q9A5gSq1,SP1,girona,atl. madrid,2025-05-25
befPDdVF,SP1,alaves,osasuna,2025-05-24
pCQ6i6ED,SP1,getafe,celta vigo,2025-05-24
CIIhF96K,SP1,rayo vallecano,mallorca,2025-05-24
nuc2SQDs,SP1,espanyol,las palmas,2025-05-24
hdCcelFl,SP1,leganes,valladolid,2025-05-24
jVjHFI03,SP1,real madrid,real sociedad,2025-05-24
AZDUiF8d,SP1,betis,valencia,2025-05-23
lnM5Sbuo,SP1,atl. madrid,betis,2025-05-18
2R3hj2Xi,SP1,barcelona,villarreal,2025-05-18
zu20lt24,SP1,celta vigo,rayo vallecano,2025-05-18
phUkacGM,SP1,las palmas,leganes,2025-05-18
vXbHpb1T,SP1,mallorca,getafe,2025-05-18
jedXXnjK,SP1,osasuna,espanyol,2025-05-18
O4zluxPj,SP1,real sociedad,girona,2025-05-18
GCxZ2uHc,SP1,sevilla,real madrid,2025-05-18
W6e9nKWG,SP1,valencia,ath bilbao,2025-05-18
CvWs1JoA,SP1,valladolid,alaves,2025-05-18
AaJpAqbD,SP1,espanyol,barcelona,2025-05-15
l22rPPYh,SP1,getafe,ath bilbao,2025-05-15
AHjiN335,SP1,osasuna,atl. madrid,2025-05-15
IsfaLsYH,SP1,rayo vallecano,betis,2025-05-15
lOwJy3Ib,SP1,real madrid,mallorca,2025-05-14
dfpyRo4t,SP1,alaves,valencia,2025-05-14
I3VZXKHN,SP1,villarreal,leganes,2025-05-14
dlsRZtmB,SP1,sevilla,las palmas,2025-05-13
E9m8JL2U,SP1,real sociedad,celta vigo,2025-05-13
ULNHwPmn,SP1,valladolid,girona,2025-05-13
KAQY8Dre,SP1,betis,osasuna,2025-05-11
rDwPJUdD,SP1,ath bilbao,alaves,2025-05-11
ncSQAZDr,SP1,barcelona,real madrid,2025-05-11
2ZFxC5T0,SP1,leganes,espanyol,2025-05-11
UunfGejL,SP1,atl. madrid,real sociedad,2025-05-10
rqCTUf5E,SP1,girona,villarreal,2025-05-10
4b0xTYZQ,SP1,mallorca,valladolid,2025-05-10
GxKs7iD7,SP1,celta vigo,sevilla,2025-05-10
AauHLjS0,SP1,valencia,getafe,2025-05-10
EXo8NCcl,SP1,las palmas,rayo vallecano,2025-05-09
I7LokJiM,SP1,girona,mallorca,2025-05-05
zqhC5vx3,SP1,real sociedad,ath bilbao,2025-05-04
67MTDRbl,SP1,espanyol,betis,2025-05-04
MFrnIHL8,SP1,sevilla,leganes,2025-05-04
4OqT1dyS,SP1,real madrid,celta vigo,2025-05-04
WAoL3I6F,SP1,valladolid,barcelona,2025-05-03
nNBHqcFq,SP1,las palmas,valencia,2025-05-03
tK5afET1,SP1,villarreal,osasuna,2025-05-03
8x0Qsypd,SP1,alaves,atl. madrid,2025-05-03
Yg2idzak,SP1,rayo vallecano,getafe,2025-05-02
EgwRcF8j,SP1,villarreal,espanyol,2025-04-27
6sHwkbzP,SP1,atl. madrid,rayo vallecano,2025-04-24
ILpd7ujg,SP1,betis,valladolid,2025-04-24
MuSxiuN9,SP1,leganes,girona,2025-04-24
WjapokZj,SP1,osasuna,sevilla,2025-04-24
lSTUh1hc,SP1,alaves,real sociedad,2025-04-23
n1xD3ckI,SP1,getafe,real madrid,2025-04-23
QX8VjK5C,SP1,ath bilbao,las palmas,2025-04-23
Qol45JK5,SP1,celta vigo,villarreal,2025-04-23
Mgim91Lt,SP1,barcelona,mallorca,2025-04-22
AyybJmyR,SP1,valencia,espanyol,2025-04-22
EDNevsM6,SP1,girona,betis,2025-04-21
Qmk8moaK,SP1,real madrid,ath bilbao,2025-04-20
dhHEf26m,SP1,sevilla,alaves,2025-04-20
Q9Qr0OrQ,SP1,villarreal,real sociedad,2025-04-20
nRL3xLjJ,SP1,valladolid,osasuna,2025-04-20
ALQvrPMs,SP1,las palmas,atl. madrid,2025-04-19
I75Nhty0,SP1,mallorca,leganes,2025-04-19
4r4DR3x1,SP1,barcelona,celta vigo,2025-04-19
0AcMPs7D,SP1,rayo vallecano,valencia,2025-04-19
GxrkL96E,SP1,espanyol,getafe,2025-04-18
UqMsyH9c,SP1,atl. madrid,valladolid,2025-04-14
2wUeDDHj,SP1,ath bilbao,rayo vallecano,2025-04-13
OrFjZfvA,SP1,betis,villarreal,2025-04-13
jcVWEQhe,SP1,alaves,real madrid,2025-04-13
vJBRz8FE,SP1,osasuna,girona,2025-04-13
bNYvD4N7,SP1,leganes,barcelona,2025-04-12
lWk3c6E7,SP1,celta vigo,espanyol,2025-04-12
fVyOGnOr,SP1,getafe,las palmas,2025-04-12
CpPYYopR,SP1,real sociedad,mallorca,2025-04-12
WU55TP7l,SP1,valencia,sevilla,2025-04-11
WY1k6dAN,SP1,leganes,osasuna,2025-04-07
2HhL0zYp,SP1,villarreal,ath bilbao,2025-04-06
AukHKePG,SP1,valladolid,getafe,2025-04-06
IPz8OwQi,SP1,sevilla,atl. madrid,2025-04-06
AJDt8IuB,SP1,las palmas,real sociedad,2025-04-06
Mq2QB0tn,SP1,barcelona,betis,2025-04-05
jwZFMHf4,SP1,mallorca,celta vigo,2025-04-05
IBeZ9vBb,SP1,real madrid,valencia,2025-04-05
I5hPIZgT,SP1,girona,alaves,2025-04-05
SG1faSqe,SP1,rayo vallecano,espanyol,2025-04-04
GrDYvKBO,SP1,celta vigo,las palmas,2025-03-31
rVEQttsC,SP1,betis,sevilla,2025-03-30
t6I9pOsm,SP1,ath bilbao,osasuna,2025-03-30
A5Y7gJQH,SP1,valencia,mallorca,2025-03-30
lWLHr2Ca,SP1,barcelona,girona,2025-03-30
f9rqaNdt,SP1,getafe,villarreal,2025-03-30
6XRGiceU,SP1,real madrid,leganes,2025-03-29
Olz0eud5,SP1,alaves,rayo vallecano,2025-03-29
Kjbn1lFr,SP1,espanyol,atl. madrid,2025-03-29
2Zoic1Rh,SP1,real sociedad,valladolid,2025-03-29
pOrgJQRj,SP1,barcelona,osasuna,2025-03-27
tUjwjP2S,SP1,atl. madrid,barcelona,2025-03-16
lbrkskye,SP1,osasuna,getafe,2025-03-16
6BzIrse2,SP1,rayo vallecano,real sociedad,2025-03-16
lz02jgE8,SP1,sevilla,ath bilbao,2025-03-16
d03AlXrL,SP1,leganes,betis,2025-03-16
SduXBE3E,SP1,barcelona,betis,2026-05-17
vyaxjXte,SP1,ath bilbao,celta vigo,2026-05-17
n12plBB7,SP1,atl. madrid,girona,2026-05-17
0OhvAhYQ,SP1,elche,getafe,2026-05-17
K8ZA4Wel,SP1,levante,mallorca,2026-05-17
YFVo6qXh,SP1,osasuna,espanyol,2026-05-17
C0sw852t,SP1,oviedo,alaves,2026-05-17
hMXI2AQ0,SP1,rayo vallecano,villarreal,2026-05-17
llRR0leD,SP1,real sociedad,valencia,2026-05-17
ttZg4N15,SP1,sevilla,real madrid,2026-05-17
r95TigCr,SP1,real madrid,oviedo,2026-05-14
YZgOrGZR,SP1,girona,real sociedad,2026-05-14
hvRlayK8,SP1,valencia,rayo vallecano,2026-05-14
GI7Mt8np,SP1,alaves,barcelona,2026-05-13
EXwNpx5F,SP1,getafe,mallorca,2026-05-13
4Ipfwfck,SP1,espanyol,ath bilbao,2026-05-13
nwKccFlL,SP1,villarreal,sevilla,2026-05-13
QXY2yYR1,SP1,osasuna,atl. madrid,2026-05-12
OrBUvnHd,SP1,betis,elche,2026-05-12
tKuFnbz3,SP1,celta vigo,levante,2026-05-12
WpWknUOM,SP1,rayo vallecano,girona,2026-05-11
tKPjjLJt,SP1,barcelona,real madrid,2026-05-10
vwErljfA,SP1,oviedo,getafe,2026-05-10
UudYXw4C,SP1,ath bilbao,valencia,2026-05-10
AaH7nwJ5,SP1,mallorca,villarreal,2026-05-10
jHXmS8Xj,SP1,real sociedad,betis,2026-05-09
2gftWHYO,SP1,atl. madrid,celta vigo,2026-05-09
rBKZkCPc,SP1,sevilla,espanyol,2026-05-09
dGFFpHmI,SP1,elche,alaves,2026-05-09
lpTblalg,SP1,levante,osasuna,2026-05-08
zs3PZaZa,SP1,sevilla,real sociedad,2026-05-04
tp9sPrLs,SP1,espanyol,real madrid,2026-05-03
U5uP615D,SP1,betis,oviedo,2026-05-03
xC2jNMkf,SP1,getafe,rayo vallecano,2026-05-03
A1IBU4cK,SP1,celta vigo,elche,2026-05-03
rqOpsrsQ,SP1,osasuna,barcelona,2026-05-02
O8xH8Nz1,SP1,alaves,ath bilbao,2026-05-02
GxWbJvkJ,SP1,valencia,atl. madrid,2026-05-02
SGaHyM4m,SP1,villarreal,levante,2026-05-02
AP0bL0K6,SP1,girona,mallorca,2026-05-01
SKkThKvn,SP1,espanyol,levante,2026-04-27
EyEA5cOi,SP1,villarreal,celta vigo,2026-04-26
YHhyib9b,SP1,osasuna,sevilla,2026-04-26
YwUB3yg4,SP1,oviedo,elche,2026-04-26
fXtpkxvB,SP1,rayo vallecano,real sociedad,2026-04-26
2cphmG8N,SP1,atl. madrid,ath bilbao,2026-04-25
t4XJ1FNG,SP1,valencia,girona,2026-04-25
MsROsfWp,SP1,getafe,barcelona,2026-04-25
GtMAzwPH,SP1,alaves,mallorca,2026-04-25
lfKIYGgU,SP1,betis,real madrid,2026-04-24
06PQc6Mr,SP1,oviedo,villarreal,2026-04-23
WAcxG5rR,SP1,rayo vallecano,espanyol,2026-04-23
Yi9pIz8c,SP1,levante,sevilla,2026-04-23
Y1CbfXFj,SP1,barcelona,celta vigo,2026-04-22
Stq8Aq6l,SP1,real sociedad,getafe,2026-04-22
UoHsfOL7,SP1,elche,atl. madrid,2026-04-22
zq4THRDE,SP1,girona,betis,2026-04-21
8WSYepie,SP1,real madrid,alaves,2026-04-21
2JLSaghT,SP1,ath bilbao,osasuna,2026-04-21
657hGExA,SP1,mallorca,valencia,2026-04-21
nmFfvLPh,SP1,levante,getafe,2026-04-13
Gt6nv08e,SP1,ath bilbao,villarreal,2026-04-12
6VYvpjdE,SP1,celta vigo,oviedo,2026-04-12
6TgLPLAa,SP1,mallorca,rayo vallecano,2026-04-12
QXQotset,SP1,osasuna,betis,2026-04-12
z9oxMwAO,SP1,sevilla,atl. madrid,2026-04-11
O69fxvw8,SP1,barcelona,espanyol,2026-04-11
CU0CRstm,SP1,elche,valencia,2026-04-11
vshTNauC,SP1,real sociedad,alaves,2026-04-11
KES1xaf5,SP1,real madrid,girona,2026-04-10
4SVXY4WF,SP1,girona,villarreal,2026-04-06
UkiVEqup,SP1,alaves,osasuna,2026-04-05
GKUBRMOk,SP1,oviedo,sevilla,2026-04-05
4tB6m4o9,SP1,valencia,celta vigo,2026-04-05
xzJKP0g2,SP1,getafe,ath bilbao,2026-04-05
G6kwDN9d,SP1,atl. madrid,barcelona,2026-04-04
WEXPzR13,SP1,betis,espanyol,2026-04-04
0fPtXr1S,SP1,mallorca,real madrid,2026-04-04
dvjotMwq,SP1,real sociedad,levante,2026-04-04
084ForGL,SP1,rayo vallecano,elche,2026-04-03
tQIsOmIc,SP1,real madrid,atl. madrid,2026-03-22
bTDl6FdC,SP1,ath bilbao,betis,2026-03-22
lWVe0pQj,SP1,celta vigo,alaves,2026-03-22
UFzMm7to,SP1,barcelona,rayo vallecano,2026-03-22
WEkP562T,SP1,sevilla,valencia,2026-03-21
OlnH7SXG,SP1,levante,oviedo,2026-03-21
xhCjMRnA,SP1,osasuna,girona,2026-03-21
2Zc89l34,SP1,espanyol,getafe,2026-03-21
f9f0BAYi,SP1,elche,mallorca,2026-03-21
pIFbK5HM,SP1,villarreal,real sociedad,2026-03-20
fyHX9ccm,SP1,rayo vallecano,levante,2026-03-16
21Ku8ySa,SP1,real sociedad,osasuna,2026-03-15
KI2kcKDs,SP1,betis,celta vigo,2026-03-15
AqHJ2tjK,SP1,barcelona,sevilla,2026-03-15
A3u1FJZP,SP1,mallorca,espanyol,2026-03-15
pQmFiGsJ,SP1,real madrid,elche,2026-03-14
Gpdbebrf,SP1,oviedo,valencia,2026-03-14
UmvXvwbD,SP1,atl. madrid,getafe,2026-03-14
lbf6gxD6,SP1,girona,ath bilbao,2026-03-14
MNzPtaT0,SP1,alaves,villarreal,2026-03-13
A90Ay4iL,SP1,espanyol,oviedo,2026-03-09
hU3ZVsFr,SP1,valencia,alaves,2026-03-08
QesGrLbl,SP1,sevilla,rayo vallecano,2026-03-08
0f7sULqe,SP1,getafe,betis,2026-03-08
M9ejSaE7,SP1,villarreal,elche,2026-03-08
0fsLUbJC,SP2,tenerife,girona,2022-06-19
rJnGVv46,SP2,girona,tenerife,2022-06-11
OAsK4FBp,SP2,eibar,girona,2022-06-05
IT4i9e3T,SP2,las palmas,tenerife,2022-06-04
4Q0mAylN,SP2,girona,eibar,2022-06-02
A31qBHYG,SP2,tenerife,las palmas,2022-06-01
hGpFlgT1,SP2,alcorcon,eibar,2022-05-29
6eS1CdL8,SP2,burgos cf,girona,2022-05-29
6JAl3hre,SP2,gijon,las palmas,2022-05-29
0IR5BGzF,SP2,leganes,almeria,2022-05-29
bg7t5EDr,SP2,oviedo,ud ibiza,2022-05-29
lr0g2Cc1,SP2,tenerife,fc cartagena sad,2022-05-29
SYbc1WC7,SP2,valladolid,huesca,2022-05-29
fLOcDx62,SP2,amorebieta,ponferradina,2022-05-28
v9Q9AzjL,SP2,lugo,malaga,2022-05-28
dpLE9f5R,SP2,mirandes,fuenlabrada,2022-05-27
hG6p4YSl,SP2,real sociedad b,zaragoza,2022-05-27
SheywdUk,SP2,almeria,alcorcon,2022-05-21
famN0aMd,SP2,eibar,tenerife,2022-05-21
E13Obwi9,SP2,girona,mirandes,2022-05-21
0I5zdyyS,SP2,las palmas,oviedo,2022-05-21
pjs7jFbk,SP2,ponferradina,leganes,2022-05-21
nF1WdHLL,SP2,ud ibiza,valladolid,2022-05-21
tdauxGqd,SP2,fc cartagena sad,amorebieta,2022-05-21
YknRaJy3,SP2,fuenlabrada,gijon,2022-05-21
hh2Scc6F,SP2,huesca,real sociedad b,2022-05-21
6ar3ieqq,SP2,malaga,burgos cf,2022-05-21
EPoBkZDe,SP2,zaragoza,lugo,2022-05-20
IFkjb60b,SP2,oviedo,zaragoza,2022-05-16
84r3e4pH,SP2,tenerife,malaga,2022-05-15
vVwadpVA,SP2,gijon,girona,2022-05-15
KUWnanoh,SP2,mirandes,ud ibiza,2022-05-15
C0HScxkI,SP2,alcorcon,las palmas,2022-05-15
nHYv18Gu,SP2,leganes,eibar,2022-05-14
pU5WwxFq,SP2,valladolid,ponferradina,2022-05-14
pEFzdGJU,SP2,burgos cf,fc cartagena sad,2022-05-14
Q7Xr0SVo,SP2,lugo,fuenlabrada,2022-05-14
6NGWdd4O,SP2,amorebieta,huesca,2022-05-14
0vuecQF4,SP2,real sociedad b,almeria,2022-05-13
Wtpy8MCP,SP2,girona,tenerife,2022-05-09
jRQ720zm,SP2,ud ibiza,lugo,2022-05-08
bcDObIZB,SP2,zaragoza,alcorcon,2022-05-08
vmckpJKI,SP2,eibar,valladolid,2022-05-08
MB2poa5C,SP2,fc cartagena sad,leganes,2022-05-08
GYNJabK5,SP2,ponferradina,burgos cf,2022-05-07
rL3tnuj6,SP2,almeria,amorebieta,2022-05-07
xrPF0v5a,SP2,malaga,oviedo,2022-05-07
IwdgqwzP,SP2,fuenlabrada,real sociedad b,2022-05-07
82y33tLt,SP2,huesca,gijon,2022-05-07
UHPB1Kkg,SP2,las palmas,mirandes,2022-05-06
lb4xmLz0,SP2,valladolid,real sociedad b,2022-05-02
rLsBWajJ,SP2,leganes,huesca,2022-05-02
OGKcf3rQ,SP2,lugo,tenerife,2022-05-01
faBTls6m,SP2,ponferradina,fc cartagena sad,2022-05-01
Us92zrif,SP2,alcorcon,girona,2022-05-01
xO0Ym1Lg,SP2,gijon,ud ibiza,2022-05-01
d4uaZ160,SP2,amorebieta,fuenlabrada,2022-05-01
zev3YLL6,SP2,burgos cf,almeria,2022-04-30
UHw7XuyD,SP2,eibar,zaragoza,2022-04-30
G8CPkNjs,SP2,oviedo,mirandes,2022-04-30
pQLgeqTJ,SP2,las palmas,malaga,2022-04-29
rRpLN47l,SP2,almeria,gijon,2022-04-25
AwxxKM6D,SP2,lugo,leganes,2022-04-24
jiAbyOyl,SP2,zaragoza,burgos cf,2022-04-24
xpUNsQbK,SP2,mirandes,valladolid,2022-04-24
WnwYK2i7,SP2,ud ibiza,las palmas,2022-04-24
4znHOphr,SP2,alcorcon,oviedo,2022-04-24
bgVJr6qE,SP2,malaga,eibar,2022-04-23
xlpPMOMf,SP2,fc cartagena sad,girona,2022-04-23
lOmTLrx1,SP2,fuenlabrada,ponferradina,2022-04-23
K8JStpEQ,SP2,real sociedad b,amorebieta,2022-04-23
dUAfx4Ms,SP2,tenerife,huesca,2022-04-22
EmlpMiWq,SP2,girona,real sociedad b,2022-04-18
MDmlLBoj,SP2,huesca,zaragoza,2022-04-17
AZTrsg89,SP2,tenerife,fuenlabrada,2022-04-17
GC89SggG,SP2,burgos cf,ud ibiza,2022-04-17
29QzqFwc,SP2,ponferradina,lugo,2022-04-17
UFCDRD8M,SP2,fc cartagena sad,alcorcon,2022-04-16
GCUvrZh3,SP2,gijon,oviedo,2022-04-16
lQSntDNF,SP2,valladolid,almeria,2022-04-16
04nhKV0d,SP2,leganes,malaga,2022-04-16
Mk95TZwA,SP2,amorebieta,mirandes,2022-04-15
Cv2IQXNS,SP2,eibar,las palmas,2022-04-15
0MuOGdf4,SP2,almeria,ponferradina,2022-04-11
YTSA7hHj,SP2,mirandes,burgos cf,2022-04-10
nXGhWyfi,SP2,oviedo,leganes,2022-04-10
MyUWEzPG,SP2,ud ibiza,eibar,2022-04-10
raA1UFO3,SP2,zaragoza,girona,2022-04-10
roVSFG9A,SP2,fuenlabrada,huesca,2022-04-10
jBYzEfvN,SP2,las palmas,amorebieta,2022-04-09
nJyKHxub,SP2,alcorcon,gijon,2022-04-09
zqA78Y1p,SP2,malaga,valladolid,2022-04-09
QNFdVe9c,SP2,real sociedad b,tenerife,2022-04-09
U1XvDEgT,SP2,lugo,fc cartagena sad,2022-04-08
Isn50yAN,SP2,leganes,fuenlabrada,2022-04-04
rPgh3wQ4,SP2,eibar,mirandes,2022-04-03
4vr11HfH,SP2,huesca,almeria,2022-04-03
zajp5aeh,SP2,burgos cf,gijon,2022-04-03
C4o9aePT,SP2,ponferradina,las palmas,2022-04-03
Ekkl4JAb,SP2,fc cartagena sad,oviedo,2022-04-03
E5wCJbAo,SP2,tenerife,zaragoza,2022-04-02
hz1u6utn,SP2,amorebieta,ud ibiza,2022-04-02
EDXzeFXp,SP2,real sociedad b,alcorcon,2022-04-02
hdxGIIPi,SP2,valladolid,lugo,2022-04-02
MFhd2cuB,SP2,girona,malaga,2022-04-01
zaUEkKe5,SP2,las palmas,leganes,2022-03-28
4EEQpkR4,SP2,levante,alaves,2023-06-17
AiFMoVBb,SP2,alaves,levante,2023-06-11
UetEwHE8,SP2,alaves,eibar,2023-06-08
ze8oL8bs,SP2,levante,albacete,2023-06-07
bVpIxyUE,SP2,albacete,levante,2023-06-03
j5sAvca2,SP2,eibar,alaves,2023-06-03
2JBqr5TJ,SP2,gijon,ponferradina,2023-05-28
hlUhLsM6,SP2,racing santander,fc cartagena sad,2023-05-28
4EIxPPMs,SP2,granada cf,leganes,2023-05-27
nBTdK1yD,SP2,huesca,eibar,2023-05-27
f3BkMN60,SP2,las palmas,alaves,2023-05-27
YmNtOqxl,SP2,levante,oviedo,2023-05-27
CvMpN3if,SP2,albacete,mirandes,2023-05-27
Q1S0JLjJ,SP2,malaga,ud ibiza,2023-05-27
CvbvZL73,SP2,andorra,villarreal b,2023-05-27
25WAT5EQ,SP2,burgos cf,lugo,2023-05-27
tAAmsPrQ,SP2,zaragoza,tenerife,2023-05-26
IHbzz2hc,SP2,leganes,andorra,2023-05-21
fszF9pNf,SP2,oviedo,racing santander,2023-05-21
YXYI84x1,SP2,tenerife,burgos cf,2023-05-20
2qezHSUK,SP2,alaves,malaga,2023-05-20
nHW6B6hr,SP2,eibar,gijon,2023-05-20
tzfvGnpR,SP2,fc cartagena sad,las palmas,2023-05-20
hzkK6r7D,SP2,lugo,huesca,2023-05-20
EqjG7Oi7,SP2,mirandes,granada cf,2023-05-20
Kts6UoaK,SP2,ponferradina,albacete,2023-05-20
6ww2VRqE,SP2,villarreal b,levante,2023-05-20
0KzBAQ7l,SP2,ud ibiza,zaragoza,2023-05-20
fJiSIl08,SP2,levante,ud ibiza,2023-05-15
jkHScmOr,SP2,las palmas,villarreal b,2023-05-14
nHAydRhe,SP2,albacete,alaves,2023-05-14
ltV02TFR,SP2,huesca,ponferradina,2023-05-14
4EfWzrwi,SP2,andorra,tenerife,2023-05-14
hEDqf5N7,SP2,racing santander,eibar,2023-05-14
8QBXd7wk,SP2,malaga,mirandes,2023-05-13
fJVd390L,SP2,granada cf,lugo,2023-05-13
tvAueo81,SP2,zaragoza,fc cartagena sad,2023-05-13
Y9jWH8FE,SP2,gijon,oviedo,2023-05-13
tGRh4koF,SP2,burgos cf,leganes,2023-05-12
r3QD3If4,SP2,eibar,las palmas,2023-05-08
WQsjpUgq,SP2,fc cartagena sad,burgos cf,2023-05-07
0tUkSkZj,SP2,lugo,andorra,2023-05-07
vVJM1dPG,SP2,oviedo,zaragoza,2023-05-07
6qz3sSw2,SP2,ponferradina,malaga,2023-05-07
bixl5VV8,SP2,ud ibiza,albacete,2023-05-07
K0wp6BG2,SP2,villarreal b,gijon,2023-05-07
pUofql9k,SP2,leganes,huesca,2023-05-06
Shyar8Oe,SP2,tenerife,levante,2023-05-06
0vLI2xAA,SP2,mirandes,racing santander,2023-05-06
4CR94bub,SP2,alaves,granada cf,2023-05-05
Ie3SiLeh,SP2,burgos cf,villarreal b,2023-05-01
QRgmmcAN,SP2,malaga,huesca,2023-05-01
AkS55vQi,SP2,gijon,lugo,2023-05-01
bFO16KAo,SP2,zaragoza,las palmas,2023-04-30
nyeqlweH,SP2,granada cf,eibar,2023-04-30
dn2WjuBb,SP2,oviedo,ponferradina,2023-04-30
MkVoTVJp,SP2,andorra,mirandes,2023-04-30
dApJsyYp,SP2,tenerife,leganes,2023-04-29
j91zjaQ4,SP2,albacete,fc cartagena sad,2023-04-29
4C5vkJuB,SP2,levante,alaves,2023-04-29
f1binHPT,SP2,racing santander,ud ibiza,2023-04-28
IuF4xtd5,SP2,huesca,tenerife,2023-04-24
bu8hurCn,SP2,alaves,leganes,2023-04-23
8U7HZwtO,SP2,mirandes,burgos cf,2023-04-23
MXBLYceU,SP2,racing santander,granada cf,2023-04-23
Q5ICzKQH,SP2,lugo,malaga,2023-04-23
nFJ8y0BB,SP2,ud ibiza,oviedo,2023-04-22
bgmRgsRu,SP2,las palmas,levante,2023-04-22
dQQev2Rh,SP2,fc cartagena sad,gijon,2023-04-22
UcwKXBBT,SP2,ponferradina,andorra,2023-04-22
xpnVh1tn,SP2,villarreal b,albacete,2023-04-22
vkG0wMta,SP2,eibar,zaragoza,2023-04-21
dCoNP2Ca,SP2,levante,mirandes,2023-04-17
ILnJQrcg,SP2,leganes,villarreal b,2023-04-16
n1vzN0dI,SP2,malaga,fc cartagena sad,2023-04-16
QiwvMKBO,SP2,tenerife,ud ibiza,2023-04-16
hvuWNtsC,SP2,gijon,alaves,2023-04-16
j7vGYidN,SP2,andorra,huesca,2023-04-16
W4lBS4St,SP2,burgos cf,ponferradina,2023-04-15
29MMp4lP,SP2,oviedo,lugo,2023-04-15
4I8ltOdt,SP2,zaragoza,racing santander,2023-04-15
AemFROsm,SP2,granada cf,las palmas,2023-04-15
vyySOMR5,SP2,albacete,eibar,2023-04-14
8rkBZXtH,SP2,alaves,andorra,2023-04-10
UySuDPSg,SP2,las palmas,oviedo,2023-04-09
bDB3WDTE,SP2,fc cartagena sad,mirandes,2023-04-09
bHJd9sSI,SP2,ponferradina,leganes,2023-04-09
zwZWEobs,SP2,eibar,levante,2023-04-09
2kQmB3c6,SP2,huesca,burgos cf,2023-04-09
QNBrXpKP,SP2,racing santander,albacete,2023-04-08
I1OyE5Dm,SP2,ud ibiza,gijon,2023-04-08
KQKhANCC,SP2,zaragoza,granada cf,2023-04-08
CK7vYQ4J,SP2,villarreal b,malaga,2023-04-07
ObRqCqr0,SP2,lugo,tenerife,2023-04-07
0bu3SqBq,SP2,albacete,las palmas,2023-04-03
Uw7aXgE8,SP2,mirandes,ud ibiza,2023-04-02
d8o7zERA,SP2,andorra,malaga,2023-04-02
jm8eYZb2,SP2,gijon,granada cf,2023-04-02
WSMvY5mM,SP2,lugo,ponferradina,2023-04-02
vkv7R3Qk,SP2,huesca,alaves,2023-04-02
nFsFPse2,SP2,oviedo,eibar,2023-04-01
YBwBQNud,SP2,leganes,fc cartagena sad,2023-04-01
AJLrXP2S,SP2,tenerife,villarreal b,2023-04-01
O2JWZRI9,SP2,burgos cf,racing santander,2023-04-01
x6NzZoYF,SP2,levante,zaragoza,2023-03-31
zswxEpdj,SP2,malaga,leganes,2023-03-27
UilvTxne,SP2,espanyol,oviedo,2024-06-23
YPfVUbHr,SP2,oviedo,espanyol,2024-06-16
6VKSvcjS,SP2,espanyol,gijon,2024-06-13
bTa7XEr2,SP2,eibar,oviedo,2024-06-12
b5HKtJLF,SP2,gijon,espanyol,2024-06-09
QF1aZzEk,SP2,oviedo,eibar,2024-06-08
jyvFGzK9,SP2,zaragoza,albacete,2024-06-02
2FcKfgcj,SP2,eibar,oviedo,2024-06-02
t6dOgDCd,SP2,eldense,gijon,2024-06-02
b1sNEElM,SP2,espanyol,fc cartagena sad,2024-06-02
xhtRDY3S,SP2,leganes,elche,2024-06-02
URxJFfZF,SP2,mirandes,amorebieta,2024-06-02
8ClAHG43,SP2,tenerife,valladolid,2024-06-02
rZIg9hCq,SP2,villarreal b,racing santander,2024-06-02
zgRNeZsp,SP2,alcorcon,burgos cf,2024-06-02
ptdKHyM0,SP2,andorra,racing club ferrol,2024-06-02
f9p6Idkc,SP2,huesca,levante,2024-06-02
j3vHarqI,SP2,albacete,mirandes,2024-05-26
pQwLb2bO,SP2,amorebieta,espanyol,2024-05-26
d0sPcMDU,SP2,burgos cf,tenerife,2024-05-26
0E7ZHPbn,SP2,elche,eldense,2024-05-26
MN8VI5qt,SP2,fc cartagena sad,huesca,2024-05-26
464jEsbB,SP2,gijon,eibar,2024-05-26
j30nFNr5,SP2,levante,alcorcon,2024-05-26
6kcGIH6f,SP2,oviedo,andorra,2024-05-26
UmCwHqEh,SP2,racing club ferrol,leganes,2024-05-26
8vBsG3Tb,SP2,racing santander,zaragoza,2024-05-26
bT3fD1DH,SP2,valladolid,villarreal b,2024-05-26
dtJsoqUO,SP2,espanyol,oviedo,2024-05-20
8Krd46Un,SP2,villarreal b,albacete,2024-05-20
CCuD0OTB,SP2,zaragoza,racing club ferrol,2024-05-19
zRUYn5aC,SP2,alcorcon,valladolid,2024-05-19
Gpn42paa,SP2,eibar,fc cartagena sad,2024-05-19
IkKwnPEI,SP2,eldense,levante,2024-05-18
MNn03Qqg,SP2,tenerife,amorebieta,2024-05-18
On7P9S6P,SP2,huesca,racing santander,2024-05-18
Qegi5nFt,SP2,leganes,gijon,2024-05-18
OQ7BJcil,SP2,andorra,burgos cf,2024-05-18
fyo814E5,SP2,mirandes,elche,2024-05-17
z3nnd9xQ,SP2,elche,huesca,2024-05-12
SnnhzSF6,SP2,albacete,leganes,2024-05-12
xITrckNJ,SP2,fc cartagena sad,tenerife,2024-05-12
hrZDiTps,SP2,oviedo,zaragoza,2024-05-12
dMjdZoVC,SP2,amorebieta,villarreal b,2024-05-12
lASMk7Fg,SP2,levante,eibar,2024-05-11
S0RQlRUa,SP2,valladolid,espanyol,2024-05-11
Quk8Kwxr,SP2,gijon,andorra,2024-05-11
WYXHjm0m,SP2,racing club ferrol,alcorcon,2024-05-11
MNQUmop6,SP2,racing santander,mirandes,2024-05-11
zDk0Y5pJ,SP2,burgos cf,eldense,2024-05-10
6Xcqxlof,SP2,tenerife,racing club ferrol,2024-05-05
SQAHNlW0,SP2,eldense,leganes,2024-05-05
b7fyvAGs,SP2,zaragoza,burgos cf,2024-05-05
802tPJTQ,SP2,andorra,albacete,2024-05-05
Ak0MM8o7,SP2,espanyol,gijon,2024-05-05
db89rj8Q,SP2,eibar,amorebieta,2024-05-05
GniCqWhK,SP2,fc cartagena sad,alcorcon,2024-05-04
hUguwUVm,SP2,racing santander,elche,2024-05-04
Oh4QLS0D,SP2,huesca,oviedo,2024-05-04
xdh8pCwE,SP2,mirandes,valladolid,2024-05-04
ldmly800,SP2,villarreal b,levante,2024-05-03
GOhPpLXd,SP2,racing club ferrol,mirandes,2024-04-29
6gBYNcQq,SP2,albacete,eibar,2024-04-28
K079PA1l,SP2,levante,fc cartagena sad,2024-04-28
lzCDOUGf,SP2,valladolid,huesca,2024-04-28
0GAxNHuj,SP2,alcorcon,eldense,2024-04-28
lxiXra29,SP2,oviedo,tenerife,2024-04-28
0CfyrJHF,SP2,gijon,villarreal b,2024-04-28
v79tMyed,SP2,elche,espanyol,2024-04-27
tA85Qjnr,SP2,burgos cf,amorebieta,2024-04-27
fFiTqum3,SP2,leganes,zaragoza,2024-04-27
U93xQaEK,SP2,andorra,racing santander,2024-04-26
nVydAvdp,SP2,fc cartagena sad,oviedo,2024-04-22
EsHfVuY9,SP2,mirandes,burgos cf,2024-04-21
ziIjWLI3,SP2,eibar,alcorcon,2024-04-21
hSSoX13c,SP2,eldense,albacete,2024-04-21
CY8XQuaE,SP2,espanyol,andorra,2024-04-21
vPOsYsli,SP2,huesca,zaragoza,2024-04-20
QLz09bBj,SP2,elche,gijon,2024-04-20
UXJ6SwIS,SP2,racing santander,levante,2024-04-20
8IVcUamG,SP2,villarreal b,racing club ferrol,2024-04-20
6yfTEKmT,SP2,amorebieta,valladolid,2024-04-20
n9U1TJ2M,SP2,tenerife,leganes,2024-04-19
EsVk11JT,SP2,alcorcon,villarreal b,2024-04-15
h800L44o,SP2,racing club ferrol,huesca,2024-04-14
j3MHdLRp,SP2,burgos cf,racing santander,2024-04-14
vP2CI2l4,SP2,zaragoza,elche,2024-04-14
KKVo2s4N,SP2,albacete,tenerife,2024-04-14
YsATRLq8,SP2,andorra,eibar,2024-04-14
SpePF0YM,SP2,oviedo,mirandes,2024-04-14
Wba4KOJi,SP2,levante,amorebieta,2024-04-13
MmhHHM3A,SP2,valladolid,eldense,2024-04-13
0Y38JrZc,SP2,gijon,fc cartagena sad,2024-04-13
YNeLGtJG,SP2,leganes,espanyol,2024-04-12
MRGt5qK4,SP2,racing santander,alcorcon,2024-04-08
2NqGlOZN,SP2,fc cartagena sad,valladolid,2024-04-07
S4Hx6P4b,SP2,espanyol,albacete,2024-04-07
tUWs3NlH,SP2,tenerife,eibar,2024-04-07
E1DY65kh,SP2,mirandes,gijon,2024-04-07
0IFp43ZA,SP2,villarreal b,burgos cf,2024-04-07
hnPP8RKu,SP2,huesca,leganes,2024-04-07
WxOT7ozn,SP2,levante,zaragoza,2024-04-06
KvMo3x77,SP2,eldense,andorra,2024-04-06
be8rbqvR,SP2,oviedo,mirandes,2025-06-21
jV4z059E,SP2,mirandes,oviedo,2025-06-15
8EmxUN05,SP2,mirandes,racing santander,2025-06-12
KvxMX51t,SP2,oviedo,almeria,2025-06-11
G6VUVqWh,SP2,racing santander,mirandes,2025-06-08
4S1CD2GO,SP2,almeria,oviedo,2025-06-07
KM6bBKNi,SP2,cordoba,albacete,2025-06-01
82LObsvn,SP2,almeria,tenerife,2025-06-01
8rwtgw8N,SP2,dep. la coruna,elche,2025-06-01
tGJWdL8b,SP2,fc cartagena sad,mirandes,2025-06-01
Eqrf0fFj,SP2,huesca,eldense,2025-06-01
r1iO5GiT,SP2,levante,eibar,2025-06-01
nZcF7xNG,SP2,oviedo,cadiz cf,2025-06-01
fuLtOc7c,SP2,racing santander,granada cf,2025-06-01
ELa79bh4,SP2,malaga,burgos cf,2025-05-31
hGECmHVp,SP2,racing club ferrol,gijon,2025-05-31
0IZXfawB,SP2,castellon,zaragoza,2025-05-30
nD4zjDeE,SP2,burgos cf,levante,2025-05-25
hCW7X4um,SP2,cadiz cf,huesca,2025-05-25
0dbcrMg5,SP2,eibar,cordoba,2025-05-25
ERKGVrAa,SP2,elche,malaga,2025-05-25
0rJOTMvC,SP2,eldense,racing santander,2025-05-25
CMnsn4ft,SP2,gijon,fc cartagena sad,2025-05-25
8ltjprPh,SP2,granada cf,castellon,2025-05-25
dACXR09O,SP2,mirandes,almeria,2025-05-25
UyjEvvgU,SP2,tenerife,oviedo,2025-05-25
MBn6t0OH,SP2,zaragoza,dep. la coruna,2025-05-25
Uyzjr1x8,SP2,albacete,racing club ferrol,2025-05-24
pA1TvSVF,SP2,cordoba,mirandes,2025-05-19
jiIQK6vp,SP2,almeria,racing santander,2025-05-18
xpbLtl13,SP2,castellon,eldense,2025-05-18
rLB8VNh2,SP2,oviedo,zaragoza,2025-05-18
2PrZoqwq,SP2,racing club ferrol,cadiz cf,2025-05-18
x8t8XqOk,SP2,malaga,gijon,2025-05-17
dlLYIp9d,SP2,fc cartagena sad,tenerife,2025-05-17
dOyrpN7e,SP2,huesca,elche,2025-05-17
txexw60S,SP2,dep. la coruna,granada cf,2025-05-17
Wth3i5FL,SP2,eibar,burgos cf,2025-05-17
AR3fgRp9,SP2,levante,albacete,2025-05-16
2RqwUAHc,SP2,granada cf,eibar,2025-05-12
bgwnSlnA,SP2,tenerife,racing club ferrol,2025-05-11
8nDTDbRa,SP2,albacete,huesca,2025-05-11
ziQeHXXi,SP2,eldense,malaga,2025-05-11
W6yfQSGM,SP2,racing santander,oviedo,2025-05-11
4WHCDkXG,SP2,zaragoza,fc cartagena sad,2025-05-10
U11xCxdC,SP2,burgos cf,cordoba,2025-05-10
z1T9gUuo,SP2,elche,levante,2025-05-10
dUdi67Pj,SP2,gijon,dep. la coruna,2025-05-10
CdLKBT1T,SP2,mirandes,castellon,2025-05-10
84O3FB24,SP2,cadiz cf,almeria,2025-05-09
Gx0Sp0cD,SP2,castellon,gijon,2025-05-05
Q7JAcwsJ,SP2,dep. la coruna,albacete,2025-05-04
jD7tf4zR,SP2,almeria,eldense,2025-05-04
rP1KnMS0,SP2,fc cartagena sad,racing santander,2025-05-04
00Yp3sDs,SP2,racing club ferrol,zaragoza,2025-05-04
UuQ1aaC6,SP2,levante,tenerife,2025-05-04
nc8Blrbl,SP2,burgos cf,elche,2025-05-03
WprF83kK,SP2,eibar,mirandes,2025-05-03
0M9LFKdm,SP2,malaga,granada cf,2025-05-03
MFMg1Lsf,SP2,huesca,oviedo,2025-05-03
I16dLtZP,SP2,cordoba,cadiz cf,2025-05-02
UJWMszo4,SP2,almeria,racing club ferrol,2025-04-29
2iRoYMD7,SP2,zaragoza,huesca,2025-04-27
SYC3LqU1,SP2,malaga,castellon,2025-04-27
YBZUy5Er,SP2,tenerife,eibar,2025-04-27
GfgbsRjL,SP2,racing santander,dep. la coruna,2025-04-27
6PXxzqqe,SP2,granada cf,elche,2025-04-26
K89eN5ak,SP2,mirandes,burgos cf,2025-04-26
8UkjqmM8,SP2,eldense,cordoba,2025-04-26
UcJXeQ5E,SP2,oviedo,levante,2025-04-26
YiwEqdGi,SP2,albacete,fc cartagena sad,2025-04-26
2XUUuEFG,SP2,cadiz cf,gijon,2025-04-25
YFqHUSkI,SP2,eibar,malaga,2025-04-21
C0e8WlL5,SP2,dep. la coruna,tenerife,2025-04-20
YwbuVd1b,SP2,elche,albacete,2025-04-20
4zh0YAjg,SP2,cordoba,oviedo,2025-04-20
88bizXLt,SP2,fc cartagena sad,granada cf,2025-04-20
hdOsGTzP,SP2,burgos cf,cadiz cf,2025-04-19
0QaXWIWo,SP2,levante,zaragoza,2025-04-19
KWsPS6KU,SP2,huesca,racing santander,2025-04-19
MD9eRE0N,SP2,racing club ferrol,eldense,2025-04-19
U5ilTzWA,SP2,castellon,almeria,2025-04-18
6ooSLhOp,SP2,gijon,mirandes,2025-04-18
0SUa5CM6,SP2,huesca,malaga,2025-04-14
C8TO3ao2,SP2,almeria,fc cartagena sad,2025-04-13
40yi7Yif,SP2,eldense,gijon,2025-04-13
UHwILX6m,SP2,mirandes,dep. la coruna,2025-04-13
bZnnRgqQ,SP2,racing santander,castellon,2025-04-13
GtzG5LGk,SP2,albacete,granada cf,2025-04-13
bcVYHk6C,SP2,oviedo,racing club ferrol,2025-04-12
xnLAR2w9,SP2,cadiz cf,elche,2025-04-12
YuT73jiJ,SP2,tenerife,burgos cf,2025-04-12
jXRQJBy0,SP2,zaragoza,eibar,2025-04-12
dzYr9fNs,SP2,cordoba,levante,2025-04-11
GbTo2nAc,SP2,elche,racing club ferrol,2025-04-07
xSdTEPg3,SP2,dep. la coruna,cadiz cf,2025-04-06
dfdLoRPG,SP2,burgos cf,huesca,2025-04-06
OreyD3OF,SP2,malaga,cordoba,2025-04-06
d8yf0QvA,SP2,levante,racing santander,2025-04-06
KAlpBsgS,SP2,zaragoza,mirandes,2025-04-06
ULZ1b49M,SP2,gijon,tenerife,2025-04-05
4KaTq5fT,SP2,fc cartagena sad,eldense,2025-04-05
dWJtiM1d,SP2,granada cf,almeria,2025-04-05
lhy0vqIj,SP2,eibar,oviedo,2025-04-05
l6GYhrXq,SP2,castellon,albacete,2025-04-04
8EJ9Xz56,SP2,cadiz cf,eibar,2025-03-31
IPhCKs9L,SP2,leganes,huesca,2026-05-18
l8qrFLWr,SP2,zaragoza,gijon,2026-05-17
27ZT8aSa,SP2,dep. la coruna,andorra,2026-05-17
I3Hy84PF,SP2,almeria,las palmas,2026-05-16
A1dG0MHk,SP2,granada cf,burgos cf,2026-05-16
AwET9Qf3,SP2,racing santander,valladolid,2026-05-16
UsysnN2d,SP2,ceuta,malaga,2026-05-16
dA43M3v9,SP2,cultural leonesa,eibar,2026-05-16
r7xiDa1e,SP2,real sociedad b,mirandes,2026-05-16
EVAp6rfS,SP2,cordoba,albacete,2026-05-15
U3CHb0n2,SP2,castellon,cadiz cf,2026-05-15
GbsKgE45,SP2,huesca,real sociedad b,2026-05-11
KWmBezzg,SP2,cordoba,granada cf,2026-05-10
Ikx3g5AM,SP2,mirandes,eibar,2026-05-10
OOpSihZH,SP2,leganes,racing santander,2026-05-10
fsWLALcm,SP2,andorra,las palmas,2026-05-10
rDc0ZqJj,SP2,malaga,gijon,2026-05-09
lApncmBc,SP2,valladolid,zaragoza,2026-05-09
ALKhwgKO,SP2,albacete,cultural leonesa,2026-05-09
xzJZmqYq,SP2,burgos cf,almeria,2026-05-09
pxveeRuA,SP2,ceuta,castellon,2026-05-09
nJk3cd5t,SP2,cadiz cf,dep. la coruna,2026-05-08
GOQASy66,SP2,almeria,mirandes,2026-05-04
8bN2Ucyf,SP2,las palmas,valladolid,2026-05-03
CjKJQFzJ,SP2,real sociedad b,burgos cf,2026-05-03
YFPTrcjm,SP2,gijon,ceuta,2026-05-03
2eHpuFkC,SP2,racing santander,huesca,2026-05-03
nqZgWJ6s,SP2,eibar,malaga,2026-05-02
2L0yExiD,SP2,castellon,cordoba,2026-05-02
4p75lJSP,SP2,cultural leonesa,cadiz cf,2026-05-02
ttTysyLa,SP2,zaragoza,granada cf,2026-05-01
ITrOytqK,SP2,dep. la coruna,leganes,2026-05-01
zckkGszQ,SP2,andorra,albacete,2026-05-01
SMI5NkO9,SP2,cadiz cf,las palmas,2026-04-27
65kw5s8r,SP2,ceuta,racing santander,2026-04-26
zosf1a77,SP2,huesca,zaragoza,2026-04-26
r323hvrJ,SP2,leganes,andorra,2026-04-26
Yu9KHKil,SP2,granada cf,almeria,2026-04-26
O6NlNtUQ,SP2,mirandes,cultural leonesa,2026-04-26
vJmo3Lxe,SP2,cordoba,gijon,2026-04-26
2iZuP2aE,SP2,malaga,castellon,2026-04-25
KdFcPBgc,SP2,burgos cf,dep. la coruna,2026-04-25
U72TFbM0,SP2,valladolid,real sociedad b,2026-04-25
xYkDHazi,SP2,albacete,eibar,2026-04-24
WjTsGnan,SP2,dep. la coruna,mirandes,2026-04-20
0WKbC4bB,SP2,almeria,malaga,2026-04-19
hQcXeqEU,SP2,albacete,granada cf,2026-04-19
44RkEQTb,SP2,eibar,huesca,2026-04-19
j1aw5Mjo,SP2,gijon,cadiz cf,2026-04-19
l49ff0D6,SP2,andorra,valladolid,2026-04-19
6TN6ArTN,SP2,castellon,burgos cf,2026-04-18
EZpYQ3D4,SP2,cultural leonesa,cordoba,2026-04-18
I7iPSPrh,SP2,zaragoza,ceuta,2026-04-18
nmqtPsrH,SP2,las palmas,leganes,2026-04-17
6kasNLCT,SP2,real sociedad b,racing santander,2026-04-17
jJh91mpg,SP2,valladolid,eibar,2026-04-13
KbpQc5qI,SP2,racing santander,almeria,2026-04-12
tv6ndMrf,SP2,cadiz cf,andorra,2026-04-12
vuPjq6UO,SP2,mirandes,castellon,2026-04-12
fia039Ft,SP2,huesca,dep. la coruna,2026-04-12
xGSZnlVa,SP2,granada cf,cultural leonesa,2026-04-12
G0vRlA0m,SP2,cordoba,zaragoza,2026-04-11
bqdHaRE5,SP2,malaga,las palmas,2026-04-11
WI7EqFO7,SP2,burgos cf,gijon,2026-04-11
ptWsoSaC,SP2,leganes,albacete,2026-04-11
A1Cg7IGE,SP2,ceuta,real sociedad b,2026-04-10
b596oyfe,SP2,gijon,real sociedad b,2026-04-06
ARepttIF,SP2,castellon,granada cf,2026-04-06
2wGcmcPr,SP2,zaragoza,mirandes,2026-04-05
biUXWyu2,SP2,almeria,leganes,2026-04-05
WfPRhJ1L,SP2,las palmas,huesca,2026-04-05
KOHwbrEs,SP2,andorra,racing santander,2026-04-05
AuyJfuX8,SP2,eibar,ceuta,2026-04-05
2PzPYcAk,SP2,cultural leonesa,valladolid,2026-04-04
6gkgvKnS,SP2,dep. la coruna,malaga,2026-04-04
rFKkKbed,SP2,albacete,burgos cf,2026-04-04
OAcxr2m3,SP2,cadiz cf,cordoba,2026-04-04
OzsTGPl4,SP2,leganes,zaragoza,2026-04-02
zkHsMKQq,SP2,castellon,almeria,2026-04-02
rix3T2Y9,SP2,real sociedad b,eibar,2026-04-02
G4zBRt3M,SP2,las palmas,granada cf,2026-04-02
UmCTE3JG,SP2,racing santander,gijon,2026-04-01
zF0YfrSp,SP2,burgos cf,ceuta,2026-04-01
jNrLIoKi,SP2,huesca,cultural leonesa,2026-04-01
ltR734jK,SP2,andorra,malaga,2026-04-01
Moi87LBj,SP2,valladolid,cadiz cf,2026-03-31
lhqfVO3c,SP2,dep. la coruna,cordoba,2026-03-31
xEFyDslT,SP2,mirandes,albacete,2026-03-31
fcKI0Db6,SP2,almeria,real sociedad b,2026-03-29
UFY0DjrC,SP2,zaragoza,racing santander,2026-03-29
On7Tu1bD,SP2,cultural leonesa,andorra,2026-03-29
nRX14eas,SP2,eibar,las palmas,2026-03-29
b7Co25ID,SP2,albacete,castellon,2026-03-28
23spHYrm,SP2,gijon,dep. la coruna,2026-03-28
80phFCDa,SP2,malaga,leganes,2026-03-28
8tMA2ZTg,SP2,granada cf,huesca,2026-03-28
jPDRbiTI,SP2,valladolid,burgos cf,2026-03-28
rJ0DMfLP,SP2,ceuta,cadiz cf,2026-03-28
GrsW9HyK,SP2,cordoba,mirandes,2026-03-27
EuvPbWBL,SP2,castellon,cultural leonesa,2026-03-23
6wJ3il4e,SP2,las palmas,gijon,2026-03-22
QuZ4kSY7,SP2,mirandes,valladolid,2026-03-22
pp6V5mJl,SP2,real sociedad b,granada cf,2026-03-22
QJcUxkk2,SP2,burgos cf,cordoba,2026-03-22
YPKegAZr,SP2,dep. la coruna,zaragoza,2026-03-21
6FzH0hs9,SP2,cadiz cf,malaga,2026-03-21
jZ8LsNT0,SP2,andorra,eibar,2026-03-21
hnRjDVQE,SP2,racing santander,albacete,2026-03-21
E1FaB9eR,SP2,leganes,ceuta,2026-03-21
pAHymvy1,I1,salernitana,udinese,2022-05-22
6HRehZCt,I1,venezia,cagliari,2022-05-22
OfTSl06l,I1,inter,sampdoria,2022-05-22
EqMunbj7,I1,sassuolo,ac milan,2022-05-22
hzLqoI5D,I1,spezia,napoli,2022-05-22
UwPge2TK,I1,atalanta,empoli,2022-05-21
8UNcfMrR,I1,fiorentina,juventus,2022-05-21
6JIXmKLf,I1,lazio,verona,2022-05-21
Q9APktir,I1,genoa,bologna,2022-05-21
fuaS91rE,I1,torino,as roma,2022-05-20
pjkjysxk,I1,juventus,lazio,2022-05-16
YBVpcOb8,I1,sampdoria,fiorentina,2022-05-16
hhEFsqaL,I1,cagliari,inter,2022-05-15
Otlfz1ie,I1,ac milan,atalanta,2022-05-15
65waZK61,I1,napoli,genoa,2022-05-15
vkABrPqF,I1,bologna,sassuolo,2022-05-15
K8s3YvM7,I1,as roma,venezia,2022-05-14
C2UldrEE,I1,udinese,spezia,2022-05-14
xQknxNMr,I1,verona,torino,2022-05-14
zH3Kt3ER,I1,empoli,salernitana,2022-05-14
hYoUVo09,I1,fiorentina,as roma,2022-05-09
0bkxUPUL,I1,verona,ac milan,2022-05-08
d6UCNN7k,I1,salernitana,cagliari,2022-05-08
pSA7q5U8,I1,venezia,bologna,2022-05-08
UJSKL1x2,I1,spezia,atalanta,2022-05-08
pWQ8O3hq,I1,lazio,sampdoria,2022-05-07
jTTGMsNe,I1,sassuolo,udinese,2022-05-07
6yC3poF2,I1,torino,napoli,2022-05-07
WOpYU5FF,I1,genoa,juventus,2022-05-06
vkltTqpS,I1,inter,empoli,2022-05-06
A7Z7DfiB,I1,salernitana,venezia,2022-05-05
Sh16Kcet,I1,atalanta,salernitana,2022-05-02
4C5Z94wj,I1,as roma,bologna,2022-05-01
A9dPWRp3,I1,udinese,inter,2022-05-01
zsmBFQFS,I1,ac milan,fiorentina,2022-05-01
SGq3HnoG,I1,empoli,torino,2022-05-01
tKm7G60M,I1,juventus,venezia,2022-05-01
d6hLX7Vd,I1,spezia,lazio,2022-04-30
r34w9Ohd,I1,sampdoria,genoa,2022-04-30
phfbISV9,I1,cagliari,verona,2022-04-30
xjZxBpOq,I1,napoli,sassuolo,2022-04-30
SpyuALpJ,I1,atalanta,torino,2022-04-27
SOwmIIxt,I1,bologna,inter,2022-04-27
tSsiHxhn,I1,fiorentina,udinese,2022-04-27
KnSh1zeI,I1,sassuolo,juventus,2022-04-25
OKYq3dQ5,I1,lazio,ac milan,2022-04-24
YVuX5btm,I1,genoa,cagliari,2022-04-24
x0f1BKIP,I1,bologna,udinese,2022-04-24
fusT6vRt,I1,empoli,napoli,2022-04-24
xOxl2GuC,I1,salernitana,fiorentina,2022-04-24
j7zx5Ieg,I1,verona,sampdoria,2022-04-23
UcZu4xBa,I1,inter,as roma,2022-04-23
bwRd0fAO,I1,torino,spezia,2022-04-23
QqFvPwmP,I1,venezia,atalanta,2022-04-23
fJNXBsG6,I1,udinese,salernitana,2022-04-20
GGCTEY7K,I1,atalanta,verona,2022-04-18
SG795UU6,I1,napoli,as roma,2022-04-18
61J07j0f,I1,lazio,torino,2022-04-16
hbFd8Wpl,I1,juventus,bologna,2022-04-16
byGh9CVs,I1,fiorentina,venezia,2022-04-16
djCD4lpD,I1,sampdoria,salernitana,2022-04-16
vFybC03J,I1,udinese,empoli,2022-04-16
dSTQDhNQ,I1,cagliari,sassuolo,2022-04-16
lQ856AF0,I1,ac milan,genoa,2022-04-15
zsBH38aJ,I1,spezia,inter,2022-04-15
Ualn2eOE,I1,bologna,sampdoria,2022-04-11
OMPsiVFD,I1,torino,ac milan,2022-04-10
SfWYhio1,I1,as roma,salernitana,2022-04-10
l4XUgXVf,I1,napoli,fiorentina,2022-04-10
AJLwhB07,I1,sassuolo,atalanta,2022-04-10
xQDPFEhE,I1,venezia,udinese,2022-04-10
tvUMeg1r,I1,genoa,lazio,2022-04-10
OMmj1FwL,I1,cagliari,juventus,2022-04-09
KUSQfDGl,I1,inter,verona,2022-04-09
zcif0ZhR,I1,empoli,spezia,2022-04-09
Sz4msfnk,I1,ac milan,bologna,2022-04-04
EBxC0rmA,I1,verona,genoa,2022-04-04
8niFa22G,I1,juventus,inter,2022-04-03
z17euYG1,I1,sampdoria,as roma,2022-04-03
hdl324Ic,I1,atalanta,napoli,2022-04-03
j9kr3y98,I1,udinese,cagliari,2022-04-03
zLw81OX3,I1,fiorentina,empoli,2022-04-03
tv8itE1e,I1,salernitana,torino,2022-04-02
pCErrzXr,I1,lazio,sassuolo,2022-04-02
Ei6avhW7,I1,spezia,venezia,2022-04-02
WSKLkRYi,I1,bologna,atalanta,2022-03-20
nacDusBp,I1,as roma,lazio,2022-03-20
vgOTm534,I1,empoli,verona,2022-03-20
SEGto3mN,I1,juventus,salernitana,2022-03-20
vgpa3p3i,I1,venezia,sampdoria,2022-03-20
02PPlolb,I1,cagliari,ac milan,2022-03-19
YiHxnqYG,I1,inter,fiorentina,2022-03-19
65FppN2T,I1,napoli,udinese,2022-03-19
MHDYnPIA,I1,genoa,torino,2022-03-18
QkdHv1Qj,I1,sassuolo,spezia,2022-03-18
MexbznZ4,I1,lazio,venezia,2022-03-14
jXsZRNto,I1,torino,inter,2022-03-13
W6qowlkn,I1,atalanta,genoa,2022-03-13
hxMHj7Jo,I1,udinese,as roma,2022-03-13
SYxfySJb,I1,verona,napoli,2022-03-13
EVYkx84h,I1,fiorentina,bologna,2022-03-13
0ny2Z5lB,I1,ac milan,empoli,2022-03-12
Kli3XqJN,I1,sampdoria,juventus,2022-03-12
tbhaYP3H,I1,salernitana,sassuolo,2022-03-12
EBj7W3YT,I1,spezia,cagliari,2022-03-12
Q3DqQz7n,I1,spezia,verona,2023-06-11
dCc3RImt,I1,ac milan,verona,2023-06-04
hviCPdIh,I1,as roma,spezia,2023-06-04
n1Up9yYB,I1,atalanta,monza,2023-06-04
KjMc6ZHU,I1,lecce,bologna,2023-06-04
vegOMf2B,I1,udinese,juventus,2023-06-04
z3d7Qx3n,I1,napoli,sampdoria,2023-06-04
QiTl8emI,I1,cremonese,salernitana,2023-06-03
8GIg7F2O,I1,empoli,lazio,2023-06-03
QikKNzm5,I1,torino,inter,2023-06-03
WUkGOGXb,I1,sassuolo,fiorentina,2023-06-02
nwnbIuBP,I1,juventus,ac milan,2023-05-28
lnYPDaJt,I1,lazio,cremonese,2023-05-28
EJOBdbl6,I1,bologna,napoli,2023-05-28
r9XTCJYn,I1,monza,lecce,2023-05-28
MqSJfxJI,I1,verona,empoli,2023-05-28
0zRNgdYO,I1,inter,atalanta,2023-05-27
SMSFeI3C,I1,fiorentina,as roma,2023-05-27
dCyYBwlg,I1,salernitana,udinese,2023-05-27
IRPtAHI5,I1,spezia,torino,2023-05-27
vyRxBc3a,I1,sampdoria,sassuolo,2023-05-26
zT3xraZC,I1,empoli,juventus,2023-05-22
pvXf0tks,I1,as roma,salernitana,2023-05-22
WfZ6cvZa,I1,udinese,lazio,2023-05-21
vcfS4MtQ,I1,napoli,inter,2023-05-21
h4z3bKJg,I1,torino,fiorentina,2023-05-21
EJ2tsJlJ,I1,lecce,spezia,2023-05-21
SMjO52RJ,I1,ac milan,sampdoria,2023-05-20
v1ATqL40,I1,atalanta,verona,2023-05-20
Ii9XruK6,I1,cremonese,bologna,2023-05-20
OUVba04m,I1,sassuolo,monza,2023-05-19
Wz7Loszl,I1,sampdoria,empoli,2023-05-15
0nXtgPsE,I1,juventus,cremonese,2023-05-14
CQjnXsLf,I1,bologna,as roma,2023-05-14
jHkjW1z1,I1,fiorentina,udinese,2023-05-14
n3Vli3CQ,I1,monza,napoli,2023-05-14
pvkfVLk7,I1,verona,torino,2023-05-14
bsgbUu5D,I1,inter,sassuolo,2023-05-13
pvBPp1kf,I1,spezia,ac milan,2023-05-13
lCHGnNKs,I1,salernitana,atalanta,2023-05-13
vwWphqcK,I1,lazio,lecce,2023-05-12
O2Z9jWLF,I1,sassuolo,bologna,2023-05-08
xdzCVUqj,I1,empoli,salernitana,2023-05-08
fkdsYN5l,I1,udinese,sampdoria,2023-05-08
GnZFUlad,I1,lecce,verona,2023-05-07
rgR1hhi3,I1,napoli,fiorentina,2023-05-07
GbcwZ3jr,I1,torino,monza,2023-05-07
IBguyiMS,I1,atalanta,juventus,2023-05-07
fXp7WAUq,I1,cremonese,spezia,2023-05-06
QHG6iC69,I1,as roma,inter,2023-05-06
42ScgYyc,I1,ac milan,lazio,2023-05-06
pr79NXiT,I1,empoli,bologna,2023-05-04
OlfyxX6M,I1,udinese,napoli,2023-05-04
WYuSuF7c,I1,ac milan,cremonese,2023-05-03
IVyOtehi,I1,lazio,sassuolo,2023-05-03
QeuWvZM3,I1,monza,as roma,2023-05-03
xzayJi0p,I1,verona,inter,2023-05-03
6i85ODxN,I1,atalanta,spezia,2023-05-03
GQcuIBFj,I1,juventus,lecce,2023-05-03
4nvzvgxA,I1,salernitana,fiorentina,2023-05-03
pbeXxDiG,I1,sampdoria,torino,2023-05-03
WYgNBzgH,I1,bologna,juventus,2023-04-30
hlrW9ENT,I1,fiorentina,sampdoria,2023-04-30
APhRAf8N,I1,cremonese,verona,2023-04-30
M3MqTyOi,I1,napoli,salernitana,2023-04-30
IVFhRFh4,I1,sassuolo,empoli,2023-04-30
U9Zc5YVp,I1,inter,lazio,2023-04-30
OSI0PgNG,I1,torino,atalanta,2023-04-29
vuHlSewb,I1,as roma,ac milan,2023-04-29
ChFdQZ7A,I1,spezia,monza,2023-04-28
rDNuUH8o,I1,lecce,udinese,2023-04-28
p4Gtac9B,I1,atalanta,as roma,2023-04-24
UiIhdegU,I1,juventus,napoli,2023-04-23
8Im3Gbvn,I1,ac milan,lecce,2023-04-23
2um7FIgh,I1,monza,fiorentina,2023-04-23
xbuKCGwB,I1,udinese,cremonese,2023-04-23
dvKpbHOH,I1,empoli,inter,2023-04-23
b7tGDdO4,I1,sampdoria,spezia,2023-04-22
URlaHvPu,I1,lazio,torino,2023-04-22
GriBEx9b,I1,salernitana,sassuolo,2023-04-22
j1JlcyvO,I1,verona,bologna,2023-04-21
UTJ5cpY6,I1,fiorentina,atalanta,2023-04-17
GOOP2uAn,I1,as roma,udinese,2023-04-16
fFNT1aPh,I1,sassuolo,juventus,2023-04-16
2uRy0wf5,I1,torino,salernitana,2023-04-16
MN6iLmQD,I1,lecce,sampdoria,2023-04-16
8KI9d4mD,I1,inter,monza,2023-04-15
YaZK3Lft,I1,napoli,verona,2023-04-15
AR34a63f,I1,bologna,ac milan,2023-04-15
OlSX0Jva,I1,spezia,lazio,2023-04-14
lI28bQI0,I1,cremonese,empoli,2023-04-14
6Vfy0Ix8,I1,lazio,juventus,2023-04-08
210d1SYs,I1,torino,as roma,2023-04-08
8pxY0bN1,I1,verona,sassuolo,2023-04-08
zXwQ2Khk,I1,atalanta,bologna,2023-04-08
dKNT58QQ,I1,sampdoria,cremonese,2023-04-08
ENxU1v8e,I1,fiorentina,spezia,2023-04-08
G4400nll,I1,udinese,monza,2023-04-08
lfKL7UeE,I1,ac milan,empoli,2023-04-07
A3LH8At8,I1,lecce,napoli,2023-04-07
ITOP6lBK,I1,salernitana,inter,2023-04-07
Gncg8tVR,I1,sassuolo,torino,2023-04-03
tAIjlLwd,I1,empoli,lecce,2023-04-03
0OKRs71U,I1,atalanta,fiorentina,2024-06-02
4W5t03Zl,I1,empoli,as roma,2024-05-26
rN4paNle,I1,frosinone,udinese,2024-05-26
6Le197C2,I1,lazio,sassuolo,2024-05-26
jPP565dL,I1,verona,inter,2024-05-26
pnP95PBR,I1,atalanta,torino,2024-05-26
CYQ17osF,I1,napoli,lecce,2024-05-26
pCf58RR8,I1,ac milan,salernitana,2024-05-25
hI7JpOZ1,I1,juventus,monza,2024-05-25
Cd9lbs41,I1,genoa,bologna,2024-05-24
M7Gy1qKr,I1,cagliari,fiorentina,2024-05-23
rmlyYpjd,I1,bologna,juventus,2024-05-20
Q7Nvh6sS,I1,salernitana,verona,2024-05-20
nHOzgnSL,I1,as roma,genoa,2024-05-19
beWNelr3,I1,inter,lazio,2024-05-19
4hZVgSCF,I1,monza,frosinone,2024-05-19
vF3Fo4Ke,I1,udinese,empoli,2024-05-19
IaF6mQkq,I1,sassuolo,cagliari,2024-05-19
djEAnp5k,I1,torino,ac milan,2024-05-18
hIVRf8c9,I1,lecce,atalanta,2024-05-18
K4XJdUSd,I1,fiorentina,napoli,2024-05-17
UFIypiqi,I1,fiorentina,monza,2024-05-13
jk9duTcM,I1,lecce,udinese,2024-05-13
GCUgL76j,I1,atalanta,as roma,2024-05-12
4YAlskT9,I1,juventus,salernitana,2024-05-12
QsCprVD3,I1,genoa,sassuolo,2024-05-12
4dkXYQzj,I1,verona,torino,2024-05-12
CbAht9rG,I1,lazio,empoli,2024-05-12
YDb1vmDS,I1,ac milan,cagliari,2024-05-11
AZkTZ6Lq,I1,napoli,bologna,2024-05-11
rJMuqBbc,I1,frosinone,inter,2024-05-10
MBCLwGMH,I1,udinese,napoli,2024-05-06
jDeAtIxa,I1,salernitana,atalanta,2024-05-06
8l65sbNh,I1,as roma,juventus,2024-05-05
0O2cqKht,I1,ac milan,genoa,2024-05-05
bFGVm0pP,I1,empoli,frosinone,2024-05-05
xMVkMmip,I1,verona,fiorentina,2024-05-05
fsjku8tP,I1,cagliari,lecce,2024-05-05
lbEDuxh5,I1,sassuolo,inter,2024-05-04
Uc71rv8n,I1,monza,lazio,2024-05-04
rLDHvd7B,I1,torino,bologna,2024-05-03
dQhciEZJ,I1,genoa,cagliari,2024-04-29
tvnotlRI,I1,fiorentina,sassuolo,2024-04-28
8QmwrAd6,I1,atalanta,empoli,2024-04-28
SEWuqjs0,I1,napoli,as roma,2024-04-28
nHnssUBC,I1,bologna,udinese,2024-04-28
zHi1jYlQ,I1,inter,torino,2024-04-28
f1YXpCCm,I1,lazio,verona,2024-04-27
tbUTohcs,I1,juventus,ac milan,2024-04-27
lOXypWRg,I1,lecce,monza,2024-04-27
8AaFSUdJ,I1,frosinone,salernitana,2024-04-26
f1nTGXc7,I1,udinese,as roma,2024-04-25
rNSNxFKQ,I1,ac milan,inter,2024-04-22
279fXhrl,I1,as roma,bologna,2024-04-22
pWEkYYSs,I1,monza,atalanta,2024-04-21
tb8bWCcf,I1,salernitana,fiorentina,2024-04-21
neB6UjS6,I1,torino,frosinone,2024-04-21
zL72VWC0,I1,sassuolo,lecce,2024-04-21
UJ0BTAsD,I1,verona,udinese,2024-04-20
zcPFvyjE,I1,empoli,napoli,2024-04-20
YioXFiDD,I1,cagliari,juventus,2024-04-19
l0TJwe5K,I1,genoa,lazio,2024-04-19
K6Cj3ET7,I1,atalanta,verona,2024-04-15
C0axRHLE,I1,fiorentina,genoa,2024-04-15
UyfsQyyL,I1,inter,cagliari,2024-04-14
MZYLIgTf,I1,sassuolo,ac milan,2024-04-14
vBqHJZDl,I1,napoli,frosinone,2024-04-14
Y90YRc68,I1,bologna,monza,2024-04-13
0QXPHDr1,I1,torino,juventus,2024-04-13
Q7uDKFbr,I1,lecce,empoli,2024-04-13
8ShoPejR,I1,lazio,salernitana,2024-04-12
Q7Js5zae,I1,udinese,inter,2024-04-08
pjacQpV3,I1,juventus,fiorentina,2024-04-07
CpeE3NNj,I1,cagliari,atalanta,2024-04-07
8W8n4fE1,I1,verona,genoa,2024-04-07
tIh6OOaG,I1,monza,napoli,2024-04-07
jTagRQFc,I1,frosinone,bologna,2024-04-07
Cx1kS60i,I1,empoli,torino,2024-04-06
IsGZ6dUr,I1,as roma,lazio,2024-04-06
bg31P4pA,I1,ac milan,lecce,2024-04-06
nHKw6Gqk,I1,salernitana,sassuolo,2024-04-05
CMCRCR04,I1,inter,empoli,2024-04-01
KnGZA5VG,I1,lecce,as roma,2024-04-01
hM5FFTGo,I1,cagliari,verona,2024-04-01
GE9r9q0T,I1,sassuolo,udinese,2024-04-01
vJHXjpvo,I1,bologna,salernitana,2024-04-01
j7OIEmWi,I1,fiorentina,ac milan,2024-03-30
tdHVBoGA,I1,lazio,juventus,2024-03-30
YVDND7ob,I1,genoa,frosinone,2024-03-30
YgdA438p,I1,torino,monza,2024-03-30
2B5vAPpN,I1,napoli,atalanta,2024-03-30
C2pt1U1h,I1,inter,napoli,2024-03-17
nLxgbSoB,I1,as roma,sassuolo,2024-03-17
xAV5eQVT,I1,verona,ac milan,2024-03-17
jgqp0lHb,I1,juventus,genoa,2024-03-17
4xox2Ann,I1,frosinone,lazio,2024-03-16
trxccn1H,I1,salernitana,lecce,2024-03-16
YHYla8W4,I1,monza,cagliari,2024-03-16
KYz1d6GN,I1,udinese,torino,2024-03-16
QonY2jXu,I1,empoli,bologna,2024-03-15
IuP6nVna,I1,lazio,udinese,2024-03-11
UJWgkX2t,I1,fiorentina,as roma,2024-03-10
OIP2mBXh,I1,juventus,atalanta,2024-03-10
E7IFp9HB,I1,ac milan,empoli,2024-03-10
dWNAok25,I1,lecce,verona,2024-03-10
r9FABj4C,I1,atalanta,parma,2025-05-25
2DnySBlg,I1,empoli,verona,2025-05-25
MF2xQkJ5,I1,lazio,lecce,2025-05-25
tKZ2tB3n,I1,torino,as roma,2025-05-25
MTsBvkYb,I1,udinese,fiorentina,2025-05-25
fstJxT2B,I1,venezia,juventus,2025-05-25
Uu6pOTmI,I1,ac milan,monza,2025-05-24
jZII9UYO,I1,bologna,genoa,2025-05-24
UalTTXJt,I1,como,inter,2025-05-23
jefgM7IU,I1,napoli,cagliari,2025-05-23
4IfycikJ,I1,as roma,ac milan,2025-05-18
YiJd8Qi3,I1,cagliari,venezia,2025-05-18
f77564MF,I1,fiorentina,bologna,2025-05-18
SIQgpE5D,I1,inter,lazio,2025-05-18
rR8t8HcK,I1,juventus,udinese,2025-05-18
E9aC2eLs,I1,lecce,torino,2025-05-18
zPmL0Zkf,I1,monza,empoli,2025-05-18
8j1SbDK6,I1,parma,napoli,2025-05-18
f5Sonzy1,I1,verona,como,2025-05-18
06Zxld6l,I1,genoa,atalanta,2025-05-17
KfCgL6Wp,I1,atalanta,as roma,2025-05-12
nqB9nqVq,I1,venezia,fiorentina,2025-05-12
nLSMem8c,I1,napoli,genoa,2025-05-11
foWUgRxA,I1,torino,inter,2025-05-11
fXjduSNG,I1,verona,lecce,2025-05-11
jDPwh57M,I1,udinese,monza,2025-05-11
MJhlslg4,I1,empoli,parma,2025-05-10
jap5w6hT,I1,lazio,juventus,2025-05-10
QiauqAOi,I1,como,cagliari,2025-05-10
6PkzYqGj,I1,ac milan,bologna,2025-05-09
hvJWFBf5,I1,genoa,ac milan,2025-05-05
lYYCCxlD,I1,bologna,juventus,2025-05-04
SdXESlvB,I1,as roma,fiorentina,2025-05-04
bHubWWvn,I1,monza,atalanta,2025-05-04
pEFOHXPh,I1,empoli,lazio,2025-05-04
Eg7uEkPH,I1,inter,verona,2025-05-03
MJAmCTgU,I1,lecce,napoli,2025-05-03
v1pOJget,I1,cagliari,udinese,2025-05-03
WUw6UA9b,I1,parma,como,2025-05-03
zNzNQS8N,I1,torino,venezia,2025-05-02
fBcHN2dE,I1,lazio,parma,2025-04-28
8fyGJYwq,I1,verona,cagliari,2025-04-28
ptxdGKll,I1,udinese,bologna,2025-04-28
Aa9k3Dg2,I1,atalanta,lecce,2025-04-27
080PLtRQ,I1,napoli,torino,2025-04-27
xzTWFjw8,I1,juventus,monza,2025-04-27
bLkpPfGL,I1,fiorentina,empoli,2025-04-27
4MUOHC8e,I1,inter,as roma,2025-04-27
x61yRGo9,I1,como,genoa,2025-04-27
h6u4EbJ0,I1,venezia,ac milan,2025-04-27
U5sK10Ic,I1,cagliari,fiorentina,2025-04-23
boZzbIHM,I1,genoa,lazio,2025-04-23
xhM2CHWF,I1,parma,juventus,2025-04-23
EXFt5ZOk,I1,torino,udinese,2025-04-23
lWu8jzAd,I1,ac milan,atalanta,2025-04-20
2akYwcQj,I1,bologna,inter,2025-04-20
QXzTavmA,I1,empoli,venezia,2025-04-20
I1UAAe1S,I1,as roma,verona,2025-04-19
URIfEw23,I1,monza,napoli,2025-04-19
t6x0hdup,I1,lecce,como,2025-04-19
tntq0msg,I1,napoli,empoli,2025-04-14
8Ysy29Ct,I1,lazio,as roma,2025-04-13
8GQVhWZP,I1,como,torino,2025-04-13
S072mAcm,I1,fiorentina,parma,2025-04-13
zRAAolSa,I1,verona,genoa,2025-04-13
GMwpVSsJ,I1,atalanta,bologna,2025-04-13
U7CQs6RO,I1,juventus,lecce,2025-04-12
dtaJqSdC,I1,inter,cagliari,2025-04-12
rBx0d5tI,I1,venezia,monza,2025-04-12
xEZibRB5,I1,udinese,ac milan,2025-04-11
MwRDTF6E,I1,bologna,napoli,2025-04-07
EcsTYArf,I1,as roma,juventus,2025-04-06
AkKS5CE7,I1,atalanta,lazio,2025-04-06
rgFMRgyR,I1,empoli,cagliari,2025-04-06
MNpyXlD6,I1,torino,verona,2025-04-06
A3a1KBT0,I1,lecce,venezia,2025-04-06
rHc9IkbD,I1,ac milan,fiorentina,2025-04-05
hrgKzXDs,I1,parma,inter,2025-04-05
Ma2ltgjK,I1,monza,como,2025-04-05
Ey6hMXbl,I1,genoa,udinese,2025-04-04
0hCVTO0c,I1,lazio,torino,2025-03-31
hnk4D3GG,I1,verona,parma,2025-03-31
tASB9fFr,I1,napoli,ac milan,2025-03-30
lErDBsoT,I1,inter,udinese,2025-03-30
KYjdFPo4,I1,fiorentina,atalanta,2025-03-30
bT51grPp,I1,cagliari,monza,2025-03-30
n9AwS2V9,I1,lecce,as roma,2025-03-29
KdZr6L8j,I1,juventus,genoa,2025-03-29
QZcmHoHi,I1,como,empoli,2025-03-29
ENQJ7Yqe,I1,venezia,bologna,2025-03-29
0fHOmJyP,I1,atalanta,inter,2025-03-16
CYps60ig,I1,fiorentina,juventus,2025-03-16
S4cE48Xo,I1,as roma,cagliari,2025-03-16
G6iY7MMt,I1,bologna,lazio,2025-03-16
EeUUb41N,I1,venezia,napoli,2025-03-16
0IeM2n2b,I1,torino,empoli,2025-03-15
voxb2IjI,I1,ac milan,como,2025-03-15
nBu60dLU,I1,monza,parma,2025-03-15
6VQM0QWA,I1,udinese,verona,2025-03-15
IVmk4vM5,I1,genoa,lecce,2025-03-14
jc9RBVNE,I1,lazio,udinese,2025-03-10
zkRvlSV7,I1,juventus,atalanta,2025-03-09
jqUhcW8L,I1,empoli,as roma,2025-03-09
IBP7i1x0,I1,napoli,fiorentina,2025-03-09
MRKOiAWr,I1,verona,bologna,2025-03-09
YH84GNJi,I1,cagliari,torino,2026-05-17
nmmS8WHr,I1,sassuolo,lecce,2026-05-17
h0IS6Ane,I1,udinese,cremonese,2026-05-17
I9QHhKRp,I1,atalanta,bologna,2026-05-17
6TRhfX2k,I1,inter,verona,2026-05-17
jH1dEhfL,I1,as roma,lazio,2026-05-17
6V6CE1l4,I1,como,parma,2026-05-17
2c0LCuJG,I1,genoa,ac milan,2026-05-17
SrG1hBX1,I1,juventus,fiorentina,2026-05-17
fk8mGEP8,I1,pisa,napoli,2026-05-17
SGJCqskU,I1,napoli,bologna,2026-05-11
n7B4o3KH,I1,ac milan,atalanta,2026-05-10
rTgM3pzn,I1,parma,as roma,2026-05-10
6XyumevP,I1,cremonese,pisa,2026-05-10
A1Gui7jt,I1,fiorentina,genoa,2026-05-10
nLjw02ZA,I1,verona,como,2026-05-10
vs8dmPk5,I1,lecce,juventus,2026-05-09
IRJmkoLh,I1,lazio,inter,2026-05-09
YJwXlH9C,I1,cagliari,udinese,2026-05-09
vemV1O4b,I1,torino,sassuolo,2026-05-08
pf5qbLnQ,I1,as roma,fiorentina,2026-05-04
f9SXuMQs,I1,cremonese,lazio,2026-05-04
jyMtv0ef,I1,inter,parma,2026-05-03
OlKlxvQ6,I1,juventus,verona,2026-05-03
URtGhaAm,I1,sassuolo,ac milan,2026-05-03
rDDEzRl2,I1,bologna,cagliari,2026-05-03
zmA6xmKk,I1,atalanta,genoa,2026-05-02
O8j1bUt9,I1,como,napoli,2026-05-02
xhpOjwu0,I1,udinese,torino,2026-05-02
KGDczIfJ,I1,pisa,lecce,2026-05-01
MN8dBALj,I1,lazio,udinese,2026-04-27
xIBAKEb4,I1,cagliari,atalanta,2026-04-27
xWjqZDDc,I1,ac milan,juventus,2026-04-26
MqpXNm5d,I1,torino,inter,2026-04-26
juIQGWcT,I1,genoa,como,2026-04-26
UPTHIhTG,I1,fiorentina,sassuolo,2026-04-26
ljxJoic3,I1,verona,lecce,2026-04-25
tjI1MzUi,I1,bologna,as roma,2026-04-25
0UeOP9zp,I1,parma,pisa,2026-04-25
Uo5hVVCM,I1,napoli,cremonese,2026-04-24
84bQiPO0,I1,lecce,fiorentina,2026-04-20
zi0Igofl,I1,juventus,bologna,2026-04-19
tOLCD6oK,I1,pisa,genoa,2026-04-19
EFbK9cpn,I1,verona,ac milan,2026-04-19
8tGw1T1E,I1,cremonese,torino,2026-04-19
Qecq8p9s,I1,as roma,atalanta,2026-04-18
EHTQk3gD,I1,napoli,lazio,2026-04-18
0Yi82twJ,I1,udinese,parma,2026-04-18
G6Joa7WQ,I1,inter,cagliari,2026-04-17
YL0i6Owf,I1,sassuolo,como,2026-04-17
6BQ0S8ek,I1,fiorentina,lazio,2026-04-13
zTZUXUXR,I1,como,inter,2026-04-12
6mrEyDY2,I1,bologna,lecce,2026-04-12
Uke4nUnL,I1,parma,napoli,2026-04-12
SQE9QnQ1,I1,genoa,sassuolo,2026-04-12
4UbUT0Fd,I1,atalanta,juventus,2026-04-11
YN1eljI8,I1,ac milan,udinese,2026-04-11
v1tMZj3F,I1,cagliari,cremonese,2026-04-11
Mmzqunue,I1,torino,verona,2026-04-11
QLtzs8Ar,I1,as roma,pisa,2026-04-10
b9eMZVoI,I1,napoli,ac milan,2026-04-06
OW0cuzIt,I1,juventus,genoa,2026-04-06
jqhEyhH5,I1,lecce,atalanta,2026-04-06
UkutjiWb,I1,udinese,como,2026-04-06
p6VnLWWO,I1,inter,as roma,2026-04-05
fykVX9GU,I1,pisa,torino,2026-04-05
ChXvNh2C,I1,cremonese,bologna,2026-04-05
UT35wEng,I1,lazio,parma,2026-04-04
xGrllV0B,I1,verona,fiorentina,2026-04-04
AmPvhD1n,I1,sassuolo,cagliari,2026-04-04
2u5kCylf,I1,fiorentina,inter,2026-03-22
GQwWOEXa,I1,as roma,lecce,2026-03-22
lxuGcxZ0,I1,atalanta,verona,2026-03-22
d2rOeG3D,I1,bologna,lazio,2026-03-22
8tCtEcJs,I1,como,pisa,2026-03-22
WKd68gmJ,I1,juventus,sassuolo,2026-03-21
bRlhWduQ,I1,ac milan,torino,2026-03-21
raQOQz3m,I1,parma,cremonese,2026-03-21
zg3cAFI6,I1,genoa,udinese,2026-03-20
xbLAJJeK,I1,cagliari,napoli,2026-03-20
rcDQjULG,I1,cremonese,fiorentina,2026-03-16
Eom5qnEj,I1,lazio,ac milan,2026-03-15
zX9Ihji4,I1,como,as roma,2026-03-15
27Ta5TzA,I1,pisa,cagliari,2026-03-15
bZM8375M,I1,sassuolo,bologna,2026-03-15
2L8YJSk3,I1,verona,genoa,2026-03-15
zFGndPcd,I1,udinese,juventus,2026-03-14
UgVi7k6c,I1,napoli,lecce,2026-03-14
4C1Zl8jT,I1,inter,atalanta,2026-03-14
EaSwboTq,I1,torino,parma,2026-03-13
hlhSsZxn,I1,lazio,sassuolo,2026-03-09
MTqqvixB,I1,ac milan,inter,2026-03-08
WOnIPiNH,I1,genoa,as roma,2026-03-08
6H1hVegt,I1,bologna,verona,2026-03-08
zcg9RDh5,I1,fiorentina,parma,2026-03-08
0EeztD7b,I1,lecce,cremonese,2026-03-08
4xoQNViU,I1,juventus,pisa,2026-03-07
r5osOvnD,I1,atalanta,udinese,2026-03-07
SWk1TZNh,I1,cagliari,como,2026-03-07
UgmixV6N,I1,napoli,torino,2026-03-06
8OEoZ4fE,I1,udinese,fiorentina,2026-03-02
Qy7EzcEL,I1,pisa,bologna,2026-03-02
M7hpVzxq,I1,as roma,juventus,2026-03-01
Qak1Rhy8,I1,torino,lazio,2026-03-01
IZogTE6e,I1,sassuolo,atalanta,2026-03-01
d6IBGyNk,I1,cremonese,ac milan,2026-03-01
rk96jZGj,I2,pisa,monza,2022-05-29
4bA2iF1p,I2,monza,pisa,2022-05-26
E15qeLKm,I2,monza,brescia,2022-05-22
fHOC0scQ,I2,pisa,benevento,2022-05-21
6VdfDrQi,I2,cosenza,l.r. vicenza,2022-05-20
dQAvd15s,I2,brescia,monza,2022-05-18
0fP81NsK,I2,benevento,pisa,2022-05-17
dKk7AtAA,I2,brescia,perugia,2022-05-14
vqe2BMf4,I2,ascoli,benevento,2022-05-13
fegjEOAo,I2,l.r. vicenza,cosenza,2022-05-12
2D6JoB1n,I2,alessandria,l.r. vicenza,2022-05-06
rPNGpVGh,I2,ascoli,ternana,2022-05-06
MFMKqkWb,I2,benevento,spal,2022-05-06
GxMOr9o5,I2,brescia,reggina,2022-05-06
UuQSsT0B,I2,como,cremonese,2022-05-06
YkYc8SWJ,I2,cosenza,cittadella,2022-05-06
jeEyt7VN,I2,frosinone,pisa,2022-05-06
KUIuuRpU,I2,lecce,pordenone,2022-05-06
Mw57zogo,I2,perugia,monza,2022-05-06
C4FXtmGH,I2,crotone,parma,2022-05-06
YcS5Sm1O,I2,reggina,como,2022-04-30
AJstYiXn,I2,cittadella,brescia,2022-04-30
MgopXBng,I2,cremonese,ascoli,2022-04-30
4IzkWV1a,I2,l.r. vicenza,lecce,2022-04-30
r9ZhVkH5,I2,monza,benevento,2022-04-30
CrvcU9WB,I2,parma,alessandria,2022-04-30
KnpGqqfJ,I2,pisa,cosenza,2022-04-30
jZx1TToI,I2,pordenone,crotone,2022-04-30
n1W9R7GU,I2,spal,frosinone,2022-04-30
OM7Fnint,I2,ternana,perugia,2022-04-30
GdrxZXHt,I2,perugia,parma,2022-04-25
YZq9VbBl,I2,benevento,ternana,2022-04-25
GbZDUIQf,I2,brescia,spal,2022-04-25
U1wITxt1,I2,como,l.r. vicenza,2022-04-25
xjqvyLmR,I2,alessandria,reggina,2022-04-25
tdoCpPvD,I2,cosenza,pordenone,2022-04-25
OOxMSde7,I2,crotone,cremonese,2022-04-25
2FyQRGAD,I2,frosinone,monza,2022-04-25
vXK8j0mE,I2,lecce,pisa,2022-04-25
fqo5Wvdr,I2,ascoli,cittadella,2022-04-25
EBAWHusk,I2,monza,brescia,2022-04-18
pdK0N1JR,I2,cittadella,alessandria,2022-04-18
h29zHade,I2,parma,ascoli,2022-04-18
Aw4uGJB1,I2,pisa,como,2022-04-18
bapzx1YK,I2,ternana,frosinone,2022-04-18
EZEFo5P6,I2,cremonese,cosenza,2022-04-18
KlBSILRr,I2,l.r. vicenza,perugia,2022-04-18
lU2qFwR7,I2,pordenone,benevento,2022-04-18
2XjRwN38,I2,reggina,lecce,2022-04-18
GzeVxsJE,I2,spal,crotone,2022-04-18
04dN8yR2,I2,cosenza,benevento,2022-04-14
08pc3tSe,I2,brescia,parma,2022-04-11
2XUeOs4L,I2,perugia,pisa,2022-04-10
Sfnk52cq,I2,ascoli,reggina,2022-04-10
zqGBnoA0,I2,cosenza,monza,2022-04-10
GGSqRqK2,I2,crotone,ternana,2022-04-10
6oog4MCk,I2,benevento,l.r. vicenza,2022-04-10
f7RmQ3Z8,I2,frosinone,cremonese,2022-04-09
OQsU9rkS,I2,alessandria,pordenone,2022-04-09
EBl120s2,I2,como,cittadella,2022-04-09
OtWiPNlF,I2,lecce,spal,2022-04-09
pM3idPKS,I2,cittadella,perugia,2022-04-06
llaNj3rj,I2,l.r. vicenza,crotone,2022-04-06
SvbRkNcd,I2,monza,ascoli,2022-04-06
fojDDQk3,I2,pisa,brescia,2022-04-06
Gfi9E6zc,I2,parma,como,2022-04-06
6P9IiqTq,I2,cremonese,alessandria,2022-04-05
xAuICp59,I2,pordenone,frosinone,2022-04-05
jDqMB4KF,I2,reggina,benevento,2022-04-05
tMG7mRff,I2,spal,cosenza,2022-04-05
pzqQAOZL,I2,ternana,lecce,2022-04-05
8G8S1Tji,I2,brescia,l.r. vicenza,2022-04-03
GtCz07L3,I2,como,monza,2022-04-03
C85qbojG,I2,crotone,perugia,2022-04-03
6BUqwpEj,I2,benevento,pisa,2022-04-02
ML7CehUH,I2,alessandria,spal,2022-04-02
SKVuvQbp,I2,ascoli,pordenone,2022-04-02
MJCW0m6c,I2,cittadella,ternana,2022-04-02
SIC3l7ul,I2,cosenza,parma,2022-04-02
fXAvaRzA,I2,cremonese,reggina,2022-04-02
ja4mc55M,I2,lecce,frosinone,2022-04-02
n3Fabfpa,I2,pordenone,brescia,2022-03-20
06J3cEa5,I2,spal,cremonese,2022-03-20
t2nwsgFO,I2,l.r. vicenza,ascoli,2022-03-20
EkHi0GFn,I2,perugia,como,2022-03-20
htGeazVh,I2,pisa,cittadella,2022-03-20
URrZsZaI,I2,frosinone,benevento,2022-03-19
f5zL5xhP,I2,monza,crotone,2022-03-19
dEMn1d0t,I2,parma,lecce,2022-03-19
pfNbkmQs,I2,reggina,cosenza,2022-03-19
rV88dYEB,I2,ternana,alessandria,2022-03-19
8lCwga8J,I2,ascoli,pisa,2022-03-16
0niIoH0g,I2,cremonese,pordenone,2022-03-16
n3gUrFpC,I2,perugia,spal,2022-03-16
Moi3UFVI,I2,alessandria,monza,2022-03-15
nuBshJNP,I2,brescia,benevento,2022-03-15
4Kc9mwWt,I2,cittadella,reggina,2022-03-15
IN1Dncom,I2,como,ternana,2022-03-15
8UaV6FeF,I2,cosenza,lecce,2022-03-15
vwjMpyGa,I2,crotone,frosinone,2022-03-15
8CfQqeV5,I2,l.r. vicenza,parma,2022-03-15
h6anYcWg,I2,pisa,cremonese,2022-03-13
lYG3tMOD,I2,benevento,crotone,2022-03-12
08K7utvK,I2,frosinone,alessandria,2022-03-12
ptdvzK1s,I2,monza,l.r. vicenza,2022-03-12
zVliXHo0,I2,pordenone,como,2022-03-12
rehaVeGC,I2,spal,ascoli,2022-03-12
rX9Cv0gQ,I2,lecce,brescia,2022-03-12
lYheWy16,I2,reggina,perugia,2022-03-12
veeR7et9,I2,ternana,cosenza,2022-03-12
2NqcBVPD,I2,bari,cagliari,2023-06-11
lKeFnnmD,I2,cagliari,bari,2023-06-08
f1YYBA4T,I2,parma,cagliari,2023-06-03
2RmMRMER,I2,bari,sudtirol,2023-06-02
C8Djg6Kd,I2,brescia,cosenza,2023-06-01
GAZUCjkN,I2,cagliari,parma,2023-05-30
K2bHS2aL,I2,sudtirol,bari,2023-05-29
jNjwp2sq,I2,cagliari,venezia,2023-05-27
UDksqMdk,I2,sudtirol,reggina,2023-05-26
8zmApEGd,I2,cosenza,brescia,2023-05-25
tfhCtunq,I2,cittadella,como,2023-05-19
zDFqoLwS,I2,cosenza,cagliari,2023-05-19
ldDXmNg9,I2,genoa,bari,2023-05-19
QsfOwwW1,I2,modena,sudtirol,2023-05-19
dMGun1OL,I2,palermo,brescia,2023-05-19
2aw72M82,I2,parma,venezia,2023-05-19
SnCyms9F,I2,perugia,benevento,2023-05-19
nieKvJGe,I2,pisa,spal,2023-05-19
6XNSl3v3,I2,reggina,ascoli,2023-05-19
hUeGua1k,I2,ternana,frosinone,2023-05-19
SQz1z4P9,I2,frosinone,genoa,2023-05-13
lzxcypA3,I2,ascoli,cosenza,2023-05-13
vRVtRand,I2,bari,reggina,2023-05-13
AkQ5ZNvG,I2,benevento,modena,2023-05-13
0zXxSuXk,I2,brescia,pisa,2023-05-13
OhU9YsfM,I2,cagliari,palermo,2023-05-13
hUJOkqPd,I2,como,ternana,2023-05-13
IFTDX19S,I2,spal,parma,2023-05-13
K0XhxQfc,I2,sudtirol,cittadella,2023-05-13
KOFuTLHq,I2,venezia,perugia,2023-05-13
CxZOkO7a,I2,parma,brescia,2023-05-07
vik5VgMp,I2,palermo,spal,2023-05-06
IFZKj4hg,I2,cittadella,benevento,2023-05-06
tAYlw6ui,I2,cosenza,venezia,2023-05-06
MmtChQNt,I2,genoa,ascoli,2023-05-06
4CVGipwm,I2,modena,bari,2023-05-06
neRymMiI,I2,pisa,frosinone,2023-05-06
84SXm2xC,I2,reggina,como,2023-05-06
xx88UDyi,I2,ternana,sudtirol,2023-05-06
jTXSlrN5,I2,perugia,cagliari,2023-05-05
hY52YMxP,I2,frosinone,reggina,2023-05-01
p2FswoOg,I2,venezia,modena,2023-05-01
Es7bZ2NI,I2,ascoli,pisa,2023-05-01
WfZ6qmoQ,I2,bari,cittadella,2023-05-01
IFDkyPh6,I2,benevento,parma,2023-05-01
lzMYv7gs,I2,brescia,cosenza,2023-05-01
SQKxvR8m,I2,sudtirol,genoa,2023-05-01
OhEox5w0,I2,como,palermo,2023-05-01
Kvfpc6FP,I2,cagliari,ternana,2023-04-30
WIHgzq8C,I2,spal,perugia,2023-04-30
v1ATVTGQ,I2,pisa,bari,2023-04-23
KKV2pTVJ,I2,ternana,venezia,2023-04-23
tAdeRmPs,I2,palermo,benevento,2023-04-22
AklCN5O6,I2,cittadella,genoa,2023-04-22
CvvXW91K,I2,como,ascoli,2023-04-22
IFiKLqgJ,I2,frosinone,sudtirol,2023-04-22
vPhGMPwD,I2,modena,spal,2023-04-22
lz03PRgf,I2,parma,cagliari,2023-04-22
Wbk8Oo90,I2,perugia,cosenza,2023-04-22
zXeaQ7vl,I2,reggina,brescia,2023-04-21
6smsAnf7,I2,ternana,pisa,2023-04-16
x2eQDUfr,I2,cagliari,frosinone,2023-04-15
YmuTXknE,I2,ascoli,sudtirol,2023-04-15
WKIcIAnR,I2,bari,como,2023-04-15
Kpio969D,I2,benevento,reggina,2023-04-15
KpFgJjXK,I2,cosenza,cittadella,2023-04-15
OIcxBSv1,I2,genoa,perugia,2023-04-15
QNFkKWHE,I2,spal,brescia,2023-04-15
GhfUClAl,I2,venezia,palermo,2023-04-15
pSbYB8Pf,I2,modena,parma,2023-04-14
4AIIHwdG,I2,palermo,cosenza,2023-04-10
dpJEIJtA,I2,pisa,cagliari,2023-04-10
AFX2dTP7,I2,brescia,ternana,2023-04-10
x2Zfbkee,I2,cittadella,parma,2023-04-10
tztn0BQr,I2,como,genoa,2023-04-10
zVU5KuCc,I2,frosinone,ascoli,2023-04-10
ObVjaVuk,I2,perugia,modena,2023-04-10
nXGoLC28,I2,reggina,venezia,2023-04-10
IgKAJaR3,I2,sudtirol,bari,2023-04-10
WOYbc9A1,I2,benevento,spal,2023-04-10
GjsWxrTH,I2,perugia,reggina,2023-04-05
zHkX5tc4,I2,modena,cittadella,2023-04-02
SjnP72Si,I2,bari,benevento,2023-04-01
GQcu4KRG,I2,perugia,frosinone,2023-04-01
dQjT6Msb,I2,ascoli,brescia,2023-04-01
8OxKdxKj,I2,cagliari,sudtirol,2023-04-01
lvdm2bdT,I2,cosenza,pisa,2023-04-01
Amcq3vsN,I2,parma,palermo,2023-04-01
MRQ1LLdi,I2,spal,ternana,2023-04-01
Iuux50CA,I2,venezia,como,2023-04-01
UXwGcI4p,I2,genoa,reggina,2023-03-31
SUAlePrn,I2,ternana,bari,2023-03-19
Od4cg3Db,I2,reggina,cagliari,2023-03-18
l0mL8rDo,I2,ascoli,venezia,2023-03-18
dA25isrB,I2,brescia,genoa,2023-03-18
AZHAluST,I2,cittadella,perugia,2023-03-18
GCI6kLCN,I2,como,parma,2023-03-18
IJ31hNS4,I2,frosinone,cosenza,2023-03-18
Ag0gfqbh,I2,pisa,benevento,2023-03-18
ne9xpazo,I2,sudtirol,spal,2023-03-18
xMJ2j1cH,I2,palermo,modena,2023-03-17
bFWzx2rO,I2,cosenza,spal,2023-03-12
lvCpd5Tu,I2,genoa,ternana,2023-03-12
z9aSsRyh,I2,venezia,cremonese,2024-06-02
827tKNqo,I2,cremonese,venezia,2024-05-30
YDCV64ho,I2,cremonese,catanzaro,2024-05-25
6HebQAYa,I2,venezia,palermo,2024-05-24
j3CszWTa,I2,ternana,bari,2024-05-23
ETVbCQUN,I2,catanzaro,cremonese,2024-05-21
bihjSW3m,I2,palermo,venezia,2024-05-20
ObaFWdN7,I2,catanzaro,brescia,2024-05-18
jo17YIhe,I2,palermo,sampdoria,2024-05-17
UmOYyham,I2,bari,ternana,2024-05-16
riIFPEUb,I2,ascoli,pisa,2024-05-10
IuDwP19r,I2,bari,brescia,2024-05-10
QF7KOYq5,I2,catanzaro,sampdoria,2024-05-10
O0QNNhaB,I2,como,cosenza,2024-05-10
INPRMCEH,I2,cremonese,cittadella,2024-05-10
dEOVLWTN,I2,feralpisalo,ternana,2024-05-10
EkJzLjqU,I2,lecco,modena,2024-05-10
Gb52GAio,I2,reggiana,parma,2024-05-10
U1gpufUo,I2,spezia,venezia,2024-05-10
r5clvEqh,I2,sudtirol,palermo,2024-05-10
GWQBTs1R,I2,brescia,lecco,2024-05-05
QgWqCe0a,I2,cittadella,bari,2024-05-05
4pVmBFF5,I2,cosenza,spezia,2024-05-05
pdnoAZUB,I2,modena,como,2024-05-05
Onok9gpI,I2,palermo,ascoli,2024-05-05
I9pg8DaO,I2,parma,cremonese,2024-05-05
WClc7XEU,I2,pisa,sudtirol,2024-05-05
dzG3SGpt,I2,sampdoria,reggiana,2024-05-05
zRE7Rz0n,I2,ternana,catanzaro,2024-05-05
40JBQfFh,I2,venezia,feralpisalo,2024-05-05
Cj6Acdo6,I2,bari,parma,2024-05-01
Y7y7UNoL,I2,feralpisalo,brescia,2024-05-01
Yei5Jw8P,I2,lecco,sampdoria,2024-05-01
z5wXEcGt,I2,reggiana,modena,2024-05-01
IT66bxWa,I2,ascoli,cosenza,2024-05-01
OQ9EdG0C,I2,catanzaro,venezia,2024-05-01
6kaJezGI,I2,como,cittadella,2024-05-01
ITSyEHVn,I2,spezia,palermo,2024-05-01
WWWuDyog,I2,sudtirol,ternana,2024-05-01
ptbNffVO,I2,cremonese,pisa,2024-05-01
b5XTpJ10,I2,cittadella,feralpisalo,2024-04-27
xdWXqwH6,I2,cosenza,bari,2024-04-27
ANqurHoJ,I2,palermo,reggiana,2024-04-27
rBEg1vns,I2,sampdoria,como,2024-04-27
K4X2V3WE,I2,brescia,spezia,2024-04-27
WWpyqcWC,I2,modena,sudtirol,2024-04-27
CSNN60OJ,I2,parma,lecco,2024-04-27
M1Dc0b1m,I2,ternana,ascoli,2024-04-27
QVRR5KwQ,I2,pisa,catanzaro,2024-04-26
vw82aIGg,I2,venezia,cremonese,2024-04-26
MLZdrQu2,I2,catanzaro,cremonese,2024-04-20
EFMr6TX8,I2,lecco,venezia,2024-04-20
2wvLnuXm,I2,spezia,sampdoria,2024-04-20
GtrPoanf,I2,sudtirol,cittadella,2024-04-20
SMtlpnBk,I2,ascoli,modena,2024-04-20
AoWhq6Qe,I2,bari,pisa,2024-04-20
QsYbWqH8,I2,brescia,ternana,2024-04-20
zPNv79I2,I2,feralpisalo,como,2024-04-20
WjHm5mmF,I2,palermo,parma,2024-04-19
8GvHmLHs,I2,reggiana,cosenza,2024-04-19
niZfXP12,I2,venezia,brescia,2024-04-14
l8acfWYd,I2,cosenza,palermo,2024-04-13
MLc5hA39,I2,lecco,reggiana,2024-04-13
ImiEjlYL,I2,parma,spezia,2024-04-13
APfIWStj,I2,cittadella,ascoli,2024-04-13
lGgMVndd,I2,como,bari,2024-04-13
Sbb1gjl3,I2,cremonese,ternana,2024-04-13
dvjIk8mS,I2,pisa,feralpisalo,2024-04-13
lWspoSeq,I2,sampdoria,sudtirol,2024-04-13
zP19iUIF,I2,modena,catanzaro,2024-04-12
GlGuJ9Cj,I2,ascoli,venezia,2024-04-07
SxNQtD4c,I2,catanzaro,como,2024-04-06
lhBZviZ9,I2,palermo,sampdoria,2024-04-06
IRFwvBlG,I2,reggiana,cittadella,2024-04-06
863EOXc2,I2,brescia,pisa,2024-04-06
A1CVuXJ3,I2,feralpisalo,cosenza,2024-04-06
dIEswV3M,I2,spezia,lecco,2024-04-06
vs4nxkJS,I2,sudtirol,parma,2024-04-06
G2eEX8Rq,I2,ternana,modena,2024-04-06
Ui4Nsgki,I2,bari,cremonese,2024-04-05
IDz5PBZM,I2,sampdoria,ternana,2024-04-01
t8qpUZKi,I2,cremonese,feralpisalo,2024-04-01
2HptVF5o,I2,como,sudtirol,2024-04-01
UF4APDrd,I2,cosenza,brescia,2024-04-01
lYrlTgzb,I2,lecco,cittadella,2024-04-01
AmXdRX4A,I2,parma,catanzaro,2024-04-01
Ojy1QiKG,I2,pisa,palermo,2024-04-01
d4Z8OVlT,I2,spezia,ascoli,2024-04-01
xbHyKkcp,I2,venezia,reggiana,2024-04-01
SOshSDk4,I2,modena,bari,2024-04-01
6kV1Hdyn,I2,ascoli,lecco,2024-03-17
lEK6GGjh,I2,bari,sampdoria,2024-03-16
0lOAFz6b,I2,cittadella,modena,2024-03-16
UTFRBh5N,I2,reggiana,spezia,2024-03-16
zg56QgTk,I2,brescia,catanzaro,2024-03-16
fBNEEfL4,I2,como,pisa,2024-03-16
Y1MIDEzB,I2,feralpisalo,parma,2024-03-16
OjFVACKT,I2,sudtirol,cremonese,2024-03-16
0C6c6WSp,I2,ternana,cosenza,2024-03-16
jwHNCYkH,I2,palermo,venezia,2024-03-15
2JFnBLEC,I2,sampdoria,ascoli,2024-03-11
CUMZDNUg,I2,lecco,palermo,2024-03-10
SbWcIxMu,I2,venezia,bari,2024-03-10
2BV8u0B6,I2,salernitana,sampdoria,2025-06-22
foS0sMtf,I2,sampdoria,salernitana,2025-06-15
pnBj3fgU,I2,spezia,cremonese,2025-06-01
vk8r5GOH,I2,cremonese,spezia,2025-05-29
Um4G56R0,I2,spezia,catanzaro,2025-05-25
I9pBRmlK,I2,cremonese,juve stabia,2025-05-25
zkB77Sdl,I2,catanzaro,spezia,2025-05-21
212O3pdD,I2,juve stabia,cremonese,2025-05-21
lAjFb9ad,I2,juve stabia,palermo,2025-05-17
GGr1MCi3,I2,catanzaro,cesena,2025-05-17
vHx0ZmRP,I2,brescia,reggiana,2025-05-13
b1JWTRlm,I2,cittadella,salernitana,2025-05-13
6RMvS5Ja,I2,juve stabia,sampdoria,2025-05-13
StBmQqlC,I2,mantova,catanzaro,2025-05-13
CWXK7yYp,I2,modena,cesena,2025-05-13
SvG7VvQi,I2,palermo,carrarese,2025-05-13
0hEFTIf4,I2,pisa,cremonese,2025-05-13
dK7ORdPG,I2,sassuolo,frosinone,2025-05-13
lSPVPzfT,I2,spezia,cosenza,2025-05-13
Ya12KEHj,I2,sudtirol,bari,2025-05-13
dhB9PRFi,I2,cittadella,bari,2025-05-09
hK4IN5p4,I2,cosenza,cesena,2025-05-09
QX2QLqFG,I2,juve stabia,reggiana,2025-05-09
MadZJNqT,I2,mantova,carrarese,2025-05-09
jFn5E17j,I2,modena,brescia,2025-05-09
WAPix5ac,I2,palermo,frosinone,2025-05-09
vyTazqU9,I2,pisa,sudtirol,2025-05-09
YyoYHzEr,I2,sampdoria,salernitana,2025-05-09
6kqtGEre,I2,sassuolo,catanzaro,2025-05-09
C2EtEhD7,I2,spezia,cremonese,2025-05-09
UHiSClWo,I2,cremonese,sassuolo,2025-05-04
8Y9fG2Lt,I2,bari,pisa,2025-05-04
SzQeEtjg,I2,brescia,juve stabia,2025-05-04
z1T3CKK5,I2,carrarese,modena,2025-05-04
dGHCAbkI,I2,catanzaro,sampdoria,2025-05-04
4tLK8xKU,I2,cesena,palermo,2025-05-04
2VkzBS0b,I2,frosinone,cittadella,2025-05-04
bcqq96VA,I2,reggiana,spezia,2025-05-04
6Nni7p0N,I2,salernitana,mantova,2025-05-04
jeON1ONp,I2,sudtirol,cosenza,2025-05-04
dftxbL5C,I2,sassuolo,carrarese,2025-05-01
Meb67Yx9,I2,cittadella,brescia,2025-05-01
rBnF5C7L,I2,cosenza,bari,2025-05-01
zNtgbUae,I2,mantova,cesena,2025-05-01
8zu1d8U7,I2,modena,reggiana,2025-05-01
OrNmKBME,I2,palermo,sudtirol,2025-05-01
SElL136m,I2,pisa,frosinone,2025-05-01
lUxUasy0,I2,sampdoria,cremonese,2025-05-01
hMZpdazP,I2,spezia,salernitana,2025-05-01
vemp0jVr,I2,juve stabia,catanzaro,2025-05-01
C6lUYDWq,I2,catanzaro,palermo,2025-04-27
fk6KqVp2,I2,sudtirol,juve stabia,2025-04-27
KWixXi1d,I2,cesena,sassuolo,2025-04-25
0SUOfeg3,I2,cremonese,mantova,2025-04-25
06glrI9c,I2,bari,modena,2025-04-25
dYnctdvA,I2,brescia,pisa,2025-04-25
Uoo5vz9M,I2,carrarese,sampdoria,2025-04-25
2iRuiDhS,I2,reggiana,cittadella,2025-04-25
bNCBoiGk,I2,salernitana,cosenza,2025-04-25
8hYWhZNF,I2,frosinone,spezia,2025-04-25
h0EIMAsK,I2,mantova,spezia,2025-04-13
bR2N2kjl,I2,cesena,frosinone,2025-04-13
S6fva7kD,I2,cremonese,juve stabia,2025-04-13
Or5lHl5s,I2,modena,sassuolo,2025-04-12
nNkEBpZI,I2,sampdoria,cittadella,2025-04-12
SrCi8BSQ,I2,carrarese,catanzaro,2025-04-12
fgdW0TK0,I2,cosenza,brescia,2025-04-12
pbgcFSZg,I2,reggiana,pisa,2025-04-12
hOd5D646,I2,salernitana,sudtirol,2025-04-12
6TNrAXcE,I2,bari,palermo,2025-04-11
pOxlljye,I2,spezia,sampdoria,2025-04-06
l6GSBYB4,I2,catanzaro,bari,2025-04-06
69a1cfE8,I2,palermo,sassuolo,2025-04-06
OpzHkre2,I2,juve stabia,salernitana,2025-04-05
hQc9eYrL,I2,pisa,modena,2025-04-05
8d8KDfsh,I2,brescia,mantova,2025-04-05
MJEzACtH,I2,cittadella,carrarese,2025-04-05
GKW8i4Qk,I2,frosinone,cosenza,2025-04-05
tjWdnU57,I2,sudtirol,cesena,2025-04-05
CAvtjC6r,I2,reggiana,cremonese,2025-04-04
UkLhaeSb,I2,salernitana,palermo,2025-03-30
n732lvEt,I2,carrarese,bari,2025-03-30
rZdBnIrg,I2,cesena,juve stabia,2025-03-30
dIv2eDRN,I2,sassuolo,reggiana,2025-03-29
AolSrzrI,I2,cremonese,cittadella,2025-03-29
lWaJpdD5,I2,cosenza,pisa,2025-03-29
IBizsECU,I2,mantova,sudtirol,2025-03-29
dxNp1Hcn,I2,modena,catanzaro,2025-03-29
lhyfcZdB,I2,sampdoria,frosinone,2025-03-29
tjGYkiko,I2,spezia,brescia,2025-03-28
KI4nN1Fs,I2,catanzaro,cosenza,2025-03-16
21MxYITa,I2,pisa,mantova,2025-03-16
zTZqWdbC,I2,reggiana,sampdoria,2025-03-16
WfThUzTO,I2,sudtirol,carrarese,2025-03-16
0UiEuAV8,I2,bari,salernitana,2025-03-15
Sr8fLupf,I2,cesena,spezia,2025-03-15
Ms13JJE6,I2,cittadella,sassuolo,2025-03-15
feaBHcqJ,I2,frosinone,brescia,2025-03-15
A3sbu1yQ,I2,juve stabia,modena,2025-03-15
tnYTZvam,I2,palermo,cremonese,2025-03-14
M9PDCB1M,I2,cittadella,sudtirol,2025-03-09
ELqRJS8k,I2,sassuolo,bari,2025-03-09
YNaSH6w2,I2,spezia,pisa,2025-03-09
hUXdGg2c,I2,brescia,cesena,2025-03-08
IkbePloS,I2,sampdoria,palermo,2025-03-08
ldR5EXW9,I2,carrarese,frosinone,2025-03-08
Y1Oi5Tgd,I2,cremonese,catanzaro,2025-03-08
Ec1vTWo3,I2,mantova,juve stabia,2025-03-08
MN4nRAGF,I2,salernitana,modena,2025-03-08
pxFglhAm,I2,palermo,catanzaro,2026-05-20
baL9pA9C,I2,monza,juve stabia,2026-05-19
l6TNgEnQ,I2,catanzaro,palermo,2026-05-17
h2I1nWv0,I2,juve stabia,monza,2026-05-16
QFKcZIxh,I2,bari,sudtirol,2026-05-15
2PRtHyNN,I2,catanzaro,avellino,2026-05-12
b9SBBFpo,I2,modena,juve stabia,2026-05-12
A3yXhDsH,I2,avellino,modena,2026-05-08
WIPuiiCT,I2,catanzaro,bari,2026-05-08
thBBoVZj,I2,cesena,padova,2026-05-08
SMCo4b7F,I2,entella,carrarese,2026-05-08
bTudgsgc,I2,frosinone,mantova,2026-05-08
Wtv4iLN9,I2,monza,empoli,2026-05-08
S8XCkahM,I2,pescara,spezia,2026-05-08
rZxrpwGq,I2,reggiana,sampdoria,2026-05-08
4lRjrHpd,I2,sudtirol,juve stabia,2026-05-08
WfJx6Kx3,I2,venezia,palermo,2026-05-08
SntEtqhf,I2,bari,entella,2026-05-01
OEZMvNM6,I2,carrarese,cesena,2026-05-01
dSXUx1iJ,I2,empoli,avellino,2026-05-01
MLi904qQ,I2,juve stabia,frosinone,2026-05-01
h4ruer7m,I2,mantova,monza,2026-05-01
EJWmgMy0,I2,modena,reggiana,2026-05-01
Mqzdi06C,I2,padova,pescara,2026-05-01
EHiUYijo,I2,palermo,catanzaro,2026-05-01
6BvGderh,I2,sampdoria,sudtirol,2026-05-01
2wYOfZC4,I2,spezia,venezia,2026-05-01
fZa5DpO7,I2,cesena,sampdoria,2026-04-25
zk1ZmRaK,I2,venezia,empoli,2026-04-25
KMx6r5Ns,I2,entella,padova,2026-04-25
zVxhylGE,I2,frosinone,carrarese,2026-04-25
tWHWT58l,I2,pescara,juve stabia,2026-04-25
EqGvSqw1,I2,reggiana,palermo,2026-04-25
AB9mQN7D,I2,sudtirol,mantova,2026-04-25
n9dcF6ge,I2,catanzaro,spezia,2026-04-25
js3lHSOr,I2,avellino,bari,2026-04-24
Moy0ZRpR,I2,monza,modena,2026-04-24
tzEG6xBN,I2,empoli,entella,2026-04-19
QuTF2T9k,I2,padova,reggiana,2026-04-19
KKP78btB,I2,carrarese,pescara,2026-04-19
CI4n1GYp,I2,juve stabia,catanzaro,2026-04-18
neHO07v2,I2,palermo,cesena,2026-04-18
ENMaAKBb,I2,bari,venezia,2026-04-18
SQnZOJQi,I2,mantova,avellino,2026-04-18
Kt1rLyQG,I2,modena,frosinone,2026-04-18
fBHIMl1L,I2,spezia,sudtirol,2026-04-18
E19AOAW8,I2,sampdoria,monza,2026-04-17
2mTUCbF6,I2,catanzaro,modena,2026-04-14
YknReLd5,I2,reggiana,carrarese,2026-04-12
6HaYgaRH,I2,spezia,mantova,2026-04-12
4AfAa3ct,I2,padova,empoli,2026-04-12
QqPau0CO,I2,monza,bari,2026-04-11
j7Uzo4rm,I2,avellino,catanzaro,2026-04-11
IeTjCtsn,I2,entella,venezia,2026-04-11
hWQisMsC,I2,juve stabia,cesena,2026-04-11
CzbIcsSh,I2,pescara,sampdoria,2026-04-11
2qgshwdU,I2,sudtirol,modena,2026-04-11
bXXrqrDa,I2,frosinone,palermo,2026-04-10
jV24j53S,I2,carrarese,spezia,2026-04-06
vT0ISMSI,I2,sampdoria,empoli,2026-04-06
IH4dhRYF,I2,bari,modena,2026-04-06
AFqyoqRk,I2,catanzaro,monza,2026-04-06
jog0YQbs,I2,mantova,entella,2026-04-06
KQpHUrb6,I2,reggiana,pescara,2026-04-06
6Zh4jQKP,I2,venezia,juve stabia,2026-04-06
2N1rqNe2,I2,cesena,sudtirol,2026-04-06
nDn9W4Tg,I2,palermo,avellino,2026-04-05
pnRSjZE8,I2,frosinone,padova,2026-04-05
MkBmfm43,I2,entella,reggiana,2026-03-22
fwzgY5sp,I2,sampdoria,avellino,2026-03-22
tCRWSA54,I2,bari,carrarese,2026-03-22
AiJmPS4T,I2,empoli,pescara,2026-03-22
GhO1WqCd,I2,sudtirol,frosinone,2026-03-22
fFi6sAKc,I2,modena,mantova,2026-03-21
SSkEulkA,I2,monza,venezia,2026-03-21
lxVvRlzH,I2,cesena,catanzaro,2026-03-21
tzAJJ6Sj,I2,juve stabia,spezia,2026-03-21
OfqNwSJM,I2,padova,palermo,2026-03-21
K4yEGtGs,I2,avellino,sudtirol,2026-03-18
6LZLEKpf,I2,carrarese,sampdoria,2026-03-18
GfP5EBjB,I2,pescara,entella,2026-03-18
z1RxBxpJ,I2,frosinone,bari,2026-03-18
lrYlIgin,I2,mantova,cesena,2026-03-17
OKSDCkLN,I2,reggiana,monza,2026-03-17
r59p7Tro,I2,spezia,empoli,2026-03-17
zadWUWzh,I2,venezia,padova,2026-03-17
fuycGXLb,I2,palermo,juve stabia,2026-03-17
8Q7eba0D,I2,sudtirol,pescara,2026-03-15
zXasM2hK,I2,entella,avellino,2026-03-15
CbEn0LV0,I2,sampdoria,venezia,2026-03-14
zJK873wR,I2,monza,palermo,2026-03-14
ObZYfQgL,I2,bari,reggiana,2026-03-14
KUK4k4Hr,I2,cesena,frosinone,2026-03-14
vXz6mrne,I2,empoli,mantova,2026-03-14
ncvEoMG7,I2,juve stabia,carrarese,2026-03-14
voGv2s1l,I2,padova,catanzaro,2026-03-14
ShH09P8E,I2,modena,spezia,2026-03-13
Ae9atRvS,I2,pescara,bari,2026-03-08
Yi9GtzZA,I2,carrarese,palermo,2026-03-08
htMlORIq,I2,catanzaro,empoli,2026-03-08
Q7ZeM5md,I2,frosinone,sampdoria,2026-03-08
tGHrp9u3,I2,mantova,juve stabia,2026-03-08
ETFjrmAF,I2,modena,cesena,2026-03-07
SWuQdnP8,I2,venezia,reggiana,2026-03-07
QR58rd4b,I2,avellino,padova,2026-03-07
vBaVz52k,I2,spezia,monza,2026-03-07
0QmvZrX1,I2,sudtirol,entella,2026-03-07
QcASmd7T,F1,st etienne,auxerre,2022-05-29
n7BOlxhN,F1,auxerre,st etienne,2022-05-26
K2ED4alK,F1,angers,montpellier,2022-05-21
EPDH3J3Q,F1,brest,bordeaux,2022-05-21
GYaqawCs,F1,clermont,lyon,2022-05-21
Y9flbcRm,F1,lens,monaco,2022-05-21
C0ghcHtf,F1,lille,rennes,2022-05-21
6Nhddyd0,F1,lorient,troyes,2022-05-21
Icd0eeB6,F1,marseille,strasbourg,2022-05-21
0Mo5fFQC,F1,nantes,st etienne,2022-05-21
vDp9gZuJ,F1,psg,metz,2022-05-21
SSwiIIIJ,F1,reims,nice,2022-05-21
EXT3mXfN,F1,auxerre,sochaux,2022-05-20
pShp8FnM,F1,paris fc,sochaux,2022-05-17
r3pWiM4E,F1,bordeaux,lorient,2022-05-14
0vuyitKK,F1,lyon,nantes,2022-05-14
vVwuj0ZQ,F1,metz,angers,2022-05-14
dAQ6oKsr,F1,monaco,brest,2022-05-14
ADUApvcl,F1,montpellier,psg,2022-05-14
hxKFqbCf,F1,nice,lille,2022-05-14
WSIJrIR0,F1,rennes,marseille,2022-05-14
Q3XMsxs7,F1,st etienne,reims,2022-05-14
4fWQtddD,F1,strasbourg,clermont,2022-05-14
6aA95uZD,F1,troyes,lens,2022-05-14
dA4yWvre,F1,nantes,rennes,2022-05-11
vZgtVbc1,F1,nice,st etienne,2022-05-11
j9cpUIC7,F1,psg,troyes,2022-05-08
lp1TX0Dr,F1,lorient,marseille,2022-05-08
MVpmhVbc,F1,angers,bordeaux,2022-05-08
Uelej9T9,F1,clermont,montpellier,2022-05-08
4CoSh2k8,F1,reims,lens,2022-05-08
IJ5XWKSl,F1,metz,lyon,2022-05-08
GhpiikE3,F1,brest,strasbourg,2022-05-07
CKw0kTrG,F1,lille,monaco,2022-05-06
jk1TyAEG,F1,marseille,lyon,2022-05-01
M99CuhFi,F1,bordeaux,nice,2022-05-01
4YbHvCUc,F1,brest,clermont,2022-05-01
Cb2PxjaA,F1,lorient,reims,2022-05-01
YDjYzUTM,F1,monaco,angers,2022-05-01
nHfxzlqT,F1,montpellier,metz,2022-05-01
runqgBqi,F1,troyes,lille,2022-05-01
4ds4V7ip,F1,rennes,st etienne,2022-04-30
rPcLwWq4,F1,lens,nantes,2022-04-30
rmt8UR6j,F1,strasbourg,psg,2022-04-29
8CGaMUET,F1,reims,marseille,2022-04-24
r5VZRYph,F1,lille,strasbourg,2022-04-24
zuWVSEVo,F1,clermont,angers,2022-04-24
4KJrQCF4,F1,metz,brest,2022-04-24
INNnPWUA,F1,nantes,bordeaux,2022-04-24
CpNjOjpH,F1,nice,troyes,2022-04-24
AL2RHlNp,F1,rennes,lorient,2022-04-24
jyMfNAaN,F1,psg,lens,2022-04-23
OOj9tYao,F1,st etienne,monaco,2022-04-23
MeUwRh0b,F1,lyon,montpellier,2022-04-23
4jKwvcOt,F1,angers,psg,2022-04-20
bkDnxygg,F1,brest,lyon,2022-04-20
hCCjye8a,F1,lens,montpellier,2022-04-20
lv6aZYxC,F1,marseille,nantes,2022-04-20
ze8BWWMU,F1,strasbourg,rennes,2022-04-20
nF9rwHwm,F1,bordeaux,st etienne,2022-04-20
W2BfzFN5,F1,lorient,metz,2022-04-20
SU43YhhI,F1,monaco,nice,2022-04-20
Mi47XC7O,F1,reims,lille,2022-04-20
dlXRTfGu,F1,troyes,clermont,2022-04-20
hCjLLF8C,F1,psg,marseille,2022-04-17
0rJ8Qwfs,F1,lyon,bordeaux,2022-04-17
vZHCPc9m,F1,metz,clermont,2022-04-17
6el9OHOg,F1,montpellier,reims,2022-04-17
pnmDNyv0,F1,nantes,angers,2022-04-17
2sYBrwGP,F1,troyes,strasbourg,2022-04-17
v9nHMeg6,F1,nice,lorient,2022-04-17
8neur6PE,F1,lille,lens,2022-04-16
ERvUJgwP,F1,st etienne,brest,2022-04-16
zytQKZNI,F1,rennes,monaco,2022-04-15
pE9pMO2e,F1,marseille,montpellier,2022-04-10
fqiyqnA8,F1,strasbourg,lyon,2022-04-10
ObLyOpYr,F1,lens,nice,2022-04-10
bHycVSu9,F1,angers,lille,2022-04-10
fqV5T6AL,F1,brest,nantes,2022-04-10
EmElLrI1,F1,monaco,troyes,2022-04-10
GhW1UneF,F1,bordeaux,metz,2022-04-10
l6U9SQPR,F1,clermont,psg,2022-04-09
hvDhK2X7,F1,reims,rennes,2022-04-09
6NAtN4mk,F1,lorient,st etienne,2022-04-08
Aee29oJk,F1,psg,lorient,2022-04-03
v7LNGTQF,F1,lyon,angers,2022-04-03
WtIFIkd3,F1,clermont,nantes,2022-04-03
MVASFmtM,F1,metz,monaco,2022-04-03
0M9WE7eS,F1,montpellier,brest,2022-04-03
hKp785Ye,F1,st etienne,marseille,2022-04-03
KQxgW8Q2,F1,troyes,reims,2022-04-03
6NlB7Pm2,F1,strasbourg,lens,2022-04-03
Q3HJH9B9,F1,lille,bordeaux,2022-04-02
W4dbAR3q,F1,nice,rennes,2022-04-02
vgtk2UBM,F1,marseille,nice,2022-03-20
xryPeSlj,F1,reims,lyon,2022-03-20
ADlY5CCc,F1,angers,brest,2022-03-20
hxvw5WR3,F1,bordeaux,montpellier,2022-03-20
02so3AdG,F1,lorient,strasbourg,2022-03-20
GYZSfn4d,F1,rennes,metz,2022-03-20
MHVg1lRS,F1,monaco,psg,2022-03-20
rLyLd8Zq,F1,nantes,lille,2022-03-19
WSxs4jsA,F1,lens,clermont,2022-03-19
W0ldfU30,F1,ac ajaccio,marseille,2023-06-03
p4h0glJ6,F1,auxerre,lens,2023-06-03
W0AR993m,F1,brest,rennes,2023-06-03
6Jt9iSmJ,F1,lorient,strasbourg,2023-06-03
SSs5h8YC,F1,monaco,toulouse,2023-06-03
YPUjGBQJ,F1,nantes,angers,2023-06-03
CGTfFVuQ,F1,nice,lyon,2023-06-03
Ic6NAkls,F1,psg,clermont,2023-06-03
QN9V8TIg,F1,reims,montpellier,2023-06-03
4E8Z7mYa,F1,troyes,lille,2023-06-03
bZAFsiKf,F1,angers,troyes,2023-05-27
xQ9JtBZ0,F1,clermont,lorient,2023-05-27
v39H1CBQ,F1,lens,ac ajaccio,2023-05-27
6aENuVl7,F1,lille,nantes,2023-05-27
neiA3YtE,F1,lyon,reims,2023-05-27
ptAD2hdK,F1,marseille,brest,2023-05-27
pjDRvk4D,F1,montpellier,nice,2023-05-27
bmjldjZm,F1,rennes,monaco,2023-05-27
tCeqcWJs,F1,strasbourg,psg,2023-05-27
xvkheAlf,F1,toulouse,auxerre,2023-05-27
x4YrUXke,F1,auxerre,psg,2023-05-21
KSNmTi51,F1,lorient,lens,2023-05-21
pSUvlgsR,F1,brest,clermont,2023-05-21
QPEwjFCE,F1,nice,toulouse,2023-05-21
27H6qDkr,F1,reims,angers,2023-05-21
GALArX4l,F1,troyes,strasbourg,2023-05-21
bDZvVDzk,F1,ac ajaccio,rennes,2023-05-21
nZFZjec8,F1,lille,marseille,2023-05-20
YVRiSBK7,F1,nantes,montpellier,2023-05-20
6yWzkZRK,F1,lyon,monaco,2023-05-19
lpX7SKEj,F1,marseille,angers,2023-05-14
vBsYYMyN,F1,monaco,lille,2023-05-14
AkI2l2yA,F1,brest,auxerre,2023-05-14
AgY3T0ap,F1,montpellier,lorient,2023-05-14
hE77mMjG,F1,rennes,troyes,2023-05-14
UwVzWgLr,F1,toulouse,nantes,2023-05-14
hEoxYtiT,F1,clermont,lyon,2023-05-14
Q1Gji4ii,F1,psg,ac ajaccio,2023-05-13
bFEbkrM3,F1,strasbourg,nice,2023-05-13
4hFfjO6c,F1,lens,reims,2023-05-12
dnhTZ2MG,F1,troyes,psg,2023-05-07
pUuIx5xb,F1,lyon,montpellier,2023-05-07
xOIjMqhH,F1,ac ajaccio,toulouse,2023-05-07
GEHfL37N,F1,auxerre,clermont,2023-05-07
zabRFsVp,F1,lorient,brest,2023-05-07
l2n9vR7o,F1,nantes,strasbourg,2023-05-07
YkCaKNMT,F1,angers,monaco,2023-05-07
OKvMyPi4,F1,lens,marseille,2023-05-06
IegPzq7A,F1,reims,lille,2023-05-06
25jDwoNi,F1,nice,rennes,2023-05-06
ABRZPRhh,F1,brest,nantes,2023-05-03
WQFrO5N4,F1,toulouse,lens,2023-05-02
xOdL64hU,F1,marseille,auxerre,2023-04-30
2oORRmOu,F1,psg,lorient,2023-04-30
UcgD8QNH,F1,clermont,reims,2023-04-30
l2QwPo8b,F1,rennes,angers,2023-04-30
r1JnNPxB,F1,troyes,nice,2023-04-30
j7f9968B,F1,monaco,montpellier,2023-04-30
OKhH7pwO,F1,lille,ac ajaccio,2023-04-29
txNVQ7wn,F1,strasbourg,lyon,2023-04-28
xru4C8Oh,F1,lyon,marseille,2023-04-23
tGoeEUgt,F1,montpellier,rennes,2023-04-23
WjaZdTO5,F1,ac ajaccio,brest,2023-04-23
ji6ofR8O,F1,lorient,toulouse,2023-04-23
v7aTIAoP,F1,nantes,troyes,2023-04-23
Ovy0Dl9n,F1,nice,clermont,2023-04-23
AewCAng5,F1,reims,strasbourg,2023-04-23
W4v8BSwa,F1,lens,monaco,2023-04-22
UyIxdmvC,F1,auxerre,lille,2023-04-22
C07se7gI,F1,angers,psg,2023-04-21
dCuoJJu8,F1,marseille,troyes,2023-04-16
6NGdCm7e,F1,monaco,lorient,2023-04-16
SWHhDTik,F1,auxerre,nantes,2023-04-16
t26MaVvm,F1,brest,nice,2023-04-16
EmG0B7M1,F1,clermont,angers,2023-04-16
2B7I0BPt,F1,strasbourg,ac ajaccio,2023-04-16
hvF4ARy8,F1,lille,montpellier,2023-04-16
AFqkIweE,F1,psg,lens,2023-04-15
bw1Rbkfg,F1,rennes,reims,2023-04-15
xUaVc99a,F1,toulouse,lyon,2023-04-14
ETiJbUxd,F1,lorient,marseille,2023-04-09
Q3eNclh2,F1,nantes,monaco,2023-04-09
hE3A0j8q,F1,ac ajaccio,auxerre,2023-04-09
v7q5MXU2,F1,montpellier,toulouse,2023-04-09
8nyMIkUR,F1,reims,brest,2023-04-09
p8SmE9xq,F1,troyes,clermont,2023-04-09
zZxEKBaF,F1,lyon,rennes,2023-04-09
Icr9Lip9,F1,nice,psg,2023-04-08
W42EaANk,F1,angers,lille,2023-04-08
EPyIJVEL,F1,lens,strasbourg,2023-04-07
v7NZ6hVF,F1,psg,lyon,2023-04-02
YZ1umXwp,F1,monaco,strasbourg,2023-04-02
Sd1qnigj,F1,angers,nice,2023-04-02
MVCv6CpM,F1,brest,toulouse,2023-04-02
6m0moB8d,F1,clermont,ac ajaccio,2023-04-02
hjLN9foc,F1,nantes,reims,2023-04-02
WtKR8E03,F1,lille,lorient,2023-04-02
0MBr5WaS,F1,rennes,lens,2023-04-01
dEADiDVS,F1,auxerre,troyes,2023-04-01
Q3JV7YF9,F1,marseille,montpellier,2023-03-31
6PH0fFoA,F1,reims,marseille,2023-03-19
YZPmcH1i,F1,psg,rennes,2023-03-19
0neZwf1T,F1,montpellier,clermont,2023-03-19
ttw2ZD9p,F1,nice,lorient,2023-03-19
SYIdeeW3,F1,strasbourg,auxerre,2023-03-19
EkL8hgGM,F1,troyes,brest,2023-03-19
MedVvznN,F1,ac ajaccio,monaco,2023-03-19
pATidyHc,F1,lens,angers,2023-03-18
zaM4gZ0G,F1,toulouse,lille,2023-03-18
KxqNRpgn,F1,metz,st etienne,2024-06-02
6exBKToJ,F1,st etienne,metz,2024-05-30
UmxckAJN,F1,st etienne,rodez,2024-05-24
xbTyN52l,F1,rodez,paris fc,2024-05-21
88K4TzrO,F1,le havre,marseille,2024-05-19
2ek4VdDB,F1,lens,montpellier,2024-05-19
naJ8SfcU,F1,lille,nice,2024-05-19
8Yk0Wxb5,F1,lorient,clermont,2024-05-19
xObInbrn,F1,lyon,strasbourg,2024-05-19
OKfEmvTu,F1,metz,psg,2024-05-19
tnl8UGSH,F1,monaco,nantes,2024-05-19
fVodXIra,F1,reims,rennes,2024-05-19
C6diYbTh,F1,toulouse,brest,2024-05-19
QaTiUKED,F1,nice,psg,2024-05-15
v3HZh4iE,F1,reims,marseille,2024-05-15
UgsuZ3Hu,F1,clermont,lyon,2024-05-12
EqlVsvqD,F1,marseille,lorient,2024-05-12
27umXsnh,F1,montpellier,monaco,2024-05-12
8ptqYNWo,F1,nantes,lille,2024-05-12
OfeIptaf,F1,psg,toulouse,2024-05-12
KMlRrKT6,F1,rennes,lens,2024-05-12
6JpNq0E0,F1,strasbourg,metz,2024-05-12
0hbjW11b,F1,brest,reims,2024-05-10
hzmZtbbJ,F1,nice,le havre,2024-05-10
n9UmV0a7,F1,lille,lyon,2024-05-06
p4dEoMql,F1,brest,nantes,2024-05-04
xvcAn2Us,F1,metz,rennes,2024-05-04
UXZrWtp1,F1,monaco,clermont,2024-05-04
zVArirMQ,F1,le havre,strasbourg,2024-05-04
h6LwhO6K,F1,lens,lorient,2024-05-03
jsyuXMUf,F1,toulouse,montpellier,2024-05-03
hnghtR78,F1,marseille,lens,2024-04-28
0Cd0v5xL,F1,lyon,monaco,2024-04-28
jsF9HsV7,F1,rennes,brest,2024-04-28
v3e4wPiR,F1,clermont,reims,2024-04-28
WxhduoNE,F1,lorient,toulouse,2024-04-28
xvB5INF1,F1,strasbourg,nice,2024-04-28
ppYWYr0r,F1,metz,lille,2024-04-28
rHB1J30e,F1,psg,le havre,2024-04-27
dKyyY2Fl,F1,montpellier,nantes,2024-04-26
bkwuGUg3,F1,marseille,nice,2024-04-24
W2ymE8OF,F1,monaco,lille,2024-04-24
hCxqFl99,F1,lorient,psg,2024-04-24
v9AW5pWe,F1,psg,lyon,2024-04-21
Ia9z54o2,F1,toulouse,marseille,2024-04-21
4QCcKqok,F1,brest,monaco,2024-04-21
x4t1LPVr,F1,le havre,metz,2024-04-21
6F2ITmO2,F1,lille,strasbourg,2024-04-21
SUjRRRhF,F1,reims,montpellier,2024-04-21
tYfVQo8L,F1,lens,clermont,2024-04-20
zefZP5NR,F1,nantes,rennes,2024-04-20
p61MS7w9,F1,nice,lorient,2024-04-19
lvWiDSwM,F1,lyon,brest,2024-04-14
SUUeCngS,F1,clermont,montpellier,2024-04-14
pAHN761q,F1,le havre,nantes,2024-04-14
pnZzHAvc,F1,rennes,toulouse,2024-04-13
rsehhR1d,F1,strasbourg,reims,2024-04-13
dpLR6QGk,F1,metz,lens,2024-04-12
K0ZGBF2H,F1,nantes,lyon,2024-04-07
jLs0Fc3h,F1,monaco,rennes,2024-04-07
dQdpfmXq,F1,montpellier,lorient,2024-04-07
OYu8DyY4,F1,reims,nice,2024-04-07
YqmeGwln,F1,toulouse,strasbourg,2024-04-07
4jdlg7nj,F1,brest,metz,2024-04-07
fgliHJYu,F1,psg,clermont,2024-04-06
xxpCCemB,F1,lens,le havre,2024-04-06
UBt4EHIb,F1,lille,marseille,2024-04-05
fu9I2KJn,F1,marseille,psg,2024-03-31
0I9E304t,F1,strasbourg,rennes,2024-03-31
xO4wbdYH,F1,clermont,toulouse,2024-03-31
KnfrcGmO,F1,le havre,montpellier,2024-03-31
bX5ZbxJB,F1,nice,nantes,2024-03-31
8rDM1vZh,F1,lorient,brest,2024-03-31
Uc1VaI35,F1,lyon,reims,2024-03-30
IXCodz3U,F1,metz,monaco,2024-03-30
j72R0bla,F1,lille,lens,2024-03-29
bHHBqcJO,F1,montpellier,psg,2024-03-17
rLNrjszs,F1,rennes,marseille,2024-03-17
UyQfmuKa,F1,clermont,le havre,2024-03-17
joRjlL4g,F1,monaco,lorient,2024-03-17
C0FanaZ5,F1,reims,metz,2024-03-17
b9Nn8tdP,F1,brest,lille,2024-03-17
Q3J3oJlC,F1,lens,nice,2024-03-16
KQI7pw4I,F1,nantes,strasbourg,2024-03-16
MBMnk1km,F1,toulouse,lyon,2024-03-15
rL1Dz2zf,F1,marseille,nantes,2024-03-10
GYaLYu56,F1,lille,rennes,2024-03-10
Q3sCe3CJ,F1,le havre,toulouse,2024-03-10
xvoGfNRP,F1,metz,clermont,2024-03-10
UHc9yrLm,F1,strasbourg,monaco,2024-03-10
ng84xO5s,F1,psg,reims,2024-03-10
C0gUWJZI,F1,lens,brest,2024-03-09
xr1HZLk0,F1,lorient,lyon,2024-03-09
Y9fQXaKC,F1,nice,montpellier,2024-03-08
2mRvM2L0,F1,lyon,lens,2024-03-03
SUYRO4yr,F1,rennes,lorient,2024-03-03
ppMxs4cQ,F1,brest,le havre,2024-03-03
j97ZsprK,F1,montpellier,strasbourg,2024-03-03
CI8VrQSD,F1,nantes,metz,2024-03-03
6LXVNOjl,F1,toulouse,nice,2024-03-03
dAQrLMz7,F1,clermont,marseille,2024-03-02
ADUnKtjD,F1,reims,lille,2024-03-02
OdSzNr6f,F1,monaco,psg,2024-03-01
zwRaLVUk,F1,marseille,montpellier,2024-02-25
MVpPRXiM,F1,psg,rennes,2024-02-25
Ob7fsDi9,F1,le havre,reims,2024-02-25
2qJoqZMd,F1,nice,clermont,2024-02-25
hEyeMBFq,F1,toulouse,lille,2024-02-25
tzIkrgx3,F1,lens,monaco,2024-02-25
d2UI0Kq4,F1,reims,metz,2025-05-29
0zyA2tFi,F1,metz,reims,2025-05-21
2TI0VAEN,F1,lens,monaco,2025-05-17
QNNyyFpn,F1,lille,reims,2025-05-17
fsvIKg05,F1,lyon,angers,2025-05-17
nHzAMFVh,F1,marseille,rennes,2025-05-17
f3FhXWqB,F1,nantes,montpellier,2025-05-17
j9XQIXUH,F1,nice,brest,2025-05-17
KpaXPlxo,F1,psg,auxerre,2025-05-17
OMVYGBaU,F1,st etienne,toulouse,2025-05-17
YmRqZhFb,F1,strasbourg,le havre,2025-05-17
YcKYizC7,F1,metz,dunkerque,2025-05-17
ttkOZVKG,F1,dunkerque,guingamp,2025-05-14
p44guBED,F1,angers,strasbourg,2025-05-10
OlGpsXq1,F1,auxerre,nantes,2025-05-10
6XXzhlbJ,F1,brest,lille,2025-05-10
CAdu3E6K,F1,le havre,marseille,2025-05-10
nVLpqEWo,F1,monaco,lyon,2025-05-10
2uyKeWbf,F1,montpellier,psg,2025-05-10
GOCxqgFl,F1,reims,st etienne,2025-05-10
URxCchUs,F1,rennes,nice,2025-05-10
b7USgAT6,F1,toulouse,lens,2025-05-10
CGkxGfo2,F1,lille,marseille,2025-05-04
Y39DlFiR,F1,auxerre,le havre,2025-05-04
0xWWyx8L,F1,brest,montpellier,2025-05-04
GldTHGGk,F1,lyon,lens,2025-05-04
xIPAUg0e,F1,nantes,angers,2025-05-04
G2y2WFVr,F1,st etienne,monaco,2025-05-03
prTISXU7,F1,toulouse,rennes,2025-05-03
0jB5jyNE,F1,strasbourg,psg,2025-05-03
4AxOwbw9,F1,nice,reims,2025-05-02
p0MlPbOF,F1,marseille,brest,2025-04-27
lExn5wXq,F1,lens,auxerre,2025-04-27
dtLDNomB,F1,montpellier,reims,2025-04-27
lGH5P7Ib,F1,nantes,toulouse,2025-04-27
MRzf3H1d,F1,angers,lille,2025-04-27
6FAcNxgS,F1,lyon,rennes,2025-04-26
xxlm7Q2U,F1,le havre,monaco,2025-04-26
S0TdRTmn,F1,strasbourg,st etienne,2025-04-26
xzJtRKg3,F1,psg,nice,2025-04-25
UH5lVWkD,F1,nantes,psg,2025-04-22
drMH5DRP,F1,st etienne,lyon,2025-04-20
lt1dbVJa,F1,brest,lens,2025-04-20
GS2l0ikm,F1,nice,angers,2025-04-20
2qRVCUYh,F1,reims,toulouse,2025-04-20
p8f5d9lC,F1,lille,auxerre,2025-04-20
fJNNEj4t,F1,marseille,montpellier,2025-04-19
bBKvB835,F1,monaco,strasbourg,2025-04-19
j5cDfmJO,F1,psg,le havre,2025-04-19
WOIn9nYH,F1,rennes,nantes,2025-04-18
Mi2tXhL0,F1,auxerre,lyon,2025-04-13
M5sFohzf,F1,angers,montpellier,2025-04-13
0xEXYEjl,F1,le havre,rennes,2025-04-13
Qwl6mE5s,F1,st etienne,brest,2025-04-13
U72zgzrK,F1,strasbourg,nice,2025-04-12
fwn0iN6F,F1,toulouse,lille,2025-04-12
joZVsAZI,F1,monaco,marseille,2025-04-12
UVpNqW46,F1,lens,reims,2025-04-11
6JporbC4,F1,marseille,toulouse,2025-04-06
WrwXYgZj,F1,montpellier,le havre,2025-04-06
nFk4X1Fq,F1,reims,strasbourg,2025-04-06
rsqDVupd,F1,rennes,auxerre,2025-04-06
fHAPvpN9,F1,lens,st etienne,2025-04-06
lK7Ht6hc,F1,lyon,lille,2025-04-05
zDi1vGBT,F1,brest,monaco,2025-04-05
GWbYxOiM,F1,psg,angers,2025-04-05
vobhtxsH,F1,nice,nantes,2025-04-04
Ic4jMGko,F1,lille,lens,2025-03-30
hfqyHLD5,F1,angers,rennes,2025-03-30
CdaxFarI,F1,auxerre,montpellier,2025-03-30
KM2pDwDU,F1,le havre,nantes,2025-03-30
W0W2VKSb,F1,toulouse,brest,2025-03-30
p4dxpKsh,F1,monaco,nice,2025-03-29
QaPBTbcB,F1,st etienne,psg,2025-03-29
bDNJRxSN,F1,reims,marseille,2025-03-29
OzTfXtbn,F1,strasbourg,lyon,2025-03-28
jk9J2Vhe,F1,psg,marseille,2025-03-16
QRmMMjpR,F1,brest,reims,2025-03-16
hEkEOCFE,F1,montpellier,st etienne,2025-03-16
bZz9Dn7D,F1,strasbourg,toulouse,2025-03-16
pCUhHU7l,F1,lyon,le havre,2025-03-16
xKn0F8x1,F1,lens,rennes,2025-03-15
KtoTIsqg,F1,angers,monaco,2025-03-15
OEiKK3Et,F1,nantes,lille,2025-03-15
x67R09N7,F1,nice,auxerre,2025-03-14
GWfyjh9k,F1,nice,lyon,2025-03-09
jFhAygfd,F1,le havre,st etienne,2025-03-09
OYFdczHF,F1,nantes,strasbourg,2025-03-09
G8Cladn3,F1,reims,auxerre,2025-03-09
AVmplWw2,F1,brest,angers,2025-03-09
UZKA4iOr,F1,marseille,lens,2025-03-08
2PzWBZV8,F1,lille,montpellier,2025-03-08
biUvAD0L,F1,rennes,psg,2025-03-08
pl45eEoS,F1,toulouse,monaco,2025-03-07
tIKwo6Rh,F1,marseille,nantes,2025-03-02
I1f2wFPq,F1,angers,toulouse,2025-03-02
jiANpcX9,F1,auxerre,strasbourg,2025-03-02
AcCfsOQH,F1,montpellier,rennes,2025-03-02
xpEnqpd5,F1,lyon,brest,2025-03-02
f1MVnSdt,F1,psg,lille,2025-03-01
UyMEnJ2c,F1,lens,le havre,2025-03-01
4bUSOFAj,F1,st etienne,nice,2025-03-01
bHDVry2M,F1,monaco,reims,2025-02-28
jmdLSOBO,F1,lyon,psg,2025-02-23
ETLNJTSg,F1,le havre,toulouse,2025-02-23
rNhDUpsC,F1,nice,montpellier,2025-02-23
r9DvGoSI,F1,strasbourg,brest,2025-02-23
AF5QwkKP,F1,nantes,lens,2025-02-23
prPnPy9r,F1,brest,angers,2026-05-17
IXv8WJG8,F1,lille,auxerre,2026-05-17
r1cGQTSk,F1,lorient,le havre,2026-05-17
OhrGQlpm,F1,lyon,lens,2026-05-17
xbwdLg87,F1,marseille,rennes,2026-05-17
z9FNO7c2,F1,nantes,toulouse,2026-05-17
QcrGUcoL,F1,nice,metz,2026-05-17
IeNfNFwe,F1,paris fc,psg,2026-05-17
44Vsqc0E,F1,strasbourg,monaco,2026-05-17
lUe93UEb,F1,st etienne,rodez,2026-05-15
vXzxUeVr,F1,lens,psg,2026-05-13
ba03FdGk,F1,brest,strasbourg,2026-05-13
Kni5RCfK,F1,red star,rodez,2026-05-12
WpCuOrLr,F1,angers,strasbourg,2026-05-10
OvkE7Nz2,F1,auxerre,nice,2026-05-10
Qq7RGRDF,F1,le havre,marseille,2026-05-10
nDz9T4cL,F1,metz,lorient,2026-05-10
I1AmMMke,F1,monaco,lille,2026-05-10
4UIIImq3,F1,psg,brest,2026-05-10
vmX0VQS8,F1,rennes,paris fc,2026-05-10
Y9AZE5rS,F1,toulouse,lyon,2026-05-10
jRj69q6k,F1,lens,nantes,2026-05-08
vDGi4lU9,F1,lyon,rennes,2026-05-03
WAeWd6Mq,F1,auxerre,angers,2026-05-03
zuA02SbM,F1,paris fc,brest,2026-05-03
WnDq6Aac,F1,strasbourg,toulouse,2026-05-03
jizcr77j,F1,lille,le havre,2026-05-03
xOQWfpid,F1,nice,lens,2026-05-02
MypRmTqT,F1,metz,monaco,2026-05-02
hdhAiBp4,F1,psg,lorient,2026-05-02
Q9jIkkFG,F1,nantes,marseille,2026-05-02
dUb1gXFi,F1,marseille,nice,2026-04-26
U1XAkUcJ,F1,le havre,metz,2026-04-26
WKGfctHP,F1,paris fc,lille,2026-04-26
0MufgCbf,F1,rennes,nantes,2026-04-26
Sj2QiKvm,F1,lorient,strasbourg,2026-04-26
WraslxvC,F1,toulouse,monaco,2026-04-25
MyU2ijT6,F1,angers,psg,2026-04-25
OIeZkb9a,F1,lyon,auxerre,2026-04-25
jXBFVTNp,F1,brest,lens,2026-04-24
ED38z4iM,F1,psg,nantes,2026-04-22
hdxneYTs,F1,psg,lyon,2026-04-19
OKAulHME,F1,metz,paris fc,2026-04-19
IsnywiED,F1,nantes,brest,2026-04-19
8CShQDU7,F1,strasbourg,rennes,2026-04-19
MFhSvDq1,F1,monaco,auxerre,2026-04-19
AyZM0f6K,F1,lille,nice,2026-04-18
EkkKtZEl,F1,angers,le havre,2026-04-18
zaUpSZae,F1,lorient,marseille,2026-04-18
UHDmneiR,F1,lens,toulouse,2026-04-17
QmsFymXi,F1,lyon,lorient,2026-04-12
SCwWX4WG,F1,nice,le havre,2026-04-12
MXobyvw9,F1,toulouse,lille,2026-04-12
YDpNZQ14,F1,rennes,angers,2026-04-11
rmz7ZH7L,F1,auxerre,nantes,2026-04-11
ph4SDquo,F1,marseille,metz,2026-04-10
fRgCDzo2,F1,paris fc,monaco,2026-04-10
h0ScCW3t,F1,monaco,marseille,2026-04-05
z3QU462U,F1,le havre,auxerre,2026-04-05
QR5vP9mn,F1,lorient,paris fc,2026-04-05
EmxM6SXH,F1,metz,nantes,2026-04-05
MuKE8l35,F1,angers,lyon,2026-04-05
MgamNmIb,F1,lille,lens,2026-04-04
QDQ5AAYh,F1,brest,rennes,2026-04-04
E9DdJ5HN,F1,strasbourg,nice,2026-04-04
f7ceLRnB,F1,psg,toulouse,2026-04-03
naw6ujZI,F1,nantes,strasbourg,2026-03-22
EZdmhTIO,F1,marseille,lille,2026-03-22
bw7OcXlm,F1,paris fc,le havre,2026-03-22
h0pcsC46,F1,rennes,metz,2026-03-22
OKhtof5s,F1,lyon,monaco,2026-03-22
SIbufklC,F1,nice,psg,2026-03-21
pzskqYZg,F1,auxerre,brest,2026-03-21
63AWeBJa,F1,toulouse,lorient,2026-03-21
vgQi3gRP,F1,lens,angers,2026-03-20
0URkmsyS,F1,rennes,lille,2026-03-15
6BrmTLqd,F1,le havre,lyon,2026-03-15
h4Osk36F,F1,metz,toulouse,2026-03-15
WlzZjPy3,F1,strasbourg,paris fc,2026-03-15
hS6UuaT1,F1,monaco,brest,2026-03-14
KE8MsLbk,F1,angers,nice,2026-03-14
AqkvVsFq,F1,lorient,lens,2026-03-14
ILQ832L8,F1,marseille,auxerre,2026-03-13
lr4KuvC4,F1,lyon,paris fc,2026-03-08
dfSgPIRN,F1,brest,le havre,2026-03-08
INeyxdBT,F1,lille,lorient,2026-03-08
tS3QJdko,F1,nice,rennes,2026-03-08
Me2SwItH,F1,lens,metz,2026-03-08
lUOoRvcB,F1,toulouse,marseille,2026-03-07
l6n7WZYj,F1,auxerre,strasbourg,2026-03-07
WUBivnhc,F1,nantes,angers,2026-03-07
IoAaxQM9,F1,psg,monaco,2026-03-06
UR8pT0Sb,F1,marseille,lyon,2026-03-01
z70IPRL6,F1,lille,nantes,2026-03-01
8f91T9Ms,F1,lorient,auxerre,2026-03-01
EiC9Rmif,F1,metz,brest,2026-03-01
rX3QN5jJ,F1,paris fc,nice,2026-03-01
0lnzDlx1,F1,le havre,psg,2026-02-28
lASUYVbK,F1,monaco,angers,2026-02-28
dGuqBS6D,F1,rennes,toulouse,2026-02-28
dEAxVMcn,F1,strasbourg,lens,2026-02-27
YamKoCw2,F1,strasbourg,lyon,2026-02-22
rkcdKWqR,F1,angers,lille,2026-02-22
KGB1bkN7,F1,nantes,le havre,2026-02-22
n3Dg0Bhe,F1,nice,lorient,2026-02-22
SMYSEA7l,F1,auxerre,rennes,2026-02-22
zPVi0NcL,N1,az alkmaar,vitesse,2022-05-29
MLRm13rF,N1,vitesse,az alkmaar,2022-05-26
dYG4hAEe,N1,vitesse,utrecht,2022-05-22
OKIdfWqq,N1,az alkmaar,heerenveen,2022-05-22
2BH0gjak,N1,utrecht,vitesse,2022-05-19
YuaxaCyS,N1,heerenveen,az alkmaar,2022-05-19
bRt0Qfrq,N1,az alkmaar,waalwijk,2022-05-15
xIu4PEck,N1,feyenoord,twente,2022-05-15
KtV8OYCe,N1,groningen,cambuur,2022-05-15
WUyfnx52,N1,heerenveen,g.a. eagles,2022-05-15
IRmCNhS1,N1,heracles,sparta rotterdam,2022-05-15
ALzbodK8,N1,nijmegen,sittard,2022-05-15
6mU6qzkL,N1,vitesse,ajax,2022-05-15
0ATArf4R,N1,willem ii,utrecht,2022-05-15
SdV2pGZE,N1,zwolle,psv,2022-05-15
OU7WSSnp,N1,ajax,heerenveen,2022-05-11
Ii7zSn2j,N1,cambuur,willem ii,2022-05-11
b3bDZbLd,N1,g.a. eagles,feyenoord,2022-05-11
xfcHYIz3,N1,psv,nijmegen,2022-05-11
dr6vR6Hd,N1,sittard,vitesse,2022-05-11
pK0PWd5F,N1,sparta rotterdam,zwolle,2022-05-11
SrjUVGKL,N1,twente,groningen,2022-05-11
6ZlYUzzS,N1,utrecht,az alkmaar,2022-05-11
WGdLXxj9,N1,waalwijk,heracles,2022-05-11
z5ZrxXPc,N1,feyenoord,psv,2022-05-08
WzqgF9Ip,N1,az alkmaar,ajax,2022-05-08
4pRaYlPM,N1,vitesse,heerenveen,2022-05-08
ITOmyiu4,N1,nijmegen,g.a. eagles,2022-05-08
ARscETXj,N1,groningen,sparta rotterdam,2022-05-07
n9G4X8vT,N1,willem ii,heracles,2022-05-07
dKNizBfA,N1,zwolle,utrecht,2022-05-07
OUVvwDAi,N1,twente,sittard,2022-05-07
QgSeZU9G,N1,cambuur,waalwijk,2022-05-06
rDRGYcJ5,N1,waalwijk,groningen,2022-05-01
EJK0xtKt,N1,sittard,feyenoord,2022-05-01
8fZ3y0Zn,N1,g.a. eagles,vitesse,2022-05-01
U9NCZw4a,N1,psv,willem ii,2022-05-01
xzRKXHYB,N1,heerenveen,cambuur,2022-05-01
GQPOWylI,N1,sparta rotterdam,az alkmaar,2022-04-30
noY7zKlg,N1,heracles,twente,2022-04-30
A5fjIxZO,N1,ajax,zwolle,2022-04-30
CAYYtMBP,N1,utrecht,nijmegen,2022-04-29
SMbVM0Kg,N1,sittard,g.a. eagles,2022-04-24
YaaRNt5m,N1,feyenoord,utrecht,2022-04-24
GrJfT2sQ,N1,groningen,heracles,2022-04-24
d2jnJIJI,N1,willem ii,vitesse,2022-04-24
2uirKb4C,N1,cambuur,psv,2022-04-23
OlhvLvk6,N1,waalwijk,zwolle,2022-04-23
xhKjUrSJ,N1,az alkmaar,heerenveen,2022-04-23
6DcZLKZa,N1,nijmegen,ajax,2022-04-23
MPeNOMks,N1,twente,sparta rotterdam,2022-04-22
EcuHjxvb,N1,vitesse,sparta rotterdam,2022-04-19
OYVfS1et,N1,sittard,sparta rotterdam,2022-04-16
EJYe8150,N1,zwolle,az alkmaar,2022-04-10
t6zlANzl,N1,heracles,feyenoord,2022-04-10
SMx07LK6,N1,psv,waalwijk,2022-04-10
lxR85akJ,N1,vitesse,cambuur,2022-04-10
AoS46uzD,N1,heerenveen,groningen,2022-04-10
KdZi9sjf,N1,nijmegen,twente,2022-04-09
4OXKGPcK,N1,ajax,sparta rotterdam,2022-04-09
boXOFqDQ,N1,utrecht,sittard,2022-04-09
0fJjB3Ls,N1,g.a. eagles,willem ii,2022-04-08
lGkYhM5D,N1,cambuur,nijmegen,2022-04-03
2amMeOLf,N1,sittard,heracles,2022-04-03
jLTGH5rE,N1,sparta rotterdam,heerenveen,2022-04-03
tjnQfry1,N1,zwolle,g.a. eagles,2022-04-03
KzbHd46l,N1,feyenoord,willem ii,2022-04-02
QJgr36TK,N1,az alkmaar,vitesse,2022-04-02
APjUg2j7,N1,waalwijk,utrecht,2022-04-02
MkuEcpir,N1,twente,psv,2022-04-02
4Ahn2QrR,N1,groningen,ajax,2022-04-02
8raw4nEE,N1,willem ii,az alkmaar,2022-03-20
2o8msP61,N1,psv,sittard,2022-03-20
Ui0Z4Sb8,N1,vitesse,waalwijk,2022-03-20
EH722ZxA,N1,ajax,feyenoord,2022-03-20
Y5KzpRMr,N1,utrecht,groningen,2022-03-20
KMIrr5ie,N1,nijmegen,sparta rotterdam,2022-03-19
dtc71ghG,N1,twente,zwolle,2022-03-19
tWJvqoxk,N1,g.a. eagles,cambuur,2022-03-19
GlCitqM7,N1,heerenveen,heracles,2022-03-18
MNrPlG8A,N1,az alkmaar,twente,2022-03-13
jqM7thGj,N1,zwolle,feyenoord,2022-03-13
ChN3sY0p,N1,heracles,vitesse,2022-03-13
rwXXnfwN,N1,utrecht,psv,2022-03-13
fDzxnEhT,N1,sittard,willem ii,2022-03-13
S05j5ygi,N1,waalwijk,heerenveen,2022-03-12
0EsTmzOG,N1,groningen,nijmegen,2022-03-12
0E3b3FN3,N1,sparta rotterdam,g.a. eagles,2022-03-12
6i4f4e8c,N1,cambuur,ajax,2022-03-11
2JBbYfOT,N1,sittard,zwolle,2022-03-06
2qsfycvB,N1,ajax,waalwijk,2022-03-06
IVo8hb9o,N1,nijmegen,az alkmaar,2022-03-06
d6tbzHgH,N1,twente,cambuur,2022-03-06
WYkCiIOi,N1,psv,heracles,2022-03-06
zcu2Zz9N,N1,feyenoord,groningen,2022-03-05
4ScQTEWp,N1,g.a. eagles,utrecht,2022-03-05
hlvLkdg4,N1,willem ii,heerenveen,2022-03-05
SQlsvafh,N1,heerenveen,utrecht,2022-02-27
r3GOLHvO,N1,g.a. eagles,ajax,2022-02-27
6HmowJ9b,N1,sparta rotterdam,psv,2022-02-27
AkIGNwAB,N1,az alkmaar,feyenoord,2022-02-27
ltwjxwP4,N1,vitesse,nijmegen,2022-02-27
bipwuuun,N1,cambuur,sittard,2022-02-26
ltHKMcPH,N1,groningen,willem ii,2022-02-26
fwKSKyfU,N1,heracles,zwolle,2022-02-26
EBKsnokf,N1,twente,sparta rotterdam,2023-06-11
zLLwmRZm,N1,sparta rotterdam,twente,2023-06-08
Y9x2Jrap,N1,sparta rotterdam,utrecht,2023-06-04
jyQQH5ps,N1,twente,heerenveen,2023-06-04
tEEYzBUH,N1,utrecht,sparta rotterdam,2023-06-01
YewaMoxQ,N1,heerenveen,twente,2023-06-01
ITGeSMDl,N1,az alkmaar,psv,2023-05-28
0h60RtTf,N1,cambuur,waalwijk,2023-05-28
IsdUtMSs,N1,fc volendam,excelsior,2023-05-28
EeA4Q0r1,N1,feyenoord,vitesse,2023-05-28
n98COvDD,N1,groningen,sparta rotterdam,2023-05-28
OQiemOkE,N1,heerenveen,g.a. eagles,2023-05-28
8I98PKc7,N1,sittard,nijmegen,2023-05-28
2Hjanr5K,N1,twente,ajax,2023-05-28
dvj3o2KQ,N1,utrecht,fc emmen,2023-05-28
nsYhVkUS,N1,ajax,utrecht,2023-05-21
6REPPTij,N1,excelsior,sittard,2023-05-21
ljKKQ9xp,N1,fc emmen,feyenoord,2023-05-21
pIDTOm7d,N1,g.a. eagles,fc volendam,2023-05-21
bL1BmXqc,N1,nijmegen,az alkmaar,2023-05-21
CO5Fnia3,N1,psv,heerenveen,2023-05-21
YwfOpVTF,N1,sparta rotterdam,cambuur,2023-05-21
vwIiT2br,N1,vitesse,groningen,2023-05-21
fmeKoBE9,N1,waalwijk,twente,2023-05-21
ddesDj8p,N1,groningen,ajax,2023-05-16
vH8FHWaT,N1,az alkmaar,fc emmen,2023-05-14
bLutYipA,N1,psv,sittard,2023-05-14
KUtxZXU3,N1,feyenoord,g.a. eagles,2023-05-14
hKYlWVEM,N1,vitesse,cambuur,2023-05-14
C4wUzf0i,N1,utrecht,waalwijk,2023-05-13
tpVpXBaG,N1,heerenveen,excelsior,2023-05-13
jexYZDFc,N1,fc volendam,sparta rotterdam,2023-05-13
AaaoCANj,N1,twente,nijmegen,2023-05-12
4OobNzWi,N1,sittard,vitesse,2023-05-07
xIgCaXwo,N1,excelsior,feyenoord,2023-05-07
nmy3Mfob,N1,g.a. eagles,groningen,2023-05-07
QXnfOGGo,N1,fc emmen,twente,2023-05-07
z97p4DVT,N1,ajax,az alkmaar,2023-05-06
Y3wFJhVG,N1,cambuur,utrecht,2023-05-06
0ju7LE04,N1,nijmegen,heerenveen,2023-05-06
0Q9BICpN,N1,sparta rotterdam,psv,2023-05-06
fDvBKYFA,N1,waalwijk,fc volendam,2023-05-05
44JCBwXu,N1,groningen,nijmegen,2023-04-25
vsh6jf1U,N1,az alkmaar,waalwijk,2023-04-23
jLLO8yHb,N1,feyenoord,utrecht,2023-04-23
8dGT7eW4,N1,g.a. eagles,sittard,2023-04-23
nmFX6FoB,N1,psv,ajax,2023-04-23
I7NGAcnn,N1,twente,sparta rotterdam,2023-04-23
hpIu5gGN,N1,vitesse,excelsior,2023-04-22
tAEy6Z0H,N1,heerenveen,fc emmen,2023-04-22
CUMK9H1h,N1,fc volendam,cambuur,2023-04-21
EaOMVt2j,N1,g.a. eagles,waalwijk,2023-04-19
jgo5FnYD,N1,ajax,fc emmen,2023-04-16
I71oeIna,N1,sittard,az alkmaar,2023-04-16
hQgbhGWH,N1,cambuur,feyenoord,2023-04-16
Op2sdbXh,N1,fc volendam,psv,2023-04-16
pf3wcvIn,N1,utrecht,twente,2023-04-16
WA5kfx25,N1,nijmegen,vitesse,2023-04-16
0jg2iznO,N1,sparta rotterdam,heerenveen,2023-04-15
EZffgdHB,N1,waalwijk,groningen,2023-04-15
SI8YcK2t,N1,excelsior,g.a. eagles,2023-04-14
IkjBg5Bf,N1,feyenoord,waalwijk,2023-04-09
dI6S1T3E,N1,ajax,sittard,2023-04-09
4rAz07YQ,N1,fc emmen,nijmegen,2023-04-09
lGo7fodl,N1,twente,cambuur,2023-04-09
v5vKiqt7,N1,heerenveen,fc volendam,2023-04-08
ju6W0mJK,N1,az alkmaar,sparta rotterdam,2023-04-08
dtkFhPQ0,N1,psv,excelsior,2023-04-08
xjcNj3eD,N1,vitesse,g.a. eagles,2023-04-08
APn3eRtr,N1,groningen,utrecht,2023-04-07
lfAWs8Cr,N1,sittard,groningen,2023-04-02
IR7O29l8,N1,sparta rotterdam,feyenoord,2023-04-02
noO4nl4R,N1,utrecht,fc volendam,2023-04-02
WIaysSRl,N1,g.a. eagles,ajax,2023-04-02
vq3qu6d1,N1,waalwijk,vitesse,2023-04-01
IZ1mvQB7,N1,cambuur,fc emmen,2023-04-01
pM3utnse,N1,nijmegen,psv,2023-04-01
IBJ0mUlL,N1,excelsior,twente,2023-04-01
vLKdlAZE,N1,az alkmaar,heerenveen,2023-04-01
zipcT8ck,N1,twente,az alkmaar,2023-03-19
ddVikjK8,N1,vitesse,psv,2023-03-19
rg5Izi5F,N1,ajax,feyenoord,2023-03-19
QHfNZAKL,N1,excelsior,cambuur,2023-03-19
d0ogUlrq,N1,groningen,heerenveen,2023-03-19
pMRmjW42,N1,waalwijk,nijmegen,2023-03-18
vLbRYUZR,N1,fc emmen,sparta rotterdam,2023-03-18
hSv2SSCe,N1,utrecht,g.a. eagles,2023-03-18
WIw6RnS1,N1,fc volendam,sittard,2023-03-17
ITxiy3vT,N1,feyenoord,fc volendam,2023-03-12
Wzg7wgLd,N1,psv,cambuur,2023-03-12
ARiBxDz3,N1,heerenveen,ajax,2023-03-12
S2SQU0Hd,N1,nijmegen,utrecht,2023-03-12
426EyXk9,N1,sparta rotterdam,vitesse,2023-03-11
M1qrwP9G,N1,az alkmaar,groningen,2023-03-11
KxPIWMnp,N1,sittard,twente,2023-03-11
0hrnxqPM,N1,fc emmen,excelsior,2023-03-11
G4tzuou4,N1,cambuur,g.a. eagles,2023-03-05
vLr3xhJ5,N1,ajax,nijmegen,2023-03-05
YuiVuRPc,N1,waalwijk,psv,2023-03-05
Ysr7yCYB,N1,excelsior,sparta rotterdam,2023-03-05
nonBzWmI,N1,twente,heerenveen,2023-03-04
fkhRt7Ai,N1,feyenoord,groningen,2023-03-04
6ZbqINXj,N1,fc volendam,fc emmen,2023-03-04
Sr0uJ3Ip,N1,utrecht,sittard,2023-03-03
Svpvv5fA,N1,vitesse,az alkmaar,2023-03-03
UwFMQLcf,N1,utrecht,g.a. eagles,2024-05-26
8KYAIaiD,N1,utrecht,sparta rotterdam,2024-05-23
n3wjt3qK,N1,nijmegen,g.a. eagles,2024-05-23
vB9gh4Dm,N1,almere city,nijmegen,2024-05-19
dnKlgpbs,N1,az alkmaar,utrecht,2024-05-19
MgTMcQkQ,N1,fc volendam,g.a. eagles,2024-05-19
SWTIb6zK,N1,feyenoord,excelsior,2024-05-19
ltVEanLD,N1,heracles,sittard,2024-05-19
W40Uiz27,N1,psv,waalwijk,2024-05-19
xr1QhGn1,N1,sparta rotterdam,heerenveen,2024-05-19
OvcMgdXf,N1,vitesse,ajax,2024-05-19
AeaYjfHD,N1,zwolle,twente,2024-05-19
tG7HfxIl,N1,ajax,almere city,2024-05-12
2P8DeI2r,N1,excelsior,heracles,2024-05-12
ADEZ20A8,N1,g.a. eagles,az alkmaar,2024-05-12
0rXrtw3e,N1,heerenveen,vitesse,2024-05-12
dAQivHX7,N1,nijmegen,feyenoord,2024-05-12
OGIw2KPE,N1,sittard,psv,2024-05-12
pW6n0bfR,N1,twente,fc volendam,2024-05-12
6u8r1vuL,N1,utrecht,sparta rotterdam,2024-05-12
IJRmucI1,N1,waalwijk,zwolle,2024-05-12
MiC9Rwl2,N1,excelsior,nijmegen,2024-05-06
8l85SJYe,N1,feyenoord,zwolle,2024-05-05
hxr9nuQR,N1,az alkmaar,twente,2024-05-05
OdjhjNQ2,N1,fc volendam,ajax,2024-05-05
WMg0l1eF,N1,utrecht,vitesse,2024-05-05
2mkdkst9,N1,heracles,waalwijk,2024-05-05
ADh4mLAL,N1,psv,sparta rotterdam,2024-05-05
SUYzraYr,N1,almere city,heerenveen,2024-05-03
MiYvsJmk,N1,sittard,g.a. eagles,2024-05-03
SAxKkjzh,N1,vitesse,sittard,2024-04-28
lKwGjWKo,N1,sparta rotterdam,fc volendam,2024-04-28
04pYRnro,N1,waalwijk,utrecht,2024-04-28
IaVWnlKA,N1,nijmegen,az alkmaar,2024-04-28
OxWSmU44,N1,zwolle,heracles,2024-04-28
zyAcUu4q,N1,g.a. eagles,feyenoord,2024-04-25
djUzn8ZG,N1,heerenveen,psv,2024-04-25
AZROlAkb,N1,ajax,excelsior,2024-04-24
ER81TaJk,N1,twente,almere city,2024-04-24
pYijzBz5,N1,nijmegen,zwolle,2024-04-14
tteZwgyt,N1,ajax,twente,2024-04-14
GW81X8KN,N1,sittard,feyenoord,2024-04-14
fqawwDjn,N1,utrecht,g.a. eagles,2024-04-14
l6bsxX5h,N1,heracles,heerenveen,2024-04-14
OOjfZUkB,N1,almere city,sparta rotterdam,2024-04-13
SdcoyiLb,N1,az alkmaar,waalwijk,2024-04-13
IojbYl5H,N1,psv,vitesse,2024-04-13
beb6WSZT,N1,excelsior,fc volendam,2024-04-12
U1VKKVzI,N1,heerenveen,utrecht,2024-04-07
xSUOJkjO,N1,fc volendam,waalwijk,2024-04-07
GITSI95U,N1,feyenoord,ajax,2024-04-07
0Mw4ODyg,N1,g.a. eagles,almere city,2024-04-07
fqw8NXja,N1,vitesse,nijmegen,2024-04-07
MVv0PgMn,N1,twente,sittard,2024-04-06
jBWGLBLB,N1,zwolle,excelsior,2024-04-06
8nsCMi65,N1,psv,az alkmaar,2024-04-06
4fpeQZ6t,N1,sparta rotterdam,heracles,2024-04-06
nJDU9EMa,N1,ajax,g.a. eagles,2024-04-04
lrAo6WLO,N1,waalwijk,almere city,2024-04-04
2obTUFbP,N1,fc volendam,feyenoord,2024-04-04
fqHx8hiC,N1,heerenveen,twente,2024-04-03
GhIY8Yy6,N1,utrecht,zwolle,2024-04-03
8SEQAf7g,N1,heracles,az alkmaar,2024-04-03
C0LHCGxs,N1,sittard,nijmegen,2024-04-02
x86s7C6I,N1,excelsior,psv,2024-04-02
Q3PLBzhm,N1,vitesse,sparta rotterdam,2024-04-02
UREBggxJ,N1,almere city,fc volendam,2024-03-31
fLYkHdUP,N1,feyenoord,utrecht,2024-03-31
MeOjbHNm,N1,twente,heracles,2024-03-31
rBCadeh0,N1,zwolle,ajax,2024-03-31
jyG7fZMC,N1,az alkmaar,vitesse,2024-03-30
GUZoIxFJ,N1,g.a. eagles,excelsior,2024-03-30
dEG3eF76,N1,waalwijk,heerenveen,2024-03-30
hMJnac8s,N1,sparta rotterdam,sittard,2024-03-30
0nNfcywf,N1,nijmegen,psv,2024-03-30
YyNFd4nq,N1,psv,twente,2024-03-17
2gWq2QOL,N1,sparta rotterdam,ajax,2024-03-17
CSLJeO1k,N1,heerenveen,feyenoord,2024-03-17
Mc3AIo92,N1,utrecht,nijmegen,2024-03-17
Gdzl1pvS,N1,fc volendam,az alkmaar,2024-03-17
8fFSg2W1,N1,vitesse,almere city,2024-03-16
YX6EH5O8,N1,excelsior,waalwijk,2024-03-16
GddJGPwF,N1,sittard,zwolle,2024-03-16
U3GOfrHe,N1,heracles,g.a. eagles,2024-03-15
tvry4nf9,N1,feyenoord,heracles,2024-03-10
hI5psPnd,N1,nijmegen,heerenveen,2024-03-10
ph2xqoIq,N1,ajax,sittard,2024-03-10
fNqT58Pd,N1,zwolle,fc volendam,2024-03-10
Q7L5l7fM,N1,az alkmaar,excelsior,2024-03-10
vF1tr5Xk,N1,waalwijk,vitesse,2024-03-09
KUtu369F,N1,almere city,utrecht,2024-03-09
rqGAmR9S,N1,twente,sparta rotterdam,2024-03-09
YDrX4Sv3,N1,g.a. eagles,psv,2024-03-08
CpFkhkec,N1,heracles,almere city,2024-03-03
n3sTzlQM,N1,sittard,excelsior,2024-03-03
06oXZ7uT,N1,heerenveen,zwolle,2024-03-03
hfNcjTP9,N1,psv,feyenoord,2024-03-03
6mOaVRmp,N1,ajax,utrecht,2024-03-03
YgGogVui,N1,sparta rotterdam,az alkmaar,2024-03-02
pvN3Uo3j,N1,vitesse,twente,2024-03-02
f94fi9A3,N1,g.a. eagles,waalwijk,2024-03-02
nHM1kmuG,N1,fc volendam,nijmegen,2024-03-01
YwSNwjt4,N1,fc volendam,heerenveen,2024-02-25
I3cmojYN,N1,az alkmaar,ajax,2024-02-25
nNPBthdo,N1,almere city,feyenoord,2024-02-25
nw2ipAmU,N1,twente,g.a. eagles,2024-02-25
htrPyUAG,N1,excelsior,vitesse,2024-02-25
KvGmRriJ,N1,willem ii,telstar,2025-06-01
nRHuT4M6,N1,telstar,willem ii,2025-05-29
GEu1xAXp,N1,az alkmaar,twente,2025-05-25
EetyuFEq,N1,willem ii,dordrecht,2025-05-24
KQ2GTIpI,N1,telstar,den bosch,2025-05-23
0lMV0dy3,N1,twente,nijmegen,2025-05-22
dGFvaz6F,N1,az alkmaar,heerenveen,2025-05-22
rDk5pyiM,N1,dordrecht,willem ii,2025-05-21
bBE7VvG5,N1,den bosch,telstar,2025-05-20
OrwJsE0m,N1,ajax,twente,2025-05-18
pbRRuhVa,N1,az alkmaar,almere city,2025-05-18
hp6Aj9qI,N1,heerenveen,feyenoord,2025-05-18
ljOrxAUO,N1,heracles,nijmegen,2025-05-18
42bhdDFt,N1,nac breda,willem ii,2025-05-18
hOUZwWaC,N1,sittard,utrecht,2025-05-18
0A9IlmEU,N1,sparta rotterdam,psv,2025-05-18
WUH1hVE5,N1,waalwijk,g.a. eagles,2025-05-18
O4Egfipg,N1,zwolle,groningen,2025-05-18
Ew9kOTCk,N1,dordrecht,de graafschap,2025-05-17
nTOAVBKF,N1,den haag,telstar,2025-05-17
EPTG9Ucd,N1,cambuur,den bosch,2025-05-16
dfv3Gy2l,N1,almere city,sittard,2025-05-14
xEaxVzHs,N1,feyenoord,waalwijk,2025-05-14
AuDqTEof,N1,g.a. eagles,heerenveen,2025-05-14
U7xBEFW0,N1,groningen,ajax,2025-05-14
676hRhG6,N1,nijmegen,nac breda,2025-05-14
vL40PWpJ,N1,psv,heracles,2025-05-14
QZVJCg1D,N1,twente,az alkmaar,2025-05-14
htO5zcgK,N1,utrecht,sparta rotterdam,2025-05-14
fTnmmzwQ,N1,willem ii,zwolle,2025-05-14
fgSITkkS,N1,de graafschap,dordrecht,2025-05-13
QDz2XXk3,N1,telstar,den haag,2025-05-13
Icz8BjTq,N1,den bosch,cambuur,2025-05-12
pdET5olT,N1,ajax,nijmegen,2025-05-11
dzrnOS3c,N1,az alkmaar,groningen,2025-05-11
QFZ2Kp3M,N1,feyenoord,psv,2025-05-11
h2yeM6Y9,N1,twente,utrecht,2025-05-11
G0tzD2ed,N1,zwolle,g.a. eagles,2025-05-11
UTk00PBj,N1,almere city,sparta rotterdam,2025-05-10
8zwSEOQq,N1,sittard,nac breda,2025-05-10
ddJMz6m3,N1,waalwijk,heerenveen,2025-05-10
4MMUYqIF,N1,willem ii,heracles,2025-05-09
UoqWdj5b,N1,g.a. eagles,az alkmaar,2025-05-04
hldM77JG,N1,sparta rotterdam,twente,2025-05-04
80MImnSp,N1,nac breda,zwolle,2025-05-04
O845BkKi,N1,psv,sittard,2025-05-03
I7FDv9kU,N1,groningen,waalwijk,2025-05-03
xCnveUZA,N1,heracles,feyenoord,2025-05-03
bRzmg84N,N1,nijmegen,willem ii,2025-05-03
MqEi4DeR,N1,almere city,g.a. eagles,2025-04-27
0UPr6ZQE,N1,ajax,sparta rotterdam,2025-04-27
O8M4tVKH,N1,heerenveen,nijmegen,2025-04-27
fTUmpDLh,N1,sittard,willem ii,2025-04-27
n3RunZjt,N1,feyenoord,zwolle,2025-04-25
GrJdrij5,N1,waalwijk,utrecht,2025-04-25
M7dve9ID,N1,twente,psv,2025-04-24
hS4NbiJl,N1,az alkmaar,nac breda,2025-04-24
lfbWdVm1,N1,groningen,heracles,2025-04-23
YJkNbCzn,N1,utrecht,ajax,2025-04-20
dM2D9Tl4,N1,heerenveen,almere city,2025-04-19
vPvlph4e,N1,willem ii,ajax,2025-04-13
h4vzwycS,N1,heracles,az alkmaar,2025-04-13
0A11gds9,N1,zwolle,twente,2025-04-13
vsYJtJc3,N1,utrecht,groningen,2025-04-13
KEOEVhk2,N1,nac breda,g.a. eagles,2025-04-12
nRa9izCL,N1,psv,almere city,2025-04-12
6BttnEZr,N1,sparta rotterdam,heerenveen,2025-04-12
KjtSvcSF,N1,sittard,feyenoord,2025-04-12
ClL6XEKk,N1,nijmegen,waalwijk,2025-04-11
v3o9SSxg,N1,ajax,nac breda,2025-04-06
0zohSJrA,N1,g.a. eagles,utrecht,2025-04-06
CztYIF5d,N1,sparta rotterdam,nijmegen,2025-04-06
Kx1gQcDM,N1,waalwijk,heracles,2025-04-06
p0lHQ675,N1,almere city,zwolle,2025-04-05
CE4c6xMj,N1,groningen,psv,2025-04-05
SMnpUuEc,N1,twente,sittard,2025-04-05
6FxQOpxI,N1,az alkmaar,feyenoord,2025-04-05
jLiPKyyp,N1,heerenveen,willem ii,2025-04-04
MN2DqRCi,N1,feyenoord,groningen,2025-04-02
zXscsyWN,N1,az alkmaar,waalwijk,2025-04-01
IBk1aU86,N1,feyenoord,g.a. eagles,2025-03-30
6XVeLBVP,N1,heracles,twente,2025-03-30
SOHjAoNO,N1,psv,ajax,2025-03-30
OCdh1jvf,N1,utrecht,heerenveen,2025-03-30
xGMRFkgm,N1,nijmegen,az alkmaar,2025-03-29
WdOsC7hC,N1,zwolle,waalwijk,2025-03-29
jPm9c8wJ,N1,sittard,sparta rotterdam,2025-03-29
ryh0Ul8t,N1,willem ii,almere city,2025-03-29
bVAzETNa,N1,nac breda,groningen,2025-03-29
CvWqzEue,N1,ajax,az alkmaar,2025-03-16
prRwde2E,N1,groningen,sittard,2025-03-16
h8UofZWQ,N1,twente,feyenoord,2025-03-16
p69QniP0,N1,g.a. eagles,willem ii,2025-03-16
WEHD8YoK,N1,heerenveen,heracles,2025-03-15
48PRpVgD,N1,waalwijk,psv,2025-03-15
Gngp3C9s,N1,sparta rotterdam,zwolle,2025-03-15
ChBIlDfl,N1,utrecht,nijmegen,2025-03-15
4nliYiA7,N1,almere city,nac breda,2025-03-14
6FYSyFgo,N1,twente,almere city,2025-03-09
j3fUuqCG,N1,nijmegen,g.a. eagles,2025-03-09
lbMfd4dc,N1,zwolle,ajax,2025-03-09
GCxyxzBr,N1,willem ii,utrecht,2025-03-09
pQF3frR9,N1,psv,heerenveen,2025-03-08
fy1Ls5s4,N1,sittard,heracles,2025-03-08
h8KKYP3b,N1,az alkmaar,nac breda,2026-05-17
6Ho2GrlU,N1,fc volendam,telstar,2026-05-17
lIKARQtP,N1,heerenveen,ajax,2026-05-17
p2cgI4JH,N1,heracles,groningen,2026-05-17
hfunKQl5,N1,nijmegen,g.a. eagles,2026-05-17
OEmVN8kt,N1,psv,twente,2026-05-17
21M2TnCC,N1,sparta rotterdam,excelsior,2026-05-17
dtRBznZo,N1,utrecht,sittard,2026-05-17
dSowMnKh,N1,zwolle,feyenoord,2026-05-17
SKPXPD5K,N1,nac breda,heerenveen,2026-05-11
tnYgV8s0,N1,ajax,utrecht,2026-05-10
YLUoXUCm,N1,excelsior,fc volendam,2026-05-10
Sr8KG9S6,N1,feyenoord,az alkmaar,2026-05-10
b3G3KiTs,N1,g.a. eagles,psv,2026-05-10
EylFxikQ,N1,groningen,nijmegen,2026-05-10
KI4CIVcf,N1,sittard,zwolle,2026-05-10
2R5g2ADD,N1,telstar,heracles,2026-05-10
Ms1TEmcJ,N1,twente,sparta rotterdam,2026-05-10
YoEx6hEl,N1,az alkmaar,twente,2026-05-03
6DZEDqGc,N1,sparta rotterdam,g.a. eagles,2026-05-03
pSC14uwp,N1,sittard,feyenoord,2026-05-03
hUXMBNpA,N1,zwolle,heracles,2026-05-03
tf6A2J7d,N1,fc volendam,heerenveen,2026-05-03
ldRV91FM,N1,nijmegen,telstar,2026-05-02
UD7o4Wr1,N1,ajax,psv,2026-05-02
Snn5O0UF,N1,groningen,excelsior,2026-05-02
6XcdQMa3,N1,utrecht,nac breda,2026-05-02
WIwlzwu3,N1,heracles,fc volendam,2026-04-26
QuFqPCW1,N1,excelsior,utrecht,2026-04-26
UDLzRY1k,N1,twente,nijmegen,2026-04-25
jN01CZnd,N1,nac breda,ajax,2026-04-25
QHdSktOj,N1,heerenveen,sittard,2026-04-25
Ysz5WfvS,N1,feyenoord,groningen,2026-04-25
rccgEeIq,N1,psv,zwolle,2026-04-23
vqsdYG9F,N1,g.a. eagles,az alkmaar,2026-04-23
QLISW3YA,N1,telstar,sparta rotterdam,2026-04-22
fZ5de20T,N1,az alkmaar,heerenveen,2026-04-12
QuZ6ponB,N1,nijmegen,feyenoord,2026-04-12
6wJ5n7Hb,N1,zwolle,excelsior,2026-04-12
IwEow3vo,N1,sittard,nac breda,2026-04-12
Y5xFrPGN,N1,heracles,ajax,2026-04-11
b7CmcOVG,N1,groningen,g.a. eagles,2026-04-11
YPKclTnn,N1,sparta rotterdam,psv,2026-04-11
pp6X06Wi,N1,utrecht,telstar,2026-04-11
QgEuap14,N1,twente,fc volendam,2026-04-10
YRk4UYeD,N1,nac breda,sparta rotterdam,2026-04-05
KMfOZTXh,N1,fc volendam,feyenoord,2026-04-05
4YrlYGdl,N1,heerenveen,heracles,2026-04-05
Of1Fyj3t,N1,g.a. eagles,zwolle,2026-04-05
fakmUP1U,N1,ajax,twente,2026-04-04
QJcWX725,N1,excelsior,nijmegen,2026-04-04
nZouWoXH,N1,az alkmaar,sittard,2026-04-04
K07HwwZQ,N1,telstar,groningen,2026-04-04
x0deWfR0,N1,psv,utrecht,2026-04-04
Cz49ua4E,N1,groningen,az alkmaar,2026-03-22
fwd8C0zS,N1,telstar,psv,2026-03-22
OENEJHse,N1,feyenoord,ajax,2026-03-22
dSLMHeC7,N1,utrecht,g.a. eagles,2026-03-22
xIkRSLK8,N1,nijmegen,heerenveen,2026-03-22
ABcu5IS1,N1,zwolle,nac breda,2026-03-21
j9sv7vbk,N1,sparta rotterdam,fc volendam,2026-03-21
UFU5LwDr,N1,sittard,twente,2026-03-21
bXwzRakL,N1,heracles,excelsior,2026-03-20
OGxLHzeA,N1,g.a. eagles,nac breda,2026-03-15
joaiGry3,N1,az alkmaar,heracles,2026-03-15
dUzTFEPM,N1,feyenoord,excelsior,2026-03-15
8MZ68WHd,N1,twente,utrecht,2026-03-15
bB2aEM5F,N1,ajax,sparta rotterdam,2026-03-14
23qhE1lI,N1,heerenveen,telstar,2026-03-14
MidQegYj,N1,psv,nijmegen,2026-03-14
GEHaAhmp,N1,fc volendam,sittard,2026-03-14
SlqCJdQc,N1,zwolle,groningen,2026-03-13
KKR13pz0,N1,nijmegen,fc volendam,2026-03-08
CfOg565m,N1,nac breda,feyenoord,2026-03-08
l0JIa2ZO,N1,g.a. eagles,twente,2026-03-08
QclTJ5Kt,N1,sittard,telstar,2026-03-08
jVIqmPkJ,N1,sparta rotterdam,zwolle,2026-03-08
fwtpGNJ5,N1,excelsior,heerenveen,2026-03-07
rP5VASsQ,N1,psv,az alkmaar,2026-03-07
bBnyIqkg,N1,groningen,ajax,2026-03-07
tzGA1O4C,N1,heracles,utrecht,2026-03-06
f3PzkoL6,N1,excelsior,g.a. eagles,2026-03-01
QNXJhTLs,N1,utrecht,az alkmaar,2026-03-01
d8slbkbK,N1,fc volendam,groningen,2026-03-01
nwMSj7jf,N1,twente,feyenoord,2026-03-01
CK7pvU6l,N1,zwolle,ajax,2026-03-01
8n1gx8y1,N1,nijmegen,sittard,2026-02-28
t0a1zn6D,N1,heracles,psv,2026-02-28
2oMEqjqR,N1,heerenveen,sparta rotterdam,2026-02-28
tWX5oCEE,N1,telstar,nac breda,2026-02-27
byENoL8c,N1,feyenoord,telstar,2026-02-22
IcnBPUie,N1,az alkmaar,sparta rotterdam,2026-02-22
ncp5TwgT,N1,g.a. eagles,heracles,2026-02-22
61HVqawA,N1,utrecht,zwolle,2026-02-22
ppl3RjNr,N1,twente,groningen,2026-02-22
EPuKN8M7,N1,ajax,nijmegen,2026-02-21
SfU3VaOG,N1,nac breda,fc volendam,2026-02-21
fsWeXLg4,N1,psv,heerenveen,2026-02-21
IuyyOHGj,N1,sittard,excelsior,2026-02-20
06Vm4NPH,N1,sparta rotterdam,nijmegen,2026-02-17
YXre21fU,N1,heerenveen,zwolle,2026-02-15
visu6qe5,N1,telstar,twente,2026-02-15
pCCDKrAb,N1,feyenoord,g.a. eagles,2026-02-15
ny9UG09N,N1,groningen,utrecht,2026-02-14
bFxmZsPi,N1,ajax,sittard,2026-02-14
W8p1BvXp,N1,excelsior,az alkmaar,2026-02-14
CbE5M4un,N1,heracles,nac breda,2026-02-14
j97nDWWI,P1,moreirense,chaves,2022-05-29
CI8rECHC,P1,chaves,moreirense,2022-05-21
Mcq1QU6p,P1,vitoria guimaraes,gil vicente,2022-05-15
8j3QWWTG,P1,famalicao,braga,2022-05-15
jFhVVjqN,P1,sporting cp,santa clara,2022-05-14
vXnpmhEc,P1,fc porto,estoril,2022-05-14
0tltlYbi,P1,maritimo,portimonense,2022-05-14
4IdZUAbT,P1,arouca,bsad,2022-05-14
YgnlnCT3,P1,moreirense,vizela,2022-05-14
0lr5PlMj,P1,tondela,boavista,2022-05-14
Ua4MXCEA,P1,pacos ferreira,benfica,2022-05-13
tQh6yeFo,P1,bsad,famalicao,2022-05-09
8xOiIXEN,P1,santa clara,pacos ferreira,2022-05-08
0QaIYha4,P1,braga,arouca,2022-05-08
vBB9zFUi,P1,gil vicente,tondela,2022-05-08
MZ0EZYqb,P1,vizela,maritimo,2022-05-08
zPPqKgpB,P1,portimonense,sporting cp,2022-05-07
UoPmJDaH,P1,benfica,fc porto,2022-05-07
SM4OCBxo,P1,estoril,moreirense,2022-05-07
QDIdHiUT,P1,boavista,vitoria guimaraes,2022-05-06
EkZOOHVu,P1,pacos ferreira,tondela,2022-05-02
lS7I3YaU,P1,sporting cp,gil vicente,2022-05-01
htYSNyon,P1,moreirense,boavista,2022-05-01
zP3E4EpO,P1,vitoria guimaraes,santa clara,2022-05-01
t24A5fVH,P1,bsad,braga,2022-04-30
MLLuLZU4,P1,fc porto,vizela,2022-04-30
2B566zGB,P1,maritimo,benfica,2022-04-30
06XWMe0h,P1,arouca,portimonense,2022-04-30
vcWzMFFb,P1,famalicao,estoril,2022-04-29
6qjShHoC,P1,boavista,sporting cp,2022-04-25
l8uXiy1I,P1,braga,fc porto,2022-04-25
GEXIFvgP,P1,tondela,vitoria guimaraes,2022-04-24
CMCg9xWh,P1,estoril,bsad,2022-04-24
SbvyieGO,P1,gil vicente,pacos ferreira,2022-04-23
0n9kAIGn,P1,benfica,famalicao,2022-04-23
6qCc8doa,P1,santa clara,maritimo,2022-04-23
INJpBb1t,P1,portimonense,moreirense,2022-04-23
pzB17G05,P1,vizela,arouca,2022-04-22
6BCai4A7,P1,estoril,braga,2022-04-18
SKDehpe1,P1,sporting cp,benfica,2022-04-17
bJnKfwHa,P1,fc porto,portimonense,2022-04-16
htnOgcW5,P1,bsad,vizela,2022-04-16
KSmGeJ1g,P1,maritimo,boavista,2022-04-16
h6HJdanm,P1,moreirense,tondela,2022-04-16
8GjrGmm8,P1,vitoria guimaraes,pacos ferreira,2022-04-15
EFIFcuXt,P1,famalicao,gil vicente,2022-04-15
MJfnF72E,P1,arouca,santa clara,2022-04-15
Cly42UI8,P1,vizela,braga,2022-04-10
Ycx03A32,P1,vitoria guimaraes,fc porto,2022-04-10
8GUC08mL,P1,portimonense,famalicao,2022-04-10
KfAmf6Ql,P1,santa clara,estoril,2022-04-10
KflIvRQ1,P1,tondela,sporting cp,2022-04-09
2wUGaS2R,P1,benfica,bsad,2022-04-09
bo9igQue,P1,boavista,arouca,2022-04-09
xWKrenBr,P1,pacos ferreira,maritimo,2022-04-09
UPV81lYE,P1,gil vicente,moreirense,2022-04-08
vyHQlBl9,P1,fc porto,santa clara,2022-04-04
pEHMkiZ2,P1,sporting cp,pacos ferreira,2022-04-03
hvLUmV3F,P1,moreirense,vitoria guimaraes,2022-04-03
Eg9wn9YR,P1,maritimo,tondela,2022-04-03
pxd5sTtq,P1,famalicao,boavista,2022-04-02
z3AZnkJL,P1,arouca,gil vicente,2022-04-02
6ipEu7Be,P1,estoril,vizela,2022-04-02
OSf9tmdk,P1,bsad,portimonense,2022-04-02
6NIIjXJd,P1,braga,benfica,2022-04-01
4tinhPw4,P1,boavista,fc porto,2022-03-20
rXkjiqgA,P1,portimonense,braga,2022-03-20
lnlYrL0j,P1,benfica,estoril,2022-03-20
fPlUq1op,P1,gil vicente,maritimo,2022-03-20
C6ffj38G,P1,pacos ferreira,moreirense,2022-03-20
MH1sg5Oc,P1,vitoria guimaraes,sporting cp,2022-03-19
YLr3lswT,P1,santa clara,bsad,2022-03-19
SxmxruGd,P1,tondela,arouca,2022-03-19
jcgbkNNM,P1,vizela,famalicao,2022-03-18
4KFBunfb,P1,moreirense,sporting cp,2022-03-14
Ya7Sy4gN,P1,braga,gil vicente,2022-03-13
Cj6WzO8T,P1,fc porto,tondela,2022-03-13
vw8OxpvH,P1,maritimo,vitoria guimaraes,2022-03-13
GKAiWsHp,P1,bsad,boavista,2022-03-12
rBEFv694,P1,arouca,pacos ferreira,2022-03-12
fB9eV1Wj,P1,estoril,portimonense,2022-03-12
QZ3KwQOA,P1,famalicao,santa clara,2022-03-12
8Ecwfo9i,P1,benfica,vizela,2022-03-11
jJ6myX2C,P1,tondela,bsad,2022-03-07
dfC3s8Po,P1,santa clara,vizela,2022-03-06
CS7qxDm6,P1,vitoria guimaraes,famalicao,2022-03-06
MwFWvF3m,P1,pacos ferreira,fc porto,2022-03-06
pt6iziII,P1,moreirense,maritimo,2022-03-06
zoB7tSvh,P1,sporting cp,arouca,2022-03-05
G0EzvZIg,P1,portimonense,benfica,2022-03-05
fiDvwgYa,P1,boavista,braga,2022-03-05
fkYKIOno,P1,gil vicente,estoril,2022-03-04
zTw2PZ30,P1,braga,santa clara,2022-02-28
AoWEMXmJ,P1,fc porto,gil vicente,2022-02-27
lWs6OgJ6,P1,benfica,vitoria guimaraes,2022-02-27
2gYapytQ,P1,estoril,boavista,2022-02-27
8zBSuels,P1,vizela,portimonense,2022-02-27
WfXANDYC,P1,arouca,moreirense,2022-02-26
2FufReZm,P1,maritimo,sporting cp,2022-02-26
O2ZeoHQJ,P1,famalicao,tondela,2022-02-26
t6vbQFlf,P1,bsad,pacos ferreira,2022-02-25
zTHW9f4D,P1,santa clara,portimonense,2022-02-21
lCFKCdKf,P1,tondela,braga,2022-02-20
hpMBEIkr,P1,moreirense,fc porto,2022-02-20
xYeFYwsE,P1,sporting cp,estoril,2022-02-20
S2EOBGZ0,P1,maritimo,famalicao,2022-02-20
8h8Hf4hQ,P1,maritimo,estrela,2023-06-11
vJ3DepwK,P1,estrela,maritimo,2023-06-03
djAXQkhh,P1,braga,pacos ferreira,2023-05-27
pYHkLoMT,P1,benfica,santa clara,2023-05-27
QV1lN7iH,P1,fc porto,vitoria guimaraes,2023-05-27
zs9yQ97b,P1,portimonense,arouca,2023-05-27
SG5TRVxn,P1,chaves,boavista,2023-05-27
ns4HG5Up,P1,estoril,maritimo,2023-05-27
W82pOmxB,P1,gil vicente,casa pia,2023-05-27
4M0hMR6N,P1,vizela,sporting cp,2023-05-26
I5btPTM4,P1,rio ave,famalicao,2023-05-26
Mwq2BAh5,P1,sporting cp,benfica,2023-05-21
lQ6PSBNu,P1,casa pia,estoril,2023-05-21
vFw7AU7B,P1,pacos ferreira,rio ave,2023-05-21
rmpbCjwa,P1,vitoria guimaraes,gil vicente,2023-05-21
CSyF88xO,P1,famalicao,fc porto,2023-05-20
lQpfDWNh,P1,boavista,braga,2023-05-20
I5xB9lNH,P1,arouca,chaves,2023-05-20
O2uJ7SiU,P1,santa clara,portimonense,2023-05-20
zNtjEC8n,P1,maritimo,vizela,2023-05-19
hbioFhgt,P1,estoril,arouca,2023-05-15
xY1xek8O,P1,fc porto,casa pia,2023-05-14
2F9PciO5,P1,braga,santa clara,2023-05-14
GIDTdBwC,P1,rio ave,vitoria guimaraes,2023-05-14
U1BHaDgg,P1,sporting cp,maritimo,2023-05-13
8hALbX8a,P1,portimonense,benfica,2023-05-13
CQGC0gvm,P1,chaves,pacos ferreira,2023-05-13
jk5JJYpP,P1,vizela,famalicao,2023-05-13
bs3YeVhI,P1,gil vicente,boavista,2023-05-12
0n1db3cJ,P1,arouca,fc porto,2023-05-08
YZH81ZOt,P1,famalicao,chaves,2023-05-08
Me2haqrD,P1,pacos ferreira,sporting cp,2023-05-07
hMcl0PS6,P1,vitoria guimaraes,vizela,2023-05-07
I35y3Rrl,P1,maritimo,rio ave,2023-05-07
W69u2obf,P1,benfica,braga,2023-05-06
EVbp15D0,P1,boavista,estoril,2023-05-06
4KRx7e1J,P1,santa clara,gil vicente,2023-05-06
GfVt6FGP,P1,casa pia,portimonense,2023-05-05
08zHahxd,P1,sporting cp,famalicao,2023-04-30
65R6MFq9,P1,fc porto,boavista,2023-04-30
nHr4LZbF,P1,estoril,santa clara,2023-04-30
EBvLbCi2,P1,gil vicente,benfica,2023-04-29
vgn81E7q,P1,chaves,casa pia,2023-04-29
SES2NeU2,P1,vizela,pacos ferreira,2023-04-29
IqoC0YMk,P1,braga,portimonense,2023-04-29
Ot6X37Ts,P1,maritimo,vitoria guimaraes,2023-04-29
n1ft6faS,P1,rio ave,arouca,2023-04-28
vu7ZnFhj,P1,vitoria guimaraes,sporting cp,2023-04-24
YwlQ9x03,P1,arouca,vizela,2023-04-23
pI7Vmewp,P1,benfica,estoril,2023-04-23
S0mU8dF9,P1,santa clara,chaves,2023-04-23
fmkMAIpc,P1,portimonense,gil vicente,2023-04-23
IV5wnZ7d,P1,pacos ferreira,fc porto,2023-04-22
8dG3hyVS,P1,boavista,rio ave,2023-04-22
8Aex7zpM,P1,famalicao,maritimo,2023-04-22
Qo6X7GUF,P1,casa pia,braga,2023-04-21
vHSjewoA,P1,vizela,boavista,2023-04-17
4bzvbu1i,P1,sporting cp,arouca,2023-04-16
I1vrcaGc,P1,braga,gil vicente,2023-04-16
jendZeOj,P1,rio ave,casa pia,2023-04-16
0QTndJV3,P1,fc porto,santa clara,2023-04-15
WA5PvI0T,P1,chaves,benfica,2023-04-15
QXQbgHFM,P1,estoril,portimonense,2023-04-15
nsSffc0G,P1,maritimo,pacos ferreira,2023-04-15
C4mhzx9p,P1,famalicao,vitoria guimaraes,2023-04-14
IsCdo2Ho,P1,gil vicente,chaves,2023-04-10
hK6LuboN,P1,casa pia,sporting cp,2023-04-09
4bE8r014,P1,braga,estoril,2023-04-08
dYA0pMWi,P1,pacos ferreira,famalicao,2023-04-08
Q7F4qtnb,P1,portimonense,rio ave,2023-04-08
bc7HtvWG,P1,arouca,maritimo,2023-04-08
GxYDMIvo,P1,boavista,vitoria guimaraes,2023-04-07
vHtnRbWT,P1,benfica,fc porto,2023-04-07
nN3DsKGA,P1,santa clara,vizela,2023-04-07
MsJkWVBs,P1,gil vicente,sporting cp,2023-04-05
pM3FQRuJ,P1,famalicao,arouca,2023-04-03
vsCsU0nB,P1,fc porto,portimonense,2023-04-02
A1KQXrmn,P1,rio ave,benfica,2023-04-02
WALMYOXu,P1,chaves,braga,2023-04-02
pfsrSvHN,P1,maritimo,boavista,2023-04-02
hQ9VW22h,P1,sporting cp,santa clara,2023-04-01
6TDZVMHb,P1,vitoria guimaraes,pacos ferreira,2023-04-01
0jDwVtX4,P1,vizela,casa pia,2023-04-01
63rvTK1H,P1,estoril,gil vicente,2023-03-31
QBXJyhlK,P1,boavista,famalicao,2023-03-19
vJDfVkRm,P1,braga,fc porto,2023-03-19
6V4BR7QC,P1,casa pia,maritimo,2023-03-19
C8TFxYYD,P1,estoril,chaves,2023-03-18
CWB2TTe0,P1,arouca,pacos ferreira,2023-03-18
KYWNzC3Q,P1,benfica,vitoria guimaraes,2023-03-18
I9CbU9tf,P1,portimonense,vizela,2023-03-18
O6F6SmB6,P1,santa clara,rio ave,2023-03-17
hbDtOYJK,P1,famalicao,casa pia,2023-03-13
lUbCICsr,P1,sporting cp,boavista,2023-03-12
A3kXDldD,P1,maritimo,benfica,2023-03-12
WlCpNhZQ,P1,rio ave,gil vicente,2023-03-12
OniPFAR0,P1,vizela,braga,2023-03-11
pdhLGjCf,P1,vitoria guimaraes,arouca,2023-03-11
zNIyPE4E,P1,chaves,portimonense,2023-03-11
2X2GHWdl,P1,pacos ferreira,santa clara,2023-03-11
WCjTEUt7,P1,fc porto,estoril,2023-03-10
dWJXPfk8,P1,casa pia,pacos ferreira,2023-03-06
OSOw4DSl,P1,braga,rio ave,2023-03-05
rTVk1BC7,P1,santa clara,vitoria guimaraes,2023-03-05
fgKZ4gDr,P1,gil vicente,maritimo,2023-03-05
OGQLtQt1,P1,afs,portimonense,2024-06-02
UHXCrnCl,P1,portimonense,afs,2024-05-25
t4RTDzCR,P1,braga,fc porto,2024-05-18
buxPEGdL,P1,moreirense,estoril,2024-05-18
jFYGGxS8,P1,sporting cp,chaves,2024-05-18
GdIe9fKr,P1,arouca,vitoria guimaraes,2024-05-18
AJHa8EZl,P1,boavista,vizela,2024-05-18
lAG37Yle,P1,estrela,gil vicente,2024-05-18
6oB86h41,P1,sc farense,portimonense,2024-05-18
COZCHIC2,P1,rio ave,benfica,2024-05-17
KlwLFdsF,P1,famalicao,casa pia,2024-05-17
Qg0lFPj4,P1,fc porto,boavista,2024-05-12
CjdpG5yb,P1,benfica,arouca,2024-05-12
2ghMfe5k,P1,casa pia,moreirense,2024-05-12
b7bdD3LG,P1,gil vicente,sc farense,2024-05-12
UR6uHoMi,P1,vitoria guimaraes,braga,2024-05-11
dGiQgFKe,P1,estoril,sporting cp,2024-05-11
AJeUhZZ1,P1,portimonense,rio ave,2024-05-11
KGahEq6A,P1,vizela,estrela,2024-05-11
O2gIeyjq,P1,chaves,famalicao,2024-05-10
xYs23Sih,P1,famalicao,benfica,2024-05-05
ImwNb46N,P1,arouca,estrela,2024-05-05
6DZIapiH,P1,braga,casa pia,2024-05-05
YayB16M4,P1,sc farense,estoril,2024-05-05
0CSRcOLT,P1,chaves,fc porto,2024-05-04
CjzF0QyB,P1,sporting cp,portimonense,2024-05-04
2LEggrUp,P1,boavista,gil vicente,2024-05-04
GOt62n7b,P1,rio ave,vitoria guimaraes,2024-05-04
jy8yIR6o,P1,moreirense,vizela,2024-05-03
rBrb48xn,P1,estrela,sc farense,2024-04-29
4pDmp5iU,P1,fc porto,sporting cp,2024-04-28
U7vf5lNu,P1,estoril,famalicao,2024-04-28
ITEunRMH,P1,portimonense,moreirense,2024-04-28
dEQWmmh5,P1,vitoria guimaraes,boavista,2024-04-27
QgEqooxO,P1,benfica,braga,2024-04-27
rBMSlTxa,P1,casa pia,chaves,2024-04-27
vwGym77B,P1,vizela,rio ave,2024-04-27
llNOk9Nh,P1,gil vicente,arouca,2024-04-26
Aqqnxjgg,P1,sc farense,benfica,2024-04-22
I9nfzUN5,P1,sporting cp,vitoria guimaraes,2024-04-21
AcOKjk8n,P1,casa pia,fc porto,2024-04-21
xAg6XR7O,P1,chaves,estoril,2024-04-21
jDsldBpP,P1,famalicao,portimonense,2024-04-21
vPz3Y7hI,P1,braga,vizela,2024-04-20
hMTFiVht,P1,boavista,estrela,2024-04-20
d0obZmwC,P1,moreirense,gil vicente,2024-04-20
lzrjyA8a,P1,rio ave,arouca,2024-04-19
h6qPe2wF,P1,famalicao,sporting cp,2024-04-16
z7bAoCG0,P1,vizela,chaves,2024-04-15
Io47qY0J,P1,benfica,moreirense,2024-04-14
dx3BrhGP,P1,arouca,boavista,2024-04-14
rX1IqjoD,P1,portimonense,casa pia,2024-04-14
SKgswWwm,P1,estrela,rio ave,2024-04-14
hr95nh1f,P1,estoril,braga,2024-04-13
lA2EpWV6,P1,fc porto,famalicao,2024-04-13
MN0MrA0J,P1,vitoria guimaraes,sc farense,2024-04-13
EHkwvCOt,P1,gil vicente,sporting cp,2024-04-12
EiA1mYol,P1,casa pia,estoril,2024-04-08
Ma2Zqaud,P1,fc porto,vitoria guimaraes,2024-04-07
QThP6Mn9,P1,moreirense,estrela,2024-04-07
8hrU5t2F,P1,chaves,portimonense,2024-04-07
QX8QoLAq,P1,sporting cp,benfica,2024-04-06
4O7UpuQk,P1,braga,arouca,2024-04-06
pI5clEWs,P1,famalicao,vizela,2024-04-06
EgkL72X2,P1,rio ave,gil vicente,2024-04-06
0j1wqJf2,P1,sc farense,boavista,2024-04-05
jwZmY1tp,P1,portimonense,braga,2024-04-01
b3xdWuBd,P1,vizela,casa pia,2024-03-31
fkIfismM,P1,estoril,fc porto,2024-03-30
CQSkhNXF,P1,boavista,rio ave,2024-03-30
vaFrfq33,P1,arouca,sc farense,2024-03-30
YZTog3I9,P1,vitoria guimaraes,moreirense,2024-03-30
8hMbj12S,P1,estrela,sporting cp,2024-03-29
08GvePmc,P1,benfica,chaves,2024-03-29
p0YiXLej,P1,gil vicente,famalicao,2024-03-29
Qk2drn4i,P1,sporting cp,boavista,2024-03-17
bqAAKrCp,P1,casa pia,benfica,2024-03-17
h2gDv43G,P1,chaves,vitoria guimaraes,2024-03-17
xz9EJ2Rj,P1,moreirense,arouca,2024-03-17
n5j5tQY3,P1,fc porto,vizela,2024-03-16
buf9uplA,P1,braga,gil vicente,2024-03-16
lUnMxrYS,P1,sc farense,rio ave,2024-03-16
4t10s6Jc,P1,famalicao,estrela,2024-03-16
WhhHwOIM,P1,estoril,portimonense,2024-03-15
hMFQUSZi,P1,gil vicente,chaves,2024-03-11
pxUZQpZG,P1,benfica,estoril,2024-03-10
vaTwQ4lN,P1,arouca,sporting cp,2024-03-10
nqFUTnkb,P1,vitoria guimaraes,famalicao,2024-03-09
h2XsPO3T,P1,boavista,moreirense,2024-03-09
vJBMV8Ko,P1,rio ave,braga,2024-03-09
6oVVRQJA,P1,vizela,sc farense,2024-03-09
QZDYS644,P1,estrela,casa pia,2024-03-08
xEXw7Pso,P1,portimonense,fc porto,2024-03-08
EHylH95h,P1,famalicao,boavista,2024-03-04
IkruJVzt,P1,fc porto,benfica,2024-03-03
h8zhGTKb,P1,sporting cp,sc farense,2024-03-03
pGhaE7kB,P1,casa pia,gil vicente,2024-03-03
6Vt8CoKN,P1,portimonense,vizela,2024-03-03
nVZeFmz5,P1,braga,estrela,2024-03-02
Svr4DR4H,P1,estoril,vitoria guimaraes,2024-03-02
z5oCB5ZT,P1,moreirense,rio ave,2024-03-02
dtsqIkjn,P1,chaves,arouca,2024-03-01
WfwLDza0,P1,boavista,braga,2024-02-26
2uT67gpK,P1,vizela,afs,2025-06-01
xn9SqjhD,P1,afs,vizela,2025-05-24
88MxkHZP,P1,afs,moreirense,2025-05-17
GEZjRDsJ,P1,arouca,boavista,2025-05-17
f5fQuDdC,P1,braga,benfica,2025-05-17
E9RjdYtg,P1,estoril,estrela,2025-05-17
Sh39qecm,P1,fc porto,nacional,2025-05-17
KntrTZC6,P1,sc farense,santa clara,2025-05-17
2VcYwiRO,P1,sporting cp,vitoria guimaraes,2025-05-17
Yk6HsZRa,P1,famalicao,casa pia,2025-05-16
tdTrbfCt,P1,rio ave,gil vicente,2025-05-16
hCM0GdT0,P1,boavista,fc porto,2025-05-11
YVszVerf,P1,moreirense,estoril,2025-05-11
QPK8EzbD,P1,vitoria guimaraes,sc farense,2025-05-11
C2EhIIbl,P1,estrela,afs,2025-05-11
CGgRWHDs,P1,casa pia,braga,2025-05-10
tY2exvjK,P1,gil vicente,arouca,2025-05-10
hbsS1cE7,P1,benfica,sporting cp,2025-05-10
K4ZDP06E,P1,nacional,rio ave,2025-05-10
tKNMNvyR,P1,santa clara,famalicao,2025-05-10
hvoB9lGG,P1,afs,boavista,2025-05-05
bH7xQ90c,P1,rio ave,estrela,2025-05-05
YeRQ3Jqe,P1,sporting cp,gil vicente,2025-05-04
KQn3BAo4,P1,arouca,casa pia,2025-05-04
0rTI5uFr,P1,estoril,benfica,2025-05-03
ILUk268j,P1,braga,santa clara,2025-05-03
6sBpOmV9,P1,nacional,vitoria guimaraes,2025-05-03
ObgfDWGi,P1,sc farense,famalicao,2025-05-03
l6vK7SpT,P1,fc porto,moreirense,2025-05-02
fs8t2oig,P1,casa pia,estoril,2025-04-29
Wn35dsLU,P1,boavista,sporting cp,2025-04-27
Wji9kTOp,P1,benfica,afs,2025-04-27
ADKD0gXo,P1,vitoria guimaraes,rio ave,2025-04-27
OMacb3jI,P1,moreirense,nacional,2025-04-27
27Bl0PL5,P1,estrela,fc porto,2025-04-26
vgCUdBWA,P1,gil vicente,sc farense,2025-04-26
nJFxek1N,P1,santa clara,arouca,2025-04-26
rRILbX1b,P1,famalicao,braga,2025-04-25
KSHVq4yP,P1,vitoria guimaraes,benfica,2025-04-19
GI9vnZ0e,P1,arouca,estrela,2025-04-19
O0OMoQ6C,P1,estoril,braga,2025-04-19
lW7npDV7,P1,afs,casa pia,2025-04-19
GzLEmnx0,P1,nacional,gil vicente,2025-04-19
4vjZ7GNE,P1,sporting cp,moreirense,2025-04-18
KjGVmeWr,P1,fc porto,famalicao,2025-04-18
fLW5k87m,P1,rio ave,santa clara,2025-04-18
zuhu47Mt,P1,sc farense,boavista,2025-04-18
nwzNKd2d,P1,moreirense,rio ave,2025-04-13
QTfdZeHk,P1,benfica,arouca,2025-04-13
AHUagH8L,P1,braga,afs,2025-04-13
vDWEMIXq,P1,estrela,sc farense,2025-04-13
zaGHtvPF,P1,casa pia,fc porto,2025-04-12
SYC9r0f3,P1,santa clara,sporting cp,2025-04-12
Uc9QvIgS,P1,boavista,nacional,2025-04-12
Mel5XZo2,P1,famalicao,estoril,2025-04-12
l2tiewv9,P1,gil vicente,vitoria guimaraes,2025-04-11
xUFrU0uA,P1,sporting cp,braga,2025-04-07
t2MZVMAc,P1,rio ave,boavista,2025-04-07
AsEjSvAM,P1,sc farense,casa pia,2025-04-07
EeUm8JIj,P1,fc porto,benfica,2025-04-06
UNhHDueT,P1,nacional,estrela,2025-04-06
fobhJqRi,P1,gil vicente,moreirense,2025-04-06
OQk9F1QG,P1,vitoria guimaraes,santa clara,2025-04-05
vwG5etZp,P1,arouca,famalicao,2025-04-05
Sbd0HNe4,P1,afs,estoril,2025-04-04
YJPj1B56,P1,benfica,sc farense,2025-04-02
fDxPnCjD,P1,boavista,gil vicente,2025-04-01
QgMr3Xzf,P1,moreirense,vitoria guimaraes,2025-03-30
YZ5TcxaE,P1,estoril,fc porto,2025-03-30
4vYZ4g6s,P1,famalicao,afs,2025-03-30
QXp8jfil,P1,santa clara,nacional,2025-03-30
Yes4AFrK,P1,braga,arouca,2025-03-29
fkfxdGTQ,P1,estrela,sporting cp,2025-03-29
MavHlYL0,P1,casa pia,rio ave,2025-03-29
S2WmxqFt,P1,gil vicente,benfica,2025-03-28
n5SnoaF8,P1,moreirense,boavista,2025-03-16
KWufqwpL,P1,vitoria guimaraes,estrela,2025-03-16
CUKYyexe,P1,rio ave,benfica,2025-03-16
4t32wmd2,P1,arouca,estoril,2025-03-16
8dEszZ67,P1,nacional,casa pia,2025-03-16
2FsMcHsH,P1,sporting cp,famalicao,2025-03-15
U1qEawD4,P1,fc porto,afs,2025-03-15
dGafu9Rk,P1,gil vicente,santa clara,2025-03-15
vHMQwH7r,P1,sc farense,braga,2025-03-15
pIZKUIDU,P1,famalicao,rio ave,2025-03-10
GbJvovbB,P1,boavista,vitoria guimaraes,2025-03-09
dd3wm0Tb,P1,casa pia,sporting cp,2025-03-09
Or5VlMbn,P1,santa clara,moreirense,2025-03-09
z3j51arh,P1,braga,fc porto,2025-03-08
OOMnqISN,P1,benfica,nacional,2025-03-08
Gxr4Y0E5,P1,estoril,sc farense,2025-03-08
8dbJwdjo,P1,afs,arouca,2025-03-08
xhWCWvqI,P1,estrela,gil vicente,2025-03-07
GO2VJ1aC,P1,sporting cp,estoril,2025-03-03
CjdvIuUO,P1,rio ave,braga,2025-03-02
M1sd52pJ,P1,sc farense,afs,2025-03-02
U74NLNUa,P1,boavista,santa clara,2025-03-02
8hGENq0m,P1,moreirense,estrela,2025-03-02
OUPdzNqg,P1,vitoria guimaraes,casa pia,2025-03-01
xAPrT5xQ,P1,arouca,fc porto,2025-03-01
llql7OF6,P1,nacional,famalicao,2025-03-01
nPnXA6Gs,P1,fc porto,vitoria guimaraes,2025-02-24
2JXXEFHF,P1,famalicao,moreirense,2025-02-23
fHCC7X9k,P1,afs,sporting cp,2025-02-23
boRtDgnS,P1,arouca,sc farense,2025-02-23
SzzaTEW8,P1,estrela,santa clara,2025-02-23
ppL3zFyq,P1,torreense,casa pia,2026-05-20
f5SwUIIi,P1,estoril,benfica,2026-05-16
lS5CDcYA,P1,famalicao,alverca,2026-05-16
rRbLBy3N,P1,sporting cp,gil vicente,2026-05-16
A1I2OEnT,P1,arouca,tondela,2026-05-16
UoaZIhAj,P1,braga,estrela,2026-05-16
OpKfQzIG,P1,casa pia,rio ave,2026-05-16
2VVoSdm4,P1,nacional,vitoria guimaraes,2026-05-16
vcpi6FQp,P1,fc porto,santa clara,2026-05-16
t224FJ3b,P1,moreirense,afs,2026-05-16
KnEeHuZo,P1,benfica,braga,2026-05-11
fVBU2tKh,P1,estrela,famalicao,2026-05-11
676hNSk1,P1,gil vicente,arouca,2026-05-11
OA3oabJH,P1,rio ave,sporting cp,2026-05-11
UNYocxlU,P1,santa clara,nacional,2026-05-11
C490L6KD,P1,tondela,moreirense,2026-05-11
AuDqPlLl,P1,vitoria guimaraes,casa pia,2026-05-11
jc5w1Kl5,P1,alverca,estoril,2026-05-10
n58M42kt,P1,afs,fc porto,2026-05-10
jVdAAk6e,P1,sporting cp,vitoria guimaraes,2026-05-04
OKCVHXDL,P1,rio ave,gil vicente,2026-05-03
E9RDUAcR,P1,braga,estoril,2026-05-03
CpoJ8Tz8,P1,casa pia,tondela,2026-05-03
j7ENJgq9,P1,fc porto,alverca,2026-05-02
r5g2CByq,P1,famalicao,benfica,2026-05-02
IsY4WWSE,P1,arouca,santa clara,2026-05-02
jHHydji2,P1,moreirense,estrela,2026-05-02
riETcCMk,P1,nacional,afs,2026-05-02
Ya1ycHJ5,P1,sporting cp,tondela,2026-04-29
URCJWZNj,P1,gil vicente,casa pia,2026-04-27
CnnNjeFM,P1,afs,sporting cp,2026-04-26
vcW1qD7d,P1,estrela,fc porto,2026-04-26
jXcEhHpA,P1,santa clara,braga,2026-04-26
rVxgoZxp,P1,estoril,famalicao,2026-04-26
bJxc3YbS,P1,vitoria guimaraes,rio ave,2026-04-25
jgZl5fUF,P1,benfica,moreirense,2026-04-25
pze6fwGc,P1,tondela,nacional,2026-04-25
WjJm7Ga3,P1,alverca,arouca,2026-04-24
n3qAtdZO,P1,casa pia,braga,2026-04-23
fTUmtmem,P1,moreirense,estoril,2026-04-20
bujnkrvI,P1,braga,famalicao,2026-04-19
2Ddwi495,P1,fc porto,tondela,2026-04-19
I7FDzqPO,P1,sporting cp,benfica,2026-04-19
UoqWhQvg,P1,arouca,estrela,2026-04-19
8WfNfnAt,P1,gil vicente,vitoria guimaraes,2026-04-18
MuM4x5fC,P1,casa pia,santa clara,2026-04-18
lSNdvRPa,P1,nacional,alverca,2026-04-18
OpvIo9XP,P1,rio ave,afs,2026-04-17
re4uFAdl,P1,tondela,gil vicente,2026-04-13
dIAeBSeD,P1,estoril,fc porto,2026-04-12
rk1VN5uJ,P1,benfica,nacional,2026-04-12
OAN8KWYQ,P1,braga,arouca,2026-04-12
r9qET9Bs,P1,alverca,casa pia,2026-04-12
OO2sZVmK,P1,estrela,sporting cp,2026-04-11
zPcNPRA6,P1,santa clara,rio ave,2026-04-11
z3MnDlR0,P1,afs,vitoria guimaraes,2026-04-11
GMsMRmtf,P1,famalicao,moreirense,2026-04-10
lYr60Bse,P1,casa pia,benfica,2026-04-06
zksEbkC7,P1,arouca,estoril,2026-04-06
QiZGM1bc,P1,fc porto,famalicao,2026-04-04
SIfc2XCr,P1,moreirense,braga,2026-04-04
YcnVbb6j,P1,rio ave,alverca,2026-04-04
Gt6b4KrT,P1,nacional,estrela,2026-04-04
MJSPKuT9,P1,sporting cp,santa clara,2026-04-03
jcP0Mh4E,P1,vitoria guimaraes,tondela,2026-04-03
8G2j6tEG,P1,gil vicente,afs,2026-04-03
vyBZ9OEi,P1,braga,fc porto,2026-03-22
KGPI9f3B,P1,alverca,sporting cp,2026-03-22
CjMABGYb,P1,estoril,rio ave,2026-03-22
6DaqeelI,P1,tondela,afs,2026-03-21
n1Es82q4,P1,benfica,vitoria guimaraes,2026-03-21
CE4c2Ceo,P1,santa clara,gil vicente,2026-03-21
GrJR7YXN,P1,famalicao,nacional,2026-03-21
jyY1Dx4n,P1,moreirense,arouca,2026-03-21
2ughgZIU,P1,estrela,casa pia,2026-03-20
vwt2rI4C,P1,fc porto,moreirense,2026-03-15
WEHD48LE,P1,rio ave,estrela,2026-03-15
jH9K0aKt,P1,afs,santa clara,2026-03-15
48PRt5T7,P1,nacional,estoril,2026-03-15
xY7Sbwkg,P1,arouca,benfica,2026-03-14
Aclon05m,P1,gil vicente,alverca,2026-03-14
rBngpvz0,P1,vitoria guimaraes,famalicao,2026-03-14
dMpqWmFk,P1,tondela,rio ave,2026-03-09
h8Uoj96L,P1,santa clara,vitoria guimaraes,2026-03-08
rgyJrRbe,P1,benfica,fc porto,2026-03-08
4nliURq2,P1,estrela,gil vicente,2026-03-08
6i64wWMF,P1,estoril,casa pia,2026-03-07
zTXApmUr,P1,braga,sporting cp,2026-03-07
APCeuhh3,P1,alverca,afs,2026-03-07
KfWwhVy9,P1,moreirense,nacional,2026-03-07
Cl9CyAiS,P1,famalicao,arouca,2026-03-06
QJVVOW7M,P1,gil vicente,benfica,2026-03-02
tWeS4BGj,P1,rio ave,famalicao,2026-03-01
IVP9Hl0d,P1,casa pia,moreirense,2026-03-01
dvvFSE8c,P1,tondela,santa clara,2026-03-01
j1HmCgOG,P1,vitoria guimaraes,alverca,2026-02-28
44sNQhwA,P1,nacional,braga,2026-02-28
M3W0JAVq,P1,afs,estrela,2026-02-28
ryEuEFg4,P1,sporting cp,estoril,2026-02-27
p0AdAXhT,P1,fc porto,arouca,2026-02-27
4CFwb336,P1,famalicao,casa pia,2026-02-23
xvgKAtmC,P1,fc porto,rio ave,2026-02-22
dKXpdsYI,P1,estoril,gil vicente,2026-02-22
rDXzqXGn,RO1,dinamo bucuresti,u. cluj,2022-05-29
GQVrsBoa,RO1,chindia targoviste,concordia,2022-05-29
EuATta2Q,RO1,univ. craiova,fc botosani,2022-05-27
279Vs88g,RO1,fc arges,fc voluntari,2022-05-23
6uGMqUws,RO1,fcsb,cfr cluj,2022-05-22
Gj1vpD1t,RO1,u. cluj,dinamo bucuresti,2022-05-21
M3WvriWh,RO1,concordia,chindia targoviste,2022-05-21
KrKQrlgm,RO1,univ. craiova,farul constanta,2022-05-20
YNsRQUkh,RO1,lps hd clinceni,fc botosani,2022-05-16
xdlISjLu,RO1,mioveni,fc rapid bucuresti,2022-05-16
QJyBKgTI,RO1,u craiova 1948,sepsi sf. gheorghe,2022-05-16
Yio8Q6wJ,RO1,cfr cluj,univ. craiova,2022-05-15
l0TflAVP,RO1,fc voluntari,fcsb,2022-05-14
A9UjkjGJ,RO1,farul constanta,fc arges,2022-05-14
GnmMRAzn,RO1,dinamo bucuresti,uta arad,2022-05-13
EqY6LZDC,RO1,chindia targoviste,gaz metan medias,2022-05-13
hUqbNeq0,RO1,fc rapid bucuresti,u craiova 1948,2022-05-09
0vm0SS86,RO1,univ. craiova,fcsb,2022-05-08
WKr2MFb6,RO1,sepsi sf. gheorghe,chindia targoviste,2022-05-08
l4qdT8g0,RO1,fc arges,cfr cluj,2022-05-07
f1n4RnOC,RO1,farul constanta,fc voluntari,2022-05-07
OfufOyUg,RO1,uta arad,mioveni,2022-05-07
p4tjPHEm,RO1,fc botosani,dinamo bucuresti,2022-05-06
2uioQcas,RO1,gaz metan medias,lps hd clinceni,2022-05-06
SlemVUOm,RO1,fcsb,fc arges,2022-05-02
Wd0FVJyK,RO1,mioveni,fc botosani,2022-05-02
bFjqWA9s,RO1,cfr cluj,farul constanta,2022-05-01
h61BWaMD,RO1,u craiova 1948,uta arad,2022-05-01
6ufiUlvf,RO1,univ. craiova,fc voluntari,2022-04-30
QJaJUwiQ,RO1,dinamo bucuresti,lps hd clinceni,2022-04-30
4zfwO7ID,RO1,chindia targoviste,fc rapid bucuresti,2022-04-29
IJiRQ9Yf,RO1,sepsi sf. gheorghe,gaz metan medias,2022-04-29
EsFCyXoK,RO1,farul constanta,fcsb,2022-04-25
d64Hzi1Q,RO1,fc arges,univ. craiova,2022-04-25
rcNsZXQE,RO1,fc botosani,u craiova 1948,2022-04-25
0vB8xDWD,RO1,fc voluntari,cfr cluj,2022-04-24
d43ISV3r,RO1,fc rapid bucuresti,sepsi sf. gheorghe,2022-04-23
QLCnYitL,RO1,uta arad,chindia targoviste,2022-04-23
IJVeBUY7,RO1,gaz metan medias,dinamo bucuresti,2022-04-22
WMJwzEB8,RO1,lps hd clinceni,mioveni,2022-04-22
CInDJhRR,RO1,fc rapid bucuresti,gaz metan medias,2022-04-18
SY6PFkP0,RO1,cfr cluj,fcsb,2022-04-17
MixmDj4e,RO1,u craiova 1948,lps hd clinceni,2022-04-17
8pOME9v7,RO1,farul constanta,univ. craiova,2022-04-16
nyNQDTgD,RO1,fc voluntari,fc arges,2022-04-16
lvvuFCZr,RO1,sepsi sf. gheorghe,uta arad,2022-04-16
vTWiCAJ1,RO1,mioveni,dinamo bucuresti,2022-04-15
r1wqEWlk,RO1,chindia targoviste,fc botosani,2022-04-15
lr8LGV9f,RO1,fcsb,fc voluntari,2022-04-11
2sMDbik2,RO1,gaz metan medias,mioveni,2022-04-11
tI4DIiur,RO1,univ. craiova,cfr cluj,2022-04-10
j3b4LEdF,RO1,fc botosani,sepsi sf. gheorghe,2022-04-10
Ugc8KYBL,RO1,uta arad,fc rapid bucuresti,2022-04-09
fL8HHBfl,RO1,fc arges,farul constanta,2022-04-09
4n0dNzS2,RO1,dinamo bucuresti,u craiova 1948,2022-04-08
rwa0Mfs9,RO1,lps hd clinceni,chindia targoviste,2022-04-08
hfmyxtt3,RO1,cfr cluj,fc arges,2022-04-04
GQJ11g5q,RO1,sepsi sf. gheorghe,lps hd clinceni,2022-04-04
MTiuy0e9,RO1,fcsb,univ. craiova,2022-04-03
zXyZ5ZdS,RO1,fc rapid bucuresti,fc botosani,2022-04-02
0KjqzKAF,RO1,fc voluntari,farul constanta,2022-04-02
dtwV6FsM,RO1,uta arad,gaz metan medias,2022-04-02
fHI50DKk,RO1,chindia targoviste,dinamo bucuresti,2022-04-01
lvI9aXZe,RO1,u craiova 1948,mioveni,2022-04-01
rJWEAcrc,RO1,mioveni,chindia targoviste,2022-03-21
CbAlExld,RO1,fc arges,fcsb,2022-03-20
M9VI9Hc3,RO1,dinamo bucuresti,sepsi sf. gheorghe,2022-03-20
EDioFIYk,RO1,farul constanta,cfr cluj,2022-03-19
4YKN8yD9,RO1,lps hd clinceni,fc rapid bucuresti,2022-03-19
f3wXoE5d,RO1,gaz metan medias,u craiova 1948,2022-03-19
E3lXxMQd,RO1,fc voluntari,univ. craiova,2022-03-18
2JwR7eSF,RO1,fc botosani,uta arad,2022-03-18
KjhsGbJq,RO1,fcsb,farul constanta,2022-03-14
GCvTnfjj,RO1,fc botosani,gaz metan medias,2022-03-14
YmkOmzyp,RO1,fc rapid bucuresti,dinamo bucuresti,2022-03-13
MBMf526H,RO1,sepsi sf. gheorghe,mioveni,2022-03-13
Is6FKvBS,RO1,cfr cluj,fc voluntari,2022-03-12
SlNj6riB,RO1,chindia targoviste,u craiova 1948,2022-03-12
06BALKeM,RO1,univ. craiova,fc arges,2022-03-11
lbOn7Oy5,RO1,uta arad,lps hd clinceni,2022-03-11
W0bVdoJl,RO1,univ. craiova,farul constanta,2022-03-07
lxgzd5Yf,RO1,fc botosani,fc arges,2022-03-07
SSivePm1,RO1,fcsb,fc voluntari,2022-03-06
0CKn59B8,RO1,cfr cluj,dinamo bucuresti,2022-03-06
zVCa27eR,RO1,gaz metan medias,chindia targoviste,2022-03-06
MR8e3mtL,RO1,fc rapid bucuresti,lps hd clinceni,2022-03-05
hAaRcR3r,RO1,uta arad,mioveni,2022-03-05
v3Jj4TQE,RO1,sepsi sf. gheorghe,u craiova 1948,2022-03-04
fFX0s6J1,RO1,fc arges,fcsb,2022-03-03
Cjrdrn4e,RO1,farul constanta,fc botosani,2022-03-03
Y5W4tQY7,RO1,fc voluntari,cfr cluj,2022-03-02
bmvhqSlk,RO1,mioveni,univ. craiova,2022-03-02
2HhMllRR,RO1,lps hd clinceni,gaz metan medias,2022-03-02
ptbHkUBL,RO1,u craiova 1948,fc rapid bucuresti,2022-03-01
6kaDjAdF,RO1,dinamo bucuresti,sepsi sf. gheorghe,2022-03-01
4Qvlp8Zr,RO1,chindia targoviste,uta arad,2022-03-01
Cx3NTnk2,RO1,fcsb,farul constanta,2022-02-27
Yo4JUSZe,RO1,fc botosani,mioveni,2022-02-27
CSa9ijs9,RO1,fc arges,fc voluntari,2022-02-27
6yKvxBsM,RO1,fc rapid bucuresti,dinamo bucuresti,2022-02-26
Ess6hWR2,RO1,sepsi sf. gheorghe,cfr cluj,2022-02-26
KvOryVdS,RO1,gaz metan medias,u craiova 1948,2022-02-26
4CaFV8Kk,RO1,univ. craiova,chindia targoviste,2022-02-25
QL0BWl5q,RO1,uta arad,lps hd clinceni,2022-02-25
AaFwa2aA,RO1,uta arad,gloria buzau,2023-06-04
tQAZarp4,RO1,fc arges,dinamo bucuresti,2023-06-03
2mBr8vAn,RO1,cfr cluj,u craiova 1948,2023-06-01
AaaF2Prl,RO1,dinamo bucuresti,fc arges,2023-05-29
zwHEapRo,RO1,cfr cluj,farul constanta,2023-05-28
8jFMcOeb,RO1,univ. craiova,sepsi sf. gheorghe,2023-05-28
ljbJ1qbf,RO1,gloria buzau,uta arad,2023-05-28
ETFIb4th,RO1,fcsb,fc rapid bucuresti,2023-05-27
zoPs12g8,RO1,u craiova 1948,fc voluntari,2023-05-26
dCo4ustU,RO1,fc rapid bucuresti,univ. craiova,2023-05-22
2kn0tNQN,RO1,farul constanta,fcsb,2023-05-21
bLXVz1lo,RO1,sepsi sf. gheorghe,cfr cluj,2023-05-20
pCSpBgmC,RO1,fc botosani,mioveni,2023-05-20
6LTtCZX5,RO1,chindia targoviste,fc voluntari,2023-05-19
beQYDe3g,RO1,fc arges,petrolul,2023-05-19
GWzUEylm,RO1,uta arad,u craiova 1948,2023-05-19
CbUxDFIa,RO1,fc hermannstadt,u. cluj,2023-05-19
6NhirqdB,RO1,fcsb,cfr cluj,2023-05-14
hI37czJC,RO1,u craiova 1948,fc arges,2023-05-14
xtxQFHYt,RO1,mioveni,uta arad,2023-05-14
SWgmqPt5,RO1,univ. craiova,farul constanta,2023-05-13
6cofLwBJ,RO1,u. cluj,chindia targoviste,2023-05-13
4h7BdfYI,RO1,petrolul,fc hermannstadt,2023-05-13
lnrds3BH,RO1,fc rapid bucuresti,sepsi sf. gheorghe,2023-05-12
plpbKcQP,RO1,fc voluntari,fc botosani,2023-05-12
K6fqp5Rb,RO1,fcsb,sepsi sf. gheorghe,2023-05-08
be43bG36,RO1,fc arges,uta arad,2023-05-08
UFCn2b4s,RO1,fc hermannstadt,u craiova 1948,2023-05-08
tGeuooCh,RO1,cfr cluj,univ. craiova,2023-05-07
bi6znRdn,RO1,farul constanta,fc rapid bucuresti,2023-05-06
2TAf0xZg,RO1,fc botosani,u. cluj,2023-05-06
OxCj1IJm,RO1,chindia targoviste,petrolul,2023-05-05
K45aadl0,RO1,fc voluntari,mioveni,2023-05-05
AVVF7KtK,RO1,uta arad,fc hermannstadt,2023-05-02
8SQQRNBU,RO1,fc rapid bucuresti,cfr cluj,2023-05-01
WvXB80RD,RO1,u. cluj,fc voluntari,2023-05-01
pl2Wn7st,RO1,univ. craiova,fcsb,2023-04-30
UySMS3dO,RO1,sepsi sf. gheorghe,farul constanta,2023-04-29
INTUqHlD,RO1,petrolul,fc botosani,2023-04-29
hfLK6vdQ,RO1,mioveni,fc arges,2023-04-29
vXUQpcZ6,RO1,u craiova 1948,chindia targoviste,2023-04-28
AiwAluzr,RO1,fc voluntari,petrolul,2023-04-24
lrxEmakl,RO1,u. cluj,mioveni,2023-04-24
Y9YDUPRB,RO1,fc rapid bucuresti,fcsb,2023-04-23
r5yInJ4f,RO1,chindia targoviste,uta arad,2023-04-23
vmZ9V5C5,RO1,farul constanta,cfr cluj,2023-04-22
fsKu675F,RO1,fc botosani,u craiova 1948,2023-04-22
d8uMowK0,RO1,fc hermannstadt,fc arges,2023-04-22
C0XHTqsI,RO1,sepsi sf. gheorghe,univ. craiova,2023-04-21
6cscY7Sn,RO1,fcsb,farul constanta,2023-04-17
MTLX7Tz3,RO1,fc arges,chindia targoviste,2023-04-17
plt1XRsg,RO1,univ. craiova,fc rapid bucuresti,2023-04-16
6Lim0HHd,RO1,petrolul,u. cluj,2023-04-16
SCV5Woca,RO1,cfr cluj,sepsi sf. gheorghe,2023-04-15
GjLy7mj9,RO1,mioveni,fc hermannstadt,2023-04-15
AgIT89Ld,RO1,uta arad,fc botosani,2023-04-14
SUhq1c2j,RO1,u craiova 1948,fc voluntari,2023-04-14
xOxgZmDt,RO1,sepsi sf. gheorghe,fc rapid bucuresti,2023-04-10
0K848uAG,RO1,petrolul,mioveni,2023-04-10
0bFPjGrE,RO1,cfr cluj,fcsb,2023-04-09
dn2D6JvT,RO1,fc botosani,fc arges,2023-04-09
belu2wmp,RO1,chindia targoviste,fc hermannstadt,2023-04-09
bgysSW5D,RO1,farul constanta,univ. craiova,2023-04-08
6c909LfA,RO1,u. cluj,u craiova 1948,2023-04-08
ENC87aPM,RO1,fc voluntari,uta arad,2023-04-08
pjXxTCj7,RO1,sepsi sf. gheorghe,fcsb,2023-04-03
S6AdA1u4,RO1,mioveni,chindia targoviste,2023-04-03
jTXYThy1,RO1,univ. craiova,cfr cluj,2023-04-02
84feCNAi,RO1,fc arges,fc voluntari,2023-04-02
CxZUUYLf,RO1,fc rapid bucuresti,farul constanta,2023-04-01
negaBsQc,RO1,fc hermannstadt,fc botosani,2023-04-01
f16DmvYj,RO1,uta arad,u. cluj,2023-04-01
tb29lKIp,RO1,u craiova 1948,petrolul,2023-03-31
GY9R4DRN,RO1,u. cluj,fc arges,2023-03-20
Y3waR6T1,RO1,u craiova 1948,mioveni,2023-03-20
GWzCksMJ,RO1,cfr cluj,fc rapid bucuresti,2023-03-19
fDveSnEe,RO1,farul constanta,sepsi sf. gheorghe,2023-03-19
UTFyRcqJ,RO1,fcsb,univ. craiova,2023-03-18
YwOuU8gq,RO1,fc botosani,chindia targoviste,2023-03-18
GbyEYloS,RO1,petrolul,uta arad,2023-03-17
fB5KODH3,RO1,fc voluntari,fc hermannstadt,2023-03-17
lv8LGLBf,RO1,sepsi sf. gheorghe,u craiova 1948,2023-03-16
rZb0Mpq9,RO1,cfr cluj,u. cluj,2023-03-13
zXwuF2yq,RO1,chindia targoviste,fc voluntari,2023-03-13
ja28KODL,RO1,fc hermannstadt,u craiova 1948,2023-03-12
4r0dNQT2,RO1,fcsb,sepsi sf. gheorghe,2023-03-12
xdb4L4bF,RO1,farul constanta,fc rapid bucuresti,2023-03-11
vktIaNyd,RO1,fc arges,petrolul,2023-03-11
IuuMbsi2,RO1,univ. craiova,uta arad,2023-03-10
YNiDJrTR,RO1,fc botosani,mioveni,2023-03-10
vRcV8RE9,RO1,sepsi sf. gheorghe,cfr cluj,2023-03-06
pStE03Mk,RO1,fc voluntari,fc arges,2023-03-06
d28Q97a3,RO1,uta arad,fcsb,2023-03-05
pS4MAmpc,RO1,petrolul,univ. craiova,2023-03-05
WOxA1q7q,RO1,mioveni,chindia targoviste,2023-03-05
ni1w75qM,RO1,fc rapid bucuresti,fc hermannstadt,2023-03-04
Qs0s6PbS,RO1,u craiova 1948,fc botosani,2023-03-04
IHdZ7oUF,RO1,u. cluj,farul constanta,2023-03-03
48qmdlV3,RO1,fcsb,petrolul,2023-03-02
rarie8pA,RO1,cfr cluj,uta arad,2023-03-02
Ymy4h6US,RO1,fc botosani,fc rapid bucuresti,2023-03-01
hYHzmphj,RO1,univ. craiova,fc arges,2023-03-01
WOGvn47d,RO1,mioveni,fc voluntari,2023-03-01
QNXefSaG,RO1,farul constanta,sepsi sf. gheorghe,2023-02-28
zcNVmQxp,RO1,chindia targoviste,u craiova 1948,2023-02-28
vRy0gnFM,RO1,fc hermannstadt,u. cluj,2023-02-28
xGj9vXNE,RO1,csikszereda m. ciuc,dinamo bucuresti,2024-05-27
2cKgct2L,RO1,univ. craiova,u. cluj,2024-05-26
hSG5KBWr,RO1,mioveni,fc botosani,2024-05-24
vHSf9qop,RO1,dinamo bucuresti,csikszereda m. ciuc,2024-05-20
Ojivvk0t,RO1,fc rapid bucuresti,fcsb,2024-05-19
84lqpjvA,RO1,otelul,u. cluj,2024-05-19
428yw9Fn,RO1,cfr cluj,farul constanta,2024-05-18
rg7uxTUh,RO1,univ. craiova,sepsi sf. gheorghe,2024-05-18
CUQ27NFd,RO1,fc botosani,mioveni,2024-05-17
8vHUJoFO,RO1,farul constanta,univ. craiova,2024-05-13
IJFK3DDr,RO1,dinamo bucuresti,uta arad,2024-05-12
CtFO2XSl,RO1,fc voluntari,u. cluj,2024-05-12
pSbrN1E3,RO1,otelul,fc botosani,2024-05-12
OIcnMLT9,RO1,poli iasi,petrolul,2024-05-12
tfhiLuqG,RO1,u craiova 1948,fc hermannstadt,2024-05-12
fyDQKRaI,RO1,fcsb,cfr cluj,2024-05-11
Ms5CrViP,RO1,sepsi sf. gheorghe,fc rapid bucuresti,2024-05-10
4nKDNTFa,RO1,univ. craiova,fcsb,2024-05-06
jF2h0v7j,RO1,uta arad,u craiova 1948,2024-05-06
hKtyPNqi,RO1,fc hermannstadt,poli iasi,2024-05-06
YLOHMmV5,RO1,cfr cluj,fc rapid bucuresti,2024-05-05
j5avOsac,RO1,petrolul,otelul,2024-05-05
CO3l1Kip,RO1,u. cluj,dinamo bucuresti,2024-05-04
KWBM50qT,RO1,fc botosani,fc voluntari,2024-05-04
CCNLL7pC,RO1,farul constanta,sepsi sf. gheorghe,2024-05-03
rXV4Pkom,RO1,fc rapid bucuresti,univ. craiova,2024-04-29
C0L1AOUc,RO1,petrolul,fc botosani,2024-04-29
QeL9O90g,RO1,cfr cluj,sepsi sf. gheorghe,2024-04-28
pEJ982aA,RO1,poli iasi,uta arad,2024-04-28
jiK59rp4,RO1,otelul,fc hermannstadt,2024-04-28
pnD1QVVt,RO1,fcsb,farul constanta,2024-04-27
bHND7MEG,RO1,u craiova 1948,u. cluj,2024-04-27
ttDI6tUM,RO1,dinamo bucuresti,fc voluntari,2024-04-26
S6QZUBNP,RO1,univ. craiova,cfr cluj,2024-04-25
Wl44B4Fi,RO1,fc hermannstadt,petrolul,2024-04-25
hb50Cp0o,RO1,uta arad,otelul,2024-04-25
Cbrm78VI,RO1,sepsi sf. gheorghe,fcsb,2024-04-24
lGRVVi8J,RO1,farul constanta,fc rapid bucuresti,2024-04-24
veHIm1Np,RO1,u. cluj,poli iasi,2024-04-24
KAzngNaN,RO1,fc botosani,dinamo bucuresti,2024-04-23
2ZPjhsFT,RO1,fc voluntari,u craiova 1948,2024-04-23
jVrVd50b,RO1,petrolul,uta arad,2024-04-22
Y7qq8lGC,RO1,sepsi sf. gheorghe,univ. craiova,2024-04-21
YgYZePF4,RO1,otelul,u. cluj,2024-04-21
QstyAAo0,RO1,fcsb,fc rapid bucuresti,2024-04-20
tKyrf3pH,RO1,u craiova 1948,dinamo bucuresti,2024-04-20
CpXweqVA,RO1,poli iasi,fc voluntari,2024-04-20
vopu9U06,RO1,farul constanta,cfr cluj,2024-04-19
veuRcooh,RO1,fc hermannstadt,fc botosani,2024-04-19
rJjWAjWg,RO1,fc rapid bucuresti,sepsi sf. gheorghe,2024-04-15
d2hOCC1s,RO1,cfr cluj,fcsb,2024-04-14
QmPAee4O,RO1,dinamo bucuresti,poli iasi,2024-04-14
WQP6dykI,RO1,fc botosani,u craiova 1948,2024-04-14
6ssJa7Gu,RO1,u. cluj,petrolul,2024-04-13
4vOEfFJU,RO1,fc voluntari,otelul,2024-04-13
4SiSBWGm,RO1,univ. craiova,farul constanta,2024-04-12
pYuNbRVo,RO1,uta arad,fc hermannstadt,2024-04-12
zaWcbcK5,RO1,otelul,dinamo bucuresti,2024-04-08
INL2cHZB,RO1,poli iasi,u craiova 1948,2024-04-08
bRCmJEOD,RO1,fcsb,univ. craiova,2024-04-07
2XIj0Jkg,RO1,fc hermannstadt,u. cluj,2024-04-07
CUGiIYwK,RO1,fc rapid bucuresti,cfr cluj,2024-04-06
d8Xgaw5a,RO1,petrolul,fc voluntari,2024-04-06
fg6dHhgQ,RO1,sepsi sf. gheorghe,farul constanta,2024-04-05
OtKn1azm,RO1,uta arad,fc botosani,2024-04-05
jgkYsxzP,RO1,dinamo bucuresti,petrolul,2024-04-01
ldVddiH0,RO1,farul constanta,fcsb,2024-03-31
C2jUrIKI,RO1,u craiova 1948,otelul,2024-03-31
6XP1eBW6,RO1,univ. craiova,fc rapid bucuresti,2024-03-30
tIUs2uLt,RO1,u. cluj,uta arad,2024-03-30
fRePqb5C,RO1,fc botosani,poli iasi,2024-03-30
pOO5fVoD,RO1,sepsi sf. gheorghe,cfr cluj,2024-03-29
4dwG6LCP,RO1,fc voluntari,fc hermannstadt,2024-03-29
GzcLpvj6,RO1,petrolul,u craiova 1948,2024-03-18
MDcHoKz0,RO1,uta arad,fc voluntari,2024-03-18
48TpagXs,RO1,fcsb,sepsi sf. gheorghe,2024-03-17
AwfDn0Lg,RO1,fc hermannstadt,dinamo bucuresti,2024-03-17
A5WhcX1f,RO1,cfr cluj,univ. craiova,2024-03-16
SE48mt6m,RO1,otelul,poli iasi,2024-03-16
GrXlbDnl,RO1,fc rapid bucuresti,farul constanta,2024-03-15
lO54lMjs,RO1,u. cluj,fc botosani,2024-03-15
Kfh0Rjls,RO1,otelul,poli iasi,2024-03-11
6Bj8PUIg,RO1,u craiova 1948,univ. craiova,2024-03-10
p2kCOlYa,RO1,fc rapid bucuresti,fcsb,2024-03-09
EDFXVWuQ,RO1,cfr cluj,fc hermannstadt,2024-03-08
boi4QA3m,RO1,dinamo bucuresti,uta arad,2024-03-08
zirPLnII,RO1,fc botosani,farul constanta,2024-03-08
tUrLMS2C,RO1,fc voluntari,u. cluj,2024-03-08
SQvHN8m6,RO1,petrolul,sepsi sf. gheorghe,2024-03-08
ClVYAV30,RO1,univ. craiova,fc rapid bucuresti,2024-03-04
8GOs99YC,RO1,sepsi sf. gheorghe,fc voluntari,2024-03-04
juUxAkJ6,RO1,fcsb,petrolul,2024-03-03
n7No8TmJ,RO1,u. cluj,fc botosani,2024-03-03
0ABTWCQJ,RO1,farul constanta,cfr cluj,2024-03-02
xINMDXJs,RO1,fc hermannstadt,otelul,2024-03-02
IRVUBBlf,RO1,uta arad,u craiova 1948,2024-03-02
KtDRCiZm,RO1,poli iasi,dinamo bucuresti,2024-03-01
Qwf4ej4D,RO1,fc voluntari,fcsb,2024-02-29
Czj0dWl7,RO1,petrolul,univ. craiova,2024-02-29
SrYnKZtE,RO1,fc botosani,sepsi sf. gheorghe,2024-02-29
IDjdcCZ0,RO1,fc rapid bucuresti,uta arad,2024-02-28
z9yeIDBQ,RO1,u. cluj,farul constanta,2024-02-28
6ZWjJgdK,RO1,otelul,cfr cluj,2024-02-27
bBzeaY4l,RO1,dinamo bucuresti,fc hermannstadt,2024-02-27
vNihbhKf,RO1,u craiova 1948,poli iasi,2024-02-27
UPH2KsYh,RO1,unirea slobozia,fc voluntari,2025-06-02
Iolp20IO,RO1,metaloglobus bucharest,poli iasi,2025-06-01
MaEfM33t,RO1,fc voluntari,unirea slobozia,2025-05-26
ALpx4MmC,RO1,poli iasi,metaloglobus bucharest,2025-05-25
KdHhO9Qr,RO1,univ. craiova,dinamo bucuresti,2025-05-24
GOA1Mmee,RO1,u. cluj,fc rapid bucuresti,2025-05-24
OCGNTV2L,RO1,cfr cluj,fcsb,2025-05-23
2cSEViY8,RO1,fc rapid bucuresti,cfr cluj,2025-05-19
jHiIfRhK,RO1,fc botosani,fc hermannstadt,2025-05-18
A1Ylk5Gs,RO1,poli iasi,petrolul,2025-05-18
bN4WWN0D,RO1,unirea slobozia,sepsi sf. gheorghe,2025-05-18
vPtK9ABk,RO1,fcsb,univ. craiova,2025-05-17
xEP5oNF6,RO1,uta arad,gloria buzau,2025-05-17
zizT7lt2,RO1,dinamo bucuresti,u. cluj,2025-05-16
Gbycmqof,RO1,otelul,farul constanta,2025-05-16
8xKnSIRG,RO1,dinamo bucuresti,fc rapid bucuresti,2025-05-12
pdMqtSwR,RO1,petrolul,otelul,2025-05-12
6DNVV0Si,RO1,u. cluj,fcsb,2025-05-11
EwRwUvc4,RO1,univ. craiova,cfr cluj,2025-05-10
xWIyrl9E,RO1,fc hermannstadt,poli iasi,2025-05-10
UTcGz61l,RO1,farul constanta,uta arad,2025-05-10
MNzkKpH7,RO1,sepsi sf. gheorghe,fc botosani,2025-05-09
2eBNYqW0,RO1,gloria buzau,unirea slobozia,2025-05-09
zXwCFurB,RO1,fcsb,dinamo bucuresti,2025-05-05
OSh2TlfL,RO1,uta arad,petrolul,2025-05-05
2D4gVAP8,RO1,otelul,fc hermannstadt,2025-05-04
fZgDDJCN,RO1,cfr cluj,u. cluj,2025-05-03
fBqYNSHr,RO1,farul constanta,gloria buzau,2025-05-03
lAxsM6ne,RO1,fc botosani,unirea slobozia,2025-05-03
QHpq8czo,RO1,univ. craiova,fc rapid bucuresti,2025-05-02
z7C777X1,RO1,poli iasi,sepsi sf. gheorghe,2025-05-02
6ineJNrn,RO1,dinamo bucuresti,cfr cluj,2025-04-28
ljtQTcl4,RO1,petrolul,farul constanta,2025-04-28
GS6oaKcU,RO1,fc rapid bucuresti,fcsb,2025-04-27
G4d69T2k,RO1,gloria buzau,fc botosani,2025-04-27
2Ju4H1Db,RO1,u. cluj,univ. craiova,2025-04-26
tQxIVJJi,RO1,fc hermannstadt,uta arad,2025-04-26
0UaV7GRp,RO1,sepsi sf. gheorghe,otelul,2025-04-25
pIZYRyJG,RO1,unirea slobozia,poli iasi,2025-04-25
250V22b5,RO1,dinamo bucuresti,univ. craiova,2025-04-21
GO2qHK4b,RO1,petrolul,gloria buzau,2025-04-21
6w7M4OTh,RO1,fcsb,cfr cluj,2025-04-20
p4f0Dx4N,RO1,poli iasi,fc botosani,2025-04-20
fDIx1tTH,RO1,fc rapid bucuresti,u. cluj,2025-04-19
Kd9zJtzn,RO1,farul constanta,fc hermannstadt,2025-04-19
jsZQbwkU,RO1,uta arad,sepsi sf. gheorghe,2025-04-18
lx1iFbZA,RO1,otelul,unirea slobozia,2025-04-18
YP8E6pat,RO1,cfr cluj,fc rapid bucuresti,2025-04-14
M1sA2Lk5,RO1,fc botosani,otelul,2025-04-14
8rudl3qC,RO1,univ. craiova,fcsb,2025-04-13
QZm14sLh,RO1,unirea slobozia,uta arad,2025-04-13
faw4nsEO,RO1,u. cluj,dinamo bucuresti,2025-04-12
EeYp2ivP,RO1,sepsi sf. gheorghe,farul constanta,2025-04-12
hMkg63jt,RO1,fc hermannstadt,petrolul,2025-04-11
URpI0aKH,RO1,gloria buzau,poli iasi,2025-04-11
v3muhopm,RO1,cfr cluj,univ. craiova,2025-04-07
xjwM7eAm,RO1,farul constanta,unirea slobozia,2025-04-07
nTjmjPEa,RO1,fc rapid bucuresti,dinamo bucuresti,2025-04-06
8KKcDHnQ,RO1,fc hermannstadt,gloria buzau,2025-04-06
KI68c7MP,RO1,fcsb,u. cluj,2025-04-05
pGtU5Zv0,RO1,uta arad,fc botosani,2025-04-05
GQXBkEfJ,RO1,petrolul,sepsi sf. gheorghe,2025-04-04
6VUx4D9C,RO1,otelul,poli iasi,2025-04-04
YPQDyQa6,RO1,u. cluj,cfr cluj,2025-03-31
Kbv3izQ6,RO1,gloria buzau,otelul,2025-03-31
QaN5wnVg,RO1,dinamo bucuresti,fcsb,2025-03-30
CYzegdef,RO1,poli iasi,uta arad,2025-03-30
SOJMZ3UI,RO1,fc rapid bucuresti,univ. craiova,2025-03-29
jJnneIQs,RO1,fc botosani,farul constanta,2025-03-29
WvwSkNl2,RO1,sepsi sf. gheorghe,fc hermannstadt,2025-03-28
nmLEDQt9,RO1,unirea slobozia,petrolul,2025-03-28
ChaXVScT,RO1,sepsi sf. gheorghe,gloria buzau,2025-03-17
lx99KRP7,RO1,fcsb,fc rapid bucuresti,2025-03-16
hjqWXlTG,RO1,uta arad,otelul,2025-03-16
KxoOZAb4,RO1,fc hermannstadt,unirea slobozia,2025-03-16
bo7PcGG8,RO1,cfr cluj,dinamo bucuresti,2025-03-15
OAiFyXTi,RO1,farul constanta,poli iasi,2025-03-15
4pZdu80s,RO1,univ. craiova,u. cluj,2025-03-14
d4aTDTyo,RO1,petrolul,fc botosani,2025-03-14
KlRRjmu1,RO1,uta arad,dinamo bucuresti,2025-03-10
Yii15nff,RO1,fc botosani,unirea slobozia,2025-03-10
6s7MCU1K,RO1,fcsb,univ. craiova,2025-03-09
CONJh9Al,RO1,cfr cluj,gloria buzau,2025-03-09
EmKzkR9D,RO1,fc hermannstadt,fc rapid bucuresti,2025-03-08
SjnmbVnR,RO1,petrolul,sepsi sf. gheorghe,2025-03-08
QRmg78Ps,RO1,farul constanta,u. cluj,2025-03-07
f7uA3QO6,RO1,otelul,poli iasi,2025-03-07
K474mEY8,RO1,dinamo bucuresti,fc hermannstadt,2025-03-03
8G0JPAt2,RO1,gloria buzau,uta arad,2025-03-03
tKeDoh3L,RO1,fc rapid bucuresti,fcsb,2025-03-02
KQru0iIE,RO1,poli iasi,petrolul,2025-03-02
C2nqtWQr,RO1,univ. craiova,farul constanta,2025-03-01
8UuhvAee,RO1,u. cluj,fc botosani,2025-03-01
Cl7ARWBk,RO1,sepsi sf. gheorghe,cfr cluj,2025-02-28
trv0xlQ7,RO1,unirea slobozia,otelul,2025-02-28
pEmTEgSq,RO1,farul constanta,fc rapid bucuresti,2025-02-24
O0vvypqn,RO1,uta arad,sepsi sf. gheorghe,2025-02-24
jDVfX1rB,RO1,fcsb,dinamo bucuresti,2025-02-23
GILvXhlS,RO1,unirea slobozia,poli iasi,2025-02-23
KjSVYEJF,RO1,cfr cluj,petrolul,2025-02-22
hviyDXdd,RO1,fc botosani,univ. craiova,2025-02-22
YZTNzyk3,RO1,otelul,u. cluj,2025-02-21
IaXnZNDb,RO1,fc hermannstadt,gloria buzau,2025-02-21
b9OeOD2B,RO1,farul constanta,metaloglobus bucharest,2026-05-18
xxeRMLr4,RO1,fc hermannstadt,fcsb,2026-05-18
6ZR3MiXN,RO1,petrolul,otelul,2026-05-18
WvhJOsEi,RO1,unirea slobozia,uta arad,2026-05-18
8EjLLItT,RO1,univ. craiova,u. cluj,2026-05-17
vcsiGd4j,RO1,dinamo bucuresti,cfr cluj,2026-05-16
25DZGVfo,RO1,csikszereda m. ciuc,fc botosani,2026-05-16
63Zxv0dc,RO1,fc arges,fc rapid bucuresti,2026-05-15
fuUO9EmI,RO1,fcsb,unirea slobozia,2026-05-11
MRVGBzJ5,RO1,metaloglobus bucharest,fc hermannstadt,2026-05-11
z1hDNvCG,RO1,dinamo bucuresti,fc arges,2026-05-10
hUCtSe3n,RO1,fc botosani,petrolul,2026-05-10
U3k5P0s4,RO1,u. cluj,fc rapid bucuresti,2026-05-09
QsBlQZXb,RO1,otelul,farul constanta,2026-05-09
MwncRMCi,RO1,cfr cluj,univ. craiova,2026-05-08
25XW7hIU,RO1,uta arad,csikszereda m. ciuc,2026-05-08
dYLsPWVN,RO1,fc rapid bucuresti,cfr cluj,2026-05-04
GUS8Ddlg,RO1,unirea slobozia,fc hermannstadt,2026-05-04
AHNZQh1B,RO1,univ. craiova,dinamo bucuresti,2026-05-03
IyEk81CD,RO1,petrolul,uta arad,2026-05-03
SGCDJAgo,RO1,u. cluj,fc arges,2026-05-02
ABAsANs1,RO1,farul constanta,fc botosani,2026-05-02
OfCZBqDl,RO1,otelul,metaloglobus bucharest,2026-05-02
84P0FIJt,RO1,csikszereda m. ciuc,fcsb,2026-05-01
vFtAAXGU,RO1,fc arges,univ. craiova,2026-04-27
SWEfa6Tr,RO1,metaloglobus bucharest,unirea slobozia,2026-04-27
UwMJUz2n,RO1,dinamo bucuresti,fc rapid bucuresti,2026-04-26
KbNeJRKE,RO1,uta arad,farul constanta,2026-04-26
x4PRSEWb,RO1,cfr cluj,u. cluj,2026-04-25
SOQ3H5kR,RO1,fc botosani,otelul,2026-04-25
hhV9eOS7,RO1,fcsb,petrolul,2026-04-24
KvX1cpbe,RO1,fc hermannstadt,csikszereda m. ciuc,2026-04-24
dUXUroq2,RO1,farul constanta,fcsb,2026-04-20
EslijTjS,RO1,fc botosani,metaloglobus bucharest,2026-04-20
6TMnGymg,RO1,univ. craiova,fc rapid bucuresti,2026-04-19
OzQG6ly9,RO1,petrolul,fc hermannstadt,2026-04-19
EgQfEFH5,RO1,dinamo bucuresti,u. cluj,2026-04-18
dlOO4S5L,RO1,csikszereda m. ciuc,unirea slobozia,2026-04-18
61r2CgnI,RO1,fc arges,cfr cluj,2026-04-17
ADZMp7Ek,RO1,otelul,uta arad,2026-04-17
dzoNaG2C,RO1,u. cluj,univ. craiova,2026-04-13
YFOvIcIt,RO1,fc rapid bucuresti,fc arges,2026-04-13
UH0Bwj7M,RO1,metaloglobus bucharest,csikszereda m. ciuc,2026-04-13
riqVcfXO,RO1,cfr cluj,dinamo bucuresti,2026-04-12
00isYTUq,RO1,unirea slobozia,petrolul,2026-04-12
bisyfBi3,RO1,fcsb,otelul,2026-04-11
6HpqhkMF,RO1,uta arad,fc botosani,2026-04-11
6cfkW7ad,RO1,fc hermannstadt,farul constanta,2026-04-10
AcHZL6JE,RO1,univ. craiova,cfr cluj,2026-04-06
d423uCxA,RO1,petrolul,csikszereda m. ciuc,2026-04-06
Gdq73b3m,RO1,fc rapid bucuresti,u. cluj,2026-04-05
lvaesY7c,RO1,farul constanta,unirea slobozia,2026-04-05
IJWUwa15,RO1,uta arad,metaloglobus bucharest,2026-04-05
OMnF1xYa,RO1,fc arges,dinamo bucuresti,2026-04-04
dWdAJUFj,RO1,otelul,fc hermannstadt,2026-04-04
QqzwxwWH,RO1,fc botosani,fcsb,2026-04-03
lpj5NwHO,RO1,unirea slobozia,otelul,2026-03-23
xtVEss2t,RO1,fc hermannstadt,fc botosani,2026-03-22
I3Umb3R7,RO1,fc arges,u. cluj,2026-03-21
tKncPanC,RO1,csikszereda m. ciuc,farul constanta,2026-03-21
86lkRLHa,RO1,metaloglobus bucharest,petrolul,2026-03-21
C6Ru0Pde,RO1,cfr cluj,fc rapid bucuresti,2026-03-20
AgTMuLWh,RO1,fcsb,uta arad,2026-03-20
4tOX1oSr,RO1,dinamo bucuresti,univ. craiova,2026-03-19
8Ax2774L,RO1,u. cluj,cfr cluj,2026-03-16
Yo1GNoGF,RO1,fc botosani,unirea slobozia,2026-03-16
nBCE3QOq,RO1,fcsb,metaloglobus bucharest,2026-03-15
KOAM14gd,RO1,farul constanta,petrolul,2026-03-15
0pZg9TZ8,RO1,fc rapid bucuresti,dinamo bucuresti,2026-03-14
GSLr9n1M,RO1,otelul,csikszereda m. ciuc,2026-03-14
8xX8oQs2,RO1,univ. craiova,fc arges,2026-03-13
QLc8P7o3,RO1,uta arad,fc hermannstadt,2026-03-13
xxOq68ZQ,RO1,cfr cluj,dinamo bucuresti,2026-03-09
EHHNbQR0,RO1,fc rapid bucuresti,univ. craiova,2026-03-08
h2TE0ncl,RO1,fc arges,unirea slobozia,2026-03-08
hlltnmre,RO1,otelul,fc hermannstadt,2026-03-08
6XkYm9Dr,RO1,fcsb,u. cluj,2026-03-07
lGskpRC7,RO1,fc botosani,petrolul,2026-03-07
MaE1gVkL,RO1,metaloglobus bucharest,uta arad,2026-03-07
tAUz8U4E,RO1,csikszereda m. ciuc,farul constanta,2026-03-06
bRS6XmT1,RO1,unirea slobozia,fc rapid bucuresti,2026-03-02
8OAawJaN,RO1,uta arad,fcsb,2026-03-01
QDUbZ9bk,RO1,dinamo bucuresti,fc arges,2026-03-01
QF9Igvp4,RO1,petrolul,csikszereda m. ciuc,2026-03-01
YuDQiIEG,RO1,farul constanta,cfr cluj,2026-02-28
EZAgeiL8,RO1,univ. craiova,metaloglobus bucharest,2026-02-28
xfTNXdNp,RO1,u. cluj,otelul,2026-02-27
40L9e0Fi,RO1,fc hermannstadt,fc botosani,2026-02-27
vqJrs10b,RO1,fcsb,metaloglobus bucharest,2026-02-23
OC6BrgK5,RO1,csikszereda m. ciuc,fc hermannstadt,2026-02-23
zBCiuuVA,RO1,unirea slobozia,univ. craiova,2026-02-22
Qy3SvBJU,RO1,fc arges,farul constanta,2026-02-22
WIFzqNVo,RO1,fc rapid bucuresti,dinamo bucuresti,2026-02-21
Kv0KtXlI,RO1,cfr cluj,petrolul,2026-02-21
ja83pFkg,RO1,fc botosani,u. cluj,2026-02-20
fXEfnyLt,RO1,otelul,uta arad,2026-02-20
42jxUg5C,RO1,dinamo bucuresti,unirea slobozia,2026-02-16
4lB3FfjJ,RO1,fc hermannstadt,cfr cluj,2026-02-16
QHvoSXZO,RO1,univ. craiova,fcsb,2026-02-15
0AgLXy6m,RO1,farul constanta,fc rapid bucuresti,2026-02-15
z9JnJxif,RO1,uta arad,fc botosani,2026-02-15
dO7eHGL6,RO1,u. cluj,csikszereda m. ciuc,2026-02-14
dxmUVFz0,RO1,metaloglobus bucharest,otelul,2026-02-14
UcHgCGwA,RS1,novi pazar,imt novi beograd,2022-05-29
MXDoEx9c,RS1,radnicki 1923,zeleznicar pancevo,2022-05-29
GfDkDdO3,RS1,imt novi beograd,novi pazar,2022-05-25
rsFsFIgi,RS1,zeleznicar pancevo,radnicki 1923,2022-05-25
xv72SlyB,RS1,crvena zvezda,vozdovac,2022-05-22
fF17R8jH,RS1,partizan,radnicki nis,2022-05-22
Q1Ov90zj,RS1,tsc,vojvodina,2022-05-22
n9MX4lvt,RS1,mladost,sp. subotica,2022-05-20
fZPu3S8h,RS1,proleter,novi pazar,2022-05-20
0CQy48gn,RS1,radnicki 1923,metalac,2022-05-20
WvPzAtLq,RS1,cukaricki,napredak,2022-05-19
YPOq2nOb,RS1,radnik,kolubara,2022-05-19
4Q8fUA6b,RS1,vozdovac,partizan,2022-05-16
8bFoWWyn,RS1,napredak,crvena zvezda,2022-05-15
bm8bTUL4,RS1,vojvodina,cukaricki,2022-05-15
8vLLcXWC,RS1,novi pazar,radnik,2022-05-15
0EHDag20,RS1,metalac,mladost,2022-05-14
v5GHbDH6,RS1,sp. subotica,radnicki 1923,2022-05-14
nVJPdinJ,RS1,kolubara,proleter,2022-05-14
jN4jVjih,RS1,radnicki nis,tsc,2022-05-13
U7GsXCMu,RS1,cukaricki,vozdovac,2022-05-09
AqwZ6yAQ,RS1,mladost,radnik,2022-05-08
ChP02eIs,RS1,sp. subotica,kolubara,2022-05-08
6FO41FXm,RS1,radnicki 1923,proleter,2022-05-08
IkS80Znf,RS1,metalac,novi pazar,2022-05-07
WIyUDkMH,RS1,crvena zvezda,radnicki nis,2022-05-07
hYPxCTjU,RS1,partizan,vojvodina,2022-05-07
EsRYC9yO,RS1,tsc,napredak,2022-05-06
p2ZHGixa,RS1,cukaricki,radnicki nis,2022-05-02
EHqQ8cuE,RS1,proleter,metalac,2022-05-02
0EerpE2D,RS1,radnik,sp. subotica,2022-05-02
OhYLFBi5,RS1,napredak,partizan,2022-05-01
IFXPEV6B,RS1,tsc,vozdovac,2022-05-01
SQvDHXMh,RS1,vojvodina,crvena zvezda,2022-05-01
nBivofm7,RS1,kolubara,mladost,2022-04-30
h8rU7HfK,RS1,novi pazar,radnicki 1923,2022-04-30
4n2ZozY0,RS1,sp. subotica,proleter,2022-04-28
Qe3VnGIf,RS1,radnik,metalac,2022-04-28
GnPdFstP,RS1,crvena zvezda,cukaricki,2022-04-27
lzt9ID7n,RS1,vozdovac,napredak,2022-04-27
fDt5Jght,RS1,partizan,tsc,2022-04-27
vu5Nlxlr,RS1,mladost,radnicki 1923,2022-04-26
KKkwOZqP,RS1,radnicki nis,vojvodina,2022-04-26
IV3Rmd3l,RS1,kolubara,novi pazar,2022-04-26
8MLlH3BC,RS1,vozdovac,vojvodina,2022-04-21
YcSfgIuR,RS1,metalac,sp. subotica,2022-04-21
nsQrdKe8,RS1,novi pazar,mladost,2022-04-21
QXOnevBE,RS1,radnicki 1923,kolubara,2022-04-21
xdQhGNQI,RS1,napredak,radnicki nis,2022-04-20
UVMpIqd6,RS1,partizan,cukaricki,2022-04-20
KfOjfbQK,RS1,proleter,radnik,2022-04-20
n7XuJPt0,RS1,tsc,crvena zvezda,2022-04-20
Ue6yi7c7,RS1,vojvodina,napredak,2022-04-17
WYsdYG31,RS1,kolubara,metalac,2022-04-17
xCrhZdle,RS1,sp. subotica,novi pazar,2022-04-17
v7DOg9Dl,RS1,crvena zvezda,partizan,2022-04-16
IemIMJ4k,RS1,mladost,proleter,2022-04-16
MV2ThTSf,RS1,cukaricki,tsc,2022-04-16
zZ6Ximr1,RS1,radnicki nis,vozdovac,2022-04-15
xb3JKcZ1,RS1,radnik,radnicki 1923,2022-04-15
GUPxGx8D,RS1,napredak,metalac,2022-04-11
xvRYGIh7,RS1,radnik,novi pazar,2022-04-11
nkYLJK8l,RS1,vojvodina,proleter,2022-04-11
tCXPIvOf,RS1,cukaricki,partizan,2022-04-10
lzthMDUn,RS1,crvena zvezda,radnicki 1923,2022-04-10
fFyUHbw1,RS1,tsc,vozdovac,2022-04-10
6BjmNgFt,RS1,mladost,radnicki nis,2022-04-09
UoTJvMpE,RS1,sp. subotica,kolubara,2022-04-09
8bZHK0gr,RS1,proleter,cukaricki,2022-04-04
lEhoQMVK,RS1,vozdovac,radnik,2022-04-04
rHkwSr18,RS1,metalac,sp. subotica,2022-04-02
2LCj4u91,RS1,radnicki nis,crvena zvezda,2022-04-02
S4ikPtoR,RS1,partizan,tsc,2022-04-02
Yo8n5Lge,RS1,radnicki 1923,vojvodina,2022-04-02
tCBf3aO7,RS1,kolubara,mladost,2022-04-01
figsR2GE,RS1,novi pazar,napredak,2022-04-01
MoD6EPW8,RS1,radnik,partizan,2022-03-21
CWJw7sPr,RS1,crvena zvezda,kolubara,2022-03-20
zBSBBNGR,RS1,mladost,metalac,2022-03-20
tlT7C31L,RS1,sp. subotica,novi pazar,2022-03-20
UiQKjMv2,RS1,vojvodina,cukaricki,2022-03-19
2cU3DqnF,RS1,napredak,vozdovac,2022-03-19
fe9r61vk,RS1,radnicki 1923,radnicki nis,2022-03-19
reE2F5H2,RS1,tsc,proleter,2022-03-18
tSiXaQHF,RS1,metalac,crvena zvezda,2022-03-14
OjsxapXL,RS1,novi pazar,mladost,2022-03-14
2sttb4nS,RS1,vozdovac,sp. subotica,2022-03-13
fZX7gOfq,RS1,partizan,napredak,2022-03-13
rsZT0629,RS1,kolubara,radnicki 1923,2022-03-13
GlMGi2Pe,RS1,cukaricki,tsc,2022-03-12
lKZP1nm3,RS1,radnicki nis,vojvodina,2022-03-12
YPWBhrAk,RS1,proleter,radnik,2022-03-12
0bgVu5Qq,RS1,mladost,vozdovac,2022-03-08
ATzM2SXd,RS1,radnicki nis,kolubara,2022-03-07
tECboR2M,RS1,napredak,proleter,2022-03-07
2NDfn7mG,RS1,radnik,cukaricki,2022-03-07
YBiwvqed,RS1,radnicki 1923,metalac,2022-03-07
fcEjmmY9,RS1,vojvodina,tsc,2022-03-06
fLhZvPuj,RS1,crvena zvezda,novi pazar,2022-03-06
Ox23poIS,RS1,sp. subotica,partizan,2022-03-06
6yYeR5Bj,RS1,partizan,mladost,2022-03-03
SpZiSodp,RS1,vozdovac,crvena zvezda,2022-03-03
YsQsk93c,RS1,cukaricki,napredak,2022-03-02
vNHFozc5,RS1,kolubara,vojvodina,2022-03-02
YqHJpfCB,RS1,metalac,radnicki nis,2022-03-02
G6FnlTI3,RS1,tsc,radnik,2022-03-02
SCuzb3Nk,RS1,radnicki nis,fk indjija,2023-06-04
Iwf43PaS,RS1,radnik,graficar beograd,2023-06-04
vme045pM,RS1,graficar beograd,radnik,2023-05-31
lMtWbq8q,RS1,fk indjija,radnicki nis,2023-05-31
tj2Yhygq,RS1,crvena zvezda,novi pazar,2023-05-28
lG5tiFNe,RS1,cukaricki,radnicki 1923,2023-05-28
Kt1xhe8k,RS1,tsc,vojvodina,2023-05-28
S64pjZx2,RS1,partizan,vozdovac,2023-05-27
xO0Brmz8,RS1,kolubara,radnicki nis,2023-05-27
pQs25AsL,RS1,mladost,mladost gat,2023-05-27
21hc6jSE,RS1,napredak,javor,2023-05-27
jRlg7WC8,RS1,sp. subotica,radnik,2023-05-27
bX17qTK1,RS1,javor,mladost,2023-05-22
td72p95e,RS1,mladost gat,napredak,2023-05-22
258bokjk,RS1,radnicki nis,sp. subotica,2023-05-22
8r9fnVzq,RS1,radnik,kolubara,2023-05-22
lhNg0J09,RS1,novi pazar,tsc,2023-05-21
SrMcawGF,RS1,vozdovac,cukaricki,2023-05-21
MVjc1ao3,RS1,vojvodina,partizan,2023-05-21
ruhg2uWd,RS1,radnicki 1923,crvena zvezda,2023-05-20
A7TJhXcF,RS1,radnicki nis,javor,2023-05-15
WMHSjBSR,RS1,radnik,mladost gat,2023-05-15
lbSNiiDL,RS1,sp. subotica,mladost,2023-05-15
Y9A2uIOq,RS1,partizan,radnicki 1923,2023-05-14
GWEGgDr9,RS1,kolubara,napredak,2023-05-14
GYa7vxvj,RS1,tsc,vozdovac,2023-05-13
W0OzpbGS,RS1,crvena zvezda,vojvodina,2023-05-13
Uy4Bwdgd,RS1,cukaricki,novi pazar,2023-05-13
zyxUV9j2,RS1,mladost,radnik,2023-05-09
MXXPWkyd,RS1,napredak,radnicki nis,2023-05-09
tCVNn0W9,RS1,partizan,novi pazar,2023-05-08
dOTBk2ni,RS1,vozdovac,crvena zvezda,2023-05-08
zFSFlM1c,RS1,cukaricki,vojvodina,2023-05-08
UySJmtH3,RS1,radnicki 1923,tsc,2023-05-08
SAYLXVLk,RS1,javor,kolubara,2023-05-07
xtGCfgT2,RS1,mladost gat,sp. subotica,2023-05-07
UZhovYrM,RS1,javor,mladost gat,2023-05-02
tGoPRbfp,RS1,tsc,partizan,2023-05-01
zDgsuETF,RS1,kolubara,sp. subotica,2023-05-01
8QikwhbS,RS1,napredak,radnik,2023-04-30
AXfgXKWM,RS1,crvena zvezda,cukaricki,2023-04-30
lKZHYB6q,RS1,radnicki nis,mladost,2023-04-30
OzacWvnT,RS1,vojvodina,vozdovac,2023-04-29
K6pTQI9j,RS1,novi pazar,radnicki 1923,2023-04-29
218xy3Xc,RS1,tsc,cukaricki,2023-04-27
OxjwtfE9,RS1,radnik,radnicki nis,2023-04-27
2N1UsGqc,RS1,sp. subotica,javor,2023-04-27
tE0Ytza3,RS1,mladost,napredak,2023-04-26
KxJXyqIi,RS1,partizan,crvena zvezda,2023-04-26
th7tzNn4,RS1,novi pazar,vozdovac,2023-04-26
lI6pZt2A,RS1,radnicki 1923,vojvodina,2023-04-26
E78nJW6d,RS1,mladost gat,kolubara,2023-04-25
hWQoEuQp,RS1,cukaricki,partizan,2023-04-23
zH9rKCij,RS1,javor,radnik,2023-04-23
jNvKILHT,RS1,crvena zvezda,tsc,2023-04-22
YopFJ12N,RS1,vojvodina,novi pazar,2023-04-22
GWSBPYTS,RS1,napredak,sp. subotica,2023-04-22
M9T7QEEM,RS1,kolubara,mladost,2023-04-21
feoBKsmH,RS1,vozdovac,radnicki 1923,2023-04-21
hhKwLhxp,RS1,radnicki nis,mladost gat,2023-04-21
02mfINkI,RS1,cukaricki,partizan,2023-04-20
zJ46LgHu,RS1,radnik,napredak,2023-04-12
MBljJ3zC,RS1,radnicki nis,javor,2023-04-12
UyhbHs5O,RS1,vozdovac,tsc,2023-04-11
8Sj2G1KU,RS1,vojvodina,novi pazar,2023-04-11
MZ6IIi1b,RS1,crvena zvezda,radnicki 1923,2023-04-10
rq8EJXoh,RS1,kolubara,sp. subotica,2023-04-10
lM8AKDWo,RS1,mladost,mladost gat,2023-04-10
vmaoKqL5,RS1,javor,cukaricki,2023-04-07
YkdwM5jg,RS1,tsc,vojvodina,2023-04-07
88OG44LI,RS1,radnicki 1923,radnicki nis,2023-04-07
facZMoym,RS1,novi pazar,radnik,2023-04-06
zFG2S7DP,RS1,mladost gat,kolubara,2023-04-05
MBSK3OzP,RS1,sp. subotica,crvena zvezda,2023-04-05
SCesLP5a,RS1,partizan,vozdovac,2023-04-05
xO2UNRLt,RS1,napredak,mladost,2023-04-04
nD6KSG78,RS1,radnicki nis,cukaricki,2023-04-02
W2Xe9S6m,RS1,radnik,tsc,2023-04-02
IaTiA8is,RS1,vojvodina,partizan,2023-04-01
ngz86Qj6,RS1,crvena zvezda,mladost gat,2023-04-01
Q35ORzNE,RS1,vozdovac,javor,2023-04-01
QqZB5p6C,RS1,radnicki 1923,sp. subotica,2023-04-01
ERM08nMg,RS1,mladost,novi pazar,2023-03-31
hIL476y0,RS1,kolubara,napredak,2023-03-31
AeNy4XU7,RS1,cukaricki,vozdovac,2023-03-19
tzpgCeNR,RS1,napredak,crvena zvezda,2023-03-19
Y9toEHhF,RS1,sp. subotica,radnicki nis,2023-03-19
Q7LP6Zpk,RS1,tsc,mladost,2023-03-18
W4OX4DF1,RS1,javor,vojvodina,2023-03-18
rqWK7FVr,RS1,novi pazar,kolubara,2023-03-18
C0ukDy8L,RS1,mladost gat,radnicki 1923,2023-03-17
xrPT5g0e,RS1,partizan,radnik,2023-03-17
pl0jhzWe,RS1,kolubara,tsc,2023-03-13
4xqggGGk,RS1,mladost,partizan,2023-03-12
Ovafifo2,RS1,crvena zvezda,novi pazar,2023-03-12
f3gJaIwM,RS1,radnicki nis,vozdovac,2023-03-12
Qopkfd1q,RS1,radnik,javor,2023-03-12
joitFcw9,RS1,sp. subotica,mladost gat,2023-03-11
86cNbxgS,RS1,vojvodina,cukaricki,2023-03-11
xrmxGwO2,RS1,radnicki 1923,napredak,2023-03-11
QN1230vc,RS1,partizan,kolubara,2023-03-08
OINJvH1d,RS1,tsc,crvena zvezda,2023-03-07
U1JpoJOS,RS1,mladost gat,radnicki nis,2023-03-06
4E062Kg3,RS1,javor,mladost,2023-03-06
QX4Gucnj,RS1,novi pazar,radnicki 1923,2023-03-06
2Hbx0HMP,RS1,zeleznicar pancevo,fk indjija,2024-06-03
GOIsvz06,RS1,javor,tekstilac odzaci,2024-06-03
ANBjxEUI,RS1,fk indjija,zeleznicar pancevo,2024-05-30
8bFZudVg,RS1,tekstilac odzaci,javor,2024-05-29
0hdlGHZh,RS1,crvena zvezda,cukaricki,2024-05-25
OY5wfRIj,RS1,vojvodina,mladost,2024-05-25
dKkcEe45,RS1,partizan,radnicki 1923,2024-05-25
z7zq8ZaM,RS1,javor,zeleznicar pancevo,2024-05-24
EinzAeV9,RS1,novi pazar,radnicki nis,2024-05-24
6kRE2DNq,RS1,sp. subotica,imt novi beograd,2024-05-24
2HKN0ihd,RS1,vozdovac,radnik,2024-05-24
UXm5CZYH,RS1,tsc,napredak,2024-05-23
6yntlE8j,RS1,radnik,sp. subotica,2024-05-18
MqUSBH0c,RS1,imt novi beograd,vozdovac,2024-05-18
A50AgzoT,RS1,radnicki nis,javor,2024-05-18
Ew71edGG,RS1,zeleznicar pancevo,novi pazar,2024-05-18
OCIWczKO,RS1,cukaricki,partizan,2024-05-17
SQrsIw5t,RS1,mladost,tsc,2024-05-17
KKLF1IKa,RS1,napredak,crvena zvezda,2024-05-16
GnFOadkC,RS1,radnicki 1923,vojvodina,2024-05-16
SM8gcIo4,RS1,zeleznicar pancevo,radnik,2024-05-13
67KpavHi,RS1,javor,vozdovac,2024-05-13
v1SbyyPp,RS1,radnicki nis,imt novi beograd,2024-05-13
KGoStc1N,RS1,novi pazar,sp. subotica,2024-05-13
2qkkoczJ,RS1,vojvodina,napredak,2024-05-12
tU0tmJ56,RS1,crvena zvezda,radnicki 1923,2024-05-12
Uksy90SP,RS1,partizan,mladost,2024-05-12
n7N73vjm,RS1,tsc,cukaricki,2024-05-12
2NDEYJjD,RS1,mladost,crvena zvezda,2024-05-08
Y3cYluyf,RS1,vojvodina,cukaricki,2024-05-08
E1sXj16s,RS1,napredak,partizan,2024-05-08
IVe1dNrK,RS1,tsc,radnicki 1923,2024-05-08
h4fBpu2b,RS1,vozdovac,zeleznicar pancevo,2024-05-07
n3mKrJWA,RS1,radnik,javor,2024-05-07
pvi3n1Xo,RS1,sp. subotica,radnicki nis,2024-05-07
vcverkLU,RS1,imt novi beograd,novi pazar,2024-05-07
MkNJqpaE,RS1,crvena zvezda,tsc,2024-05-02
fcA6ztM0,RS1,cukaricki,napredak,2024-05-02
YsMcx2il,RS1,partizan,vojvodina,2024-05-02
IHGSsOTQ,RS1,radnicki 1923,mladost,2024-05-02
QJ5nnXL5,RS1,sp. subotica,zeleznicar pancevo,2024-05-01
dvEVkFMt,RS1,novi pazar,javor,2024-05-01
h67vlgig,RS1,imt novi beograd,radnik,2024-05-01
WWzmpBjI,RS1,radnicki nis,vozdovac,2024-05-01
nDrHPO7r,RS1,partizan,tsc,2024-04-28
UezYLt77,RS1,napredak,radnicki 1923,2024-04-28
SOVrrXN9,RS1,vojvodina,crvena zvezda,2024-04-28
WbcKrbFD,RS1,zeleznicar pancevo,radnicki nis,2024-04-27
4n63ntGl,RS1,javor,imt novi beograd,2024-04-27
p2PWi2hR,RS1,radnik,novi pazar,2024-04-27
YTtPN2xe,RS1,cukaricki,mladost,2024-04-26
Aq9BpKp1,RS1,vozdovac,sp. subotica,2024-04-26
6iCKs3CT,RS1,mladost,napredak,2024-04-22
ClROgONE,RS1,imt novi beograd,zeleznicar pancevo,2024-04-22
lAdLZ2Wr,RS1,novi pazar,vozdovac,2024-04-21
dtqxWKV7,RS1,radnicki nis,radnik,2024-04-21
APpUXt1e,RS1,sp. subotica,javor,2024-04-21
KbSzpggc,RS1,crvena zvezda,partizan,2024-04-20
2Ncjxszi,RS1,tsc,vojvodina,2024-04-20
ChJBqPsH,RS1,radnicki 1923,cukaricki,2024-04-20
EZvrokBg,RS1,vozdovac,radnicki 1923,2024-04-15
A1YjqTu6,RS1,mladost,imt novi beograd,2024-04-15
hQwnp9Qa,RS1,sp. subotica,javor,2024-04-15
KCuvnVem,RS1,novi pazar,radnicki nis,2024-04-15
8xxzmBts,RS1,cukaricki,partizan,2024-04-14
rFWbs7AI,RS1,crvena zvezda,zeleznicar pancevo,2024-04-14
lhXfrmeC,RS1,napredak,radnik,2024-04-14
2ea7iiYP,RS1,vojvodina,tsc,2024-04-14
0WE8Wkd0,RS1,javor,mladost,2024-04-08
0dp4ZiCs,RS1,imt novi beograd,napredak,2024-04-08
zk7LTmtJ,RS1,partizan,novi pazar,2024-04-07
db8HUTQC,RS1,radnicki nis,vozdovac,2024-04-07
bmbxvY3Q,RS1,radnik,crvena zvezda,2024-04-07
EZICV9B6,RS1,radnicki 1923,sp. subotica,2024-04-07
O403hXIJ,RS1,tsc,cukaricki,2024-04-06
4QbYvElK,RS1,zeleznicar pancevo,vojvodina,2024-04-06
ARHsIjs7,RS1,napredak,javor,2024-04-04
lIGoHAdD,RS1,crvena zvezda,imt novi beograd,2024-04-03
21EZJCCf,RS1,sp. subotica,radnicki nis,2024-04-03
KxPUKhcl,RS1,vozdovac,partizan,2024-04-03
thDwJWR0,RS1,mladost,radnicki 1923,2024-04-03
jNfUufZD,RS1,zeleznicar pancevo,radnik,2024-04-02
G6ccw1DF,RS1,vojvodina,cukaricki,2024-04-02
82LQLYsr,RS1,novi pazar,tsc,2024-04-02
tl5pt3Td,RS1,partizan,sp. subotica,2024-03-30
WINgJuMq,RS1,javor,crvena zvezda,2024-03-30
EsDbIayj,RS1,radnicki 1923,napredak,2024-03-30
SpH2HJjd,RS1,radnicki nis,mladost,2024-03-30
U9ySNLDS,RS1,imt novi beograd,zeleznicar pancevo,2024-03-29
Kv4luNr3,RS1,tsc,vozdovac,2024-03-29
MqxOO1bM,RS1,radnik,vojvodina,2024-03-29
xGbgvsb9,RS1,cukaricki,novi pazar,2024-03-29
h4p7Sqac,RS1,napredak,radnicki nis,2024-03-17
0UmFQNT9,RS1,zeleznicar pancevo,javor,2024-03-17
nRqBR3E3,RS1,crvena zvezda,radnicki 1923,2024-03-17
EDo3TPqi,RS1,mladost,partizan,2024-03-17
tQGlA2qT,RS1,vojvodina,novi pazar,2024-03-16
xd2K4t7j,RS1,sp. subotica,tsc,2024-03-16
b53G5Mip,RS1,vozdovac,cukaricki,2024-03-16
rgwKPsqG,RS1,radnik,imt novi beograd,2024-03-16
Ea6UEQUc,RS1,radnicki nis,crvena zvezda,2024-03-13
hj5YDpp4,RS1,partizan,napredak,2024-03-13
WzHPF6Fi,RS1,radnicki 1923,zeleznicar pancevo,2024-03-13
4UOwh3Np,RS1,imt novi beograd,vojvodina,2024-03-12
IXCLGn0o,RS1,javor,radnik,2024-03-12
0G8tCOEG,RS1,cukaricki,sp. subotica,2024-03-12
ruboBrUM,RS1,novi pazar,vozdovac,2024-03-12
MP9xD4aA,RS1,tsc,mladost,2024-03-12
zizX7yiC,RS1,napredak,mladost gat,2025-06-01
nV3kQI6t,RS1,radnicki nis,macva,2025-06-01
rHwu6FLO,RS1,macva,radnicki nis,2025-05-28
vPtO9cMa,RS1,mladost gat,napredak,2025-05-28
Speyo3l3,RS1,ofk beograd mozzart bet,novi pazar,2025-05-25
CxDlNadd,RS1,partizan,vojvodina,2025-05-25
KvY9Us4M,RS1,radnicki 1923,tsc,2025-05-25
vPEtPLRq,RS1,crvena zvezda,mladost,2025-05-24
z78XRrqH,RS1,imt novi beograd,napredak,2025-05-24
GGGuQMDT,RS1,radnicki nis,jedinstvo u.,2025-05-24
St5PT4E4,RS1,sp. subotica,tekstilac odzaci,2025-05-24
6RGGVQqh,RS1,cukaricki,zeleznicar pancevo,2025-05-23
d0L5DqUN,RS1,jedinstvo u.,imt novi beograd,2025-05-18
vLOU7Nio,RS1,napredak,radnicki nis,2025-05-18
OnNcF5aB,RS1,tekstilac odzaci,cukaricki,2025-05-18
SKTlHRUb,RS1,zeleznicar pancevo,sp. subotica,2025-05-18
C8ogYP4c,RS1,mladost,partizan,2025-05-17
QHCzGrkT,RS1,novi pazar,crvena zvezda,2025-05-17
p2g7AMCj,RS1,tsc,ofk beograd mozzart bet,2025-05-17
YNZ1W3Z9,RS1,vojvodina,radnicki 1923,2025-05-17
EH3F2SF5,RS1,zeleznicar pancevo,napredak,2025-05-12
KfQtJm0n,RS1,cukaricki,imt novi beograd,2025-05-12
b5LJJQk4,RS1,partizan,tsc,2025-05-11
AquPcqTp,RS1,crvena zvezda,vojvodina,2025-05-11
AqcO06pI,RS1,sp. subotica,radnicki nis,2025-05-11
h4ESH4KG,RS1,ofk beograd mozzart bet,mladost,2025-05-11
juIBLnLi,RS1,radnicki 1923,novi pazar,2025-05-10
Gt0WbpFU,RS1,tekstilac odzaci,jedinstvo u.,2025-05-10
4pDiGiqC,RS1,radnicki 1923,mladost,2025-05-04
bXsiIDEa,RS1,novi pazar,partizan,2025-05-04
t4574log,RS1,jedinstvo u.,sp. subotica,2025-05-04
pxCb6AGt,RS1,imt novi beograd,zeleznicar pancevo,2025-05-04
8dYtlT0C,RS1,radnicki nis,tekstilac odzaci,2025-05-03
6Z2CPeMP,RS1,tsc,crvena zvezda,2025-05-03
UBMkn7VO,RS1,napredak,cukaricki,2025-05-03
QJqqKZqm,RS1,ofk beograd mozzart bet,vojvodina,2025-05-02
KxX5nGP7,RS1,zeleznicar pancevo,radnicki nis,2025-04-28
vTAQ1hUI,RS1,mladost,novi pazar,2025-04-28
YHEhAJHE,RS1,cukaricki,sp. subotica,2025-04-28
44yQiB1m,RS1,napredak,jedinstvo u.,2025-04-28
IDMH3Ea6,RS1,vojvodina,tsc,2025-04-27
GlQ07d0s,RS1,partizan,radnicki 1923,2025-04-27
CGJ95zVg,RS1,crvena zvezda,ofk beograd mozzart bet,2025-04-27
0WUYkkWa,RS1,imt novi beograd,tekstilac odzaci,2025-04-26
0CYHctY8,RS1,jedinstvo u.,cukaricki,2025-04-24
jcukjbQr,RS1,sp. subotica,napredak,2025-04-24
fBNT8lKl,RS1,radnicki 1923,crvena zvezda,2025-04-23
GQBx7Sl1,RS1,partizan,ofk beograd mozzart bet,2025-04-23
2sAp56JD,RS1,mladost,tsc,2025-04-23
KIvVCIxK,RS1,novi pazar,vojvodina,2025-04-23
KElJeK2L,RS1,tekstilac odzaci,zeleznicar pancevo,2025-04-22
CCTclxee,RS1,radnicki nis,imt novi beograd,2025-04-22
8IoWZxt2,RS1,zeleznicar pancevo,jedinstvo u.,2025-04-14
CjhNyaBk,RS1,napredak,tekstilac odzaci,2025-04-14
t81isLmS,RS1,imt novi beograd,sp. subotica,2025-04-13
OSWcEAdR,RS1,vojvodina,mladost,2025-04-13
S0wkGWRE,RS1,tsc,novi pazar,2025-04-13
KhDrqsJF,RS1,cukaricki,radnicki nis,2025-04-13
z7j3hTZ7,RS1,crvena zvezda,partizan,2025-04-12
fcrefk5e,RS1,ofk beograd mozzart bet,radnicki 1923,2025-04-12
GldEaJFd,RS1,cukaricki,imt novi beograd,2025-04-07
Cjf73mYR,RS1,mladost,vojvodina,2025-04-07
rB2j7VY2,RS1,novi pazar,radnicki nis,2025-04-07
ryb61uop,RS1,tsc,zeleznicar pancevo,2025-04-07
GQDR8NhA,RS1,jedinstvo u.,napredak,2025-04-06
rZpwbRek,RS1,crvena zvezda,ofk beograd mozzart bet,2025-04-06
OjHZ61NM,RS1,radnicki 1923,partizan,2025-04-06
jy6b593F,RS1,tekstilac odzaci,sp. subotica,2025-04-05
Ami0h28T,RS1,zeleznicar pancevo,cukaricki,2025-03-30
fi1yb6vh,RS1,sp. subotica,mladost,2025-03-30
rDXIuPON,RS1,ofk beograd mozzart bet,jedinstvo u.,2025-03-30
fBPIAqOc,RS1,napredak,radnicki 1923,2025-03-29
EeOlz3no,RS1,vojvodina,crvena zvezda,2025-03-29
UXXWntWj,RS1,partizan,tsc,2025-03-29
t8aqdp94,RS1,radnicki nis,tekstilac odzaci,2025-03-29
xzghfOwH,RS1,imt novi beograd,novi pazar,2025-03-28
nTSZuYI6,RS1,novi pazar,zeleznicar pancevo,2025-03-17
YNXgoTfn,RS1,mladost,radnicki nis,2025-03-16
v3PRsflf,RS1,cukaricki,partizan,2025-03-16
novAsofB,RS1,ofk beograd mozzart bet,vojvodina,2025-03-16
EXu2q7Pb,RS1,crvena zvezda,sp. subotica,2025-03-16
K09QqGJs,RS1,tsc,napredak,2025-03-16
8rHrvCmJ,RS1,tekstilac odzaci,imt novi beograd,2025-03-15
OUNfkxdK,RS1,jedinstvo u.,radnicki 1923,2025-03-14
ppf4pg9a,RS1,ofk beograd mozzart bet,zeleznicar pancevo,2025-03-12
hCAAIwLr,RS1,vojvodina,jedinstvo u.,2025-03-09
Ea4CxaCE,RS1,imt novi beograd,mladost,2025-03-09
8Mu8RY3D,RS1,radnicki 1923,tsc,2025-03-08
vsliVG4l,RS1,partizan,novi pazar,2025-03-08
M5HQEeK7,RS1,radnicki nis,crvena zvezda,2025-03-08
0dx0TfZ0,RS1,napredak,cukaricki,2025-03-08
ARcLzwsR,RS1,zeleznicar pancevo,tekstilac odzaci,2025-03-07
QwOHGHke,RS1,sp. subotica,ofk beograd mozzart bet,2025-03-07
QeHmDrq3,RS1,cukaricki,radnicki 1923,2025-03-03
Chky4v6k,RS1,mladost,zeleznicar pancevo,2025-03-03
nB5dBMDF,RS1,novi pazar,napredak,2025-03-03
bkP1kuid,RS1,jedinstvo u.,tsc,2025-03-03
8vZwOacL,RS1,vojvodina,sp. subotica,2025-03-02
p6mq2Iz2,RS1,crvena zvezda,imt novi beograd,2025-03-02
fy9490rS,RS1,tekstilac odzaci,partizan,2025-03-02
0EVVPLS8,RS1,ofk beograd mozzart bet,radnicki nis,2025-03-02
vm90i1Mq,RS1,tsc,cukaricki,2025-02-27
CYhKBV7b,RS1,radnicki 1923,novi pazar,2025-02-27
48kCDiwn,RS1,napredak,tekstilac odzaci,2025-02-27
h6v7qWUb,RS1,ofk beograd mozzart bet,vojvodina,2026-05-17
UT0kRlFU,RS1,radnik,crvena zvezda,2026-05-17
ptyaoh0n,RS1,novi pazar,zeleznicar pancevo,2026-05-17
0WsFsAaB,RS1,cukaricki,partizan,2026-05-17
2etquWe3,RS1,javor,mladost,2026-05-16
dbgcHS3d,RS1,napredak,radnicki 1923,2026-05-16
IoTHyckB,RS1,sp. subotica,imt novi beograd,2026-05-16
OpekJlZq,RS1,tsc,radnicki nis,2026-05-16
fyUpNczI,RS1,imt novi beograd,radnicki 1923,2026-05-10
x8R1uujn,RS1,radnicki nis,mladost,2026-05-10
ALP9wJKb,RS1,sp. subotica,napredak,2026-05-10
21XhLy5U,RS1,tsc,javor,2026-05-10
OWcsTApI,RS1,partizan,ofk beograd mozzart bet,2026-05-09
zThJYEGt,RS1,crvena zvezda,novi pazar,2026-05-09
rgdRWhog,RS1,zeleznicar pancevo,radnik,2026-05-09
G6fZUWF5,RS1,vojvodina,cukaricki,2026-05-08
YPZMz2nR,RS1,cukaricki,crvena zvezda,2026-05-04
CYT0TJv1,RS1,radnik,vojvodina,2026-05-04
CUgD8bLO,RS1,javor,imt novi beograd,2026-05-03
EcSUQuyg,RS1,mladost,sp. subotica,2026-05-03
MNVxPJ55,RS1,napredak,radnicki nis,2026-05-03
StUMS16t,RS1,radnicki 1923,tsc,2026-05-03
48QhVuAl,RS1,partizan,novi pazar,2026-05-02
pnS8Rc9D,RS1,zeleznicar pancevo,ofk beograd mozzart bet,2026-05-02
44j5AKjC,RS1,tsc,mladost,2026-04-27
OQlkE2im,RS1,javor,napredak,2026-04-27
dvmcCtMa,RS1,radnicki 1923,sp. subotica,2026-04-27
fBbJJOTP,RS1,imt novi beograd,radnicki nis,2026-04-27
zZqTEKP7,RS1,vojvodina,zeleznicar pancevo,2026-04-26
ferDI2Qr,RS1,crvena zvezda,partizan,2026-04-26
S8tLGtee,RS1,novi pazar,cukaricki,2026-04-26
0CyFxOHE,RS1,ofk beograd mozzart bet,radnik,2026-04-26
fi8Pcs76,RS1,mladost,radnicki 1923,2026-04-23
S46XeLyJ,RS1,sp. subotica,tsc,2026-04-23
EaiA1P7s,RS1,napredak,imt novi beograd,2026-04-23
nR4Ha3xf,RS1,radnicki nis,javor,2026-04-23
xx3u43Bk,RS1,zeleznicar pancevo,crvena zvezda,2026-04-22
xdgZPpY8,RS1,ofk beograd mozzart bet,cukaricki,2026-04-22
OCisOO2L,RS1,radnik,novi pazar,2026-04-22
p26m2st2,RS1,vojvodina,partizan,2026-04-22
AqCxmQhl,RS1,imt novi beograd,mladost,2026-04-19
rcApo4N0,RS1,radnicki 1923,radnicki nis,2026-04-19
IT5v7opK,RS1,javor,sp. subotica,2026-04-19
jNDhqrhD,RS1,tsc,napredak,2026-04-19
tYefD7l3,RS1,partizan,zeleznicar pancevo,2026-04-18
ER38k4dd,RS1,crvena zvezda,vojvodina,2026-04-18
YuE1BoJF,RS1,novi pazar,ofk beograd mozzart bet,2026-04-18
6gC99PmS,RS1,cukaricki,radnik,2026-04-18
AH0lw6e2,RS1,crvena zvezda,sp. subotica,2026-04-09
O0x7QSBd,RS1,cukaricki,radnicki 1923,2026-04-09
x42tuSQk,RS1,ofk beograd mozzart bet,radnik,2026-04-09
SYrbSlsp,RS1,novi pazar,partizan,2026-04-09
lvUhlW33,RS1,mladost,napredak,2026-04-08
IJL9pl3S,RS1,vojvodina,radnicki nis,2026-04-08
zy4JZWlA,RS1,javor,zeleznicar pancevo,2026-04-08
AgI1nAYF,RS1,tsc,imt novi beograd,2026-04-08
MDDPDkSj,RS1,partizan,cukaricki,2026-04-05
0ppr1Cro,RS1,radnik,crvena zvezda,2026-04-05
MkVxNg54,RS1,imt novi beograd,vojvodina,2026-04-04
jVMgJB4T,RS1,radnicki 1923,mladost,2026-04-04
GC8B6YKN,RS1,sp. subotica,javor,2026-04-04
29jCygKc,RS1,zeleznicar pancevo,novi pazar,2026-04-04
f3TpLXZG,RS1,napredak,tsc,2026-04-03
SjxUOFzh,RS1,radnicki nis,ofk beograd mozzart bet,2026-04-03
t2zKAPFs,RS1,cukaricki,zeleznicar pancevo,2026-03-22
fPtz7sF6,RS1,tsc,radnicki 1923,2026-03-22
GWjfCxin,RS1,ofk beograd mozzart bet,imt novi beograd,2026-03-22
Y9hR83pf,RS1,mladost,partizan,2026-03-21
2kpr5LqJ,RS1,vojvodina,napredak,2026-03-21
lpk2AGLb,RS1,crvena zvezda,radnicki nis,2026-03-21
MHgmGohK,RS1,javor,novi pazar,2026-03-21
8n538fjB,RS1,sp. subotica,radnik,2026-03-20
fsz6388E,RS1,napredak,ofk beograd mozzart bet,2026-03-16
27wE1nwR,RS1,radnicki 1923,vojvodina,2026-03-15
vZiJu5G7,RS1,imt novi beograd,crvena zvezda,2026-03-15
YeDhf4V0,RS1,zeleznicar pancevo,mladost,2026-03-15
UN61hr0D,RS1,novi pazar,cukaricki,2026-03-15
nuFpdQ0l,RS1,partizan,tsc,2026-03-14
6LgBsRoe,RS1,radnicki nis,sp. subotica,2026-03-14
CM02qmHr,RS1,radnik,javor,2026-03-14
nsGlvhu3,RS1,mladost,novi pazar,2026-03-09
n5byVm2k,RS1,ofk beograd mozzart bet,radnicki 1923,2026-03-09
jZC5zAvS,RS1,vojvodina,partizan,2026-03-08
hITyTRW1,RS1,crvena zvezda,napredak,2026-03-08
KOLNjVO8,RS1,sp. subotica,imt novi beograd,2026-03-08
tvAWl9gL,RS1,radnik,radnicki nis,2026-03-08
6ow2Glmd,RS1,javor,cukaricki,2026-03-07
f7JdxW9F,RS1,tsc,zeleznicar pancevo,2026-03-07
vDbvOuk5,RS1,imt novi beograd,radnik,2026-03-02
8hjeKclU,RS1,radnicki 1923,crvena zvezda,2026-03-01
nw2nMJJH,RS1,napredak,sp. subotica,2026-03-01
ro5VP1Kh,RS1,radnicki nis,javor,2026-03-01
x8Q4v1Zo,RS1,partizan,ofk beograd mozzart bet,2026-02-28
YZJDxu4b,RS1,zeleznicar pancevo,vojvodina,2026-02-28
0lzfIAIq,RS1,cukaricki,mladost,2026-02-28
6mILzJYA,RS1,novi pazar,tsc,2026-02-28
xAeXCfP6,RS1,javor,mladost,2026-02-23
YyktBYgJ,RS1,tsc,cukaricki,2026-02-22
GGraRgv0,RS1,crvena zvezda,partizan,2026-02-22
xWW7PX8C,RS1,sp. subotica,radnicki 1923,2026-02-22
AX6NRNkt,RS1,radnicki nis,imt novi beograd,2026-02-22
QVySYynQ,RS1,vojvodina,novi pazar,2026-02-21
8juiTF9m,RS1,ofk beograd mozzart bet,zeleznicar pancevo,2026-02-21
pdzGNBwP,RS1,radnik,napredak,2026-02-21
8WtwVAsA,SA1,al fayha,al ettifaq,2022-06-27
Q7yrUUdG,SA1,al hilal,al-faisaly,2022-06-27
4bznTlCM,SA1,al ittihad,al batin,2022-06-27
bLZkS8RS,SA1,al nassr,al fateh,2022-06-27
YDQHNSZq,SA1,al raed,abha,2022-06-27
GxGMMnkj,SA1,al shabab,al ahli sc,2022-06-27
fTEQL64d,SA1,al taee,al hazem,2022-06-27
UurZVjS3,SA1,damac,al taawon,2022-06-27
l870HiDA,SA1,abha,al fayha,2022-06-23
2BB4GBSG,SA1,al ahli sc,al raed,2022-06-23
pz19FVsN,SA1,al batin,damac,2022-06-23
MFvRXCci,SA1,al ettifaq,al ittihad,2022-06-23
OQaDEkcT,SA1,al-faisaly,al taee,2022-06-23
tK1vA95p,SA1,al fateh,al hilal,2022-06-23
KA0r9TKj,SA1,al hazem,al nassr,2022-06-23
zJrVWWCc,SA1,al taawon,al shabab,2022-06-23
6PR1djyo,SA1,al hilal,abha,2022-05-29
Gf9hJDrb,SA1,al taee,al ittihad,2022-05-29
l8oV1CDN,SA1,al fayha,al taawon,2022-05-29
AHnR2hbH,SA1,damac,al fateh,2022-05-29
KSFqLZDo,SA1,al-faisaly,al ettifaq,2022-05-28
fo8dIXc4,SA1,al nassr,al ahli sc,2022-05-28
WWzz1WST,SA1,al raed,al shabab,2022-05-27
bJEmKgTi,SA1,al hazem,al batin,2022-05-27
SEWt5NNm,SA1,al ittihad,al hilal,2022-05-23
2JqLmMhD,SA1,al fayha,damac,2022-05-23
dWuBAq0Q,SA1,al ahli sc,abha,2022-05-22
E7j6BPpK,SA1,al fateh,al taee,2022-05-22
GMX2C5VD,SA1,al raed,al nassr,2022-05-21
buSx638s,SA1,al ettifaq,al hazem,2022-05-21
OSpHl2w7,SA1,al shabab,al-faisaly,2022-05-12
6ijCkrO0,SA1,al taawon,al batin,2022-05-12
ttF8QZ8h,SA1,al ettifaq,al hilal,2022-05-11
S0i8jO8f,SA1,al taee,al raed,2022-05-07
Ywh4i4gl,SA1,al hazem,al fayha,2022-05-07
Kzl0hpvr,SA1,damac,al hilal,2022-05-07
EgBXdQVQ,SA1,al nassr,al shabab,2022-05-06
z3CTc6GK,SA1,abha,al-faisaly,2022-05-06
SxDPbn1E,SA1,al fateh,al ittihad,2022-05-06
lnELaSo8,SA1,al batin,al ahli sc,2022-05-05
nszwyq97,SA1,al taawon,al ettifaq,2022-05-05
tSZZBzfa,SA1,al fayha,al hilal,2022-05-03
URGGsm1s,SA1,abha,al taawon,2022-03-19
SIUlnThQ,SA1,al batin,al raed,2022-03-19
YeVpm9wK,SA1,al hilal,al ahli sc,2022-03-18
KhRtlkOD,SA1,al ittihad,al hazem,2022-03-18
GK00ucKD,SA1,al taee,al shabab,2022-03-18
xU1dtw57,SA1,al nassr,al fayha,2022-03-17
8fchsJk1,SA1,damac,al ettifaq,2022-03-17
U3blraze,SA1,al-faisaly,al fateh,2022-03-17
z55upL5r,SA1,al shabab,al ittihad,2022-03-13
IPIDl1cR,SA1,al raed,al hilal,2022-03-13
vZJ9ksrL,SA1,al ahli sc,al taee,2022-03-12
McP4jNSE,SA1,al hazem,damac,2022-03-12
r7Q0i3D8,SA1,al ettifaq,al nassr,2022-03-11
U3xJSJz8,SA1,al fayha,al batin,2022-03-11
G0YETaL1,SA1,al taawon,al-faisaly,2022-03-10
YyqAUu6e,SA1,al fateh,abha,2022-03-10
nNykdw8a,SA1,al hilal,al ittihad,2022-03-08
fop6VLjk,SA1,al shabab,al batin,2022-03-05
0AV2W1yq,SA1,al raed,al fayha,2022-03-05
b1qyyrTR,SA1,al-faisaly,al hazem,2022-03-05
GxfWyODL,SA1,al ettifaq,al ahli sc,2022-03-04
2ZkSx4bF,SA1,al taawon,al fateh,2022-03-04
8CjOwpq9,SA1,abha,al taee,2022-03-04
ULiKvQT2,SA1,al nassr,al hilal,2022-03-03
h48yGti2,SA1,al ittihad,damac,2022-03-03
ED9XGMyd,SA1,al fayha,al shabab,2022-02-27
KjATH2Mk,SA1,al fateh,al ettifaq,2022-02-27
8G6PIr7q,SA1,al taee,al taawon,2022-02-27
2ZTdNObS,SA1,al batin,al-faisaly,2022-02-27
OrVhO4qM,SA1,al ahli sc,al ittihad,2022-02-26
f9QlPpUF,SA1,al hilal,al hazem,2022-02-26
GIRpQQE9,SA1,al nassr,abha,2022-02-26
YgxtR6a3,SA1,damac,al raed,2022-02-26
69NTX2Ps,SA1,al fateh,al-faisaly,2022-02-22
KjYySnpc,SA1,al ettifaq,al taee,2022-02-19
6mpf337d,SA1,damac,abha,2022-02-19
Sdoj4qhj,SA1,al-faisaly,al raed,2022-02-18
noUh5Pxp,SA1,al hazem,al fateh,2022-02-18
AL6PMi8H,SA1,al hilal,al shabab,2022-02-17
Gb7LNXhB,SA1,al ahli sc,al fayha,2022-02-17
2e3HODw5,SA1,al taawon,al ittihad,2022-02-17
KWDCPgOb,SA1,al batin,al nassr,2022-02-17
C6A4RFgn,SA1,al raed,al taawon,2022-02-12
YFB0Sevt,SA1,al taee,al batin,2022-02-12
8hpf7C8U,SA1,al ittihad,al nassr,2022-02-11
A7Rj8hgO,SA1,al fateh,al ahli sc,2022-02-11
GpSn9YwI,SA1,abha,al hazem,2022-02-11
xfTrAEOB,SA1,al fayha,al-faisaly,2022-02-10
KIYwBf95,SA1,al shabab,damac,2022-02-10
n5zWCGvg,SA1,al nassr,al taee,2022-02-06
Y1WRDdPn,SA1,al fateh,al batin,2022-02-06
jwsNExAt,SA1,abha,al ittihad,2022-02-06
lUfeJI1P,SA1,al ahli sc,al taawon,2022-02-05
MN6DfZOO,SA1,al-faisaly,damac,2022-02-05
rX79eF9I,SA1,al hazem,al shabab,2022-02-05
08I4defC,SA1,al raed,al ettifaq,2022-02-05
KbG6PhnJ,SA1,al hazem,al raed,2022-01-22
t8H2QYWC,SA1,al fayha,al taee,2022-01-22
noIbREH6,SA1,al ittihad,al-faisaly,2022-01-21
jJOkTzmf,SA1,damac,al ahli sc,2022-01-21
YsEfSf20,SA1,al taawon,al nassr,2022-01-21
CSPoUGXm,SA1,al batin,al hilal,2022-01-21
rgLsVdIs,SA1,al shabab,al fateh,2022-01-20
6TcEnPmF,SA1,al ettifaq,abha,2022-01-20
lj8zU1ne,SA1,al adalah,al ettifaq,2023-05-31
xClVkq9E,SA1,al hilal,al raed,2023-05-31
bLkRjPg8,SA1,al ittihad,al taee,2023-05-31
rD7vTL11,SA1,al khaleej,abha,2023-05-31
WYmZl3OK,SA1,al nassr,al fateh,2023-05-31
fiFRVNHr,SA1,al taawon,al batin,2023-05-31
xG4WUsXl,SA1,al wehda,al fayha,2023-05-31
M36rSuH7,SA1,damac,al shabab,2023-05-31
zmr1F2X1,SA1,abha,al hilal,2023-05-27
GpSaHO2k,SA1,al batin,al adalah,2023-05-27
ddqcGrIe,SA1,al ettifaq,al nassr,2023-05-27
ljWrvnA2,SA1,al fateh,damac,2023-05-27
hrTaz49R,SA1,al fayha,al ittihad,2023-05-27
2gzmw6P8,SA1,al raed,al khaleej,2023-05-27
O8OeypfL,SA1,al shabab,al taawon,2023-05-27
pIPixQvF,SA1,al taee,al wehda,2023-05-27
Wf1OzD3A,SA1,al ittihad,al batin,2023-05-23
xfTeI4mq,SA1,al nassr,al shabab,2023-05-23
t68BwFJi,SA1,al adalah,al hilal,2023-05-23
0AVOFBRp,SA1,al taawon,al taee,2023-05-22
2F97ve4o,SA1,al wehda,al khaleej,2023-05-22
AuDFxZYc,SA1,al ettifaq,al fateh,2023-05-22
pb5SZWIG,SA1,al fayha,al raed,2023-05-22
lWBJygl4,SA1,damac,abha,2023-05-22
CW5G7EZN,SA1,damac,al hilal,2023-05-19
21UYPekh,SA1,abha,al ettifaq,2023-05-18
ARXtOZJ4,SA1,al shabab,al wehda,2023-05-18
v7PcKiJT,SA1,al hilal,al ittihad,2023-05-16
ppQgLX3N,SA1,al taee,al nassr,2023-05-16
lIWpNgZA,SA1,al fateh,al adalah,2023-05-15
KxuUQyzn,SA1,al batin,al fayha,2023-05-15
6gRkMDlH,SA1,al khaleej,al taawon,2023-05-15
G4YxPF4b,SA1,al raed,damac,2023-05-15
U7GB8fKH,SA1,al ettifaq,al shabab,2023-05-14
G4C79z5B,SA1,al batin,al taee,2023-05-10
riEaBdza,SA1,al fayha,al fateh,2023-05-09
MsD3AGk5,SA1,al taawon,al raed,2023-05-09
tntQRHKu,SA1,al ittihad,abha,2023-05-08
QFJfCxLh,SA1,al adalah,al wehda,2023-05-08
jN4K6YlU,SA1,al nassr,al khaleej,2023-05-08
6B0WB89C,SA1,al shabab,al fateh,2023-05-03
SK1SClf6,SA1,al wehda,damac,2023-05-03
I9UKIvrP,SA1,al taawon,al ittihad,2023-05-03
h2LnEbjt,SA1,al khaleej,al ettifaq,2023-05-02
Ey4vAnvP,SA1,al taee,al fayha,2023-05-02
pdCNDUv0,SA1,abha,al adalah,2023-05-02
zo5zBSOI,SA1,al raed,al batin,2023-05-02
23a1bkuD,SA1,al fayha,al khaleej,2023-04-28
80jiLCnQ,SA1,al nassr,al raed,2023-04-28
KvAdaVP6,SA1,al ettifaq,damac,2023-04-28
xW8FFjAm,SA1,al fateh,al wehda,2023-04-28
buABGWfs,SA1,al ittihad,al shabab,2023-04-27
U9imMhXJ,SA1,al adalah,al taawon,2023-04-27
Wh8JEAPg,SA1,al taee,abha,2023-04-27
nPKjDI5n,SA1,al hilal,al nassr,2023-04-18
G635c9fJ,SA1,al batin,al hilal,2023-04-14
WjsQ8rc3,SA1,al ettifaq,al fayha,2023-04-14
WK8LcIl2,SA1,al khaleej,al shabab,2023-04-11
YN7p2Xul,SA1,al hilal,al taee,2023-04-10
jaIu3DQs,SA1,al raed,al fateh,2023-04-10
CE6l1ief,SA1,damac,al adalah,2023-04-10
tjjCKudF,SA1,al wehda,al ittihad,2023-04-09
nTj8LLt9,SA1,abha,al batin,2023-04-09
tlBh0BA0,SA1,al fayha,al nassr,2023-04-09
8xh4M1R2,SA1,al taawon,al ettifaq,2023-04-09
hU9HbbZe,SA1,al shabab,al hilal,2023-04-07
0WUx6tsM,SA1,al fateh,al khaleej,2023-04-06
vNTt50dS,SA1,abha,al taawon,2023-04-05
EFWU72C9,SA1,al batin,al wehda,2023-04-05
b7ADavKk,SA1,al taee,al raed,2023-04-05
h6VY6MRF,SA1,al adalah,al nassr,2023-04-04
Czt4SZh0,SA1,al fayha,al hilal,2023-04-04
p4690K4q,SA1,al ittihad,damac,2023-04-04
OA7GyvWD,SA1,al hilal,al khaleej,2023-04-01
QgjznLkj,SA1,al hilal,al ettifaq,2023-03-18
8IeVn1zp,SA1,al nassr,abha,2023-03-18
6993isSS,SA1,al raed,al shabab,2023-03-18
CnAahNCM,SA1,al fateh,al ittihad,2023-03-18
E1idg3cG,SA1,al wehda,al taawon,2023-03-17
4pkvou5d,SA1,al fayha,al adalah,2023-03-17
ImwM9Osc,SA1,damac,al batin,2023-03-17
Wx2ifqrA,SA1,al khaleej,al taee,2023-03-16
hWEPupTG,SA1,al adalah,al raed,2023-03-11
CYUQwOcT,SA1,al taee,damac,2023-03-11
rHLdY1Lj,SA1,al taawon,al hilal,2023-03-10
YsWMv4rN,SA1,abha,al fateh,2023-03-10
pMaucobi,SA1,al ittihad,al nassr,2023-03-09
hn3mePS3,SA1,al shabab,al fayha,2023-03-09
UDHhZs6p,SA1,al batin,al khaleej,2023-03-09
OCbqd5Dc,SA1,al ettifaq,al wehda,2023-03-09
AmcZUSEb,SA1,al hilal,al fateh,2023-03-06
KIGHs6b4,SA1,al shabab,al adalah,2023-03-04
6FCDrnqb,SA1,damac,al taawon,2023-03-04
p0O4p8Eo,SA1,al nassr,al batin,2023-03-03
CCgjRpEN,SA1,al khaleej,al ittihad,2023-03-03
OjN8qSTi,SA1,al raed,al ettifaq,2023-03-03
EuGLtQDA,SA1,al wehda,al hilal,2023-03-02
fyqeQ4TT,SA1,al fateh,al taee,2023-03-02
dpVMLOyo,SA1,al fayha,abha,2023-03-02
6FjrT6qB,SA1,damac,al nassr,2023-02-25
SOivUnU4,SA1,al batin,al ettifaq,2023-02-25
WdbVV8ah,SA1,al adalah,al khaleej,2023-02-24
xzaRWlpn,SA1,abha,al wehda,2023-02-24
CAxz7Ll3,SA1,al ahli sc,al fayha,2024-05-27
hUB4itkG,SA1,al hazem,abha,2024-05-27
Kvdqpbsj,SA1,al khaleej,al riyadh,2024-05-27
6XF8j04M,SA1,al nassr,al ittihad,2024-05-27
ld5DkKJS,SA1,al shabab,al fateh,2024-05-27
b7C0hMZ9,SA1,al taawon,al ettifaq,2024-05-27
j5iuovSq,SA1,al taee,al okhdood,2024-05-27
0zZV71Zd,SA1,al wehda,al hilal,2024-05-27
bVfmqIdd,SA1,damac,al raed,2024-05-27
SQStx1kT,SA1,abha,al khaleej,2024-05-23
tAQUv35A,SA1,al ettifaq,al shabab,2024-05-23
0EceeOki,SA1,al fateh,al hazem,2024-05-23
nB9DWvDj,SA1,al fayha,al taawon,2024-05-23
KGDdg2K3,SA1,al hilal,al taee,2024-05-23
lzUxwszN,SA1,al ittihad,damac,2024-05-23
Y759XKcp,SA1,al okhdood,al wehda,2024-05-23
K0PYwNKG,SA1,al raed,al ahli sc,2024-05-23
v5dafr5c,SA1,al riyadh,al nassr,2024-05-23
00IMtPzb,SA1,al ahli sc,abha,2024-05-18
KrEbxAqC,SA1,al hazem,al riyadh,2024-05-18
6wJIs5Li,SA1,al taawon,al shabab,2024-05-18
E5D2yUbI,SA1,al ettifaq,al okhdood,2024-05-17
jVzWJ1Tp,SA1,al nassr,al hilal,2024-05-17
boyQuqj4,SA1,damac,al fayha,2024-05-17
SnKEro6o,SA1,al khaleej,al ittihad,2024-05-16
OGKkvWEa,SA1,al wehda,al raed,2024-05-16
6uAfwjU5,SA1,al taee,al fateh,2024-05-16
pQLouCag,SA1,al shabab,al ahli sc,2024-05-11
x0Msthpm,SA1,al hilal,al hazem,2024-05-11
b9NwsYUt,SA1,al raed,al taee,2024-05-11
UgaGPWa6,SA1,al ittihad,al ettifaq,2024-05-10
QLhPNAUI,SA1,al khaleej,al wehda,2024-05-10
vPt7nf7J,SA1,abha,damac,2024-05-10
j30CQCp0,SA1,al okhdood,al nassr,2024-05-09
hSpBoEMP,SA1,al fayha,al fateh,2024-05-09
nVgLOjFC,SA1,al riyadh,al taawon,2024-05-09
fwb1G75e,SA1,al ahli sc,al hilal,2024-05-06
zXmuS447,SA1,al nassr,al wehda,2024-05-04
p6c4SYFm,SA1,al shabab,al raed,2024-05-04
dt18RhVg,SA1,al taee,al khaleej,2024-05-04
lzhqROJD,SA1,abha,al ittihad,2024-05-03
tAlyTpk1,SA1,al ettifaq,al fayha,2024-05-03
h8IPZGND,SA1,al taawon,al hilal,2024-05-03
0YLXXfhQ,SA1,al ahli sc,damac,2024-05-02
WbHTYzwK,SA1,al fateh,al riyadh,2024-05-02
2s8aTE0s,SA1,al hazem,al okhdood,2024-05-02
ravdxkSE,SA1,al khaleej,al nassr,2024-04-27
48uhwVC8,SA1,al okhdood,abha,2024-04-27
vRX4zTdR,SA1,al raed,al ettifaq,2024-04-27
d6KWVn5r,SA1,al ittihad,al shabab,2024-04-26
2JkXTQZf,SA1,al hilal,al fateh,2024-04-26
QNT0y9sL,SA1,damac,al taawon,2024-04-26
zcJzV6Kl,SA1,al riyadh,al ahli sc,2024-04-25
x2m6FRK1,SA1,al wehda,al hazem,2024-04-25
GhnAEoz8,SA1,al fayha,al taee,2024-04-25
nX8RM9SR,SA1,al ettifaq,al wehda,2024-04-20
ruCAQiT2,SA1,al hazem,al ittihad,2024-04-20
ltegITzq,SA1,al okhdood,damac,2024-04-20
j5FIOVcF,SA1,al nassr,al fayha,2024-04-19
UeEMNkDL,SA1,al riyadh,al taee,2024-04-19
tzYR18j2,SA1,al fateh,al raed,2024-04-18
r3fcHmjk,SA1,al shabab,abha,2024-04-18
drGEPBr9,SA1,al taawon,al khaleej,2024-04-18
fJZJ3ULk,SA1,abha,al fateh,2024-04-07
WxQUPKxh,SA1,al fayha,al okhdood,2024-04-07
MRIsNIMA,SA1,al raed,al hazem,2024-04-07
2qZN2lyd,SA1,al ettifaq,al riyadh,2024-04-06
S4JwOb74,SA1,al taee,al shabab,2024-04-06
hnRQQ0No,SA1,al ittihad,al taawon,2024-04-05
GSzG4A6q,SA1,al khaleej,al hilal,2024-04-05
lEKZOvhb,SA1,al wehda,al ahli sc,2024-04-05
zVMoMxxH,SA1,damac,al nassr,2024-04-05
bBnlDsgn,SA1,al fateh,al ettifaq,2024-04-03
vqwq2Hpo,SA1,al shabab,al riyadh,2024-04-03
zHsD7wNN,SA1,abha,al nassr,2024-04-02
6yjdBLNb,SA1,al fayha,al wehda,2024-04-02
IuXH6cxU,SA1,al hilal,al okhdood,2024-04-02
dQr98J7H,SA1,al taee,al taawon,2024-04-02
l0u1Auw5,SA1,al ahli sc,al ittihad,2024-04-01
hYohC18h,SA1,al hazem,damac,2024-04-01
Sjv59ahB,SA1,al raed,al khaleej,2024-04-01
SU2UdM85,SA1,al nassr,al taee,2024-03-30
KKmpENwt,SA1,al riyadh,abha,2024-03-30
dAfogv8U,SA1,al shabab,al hilal,2024-03-30
tE0IaOOn,SA1,al wehda,al fateh,2024-03-30
Oddwe0wI,SA1,al ettifaq,al ahli sc,2024-03-29
K4aMbrvg,SA1,al ittihad,al fayha,2024-03-29
AghZetOB,SA1,al okhdood,al raed,2024-03-29
lv4Qc2ga,SA1,al taawon,al hazem,2024-03-29
IJesfKhO,SA1,damac,al khaleej,2024-03-29
W2Xass9I,SA1,al fateh,al ittihad,2024-03-16
ERxerNgC,SA1,al hilal,damac,2024-03-16
SAzqoP9g,SA1,al raed,al taawon,2024-03-16
zyviq3v6,SA1,al ahli sc,al nassr,2024-03-15
OdKo5p1P,SA1,al fayha,al riyadh,2024-03-15
tEvmpqPa,SA1,al taee,al ettifaq,2024-03-15
bkBD049t,SA1,abha,al wehda,2024-03-14
AgW3t1OO,SA1,al hazem,al shabab,2024-03-14
pnovn5fm,SA1,al khaleej,al okhdood,2024-03-14
0t4EVqA6,SA1,al taawon,al ahli sc,2024-03-09
ABo5h7HJ,SA1,al ettifaq,abha,2024-03-09
QNB1YoQm,SA1,al fateh,al khaleej,2024-03-09
Mk5AWPf0,SA1,al ittihad,al okhdood,2024-03-08
l2p9iRWP,SA1,al riyadh,al hilal,2024-03-08
867MTNvJ,SA1,al taee,al hazem,2024-03-08
YHde0rG6,SA1,al ettifaq,al wehda,2025-05-26
6qIX7ZHF,SA1,al fateh,al nassr,2025-05-26
0A989ngK,SA1,al fayha,al shabab,2025-05-26
Kfju4QGs,SA1,al hilal,al qadsiah,2025-05-26
QXU5kR1l,SA1,al ittihad,damac,2025-05-26
bJEP9em3,SA1,al khaleej,al okhdood,2025-05-26
8GMMoq1D,SA1,al orubah,al taawon,2025-05-26
ClTDm5W0,SA1,al raed,al kholood,2025-05-26
C28n24of,SA1,al riyadh,al ahli sc,2025-05-26
fBiPtcJG,SA1,al ahli sc,al ettifaq,2025-05-22
bqbGrJl4,SA1,damac,al fateh,2025-05-22
pGljedY9,SA1,al okhdood,al raed,2025-05-22
hthbgz3M,SA1,al wehda,al hilal,2025-05-21
AcYUmEQq,SA1,al kholood,al fayha,2025-05-21
SOkXvylT,SA1,al nassr,al khaleej,2025-05-21
O00scI3c,SA1,al shabab,al ittihad,2025-05-20
df8eZEBj,SA1,al taawon,al riyadh,2025-05-20
rBWxnhed,SA1,al qadsiah,al orubah,2025-05-20
ptYtUJZA,SA1,al ahli sc,al kholood,2025-05-17
I5EaHtj5,SA1,al fayha,al okhdood,2025-05-17
t8RkSc4N,SA1,al ettifaq,damac,2025-05-17
QVH7FKKH,SA1,al nassr,al taawon,2025-05-16
G0tQX1zn,SA1,al orubah,al khaleej,2025-05-16
CSZYVu5b,SA1,al fateh,al hilal,2025-05-16
no6GDbkU,SA1,al raed,al ittihad,2025-05-15
ANHLMySp,SA1,al riyadh,al shabab,2025-05-15
jJf8puKi,SA1,al qadsiah,al wehda,2025-05-15
lQMrLOjt,SA1,al okhdood,al nassr,2025-05-12
lYEZTbID,SA1,al hilal,al orubah,2025-05-12
MwLjJ2Lh,SA1,al ittihad,al fayha,2025-05-11
t8BRVKm1,SA1,al taawon,al qadsiah,2025-05-11
U7GouPQE,SA1,damac,al raed,2025-05-11
KhNIXtJl,SA1,al shabab,al ahli sc,2025-05-11
tnziJs4e,SA1,al khaleej,al riyadh,2025-05-10
lAWnw3eR,SA1,al wehda,al fateh,2025-05-10
xETaHLY7,SA1,al kholood,al ettifaq,2025-05-10
rih4Sos9,SA1,al nassr,al ittihad,2025-05-07
t4TMF8c3,SA1,al ahli sc,al taawon,2025-05-07
fVB964Kk,SA1,al raed,al hilal,2025-05-07
2JHVDnSF,SA1,al qadsiah,al kholood,2025-05-02
lleCQPBL,SA1,al fayha,damac,2025-05-02
YLWrL3Zr,SA1,al ettifaq,al khaleej,2025-05-02
SrAH4rk2,SA1,al fateh,al shabab,2025-05-01
Ecyyh55d,SA1,al okhdood,al wehda,2025-05-01
zoVxCQdS,SA1,al riyadh,al orubah,2025-05-01
Kz0u3VDc,SA1,al taawon,al raed,2025-04-24
MaddamDM,SA1,al orubah,al fayha,2025-04-24
S03m19rA,SA1,al khaleej,al qadsiah,2025-04-23
IVsSgRzp,SA1,al kholood,al okhdood,2025-04-23
YueLczxI,SA1,al riyadh,al fateh,2025-04-23
EwuKad75,SA1,al wehda,al ahli sc,2025-04-22
tQtC1Ixg,SA1,damac,al nassr,2025-04-22
vuNhuSLj,SA1,al ittihad,al ettifaq,2025-04-21
pbm33v8t,SA1,al hilal,al shabab,2025-04-21
YJJpochC,SA1,al taawon,al wehda,2025-04-19
Y5vCWcwJ,SA1,al orubah,al raed,2025-04-19
lEMbf1VP,SA1,al qadsiah,al nassr,2025-04-18
tC1wmJNa,SA1,al ahli sc,al fayha,2025-04-18
QZieztvf,SA1,al kholood,damac,2025-04-18
pp8Ulugm,SA1,al fateh,al ittihad,2025-04-17
nkt4YJ86,SA1,al hilal,al khaleej,2025-04-17
fZ7gqyNO,SA1,al shabab,al okhdood,2025-04-17
I9lmx29s,SA1,al ettifaq,al riyadh,2025-04-17
bP7GsOoK,SA1,al nassr,al riyadh,2025-04-12
46ODN2fl,SA1,al fayha,al qadsiah,2025-04-12
C8qZUp2E,SA1,al khaleej,al fateh,2025-04-12
E1Rn93ue,SA1,al ettifaq,al hilal,2025-04-11
KYnsTOWQ,SA1,al raed,al ahli sc,2025-04-11
6VKUJKgD,SA1,al okhdood,al taawon,2025-04-11
CWRLLtP0,SA1,al ittihad,al orubah,2025-04-10
IZXwBPAr,SA1,damac,al wehda,2025-04-10
nFPf7sA7,SA1,al shabab,al kholood,2025-04-10
j1gGIGCi,SA1,al wehda,al shabab,2025-04-06
Cz66TXQ9,SA1,al raed,al khaleej,2025-04-06
QsQB7j4j,SA1,al fayha,al fateh,2025-04-06
6cquDCtT,SA1,al ahli sc,al ittihad,2025-04-05
xIiOGfs4,SA1,al riyadh,damac,2025-04-05
jLHcVgdc,SA1,al qadsiah,al ettifaq,2025-04-05
8xUVA4go,SA1,al hilal,al nassr,2025-04-04
xfw0GQVN,SA1,al orubah,al okhdood,2025-04-04
YqoXEYBG,SA1,al kholood,al taawon,2025-04-04
Gph19iIt,SA1,al ettifaq,al fayha,2025-03-15
tSqiIn1B,SA1,al okhdood,al ahli sc,2025-03-15
8EoqK8Wb,SA1,al taawon,al hilal,2025-03-15
806A59H5,SA1,al khaleej,al wehda,2025-03-14
S4wyMU1n,SA1,al nassr,al kholood,2025-03-14
xtbR1RGU,SA1,damac,al qadsiah,2025-03-14
GQ9I3mnI,SA1,al fateh,al raed,2025-03-13
xKMjklXO,SA1,al ittihad,al riyadh,2025-03-13
lbj97Vng,SA1,al shabab,al orubah,2025-03-13
ngGiguSr,SA1,al orubah,al ettifaq,2025-03-08
feyD0NZ8,SA1,al riyadh,al okhdood,2025-03-08
8vVZhWXa,SA1,al taawon,damac,2025-03-08
KKTbiJde,SA1,al ahli sc,al khaleej,2025-03-07
GnN7kcR7,SA1,al fayha,al hilal,2025-03-07
8tAgD0JE,SA1,al nassr,al shabab,2025-03-07
UgJriA2C,SA1,al wehda,al raed,2025-03-06
2sSRfh3m,SA1,al kholood,al fateh,2025-03-06
2LvLb14L,SA1,al qadsiah,al ittihad,2025-03-06
lIEop2kS,SA1,al ittihad,al okhdood,2025-03-02
vmgQxKs2,SA1,al qadsiah,al riyadh,2025-03-02
thBwnOKF,SA1,al raed,al ettifaq,2025-03-02
KxNUmpj3,SA1,al fateh,al taawon,2025-03-01
tWZ2ZpyA,SA1,al fayha,al wehda,2025-03-01
hWUrQtbd,SA1,al kholood,al khaleej,2025-03-01
AuNrdhTH,SA1,al khaleej,al ahli sc,2026-05-20
2Tb9CDDb,SA1,al najma,al shabab,2026-05-20
jaQmyxZ1,SA1,al shabab,al ittihad,2026-05-17
pIBZUFUI,SA1,al ahli sc,al kholood,2026-05-16
Ae3LhJMP,SA1,al hilal,neom sc,2026-05-16
GxKIYcVg,SA1,al okhdood,al khaleej,2026-05-16
ljIQWy06,SA1,al taawon,al riyadh,2026-05-15
WYZGsgEO,SA1,damac,al fayha,2026-05-15
2gr0oyFa,SA1,al ettifaq,al ittihad,2026-05-14
fTvhmcpm,SA1,al qadsiah,al hazem,2026-05-14
bLy9qFqC,SA1,al fateh,al najma,2026-05-14
6Nt6fKzG,SA1,al nassr,al hilal,2026-05-12
O272zaqp,SA1,al kholood,al okhdood,2026-05-12
COmcdt63,SA1,al taawon,al ahli sc,2026-05-11
KAQ9zK0s,SA1,neom sc,al shabab,2026-05-11
lAlwgSG8,SA1,al ittihad,damac,2026-05-10
6oPhoGc2,SA1,al riyadh,al fateh,2026-05-10
vyuEhb5S,SA1,al fayha,al qadsiah,2026-05-09
pIeBYxEd,SA1,al najma,al hazem,2026-05-09
bLLpmxTk,SA1,al khaleej,al ettifaq,2026-05-09
YZRJ1dat,SA1,al shabab,al nassr,2026-05-07
2Zi0ptCF,SA1,al ahli sc,al fateh,2026-05-06
ULghn2s3,SA1,al khaleej,al hilal,2026-05-05
pdKzMaUj,SA1,al ettifaq,al najma,2026-05-04
CUtf9Mpo,SA1,al ittihad,al kholood,2026-05-04
hbudTsxH,SA1,al fayha,al riyadh,2026-05-04
4OTuXPxh,SA1,al ahli sc,al okhdood,2026-05-03
042Nq3Mc,SA1,al qadsiah,al nassr,2026-05-03
0jNlV374,SA1,al shabab,al taawon,2026-05-03
YH0VssiA,SA1,al hazem,al hilal,2026-05-02
EDT4RL6T,SA1,damac,al khaleej,2026-05-02
hKGWuLLM,SA1,al fateh,neom sc,2026-05-02
jg5vFiH6,SA1,al kholood,al fayha,2026-04-30
xlAbKngn,SA1,al okhdood,al ettifaq,2026-04-30
lU8NIZHs,SA1,al nassr,al ahli sc,2026-04-29
4dXjOefK,SA1,al taawon,al ittihad,2026-04-29
pED6IQNb,SA1,al riyadh,al qadsiah,2026-04-29
O63nDVoJ,SA1,al hilal,damac,2026-04-28
hp0NErNN,SA1,al khaleej,al najma,2026-04-28
6T1FG4hB,SA1,neom sc,al hazem,2026-04-28
dfCVGDnf,SA1,al shabab,al fateh,2026-04-28
xju50h2D,SA1,al hazem,al riyadh,2026-04-24
WERHBIAE,SA1,al fateh,al khaleej,2026-04-24
vuVP9duR,SA1,damac,al okhdood,2026-04-23
hO6rcJeL,SA1,al najma,al taawon,2026-04-23
bPBd4z3l,SA1,al nassr,al ettifaq,2026-04-15
pMoNkyle,SA1,al qadsiah,al shabab,2026-04-14
Uqxuwb4k,SA1,al okhdood,al nassr,2026-04-11
M5gbQKKq,SA1,al hazem,al fayha,2026-04-11
2HtQrTzB,SA1,al najma,neom sc,2026-04-11
UVd6Obkd,SA1,al taawon,al kholood,2026-04-11
ddDZbuR8,SA1,al ettifaq,al riyadh,2026-04-09
b1o9rKtS,SA1,damac,al qadsiah,2026-04-09
jJlVmFI7,SA1,al hilal,al kholood,2026-04-08
WxA42EX0,SA1,al ittihad,neom sc,2026-04-08
lfhEicJr,SA1,al fayha,al ahli sc,2026-04-08
fiwIpk6b,SA1,al ettifaq,al qadsiah,2026-04-05
zkNGnByn,SA1,al riyadh,al shabab,2026-04-05
lYbZZXit,SA1,al okhdood,al fateh,2026-04-05
OAgbUTLH,SA1,al hilal,al taawon,2026-04-04
fV1sYBMh,SA1,neom sc,al fayha,2026-04-04
GpjjWki5,SA1,al ahli sc,damac,2026-04-04
zRrJXsBC,SA1,al nassr,al najma,2026-04-03
8vsRVLuP,SA1,al ittihad,al hazem,2026-04-03
Kxm7S7jU,SA1,al kholood,al khaleej,2026-04-03
fg8pJrdJ,SA1,al fateh,al hilal,2026-03-14
Ma0WtnlQ,SA1,al khaleej,al nassr,2026-03-14
WENKOnSs,SA1,al shabab,al okhdood,2026-03-14
vakAZ3t0,SA1,al fayha,al ettifaq,2026-03-13
bREyL4R6,SA1,al qadsiah,al ahli sc,2026-03-13
QDGTMQdf,SA1,al riyadh,al ittihad,2026-03-13
Kzf265CD,SA1,al hazem,al kholood,2026-03-12
6Xy3yQBm,SA1,al najma,damac,2026-03-12
0WWlU84K,SA1,neom sc,al taawon,2026-03-12
M7YnEdEM,SA1,al ettifaq,al shabab,2026-03-07
QuuvGIqA,SA1,al kholood,al qadsiah,2026-03-07
MLDLSeTF,SA1,al nassr,neom sc,2026-03-07
CAjf8Rs1,SA1,al okhdood,al fayha,2026-03-07
bmSQ6E6d,SA1,al ahli sc,al ittihad,2026-03-06
hStWHvFc,SA1,al hilal,al najma,2026-03-06
xYwI8zxp,SA1,al khaleej,al hazem,2026-03-06
QgKCUHb3,SA1,al taawon,al fateh,2026-03-06
h8zgAmDl,SA1,damac,al riyadh,2026-03-05
6VO41JUG,SA1,al fayha,al nassr,2026-02-28
xKbqfyNj,SA1,al najma,al okhdood,2026-02-28
Aqu2sbwo,SA1,al qadsiah,al taawon,2026-02-28
SpDDacaT,SA1,neom sc,al kholood,2026-02-28
2wSm51Vi,SA1,al hazem,al ettifaq,2026-02-27
hSbVnKFN,SA1,al ittihad,al khaleej,2026-02-27
p2eNltoB,SA1,al shabab,al hilal,2026-02-27
b5Ld3u04,SA1,al fateh,damac,2026-02-26
On7Ej2Gb,SA1,al riyadh,al ahli sc,2026-02-26
trhb0Tjg,SA1,al fayha,neom sc,2026-02-25
U3OurnyP,SA1,al najma,al nassr,2026-02-25
tMGNmj7m,SA1,al hazem,al ittihad,2026-02-24
l8e6b7L5,SA1,al khaleej,al kholood,2026-02-24
AwQigCqQ,SA1,al taawon,al hilal,2026-02-24
KS3k2kMt,SA1,al fateh,al okhdood,2026-02-23
xlAWoUy0,SA1,al qadsiah,al ettifaq,2026-02-23
A18vp86C,SA1,al shabab,al riyadh,2026-02-23
Usm5V8iJ,SA1,damac,al ahli sc,2026-02-23
UkDWuo2t,SA1,al hilal,al ittihad,2026-02-21
SAd4YK0U,SA1,al khaleej,neom sc,2026-02-21
fcbdzsWH,SA1,al nassr,al hazem,2026-02-21
46x3GvL6,SW1,luzern,schaffhausen,2022-05-29
QFwaHK50,SW1,schaffhausen,luzern,2022-05-26
WWlqGhyr,SW1,basel,lugano,2022-05-22
pzgmFCjl,SW1,sion,servette,2022-05-22
SbrhEW5f,SW1,st. gallen,lausanne,2022-05-22
6ksdDjL0,SW1,young boys,grasshoppers,2022-05-22
zPo0CAz7,SW1,zurich,luzern,2022-05-22
2eaUbi67,SW1,grasshoppers,st. gallen,2022-05-19
GbmCNzq8,SW1,lausanne,sion,2022-05-19
fknGMfbE,SW1,lugano,zurich,2022-05-19
z13DLEDK,SW1,luzern,young boys,2022-05-19
Ei2HKYSQ,SW1,servette,basel,2022-05-19
dfGo7FbR,SW1,basel,grasshoppers,2022-05-12
lheQaXj1,SW1,zurich,lausanne,2022-05-12
b32D2Z6r,SW1,servette,lugano,2022-05-11
Sx7H1gMl,SW1,sion,luzern,2022-05-11
6T5L0Dye,SW1,young boys,st. gallen,2022-05-10
rX9VAca2,SW1,lausanne,basel,2022-05-08
Gp8w9yUE,SW1,luzern,servette,2022-05-08
4nvk25e2,SW1,grasshoppers,sion,2022-05-08
EVQt8eqL,SW1,st. gallen,zurich,2022-05-07
MN8Z9HE8,SW1,lugano,young boys,2022-05-07
Yc06ATmM,SW1,basel,zurich,2022-05-01
IVyw57Bq,SW1,luzern,lausanne,2022-05-01
Qeuo3otd,SW1,sion,young boys,2022-05-01
WYus4RQk,SW1,servette,st. gallen,2022-04-30
ClaA9m3S,SW1,lugano,grasshoppers,2022-04-30
xCK7kSBd,SW1,basel,luzern,2022-04-24
jF8kEBlc,SW1,grasshoppers,lausanne,2022-04-24
4ICgDV33,SW1,st. gallen,lugano,2022-04-24
ns2bCkJ9,SW1,young boys,servette,2022-04-23
QX02B9YF,SW1,zurich,sion,2022-04-23
bN0NAxr5,SW1,lausanne,lugano,2022-04-18
tpRbilsp,SW1,sion,basel,2022-04-18
Ac4R9dcB,SW1,luzern,st. gallen,2022-04-18
4K3V8GCH,SW1,servette,grasshoppers,2022-04-16
bLL3j8dj,SW1,zurich,young boys,2022-04-16
Us96EKrt,SW1,lugano,sion,2022-04-10
x8CECbDh,SW1,st. gallen,basel,2022-04-10
8Y7ADvbn,SW1,servette,zurich,2022-04-10
4Ks0gyDU,SW1,grasshoppers,luzern,2022-04-09
GbBIBISb,SW1,young boys,lausanne,2022-04-09
CjAmbaba,SW1,basel,young boys,2022-04-03
js9icJD5,SW1,lausanne,servette,2022-04-03
I3uldwTB,SW1,luzern,lugano,2022-04-03
dfvhecrI,SW1,sion,st. gallen,2022-04-02
jHwdfHcO,SW1,zurich,grasshoppers,2022-04-02
WxxRtbTO,SW1,grasshoppers,basel,2022-03-20
KhV85s6P,SW1,lugano,lausanne,2022-03-20
M1Hz11Et,SW1,servette,sion,2022-03-20
ITAqauqg,SW1,young boys,zurich,2022-03-19
4Q6u0LTn,SW1,st. gallen,luzern,2022-03-19
QZo6oMEg,SW1,basel,servette,2022-03-13
bmpEq0q6,SW1,luzern,grasshoppers,2022-03-13
4QpAptUa,SW1,lausanne,young boys,2022-03-13
ANmIrKbC,SW1,sion,lugano,2022-03-12
hnwNsvEI,SW1,zurich,st. gallen,2022-03-12
dKNrUKqJ,SW1,grasshoppers,servette,2022-03-06
U7hcmrps,SW1,st. gallen,sion,2022-03-06
CS5ViOyQ,SW1,lugano,basel,2022-03-06
bP1Rh4MJ,SW1,lausanne,zurich,2022-03-05
8bi1n2am,SW1,young boys,luzern,2022-03-05
zoXNYrVm,SW1,basel,st. gallen,2022-03-03
llySX2pf,SW1,grasshoppers,lugano,2022-03-03
WCQWWMa0,SW1,luzern,zurich,2022-03-02
ITOvV0UC,SW1,sion,lausanne,2022-03-02
A3PzWtF6,SW1,servette,young boys,2022-03-01
Uq41Hs0D,SW1,lausanne,luzern,2022-02-27
tOXJZOFs,SW1,zurich,basel,2022-02-27
MwimuohK,SW1,st. gallen,grasshoppers,2022-02-27
rmhqtRxE,SW1,lugano,servette,2022-02-26
vFohv57Q,SW1,young boys,sion,2022-02-26
tAhoLP0l,SW1,grasshoppers,young boys,2022-02-20
lzdgJ3V0,SW1,servette,luzern,2022-02-20
WbobINp7,SW1,sion,zurich,2022-02-20
2JgsM5or,SW1,basel,lausanne,2022-02-19
AqckKqGf,SW1,lugano,st. gallen,2022-02-19
z5w1tzXd,SW1,luzern,sion,2022-02-13
MLuDwYGF,SW1,zurich,lugano,2022-02-13
8Iy9vE19,SW1,young boys,basel,2022-02-13
Eex5ufn3,SW1,st. gallen,servette,2022-02-12
zDXPHjfd,SW1,lausanne,grasshoppers,2022-02-12
QwrjOhHS,SW1,lugano,luzern,2022-02-06
dMYLIWvj,SW1,st. gallen,young boys,2022-02-06
4OgsQEnG,SW1,basel,sion,2022-02-06
rFhoPY1M,SW1,grasshoppers,zurich,2022-02-05
2aZHJCPq,SW1,servette,lausanne,2022-02-05
2acQTdmi,SW1,luzern,basel,2022-01-30
EZ0USG2c,SW1,sion,grasshoppers,2022-01-30
ld9r5DAj,SW1,lausanne,st. gallen,2022-01-30
dbjZRzI3,SW1,young boys,lugano,2022-01-29
zkkwRfX9,SW1,zurich,servette,2022-01-29
reQaDy3A,SW1,basel,grasshoppers,2021-12-19
UBSBAZnT,SW1,sion,lausanne,2021-12-19
dbU3CeIG,SW1,lugano,young boys,2021-12-19
jLT7BFXM,SW1,luzern,servette,2021-12-18
A5Av6gep,SW1,zurich,st. gallen,2021-12-18
OWUipwZN,SW1,young boys,basel,2021-12-15
n9p1hzRp,SW1,grasshoppers,luzern,2021-12-12
S4NmGwJi,SW1,servette,basel,2021-12-12
0WzeEHm4,SW1,young boys,sion,2021-12-12
MuxiFcYc,SW1,st. gallen,lugano,2021-12-11
lEOqHJ3o,SW1,lausanne,zurich,2021-12-11
hMmHLfCr,SW1,lausanne ouchy,sion,2023-06-06
jD1kQz4R,SW1,sion,lausanne ouchy,2023-06-03
Au79mwWH,SW1,basel,grasshoppers,2023-05-29
426DncoO,SW1,luzern,servette,2023-05-29
rg5HoH0U,SW1,st. gallen,sion,2023-05-29
rTyO60Wu,SW1,young boys,winterthur,2023-05-29
MJzS5Kon,SW1,zurich,lugano,2023-05-29
UPBlh1Hn,SW1,grasshoppers,st. gallen,2023-05-25
8GAhiLWh,SW1,lugano,young boys,2023-05-25
xjFdjuna,SW1,servette,basel,2023-05-25
GtE0ka15,SW1,sion,luzern,2023-05-25
b535lJGB,SW1,winterthur,zurich,2023-05-25
jPBZz0nC,SW1,basel,lugano,2023-05-21
n1Mqgs2t,SW1,zurich,grasshoppers,2023-05-21
dxszZwHO,SW1,sion,young boys,2023-05-21
IorWZJ1I,SW1,luzern,st. gallen,2023-05-20
AuVHcNgP,SW1,winterthur,servette,2023-05-20
MqKIvrmm,SW1,lugano,winterthur,2023-05-14
IBDRxMHa,SW1,st. gallen,basel,2023-05-14
CYCVytX5,SW1,young boys,zurich,2023-05-14
489Nw22g,SW1,servette,sion,2023-05-13
rgLEuOXt,SW1,grasshoppers,luzern,2023-05-13
48mhOM26,SW1,basel,zurich,2023-05-07
bVndNtIC,SW1,grasshoppers,servette,2023-05-07
A5j0M0XI,SW1,luzern,lugano,2023-05-07
j1Tnp4PP,SW1,st. gallen,young boys,2023-05-06
CAUropAJ,SW1,sion,winterthur,2023-05-06
UkeuROIm,SW1,winterthur,basel,2023-04-30
8tfqQrYg,SW1,young boys,luzern,2023-04-30
QHllP2m0,SW1,zurich,sion,2023-04-30
OjT7qXYE,SW1,lugano,grasshoppers,2023-04-29
zTeyS43s,SW1,servette,st. gallen,2023-04-29
dvhDNkCe,SW1,luzern,winterthur,2023-04-27
2yuaog42,SW1,sion,basel,2023-04-27
zVjHM9R1,SW1,servette,zurich,2023-04-26
tSw3pDJ8,SW1,st. gallen,lugano,2023-04-26
EF28OVdk,SW1,grasshoppers,young boys,2023-04-25
n5ITVD4F,SW1,lugano,sion,2023-04-23
0Cb4PBsq,SW1,zurich,st. gallen,2023-04-23
8EJPWgk9,SW1,basel,luzern,2023-04-23
rXBxUiZR,SW1,young boys,servette,2023-04-22
4tDYUXJL,SW1,winterthur,grasshoppers,2023-04-22
48XTRqnp,SW1,basel,young boys,2023-04-16
YsxYQ31j,SW1,grasshoppers,sion,2023-04-16
EiKLXZZ2,SW1,st. gallen,winterthur,2023-04-16
CYzxQNGd,SW1,luzern,zurich,2023-04-15
G61IYFKd,SW1,servette,lugano,2023-04-15
6XigYo9G,SW1,winterthur,luzern,2023-04-10
KzdcX5OM,SW1,young boys,grasshoppers,2023-04-10
YJgoz8v4,SW1,lugano,st. gallen,2023-04-10
CAhkZRgA,SW1,sion,servette,2023-04-08
2ao2WPwT,SW1,zurich,basel,2023-04-08
0Ek2DpXj,SW1,luzern,sion,2023-04-02
h8xlylPc,SW1,st. gallen,zurich,2023-04-02
nBobEQHp,SW1,grasshoppers,lugano,2023-04-02
tU8VI69T,SW1,basel,winterthur,2023-04-01
EHwpxU9i,SW1,servette,young boys,2023-04-01
0EDANUfb,SW1,lugano,servette,2023-03-19
Y35NKSvH,SW1,young boys,basel,2023-03-19
fD6JL8PA,SW1,winterthur,st. gallen,2023-03-19
ClHEMlA4,SW1,sion,grasshoppers,2023-03-18
2wARJnfN,SW1,zurich,luzern,2023-03-18
fDpl6TPN,SW1,basel,st. gallen,2023-03-12
lzph5muU,SW1,grasshoppers,winterthur,2023-03-12
S0F2PjQo,SW1,servette,luzern,2023-03-12
jqWJ07mo,SW1,lugano,zurich,2023-03-11
6iE6OAuh,SW1,young boys,sion,2023-03-11
QJwY9BQb,SW1,sion,lugano,2023-03-05
tAtp79AH,SW1,zurich,servette,2023-03-05
Kfhy9Vu5,SW1,st. gallen,grasshoppers,2023-03-05
nTvUAiBh,SW1,luzern,basel,2023-03-04
boiu8keB,SW1,winterthur,young boys,2023-03-04
rcu56xK6,SW1,lugano,basel,2023-02-26
vPYD4GlJ,SW1,servette,winterthur,2023-02-26
0YZ95dZC,SW1,luzern,grasshoppers,2023-02-26
44kPBXen,SW1,zurich,young boys,2023-02-25
j1oLCDtt,SW1,sion,st. gallen,2023-02-25
Ey2ME0CQ,SW1,basel,servette,2023-02-19
GpllAKKs,SW1,grasshoppers,zurich,2023-02-19
b9wg9vzl,SW1,st. gallen,luzern,2023-02-19
46t17I40,SW1,young boys,lugano,2023-02-18
Aqsc8bkf,SW1,winterthur,sion,2023-02-18
bZMqr2yk,SW1,winterthur,servette,2023-02-15
6BbEGMsE,SW1,young boys,st. gallen,2023-02-12
p2cIFtcK,SW1,zurich,winterthur,2023-02-12
j3GRhJk7,SW1,lugano,luzern,2023-02-12
dtHNgaz1,SW1,basel,sion,2023-02-11
46KViw5D,SW1,servette,grasshoppers,2023-02-11
t8Fj1srR,SW1,luzern,young boys,2023-02-05
IkIJfuLf,SW1,winterthur,lugano,2023-02-05
bm2Id1jr,SW1,sion,zurich,2023-02-05
xv1MeL5l,SW1,st. gallen,servette,2023-02-04
S4Bn2NSK,SW1,grasshoppers,basel,2023-02-04
IZTeu0L7,SW1,servette,sion,2023-01-29
ptMs33DE,SW1,zurich,st. gallen,2023-01-29
6kNw4qb8,SW1,young boys,winterthur,2023-01-29
dKumsMje,SW1,basel,luzern,2023-01-28
vqVitt61,SW1,lugano,grasshoppers,2023-01-28
4CNuqrMr,SW1,st. gallen,basel,2023-01-22
23yEmODR,SW1,sion,lugano,2023-01-22
6yr5kpqF,SW1,grasshoppers,young boys,2023-01-21
pSt9l4bL,SW1,luzern,zurich,2023-01-21
d60ESMy2,SW1,lugano,winterthur,2022-11-13
bBvci6E2,SW1,young boys,luzern,2022-11-13
CEr1jQT8,SW1,zurich,servette,2022-11-13
Uw3pOpTk,SW1,thun,grasshoppers,2024-05-31
x6oCtgqH,SW1,grasshoppers,thun,2024-05-26
2e1yYXKa,SW1,lugano,servette,2024-05-25
bNfpWBkC,SW1,st. gallen,zurich,2024-05-25
6mbhUkKO,SW1,young boys,winterthur,2024-05-25
Us3TZgjm,SW1,basel,yverdon,2024-05-21
xAoeh26E,SW1,lausanne,grasshoppers,2024-05-21
A3g9UbE7,SW1,luzern,lausanne ouchy,2024-05-21
ll50WKqe,SW1,servette,young boys,2024-05-20
tO1hYtFr,SW1,winterthur,st. gallen,2024-05-20
b3bTw3iL,SW1,zurich,lugano,2024-05-20
2HEQJs0k,SW1,grasshoppers,basel,2024-05-18
AsIYHLU1,SW1,lausanne ouchy,lausanne,2024-05-18
Qk0LuPM8,SW1,yverdon,luzern,2024-05-18
IqwfP3xS,SW1,lugano,winterthur,2024-05-16
QyLnRP7F,SW1,young boys,st. gallen,2024-05-16
U9RwTow3,SW1,lausanne,luzern,2024-05-15
xGvh5rod,SW1,zurich,servette,2024-05-15
WEaDCQhM,SW1,basel,lausanne ouchy,2024-05-14
tloq74Gq,SW1,grasshoppers,yverdon,2024-05-14
AaB4EnO9,SW1,st. gallen,servette,2024-05-12
2Z7dG8gc,SW1,winterthur,zurich,2024-05-12
lSitEICT,SW1,lausanne ouchy,yverdon,2024-05-11
pbwC8dzi,SW1,young boys,lugano,2024-05-11
fTbXFvrH,SW1,lausanne,basel,2024-05-10
n3ePH0D4,SW1,luzern,grasshoppers,2024-05-10
Qm7GJMrh,SW1,yverdon,lausanne,2024-05-05
bsFUeJjo,SW1,zurich,young boys,2024-05-05
feL4ER6C,SW1,basel,luzern,2024-05-05
MsNdGmx0,SW1,lugano,st. gallen,2024-05-04
fXxINVqQ,SW1,grasshoppers,lausanne ouchy,2024-05-04
QFTmI97m,SW1,servette,winterthur,2024-05-04
vmo4DKkA,SW1,luzern,basel,2024-04-21
02ZCBbKM,SW1,winterthur,young boys,2024-04-21
AyLr6xrp,SW1,zurich,st. gallen,2024-04-21
Qqs0E0z4,SW1,lugano,lausanne,2024-04-20
MBz9Cv5G,SW1,servette,grasshoppers,2024-04-20
8SYGAIZS,SW1,yverdon,lausanne ouchy,2024-04-20
hWrhGM5i,SW1,lausanne ouchy,winterthur,2024-04-14
WMsdFtLc,SW1,young boys,luzern,2024-04-14
GEa9iwTj,SW1,basel,servette,2024-04-14
xO05hJDp,SW1,st. gallen,yverdon,2024-04-13
88AZcujN,SW1,grasshoppers,lugano,2024-04-13
KrEwca5T,SW1,lausanne,zurich,2024-04-13
ngMQa1LA,SW1,st. gallen,young boys,2024-04-07
QqLUbLzH,SW1,yverdon,grasshoppers,2024-04-07
IJHM0s64,SW1,luzern,lausanne,2024-04-07
vTII1Njb,SW1,servette,zurich,2024-04-06
r1P93qMo,SW1,lausanne ouchy,basel,2024-04-06
d4TD23yh,SW1,winterthur,lugano,2024-04-06
0SI3pMLN,SW1,lausanne,st. gallen,2024-04-04
Slk0qtyU,SW1,luzern,yverdon,2024-04-04
UcySv0qo,SW1,young boys,grasshoppers,2024-04-04
SEKenriB,SW1,servette,lausanne ouchy,2024-04-03
MyKao26H,SW1,zurich,winterthur,2024-04-03
EBGimOy5,SW1,lugano,basel,2024-04-02
hdSrkp7h,SW1,grasshoppers,lausanne,2024-04-01
WnRnl4Mb,SW1,st. gallen,luzern,2024-04-01
OMNvjQin,SW1,yverdon,young boys,2024-04-01
pWOzi6xt,SW1,basel,zurich,2024-03-30
YHIOqkVC,SW1,lausanne ouchy,lugano,2024-03-30
phMSr9pJ,SW1,winterthur,servette,2024-03-30
04KGoB00,SW1,lausanne,young boys,2024-03-17
veJKpVF6,SW1,luzern,servette,2024-03-17
rTPBniof,SW1,zurich,lausanne ouchy,2024-03-17
4xR7mXVm,SW1,lugano,yverdon,2024-03-16
Ygzxgg8Q,SW1,basel,winterthur,2024-03-16
AFR3lDGs,SW1,grasshoppers,st. gallen,2024-03-16
CvnTfFwE,SW1,lausanne ouchy,luzern,2024-03-10
jVpXgZhK,SW1,young boys,basel,2024-03-10
pYcoWV0D,SW1,servette,lausanne,2024-03-10
6sasXBo7,SW1,st. gallen,lugano,2024-03-09
AF5YYXGf,SW1,winterthur,grasshoppers,2024-03-09
OI9xYiW0,SW1,yverdon,zurich,2024-03-09
x27Qzfnr,SW1,winterthur,yverdon,2024-03-03
Gh6UZD1l,SW1,zurich,young boys,2024-03-03
d8PcuzvR,SW1,luzern,lugano,2024-03-03
IHQgtGOK,SW1,basel,lausanne,2024-03-02
OfRksd9E,SW1,lausanne ouchy,grasshoppers,2024-03-02
Q98nrxf8,SW1,servette,st. gallen,2024-03-02
840m5HEm,SW1,lausanne,winterthur,2024-02-25
neai4yUg,SW1,young boys,servette,2024-02-25
Shqj6cas,SW1,lugano,zurich,2024-02-25
O4U3JhH7,SW1,grasshoppers,luzern,2024-02-24
GvReLEne,SW1,st. gallen,lausanne ouchy,2024-02-24
pEVaKY11,SW1,yverdon,basel,2024-02-24
fPxmNzIr,SW1,luzern,zurich,2024-02-18
xlSiMfXl,SW1,servette,lugano,2024-02-18
I3oLRG9R,SW1,young boys,lausanne ouchy,2024-02-18
OtnHSdfL,SW1,grasshoppers,basel,2024-02-17
4vWFUIP8,SW1,lausanne,yverdon,2024-02-17
pjmDTxuF,SW1,st. gallen,winterthur,2024-02-17
CpqU6FX1,SW1,basel,st. gallen,2024-02-11
QmXBVbA2,SW1,yverdon,servette,2024-02-11
bsuQ7eIe,SW1,winterthur,luzern,2024-02-11
GIkL8y3k,SW1,lugano,young boys,2024-02-10
pzakEcuS,SW1,lausanne ouchy,lausanne,2024-02-10
xSjH9Hmq,SW1,zurich,grasshoppers,2024-02-10
QPOhwb09,SW1,luzern,st. gallen,2024-02-04
vTSdxIFF,SW1,servette,lausanne ouchy,2024-02-04
YkS0yxVL,SW1,yverdon,zurich,2024-02-04
x4n2Gzgd,SW1,basel,lugano,2024-02-03
4AzpuKVd,SW1,grasshoppers,winterthur,2024-02-03
r1Zmvvo3,SW1,lausanne,young boys,2024-02-03
YTSBf9gT,SW1,aarau,grasshoppers,2025-05-30
02F4dVOG,SW1,grasshoppers,aarau,2025-05-27
2PjLODcK,SW1,basel,luzern,2025-05-24
MTDY0A5D,SW1,lugano,young boys,2025-05-24
E3AQ2Wz1,SW1,servette,lausanne,2025-05-24
23FpCzEE,SW1,grasshoppers,st. gallen,2025-05-22
f1fP4h6l,SW1,winterthur,sion,2025-05-22
bV8gAErR,SW1,yverdon,zurich,2025-05-22
zcNblXL7,SW1,lausanne,lugano,2025-05-18
EsZkjgie,SW1,luzern,servette,2025-05-18
8pWshFMr,SW1,young boys,basel,2025-05-18
l0kBcyaL,SW1,sion,grasshoppers,2025-05-17
Gni3acU8,SW1,st. gallen,zurich,2025-05-17
0v9Gyfx2,SW1,winterthur,yverdon,2025-05-17
SCe9wG7k,SW1,servette,lugano,2025-05-15
ruKxqxpS,SW1,young boys,luzern,2025-05-15
zFGUpbFF,SW1,grasshoppers,yverdon,2025-05-14
vmNLnKp3,SW1,lausanne,basel,2025-05-14
ngzzPGhd,SW1,sion,st. gallen,2025-05-13
hfsRQxOq,SW1,zurich,winterthur,2025-05-13
neFgqovB,SW1,servette,young boys,2025-05-11
QuRpo79b,SW1,luzern,lausanne,2025-05-11
IFNxmTvn,SW1,lugano,basel,2025-05-10
GEVZSPgU,SW1,st. gallen,winterthur,2025-05-10
r1XRUoPH,SW1,yverdon,sion,2025-05-10
nZwJW7f5,SW1,zurich,grasshoppers,2025-05-10
rmhgGnAO,SW1,yverdon,st. gallen,2025-05-06
Ign2zjet,SW1,basel,servette,2025-05-04
v9zBYTPh,SW1,luzern,lugano,2025-05-04
nLbpI8uC,SW1,sion,zurich,2025-05-04
E70xKUAa,SW1,lausanne,young boys,2025-05-03
Iu7TLjtm,SW1,winterthur,grasshoppers,2025-05-03
Ukoog0X0,SW1,basel,yverdon,2025-04-21
GrRuFsfK,SW1,lausanne,lugano,2025-04-21
zT7C9LHs,SW1,servette,luzern,2025-04-21
rgBK7anf,SW1,st. gallen,sion,2025-04-21
48aT5wH6,SW1,young boys,zurich,2025-04-21
Olvfiv2D,SW1,grasshoppers,winterthur,2025-04-19
xh660ruR,SW1,luzern,young boys,2025-04-13
MPsweM2l,SW1,sion,servette,2025-04-13
UR2b24AE,SW1,lugano,st. gallen,2025-04-13
jqbJv1I7,SW1,zurich,basel,2025-04-12
M362rqJr,SW1,winterthur,lausanne,2025-04-12
IVaBtNme,SW1,yverdon,grasshoppers,2025-04-12
fkjM2D4c,SW1,basel,lugano,2025-04-06
G4vV0iZ9,SW1,grasshoppers,luzern,2025-04-06
r1qyuACj,SW1,st. gallen,servette,2025-04-06
OG24pWlT,SW1,young boys,yverdon,2025-04-05
fyBmlEk4,SW1,lausanne,sion,2025-04-05
j34dnhKG,SW1,winterthur,zurich,2025-04-05
SOZhSWSp,SW1,basel,grasshoppers,2025-04-03
8KCujzLi,SW1,luzern,st. gallen,2025-04-03
0EkEZEzB,SW1,sion,winterthur,2025-04-02
dtqNXh5N,SW1,zurich,lausanne,2025-04-02
Y1bcwcyn,SW1,servette,young boys,2025-04-01
S0i6yy6b,SW1,yverdon,lugano,2025-04-01
MNUvLFLH,SW1,grasshoppers,zurich,2025-03-30
rwJmJgjU,SW1,lausanne,luzern,2025-03-30
EcRWMyi5,SW1,winterthur,basel,2025-03-30
8pdWOcMh,SW1,lugano,servette,2025-03-29
fwtGM7uP,SW1,sion,yverdon,2025-03-29
zXcOQJit,SW1,young boys,st. gallen,2025-03-29
QclaQkt0,SW1,basel,young boys,2025-03-16
nDx8OTAC,SW1,lugano,winterthur,2025-03-16
K0oiSBBm,SW1,grasshoppers,sion,2025-03-16
QaTIpKRE,SW1,zurich,luzern,2025-03-15
xvmOOx5e,SW1,servette,yverdon,2025-03-15
Y5tXMGZ7,SW1,st. gallen,lausanne,2025-03-15
6kDqWKCL,SW1,luzern,basel,2025-03-09
jNlGQbzq,SW1,sion,lugano,2025-03-09
bP9yYtr9,SW1,zurich,servette,2025-03-09
rHRlAwj2,SW1,st. gallen,grasshoppers,2025-03-08
6yYAHLcS,SW1,young boys,lausanne,2025-03-08
A3TtCaLk,SW1,yverdon,winterthur,2025-03-08
xdtfL3b3,SW1,grasshoppers,young boys,2025-03-02
bBU2JsTF,SW1,yverdon,luzern,2025-03-02
Akl8c06d,SW1,lugano,zurich,2025-03-02
jmY6aMyp,SW1,lausanne,servette,2025-03-01
bkgS64qA,SW1,basel,sion,2025-03-01
fHny5rEM,SW1,winterthur,st. gallen,2025-03-01
ATCXpNMj,SW1,servette,winterthur,2025-02-23
jPkK8QEc,SW1,young boys,lugano,2025-02-23
tEM1jqaT,SW1,luzern,sion,2025-02-23
pnThh5UG,SW1,st. gallen,basel,2025-02-22
G6yxdmVi,SW1,lausanne,grasshoppers,2025-02-22
CYUpfRa4,SW1,zurich,yverdon,2025-02-22
4AMIjhgC,SW1,basel,lausanne,2025-02-16
ObZjYqwo,SW1,grasshoppers,servette,2025-02-16
dpJAhEOa,SW1,yverdon,st. gallen,2025-02-16
0IP1fzfm,SW1,winterthur,young boys,2025-02-15
j7dqxgvJ,SW1,lugano,luzern,2025-02-15
4nvWadWP,SW1,sion,zurich,2025-02-15
MR4Suyuf,SW1,luzern,winterthur,2025-02-09
rsgyvF96,SW1,zurich,st. gallen,2025-02-09
E11KscAs,SW1,servette,basel,2025-02-09
WtbemJnK,SW1,young boys,sion,2025-02-08
rLH0RyQ0,SW1,lausanne,yverdon,2025-02-08
vmB9PFfD,SW1,lugano,grasshoppers,2025-02-08
0f1ZdN7r,SW1,basel,luzern,2025-02-06
UXcAbzqm,SW1,winterthur,zurich,2025-02-06
zXuxHraE,SW1,st. gallen,lugano,2025-02-05
2odIdEDa,SW1,young boys,yverdon,2025-02-05
8K4se1xe,SW1,grasshoppers,lausanne,2025-02-04
UZhjgu77,SW1,sion,servette,2025-02-04
OdXPXLnC,SW1,aarau,grasshoppers,2026-05-18
hzp7pDJP,SW1,lugano,basel,2026-05-17
l6Vxuism,SW1,st. gallen,thun,2026-05-17
dWYpwVBa,SW1,young boys,sion,2026-05-17
S8rn2xoS,SW1,lausanne,grasshoppers,2026-05-16
biZHdG8k,SW1,winterthur,luzern,2026-05-16
W4XPffw2,SW1,zurich,servette,2026-05-16
4W87tq1f,SW1,basel,st. gallen,2026-05-14
xp7FvNV6,SW1,sion,lugano,2026-05-14
O05Nx10J,SW1,thun,young boys,2026-05-14
fsVv4bGF,SW1,grasshoppers,winterthur,2026-05-12
fNvorHgd,SW1,luzern,zurich,2026-05-12
MTWW5Ko3,SW1,servette,lausanne,2026-05-12
QNETmR8K,SW1,sion,thun,2026-05-10
d65ar5Ws,SW1,young boys,basel,2026-05-10
YTRsQNGD,SW1,lugano,st. gallen,2026-05-10
ncywpwPq,SW1,luzern,servette,2026-05-09
jRk7ka1M,SW1,winterthur,lausanne,2026-05-09
pUnaiLW9,SW1,zurich,grasshoppers,2026-05-09
x4qigs2c,SW1,grasshoppers,servette,2026-05-03
SWOZRqn1,SW1,lugano,young boys,2026-05-03
K6LRT5Hl,SW1,st. gallen,sion,2026-05-03
OzzdZRgR,SW1,basel,thun,2026-05-02
pAd5VwAj,SW1,lausanne,luzern,2026-05-02
vBUXmnQH,SW1,winterthur,zurich,2026-05-02
hfWPk8e5,SW1,servette,winterthur,2026-04-26
GAWmylPE,SW1,young boys,st. gallen,2026-04-26
O2U2DpX7,SW1,basel,sion,2026-04-26
jkWfF62e,SW1,thun,lugano,2026-04-25
KtYHiUQh,SW1,grasshoppers,luzern,2026-04-25
CGU9gjdt,SW1,lausanne,zurich,2026-04-25
dSN8GQiL,SW1,thun,basel,2026-04-18
lQ2m9rpe,SW1,luzern,st. gallen,2026-04-12
t0auB4Fr,SW1,sion,lausanne,2026-04-12
AJFLfqV1,SW1,young boys,servette,2026-04-12
l2K0InN8,SW1,winterthur,grasshoppers,2026-04-11
x6HDd50k,SW1,zurich,lugano,2026-04-11
ILzs2RxS,SW1,servette,luzern,2026-04-06
AeXY3m8F,SW1,st. gallen,zurich,2026-04-06
ltqQ59w3,SW1,grasshoppers,sion,2026-04-06
xhxur6od,SW1,basel,young boys,2026-04-04
tQrWqSGq,SW1,lausanne,winterthur,2026-04-04
AwMb2zXA,SW1,lugano,thun,2026-04-04
EBSk4d2b,SW1,luzern,lausanne,2026-03-22
SfUs6IXo,SW1,young boys,lugano,2026-03-22
MDHZ16LU,SW1,winterthur,basel,2026-03-22
EmER3SjI,SW1,sion,st. gallen,2026-03-21
ILKI5lM5,SW1,servette,grasshoppers,2026-03-21
p8MA7Aig,SW1,zurich,thun,2026-03-21
W4dygBx0,SW1,st. gallen,lugano,2026-03-17
j9T19WMt,SW1,basel,servette,2026-03-15
0plhkTyP,SW1,luzern,winterthur,2026-03-15
vVaqik7C,SW1,lausanne,young boys,2026-03-15
QiRzeX7m,SW1,thun,grasshoppers,2026-03-14
ULu50gpQ,SW1,zurich,sion,2026-03-14
EDcIxjhJ,SW1,grasshoppers,lausanne,2026-03-08
pY51tYhf,SW1,young boys,thun,2026-03-08
vy3grfOs,SW1,st. gallen,basel,2026-03-08
KjMMmG0K,SW1,lugano,luzern,2026-03-07
SdZzQC8D,SW1,servette,zurich,2026-03-07
WUuSRYw1,SW1,sion,winterthur,2026-03-07
pEsKTf9l,SW1,basel,grasshoppers,2026-03-05
QPUon3PF,SW1,thun,st. gallen,2026-03-05
IaRwlPf3,SW1,lugano,sion,2026-03-04
2iqiQL2d,SW1,luzern,young boys,2026-03-04
UwoqSsYq,SW1,zurich,lausanne,2026-03-04
QBkDX3AM,SW1,winterthur,servette,2026-03-03
Ion5ZPuA,SW1,grasshoppers,lugano,2026-03-01
dWcdynBc,SW1,young boys,zurich,2026-03-01
UP5ADrJj,SW1,lausanne,basel,2026-03-01
n52oJ4eT,SW1,servette,sion,2026-02-28
Ei4wLQQG,SW1,st. gallen,winterthur,2026-02-28
IPAUMnd4,SW1,thun,luzern,2026-02-28
zsgvCVsn,SW1,winterthur,thun,2026-02-25
Aa7MO8Ri,SW1,lugano,lausanne,2026-02-22
U3UZ05Zp,SW1,luzern,basel,2026-02-22
0lv46RBN,SW1,sion,young boys,2026-02-22
4Mpe8msB,SW1,grasshoppers,zurich,2026-02-21
W8nmA9Cb,SW1,servette,st. gallen,2026-02-21
UTHhiLM5,SW1,winterthur,st. gallen,2026-02-18
KG3ViSdU,SW1,basel,lugano,2026-02-15
b1FMglSH,SW1,lausanne,servette,2026-02-15
jyCEeAc5,SW1,thun,sion,2026-02-15
f9I5cWSh,SW1,young boys,winterthur,2026-02-14
AsEohyiD,SW1,st. gallen,grasshoppers,2026-02-14
MeKcahbt,SW1,zurich,luzern,2026-02-14
2HAwfcM0,SW1,sion,basel,2026-02-12
t2MUeJil,SW1,thun,lausanne,2026-02-12
AJVb1uUQ,SW1,lugano,servette,2026-02-11
jHFc31aE,SW1,st. gallen,young boys,2026-02-11
bNSBub77,SW1,zurich,winterthur,2026-02-11
2eZ2sKxe,SW1,luzern,grasshoppers,2026-02-10
fVVfqt8r,SW1,basel,zurich,2026-02-08
AcfOl2pL,SW1,lausanne,st. gallen,2026-02-08
IkxHjOF8,SW1,servette,thun,2026-02-08
0E7WrCd2,SW1,grasshoppers,young boys,2026-02-07
S09OpYRk,SW1,sion,luzern,2026-02-07
8GSijf4S,SW1,winterthur,lugano,2026-02-07
AHWj4SHi,SW1,basel,thun,2026-02-01
QgtZG51c,SW1,young boys,zurich,2026-02-01
ImJ70pHG,SW1,luzern,st. gallen,2026-02-01
WWKa26n4,SW1,grasshoppers,lugano,2026-01-31
EFCGbOoT,SW1,servette,sion,2026-01-31
Aobng29j,SW1,winterthur,lausanne,2026-01-31
l8i716G4,DK1,aalborg,viborg,2022-05-29
65HeakaH,DK1,brondby,silkeborg,2022-05-22
buEm1BU4,DK1,fc copenhagen,aalborg,2022-05-22
xWCi0VqB,DK1,midtjylland,randers fc,2022-05-22
b17SIzd7,DK1,aarhus,nordsjaelland,2022-05-21
E9kFtvlE,DK1,sonderjyske,viborg,2022-05-21
C4BWHfBD,DK1,vejle,odense,2022-05-21
GGOr2iFb,DK1,silkeborg,midtjylland,2022-05-16
4v8OJGt1,DK1,viborg,aarhus,2022-05-15
2DKv3Xah,DK1,aalborg,brondby,2022-05-15
8jLz4Dpn,DK1,randers fc,fc copenhagen,2022-05-15
pxhNLxCl,DK1,nordsjaelland,vejle,2022-05-15
Qm9KKdRf,DK1,odense,sonderjyske,2022-05-15
UaMW4gVu,DK1,midtjylland,brondby,2022-05-12
6ogJMIdr,DK1,odense,viborg,2022-05-12
EkVkvoSF,DK1,vejle,aarhus,2022-05-12
6kTXqAaU,DK1,fc copenhagen,silkeborg,2022-05-11
SbUTpjpO,DK1,randers fc,aalborg,2022-05-11
0nRouRC9,DK1,sonderjyske,nordsjaelland,2022-05-11
INyst7c3,DK1,viborg,vejle,2022-05-09
vXxwsmrc,DK1,aarhus,sonderjyske,2022-05-08
YyVPoWUH,DK1,aalborg,midtjylland,2022-05-08
KYQLnCFB,DK1,brondby,fc copenhagen,2022-05-08
jHqeI35d,DK1,nordsjaelland,odense,2022-05-08
xAyHmh05,DK1,silkeborg,randers fc,2022-05-06
bJxDlYpa,DK1,silkeborg,aalborg,2022-05-02
UqY8kEVh,DK1,midtjylland,fc copenhagen,2022-05-01
jgZ4jfGn,DK1,randers fc,brondby,2022-05-01
U1enKPzp,DK1,odense,aarhus,2022-05-01
CQpiJqjj,DK1,vejle,sonderjyske,2022-05-01
f94KO5SS,DK1,viborg,nordsjaelland,2022-04-29
pdGab9EN,DK1,brondby,midtjylland,2022-04-25
0n5GPoDM,DK1,aarhus,odense,2022-04-24
8Uq0iz1t,DK1,fc copenhagen,randers fc,2022-04-24
CA2X82WD,DK1,aalborg,silkeborg,2022-04-24
Me6CQRcG,DK1,nordsjaelland,viborg,2022-04-24
4KB7R7rA,DK1,sonderjyske,vejle,2022-04-22
b7EkpJgD,DK1,randers fc,silkeborg,2022-04-19
KGFooav7,DK1,midtjylland,aalborg,2022-04-18
2uLtnuP0,DK1,fc copenhagen,brondby,2022-04-18
W6DaTTDc,DK1,sonderjyske,aarhus,2022-04-18
QTC3SmT3,DK1,vejle,nordsjaelland,2022-04-18
I39eU9bi,DK1,viborg,odense,2022-04-17
GbVC5QLj,DK1,nordsjaelland,sonderjyske,2022-04-15
OlMxmL9f,DK1,brondby,aalborg,2022-04-14
URMYm1fl,DK1,silkeborg,fc copenhagen,2022-04-14
x8W8666p,DK1,aarhus,viborg,2022-04-14
KEUsBnbT,DK1,odense,vejle,2022-04-14
GOIUlsur,DK1,randers fc,midtjylland,2022-04-13
tOVwCSrN,DK1,vejle,viborg,2022-04-11
Ast2gNWQ,DK1,fc copenhagen,midtjylland,2022-04-10
Wjsbf3HK,DK1,silkeborg,brondby,2022-04-10
batZC8TG,DK1,nordsjaelland,aarhus,2022-04-10
pdxVDlEA,DK1,sonderjyske,odense,2022-04-10
OQsfeq2E,DK1,aalborg,randers fc,2022-04-08
pzqjdPn8,DK1,midtjylland,silkeborg,2022-04-04
rV47XuA7,DK1,aalborg,fc copenhagen,2022-04-03
UR03YLf1,DK1,brondby,randers fc,2022-04-03
CrvNFAqb,DK1,aarhus,vejle,2022-04-03
jZxREUb4,DK1,odense,nordsjaelland,2022-04-03
f7qIGjUi,DK1,viborg,sonderjyske,2022-04-01
4nCJruFf,DK1,aalborg,brondby,2022-03-20
8KIAp1pr,DK1,aarhus,viborg,2022-03-20
nBHEqLal,DK1,fc copenhagen,nordsjaelland,2022-03-20
lzEVuwaD,DK1,silkeborg,midtjylland,2022-03-20
x0ARtJq7,DK1,sonderjyske,randers fc,2022-03-20
rwBNsaU0,DK1,vejle,odense,2022-03-20
t62U4VVd,DK1,odense,aalborg,2022-03-14
EaEntngd,DK1,midtjylland,fc copenhagen,2022-03-13
z9FrsSwj,DK1,brondby,aarhus,2022-03-13
GOfs2TFF,DK1,randers fc,silkeborg,2022-03-13
2Ljw3909,DK1,viborg,vejle,2022-03-13
Kd1Y3ko3,DK1,nordsjaelland,sonderjyske,2022-03-11
QZuakjW9,DK1,aarhus,nordsjaelland,2022-03-07
hpQwr8Oq,DK1,silkeborg,brondby,2022-03-06
M1Z7mU0M,DK1,aalborg,vejle,2022-03-06
GOYBnlGS,DK1,sonderjyske,odense,2022-03-06
rBz4lAoG,DK1,fc copenhagen,randers fc,2022-03-04
nqsejWG3,DK1,midtjylland,viborg,2022-03-04
rceVZAWM,DK1,brondby,sonderjyske,2022-02-28
Eun1Ulfp,DK1,odense,midtjylland,2022-02-27
hMsiiC1c,DK1,viborg,fc copenhagen,2022-02-27
MmfZYUoT,DK1,aalborg,silkeborg,2022-02-27
hWp5T89j,DK1,nordsjaelland,randers fc,2022-02-27
fyPmhhni,DK1,vejle,aarhus,2022-02-25
h82IxDn4,DK1,randers fc,viborg,2022-02-21
Y5nHvZHi,DK1,fc copenhagen,odense,2022-02-20
EH3EwgXc,DK1,nordsjaelland,brondby,2022-02-20
fFmDuF2o,DK1,midtjylland,aalborg,2022-02-20
0Y5QziHG,DK1,silkeborg,vejle,2022-02-20
nV1MyX1A,DK1,sonderjyske,aarhus,2022-02-18
MRIbMi2N,DK1,vejle,midtjylland,2021-11-29
E1FjODXA,DK1,aalborg,fc copenhagen,2021-11-28
hnRsQZ2b,DK1,brondby,randers fc,2021-11-28
ryKfNXnH,DK1,odense,nordsjaelland,2021-11-28
4j83LBHT,DK1,viborg,sonderjyske,2021-11-28
zBGnPgI4,DK1,aarhus,silkeborg,2021-11-26
tCNwRFmh,DK1,sonderjyske,aalborg,2021-11-22
Ys8JP5iI,DK1,midtjylland,brondby,2021-11-21
S47NOP6O,DK1,fc copenhagen,aarhus,2021-11-21
8bPVSyJu,DK1,nordsjaelland,silkeborg,2021-11-21
nkOZReYo,DK1,randers fc,vejle,2021-11-21
6e6RNqMU,DK1,odense,viborg,2021-11-19
Kv4FQoxC,DK1,silkeborg,fc copenhagen,2021-11-07
rZCfV9Nt,DK1,brondby,odense,2021-11-07
Qc2aUTxm,DK1,aarhus,midtjylland,2021-11-07
4l13Tmhg,DK1,aalborg,randers fc,2021-11-07
bPF6S77a,DK1,vejle,sonderjyske,2021-11-07
Ey4YK8je,DK1,viborg,midtjylland,2023-06-09
29rlqMiF,DK1,aarhus,brondby,2023-06-04
8nqpp2x9,DK1,fc copenhagen,randers fc,2023-06-04
UeptorN2,DK1,nordsjaelland,viborg,2023-06-04
82kC4TJh,DK1,aalborg,silkeborg,2023-06-03
M5gG3mZb,DK1,horsens,lyngby,2023-06-03
Qw07594n,DK1,midtjylland,odense,2023-06-03
hv1cMbp2,DK1,randers fc,aarhus,2023-05-30
Em2gNvVe,DK1,brondby,nordsjaelland,2023-05-29
KQ2kOKFk,DK1,viborg,fc copenhagen,2023-05-29
nm136kkt,DK1,lyngby,aalborg,2023-05-29
ADAbo6JU,DK1,silkeborg,midtjylland,2023-05-29
WMBfnn4O,DK1,odense,horsens,2023-05-26
6NboP00q,DK1,nordsjaelland,randers fc,2023-05-22
0tMITthS,DK1,fc copenhagen,aarhus,2023-05-21
MkNEUMxM,DK1,viborg,brondby,2023-05-21
tYIsklK5,DK1,aalborg,midtjylland,2023-05-21
zeIol8ZB,DK1,lyngby,odense,2023-05-21
lbMkmSlI,DK1,horsens,silkeborg,2023-05-19
EPNAV2NF,DK1,randers fc,viborg,2023-05-15
zZO6Wr89,DK1,aarhus,nordsjaelland,2023-05-14
hAZ1XOh3,DK1,brondby,fc copenhagen,2023-05-14
p6PYjAkg,DK1,midtjylland,horsens,2023-05-14
2sKwjU4a,DK1,silkeborg,lyngby,2023-05-14
6FQUijzm,DK1,odense,aalborg,2023-05-12
v7VcY4wc,DK1,nordsjaelland,fc copenhagen,2023-05-08
Q3sG9L0d,DK1,aarhus,viborg,2023-05-07
nDrCA1oj,DK1,randers fc,brondby,2023-05-07
x0zacCCP,DK1,lyngby,midtjylland,2023-05-07
ChRQhWKt,DK1,silkeborg,odense,2023-05-07
zedGYSZO,DK1,aalborg,horsens,2023-05-07
d4cCZ8KI,DK1,midtjylland,silkeborg,2023-05-01
Uyl7BsWq,DK1,nordsjaelland,aarhus,2023-04-30
SS1uGNNS,DK1,fc copenhagen,brondby,2023-04-30
SUh8zk5C,DK1,aalborg,lyngby,2023-04-30
Y52yH38M,DK1,viborg,randers fc,2023-04-30
lvf4yVk6,DK1,horsens,odense,2023-04-28
6F4axBz0,DK1,odense,lyngby,2023-04-24
MVbXHqgG,DK1,aarhus,fc copenhagen,2023-04-23
v79SIPwA,DK1,brondby,randers fc,2023-04-23
hC0ewiLg,DK1,horsens,midtjylland,2023-04-23
0GAOJ5O3,DK1,viborg,nordsjaelland,2023-04-23
bk1ivX5m,DK1,silkeborg,aalborg,2023-04-21
Wt6KKo9c,DK1,randers fc,nordsjaelland,2023-04-17
hj7GLRgi,DK1,brondby,aarhus,2023-04-16
joTXdrHj,DK1,fc copenhagen,viborg,2023-04-16
Kb2muDjs,DK1,lyngby,horsens,2023-04-16
GUcSqgrQ,DK1,odense,silkeborg,2023-04-16
xvaOpZSJ,DK1,midtjylland,aalborg,2023-04-14
OzBtMkjJ,DK1,silkeborg,horsens,2023-04-11
xrPTcO1p,DK1,nordsjaelland,brondby,2023-04-10
K2x224gT,DK1,randers fc,fc copenhagen,2023-04-10
S8HXNBL6,DK1,aalborg,odense,2023-04-10
AX6xNVzD,DK1,midtjylland,lyngby,2023-04-10
tCwb3pvN,DK1,viborg,aarhus,2023-04-09
Ek714QOG,DK1,aarhus,randers fc,2023-04-03
za8c569A,DK1,fc copenhagen,nordsjaelland,2023-04-02
tx9g6nf4,DK1,brondby,viborg,2023-04-02
KrEPPXjf,DK1,horsens,aalborg,2023-04-02
lIITOi60,DK1,lyngby,silkeborg,2023-04-02
thFLQDyl,DK1,odense,midtjylland,2023-03-31
QikjPaAM,DK1,aalborg,randers fc,2023-03-19
IRorRLuA,DK1,aarhus,odense,2023-03-19
ClonQueG,DK1,fc copenhagen,viborg,2023-03-19
vaVQIcmj,DK1,lyngby,horsens,2023-03-19
8GveOJPS,DK1,nordsjaelland,brondby,2023-03-19
APQMJwYq,DK1,silkeborg,midtjylland,2023-03-19
6Vre5vJj,DK1,randers fc,aarhus,2023-03-13
CUQMNnZH,DK1,brondby,silkeborg,2023-03-12
hSvi6K3p,DK1,horsens,fc copenhagen,2023-03-12
vymvS1Q3,DK1,midtjylland,lyngby,2023-03-12
bPVtTsBc,DK1,viborg,nordsjaelland,2023-03-12
KYWxUNei,DK1,odense,aalborg,2023-03-10
rkZ5RUZh,DK1,aalborg,midtjylland,2023-03-06
WEV1SAKn,DK1,fc copenhagen,odense,2023-03-05
QDOAQlka,DK1,lyngby,brondby,2023-03-05
44NEP845,DK1,silkeborg,nordsjaelland,2023-03-05
YwSIOSJB,DK1,viborg,randers fc,2023-03-05
xhWcTj5t,DK1,aarhus,horsens,2023-03-03
Kz2qAT4I,DK1,midtjylland,brondby,2023-02-27
Uo9WCVKa,DK1,aarhus,silkeborg,2023-02-26
bR0m9mKO,DK1,fc copenhagen,aalborg,2023-02-26
QD2uB9kC,DK1,horsens,viborg,2023-02-26
zqpWXWdP,DK1,randers fc,lyngby,2023-02-26
CAbyCkz6,DK1,nordsjaelland,odense,2023-02-24
dKePEijm,DK1,viborg,midtjylland,2023-02-20
ptS6dAzJ,DK1,brondby,horsens,2023-02-19
jeASDB5g,DK1,silkeborg,fc copenhagen,2023-02-19
ITdLFXzs,DK1,lyngby,nordsjaelland,2023-02-19
CnKhKDSP,DK1,odense,randers fc,2023-02-19
bqGlLgDJ,DK1,aalborg,aarhus,2023-02-17
ANZgaCj0,DK1,randers fc,midtjylland,2022-11-13
lEYcbW56,DK1,nordsjaelland,aalborg,2022-11-13
M1ss2E6s,DK1,brondby,viborg,2022-11-13
4QWo1YLm,DK1,aarhus,fc copenhagen,2022-11-13
G0zj0hyf,DK1,horsens,odense,2022-11-13
6kT2cjLC,DK1,silkeborg,lyngby,2022-11-12
2cAGogM0,DK1,midtjylland,nordsjaelland,2022-11-07
jJjB7zqK,DK1,odense,brondby,2022-11-06
dK9KpDy7,DK1,fc copenhagen,lyngby,2022-11-06
ANDOqXjD,DK1,aalborg,silkeborg,2022-11-06
KheF6fbQ,DK1,viborg,aarhus,2022-11-06
CSi78GTD,DK1,horsens,randers fc,2022-11-04
jcFzecaE,DK1,midtjylland,odense,2022-10-31
MiOHrp54,DK1,fc copenhagen,randers fc,2024-05-31
CCiAZx1p,DK1,brondby,aarhus,2024-05-26
fX4rvJhT,DK1,fc copenhagen,nordsjaelland,2024-05-26
rc1vuawN,DK1,midtjylland,silkeborg,2024-05-26
xClcMmSJ,DK1,hvidovre if,lyngby,2024-05-25
G2m1L7sQ,DK1,randers fc,vejle,2024-05-25
MqQTGRks,DK1,viborg,odense,2024-05-25
0YBZuuOG,DK1,aarhus,fc copenhagen,2024-05-21
MsDVtL8A,DK1,nordsjaelland,midtjylland,2024-05-20
h88Rs1g4,DK1,silkeborg,brondby,2024-05-20
ldeFc4kJ,DK1,lyngby,viborg,2024-05-20
A5dBbpzD,DK1,vejle,hvidovre if,2024-05-20
St76aQK6,DK1,odense,randers fc,2024-05-19
EH9Nrsvb,DK1,fc copenhagen,midtjylland,2024-05-16
WhKIqNOi,DK1,aarhus,silkeborg,2024-05-16
Ew320650,DK1,hvidovre if,odense,2024-05-16
IkGEp39o,DK1,brondby,nordsjaelland,2024-05-15
tQ4f2Szl,DK1,randers fc,viborg,2024-05-15
KG3b1njf,DK1,vejle,lyngby,2024-05-15
4nSWLJWp,DK1,nordsjaelland,silkeborg,2024-05-12
2wt5QaOT,DK1,midtjylland,aarhus,2024-05-12
zH98Ru9N,DK1,brondby,fc copenhagen,2024-05-12
b51V7lDQ,DK1,randers fc,hvidovre if,2024-05-12
0Emc38Ls,DK1,viborg,vejle,2024-05-12
4r2R8UcK,DK1,odense,lyngby,2024-05-10
jubN9ArE,DK1,vejle,odense,2024-05-06
dQA4SLgH,DK1,midtjylland,brondby,2024-05-05
23B0T1vB,DK1,silkeborg,fc copenhagen,2024-05-05
AqLzn7j7,DK1,hvidovre if,viborg,2024-05-05
lzKvoR5D,DK1,lyngby,randers fc,2024-05-05
l07dUsP4,DK1,aarhus,nordsjaelland,2024-05-03
6yIiVN9b,DK1,silkeborg,midtjylland,2024-04-29
SpJmW3fh,DK1,fc copenhagen,aarhus,2024-04-28
bBEqXqun,DK1,nordsjaelland,brondby,2024-04-28
tAGWnmy1,DK1,odense,hvidovre if,2024-04-28
2JHSmTLf,DK1,viborg,randers fc,2024-04-28
KfSNl96l,DK1,lyngby,vejle,2024-04-26
KKFuYPPu,DK1,nordsjaelland,aarhus,2024-04-22
fclZCtfU,DK1,brondby,midtjylland,2024-04-21
rNpVDMvO,DK1,fc copenhagen,silkeborg,2024-04-21
4UMhfVrR,DK1,hvidovre if,vejle,2024-04-21
M99Kkkir,DK1,viborg,lyngby,2024-04-21
QwOleBTK,DK1,randers fc,odense,2024-04-19
l0oRE2PH,DK1,silkeborg,nordsjaelland,2024-04-15
A9nNFrAB,DK1,midtjylland,fc copenhagen,2024-04-14
hYiIGOf5,DK1,aarhus,brondby,2024-04-14
UBUucXb8,DK1,lyngby,hvidovre if,2024-04-14
82TqdiEE,DK1,vejle,randers fc,2024-04-14
G8tbYmM7,DK1,odense,viborg,2024-04-12
j3jEYdGj,DK1,brondby,silkeborg,2024-04-08
EsgEH4ua,DK1,aarhus,midtjylland,2024-04-07
KKgAIpQh,DK1,nordsjaelland,fc copenhagen,2024-04-07
KtmkzAie,DK1,hvidovre if,randers fc,2024-04-07
25xfZT61,DK1,vejle,viborg,2024-04-07
tjloyjxk,DK1,lyngby,odense,2024-04-05
YPlsxWMr,DK1,odense,vejle,2024-04-02
6Hk6JQAn,DK1,silkeborg,aarhus,2024-04-01
Oh01K6et,DK1,midtjylland,nordsjaelland,2024-04-01
MqEZOnmP,DK1,fc copenhagen,brondby,2024-04-01
d0RDgbhG,DK1,viborg,hvidovre if,2024-03-31
Eyx9fvwA,DK1,randers fc,lyngby,2024-03-31
lbfQNHcU,DK1,aarhus,hvidovre if,2024-03-17
QJVVr1Tu,DK1,brondby,silkeborg,2024-03-17
pKxrtaDb,DK1,lyngby,viborg,2024-03-17
O4lZsLrn,DK1,midtjylland,vejle,2024-03-17
6Twvsubh,DK1,nordsjaelland,randers fc,2024-03-17
EgsnuJS4,DK1,odense,fc copenhagen,2024-03-17
hW0HPwTH,DK1,randers fc,midtjylland,2024-03-11
Eu2DQJDB,DK1,viborg,brondby,2024-03-10
Oj90TLTh,DK1,fc copenhagen,lyngby,2024-03-10
KI29Rab5,DK1,silkeborg,aarhus,2024-03-10
A7eMOcrO,DK1,vejle,odense,2024-03-10
6Fb5Suqa,DK1,hvidovre if,nordsjaelland,2024-03-08
b59tOQiD,DK1,nordsjaelland,silkeborg,2024-03-04
ju6YPnN0,DK1,aarhus,odense,2024-03-03
p25xP6x7,DK1,brondby,vejle,2024-03-03
xzBhVsat,DK1,lyngby,hvidovre if,2024-03-03
p0AdU1En,DK1,viborg,randers fc,2024-03-03
0AmPnAUD,DK1,midtjylland,fc copenhagen,2024-03-01
n7NkYAFK,DK1,fc copenhagen,nordsjaelland,2024-02-26
4rYpZj0E,DK1,aarhus,midtjylland,2024-02-25
GMDLSlwr,DK1,odense,brondby,2024-02-25
bsRgXUUQ,DK1,hvidovre if,viborg,2024-02-25
Cl7UQS7f,DK1,vejle,silkeborg,2024-02-25
fDCPR8hl,DK1,randers fc,lyngby,2024-02-23
GMijD9we,DK1,vejle,aarhus,2024-02-19
8dlrFV8r,DK1,brondby,midtjylland,2024-02-18
boseCTh1,DK1,silkeborg,fc copenhagen,2024-02-18
2JmnEkOl,DK1,hvidovre if,randers fc,2024-02-18
xxtaBm87,DK1,nordsjaelland,lyngby,2024-02-18
QiZtzXp8,DK1,viborg,odense,2024-02-16
hAT7Ng12,DK1,midtjylland,viborg,2023-12-04
vRVJKioL,DK1,fc copenhagen,aarhus,2023-12-03
lx3RE1c2,DK1,brondby,hvidovre if,2023-12-03
6DXBMDG8,DK1,lyngby,silkeborg,2023-12-03
6m2GJB0R,DK1,odense,nordsjaelland,2023-12-03
0zXFLXVE,DK1,randers fc,vejle,2023-12-01
tCaJGNSk,DK1,silkeborg,midtjylland,2023-11-27
dvOnMq5S,DK1,lyngby,brondby,2023-11-26
Ao4NFsrd,DK1,randers fc,odense,2023-11-26
p4KrNPkM,DK1,nordsjaelland,aarhus,2023-11-26
2L0FH3Dq,DK1,viborg,fc copenhagen,2023-11-25
jsLvO5zG,DK1,hvidovre if,vejle,2023-11-24
vTWoR9xA,DK1,randers fc,silkeborg,2025-06-01
0UHTWLgT,DK1,aarhus,brondby,2025-05-25
h4ELYsPG,DK1,fc copenhagen,nordsjaelland,2025-05-25
Y1bKz4f4,DK1,midtjylland,randers fc,2025-05-25
INReEVaN,DK1,lyngby,aalborg,2025-05-24
QF9lGiVA,DK1,silkeborg,viborg,2025-05-24
2e3S89Np,DK1,vejle,sonderjyske,2025-05-24
0l0CxQPi,DK1,brondby,midtjylland,2025-05-19
ptIPEMXp,DK1,randers fc,fc copenhagen,2025-05-18
UmGuID0b,DK1,sonderjyske,lyngby,2025-05-18
Gt0PFNJU,DK1,aalborg,silkeborg,2025-05-18
dzIXJZVo,DK1,viborg,vejle,2025-05-18
EcRgKrAN,DK1,nordsjaelland,aarhus,2025-05-16
UP1HHqkI,DK1,vejle,lyngby,2025-05-12
hrwoM4uB,DK1,fc copenhagen,midtjylland,2025-05-11
8AD8J5K5,DK1,viborg,aalborg,2025-05-11
nozwOQAb,DK1,aarhus,randers fc,2025-05-11
jJtUPntn,DK1,nordsjaelland,brondby,2025-05-11
0pA0LRkg,DK1,silkeborg,sonderjyske,2025-05-11
l6tr3pzP,DK1,sonderjyske,aalborg,2025-05-05
0jVIIVYI,DK1,midtjylland,aarhus,2025-05-04
4OyAKi46,DK1,brondby,fc copenhagen,2025-05-04
f7mZ465C,DK1,lyngby,viborg,2025-05-04
nspR6Sz0,DK1,silkeborg,vejle,2025-05-04
AszfOZ4s,DK1,randers fc,nordsjaelland,2025-05-02
QReI8l6m,DK1,aalborg,vejle,2025-04-28
vaqOTesK,DK1,midtjylland,nordsjaelland,2025-04-27
Oj1y6hkD,DK1,aarhus,fc copenhagen,2025-04-27
fq5nEArQ,DK1,lyngby,silkeborg,2025-04-27
Uko8j7jJ,DK1,sonderjyske,viborg,2025-04-27
jw3T7EK0,DK1,randers fc,brondby,2025-04-25
dvAK9zjl,DK1,nordsjaelland,midtjylland,2025-04-22
QeJlFdSQ,DK1,fc copenhagen,aarhus,2025-04-21
4tVuHIcE,DK1,brondby,randers fc,2025-04-21
0Agifkif,DK1,vejle,silkeborg,2025-04-21
dxm0hTL6,DK1,viborg,lyngby,2025-04-21
hpjqdBMs,DK1,aalborg,sonderjyske,2025-04-20
xzwfgF57,DK1,brondby,nordsjaelland,2025-04-18
IXMheyye,DK1,midtjylland,fc copenhagen,2025-04-17
pKOpcc6r,DK1,randers fc,aarhus,2025-04-17
8IoPjGp2,DK1,lyngby,sonderjyske,2025-04-17
YewBEJx9,DK1,vejle,viborg,2025-04-17
CjhGhxGk,DK1,silkeborg,aalborg,2025-04-16
GK6pbbhS,DK1,sonderjyske,vejle,2025-04-14
QZsE2JrL,DK1,nordsjaelland,randers fc,2025-04-13
I9v64uE8,DK1,aarhus,midtjylland,2025-04-13
tr494cb2,DK1,fc copenhagen,brondby,2025-04-13
KhDy0KNF,DK1,viborg,silkeborg,2025-04-13
YyFT1tg3,DK1,aalborg,lyngby,2025-04-11
lzn26JTk,DK1,brondby,aarhus,2025-04-07
Uk5VBu6S,DK1,nordsjaelland,fc copenhagen,2025-04-06
htxsvw1d,DK1,vejle,aalborg,2025-04-06
pGYYuaWq,DK1,silkeborg,lyngby,2025-04-06
QVi2oL8M,DK1,viborg,sonderjyske,2025-04-06
dx7ND1yG,DK1,randers fc,midtjylland,2025-04-04
0ADEFN63,DK1,fc copenhagen,randers fc,2025-03-31
fDQSiKEd,DK1,midtjylland,brondby,2025-03-30
YcxKgtpp,DK1,aarhus,nordsjaelland,2025-03-30
hIgfmsvA,DK1,lyngby,vejle,2025-03-30
C8onk39c,DK1,sonderjyske,silkeborg,2025-03-30
p2g0RaHj,DK1,aalborg,viborg,2025-03-28
tdk6dJtn,DK1,brondby,silkeborg,2025-03-16
AysNhytB,DK1,lyngby,nordsjaelland,2025-03-16
2BwFfcBb,DK1,midtjylland,randers fc,2025-03-16
tIQt9dQi,DK1,sonderjyske,aalborg,2025-03-16
63zWjFAN,DK1,vejle,aarhus,2025-03-16
2ZL1ogYp,DK1,viborg,fc copenhagen,2025-03-16
z7QniO46,DK1,randers fc,brondby,2025-03-10
dhm00SsK,DK1,fc copenhagen,sonderjyske,2025-03-09
GdADxPkD,DK1,aarhus,viborg,2025-03-09
2gSvgpzf,DK1,aalborg,midtjylland,2025-03-09
WYJek2ZI,DK1,silkeborg,lyngby,2025-03-09
6RYVf65s,DK1,nordsjaelland,vejle,2025-03-07
QmkFTT6r,DK1,brondby,lyngby,2025-03-03
fTtWPo67,DK1,aalborg,fc copenhagen,2025-03-02
YDhNR7ye,DK1,midtjylland,nordsjaelland,2025-03-02
GYRQoTSQ,DK1,sonderjyske,silkeborg,2025-03-02
8W65voL0,DK1,viborg,vejle,2025-03-02
MZYHmkbE,DK1,randers fc,aarhus,2025-02-28
vePzyicB,DK1,aalborg,nordsjaelland,2025-02-26
O4YryCE8,DK1,viborg,silkeborg,2025-02-24
8YLBx4YF,DK1,fc copenhagen,midtjylland,2025-02-23
6T3bTae2,DK1,vejle,brondby,2025-02-23
dIWjZkqL,DK1,aarhus,aalborg,2025-02-23
EVOJzr3S,DK1,nordsjaelland,sonderjyske,2025-02-23
b30jVLQk,DK1,lyngby,randers fc,2025-02-21
KCuHGMBd,DK1,randers fc,fc copenhagen,2025-02-17
C6S2vQ33,DK1,midtjylland,lyngby,2025-02-16
Opn8Irsp,DK1,sonderjyske,aarhus,2025-02-16
IuySxDSb,DK1,silkeborg,vejle,2025-02-16
AFXJvZcn,DK1,brondby,viborg,2025-02-14
bNOS7hTO,DK1,fc copenhagen,nordsjaelland,2024-12-02
A1hoQZrg,DK1,silkeborg,aarhus,2024-12-01
IRegODD5,DK1,vejle,midtjylland,2024-12-01
ln4xSeEt,DK1,lyngby,sonderjyske,2024-12-01
by41MirI,DK1,viborg,randers fc,2024-12-01
Wl29KVCU,DK1,brondby,aalborg,2024-11-29
b1mheFqJ,DK1,midtjylland,silkeborg,2024-11-25
h4ppcyF6,DK1,fc copenhagen,lyngby,2024-11-24
vL8R9EbC,DK1,sonderjyske,brondby,2024-11-24
AuHADdam,DK1,aalborg,viborg,2024-11-24
vcQvJIyQ,DK1,randers fc,vejle,2024-11-24
67AJBzUa,DK1,nordsjaelland,aarhus,2024-11-22
jHL2pbV0,DK1,brondby,nordsjaelland,2024-11-10
riIfnK0l,DK1,aarhus,fc copenhagen,2024-11-10
CW9Brx0D,DK1,viborg,midtjylland,2024-11-10
dxiyacpf,DK1,lyngby,aalborg,2024-11-10
4vCd6uhK,DK1,silkeborg,randers fc,2024-11-10
fa6wrfVa,DK1,aarhus,viborg,2026-05-17
IJCakxwQ,DK1,midtjylland,brondby,2026-05-17
l23VqG0m,DK1,sonderjyske,nordsjaelland,2026-05-17
4jXfEwTh,DK1,fc copenhagen,randers fc,2026-05-17
CGz3CHc5,DK1,fredericia,silkeborg,2026-05-17
pUYAAeSH,DK1,odense,vejle,2026-05-17
6cIy9riD,DK1,randers fc,odense,2026-05-11
pY8bVGof,DK1,brondby,aarhus,2026-05-10
00FTA4M0,DK1,silkeborg,fc copenhagen,2026-05-10
IaM5TfG6,DK1,nordsjaelland,midtjylland,2026-05-10
dQTnGabt,DK1,vejle,fredericia,2026-05-10
QPPDRYpJ,DK1,viborg,sonderjyske,2026-05-08
CKAjXxHs,DK1,midtjylland,viborg,2026-05-04
txKKxagK,DK1,aarhus,sonderjyske,2026-05-03
hzCLCQil,DK1,fredericia,fc copenhagen,2026-05-03
lvNsK8aE,DK1,odense,silkeborg,2026-05-03
d4QkInUQ,DK1,randers fc,vejle,2026-05-03
EVRYEe1D,DK1,brondby,nordsjaelland,2026-05-01
dWKdd577,DK1,fc copenhagen,vejle,2026-04-27
tITQGHW0,DK1,aarhus,midtjylland,2026-04-26
zLQIIw2l,DK1,viborg,nordsjaelland,2026-04-26
4xzmOavR,DK1,sonderjyske,brondby,2026-04-26
GhJt0m8r,DK1,fredericia,odense,2026-04-26
OIMlbRxe,DK1,silkeborg,randers fc,2026-04-26
WOyuQL9E,DK1,sonderjyske,midtjylland,2026-04-23
4Iqg2IH7,DK1,nordsjaelland,aarhus,2026-04-23
pASA59pL,DK1,randers fc,fredericia,2026-04-23
I1oo4vme,DK1,viborg,brondby,2026-04-22
pjjJaJd2,DK1,fc copenhagen,odense,2026-04-22
CdU27VF8,DK1,vejle,silkeborg,2026-04-22
plmw60Ir,DK1,midtjylland,aarhus,2026-04-20
xQnB1uSk,DK1,vejle,fc copenhagen,2026-04-19
vkL5O8Y9,DK1,nordsjaelland,viborg,2026-04-19
YTcX8NZF,DK1,odense,randers fc,2026-04-19
tf1u714S,DK1,silkeborg,fredericia,2026-04-19
WOHcQU3c,DK1,brondby,sonderjyske,2026-04-17
nDaPAq53,DK1,fredericia,vejle,2026-04-13
fJCwmtDd,DK1,randers fc,fc copenhagen,2026-04-12
vVUB2RBj,DK1,brondby,midtjylland,2026-04-12
ng9Vl2rp,DK1,silkeborg,odense,2026-04-12
O4Pt8mlT,DK1,sonderjyske,viborg,2026-04-12
GvMY99JG,DK1,aarhus,nordsjaelland,2026-04-10
rRNQBVl4,DK1,nordsjaelland,brondby,2026-04-07
z1KIDiKi,DK1,viborg,aarhus,2026-04-06
GAIafOKM,DK1,odense,fredericia,2026-04-06
rcKidpjA,DK1,vejle,randers fc,2026-04-06
jk2pb6Lc,DK1,fc copenhagen,silkeborg,2026-04-05
U3XWklSp,DK1,midtjylland,sonderjyske,2026-04-04
YXo1eA4N,DK1,viborg,midtjylland,2026-03-22
Q7rgcWZA,DK1,aarhus,brondby,2026-03-22
OrAbz3Tj,DK1,fc copenhagen,fredericia,2026-03-22
Isuoah5b,DK1,nordsjaelland,sonderjyske,2026-03-22
hdmRhBqI,DK1,randers fc,silkeborg,2026-03-22
pWqJfXE5,DK1,vejle,odense,2026-03-20
bFoBdgpg,DK1,silkeborg,vejle,2026-03-16
pUtw1Ezn,DK1,brondby,viborg,2026-03-15
dY1TtBkU,DK1,sonderjyske,aarhus,2026-03-15
l8bLrXKH,DK1,midtjylland,nordsjaelland,2026-03-15
Q1m3bFFt,DK1,odense,fc copenhagen,2026-03-15
zw8gvCUO,DK1,fredericia,randers fc,2026-03-13
xnwqNmLO,DK1,fc copenhagen,randers fc,2026-03-01
GC8gsi6t,DK1,fredericia,silkeborg,2026-03-01
rPaAw955,DK1,midtjylland,brondby,2026-03-01
nHdRZQ4U,DK1,sonderjyske,odense,2026-03-01
M9B1uVzg,DK1,vejle,aarhus,2026-03-01
jk3IymzI,DK1,viborg,nordsjaelland,2026-03-01
zer0NdF7,DK1,brondby,sonderjyske,2026-02-23
vTliPIpe,DK1,aarhus,viborg,2026-02-22
4YvyP9jC,DK1,silkeborg,midtjylland,2026-02-22
86oSQVLa,DK1,randers fc,fredericia,2026-02-22
MkmKSiim,DK1,odense,fc copenhagen,2026-02-21
21zno07E,DK1,nordsjaelland,vejle,2026-02-20
6FjqRvGr,DK1,sonderjyske,silkeborg,2026-02-16
fNi5YMN8,DK1,viborg,brondby,2026-02-15
2meDW0hL,DK1,odense,midtjylland,2026-02-15
EREIAJV1,DK1,fredericia,aarhus,2026-02-15
Ot8oI1wS,DK1,fc copenhagen,nordsjaelland,2026-02-14
61BACu1k,DK1,randers fc,vejle,2026-02-13
tbje7pP9,DK1,aarhus,odense,2026-02-09
jT9wKN8F,DK1,vejle,fredericia,2026-02-09
xQq45OgM,DK1,brondby,randers fc,2026-02-08
f1GULqv3,DK1,midtjylland,fc copenhagen,2026-02-08
6uzz02Hq,DK1,nordsjaelland,sonderjyske,2026-02-08
SfOrbtnd,DK1,silkeborg,viborg,2026-02-08
j9N21fyi,DK1,vejle,brondby,2025-12-08
UHy8CKqh,DK1,fc copenhagen,sonderjyske,2025-12-07
fPMX6GDT,DK1,randers fc,aarhus,2025-12-07
Y9YO8xqH,DK1,nordsjaelland,silkeborg,2025-12-07
8phm96fc,DK1,viborg,midtjylland,2025-12-07
QqVGAbE4,DK1,fredericia,odense,2025-12-05
pSl1GTpQ,DK1,brondby,fredericia,2025-12-01
xQTu9ow0,DK1,odense,vejle,2025-11-30
GAuXA78m,DK1,midtjylland,nordsjaelland,2025-11-30
6qpMhQhJ,DK1,aarhus,fc copenhagen,2025-11-30
xOlMlHio,DK1,silkeborg,randers fc,2025-11-30
pjXm7P7C,DK1,sonderjyske,viborg,2025-11-28
x4h5d8gf,DK1,randers fc,odense,2025-11-24
UwkcbUOs,DK1,sonderjyske,midtjylland,2025-11-23
p6DQ3j1K,DK1,nordsjaelland,fredericia,2025-11-23
YVoEfnO6,DK1,viborg,vejle,2025-11-23
YH6utm9D,DK1,fc copenhagen,brondby,2025-11-23
xjDWs9v1,DK1,silkeborg,aarhus,2025-11-21
AFgkVVfe,DK1,brondby,nordsjaelland,2025-11-09
Em0tXiQr,DK1,aarhus,sonderjyske,2025-11-09
4xFOqV9l,DK1,randers fc,midtjylland,2025-11-09
IuccT9P7,DK1,fredericia,viborg,2025-11-09
phYikinR,DK1,vejle,fc copenhagen,2025-11-09
bTkB9gcj,B1,club brugge kv,anderlecht,2022-05-22
xKlF8DCd,B1,royale union sg,antwerp,2022-05-22
SO5VTr02,B1,gent,charleroi,2022-05-21
6F4ZS2F8,B1,kv mechelen,genk,2022-05-21
G406AZsp,B1,anderlecht,royale union sg,2022-05-15
OjukLjd2,B1,genk,gent,2022-05-15
6eYxS1DH,B1,antwerp,club brugge kv,2022-05-15
AmyoMWtd,B1,charleroi,kv mechelen,2022-05-14
CYYYSsbB,B1,anderlecht,antwerp,2022-05-12
YszVTNr5,B1,club brugge kv,royale union sg,2022-05-11
GQysNCRk,B1,genk,charleroi,2022-05-10
xzwwOhCq,B1,kv mechelen,gent,2022-05-10
G6uQU3Tb,B1,antwerp,anderlecht,2022-05-08
xGtMVqEh,B1,royale union sg,club brugge kv,2022-05-08
Y5YHSY3S,B1,gent,kv mechelen,2022-05-07
fFZDTElM,B1,charleroi,genk,2022-05-06
rgsIWPbn,B1,anderlecht,club brugge kv,2022-05-01
UkwEX5qt,B1,antwerp,royale union sg,2022-05-01
QaqWfHy6,B1,seraing,rwdm brussels,2022-04-30
0hzAUfZF,B1,charleroi,gent,2022-04-30
nkW5VzK9,B1,genk,kv mechelen,2022-04-29
W0b0ErqI,B1,royale union sg,anderlecht,2022-04-24
4SB7CMDU,B1,gent,genk,2022-04-24
hAadFOTB,B1,club brugge kv,antwerp,2022-04-24
QyD3D2bO,B1,kv mechelen,charleroi,2022-04-23
ryfRecMa,B1,rwdm brussels,seraing,2022-04-23
YViKiWbH,B1,charleroi,waregem,2022-04-10
xhzlkwwJ,B1,club brugge kv,kv mechelen,2022-04-10
CrrdczVu,B1,gent,leuven,2022-04-10
pdt4eEah,B1,kortrijk,anderlecht,2022-04-10
Q5lCghU4,B1,royale union sg,beerschot va,2022-04-10
rsa7fYEb,B1,seraing,genk,2022-04-10
4dmGhCqB,B1,st. truiden,st. liege,2022-04-10
jZt0dfpn,B1,antwerp,cercle brugge ksv,2022-04-09
CMjOjjEN,B1,eupen,oostende,2022-04-09
KnbcaN0Q,B1,genk,eupen,2022-04-03
OK4l1qWD,B1,anderlecht,charleroi,2022-04-03
ULqTg1Om,B1,cercle brugge ksv,gent,2022-04-03
xO8h03oK,B1,st. liege,royale union sg,2022-04-03
MepPfs9s,B1,leuven,antwerp,2022-04-02
jyYyhug0,B1,kv mechelen,kortrijk,2022-04-02
b1ypjJNC,B1,oostende,seraing,2022-04-02
8CrXhLwf,B1,waregem,st. truiden,2022-04-02
4vxtia86,B1,beerschot va,club brugge kv,2022-04-01
EkNcvMO0,B1,st. truiden,beerschot va,2022-03-20
pUqFnpHK,B1,gent,anderlecht,2022-03-20
U1LosOvr,B1,kortrijk,st. liege,2022-03-20
GfuBmQ1E,B1,club brugge kv,genk,2022-03-20
OKrJo4WQ,B1,antwerp,waregem,2022-03-19
WQH2wtv7,B1,charleroi,cercle brugge ksv,2022-03-19
txPktrfl,B1,seraing,leuven,2022-03-19
AHG6x0gD,B1,eupen,kv mechelen,2022-03-19
zaOgu29f,B1,royale union sg,oostende,2022-03-18
QkrpZQnL,B1,st. liege,seraing,2022-03-13
za2OPM97,B1,beerschot va,gent,2022-03-13
KCslYp2R,B1,genk,st. truiden,2022-03-13
Cnvtz7XE,B1,anderlecht,antwerp,2022-03-13
x4t7l6n8,B1,oostende,club brugge kv,2022-03-12
lr0CSOPl,B1,cercle brugge ksv,kortrijk,2022-03-12
SYbGRrue,B1,waregem,eupen,2022-03-12
MebKQ2f1,B1,kv mechelen,charleroi,2022-03-12
MLTFT4Ar,B1,leuven,royale union sg,2022-03-11
UNlyymI8,B1,eupen,leuven,2022-03-06
YeJ6L7IL,B1,gent,waregem,2022-03-06
jXkXyT22,B1,charleroi,st. liege,2022-03-06
GKO1Mm3F,B1,anderlecht,oostende,2022-03-06
CnIAKRXR,B1,antwerp,beerschot va,2022-03-06
t28tF5ek,B1,seraing,club brugge kv,2022-03-05
UR4xGotq,B1,kortrijk,royale union sg,2022-03-05
OQcoEPAe,B1,cercle brugge ksv,genk,2022-03-05
2HdkDqQ1,B1,st. truiden,kv mechelen,2022-03-04
APt6EJnl,B1,st. liege,beerschot va,2022-03-02
QVe9GcFd,B1,waregem,seraing,2022-02-27
KQpTzS0B,B1,st. liege,gent,2022-02-27
2kzYZoGH,B1,genk,kortrijk,2022-02-27
6NtPy8o5,B1,club brugge kv,antwerp,2022-02-27
vFc1IJpp,B1,leuven,anderlecht,2022-02-26
U3MkPkJd,B1,kv mechelen,cercle brugge ksv,2022-02-26
xUPcNTm9,B1,oostende,st. truiden,2022-02-26
nuc5Hw0j,B1,royale union sg,eupen,2022-02-26
r7QgO9Y2,B1,beerschot va,charleroi,2022-02-25
tM6jN8WB,B1,gent,seraing,2022-02-23
xrk8ujnt,B1,st. truiden,leuven,2022-02-20
Cn2nOlH5,B1,anderlecht,genk,2022-02-20
Y9rHwUGh,B1,eupen,club brugge kv,2022-02-20
KC5fMSoI,B1,antwerp,kv mechelen,2022-02-20
GYmCvA1n,B1,charleroi,royale union sg,2022-02-19
2yeaLn1O,B1,kortrijk,waregem,2022-02-19
C0sLxlWb,B1,oostende,st. liege,2022-02-19
0MD2K6GU,B1,cercle brugge ksv,beerschot va,2022-02-19
OOI66Pk3,B1,genk,kv mechelen,2022-02-16
jXDwQAng,B1,beerschot va,kortrijk,2022-02-13
fkGGAVn6,B1,club brugge kv,charleroi,2022-02-13
tbO3WC9P,B1,royale union sg,st. truiden,2022-02-13
8hKK9k2C,B1,genk,st. liege,2022-02-13
r7AVRWHt,B1,waregem,anderlecht,2022-02-12
xU9ZQjXn,B1,kv mechelen,oostende,2022-02-12
2FJO89HI,B1,leuven,cercle brugge ksv,2022-02-12
Ye3rPU1a,B1,eupen,gent,2022-02-12
t6IS7TWO,B1,seraing,antwerp,2022-02-11
f79n7dtE,B1,leuven,genk,2022-02-09
I5jtXObp,B1,waregem,oostende,2022-02-09
8hrTJZPJ,B1,genk,waregem,2022-02-06
GbesdWXC,B1,anderlecht,eupen,2022-02-06
40N3DX2m,B1,kv mechelen,beerschot va,2022-02-06
bN0xcCI6,B1,club brugge kv,gent,2022-02-06
tn42sLXb,B1,genk,antwerp,2023-06-04
z936tum5,B1,royale union sg,club brugge kv,2023-06-04
6H3jxoDG,B1,cercle brugge ksv,westerlo,2023-06-03
0v3fy5SM,B1,gent,st. liege,2023-06-03
2e5br1Ih,B1,club brugge kv,genk,2023-05-28
pKAgqs3n,B1,antwerp,royale union sg,2023-05-28
SQ4nwRcA,B1,st. liege,cercle brugge ksv,2023-05-27
AkAsv7r4,B1,westerlo,gent,2023-05-27
6TBkpNmt,B1,genk,royale union sg,2023-05-21
U7zpPwIU,B1,club brugge kv,antwerp,2023-05-21
WbBwumTc,B1,gent,cercle brugge ksv,2023-05-20
xxCZuTDi,B1,westerlo,st. liege,2023-05-20
IXWuQJ2O,B1,royale union sg,genk,2023-05-14
z9syRamI,B1,antwerp,club brugge kv,2023-05-14
OY7Vt9bo,B1,st. liege,westerlo,2023-05-13
K0skYGfo,B1,cercle brugge ksv,gent,2023-05-13
dIrXRuYB,B1,antwerp,genk,2023-05-07
IieNxcnU,B1,westerlo,cercle brugge ksv,2023-05-07
AReJwwXN,B1,st. liege,gent,2023-05-06
SrvTSLI5,B1,club brugge kv,royale union sg,2023-05-06
lhuPT13a,B1,royale union sg,antwerp,2023-05-03
6TkKUslg,B1,genk,club brugge kv,2023-04-30
WzcFvJHH,B1,cercle brugge ksv,st. liege,2023-04-29
lC7Aua2B,B1,gent,westerlo,2023-04-28
0UecTYwT,B1,anderlecht,kv mechelen,2023-04-23
0hEPSM4F,B1,charleroi,genk,2023-04-23
KIv0UEOM,B1,club brugge kv,eupen,2023-04-23
2wrPOhnp,B1,gent,oostende,2023-04-23
A3oXMWGd,B1,kortrijk,royale union sg,2023-04-23
d0sTNC1j,B1,leuven,st. liege,2023-04-23
hSAHUrz3,B1,waregem,cercle brugge ksv,2023-04-23
M1FLT2k9,B1,st. truiden,antwerp,2023-04-23
EyCDVOKd,B1,seraing,westerlo,2023-04-22
CnluZxAi,B1,royale union sg,seraing,2023-04-16
ptdgBZHp,B1,antwerp,kortrijk,2023-04-16
jwmqYdPc,B1,kv mechelen,gent,2023-04-16
4rrPS1mI,B1,genk,anderlecht,2023-04-16
Y1xlXGv4,B1,westerlo,club brugge kv,2023-04-15
OWfcAgXj,B1,cercle brugge ksv,st. truiden,2023-04-15
tSudVf9G,B1,oostende,leuven,2023-04-15
n5thWzfA,B1,eupen,waregem,2023-04-15
6cPLTsYB,B1,st. liege,charleroi,2023-04-14
YqRDV33a,B1,st. truiden,oostende,2023-04-09
4U2jE2YO,B1,st. liege,genk,2023-04-09
reY0Y5Jt,B1,antwerp,cercle brugge ksv,2023-04-09
Qw4nFrJI,B1,anderlecht,westerlo,2023-04-09
6ZtZxnBP,B1,gent,royale union sg,2023-04-08
CzQHUNI5,B1,charleroi,waregem,2023-04-08
G8W8Wqlg,B1,kortrijk,eupen,2023-04-08
xIX4XPYn,B1,leuven,kv mechelen,2023-04-08
ID4rGO3C,B1,club brugge kv,seraing,2023-04-07
UmWfPStQ,B1,royale union sg,st. truiden,2023-04-02
lYCRJ64m,B1,kv mechelen,club brugge kv,2023-04-02
dbGZHpZa,B1,eupen,anderlecht,2023-04-02
QJu525ZC,B1,genk,leuven,2023-04-02
vN5vH4l6,B1,oostende,st. liege,2023-04-01
xfq91PlJ,B1,seraing,gent,2023-04-01
reCVIQJg,B1,westerlo,charleroi,2023-04-01
jcXjQ8RJ,B1,cercle brugge ksv,kortrijk,2023-04-01
AsENKnks,B1,waregem,antwerp,2023-03-31
4t99DVsE,B1,gent,eupen,2023-03-19
zVnh57kf,B1,royale union sg,kv mechelen,2023-03-19
xf7HB9CQ,B1,leuven,anderlecht,2023-03-19
rX7DCkcK,B1,antwerp,charleroi,2023-03-19
IwlZln5D,B1,st. liege,waregem,2023-03-18
rej03oK6,B1,oostende,westerlo,2023-03-18
44id4R40,B1,st. truiden,seraing,2023-03-18
EFbq7TKs,B1,kortrijk,club brugge kv,2023-03-18
dvll6mzl,B1,cercle brugge ksv,genk,2023-03-17
d0Hw0CDE,B1,anderlecht,cercle brugge ksv,2023-03-12
vP6raWSK,B1,genk,royale union sg,2023-03-12
A7cEgAjr,B1,waregem,gent,2023-03-12
pQDZ0hb8,B1,club brugge kv,st. liege,2023-03-12
IF5nbjrR,B1,seraing,antwerp,2023-03-11
vmkVkSk7,B1,eupen,oostende,2023-03-11
WMoNilLf,B1,westerlo,kortrijk,2023-03-11
lbdIhU5l,B1,kv mechelen,st. truiden,2023-03-11
pQkRj8z1,B1,charleroi,leuven,2023-03-10
zeWrvVje,B1,royale union sg,eupen,2023-03-05
UkHbauN3,B1,gent,anderlecht,2023-03-05
8tG2baxA,B1,antwerp,kv mechelen,2023-03-05
hWQmwk61,B1,st. truiden,genk,2023-03-05
MPHf0L7c,B1,st. liege,westerlo,2023-03-04
d4XvuByk,B1,cercle brugge ksv,seraing,2023-03-04
j557cJiG,B1,leuven,waregem,2023-03-04
2sYztiMr,B1,kortrijk,charleroi,2023-03-04
WMPix9L7,B1,oostende,club brugge kv,2023-03-03
tUv8xIFj,B1,charleroi,st. truiden,2023-02-26
t6dLoMh4,B1,anderlecht,st. liege,2023-02-26
EJfTq0NG,B1,leuven,antwerp,2023-02-26
rLwIn2wb,B1,club brugge kv,gent,2023-02-26
SQz4wb0p,B1,westerlo,royale union sg,2023-02-25
rZIj11hi,B1,eupen,cercle brugge ksv,2023-02-25
zTePpt8A,B1,genk,oostende,2023-02-25
WfkYrKxN,B1,seraing,kv mechelen,2023-02-25
AolxrvhT,B1,waregem,kortrijk,2023-02-24
M5k9lO8o,B1,st. truiden,westerlo,2023-02-19
thHnXMwB,B1,kortrijk,anderlecht,2023-02-19
Mk1oZr9b,B1,gent,leuven,2023-02-19
lIKfV08N,B1,cercle brugge ksv,club brugge kv,2023-02-19
WtAaUKNT,B1,royale union sg,st. liege,2023-02-18
0dlDmrOi,B1,oostende,charleroi,2023-02-18
zFGjWtgH,B1,seraing,waregem,2023-02-18
21IrY2O4,B1,antwerp,eupen,2023-02-18
YkdRPvWp,B1,kv mechelen,genk,2023-02-17
ABXSG1gU,B1,waregem,oostende,2023-02-12
OfVGJ39B,B1,st. liege,kortrijk,2023-02-12
tWuCKqf5,B1,anderlecht,st. truiden,2023-02-12
2oUKINOH,B1,genk,antwerp,2023-02-12
WMaZW1Or,B1,genk,gent,2024-06-02
p4E9Oop6,B1,antwerp,anderlecht,2024-05-26
OfDDN5aC,B1,club brugge kv,cercle brugge ksv,2024-05-26
GU95PRUa,B1,royale union sg,genk,2024-05-26
buYaQzZA,B1,kortrijk,lommel sk,2024-05-26
2sEdBjSu,B1,gent,st. truiden,2024-05-25
QLxij7dU,B1,kv mechelen,st. liege,2024-05-25
CIYnimsO,B1,leuven,westerlo,2024-05-25
xvB1Q7Fg,B1,genk,antwerp,2024-05-20
QRZiSd4b,B1,lommel sk,kortrijk,2024-05-19
fFLdRm0m,B1,anderlecht,club brugge kv,2024-05-19
tCHhSTps,B1,cercle brugge ksv,royale union sg,2024-05-19
UgqrhTRH,B1,st. liege,gent,2024-05-18
j3pvg9CB,B1,westerlo,kv mechelen,2024-05-18
MTuzfkc5,B1,st. truiden,leuven,2024-05-17
OWUQW9xQ,B1,club brugge kv,royale union sg,2024-05-13
ptWMXkNJ,B1,antwerp,cercle brugge ksv,2024-05-12
6Fz7mcb4,B1,deinze,lommel sk,2024-05-12
rwsWfVsa,B1,st. truiden,kv mechelen,2024-05-12
0EiReBSh,B1,gent,leuven,2024-05-12
plQo96pJ,B1,anderlecht,genk,2024-05-11
0I1DlZ3S,B1,charleroi,kortrijk,2024-05-11
MR29kFlM,B1,eupen,rwdm brussels,2024-05-11
lvlNdiDn,B1,st. liege,westerlo,2024-05-10
S435jeZF,B1,kortrijk,eupen,2024-05-05
6cRsAnVC,B1,royale union sg,anderlecht,2024-05-05
fHlJcXct,B1,leuven,st. liege,2024-05-05
AmsbkJTi,B1,lommel sk,deinze,2024-05-05
CzSwBSF6,B1,antwerp,club brugge kv,2024-05-05
bXNZB800,B1,cercle brugge ksv,genk,2024-05-04
h82i2DkP,B1,kv mechelen,gent,2024-05-04
E1a1iyK9,B1,rwdm brussels,charleroi,2024-05-04
GjJ8wUCO,B1,westerlo,st. truiden,2024-05-03
jDJfEfPE,B1,lommel sk,waregem,2024-05-01
2iw0hD2e,B1,deinze,patro eisden,2024-05-01
WxAdhH43,B1,rwdm brussels,kortrijk,2024-04-28
G8YUClof,B1,royale union sg,antwerp,2024-04-28
xIZQDUVm,B1,cercle brugge ksv,anderlecht,2024-04-28
8rVMEAGs,B1,genk,club brugge kv,2024-04-28
x0K4vAcI,B1,gent,westerlo,2024-04-27
z5y8jiX7,B1,waregem,lommel sk,2024-04-27
rwL0ujrC,B1,st. liege,st. truiden,2024-04-27
UZGdtWS5,B1,kv mechelen,leuven,2024-04-27
8hpifZXr,B1,patro eisden,deinze,2024-04-27
hnBhgckc,B1,eupen,charleroi,2024-04-26
6ZreJj8Q,B1,antwerp,royale union sg,2024-04-25
QPzmLCwE,B1,anderlecht,cercle brugge ksv,2024-04-24
OAgjKWhK,B1,club brugge kv,genk,2024-04-24
nBRisCDa,B1,st. liege,kv mechelen,2024-04-23
8KSmrhbg,B1,st. truiden,gent,2024-04-23
0fTqqYrm,B1,westerlo,leuven,2024-04-23
4WHAUDCd,B1,charleroi,eupen,2024-04-21
CMn5dT0D,B1,royale union sg,club brugge kv,2024-04-21
QuJ6Vgcj,B1,kortrijk,rwdm brussels,2024-04-21
YVm1c9o7,B1,cercle brugge ksv,antwerp,2024-04-21
GfgdbkW0,B1,genk,anderlecht,2024-04-20
M3UupETt,B1,gent,kv mechelen,2024-04-20
t6GB1taE,B1,westerlo,st. liege,2024-04-20
S2C72Mq8,B1,leuven,st. truiden,2024-04-20
EaOPww77,B1,leuven,gent,2024-04-14
x4fhaVGf,B1,anderlecht,royale union sg,2024-04-14
tIxXHLA0,B1,kortrijk,charleroi,2024-04-14
rsel0B1l,B1,club brugge kv,antwerp,2024-04-14
Uwip1inr,B1,genk,cercle brugge ksv,2024-04-13
z9PLvJi1,B1,kv mechelen,westerlo,2024-04-13
newTI1ef,B1,rwdm brussels,eupen,2024-04-13
IXUGuaxe,B1,st. truiden,st. liege,2024-04-12
vsWCtuNl,B1,westerlo,gent,2024-04-07
OdEH5XwR,B1,club brugge kv,anderlecht,2024-04-07
YiZOJstl,B1,eupen,kortrijk,2024-04-07
p6FD6DOK,B1,royale union sg,cercle brugge ksv,2024-04-07
xtG97g9E,B1,antwerp,genk,2024-04-06
pKW8sL7r,B1,st. liege,leuven,2024-04-06
jTqKKNQs,B1,charleroi,rwdm brussels,2024-04-06
OGQsn1aR,B1,kv mechelen,st. truiden,2024-04-05
6wJrvCR2,B1,genk,royale union sg,2024-04-01
pUHnwWt9,B1,cercle brugge ksv,club brugge kv,2024-04-01
x04trXtd,B1,st. truiden,westerlo,2024-03-31
E3MjxjdF,B1,anderlecht,antwerp,2024-03-30
rw5xqDRk,B1,leuven,kv mechelen,2024-03-30
4n6YqgCq,B1,gent,st. liege,2024-03-29
K2YeyE17,B1,cercle brugge ksv,rwdm brussels,2024-03-17
QaPoby9K,B1,gent,charleroi,2024-03-17
8OEjceOQ,B1,leuven,kv mechelen,2024-03-17
v75MiZol,B1,westerlo,genk,2024-03-17
bgXazYGD,B1,antwerp,royale union sg,2024-03-17
n9QsaHgE,B1,st. truiden,club brugge kv,2024-03-17
pp6IhFWs,B1,anderlecht,kortrijk,2024-03-16
xvqixfn1,B1,st. liege,eupen,2024-03-16
bkP6c4I9,B1,eupen,st. truiden,2024-03-10
hjsuud2r,B1,royale union sg,gent,2024-03-10
lKsGzsBd,B1,club brugge kv,leuven,2024-03-10
WttqvGHl,B1,genk,st. liege,2024-03-10
xtOAdOXF,B1,rwdm brussels,anderlecht,2024-03-09
Q3umwzXf,B1,charleroi,cercle brugge ksv,2024-03-09
4SP2bp33,B1,kortrijk,antwerp,2024-03-09
jPLbaQmc,B1,kv mechelen,westerlo,2024-03-08
WKhxrPIM,B1,kortrijk,rwdm brussels,2024-03-03
IHlYr53G,B1,anderlecht,eupen,2024-03-03
SSeLo7Jc,B1,antwerp,st. truiden,2024-03-03
p4jQpRY3,B1,genk,club brugge kv,2024-03-03
ATrCyNej,B1,st. liege,gent,2024-03-02
OfkUqolA,B1,leuven,royale union sg,2024-03-02
GhU8x3tp,B1,cercle brugge ksv,kv mechelen,2024-03-02
thPCUuEb,B1,antwerp,charleroi,2025-05-29
EVACnTRb,B1,club brugge kv,antwerp,2025-05-25
I3H3lkcn,B1,genk,anderlecht,2025-05-25
Sz6hsYkJ,B1,royale union sg,gent,2025-05-25
AHSXTxYh,B1,charleroi,leuven,2025-05-24
vcKlQfXH,B1,dender,kv mechelen,2025-05-24
IsWuSG25,B1,westerlo,st. liege,2025-05-24
SCHczQx9,B1,cercle brugge ksv,patro eisden,2025-05-23
06PBCMp2,B1,patro eisden,cercle brugge ksv,2025-05-18
nRcpqfL6,B1,gent,genk,2025-05-18
jFCWVb3t,B1,kv mechelen,charleroi,2025-05-18
v1fxoGjf,B1,anderlecht,club brugge kv,2025-05-18
Io6TnxMs,B1,antwerp,royale union sg,2025-05-17
z3xNBeIO,B1,st. liege,dender,2025-05-17
vyqEDHmC,B1,leuven,westerlo,2025-05-16
WAu6FwJa,B1,dender,leuven,2025-05-11
n3FchbbK,B1,genk,club brugge kv,2025-05-11
E1BtnNrL,B1,patro eisden,sporting lokeren,2025-05-11
8KAIUf6D,B1,gent,antwerp,2025-05-11
z7CAWGy1,B1,anderlecht,royale union sg,2025-05-10
AeicHalm,B1,kv mechelen,st. liege,2025-05-10
nuHXf6x9,B1,beerschot va,cercle brugge ksv,2025-05-10
f5Kugp7L,B1,kortrijk,st. truiden,2025-05-10
fVoSMLQP,B1,charleroi,westerlo,2025-05-09
6qvoX2p2,B1,st. truiden,beerschot va,2025-05-04
vN3uaIYI,B1,st. liege,charleroi,2025-05-04
vuJ1Yx7l,B1,royale union sg,genk,2025-05-03
695X0v46,B1,leuven,kv mechelen,2025-05-03
0nywZOFk,B1,cercle brugge ksv,kortrijk,2025-05-03
6y8YmqE8,B1,sporting lokeren,patro eisden,2025-05-03
AsCO20Zg,B1,westerlo,dender,2025-05-02
8dSVwaqR,B1,club brugge kv,gent,2025-05-01
nsvNuLEE,B1,antwerp,anderlecht,2025-05-01
rTH2oF3k,B1,beveren,patro eisden,2025-04-27
veBBqgY1,B1,rwdm brussels,sporting lokeren,2025-04-27
M3nyIHM7,B1,royale union sg,club brugge kv,2025-04-27
QygSJwhe,B1,genk,antwerp,2025-04-27
hOfKLaNr,B1,gent,anderlecht,2025-04-27
6oJ4iXVG,B1,cercle brugge ksv,st. truiden,2025-04-26
OQDG4M4s,B1,charleroi,dender,2025-04-26
4x1rNUK8,B1,westerlo,kv mechelen,2025-04-26
xW8daRS1,B1,leuven,st. liege,2025-04-26
YXKdgg14,B1,beerschot va,kortrijk,2025-04-25
YwEmRLaL,B1,club brugge kv,royale union sg,2025-04-24
U3bMtY57,B1,patro eisden,beveren,2025-04-24
Yy5Drfye,B1,sporting lokeren,rwdm brussels,2025-04-24
0C0tTsV8,B1,anderlecht,gent,2025-04-23
KGNg5vw2,B1,antwerp,genk,2025-04-23
t4Fm1mbk,B1,dender,charleroi,2025-04-22
pYTH69zS,B1,kv mechelen,westerlo,2025-04-22
jZz98V5F,B1,st. liege,leuven,2025-04-22
CjKo708k,B1,gent,club brugge kv,2025-04-20
h6wFCMpS,B1,genk,royale union sg,2025-04-20
Khu7ErGF,B1,anderlecht,antwerp,2025-04-20
r9X0Aiy3,B1,st. liege,westerlo,2025-04-19
0p8G2uId,B1,charleroi,kv mechelen,2025-04-19
hK4841mp,B1,leuven,dender,2025-04-19
OlnpANPM,B1,dender,st. liege,2025-04-13
QgnbG4o3,B1,club brugge kv,genk,2025-04-13
jylxCqeA,B1,kv mechelen,leuven,2025-04-13
bmfCh1gd,B1,antwerp,gent,2025-04-13
xY53fNOq,B1,royale union sg,anderlecht,2025-04-12
x6RmeFWi,B1,st. truiden,cercle brugge ksv,2025-04-12
pbP2XBvo,B1,kortrijk,beerschot va,2025-04-12
f9fTD5Qc,B1,westerlo,charleroi,2025-04-11
S22sj2Yj,B1,charleroi,st. liege,2025-04-06
WYwWCVvB,B1,anderlecht,genk,2025-04-06
0QmWxYGN,B1,st. truiden,kortrijk,2025-04-06
CWNUEiAb,B1,antwerp,club brugge kv,2025-04-06
vJPMGDun,B1,gent,royale union sg,2025-04-05
rVQAeOAT,B1,westerlo,leuven,2025-04-05
h0pOvfnB,B1,cercle brugge ksv,beerschot va,2025-04-05
xYN2cptH,B1,kv mechelen,dender,2025-04-04
t6Uga6B4,B1,dender,westerlo,2025-03-30
0hfCdAfU,B1,genk,gent,2025-03-30
dYjFtGHb,B1,kortrijk,cercle brugge ksv,2025-03-30
hSj4bWPH,B1,club brugge kv,anderlecht,2025-03-30
WC2e0he5,B1,royale union sg,antwerp,2025-03-29
8hWo1Sth,B1,st. liege,kv mechelen,2025-03-29
OKh7rxmn,B1,beerschot va,st. truiden,2025-03-29
hplawPlo,B1,leuven,charleroi,2025-03-28
dWJrnuFa,B1,beerschot va,westerlo,2025-03-16
dIvAXu06,B1,anderlecht,cercle brugge ksv,2025-03-16
lhy2Z1Vg,B1,club brugge kv,charleroi,2025-03-16
ULZ3gNMP,B1,gent,kortrijk,2025-03-16
426arcEO,B1,kv mechelen,dender,2025-03-16
Io8ipJqC,B1,leuven,st. truiden,2025-03-16
l6Gzl1pm,B1,st. liege,antwerp,2025-03-16
xSnIVJUI,B1,genk,royale union sg,2025-03-15
URt3Mfz8,B1,royale union sg,st. liege,2025-03-09
f5YlpbSE,B1,antwerp,gent,2025-03-09
Gr5pZXJD,B1,westerlo,anderlecht,2025-03-09
n3DTxGKl,B1,cercle brugge ksv,club brugge kv,2025-03-09
SxmgyO0s,B1,dender,genk,2025-03-08
dfdNtpwK,B1,charleroi,kv mechelen,2025-03-08
GKMcrxcR,B1,kortrijk,leuven,2025-03-08
rV6xyfk1,B1,st. truiden,beerschot va,2025-03-07
6oXDroiA,B1,leuven,westerlo,2025-03-02
MujlSP6T,B1,st. liege,anderlecht,2025-03-02
hOtKM3Uj,B1,beerschot va,kv mechelen,2025-03-02
h0bXV774,B1,royale union sg,dender,2025-03-01
0nknQxyq,B1,st. truiden,kortrijk,2025-03-01
YJJ6p7Mc,B1,cercle brugge ksv,antwerp,2025-03-01
QDduUoxH,B1,gent,club brugge kv,2025-03-01
YamfOG5e,B1,charleroi,genk,2025-02-28
vcYcH8hB,B1,kortrijk,cercle brugge ksv,2025-02-23
8Glv1m8U,B1,anderlecht,royale union sg,2025-02-23
nsKlLjgn,B1,genk,gent,2025-02-23
0joW29wI,B1,club brugge kv,st. liege,2025-02-23
z5SvyhOs,B1,charleroi,leuven,2026-05-19
AsaR4Tsn,B1,genk,antwerp,2026-05-19
OOBs6XO7,B1,westerlo,st. liege,2026-05-19
v3In5xMN,B1,club brugge kv,royale union sg,2026-05-17
QPovkox0,B1,lommel sk,dender,2026-05-17
0UzqqDLP,B1,anderlecht,kv mechelen,2026-05-17
tjc4S5Jl,B1,st. truiden,gent,2026-05-16
fVOHpQdU,B1,st. liege,genk,2026-05-16
Gb8Z7gfe,B1,charleroi,westerlo,2026-05-16
EekNIA8D,B1,leuven,antwerp,2026-05-15
n5L9nnSH,B1,genk,westerlo,2026-05-10
WxFv7biB,B1,royale union sg,kv mechelen,2026-05-10
6VoFKWw1,B1,antwerp,charleroi,2026-05-10
n7pkNVb6,B1,gent,anderlecht,2026-05-10
pKiiYzjA,B1,club brugge kv,st. truiden,2026-05-09
C4l1zEJU,B1,beerschot va,lommel sk,2026-05-09
vgm9o0rH,B1,raal la louviere,cercle brugge ksv,2026-05-09
C6oHqvDT,B1,waregem,dender,2026-05-09
lhKO0xmS,B1,st. liege,leuven,2026-05-08
WSq1mMD4,B1,dender,raal la louviere,2026-05-03
C6gqzcLc,B1,anderlecht,club brugge kv,2026-05-03
2yMG2bIF,B1,antwerp,st. liege,2026-05-03
EgnsPiUg,B1,kv mechelen,gent,2026-05-03
bPGW8KMb,B1,st. truiden,royale union sg,2026-05-02
vijgxzkI,B1,lommel sk,beerschot va,2026-05-02
Ew82l8c5,B1,charleroi,genk,2026-05-02
8Y4R9FPr,B1,westerlo,leuven,2026-05-02
O2tgkrqh,B1,cercle brugge ksv,waregem,2026-05-01
YF6RwKjJ,B1,beerschot va,patro eisden,2026-04-27
dhpqd16m,B1,rfc liege,lommel sk,2026-04-27
W8g7Rvio,B1,waregem,raal la louviere,2026-04-26
hSDOAthn,B1,anderlecht,royale union sg,2026-04-26
A3zXpEZF,B1,kv mechelen,st. truiden,2026-04-26
nT1cCgTj,B1,gent,club brugge kv,2026-04-26
C2JeFy2L,B1,westerlo,antwerp,2026-04-25
tQ9fjUSh,B1,genk,st. liege,2026-04-25
vZt9tE0K,B1,leuven,charleroi,2026-04-25
2g3yX0TN,B1,cercle brugge ksv,dender,2026-04-24
2wXOnz53,B1,st. truiden,anderlecht,2026-04-23
Q9gD1NrQ,B1,lommel sk,rfc liege,2026-04-23
Qk3JutM6,B1,patro eisden,beerschot va,2026-04-23
GpBRHF5T,B1,club brugge kv,kv mechelen,2026-04-22
23YEjw7U,B1,royale union sg,gent,2026-04-22
Ya6nhjbt,B1,genk,charleroi,2026-04-21
Kf1lHcX8,B1,leuven,westerlo,2026-04-21
UNN84Km3,B1,st. liege,antwerp,2026-04-21
fTaTYMbB,B1,raal la louviere,waregem,2026-04-19
Ukz7haxI,B1,royale union sg,club brugge kv,2026-04-19
MF1LzqUb,B1,dender,cercle brugge ksv,2026-04-19
dtpwPWCd,B1,gent,st. truiden,2026-04-19
YNrcL9TI,B1,kv mechelen,anderlecht,2026-04-18
2HVMtHed,B1,charleroi,st. liege,2026-04-18
ryRxYnDO,B1,westerlo,genk,2026-04-18
YHm7Mh9l,B1,antwerp,leuven,2026-04-18
EkbDx5an,B1,dender,waregem,2026-04-12
6TrZQDas,B1,anderlecht,gent,2026-04-12
ANSUZ8rC,B1,genk,leuven,2026-04-12
MPWbfL75,B1,kv mechelen,royale union sg,2026-04-12
rXCJJyyH,B1,st. truiden,club brugge kv,2026-04-11
fiSErwRq,B1,st. liege,westerlo,2026-04-11
O8X2VmhJ,B1,cercle brugge ksv,raal la louviere,2026-04-11
2ZdySEoR,B1,charleroi,antwerp,2026-04-10
zoh3WZyK,B1,gent,kv mechelen,2026-04-06
jeZfX9N6,B1,raal la louviere,dender,2026-04-06
z79BLc64,B1,club brugge kv,anderlecht,2026-04-06
hl92gfu2,B1,westerlo,charleroi,2026-04-05
z9Yjdswg,B1,royale union sg,st. truiden,2026-04-04
O45s1osB,B1,leuven,st. liege,2026-04-04
rVVnZVhf,B1,waregem,cercle brugge ksv,2026-04-04
4QPMyVDa,B1,antwerp,genk,2026-04-03
A5Eu2PNH,B1,anderlecht,cercle brugge ksv,2026-03-22
EcHmdfid,B1,club brugge kv,kv mechelen,2026-03-22
EytDqH7j,B1,dender,gent,2026-03-22
fe1nbGMq,B1,leuven,antwerp,2026-03-22
bPFG3xaM,B1,raal la louviere,genk,2026-03-22
2cM75bU9,B1,st. liege,westerlo,2026-03-22
t49ZJcq3,B1,st. truiden,royale union sg,2026-03-22
fXIa7Kac,B1,waregem,charleroi,2026-03-22
8f7BbjHP,B1,cercle brugge ksv,raal la louviere,2026-03-15
8IkbknvC,B1,kv mechelen,anderlecht,2026-03-15
tQMO57Oh,B1,antwerp,st. liege,2026-03-15
pbTF7Tgt,B1,genk,st. truiden,2026-03-15
UXw7mQ8O,B1,westerlo,club brugge kv,2026-03-14
0hnji89a,B1,royale union sg,dender,2026-03-14
EwLW3og5,B1,charleroi,leuven,2026-03-14
4QhsgUvm,B1,gent,waregem,2026-03-13
YLvw246K,B1,st. truiden,cercle brugge ksv,2026-03-08
p0brtNq1,B1,waregem,st. liege,2026-03-08
hnwRjvbJ,B1,gent,kv mechelen,2026-03-08
Gtr2drUs,B1,club brugge kv,anderlecht,2026-03-08
pMZIh0T6,B1,royale union sg,genk,2026-03-07
O6oAfMbf,B1,dender,charleroi,2026-03-07
tSiiv1ED,B1,leuven,westerlo,2026-03-07
xzezrqFl,B1,raal la louviere,antwerp,2026-03-06
pnJ9RNU7,B1,cercle brugge ksv,dender,2026-03-01
A1GCkzHc,B1,charleroi,club brugge kv,2026-03-01
h2J3m5iR,B1,westerlo,royale union sg,2026-03-01
WG4LmEoA,B1,genk,gent,2026-03-01
reOQRWOj,B1,anderlecht,leuven,2026-02-28
CYK1Tq0e,B1,antwerp,st. truiden,2026-02-28
G6RhV5Vr,B1,kv mechelen,waregem,2026-02-28
0f1dkRME,B1,st. liege,raal la louviere,2026-02-27
lYnVxcXi,B1,westerlo,charleroi,2026-02-22
dbjwyy24,B1,waregem,anderlecht,2026-02-22
xfJCKFHN,B1,raal la louviere,kv mechelen,2026-02-22
OAsfXh1T,B1,genk,st. liege,2026-02-22
Ui03zmTs,B2,beveren,mouscron,2022-04-17
lfG4YQcf,B2,k. lierse s.k.,virton,2022-04-17
A3H0Z6rl,B2,lommel sk,deinze,2022-04-16
rHF8XpD0,B2,westerlo,rwdm brussels,2022-04-16
IDWpI5DD,B2,rwdm brussels,beveren,2022-04-09
SrEyuTKQ,B2,deinze,k. lierse s.k.,2022-04-09
YLEXu95K,B2,mouscron,westerlo,2022-04-08
KIATtkjE,B2,virton,lommel sk,2022-04-08
WdUYK7Tf,B2,deinze,rwdm brussels,2022-04-03
lYvULmEl,B2,virton,mouscron,2022-04-03
AmTxKRr1,B2,lommel sk,westerlo,2022-04-02
vNXtJob7,B2,k. lierse s.k.,beveren,2022-04-01
xbyQMTbr,B2,westerlo,k. lierse s.k.,2022-03-20
OjekTVLE,B2,rwdm brussels,virton,2022-03-20
KIlbR9jR,B2,beveren,lommel sk,2022-03-19
tSkfSkyL,B2,mouscron,deinze,2022-03-18
G6uIgVUe,B2,k. lierse s.k.,westerlo,2022-03-16
p0doUB68,B2,k. lierse s.k.,mouscron,2022-03-13
Ig4a68E1,B2,deinze,beveren,2022-03-13
Wd835ST7,B2,lommel sk,rwdm brussels,2022-03-12
zVEf7lae,B2,virton,westerlo,2022-03-11
0fFLDjMR,B2,beveren,virton,2022-03-06
IVPGEW6L,B2,mouscron,rwdm brussels,2022-03-06
dvGj8Uqk,B2,k. lierse s.k.,lommel sk,2022-03-05
231m9AUr,B2,deinze,westerlo,2022-03-04
fcvMhkp2,B2,rwdm brussels,k. lierse s.k.,2022-02-27
A5M8Ghx9,B2,lommel sk,mouscron,2022-02-27
WEN4HYM2,B2,virton,deinze,2022-02-26
4SLCFCiF,B2,westerlo,beveren,2022-02-25
UBOuDJVG,B2,mouscron,virton,2022-02-20
MqtEfBFk,B2,deinze,lommel sk,2022-02-20
A9xAei0q,B2,beveren,rwdm brussels,2022-02-19
MoLXEu14,B2,lommel sk,virton,2022-02-13
0WWOG1Wi,B2,rwdm brussels,deinze,2022-02-13
jLPyEaGA,B2,westerlo,mouscron,2022-02-12
reMTFLob,B2,beveren,k. lierse s.k.,2022-02-11
rZpg3r2h,B2,westerlo,deinze,2022-02-09
nTSKHsHo,B2,westerlo,lommel sk,2022-02-06
j5yEbKGN,B2,virton,rwdm brussels,2022-02-06
WGhBcvWT,B2,mouscron,beveren,2022-02-05
YPvwgbvo,B2,k. lierse s.k.,deinze,2022-02-04
MPqc22Hb,B2,rwdm brussels,mouscron,2022-01-30
4lZ11MW4,B2,beveren,westerlo,2022-01-30
Iiw60tnB,B2,deinze,virton,2022-01-29
CExAa01H,B2,lommel sk,k. lierse s.k.,2022-01-28
hWC7io3t,B2,rwdm brussels,westerlo,2022-01-25
Eatk4Onn,B2,mouscron,k. lierse s.k.,2022-01-23
z9so54Xu,B2,virton,beveren,2022-01-23
AoGvpL1U,B2,rwdm brussels,lommel sk,2022-01-21
C0cyo1nO,B2,westerlo,virton,2021-12-19
IwbXosXH,B2,k. lierse s.k.,rwdm brussels,2021-12-19
MB4Om325,B2,deinze,mouscron,2021-12-18
vmaTnNHB,B2,lommel sk,beveren,2021-12-17
ze2Cj5In,B2,virton,k. lierse s.k.,2021-12-12
rL5Klqma,B2,beveren,deinze,2021-12-12
lb6GkPXh,B2,mouscron,lommel sk,2021-12-11
OGxbXsIO,B2,k. lierse s.k.,lommel sk,2021-12-05
jNQudRfP,B2,westerlo,mouscron,2021-12-05
21lkZ3mC,B2,beveren,rwdm brussels,2021-12-04
pQwfYN2I,B2,deinze,virton,2021-12-03
b9iYxnlm,B2,rwdm brussels,deinze,2021-11-28
fyosyQIa,B2,mouscron,k. lierse s.k.,2021-11-28
lbpozpY5,B2,lommel sk,westerlo,2021-11-27
Gpnwx63g,B2,virton,beveren,2021-11-26
2w62r8QP,B2,deinze,lommel sk,2021-11-21
lbOFK4YI,B2,virton,rwdm brussels,2021-11-21
KIhUwSYt,B2,k. lierse s.k.,westerlo,2021-11-20
j32bqlBJ,B2,beveren,mouscron,2021-11-19
A7PBLpJC,B2,westerlo,beveren,2021-11-07
KIWbOnZg,B2,rwdm brussels,k. lierse s.k.,2021-11-07
2sM3N6l0,B2,mouscron,deinze,2021-11-06
tYK7MQ36,B2,lommel sk,virton,2021-11-05
6FSfPSJm,B2,lommel sk,rwdm brussels,2021-10-31
ChTjQ84s,B2,deinze,westerlo,2021-10-31
zT5NsyzF,B2,beveren,k. lierse s.k.,2021-10-30
86ZQrHK8,B2,virton,mouscron,2021-10-29
29ryMgDe,B2,beveren,lommel sk,2021-10-24
UFzNqc52,B2,westerlo,virton,2021-10-24
GCnuLDS1,B2,k. lierse s.k.,deinze,2021-10-23
KpgWMZck,B2,mouscron,rwdm brussels,2021-10-22
SnEiUH5F,B2,rwdm brussels,westerlo,2021-10-17
tffSNFrq,B2,lommel sk,mouscron,2021-10-17
AB3dTyLL,B2,virton,k. lierse s.k.,2021-10-16
l220SezS,B2,deinze,beveren,2021-10-15
raCuXJLd,B2,deinze,rwdm brussels,2021-10-03
4EtaORHd,B2,beveren,virton,2021-10-03
MkBqWwy3,B2,k. lierse s.k.,mouscron,2021-10-02
GCAmVcj9,B2,westerlo,lommel sk,2021-10-01
W0riQmmp,B2,mouscron,westerlo,2021-09-26
fuiPUTvT,B2,virton,deinze,2021-09-26
CG1KV9PM,B2,rwdm brussels,lommel sk,2021-09-25
QNseP72j,B2,k. lierse s.k.,beveren,2021-09-24
Qa3CXVfA,B2,lommel sk,k. lierse s.k.,2021-09-19
YP2GWkAG,B2,westerlo,deinze,2021-09-19
n948YBu4,B2,mouscron,virton,2021-09-18
4pF3ZiQc,B2,rwdm brussels,beveren,2021-09-17
bmODCUIp,B2,beveren,westerlo,2021-09-12
jsBazYAi,B2,k. lierse s.k.,rwdm brussels,2021-09-12
IgtoHAAT,B2,virton,lommel sk,2021-09-11
xvNHBlYj,B2,deinze,mouscron,2021-09-10
v3ssIjeN,B2,lommel sk,deinze,2021-08-29
ptrwJWuH,B2,mouscron,beveren,2021-08-29
nePZJCQA,B2,westerlo,k. lierse s.k.,2021-08-28
4WZUKhB4,B2,rwdm brussels,virton,2021-08-27
bgTfT1iC,B2,beveren,club brugge kv u23,2023-05-13
pjPjUsx6,B2,rwdm brussels,anderlecht u23,2023-05-13
jTPnVNMa,B2,beerschot va,k. lierse s.k.,2023-05-13
MmbBdO4a,B2,deinze,dender,2023-05-12
0vcFerK5,B2,lommel sk,st. liege u23,2023-05-12
4C36c4kg,B2,virton,genk u23,2023-05-12
CxRrW37g,B2,k. lierse s.k.,beveren,2023-05-07
WQ9oXqhm,B2,club brugge kv u23,rwdm brussels,2023-05-06
QL42bpzm,B2,dender,lommel sk,2023-05-06
Wb5baQKt,B2,genk u23,deinze,2023-05-06
hzBsYPxs,B2,anderlecht u23,beerschot va,2023-05-05
zuOVGhjE,B2,st. liege u23,virton,2023-05-05
zeOFx6UP,B2,beveren,beerschot va,2023-04-22
MiKBwnFJ,B2,k. lierse s.k.,rwdm brussels,2023-04-22
YZqmh9DD,B2,deinze,virton,2023-04-22
KntTE2xJ,B2,club brugge kv u23,anderlecht u23,2023-04-21
Q9tufVr1,B2,dender,st. liege u23,2023-04-21
fqoqgkb7,B2,genk u23,lommel sk,2023-04-21
nJsyeBTf,B2,virton,dender,2023-04-16
tdsPFrNC,B2,rwdm brussels,beveren,2023-04-16
CMxLGO76,B2,anderlecht u23,k. lierse s.k.,2023-04-15
4fhWeiEl,B2,st. liege u23,genk u23,2023-04-15
YVwHH4h0,B2,beerschot va,club brugge kv u23,2023-04-14
jilSdXbr,B2,lommel sk,deinze,2023-04-14
j7lCIpwf,B2,rwdm brussels,beerschot va,2023-04-09
YB101DjR,B2,virton,lommel sk,2023-04-09
hMV8JQNm,B2,beveren,anderlecht u23,2023-04-08
baW4K68s,B2,club brugge kv u23,k. lierse s.k.,2023-04-08
E9oa3ZLE,B2,genk u23,dender,2023-04-07
fL2d2gyL,B2,st. liege u23,deinze,2023-04-07
djpwPn0Q,B2,beerschot va,rwdm brussels,2023-04-02
zJne4F68,B2,lommel sk,virton,2023-04-02
vFkYPSpK,B2,k. lierse s.k.,club brugge kv u23,2023-04-01
MFbDuWT7,B2,deinze,st. liege u23,2023-04-01
0OjUQ8VD,B2,anderlecht u23,beveren,2023-03-31
8Cf9tCE1,B2,dender,genk u23,2023-03-31
Qm54shae,B2,st. liege u23,dender,2023-03-19
nL2n2PhD,B2,club brugge kv u23,beerschot va,2023-03-19
YHbr35w7,B2,anderlecht u23,rwdm brussels,2023-03-18
nc60rYqk,B2,deinze,lommel sk,2023-03-18
jg9w4oO0,B2,beveren,k. lierse s.k.,2023-03-17
IN1dqEUr,B2,genk u23,virton,2023-03-17
GEFUmfMR,B2,lommel sk,genk u23,2023-03-12
C2AZ4R8f,B2,rwdm brussels,club brugge kv u23,2023-03-12
4xBV57gl,B2,k. lierse s.k.,anderlecht u23,2023-03-11
YkQPlz7L,B2,virton,st. liege u23,2023-03-11
QoCR6mvr,B2,beerschot va,beveren,2023-03-10
MFMLkGiF,B2,dender,deinze,2023-03-10
ShNHjdx9,B2,genk u23,st. liege u23,2023-03-05
plbcOF9F,B2,k. lierse s.k.,beerschot va,2023-03-05
WpfgPef9,B2,beveren,rwdm brussels,2023-03-04
l2ODixN2,B2,virton,deinze,2023-03-04
xOfkQyu3,B2,anderlecht u23,club brugge kv u23,2023-03-03
CpuVShp2,B2,lommel sk,dender,2023-03-03
bXeoRHPd,B2,rwdm brussels,k. lierse s.k.,2023-02-26
MFC22Ynd,B2,beerschot va,anderlecht u23,2023-02-26
rPDb3EXk,B2,club brugge kv u23,beveren,2023-02-25
YgtRTYUe,B2,deinze,genk u23,2023-02-25
QTxJVf0q,B2,dender,virton,2023-02-24
vXtNUEFk,B2,st. liege u23,lommel sk,2023-02-24
WAaiDXBb,B2,genk u23,st. liege u23,2023-02-19
4hReujei,B2,beerschot va,rwdm brussels,2023-02-12
I1hwN8uN,B2,virton,genk u23,2023-02-12
xnZ9Hn3p,B2,deinze,anderlecht u23,2023-02-11
GxYDG6Ij,B2,lommel sk,k. lierse s.k.,2023-02-11
rqQavAAc,B2,st. liege u23,club brugge kv u23,2023-02-11
W4dsMSfT,B2,beveren,dender,2023-02-11
pEPQRWQi,B2,dender,deinze,2023-02-05
IRNYPAe4,B2,club brugge kv u23,virton,2023-02-05
vyPUQjtb,B2,k. lierse s.k.,beerschot va,2023-02-04
WALMSCBo,B2,rwdm brussels,st. liege u23,2023-02-04
plfVOUAA,B2,anderlecht u23,lommel sk,2023-02-03
OvgZNlQG,B2,genk u23,beveren,2023-02-03
2X2GBKzf,B2,club brugge kv u23,k. lierse s.k.,2023-02-01
U5sv4TYp,B2,st. liege u23,beveren,2023-01-29
bNj89kBN,B2,k. lierse s.k.,rwdm brussels,2023-01-29
KWi4AVeH,B2,lommel sk,dender,2023-01-28
QXbeCiR4,B2,virton,anderlecht u23,2023-01-28
SdeC89QT,B2,beerschot va,genk u23,2023-01-27
x82aBBtB,B2,deinze,club brugge kv u23,2023-01-27
tIE7Dt6s,B2,dender,genk u23,2023-01-24
hK0mEDdh,B2,anderlecht u23,k. lierse s.k.,2023-01-22
dh7vGZRu,B2,beveren,beerschot va,2023-01-22
pGfX7xzJ,B2,dender,virton,2023-01-21
WCjT8IKC,B2,rwdm brussels,deinze,2023-01-21
zq6rFgsn,B2,club brugge kv u23,lommel sk,2023-01-20
Ot4CC0Lm,B2,deinze,beerschot va,2023-01-15
Ac2KAvj0,B2,anderlecht u23,rwdm brussels,2022-12-18
ll1O9b56,B2,st. liege u23,lommel sk,2022-12-17
4dNuIMcQ,B2,virton,beveren,2022-12-17
Gzsoduy7,B2,lommel sk,deinze,2022-12-11
WrPXJrTD,B2,beerschot va,st. liege u23,2022-12-11
OSOwb16f,B2,rwdm brussels,virton,2022-12-11
fRukeajD,B2,k. lierse s.k.,dender,2022-12-10
MDsscLL0,B2,beveren,anderlecht u23,2022-12-09
AZNyJ2rK,B2,genk u23,club brugge kv u23,2022-12-09
ALr343TQ,B2,deinze,beveren,2022-12-04
WUqa5qEK,B2,dender,beerschot va,2022-12-04
z3jj75q8,B2,rwdm brussels,club brugge kv u23,2022-12-03
l6ff6PbE,B2,virton,lommel sk,2022-12-03
2DzVaNyr,B2,anderlecht u23,genk u23,2022-12-02
t4ZYbsil,B2,st. liege u23,k. lierse s.k.,2022-12-02
Uqlan47r,B2,k. lierse s.k.,virton,2022-11-27
hOdXjpaR,B2,beveren,lommel sk,2022-11-27
zVbUuhXo,B2,anderlecht u23,club brugge kv u23,2024-04-20
IgpOk8qD,B2,beerschot va,patro eisden,2024-04-19
re2xvW1b,B2,francs borains,dender,2024-04-19
4AjoxAWA,B2,lommel sk,beveren,2024-04-19
dv0QtYHu,B2,oostende,st. liege u23,2024-04-19
dpqSlSbJ,B2,rfc liege,genk u23,2024-04-19
UibYvCnh,B2,seraing,deinze,2024-04-19
QJiswjH4,B2,waregem,k. lierse s.k.,2024-04-19
Kvl3fWUs,B2,patro eisden,oostende,2024-04-14
lEh7gjpl,B2,st. liege u23,seraing,2024-04-14
z7CWah7K,B2,beveren,beerschot va,2024-04-14
ATtGiUE0,B2,deinze,lommel sk,2024-04-13
IV1yaCMQ,B2,dender,waregem,2024-04-13
S4iBhAaf,B2,k. lierse s.k.,anderlecht u23,2024-04-13
OWpKjlU6,B2,club brugge kv u23,rfc liege,2024-04-12
xMgT0YiE,B2,genk u23,francs borains,2024-04-12
l0DYviVf,B2,francs borains,rfc liege,2024-04-07
SjCxvBp1,B2,oostende,beerschot va,2024-04-07
OI5oxkFD,B2,genk u23,st. liege u23,2024-04-07
tzAQtD0r,B2,dender,deinze,2024-04-06
d2YgnZxL,B2,lommel sk,seraing,2024-04-06
fwEUuXFl,B2,k. lierse s.k.,club brugge kv u23,2024-04-06
pS6swVa7,B2,beveren,anderlecht u23,2024-04-05
zgXcoghR,B2,waregem,patro eisden,2024-04-05
MPgiSDok,B2,rfc liege,beveren,2024-03-31
4lanTgWr,B2,patro eisden,lommel sk,2024-03-31
0GheRX0e,B2,seraing,oostende,2024-03-31
2uDKXZNR,B2,deinze,waregem,2024-03-30
8td3PBV7,B2,st. liege u23,k. lierse s.k.,2024-03-30
lxZkmFNE,B2,anderlecht u23,francs borains,2024-03-30
Aoznle88,B2,beerschot va,genk u23,2024-03-29
fwhaQiG1,B2,club brugge kv u23,dender,2024-03-29
drACZegF,B2,dender,st. liege u23,2024-03-16
8IDGYF8L,B2,genk u23,oostende,2024-03-16
QcvDEfHk,B2,deinze,francs borains,2024-03-16
8MTHDEWe,B2,k. lierse s.k.,rfc liege,2024-03-16
Cfz9Fz2q,B2,lommel sk,anderlecht u23,2024-03-16
zTL3yIO2,B2,beveren,patro eisden,2024-03-15
EJK7zxv9,B2,club brugge kv u23,seraing,2024-03-15
nDSLCYo2,B2,waregem,beerschot va,2024-03-15
GlKYNbf3,B2,rfc liege,deinze,2024-03-10
Mkwr1ymj,B2,francs borains,lommel sk,2024-03-10
2oGUOvuc,B2,anderlecht u23,waregem,2024-03-10
GOlwLdvM,B2,oostende,dender,2024-03-09
fFmsKGgS,B2,seraing,beveren,2024-03-09
l2ItMxPF,B2,st. liege u23,club brugge kv u23,2024-03-09
0txn0e2d,B2,beerschot va,k. lierse s.k.,2024-03-08
ABJxNI99,B2,patro eisden,genk u23,2024-03-08
GjBAJq3H,B2,beveren,oostende,2024-03-03
lvKgNR3h,B2,seraing,patro eisden,2024-03-03
hGYw2HXq,B2,dender,beerschot va,2024-03-03
SUIcMoJb,B2,deinze,anderlecht u23,2024-03-02
hCQpPmZu,B2,lommel sk,rfc liege,2024-03-02
YRL5KPmB,B2,k. lierse s.k.,francs borains,2024-03-02
MiI1L5Y4,B2,club brugge kv u23,genk u23,2024-03-01
W2PlO7ln,B2,waregem,st. liege u23,2024-03-01
bk5BAlKn,B2,francs borains,waregem,2024-02-25
fHbK8Sla,B2,genk u23,lommel sk,2024-02-25
tYdS66JB,B2,beerschot va,seraing,2024-02-25
Gjku443U,B2,oostende,club brugge kv u23,2024-02-24
2moy5plO,B2,rfc liege,st. liege u23,2024-02-24
Y7cO7n45,B2,anderlecht u23,dender,2024-02-24
KOeW5QYH,B2,beveren,deinze,2024-02-23
Ch9F98Zh,B2,patro eisden,k. lierse s.k.,2024-02-23
hlxkgmkC,B2,st. liege u23,francs borains,2024-02-18
f3JofTZ5,B2,deinze,beerschot va,2024-02-18
4S57BU4t,B2,patro eisden,anderlecht u23,2024-02-18
CvUte9Ka,B2,dender,beveren,2024-02-17
nBygh74I,B2,seraing,rfc liege,2024-02-17
YmVxdk5g,B2,lommel sk,oostende,2024-02-17
Q1zciRJO,B2,club brugge kv u23,waregem,2024-02-16
2JJuGAdP,B2,k. lierse s.k.,genk u23,2024-02-16
0vTEzrwG,B2,francs borains,oostende,2024-02-14
YXtFtA56,B2,oostende,rfc liege,2024-02-11
hzcGvlzJ,B2,beerschot va,st. liege u23,2024-02-11
EqbCuUKC,B2,genk u23,dender,2024-02-11
4EQYdVkm,B2,anderlecht u23,seraing,2024-02-10
fsrBsjj0,B2,waregem,lommel sk,2024-02-10
QNRUcBzs,B2,beveren,k. lierse s.k.,2024-02-10
6wob3XCJ,B2,deinze,patro eisden,2024-02-09
Ktk22iSP,B2,francs borains,club brugge kv u23,2024-02-09
r3Y9yON9,B2,anderlecht u23,rfc liege,2024-02-07
hx8gTaVk,B2,dender,seraing,2024-02-07
ADIlUuGq,B2,lommel sk,beerschot va,2024-02-07
tvIyTjy7,B2,rfc liege,beerschot va,2024-02-04
hELuSAjD,B2,patro eisden,francs borains,2024-02-04
nHv3qCLm,B2,seraing,genk u23,2024-02-04
0Kr7rWzf,B2,waregem,beveren,2024-02-03
Y9bSkErK,B2,lommel sk,dender,2024-02-03
4hkbph6s,B2,k. lierse s.k.,oostende,2024-02-03
2q3WlYcQ,B2,club brugge kv u23,deinze,2024-02-02
fJaOjfTD,B2,st. liege u23,anderlecht u23,2024-02-02
CbQKWYyr,B2,oostende,deinze,2024-01-28
ppAvi3Nd,B2,rfc liege,waregem,2024-01-28
K22il17F,B2,beerschot va,club brugge kv u23,2024-01-28
6abmksh9,B2,dender,patro eisden,2024-01-27
8QJTUC6f,B2,seraing,k. lierse s.k.,2024-01-27
jkPOVhil,B2,genk u23,anderlecht u23,2024-01-27
Oz9rjNx3,B2,francs borains,beveren,2024-01-26
nHIXTWL0,B2,st. liege u23,lommel sk,2024-01-26
4CZ5x483,B2,beveren,club brugge kv u23,2024-01-21
vVRIZ1hM,B2,patro eisden,st. liege u23,2024-01-21
YiRMYL7S,B2,waregem,genk u23,2024-01-21
WS6cSJpd,B2,deinze,k. lierse s.k.,2024-01-19
bFWcvQwi,B2,genk u23,deinze,2024-01-14
Gj7DWDKp,B2,seraing,francs borains,2024-01-14
ObFoyfCT,B2,oostende,waregem,2024-01-14
QFJH4QyI,B2,anderlecht u23,beveren,2025-04-18
UmQ86n75,B2,club brugge kv u23,francs borains,2025-04-18
I7Rq8arA,B2,genk u23,k. lierse s.k.,2025-04-18
UooknILj,B2,lommel sk,raal la louviere,2025-04-18
A56O0Hzp,B2,patro eisden,eupen,2025-04-18
EZKh6wDM,B2,seraing,sporting lokeren,2025-04-18
dzS088xg,B2,waregem,rwdm brussels,2025-04-18
08YiAU7t,B2,francs borains,anderlecht u23,2025-04-13
WhbrjRMO,B2,rfc liege,genk u23,2025-04-13
2aRhuA86,B2,beveren,club brugge kv u23,2025-04-13
AwAZimhC,B2,sporting lokeren,waregem,2025-04-12
6oDIeVhm,B2,eupen,seraing,2025-04-12
AFRn1iVP,B2,k. lierse s.k.,patro eisden,2025-04-11
APU0wlwJ,B2,rwdm brussels,lommel sk,2025-04-11
YJZyqh9s,B2,seraing,waregem,2025-04-06
jaWClEoK,B2,raal la louviere,francs borains,2025-04-06
AuBwzFWQ,B2,club brugge kv u23,rfc liege,2025-04-05
2wjISWO0,B2,lommel sk,genk u23,2025-04-05
fDnAUhfl,B2,anderlecht u23,sporting lokeren,2025-04-05
4r8Vyy2E,B2,beveren,eupen,2025-04-04
tpwpsWwf,B2,patro eisden,rwdm brussels,2025-04-04
Sv8nxpdc,B2,eupen,club brugge kv u23,2025-03-30
GMRzGgue,B2,rfc liege,patro eisden,2025-03-30
KfYRHFAr,B2,sporting lokeren,lommel sk,2025-03-30
0YF0Et4j,B2,k. lierse s.k.,beveren,2025-03-29
8zyMLOBG,B2,waregem,anderlecht u23,2025-03-29
lfdezOQ9,B2,genk u23,raal la louviere,2025-03-29
tlZTJ2tT,B2,rwdm brussels,seraing,2025-03-28
Y18mPx1B,B2,lommel sk,patro eisden,2025-03-15
6Bv5P6Ci,B2,sporting lokeren,rfc liege,2025-03-15
0lAuRbWb,B2,anderlecht u23,seraing,2025-03-15
EyrDNps4,B2,francs borains,waregem,2025-03-15
EcyN8HGU,B2,beveren,rwdm brussels,2025-03-14
4MGWSK1n,B2,club brugge kv u23,genk u23,2025-03-14
OnFKHfgo,B2,raal la louviere,k. lierse s.k.,2025-03-14
pbLOaMXa,B2,rwdm brussels,sporting lokeren,2025-03-09
0zV6CaH5,B2,patro eisden,beveren,2025-03-09
hrmEAwnI,B2,rfc liege,raal la louviere,2025-03-09
hU7udvXO,B2,eupen,francs borains,2025-03-08
xYHG1r3m,B2,waregem,lommel sk,2025-03-08
6D9Xc02C,B2,k. lierse s.k.,anderlecht u23,2025-03-08
48ybELng,B2,seraing,club brugge kv u23,2025-03-07
rXarKjJE,B2,francs borains,k. lierse s.k.,2025-03-02
4tu95i4L,B2,lommel sk,seraing,2025-03-02
dvKmb9de,B2,genk u23,sporting lokeren,2025-03-02
dGy17DZ8,B2,anderlecht u23,rfc liege,2025-03-01
WMHMqAs2,B2,club brugge kv u23,patro eisden,2025-03-01
b9JEoWCk,B2,beveren,waregem,2025-02-28
jwDddmR7,B2,raal la louviere,eupen,2025-02-28
vPxrihkS,B2,rfc liege,k. lierse s.k.,2025-02-23
WbZZhEKF,B2,patro eisden,raal la louviere,2025-02-23
lv0WYhTq,B2,eupen,anderlecht u23,2025-02-22
p6guXWcd,B2,sporting lokeren,club brugge kv u23,2025-02-22
h8E0vF5M,B2,lommel sk,beveren,2025-02-22
dtLityyA,B2,rwdm brussels,francs borains,2025-02-21
APMqrc6c,B2,waregem,genk u23,2025-02-21
2JaIRyMG,B2,genk u23,eupen,2025-02-16
UTqcKgEj,B2,francs borains,sporting lokeren,2025-02-16
21lrQOpC,B2,club brugge kv u23,rwdm brussels,2025-02-16
ldg2VJMi,B2,anderlecht u23,lommel sk,2025-02-15
fyozSpGa,B2,beveren,rfc liege,2025-02-15
bogRPFjT,B2,raal la louviere,seraing,2025-02-15
Mk1G7GUp,B2,k. lierse s.k.,waregem,2025-02-14
GUc8Do16,B2,sporting lokeren,raal la louviere,2025-02-09
Of1GBPVI,B2,seraing,beveren,2025-02-09
fF9aF7Wg,B2,eupen,k. lierse s.k.,2025-02-09
v3q3ZSNP,B2,patro eisden,genk u23,2025-02-08
UXPKMkvK,B2,rwdm brussels,anderlecht u23,2025-02-08
zZUYT6om,B2,rfc liege,francs borains,2025-02-08
lI6iHT1s,B2,lommel sk,club brugge kv u23,2025-02-07
GnivACfE,B2,genk u23,beveren,2025-02-02
OCfn8jPQ,B2,raal la louviere,waregem,2025-02-02
tCqQ08H0,B2,francs borains,patro eisden,2025-02-02
bBMg20y8,B2,eupen,lommel sk,2025-02-01
0Gv7B4EL,B2,k. lierse s.k.,rwdm brussels,2025-02-01
WbVx6rxq,B2,anderlecht u23,club brugge kv u23,2025-02-01
8pWI2Unl,B2,rfc liege,seraing,2025-01-31
OWEWXcQa,B2,lommel sk,francs borains,2025-01-29
G6BOZJem,B2,anderlecht u23,genk u23,2025-01-28
hC6mUFPO,B2,seraing,k. lierse s.k.,2025-01-28
pn3uWyeC,B2,sporting lokeren,eupen,2025-01-28
IDOMDZwh,B2,club brugge kv u23,raal la louviere,2025-01-26
hhrBiqNk,B2,lommel sk,rfc liege,2025-01-26
M5LwAiwH,B2,anderlecht u23,patro eisden,2025-01-25
xIozjWoo,B2,waregem,eupen,2025-01-25
v1jbDQq9,B2,seraing,francs borains,2025-01-25
QwSUBD84,B2,rwdm brussels,genk u23,2025-01-24
CfbCkNi2,B2,sporting lokeren,k. lierse s.k.,2025-01-24
6FWMrFvI,B2,genk u23,seraing,2025-01-19
U9yblJAt,B2,k. lierse s.k.,club brugge kv u23,2025-01-19
hCllazPb,B2,rfc liege,waregem,2025-01-19
QPndcEgB,B2,francs borains,beveren,2025-01-18
SUKVtg9U,B2,raal la louviere,anderlecht u23,2025-01-18
bkTEpyA5,B2,eupen,rwdm brussels,2025-01-18
dpeu1dfn,B2,patro eisden,sporting lokeren,2025-01-17
jk9cLKtf,B2,beveren,raal la louviere,2025-01-12
nyg0utYP,B2,rwdm brussels,rfc liege,2025-01-11
bFC5JbB6,B2,waregem,patro eisden,2025-01-11
ARqZSBr3,B2,k. lierse s.k.,lommel sk,2024-12-22
Q3gHukS8,B2,patro eisden,seraing,2024-12-22
AeBUHoz2,B2,sporting lokeren,beveren,2024-12-22
xrDMJ75k,B2,raal la louviere,rwdm brussels,2024-12-21
IcWkPTsS,B2,eupen,rfc liege,2024-12-21
hQ7zDL2C,B2,anderlecht u23,oc charleroi,2026-04-17
tQCfMPuQ,B2,beerschot va,lommel sk,2026-04-17
EJK8bMmJ,B2,genk u23,gent u23,2026-04-17
CUv1Ttmg,B2,k. lierse s.k.,sporting lokeren,2026-04-17
44ygV2It,B2,kortrijk,rwdm brussels,2026-04-17
0jBrBaXO,B2,patro eisden,francs borains,2026-04-17
0AgRG33m,B2,rfc liege,eupen,2026-04-17
YNiZEsYa,B2,seraing,beveren,2026-04-17
noto6DkS,B2,gent u23,rfc liege,2026-04-12
vLxw8ZKF,B2,beveren,kortrijk,2026-04-11
4UKq4QJs,B2,francs borains,genk u23,2026-04-11
h4Wa0rJ6,B2,lommel sk,club brugge kv u23,2026-04-11
IZFPbVs2,B2,oc charleroi,k. lierse s.k.,2026-04-11
WIHH0iDk,B2,rwdm brussels,anderlecht u23,2026-04-11
0dEh24lf,B2,eupen,beerschot va,2026-04-10
YsbCMYZ8,B2,sporting lokeren,seraing,2026-04-10
Wr18ZEEj,B2,rfc liege,oc charleroi,2026-04-05
zDFxuyiT,B2,seraing,patro eisden,2026-04-05
42OfedyA,B2,club brugge kv u23,eupen,2026-04-04
dxLncI6c,B2,k. lierse s.k.,francs borains,2026-04-04
QHC3gz6M,B2,lommel sk,rwdm brussels,2026-04-04
jadrnhbd,B2,anderlecht u23,beveren,2026-04-04
rgqU9ej3,B2,genk u23,sporting lokeren,2026-04-03
d03ZmETq,B2,kortrijk,gent u23,2026-04-03
A5UCpuNi,B2,beveren,rfc liege,2026-03-21
Ao6VX1wn,B2,rwdm brussels,k. lierse s.k.,2026-03-21
pSxRMyVp,B2,sporting lokeren,anderlecht u23,2026-03-21
hUcnUJxB,B2,francs borains,kortrijk,2026-03-21
WKILrJi4,B2,gent u23,club brugge kv u23,2026-03-21
d24wWu8b,B2,eupen,seraing,2026-03-20
voMTtcMG,B2,oc charleroi,genk u23,2026-03-20
QsdfSc7N,B2,patro eisden,beerschot va,2026-03-20
2NXTFTH0,B2,lommel sk,francs borains,2026-03-15
Oj1BS616,B2,sporting lokeren,gent u23,2026-03-15
WG4JQpWI,B2,kortrijk,oc charleroi,2026-03-14
SO72USWg,B2,rfc liege,beerschot va,2026-03-14
jqEOyBvK,B2,seraing,genk u23,2026-03-14
OxMxE7nD,B2,club brugge kv u23,beveren,2026-03-14
fB9fWl2s,B2,anderlecht u23,eupen,2026-03-13
fcULHkml,B2,k. lierse s.k.,patro eisden,2026-03-13
h86mL3xq,B2,francs borains,sporting lokeren,2026-03-12
vPSlPXfE,B2,beveren,rwdm brussels,2026-03-11
SQM8Sop9,B2,gent u23,lommel sk,2026-03-11
Mmb4HLy8,B2,oc charleroi,seraing,2026-03-11
CxRdNBPQ,B2,beerschot va,anderlecht u23,2026-03-10
ENfdJs7e,B2,eupen,k. lierse s.k.,2026-03-10
OhGHQPEL,B2,genk u23,club brugge kv u23,2026-03-10
zXZM4rh2,B2,patro eisden,rfc liege,2026-03-10
M5izEnVF,B2,seraing,francs borains,2026-03-08
YojaCZgB,B2,sporting lokeren,beveren,2026-03-08
EulSF803,B2,anderlecht u23,patro eisden,2026-03-07
bX5uh58d,B2,lommel sk,kortrijk,2026-03-07
v5tE64Nk,B2,oc charleroi,rwdm brussels,2026-03-07
rLuqCQaS,B2,k. lierse s.k.,club brugge kv u23,2026-03-07
QLniEePb,B2,beerschot va,genk u23,2026-03-06
QJ7XgRwp,B2,eupen,gent u23,2026-03-06
EsJYeE9U,B2,lommel sk,seraing,2026-03-01
46brGHfn,B2,rwdm brussels,eupen,2026-03-01
IZ783vBt,B2,club brugge kv u23,anderlecht u23,2026-02-28
ELsbqyQO,B2,francs borains,beerschot va,2026-02-28
MDPjoceC,B2,genk u23,k. lierse s.k.,2026-02-28
QaBG1Iug,B2,beveren,oc charleroi,2026-02-28
fu3XczuI,B2,gent u23,patro eisden,2026-02-27
MR4PadA5,B2,kortrijk,rfc liege,2026-02-27
Ct1prXr3,B2,gent u23,oc charleroi,2026-02-24
6DXLsOlK,B2,beerschot va,rwdm brussels,2026-02-22
6yG8YJB6,B2,patro eisden,beveren,2026-02-22
Ymi3f1YP,B2,eupen,francs borains,2026-02-21
2qJix2Cs,B2,k. lierse s.k.,gent u23,2026-02-21
bBC0ztsf,B2,sporting lokeren,lommel sk,2026-02-21
QoWsmJQa,B2,seraing,kortrijk,2026-02-21
Sj4HWctJ,B2,anderlecht u23,genk u23,2026-02-20
hYXZludm,B2,rfc liege,club brugge kv u23,2026-02-20
OKKkMkMq,B2,francs borains,beveren,2026-02-15
IgWptBDF,B2,genk u23,rfc liege,2026-02-14
hxUJRBbM,B2,kortrijk,beerschot va,2026-02-14
p8nRLtS0,B2,rwdm brussels,sporting lokeren,2026-02-14
KnEbKTjd,B2,lommel sk,anderlecht u23,2026-02-14
hYkZJKdD,B2,club brugge kv u23,patro eisden,2026-02-13
OhbIN2cl,B2,k. lierse s.k.,seraing,2026-02-13
Eo9pDCqT,B2,beveren,lommel sk,2026-02-08
QPx3Vgac,B2,francs borains,rwdm brussels,2026-02-08
AmTKIGFi,B2,beerschot va,club brugge kv u23,2026-02-07
W2HTGfp4,B2,seraing,anderlecht u23,2026-02-07
AHfG7j7j,B2,sporting lokeren,oc charleroi,2026-02-07
IJFyFYEG,B2,eupen,kortrijk,2026-02-07
WMuBTXT9,B2,patro eisden,genk u23,2026-02-06
rsyZfDNp,B2,rfc liege,k. lierse s.k.,2026-02-06
AZmn4H0b,B2,k. lierse s.k.,beerschot va,2026-02-01
jqdf2eVA,B2,kortrijk,sporting lokeren,2026-02-01
Odf20ZaN,B2,lommel sk,patro eisden,2026-01-31
dSXV1RJU,B2,rwdm brussels,gent u23,2026-01-31
29pv6wWo,B2,anderlecht u23,rfc liege,2026-01-31
dnGE7Vkg,B2,oc charleroi,francs borains,2026-01-31
UaEM59K5,B2,club brugge kv u23,seraing,2026-01-30
l2UN3mkI,B2,genk u23,eupen,2026-01-30
lrY6BviR,B2,anderlecht u23,k. lierse s.k.,2026-01-28
0KM59iLt,B2,gent u23,beveren,2026-01-28
GUZbD0ME,B2,beerschot va,seraing,2026-01-27
8SEw6IEl,B2,club brugge kv u23,kortrijk,2026-01-27
EPHo4dq1,B2,eupen,sporting lokeren,2026-01-27
zu6f2zED,B2,genk u23,rwdm brussels,2026-01-27
0MiCkcU7,B2,patro eisden,oc charleroi,2026-01-27
Sfv5iJae,B2,rfc liege,lommel sk,2026-01-27
vV5H0Nx9,B2,beveren,k. lierse s.k.,2026-01-25
MgZjp2hS,B2,gent u23,francs borains,2026-01-25
EJQdM0rN,TR1,adana demirspor,goztepe,2022-05-22
QaPLKm7I,TR1,hatayspor,giresunspor,2022-05-22
UVvyROTi,TR1,basaksehir,trabzonspor,2022-05-22
n7ZuQrqb,TR1,karagumruk,alanyaspor,2022-05-22
KKXmOMDA,TR1,besiktas,konyaspor,2022-05-21
WfyhNtTG,TR1,yeni malatyaspor,fenerbahce,2022-05-21
xxhk3Lyo,TR1,altay,kasimpasa,2022-05-21
QcYqP2b4,TR1,sivasspor,kayserispor,2022-05-21
jutXR4Eo,TR1,antalyaspor,galatasaray,2022-05-20
hAP0LKcT,TR1,gaziantep,rizespor,2022-05-20
ITx5OV7g,TR1,galatasaray,adana demirspor,2022-05-16
z5m0PBhm,TR1,rizespor,sivasspor,2022-05-16
ANFw8ANC,TR1,alanyaspor,gaziantep,2022-05-15
lEEs7UxJ,TR1,fenerbahce,karagumruk,2022-05-15
dKy9NkNa,TR1,giresunspor,basaksehir,2022-05-15
M1qdQiws,TR1,kasimpasa,antalyaspor,2022-05-15
ryzHLTiC,TR1,konyaspor,hatayspor,2022-05-15
QVcQVDFJ,TR1,goztepe,besiktas,2022-05-15
4pyDM9x6,TR1,trabzonspor,altay,2022-05-15
4MdUUXUP,TR1,kayserispor,yeni malatyaspor,2022-05-14
d09NBhOm,TR1,antalyaspor,konyaspor,2022-05-09
zi8RACwf,TR1,besiktas,fenerbahce,2022-05-08
xdxceXw7,TR1,altay,giresunspor,2022-05-08
G0GZ8j86,TR1,yeni malatyaspor,rizespor,2022-05-08
QHIiHE0Q,TR1,adana demirspor,alanyaspor,2022-05-07
UkPrJzWD,TR1,basaksehir,galatasaray,2022-05-07
IFcW9Wh0,TR1,karagumruk,goztepe,2022-05-07
Gny1figD,TR1,sivasspor,kasimpasa,2022-05-07
SQ4JCY8s,TR1,gaziantep,kayserispor,2022-05-06
rgTnIfoK,TR1,hatayspor,trabzonspor,2022-05-06
4ntL3eWQ,TR1,galatasaray,sivasspor,2022-05-01
dpLadDO0,TR1,goztepe,rizespor,2022-05-01
dMxD5H1E,TR1,alanyaspor,yeni malatyaspor,2022-05-01
IVw96cn8,TR1,kayserispor,besiktas,2022-05-01
IgMecg9f,TR1,hatayspor,altay,2022-04-30
QesH4yHK,TR1,trabzonspor,antalyaspor,2022-04-30
OWMibZgl,TR1,kasimpasa,basaksehir,2022-04-30
GQaQsE97,TR1,konyaspor,karagumruk,2022-04-30
4jdMrff1,TR1,fenerbahce,gaziantep,2022-04-29
ATImaFvr,TR1,giresunspor,adana demirspor,2022-04-29
UeMqVzQ1,TR1,besiktas,kasimpasa,2022-04-25
4SDZibXE,TR1,sivasspor,alanyaspor,2022-04-25
rDPQgK22,TR1,altay,galatasaray,2022-04-24
IVHwiInL,TR1,antalyaspor,kayserispor,2022-04-24
ATdIqzue,TR1,basaksehir,hatayspor,2022-04-24
ChHsjx2R,TR1,yeni malatyaspor,konyaspor,2022-04-24
M3OUhvI8,TR1,adana demirspor,trabzonspor,2022-04-23
WxbEpGPl,TR1,gaziantep,goztepe,2022-04-23
j5NuWGAe,TR1,karagumruk,giresunspor,2022-04-23
E139odAr,TR1,rizespor,fenerbahce,2022-04-22
Y1EngmCi,TR1,galatasaray,yeni malatyaspor,2022-04-18
MRArfTdo,TR1,giresunspor,besiktas,2022-04-17
Oj7ajodA,TR1,kasimpasa,adana demirspor,2022-04-17
GpbzjHpU,TR1,konyaspor,gaziantep,2022-04-17
fwUWXxtq,TR1,fenerbahce,goztepe,2022-04-16
SODjh7Rc,TR1,alanyaspor,antalyaspor,2022-04-16
2s63k5BG,TR1,altay,basaksehir,2022-04-16
6FCfiRt4,TR1,hatayspor,sivasspor,2022-04-16
8tYzXdek,TR1,kayserispor,rizespor,2022-04-15
Igp2oygo,TR1,trabzonspor,karagumruk,2022-04-15
nBgWjcVN,TR1,antalyaspor,hatayspor,2022-04-11
KxmAcsnt,TR1,fenerbahce,galatasaray,2022-04-10
8KfSiwGH,TR1,adana demirspor,altay,2022-04-10
Qe5NhJ0B,TR1,sivasspor,basaksehir,2022-04-10
UD70wv1O,TR1,yeni malatyaspor,giresunspor,2022-04-10
vu3BeLGh,TR1,besiktas,alanyaspor,2022-04-09
bToEd11n,TR1,gaziantep,trabzonspor,2022-04-09
IV1FfuWb,TR1,goztepe,kayserispor,2022-04-09
Ch1Jgao5,TR1,rizespor,konyaspor,2022-04-09
rHB4xbGU,TR1,karagumruk,kasimpasa,2022-04-09
Q18XqOHt,TR1,basaksehir,yeni malatyaspor,2022-04-04
0YFqsM1a,TR1,hatayspor,adana demirspor,2022-04-04
OhM5l49P,TR1,trabzonspor,besiktas,2022-04-03
nkIevKoI,TR1,alanyaspor,rizespor,2022-04-03
8bJiu0WB,TR1,konyaspor,goztepe,2022-04-03
8pvJQ0HI,TR1,kasimpasa,gaziantep,2022-04-03
nywNPKWO,TR1,galatasaray,karagumruk,2022-04-02
KO7yqrXn,TR1,altay,antalyaspor,2022-04-02
vPEmttH5,TR1,kayserispor,fenerbahce,2022-04-02
I9Qvr2ng,TR1,giresunspor,sivasspor,2022-04-02
v5n2UrIg,TR1,fenerbahce,konyaspor,2022-03-20
Y37NyRPJ,TR1,gaziantep,galatasaray,2022-03-20
tAKyENXC,TR1,antalyaspor,giresunspor,2022-03-20
0KzBSMn6,TR1,sivasspor,altay,2022-03-20
ENvFRt2C,TR1,besiktas,hatayspor,2022-03-19
Ieo6T2Xa,TR1,adana demirspor,basaksehir,2022-03-19
hllfW4ms,TR1,goztepe,alanyaspor,2022-03-19
K0JuDsmJ,TR1,yeni malatyaspor,kasimpasa,2022-03-19
WvmbVO2m,TR1,karagumruk,kayserispor,2022-03-18
n7BRzouQ,TR1,rizespor,trabzonspor,2022-03-18
CW7vxzK2,TR1,galatasaray,besiktas,2022-03-14
dOPiEWRe,TR1,giresunspor,gaziantep,2022-03-14
KdBnzElF,TR1,basaksehir,antalyaspor,2022-03-14
jLROGPmf,TR1,alanyaspor,fenerbahce,2022-03-13
dMYFIoJs,TR1,adana demirspor,sivasspor,2022-03-13
voOKH5Ym,TR1,kayserispor,konyaspor,2022-03-13
prRSFq30,TR1,trabzonspor,goztepe,2022-03-12
jN6ryfZ8,TR1,altay,yeni malatyaspor,2022-03-12
OYPWE3I6,TR1,kasimpasa,rizespor,2022-03-12
ARTeDjs2,TR1,hatayspor,karagumruk,2022-03-12
YV7PKYlS,TR1,besiktas,basaksehir,2022-03-07
21QmFCCk,TR1,gaziantep,hatayspor,2022-03-07
nF5DNz59,TR1,kayserispor,alanyaspor,2022-03-07
0I9HMfKF,TR1,antalyaspor,sivasspor,2022-03-06
4jG8OGk3,TR1,fenerbahce,trabzonspor,2022-03-06
OARqGhcq,TR1,karagumruk,altay,2022-03-06
nH4FwnTO,TR1,ankaragucu,adana demirspor,2023-06-07
GWvPckEt,TR1,besiktas,konyaspor,2023-06-07
8Q5BvSDI,TR1,fenerbahce,gaziantep,2023-06-07
voEfrAEg,TR1,giresunspor,antalyaspor,2023-06-07
CbC2tlq6,TR1,hatayspor,galatasaray,2023-06-07
IyDbsUTa,TR1,istanbulspor as,umraniyespor,2023-06-07
Q1G6u8bC,TR1,basaksehir,trabzonspor,2023-06-06
ENhc2V5P,TR1,karagumruk,kasimpasa,2023-06-06
beUTd9Tn,TR1,sivasspor,kayserispor,2023-06-06
jNdI1bFE,TR1,galatasaray,fenerbahce,2023-06-04
jXaWweN7,TR1,adana demirspor,basaksehir,2023-06-03
M9Jkqjam,TR1,antalyaspor,hatayspor,2023-06-03
hxvF2v08,TR1,gaziantep,istanbulspor as,2023-06-03
r7dOuHhe,TR1,kasimpasa,besiktas,2023-06-03
Ct1Svy81,TR1,kayserispor,ankaragucu,2023-06-03
Mi8FswOr,TR1,trabzonspor,alanyaspor,2023-06-03
rJKopWqs,TR1,umraniyespor,giresunspor,2023-06-03
4GcKtcwk,TR1,konyaspor,karagumruk,2023-06-03
CIIuluoF,TR1,alanyaspor,kasimpasa,2023-05-30
Q9AhScOe,TR1,ankaragucu,galatasaray,2023-05-30
hG2vj1G2,TR1,basaksehir,gaziantep,2023-05-30
4fMqUJgq,TR1,fenerbahce,antalyaspor,2023-05-30
vDEdRHw2,TR1,giresunspor,trabzonspor,2023-05-30
roLmTw9k,TR1,hatayspor,umraniyespor,2023-05-30
W61rkLV8,TR1,istanbulspor as,adana demirspor,2023-05-30
pWGmnJFR,TR1,karagumruk,kayserispor,2023-05-30
j9Hqma0L,TR1,sivasspor,konyaspor,2023-05-30
jidAFKvj,TR1,trabzonspor,karagumruk,2023-05-22
C2UHYaoS,TR1,gaziantep,giresunspor,2023-05-21
YBVDZuWL,TR1,hatayspor,fenerbahce,2023-05-21
UseEEvfd,TR1,adana demirspor,besiktas,2023-05-21
vDx5y219,TR1,antalyaspor,basaksehir,2023-05-21
pjw1xrn3,TR1,umraniyespor,ankaragucu,2023-05-21
6avcwOWd,TR1,galatasaray,sivasspor,2023-05-20
dUd6G0Pq,TR1,kayserispor,alanyaspor,2023-05-20
jmt9zMGF,TR1,kasimpasa,istanbulspor as,2023-05-20
r3EJP42c,TR1,fenerbahce,trabzonspor,2023-05-18
x6NT2sep,TR1,ankaragucu,antalyaspor,2023-05-17
QR3OOOH3,TR1,besiktas,gaziantep,2023-05-17
K85vLtHS,TR1,giresunspor,hatayspor,2023-05-17
4I2SNrX9,TR1,karagumruk,adana demirspor,2023-05-17
GdMX11Aj,TR1,basaksehir,umraniyespor,2023-05-17
xpGZLM1M,TR1,alanyaspor,konyaspor,2023-05-16
UaAFQpmi,TR1,istanbulspor as,galatasaray,2023-05-16
bgHVM2nG,TR1,sivasspor,kasimpasa,2023-05-16
COwkAP2A,TR1,galatasaray,basaksehir,2023-05-08
UalpB5m4,TR1,trabzonspor,ankaragucu,2023-05-08
rqnYD73o,TR1,gaziantep,karagumruk,2023-05-07
Obsg9qIG,TR1,hatayspor,istanbulspor as,2023-05-07
ILtc83XM,TR1,giresunspor,fenerbahce,2023-05-07
dCu17NnT,TR1,konyaspor,kayserispor,2023-05-07
j9ktCoYc,TR1,umraniyespor,sivasspor,2023-05-07
tv8kkOQp,TR1,adana demirspor,alanyaspor,2023-05-06
MZpxDRIi,TR1,antalyaspor,besiktas,2023-05-06
zutI7WtC,TR1,istanbulspor as,giresunspor,2023-05-01
U1uM6jdI,TR1,basaksehir,hatayspor,2023-04-30
xnRCAYdg,TR1,kayserispor,gaziantep,2023-04-30
ULN4CfSt,TR1,besiktas,galatasaray,2023-04-30
GxQG9hCa,TR1,ankaragucu,kasimpasa,2023-04-29
dlsE8CR5,TR1,sivasspor,fenerbahce,2023-04-29
plnYHG4J,TR1,karagumruk,antalyaspor,2023-04-29
rPR8BEsm,TR1,konyaspor,trabzonspor,2023-04-29
OvoxHzKP,TR1,alanyaspor,umraniyespor,2023-04-28
4KmWceDm,TR1,antalyaspor,sivasspor,2023-04-24
zJ4segc6,TR1,fenerbahce,istanbulspor as,2023-04-24
xYovdZs0,TR1,giresunspor,basaksehir,2023-04-24
jD7e4czK,TR1,gaziantep,alanyaspor,2023-04-23
rBnzcFSg,TR1,hatayspor,ankaragucu,2023-04-23
pz7a3HkQ,TR1,galatasaray,karagumruk,2023-04-23
dYhjgXRI,TR1,adana demirspor,kayserispor,2023-04-23
IsfnfDCC,TR1,kasimpasa,konyaspor,2023-04-23
nqgRbybs,TR1,umraniyespor,besiktas,2023-04-22
W2ur8cLl,TR1,sivasspor,trabzonspor,2023-04-20
vZRb4FKD,TR1,ankaragucu,giresunspor,2023-04-20
0rTf5e57,TR1,basaksehir,fenerbahce,2023-04-19
ERUn7Hze,TR1,konyaspor,adana demirspor,2023-04-19
xA3i5wLD,TR1,besiktas,hatayspor,2023-04-19
MTk8EarL,TR1,istanbulspor as,antalyaspor,2023-04-19
hITj6yj1,TR1,kayserispor,kasimpasa,2023-04-19
Iayv9w6r,TR1,alanyaspor,galatasaray,2023-04-18
0KlCDJcR,TR1,karagumruk,umraniyespor,2023-04-18
AZB0eKyq,TR1,trabzonspor,besiktas,2023-04-16
Q1daGLD8,TR1,gaziantep,konyaspor,2023-04-16
8QPYa0TR,TR1,hatayspor,karagumruk,2023-04-16
v9G4fvik,TR1,giresunspor,sivasspor,2023-04-16
IaF8gb6e,TR1,fenerbahce,ankaragucu,2023-04-15
Cb8Hixy8,TR1,adana demirspor,kasimpasa,2023-04-15
0O4DhIL1,TR1,istanbulspor as,basaksehir,2023-04-15
Q1zU0tEL,TR1,antalyaspor,alanyaspor,2023-04-14
4he3FuTE,TR1,galatasaray,kayserispor,2023-04-14
voYH3rU2,TR1,karagumruk,fenerbahce,2023-04-10
QTd1aTxH,TR1,kayserispor,umraniyespor,2023-04-10
IyXL22q9,TR1,besiktas,giresunspor,2023-04-09
KUEZtLMk,TR1,adana demirspor,gaziantep,2023-04-09
CbWP1MbF,TR1,alanyaspor,hatayspor,2023-04-09
EiEwtuxd,TR1,sivasspor,basaksehir,2023-04-09
6RAVs17q,TR1,kasimpasa,trabzonspor,2023-04-08
hrDsuai2,TR1,ankaragucu,istanbulspor as,2023-04-08
nwbc09NA,TR1,konyaspor,antalyaspor,2023-04-07
YZXNoA8H,TR1,istanbulspor as,karagumruk,2023-04-03
CQWRpUNN,TR1,fenerbahce,besiktas,2023-04-02
dl5p3Bwh,TR1,gaziantep,kasimpasa,2023-04-02
U1RWqlwU,TR1,hatayspor,sivasspor,2023-04-02
vDYJnjgB,TR1,giresunspor,alanyaspor,2023-04-02
vDfk2Vhb,TR1,umraniyespor,konyaspor,2023-04-02
pE1t4iOo,TR1,galatasaray,adana demirspor,2023-04-01
WADbu8oo,TR1,basaksehir,ankaragucu,2023-04-01
I3gg1k84,TR1,trabzonspor,kayserispor,2023-04-01
U5ehbdLi,TR1,adana demirspor,basaksehir,2024-05-26
4ORZuF5N,TR1,fenerbahce,istanbulspor as,2024-05-26
bom9fEKG,TR1,hatayspor,rizespor,2024-05-26
2Jg0dzj4,TR1,kasimpasa,besiktas,2024-05-26
ClRwuZKT,TR1,konyaspor,galatasaray,2024-05-26
G2ilax6o,TR1,pendikspor,gaziantep,2024-05-26
Kfl5ef5A,TR1,trabzonspor,ankaragucu,2024-05-26
QXSVtejH,TR1,sivasspor,kayserispor,2024-05-25
EcD5zgTp,TR1,karagumruk,samsunspor,2024-05-25
OSfdcGzb,TR1,alanyaspor,antalyaspor,2024-05-24
zqzJqc6b,TR1,galatasaray,fenerbahce,2024-05-19
8vNjtOa6,TR1,ankaragucu,pendikspor,2024-05-18
dhyFpwih,TR1,basaksehir,trabzonspor,2024-05-18
UmOns4p0,TR1,besiktas,hatayspor,2024-05-18
vHtAoJyn,TR1,gaziantep,karagumruk,2024-05-18
r9wRsyyB,TR1,kayserispor,konyaspor,2024-05-18
j3CeurFC,TR1,rizespor,kasimpasa,2024-05-18
llVbv2UI,TR1,samsunspor,alanyaspor,2024-05-18
0Qs6naMu,TR1,antalyaspor,adana demirspor,2024-05-17
U5ZMrHL4,TR1,istanbulspor as,sivasspor,2024-05-17
UPu0j8ND,TR1,adana demirspor,gaziantep,2024-05-12
vaVZq60s,TR1,alanyaspor,besiktas,2024-05-12
tloFpIZf,TR1,fenerbahce,kayserispor,2024-05-12
MNKvqQFm,TR1,hatayspor,ankaragucu,2024-05-12
lElNrd47,TR1,karagumruk,galatasaray,2024-05-12
2wv8lnhQ,TR1,kasimpasa,antalyaspor,2024-05-12
S4mRsGJD,TR1,konyaspor,samsunspor,2024-05-12
0EJrrpVg,TR1,pendikspor,rizespor,2024-05-12
8Gv4kSxK,TR1,sivasspor,basaksehir,2024-05-12
fikJqxk1,TR1,trabzonspor,istanbulspor as,2024-05-12
pMVzXb5e,TR1,antalyaspor,pendikspor,2024-05-06
St5viKdR,TR1,konyaspor,fenerbahce,2024-05-06
KYd6nv5r,TR1,galatasaray,sivasspor,2024-05-05
6VWWXvjk,TR1,gaziantep,hatayspor,2024-05-05
2cQuWIK1,TR1,basaksehir,kasimpasa,2024-05-05
6RGVhtSE,TR1,kayserispor,karagumruk,2024-05-04
lj6zh0sL,TR1,samsunspor,trabzonspor,2024-05-04
fiDRgMC8,TR1,istanbulspor as,adana demirspor,2024-05-04
tlPqVxz8,TR1,ankaragucu,alanyaspor,2024-05-03
bPeAobKl,TR1,besiktas,rizespor,2024-05-03
EXihuNcF,TR1,karagumruk,antalyaspor,2024-04-29
zmt1w1SR,TR1,rizespor,ankaragucu,2024-04-28
t6vosqT2,TR1,trabzonspor,gaziantep,2024-04-28
WzcfKLLk,TR1,alanyaspor,istanbulspor as,2024-04-28
hpbjL16q,TR1,pendikspor,kayserispor,2024-04-28
hOjdvsDL,TR1,fenerbahce,besiktas,2024-04-27
Kdwkt3r9,TR1,hatayspor,basaksehir,2024-04-27
v102Iaj2,TR1,kasimpasa,samsunspor,2024-04-27
C8XSYKzq,TR1,sivasspor,konyaspor,2024-04-27
QcdbJuyd,TR1,adana demirspor,galatasaray,2024-04-26
vwIFR3TF,TR1,sivasspor,fenerbahce,2024-04-22
ptGrPA7H,TR1,antalyaspor,hatayspor,2024-04-21
dIrC7rxp,TR1,galatasaray,pendikspor,2024-04-21
vsYG62ij,TR1,gaziantep,kasimpasa,2024-04-21
CjGNPsbS,TR1,basaksehir,rizespor,2024-04-21
S2EBSqE9,TR1,kayserispor,trabzonspor,2024-04-20
6mQ2U5qc,TR1,samsunspor,adana demirspor,2024-04-20
IXWK5M6d,TR1,konyaspor,alanyaspor,2024-04-20
pvP6TPb3,TR1,istanbulspor as,karagumruk,2024-04-20
YaHJQNrM,TR1,besiktas,ankaragucu,2024-04-19
tnYGABhO,TR1,alanyaspor,galatasaray,2024-04-15
WG0wSCNb,TR1,karagumruk,fenerbahce,2024-04-14
CCTCBiwI,TR1,hatayspor,istanbulspor as,2024-04-14
hQ1ZSh8h,TR1,rizespor,antalyaspor,2024-04-14
b32VTYhn,TR1,pendikspor,basaksehir,2024-04-14
YLU8CXNB,TR1,adana demirspor,kayserispor,2024-04-13
KxXK9V7U,TR1,besiktas,samsunspor,2024-04-13
p0bRUEwt,TR1,ankaragucu,gaziantep,2024-04-13
jJGvQjhB,TR1,kasimpasa,konyaspor,2024-04-13
CSHzRWx5,TR1,trabzonspor,sivasspor,2024-04-12
bkNdFZwg,TR1,basaksehir,besiktas,2024-04-04
jq0VbEgC,TR1,samsunspor,pendikspor,2024-04-04
0EsMLy1P,TR1,fenerbahce,adana demirspor,2024-04-03
Y7kzbY8I,TR1,kayserispor,kasimpasa,2024-04-03
KbOhGFOn,TR1,konyaspor,trabzonspor,2024-04-03
2NTmHe9t,TR1,sivasspor,karagumruk,2024-04-03
hCM0Egga,TR1,antalyaspor,ankaragucu,2024-04-02
Ch1Rafv6,TR1,galatasaray,hatayspor,2024-04-02
nBgvchOO,TR1,gaziantep,alanyaspor,2024-04-02
jcu4DD85,TR1,istanbulspor as,rizespor,2024-04-02
rDDE2dfm,TR1,trabzonspor,fenerbahce,2024-03-17
dMvdpFvJ,TR1,hatayspor,samsunspor,2024-03-17
IVuhoePC,TR1,kasimpasa,galatasaray,2024-03-17
YwOv9bHJ,TR1,rizespor,gaziantep,2024-03-17
Qy3J1G9g,TR1,adana demirspor,sivasspor,2024-03-16
U99A3xus,TR1,besiktas,antalyaspor,2024-03-16
CUMr8IWP,TR1,ankaragucu,basaksehir,2024-03-16
CYxpmHf0,TR1,alanyaspor,kayserispor,2024-03-16
4S1N0zPa,TR1,karagumruk,konyaspor,2024-03-15
O8tlnyA6,TR1,pendikspor,istanbulspor as,2024-03-15
MqpXkJAs,TR1,gaziantep,besiktas,2024-03-11
4hoEZcQ0,TR1,fenerbahce,pendikspor,2024-03-10
WEHAYHu7,TR1,istanbulspor as,kasimpasa,2024-03-10
jJlykwQm,TR1,samsunspor,ankaragucu,2024-03-10
Q1nAzvBf,TR1,kayserispor,hatayspor,2024-03-10
Kzb5fa2Q,TR1,basaksehir,antalyaspor,2024-03-09
xC80eumK,TR1,trabzonspor,karagumruk,2024-03-09
O84ddLXD,TR1,konyaspor,adana demirspor,2024-03-09
A5GEXyeD,TR1,sivasspor,alanyaspor,2024-03-09
U9mulcuf,TR1,galatasaray,rizespor,2024-03-08
bmWTf8d9,TR1,alanyaspor,trabzonspor,2024-03-04
jNSLdURd,TR1,antalyaspor,gaziantep,2024-03-04
UDRPels3,TR1,adana demirspor,karagumruk,2024-03-04
xroZYQZk,TR1,besiktas,galatasaray,2024-03-03
lIlwYpkd,TR1,basaksehir,samsunspor,2024-03-03
Wvm6yKel,TR1,pendikspor,konyaspor,2024-03-03
YBoge6Ac,TR1,bodrumspor,besiktas,2025-06-01
llDzwPfT,TR1,samsunspor,kayserispor,2025-06-01
2iwAiO9M,TR1,adana demirspor,gaziantep,2025-05-31
K8LJt7e4,TR1,alanyaspor,sivasspor,2025-05-31
fRZ1gpuA,TR1,fenerbahce,konyaspor,2025-05-31
8Yg7X2Ij,TR1,rizespor,hatayspor,2025-05-31
GzFSvoQG,TR1,antalyaspor,trabzonspor,2025-05-30
fkIlpt2d,TR1,galatasaray,basaksehir,2025-05-30
MyKtn2Xq,TR1,kasimpasa,goztepe,2025-05-30
0pQBD8RH,TR1,hatayspor,fenerbahce,2025-05-26
hKM3FUd5,TR1,basaksehir,adana demirspor,2025-05-25
MaEKBndU,TR1,besiktas,rizespor,2025-05-25
YiNBrTQi,TR1,kayserispor,bodrumspor,2025-05-25
Qo0pS7tB,TR1,konyaspor,alanyaspor,2025-05-25
hdpPKPYp,TR1,trabzonspor,samsunspor,2025-05-25
COgUVksn,TR1,gaziantep,kasimpasa,2025-05-24
hY1xUTBb,TR1,goztepe,galatasaray,2025-05-24
MDggQoBN,TR1,eyupspor,antalyaspor,2025-05-24
IsARFwil,TR1,alanyaspor,besiktas,2025-05-18
nN1rCejD,TR1,antalyaspor,gaziantep,2025-05-18
06w1aI67,TR1,bodrumspor,trabzonspor,2025-05-18
lSJeLaTQ,TR1,fenerbahce,eyupspor,2025-05-18
h0QnNLbE,TR1,galatasaray,kayserispor,2025-05-18
YH62HjSh,TR1,kasimpasa,basaksehir,2025-05-18
048fJCct,TR1,rizespor,goztepe,2025-05-18
4vph1vxe,TR1,samsunspor,sivasspor,2025-05-18
vcbzEHL0,TR1,adana demirspor,hatayspor,2025-05-17
vFi6ArF8,TR1,kayserispor,antalyaspor,2025-05-12
zNbvjgCd,TR1,besiktas,adana demirspor,2025-05-11
nueE8MqL,TR1,goztepe,hatayspor,2025-05-11
WCWp307r,TR1,sivasspor,bodrumspor,2025-05-11
lQOD4hRk,TR1,trabzonspor,galatasaray,2025-05-10
W8rsAE3S,TR1,eyupspor,kasimpasa,2025-05-10
OruZBzZF,TR1,konyaspor,rizespor,2025-05-10
2TjQDd43,TR1,basaksehir,fenerbahce,2025-05-09
MwNL2We2,TR1,gaziantep,alanyaspor,2025-05-09
GvkGa6qg,TR1,kasimpasa,trabzonspor,2025-05-05
Klc7cyKM,TR1,adana demirspor,goztepe,2025-05-04
z1N3wGSj,TR1,fenerbahce,besiktas,2025-05-04
pKtXeOrI,TR1,samsunspor,eyupspor,2025-05-04
KCe71SEt,TR1,galatasaray,sivasspor,2025-05-03
GKrwhFsp,TR1,hatayspor,basaksehir,2025-05-03
lhmOcpE5,TR1,alanyaspor,kayserispor,2025-05-03
OM3backA,TR1,rizespor,gaziantep,2025-05-03
Gd0j1JKc,TR1,antalyaspor,konyaspor,2025-05-02
jcLcsPTO,TR1,goztepe,basaksehir,2025-04-28
UJl2hkxQ,TR1,eyupspor,galatasaray,2025-04-27
8E37W7F6,TR1,kayserispor,rizespor,2025-04-27
vZBjzjGs,TR1,konyaspor,adana demirspor,2025-04-27
QkzYnTam,TR1,trabzonspor,alanyaspor,2025-04-27
UsXlqoaC,TR1,bodrumspor,samsunspor,2025-04-26
naFbYTpf,TR1,gaziantep,fenerbahce,2025-04-26
MHTto7Ua,TR1,sivasspor,antalyaspor,2025-04-26
Gv7FUopJ,TR1,besiktas,hatayspor,2025-04-25
I96tI80D,TR1,alanyaspor,samsunspor,2025-04-21
8vmb5VG7,TR1,fenerbahce,kayserispor,2025-04-20
OnVpTY8E,TR1,rizespor,eyupspor,2025-04-20
MsDXJUV0,TR1,basaksehir,gaziantep,2025-04-20
UqYhRCwR,TR1,goztepe,besiktas,2025-04-19
zRlj7ine,TR1,adana demirspor,trabzonspor,2025-04-19
vaes9DHr,TR1,kasimpasa,sivasspor,2025-04-19
A3gSuChK,TR1,galatasaray,bodrumspor,2025-04-18
EH9PLj1l,TR1,hatayspor,konyaspor,2025-04-18
EyY1bN3N,TR1,eyupspor,adana demirspor,2025-04-14
pKOXh1Rp,TR1,sivasspor,fenerbahce,2025-04-13
QF1KG4Ji,TR1,trabzonspor,rizespor,2025-04-13
n3BrB0mT,TR1,gaziantep,hatayspor,2025-04-13
Yu5SErl4,TR1,kayserispor,kasimpasa,2025-04-13
f9Y9RLX9,TR1,besiktas,basaksehir,2025-04-12
6mhF5vBj,TR1,bodrumspor,antalyaspor,2025-04-12
Ygp1Ts3c,TR1,konyaspor,goztepe,2025-04-12
EkDzDMIG,TR1,samsunspor,galatasaray,2025-04-11
QgQq4RZo,TR1,goztepe,gaziantep,2025-04-07
EFdRopKH,TR1,kasimpasa,besiktas,2025-04-07
vw22iljt,TR1,fenerbahce,trabzonspor,2025-04-06
8IgJm6k5,TR1,hatayspor,eyupspor,2025-04-06
fZH00qZA,TR1,alanyaspor,bodrumspor,2025-04-06
MLJh254b,TR1,antalyaspor,samsunspor,2025-04-05
zVpzpOlU,TR1,basaksehir,konyaspor,2025-04-05
bqpfmxvP,TR1,rizespor,sivasspor,2025-04-05
Cj0AkSKh,TR1,adana demirspor,kayserispor,2025-04-04
QHWnkb9C,TR1,eyupspor,basaksehir,2025-03-31
AszCmoY7,TR1,besiktas,galatasaray,2025-03-29
Grs3k73e,TR1,samsunspor,kasimpasa,2025-03-29
42rviKv0,TR1,trabzonspor,goztepe,2025-03-29
GKbGbBt9,TR1,sivasspor,adana demirspor,2025-03-29
Op2OdkBL,TR1,bodrumspor,fenerbahce,2025-03-28
dxuWhtAm,TR1,konyaspor,gaziantep,2025-03-28
2yNcBlQE,TR1,antalyaspor,alanyaspor,2025-03-28
8IweiTYr,TR1,kayserispor,hatayspor,2025-03-28
4OeTxUJk,TR1,fenerbahce,samsunspor,2025-03-16
4AGfOU4d,TR1,goztepe,eyupspor,2025-03-16
Gpr7XYsA,TR1,hatayspor,sivasspor,2025-03-16
xxfyy8l2,TR1,rizespor,bodrumspor,2025-03-16
CCyGVCCM,TR1,basaksehir,trabzonspor,2025-03-15
GbNunYd3,TR1,konyaspor,besiktas,2025-03-15
xEBlpCRF,TR1,kasimpasa,alanyaspor,2025-03-15
8rNoQjzp,TR1,gaziantep,kayserispor,2025-03-15
pvFdrjdS,TR1,galatasaray,antalyaspor,2025-03-14
IkGtHDcT,TR1,besiktas,gaziantep,2025-03-10
lAOPKeb4,TR1,alanyaspor,galatasaray,2025-03-09
MNMXIZSG,TR1,eyupspor,konyaspor,2025-03-09
0jNlJrNa,TR1,samsunspor,adana demirspor,2025-03-09
lY6CBiLj,TR1,sivasspor,goztepe,2025-03-09
8GQdHMiC,TR1,trabzonspor,hatayspor,2025-03-08
S4wVbEyo,TR1,antalyaspor,rizespor,2025-03-08
UTqaZfDc,TR1,kayserispor,basaksehir,2025-03-08
WML24Xjf,TR1,antalyaspor,kocaelispor,2026-05-17
xnLfyZM7,TR1,fenerbahce,eyupspor,2026-05-17
4CyOBFbK,TR1,kasimpasa,galatasaray,2026-05-17
zeSg6gMs,TR1,trabzonspor,genclerbirligi,2026-05-17
rq8taxFE,TR1,kayserispor,konyaspor,2026-05-17
W8tUkYy1,TR1,gaziantep,basaksehir,2026-05-16
OGbylC6D,TR1,samsunspor,goztepe,2026-05-16
zsmLif7l,TR1,karagumruk,alanyaspor,2026-05-16
vB1kcGqR,TR1,rizespor,besiktas,2026-05-15
GWWowehe,TR1,alanyaspor,kayserispor,2026-05-09
f334QH8k,TR1,basaksehir,samsunspor,2026-05-09
AVRXVwoS,TR1,besiktas,trabzonspor,2026-05-09
86TwuHNr,TR1,eyupspor,rizespor,2026-05-09
25OPXaGF,TR1,galatasaray,antalyaspor,2026-05-09
dhgPZLo3,TR1,genclerbirligi,kasimpasa,2026-05-09
G8lanaV8,TR1,goztepe,gaziantep,2026-05-09
2T6COew2,TR1,kocaelispor,karagumruk,2026-05-09
lMn7pw0L,TR1,konyaspor,fenerbahce,2026-05-09
dfOVFRfU,TR1,antalyaspor,alanyaspor,2026-05-03
8WCUDvPq,TR1,karagumruk,genclerbirligi,2026-05-03
4b6wCIgd,TR1,kasimpasa,kocaelispor,2026-05-03
tbY6LVQh,TR1,kayserispor,eyupspor,2026-05-03
zLgtzVun,TR1,fenerbahce,basaksehir,2026-05-02
2XpcWnuB,TR1,samsunspor,galatasaray,2026-05-02
tIdlY8Ab,TR1,trabzonspor,goztepe,2026-05-02
OtQNHmQH,TR1,gaziantep,besiktas,2026-05-01
SEWEJ9e5,TR1,rizespor,konyaspor,2026-05-01
KU4P8hsm,TR1,besiktas,karagumruk,2026-04-27
6Nl9620J,TR1,konyaspor,trabzonspor,2026-04-27
lnEgEEJP,TR1,alanyaspor,samsunspor,2026-04-27
YiBu5AtC,TR1,galatasaray,fenerbahce,2026-04-26
KrpbNidt,TR1,genclerbirligi,kocaelispor,2026-04-26
bco18OV6,TR1,goztepe,antalyaspor,2026-04-25
UJ4l3lBO,TR1,kayserispor,rizespor,2026-04-25
0vDX6WBa,TR1,eyupspor,gaziantep,2026-04-25
veVaAp1f,TR1,basaksehir,kasimpasa,2026-04-24
6sXiC6Ws,TR1,gaziantep,kayserispor,2026-04-20
hv7Ic7Hl,TR1,trabzonspor,basaksehir,2026-04-19
QPjxIy33,TR1,samsunspor,besiktas,2026-04-19
bwkpGFXF,TR1,kasimpasa,alanyaspor,2026-04-19
KjbZgPGD,TR1,genclerbirligi,galatasaray,2026-04-18
byAQeon1,TR1,kocaelispor,goztepe,2026-04-18
xjerdftp,TR1,karagumruk,eyupspor,2026-04-18
AH8kfYAd,TR1,antalyaspor,konyaspor,2026-04-17
ncjLHS8K,TR1,fenerbahce,rizespor,2026-04-17
WljUlwZG,TR1,eyupspor,samsunspor,2026-04-13
dWZ8seRj,TR1,rizespor,gaziantep,2026-04-13
hIJB1GIM,TR1,galatasaray,kocaelispor,2026-04-12
OQgYUHso,TR1,goztepe,kasimpasa,2026-04-12
vFgxmH3T,TR1,konyaspor,karagumruk,2026-04-12
lQMf5bJc,TR1,kayserispor,fenerbahce,2026-04-11
AZ1Lja44,TR1,alanyaspor,trabzonspor,2026-04-11
phG33xlA,TR1,basaksehir,genclerbirligi,2026-04-11
29bDhLZi,TR1,besiktas,antalyaspor,2026-04-10
GKE29AF7,TR1,rizespor,samsunspor,2026-04-09
YeoTPVal,TR1,goztepe,galatasaray,2026-04-08
StTTLv5U,TR1,kocaelispor,basaksehir,2026-04-06
b1yDPM55,TR1,fenerbahce,besiktas,2026-04-05
GIqdT46t,TR1,antalyaspor,eyupspor,2026-04-05
WSEgx0kB,TR1,karagumruk,rizespor,2026-04-05
2Zs4Rryg,TR1,samsunspor,konyaspor,2026-04-05
O2BovMKb,TR1,trabzonspor,galatasaray,2026-04-04
WEZKN0zI,TR1,gaziantep,alanyaspor,2026-04-04
2mNxtrjn,TR1,genclerbirligi,goztepe,2026-04-04
Sf82zvKN,TR1,kasimpasa,kayserispor,2026-04-04
I94NIEhL,TR1,besiktas,kasimpasa,2026-03-19
UNvxO9U0,TR1,konyaspor,genclerbirligi,2026-03-19
rR6lXD7E,TR1,kayserispor,karagumruk,2026-03-19
nuNoDhGr,TR1,basaksehir,antalyaspor,2026-03-18
f5QgBWpe,TR1,eyupspor,trabzonspor,2026-03-18
xlrpMmaD,TR1,alanyaspor,kocaelispor,2026-03-18
xQacVixR,TR1,fenerbahce,gaziantep,2026-03-17
rXaopfnd,TR1,genclerbirligi,besiktas,2026-03-15
pd6FKzO8,TR1,samsunspor,kayserispor,2026-03-15
xWK6ixfM,TR1,kasimpasa,eyupspor,2026-03-15
Whtt6y9F,TR1,galatasaray,basaksehir,2026-03-14
zRnX7cv3,TR1,goztepe,alanyaspor,2026-03-14
UmOSdXV1,TR1,trabzonspor,rizespor,2026-03-14
n56xnGHq,TR1,kocaelispor,konyaspor,2026-03-14
xjql4FwS,TR1,antalyaspor,gaziantep,2026-03-13
MNKKbg1k,TR1,karagumruk,fenerbahce,2026-03-13
8jTkeKfc,TR1,alanyaspor,genclerbirligi,2026-03-09
Awx9BKNt,TR1,kayserispor,trabzonspor,2026-03-09
GGWcgbP9,TR1,eyupspor,kocaelispor,2026-03-09
WhQH9bhg,TR1,fenerbahce,samsunspor,2026-03-08
0Ctbgw8C,TR1,konyaspor,kasimpasa,2026-03-08
vJTP7xN5,TR1,gaziantep,karagumruk,2026-03-08
KEdaiHxP,TR1,rizespor,antalyaspor,2026-03-08
jFb5m8yi,TR1,besiktas,galatasaray,2026-03-07
KSyY5GiI,TR1,basaksehir,goztepe,2026-03-07
0lbB2soQ,TR1,antalyaspor,fenerbahce,2026-03-01
KhLOvvgJ,TR1,samsunspor,gaziantep,2026-03-01
Sbrjeaw0,TR1,genclerbirligi,kayserispor,2026-03-01
ITO7rMgf,TR1,galatasaray,alanyaspor,2026-02-28
YNsrS09D,TR1,goztepe,eyupspor,2026-02-28
pGQaprPs,TR1,kocaelispor,besiktas,2026-02-28
WWlscL8m,TR1,kasimpasa,rizespor,2026-02-28
QVqTk41K,TR1,basaksehir,konyaspor,2026-02-27
EeIGt0O6,TR1,trabzonspor,karagumruk,2026-02-27
4OgAwzCc,TR1,fenerbahce,kasimpasa,2026-02-23
CpBnwRHE,TR1,besiktas,goztepe,2026-02-22
juQiHqee,TR1,karagumruk,samsunspor,2026-02-22
UPyqJ5Qr,TR1,gaziantep,trabzonspor,2026-02-22
OQ9ByEtA,TR1,kayserispor,antalyaspor,2026-02-22
pb9fy5nR,TR1,konyaspor,galatasaray,2026-02-21
b5TaFNP7,TR1,alanyaspor,basaksehir,2026-02-21
4rjRVrAl,TR1,eyupspor,genclerbirligi,2026-02-21
MuOLGvlK,TR2,bandirmaspor,istanbulspor as,2022-06-02
2ZuKHSHI,TR2,istanbulspor as,erzurumspor,2022-05-29
IsO6uW9P,TR2,bandirmaspor,eyupspor,2022-05-29
GxpOGnXO,TR2,eyupspor,bandirmaspor,2022-05-25
8CtGI82C,TR2,erzurumspor,istanbulspor as,2022-05-25
x8j8YQtr,TR2,bursaspor,menemenspor,2022-05-21
pABTu9l8,TR2,kocaelispor,adanaspor as,2022-05-21
WQDuw7YQ,TR2,genclerbirligi,umraniyespor,2022-05-21
O0AXvT3E,TR2,keciorengucu,ankaragucu,2022-05-21
WUTtI5d1,TR2,balikesirspor,eyupspor,2022-05-20
x8UxJose,TR2,denizlispor,erzurumspor,2022-05-20
hzFyvmJK,TR2,istanbulspor as,bandirmaspor,2022-05-20
bHVYJRRl,TR2,boluspor,altinordu,2022-05-20
r5XpHPB7,TR2,tuzlaspor,samsunspor,2022-05-20
MJI2HY5j,TR2,altinordu,balikesirspor,2022-05-14
xnsWMfrT,TR2,ankaragucu,boluspor,2022-05-14
ttyUK7Cr,TR2,bandirmaspor,bursaspor,2022-05-14
djAhvdD3,TR2,erzurumspor,keciorengucu,2022-05-14
ERKmuxbc,TR2,eyupspor,kocaelispor,2022-05-14
zyMqtIri,TR2,manisa fk,tuzlaspor,2022-05-14
4GD0xzrG,TR2,menemenspor,genclerbirligi,2022-05-14
AgEdwGS9,TR2,samsunspor,istanbulspor as,2022-05-14
rTJbIEjp,TR2,umraniyespor,denizlispor,2022-05-14
l6r3Tvao,TR2,balikesirspor,bandirmaspor,2022-05-08
rPVfPSnU,TR2,boluspor,samsunspor,2022-05-08
OrwSNzTM,TR2,bursaspor,umraniyespor,2022-05-08
pYHMKneo,TR2,denizlispor,menemenspor,2022-05-08
ULwOOGDG,TR2,genclerbirligi,erzurumspor,2022-05-08
jVvKPdbA,TR2,istanbulspor as,adanaspor as,2022-05-08
YgpFQxq4,TR2,keciorengucu,manisa fk,2022-05-08
f3oBRITc,TR2,kocaelispor,altinordu,2022-05-08
0tn7SbEi,TR2,tuzlaspor,eyupspor,2022-05-08
AeqPB9IU,TR2,adanaspor as,boluspor,2022-05-01
EkRjQ8XN,TR2,ankaragucu,samsunspor,2022-05-01
pAZZTjYb,TR2,bandirmaspor,keciorengucu,2022-05-01
hzwrSU2B,TR2,denizlispor,genclerbirligi,2022-05-01
6JzWUWIh,TR2,erzurumspor,kocaelispor,2022-05-01
vXYwTAm5,TR2,eyupspor,istanbulspor as,2022-05-01
zaSnRlIH,TR2,manisa fk,bursaspor,2022-05-01
Q7JYVC3n,TR2,menemenspor,tuzlaspor,2022-05-01
nHKUWhlt,TR2,umraniyespor,balikesirspor,2022-05-01
dhuLCk3O,TR2,samsunspor,altinordu,2022-04-25
n3udIgZn,TR2,tuzlaspor,adanaspor as,2022-04-25
htthJZJt,TR2,balikesirspor,ankaragucu,2022-04-24
63n8FiJ5,TR2,istanbulspor as,erzurumspor,2022-04-24
plbaHDlg,TR2,kocaelispor,manisa fk,2022-04-24
jXgQNFBP,TR2,boluspor,umraniyespor,2022-04-24
SCm4GX3a,TR2,keciorengucu,menemenspor,2022-04-24
ETkGDVmI,TR2,bursaspor,denizlispor,2022-04-23
zwiCEBYB,TR2,genclerbirligi,bandirmaspor,2022-04-23
vV7pNrLE,TR2,eyupspor,boluspor,2022-04-21
EFAsaWYO,TR2,adanaspor as,samsunspor,2022-04-21
6qKM3fKg,TR2,menemenspor,kocaelispor,2022-04-20
zPBw0CJI,TR2,ankaragucu,altinordu,2022-04-20
bJKI4z5m,TR2,erzurumspor,tuzlaspor,2022-04-20
KSLE5Gks,TR2,manisa fk,balikesirspor,2022-04-20
t2CZ0h4C,TR2,bursaspor,genclerbirligi,2022-04-19
Sb8V1Yl6,TR2,denizlispor,istanbulspor as,2022-04-19
pzJQ2EZa,TR2,umraniyespor,keciorengucu,2022-04-19
QR3tOO58,TR2,samsunspor,eyupspor,2022-04-17
YXGf0LD1,TR2,ankaragucu,adanaspor as,2022-04-17
nyq79PjF,TR2,boluspor,erzurumspor,2022-04-16
COFbauT7,TR2,altinordu,manisa fk,2022-04-16
rqOs3NTr,TR2,kocaelispor,bandirmaspor,2022-04-16
QRsB8q6L,TR2,balikesirspor,menemenspor,2022-04-16
GdMk11be,TR2,istanbulspor as,bursaspor,2022-04-15
8jXF73LR,TR2,tuzlaspor,genclerbirligi,2022-04-15
x6No2sqk,TR2,keciorengucu,denizlispor,2022-04-15
vBuaBoM2,TR2,eyupspor,altinordu,2022-04-11
jka4k4aq,TR2,bursaspor,kocaelispor,2022-04-10
0AupfpiS,TR2,denizlispor,tuzlaspor,2022-04-10
O2cCmrUe,TR2,menemenspor,istanbulspor as,2022-04-10
I1v3A5y9,TR2,manisa fk,samsunspor,2022-04-10
MJtteQyM,TR2,adanaspor as,balikesirspor,2022-04-09
Uub8lOEk,TR2,genclerbirligi,keciorengucu,2022-04-09
Sdsxd6MF,TR2,bandirmaspor,boluspor,2022-04-09
x61Gn2q2,TR2,umraniyespor,ankaragucu,2022-04-09
WUmTcSi3,TR2,altinordu,adanaspor as,2022-04-03
hvkPb8xc,TR2,ankaragucu,eyupspor,2022-04-03
EgH2s77M,TR2,balikesirspor,erzurumspor,2022-04-03
r97YyoVq,TR2,kocaelispor,denizlispor,2022-04-03
EgwYdn79,TR2,samsunspor,bandirmaspor,2022-04-02
4OeszPad,TR2,istanbulspor as,genclerbirligi,2022-04-02
z3IbrmhG,TR2,boluspor,manisa fk,2022-04-02
QXdwy5pj,TR2,keciorengucu,bursaspor,2022-04-02
8GG6tRMS,TR2,tuzlaspor,umraniyespor,2022-04-01
WALsnVhi,TR2,adanaspor as,eyupspor,2022-03-21
jFreOR0p,TR2,genclerbirligi,kocaelispor,2022-03-20
ttcPTmwN,TR2,bursaspor,balikesirspor,2022-03-20
KWeTS7hT,TR2,bandirmaspor,tuzlaspor,2022-03-20
pEPook8c,TR2,manisa fk,ankaragucu,2022-03-20
bH7KUTNG,TR2,menemenspor,boluspor,2022-03-19
IRNgqTxA,TR2,erzurumspor,samsunspor,2022-03-19
vyPkp9N3,TR2,umraniyespor,altinordu,2022-03-19
U5saNoGj,TR2,istanbulspor as,keciorengucu,2022-03-18
SKc6bpQN,TR2,eyupspor,bursaspor,2022-03-10
OnipTGnC,TR2,balikesirspor,denizlispor,2022-03-07
fPA3YBOi,TR2,eyupspor,umraniyespor,2022-03-06
6BtkSz2I,TR2,tuzlaspor,istanbulspor as,2022-03-06
GYBaZi9o,TR2,adanaspor as,manisa fk,2022-03-06
pdhtUdX5,TR2,boluspor,bursaspor,2022-03-06
C058XVwb,TR2,ankaragucu,bandirmaspor,2022-03-05
pE3GV98A,TR2,samsunspor,menemenspor,2022-03-05
ji4CWkg4,TR2,altinordu,erzurumspor,2022-03-05
viqwqM44,TR2,pendikspor,bodrumspor,2023-06-08
M7WQItlm,TR2,bodrumspor,eyupspor,2023-06-04
rHXMJMYt,TR2,eyupspor,bodrumspor,2023-05-31
dlB9xO5M,TR2,sakaryaspor,eyupspor,2023-05-26
IcC5w4jG,TR2,bodrumspor,goztepe,2023-05-26
hfc12XQe,TR2,adanaspor as,samsunspor,2023-05-21
dS3h4gdq,TR2,yeni malatyaspor,denizlispor,2023-05-21
x6V4QqDo,TR2,bandirmaspor,genclerbirligi,2023-05-21
QusLM1CA,TR2,bodrumspor,goztepe,2023-05-21
zil8P3Si,TR2,erzurumspor,boluspor,2023-05-21
AV7d3DBk,TR2,eyupspor,keciorengucu,2023-05-21
84nGNsc4,TR2,manisa fk,pendikspor,2023-05-21
UDmCONsb,TR2,rizespor,altinordu,2023-05-21
4WuPLLRG,TR2,altay,tuzlaspor,2023-05-20
dnAVBpbh,TR2,denizlispor,adanaspor as,2023-05-16
GzgYCQrn,TR2,keciorengucu,yeni malatyaspor,2023-05-16
z1iM10zo,TR2,altinordu,erzurumspor,2023-05-16
Ua8wAOS4,TR2,boluspor,eyupspor,2023-05-16
4I0j7MCN,TR2,genclerbirligi,sakaryaspor,2023-05-16
QR1n82cH,TR2,goztepe,rizespor,2023-05-16
Yi5f6tST,TR2,pendikspor,bandirmaspor,2023-05-16
zw9ZA4Db,TR2,samsunspor,bodrumspor,2023-05-16
r3Cs9rrB,TR2,tuzlaspor,manisa fk,2023-05-16
0OIOhNcU,TR2,adanaspor as,keciorengucu,2023-05-07
nLEKg3rO,TR2,altay,denizlispor,2023-05-07
zHXbbRTh,TR2,bandirmaspor,boluspor,2023-05-07
IuN3coqa,TR2,bodrumspor,altinordu,2023-05-07
OtUfa7En,TR2,erzurumspor,genclerbirligi,2023-05-07
Q5QBePDB,TR2,manisa fk,goztepe,2023-05-07
4dPFfqTH,TR2,rizespor,tuzlaspor,2023-05-07
dWL7d5b5,TR2,sakaryaspor,pendikspor,2023-05-07
xpfUD6Tu,TR2,yeni malatyaspor,samsunspor,2023-05-07
jgattpEO,TR2,erzurumspor,sakaryaspor,2023-05-02
lnfIolpm,TR2,goztepe,adanaspor as,2023-04-30
UJUj0mat,TR2,denizlispor,samsunspor,2023-04-30
SArP4TjP,TR2,altinordu,bandirmaspor,2023-04-30
4xcUrnU5,TR2,boluspor,altay,2023-04-30
C20xsQbI,TR2,pendikspor,rizespor,2023-04-29
MD7PqSEa,TR2,tuzlaspor,eyupspor,2023-04-29
Iu1Ys6qC,TR2,keciorengucu,manisa fk,2023-04-29
rN8Lp8ag,TR2,genclerbirligi,bodrumspor,2023-04-28
8SYrXlVg,TR2,sakaryaspor,boluspor,2023-04-24
AeeEnUUt,TR2,bandirmaspor,erzurumspor,2023-04-24
2kYnW8p0,TR2,manisa fk,altinordu,2023-04-24
x8QaT6UI,TR2,yeni malatyaspor,tuzlaspor,2023-04-23
bHReUnFC,TR2,altay,goztepe,2023-04-23
jBEshj7J,TR2,bodrumspor,denizlispor,2023-04-23
dhVvYUFm,TR2,rizespor,genclerbirligi,2023-04-23
4EIoiAMP,TR2,samsunspor,keciorengucu,2023-04-23
ttXjVSa6,TR2,eyupspor,pendikspor,2023-04-22
8UD2iJG8,TR2,boluspor,rizespor,2023-04-17
Q5lIq7c2,TR2,genclerbirligi,altay,2023-04-17
x4I6jwWE,TR2,bandirmaspor,sakaryaspor,2023-04-17
C2pEpmrd,TR2,goztepe,eyupspor,2023-04-16
vkn6n9Dq,TR2,altinordu,adanaspor as,2023-04-16
zLsoik5S,TR2,pendikspor,yeni malatyaspor,2023-04-16
UwFbha12,TR2,erzurumspor,manisa fk,2023-04-16
ETuzZA0s,TR2,denizlispor,keciorengucu,2023-04-15
IuoAoTSk,TR2,tuzlaspor,bodrumspor,2023-04-15
0ravY9bj,TR2,altay,altinordu,2023-04-13
l4uZgiL9,TR2,rizespor,sakaryaspor,2023-04-13
dG38wWzT,TR2,eyupspor,genclerbirligi,2023-04-12
dUrshVkM,TR2,adanaspor as,erzurumspor,2023-04-12
IJ9ZYkqp,TR2,yeni malatyaspor,boluspor,2023-04-12
27qwgBzG,TR2,manisa fk,bandirmaspor,2023-04-12
6ujUfX53,TR2,samsunspor,tuzlaspor,2023-04-11
vZcrXTDd,TR2,bodrumspor,pendikspor,2023-04-11
SliQeDjc,TR2,keciorengucu,goztepe,2023-04-11
6RAetYjA,TR2,erzurumspor,rizespor,2023-04-09
YDCmrfMc,TR2,bandirmaspor,altay,2023-04-09
KA8qqz7i,TR2,altinordu,eyupspor,2023-04-08
SzCisEy4,TR2,sakaryaspor,manisa fk,2023-04-08
8WrVPC6T,TR2,genclerbirligi,yeni malatyaspor,2023-04-08
vFVdLWEp,TR2,pendikspor,adanaspor as,2023-04-08
I5U0KjUj,TR2,boluspor,bodrumspor,2023-04-07
2g44vCLM,TR2,goztepe,samsunspor,2023-04-07
O250uh6G,TR2,tuzlaspor,denizlispor,2023-04-07
YDjISEMA,TR2,altay,sakaryaspor,2023-04-03
UupRQhiN,TR2,eyupspor,erzurumspor,2023-04-03
nHfMRYyH,TR2,rizespor,bandirmaspor,2023-04-02
jVAJ7Dpo,TR2,adanaspor as,boluspor,2023-04-02
4Yb1WdNo,TR2,yeni malatyaspor,altinordu,2023-04-02
viiETf74,TR2,keciorengucu,tuzlaspor,2023-04-02
GxKiCgxU,TR2,manisa fk,genclerbirligi,2023-04-02
rPc5VGxh,TR2,samsunspor,pendikspor,2023-04-01
00hAUzhb,TR2,denizlispor,goztepe,2023-04-01
jVYRHc8h,TR2,sakaryaspor,eyupspor,2023-03-30
4YxWGHNb,TR2,erzurumspor,altay,2023-03-30
ncSzGyw5,TR2,rizespor,manisa fk,2023-03-29
IHzKJJwt,TR2,genclerbirligi,adanaspor as,2023-03-29
YuiKBMoJ,TR2,goztepe,yeni malatyaspor,2023-03-29
d8ZNIwgn,TR2,bandirmaspor,bodrumspor,2023-03-29
QmRvFehB,TR2,altinordu,denizlispor,2023-03-28
fNVrEF7H,TR2,pendikspor,keciorengucu,2023-03-28
YDUnDZMN,TR2,boluspor,samsunspor,2023-03-28
40a3F4nf,TR2,eyupspor,rizespor,2023-03-26
nPl8EO10,TR2,adanaspor as,sakaryaspor,2023-03-26
0ShCDrH6,TR2,yeni malatyaspor,bandirmaspor,2023-03-26
fkhGC2WC,TR2,bodrumspor,erzurumspor,2023-03-26
Q90aGpXm,TR2,altay,manisa fk,2023-03-25
0SGKNSvE,TR2,keciorengucu,genclerbirligi,2023-03-25
dzdeHQHs,TR2,tuzlaspor,goztepe,2023-03-25
C2KOMnfK,TR2,denizlispor,boluspor,2023-03-24
fR9TL69Q,TR2,samsunspor,altinordu,2023-03-24
QgGSNHsT,TR2,sakaryaspor,bodrumspor,2024-05-30
QJXEHLTF,TR2,bodrumspor,corum,2024-05-24
44q6Jsa3,TR2,corum,bodrumspor,2024-05-20
QZLNPYu0,TR2,corum,kocaelispor,2024-05-16
I9IFRfBm,TR2,bodrumspor,boluspor,2024-05-16
dIvv7Tz8,TR2,adanaspor as,bandirmaspor,2024-05-11
IRuz89L1,TR2,boluspor,corum,2024-05-11
pYXLVCD8,TR2,erzurumspor,eyupspor,2024-05-11
z3jV8k6e,TR2,goztepe,bodrumspor,2024-05-11
SxmNAByq,TR2,kocaelispor,sakaryaspor,2024-05-11
6mMUTjrL,TR2,sanliurfaspor,manisa fk,2024-05-11
QT0eFiTR,TR2,tuzlaspor,genclerbirligi,2024-05-11
ManR9Vjk,TR2,giresunspor,umraniyespor,2024-05-10
OOWPUWSE,TR2,keciorengucu,altay,2024-05-10
4bOO1YbS,TR2,altay,adanaspor as,2024-05-05
I54aeWyd,TR2,bandirmaspor,keciorengucu,2024-05-05
dd33fji2,TR2,bodrumspor,kocaelispor,2024-05-05
Au1ich7q,TR2,corum,sanliurfaspor,2024-05-05
pIqbGXDL,TR2,genclerbirligi,giresunspor,2024-05-05
lWaedCMk,TR2,manisa fk,boluspor,2024-05-05
b1snJZT2,TR2,sakaryaspor,tuzlaspor,2024-05-05
C4ojIgq9,TR2,umraniyespor,erzurumspor,2024-05-05
6RpfHDbF,TR2,eyupspor,goztepe,2024-05-04
6D5L2EqM,TR2,adanaspor as,manisa fk,2024-04-28
Cj6H3fUF,TR2,boluspor,altay,2024-04-28
xYD46dpc,TR2,erzurumspor,corum,2024-04-28
S2WDqZxp,TR2,giresunspor,sakaryaspor,2024-04-28
jw9p118H,TR2,goztepe,genclerbirligi,2024-04-28
ARLIrghj,TR2,keciorengucu,umraniyespor,2024-04-28
GOC85Ga3,TR2,kocaelispor,bandirmaspor,2024-04-28
Ya7D4zF9,TR2,sanliurfaspor,eyupspor,2024-04-28
OUPMsD7d,TR2,tuzlaspor,bodrumspor,2024-04-28
EXHP5Pgn,TR2,umraniyespor,kocaelispor,2024-04-22
zsJL65vt,TR2,sakaryaspor,keciorengucu,2024-04-21
2gl7mrvI,TR2,corum,adanaspor as,2024-04-21
McLX33Ob,TR2,genclerbirligi,erzurumspor,2024-04-21
dGmBn2gO,TR2,bodrumspor,sanliurfaspor,2024-04-21
z7nFoM8U,TR2,eyupspor,boluspor,2024-04-20
4MAx3Nw5,TR2,giresunspor,goztepe,2024-04-20
8fHT4q9h,TR2,bandirmaspor,tuzlaspor,2024-04-20
rD9t2sgB,TR2,altay,manisa fk,2024-04-19
vF3sgnAt,TR2,adanaspor as,bodrumspor,2024-04-15
ljOXYrPO,TR2,erzurumspor,sakaryaspor,2024-04-15
jJp3lOOB,TR2,kocaelispor,giresunspor,2024-04-14
0UijiQvg,TR2,sanliurfaspor,bandirmaspor,2024-04-14
8febk495,TR2,tuzlaspor,goztepe,2024-04-14
Mwgnh6Pn,TR2,altay,corum,2024-04-13
2gCFcS1P,TR2,boluspor,umraniyespor,2024-04-13
AaPTZO9I,TR2,keciorengucu,genclerbirligi,2024-04-13
U3dfjpfa,TR2,manisa fk,eyupspor,2024-04-12
APfPxRPa,TR2,goztepe,erzurumspor,2024-04-08
dMjLw7Ag,TR2,giresunspor,tuzlaspor,2024-04-08
4nfTyou6,TR2,eyupspor,altay,2024-04-07
2JXcM5uJ,TR2,genclerbirligi,adanaspor as,2024-04-07
rwgXz5fC,TR2,bandirmaspor,manisa fk,2024-04-07
Ec1Gvmem,TR2,corum,kocaelispor,2024-04-07
rFApp9XP,TR2,sakaryaspor,boluspor,2024-04-06
4OBtokIJ,TR2,umraniyespor,sanliurfaspor,2024-04-06
z72CuTus,TR2,bodrumspor,keciorengucu,2024-04-06
jqUgNoQC,TR2,erzurumspor,giresunspor,2024-04-04
0fysQmtf,TR2,altay,bandirmaspor,2024-04-03
dMUkORA6,TR2,kocaelispor,goztepe,2024-04-03
IVVoP7e0,TR2,adanaspor as,eyupspor,2024-04-03
jLo7Wk3Q,TR2,tuzlaspor,umraniyespor,2024-04-03
StwZR9Bs,TR2,manisa fk,bodrumspor,2024-04-02
U5cbYBYD,TR2,boluspor,genclerbirligi,2024-04-02
M3xwRTQm,TR2,keciorengucu,corum,2024-04-02
8dd2XVmK,TR2,sanliurfaspor,sakaryaspor,2024-04-02
O8ACA8t7,TR2,sakaryaspor,altay,2024-03-17
0S0NWbc9,TR2,giresunspor,sanliurfaspor,2024-03-17
651JXvr3,TR2,umraniyespor,adanaspor as,2024-03-17
vJaRVICF,TR2,bodrumspor,boluspor,2024-03-17
StH3CUBf,TR2,erzurumspor,tuzlaspor,2024-03-17
fTIeEjsr,TR2,goztepe,keciorengucu,2024-03-16
2a9G9SeD,TR2,corum,manisa fk,2024-03-16
tpL7BlR0,TR2,bandirmaspor,eyupspor,2024-03-16
YJHaDAdl,TR2,genclerbirligi,kocaelispor,2024-03-15
0ELlIarG,TR2,manisa fk,umraniyespor,2024-03-11
bk1PBcLq,TR2,kocaelispor,tuzlaspor,2024-03-10
6F4X9yjd,TR2,sanliurfaspor,goztepe,2024-03-10
S0NtKLD3,TR2,altay,genclerbirligi,2024-03-10
SO5TAHzj,TR2,keciorengucu,erzurumspor,2024-03-10
dtFcGwDS,TR2,eyupspor,corum,2024-03-09
6iMpJuT9,TR2,adanaspor as,sakaryaspor,2024-03-09
EHPhHJcM,TR2,bandirmaspor,bodrumspor,2024-03-09
8KrGYKSd,TR2,boluspor,giresunspor,2024-03-08
lfzF5MbA,TR2,genclerbirligi,sanliurfaspor,2024-03-04
thFgbvip,TR2,corum,bandirmaspor,2024-03-03
SpZI4tEG,TR2,goztepe,boluspor,2024-03-03
6VpA62q4,TR2,giresunspor,adanaspor as,2024-03-03
nk6qL1bc,TR2,sakaryaspor,manisa fk,2024-03-02
zBxR2KrT,TR2,erzurumspor,kocaelispor,2024-03-02
feJccb6j,TR2,bodrumspor,eyupspor,2024-03-02
dKwN30TM,TR2,tuzlaspor,keciorengucu,2024-03-02
8b7uMsqi,TR2,umraniyespor,altay,2024-03-01
rcDH0Ceo,TR2,sanliurfaspor,tuzlaspor,2024-02-26
jaYx8f3B,TR2,eyupspor,sakaryaspor,2024-02-25
C8ZY8zl5,TR2,manisa fk,genclerbirligi,2024-02-25
Msqb94ao,TR2,boluspor,erzurumspor,2024-02-25
tlRk5hmU,TR2,keciorengucu,kocaelispor,2024-02-25
0Ys28OEi,TR2,adanaspor as,goztepe,2024-02-24
nRRo6YXN,TR2,corum,bodrumspor,2024-02-24
YNNs7EIH,TR2,bandirmaspor,umraniyespor,2024-02-24
fes67rUc,TR2,altay,giresunspor,2024-02-23
rFSICIlt,TR2,genclerbirligi,bandirmaspor,2024-02-19
ANgymNT7,TR2,karagumruk,bandirmaspor,2025-05-29
OKANI8cB,TR2,bandirmaspor,boluspor,2025-05-23
4IfMKUSb,TR2,boluspor,bandirmaspor,2025-05-19
dhFKFATp,TR2,istanbulspor as,boluspor,2025-05-15
C0c7wELi,TR2,bandirmaspor,erzurumspor,2025-05-15
tpuM76FD,TR2,kocaelispor,keciorengucu,2025-05-11
8xhZGAhR,TR2,adanaspor as,boluspor,2025-05-10
MTqneTV7,TR2,ankaragucu,amedspor,2025-05-10
hAT5BlGl,TR2,bandirmaspor,pendikspor,2025-05-10
M30eM5U6,TR2,istanbulspor as,corum,2025-05-10
0ClRIWNE,TR2,karagumruk,igdir fk,2025-05-10
8Kb3KqaJ,TR2,sakaryaspor,erokspor,2025-05-10
hO8vQmVs,TR2,sanliurfaspor,erzurumspor,2025-05-10
0lCnORaf,TR2,umraniyespor,manisa fk,2025-05-10
0zXD9Sp1,TR2,yeni malatyaspor,genclerbirligi,2025-05-10
8b5O2KXG,TR2,amedspor,adanaspor as,2025-05-04
hlhVbBWr,TR2,boluspor,yeni malatyaspor,2025-05-04
b9LLrato,TR2,corum,sanliurfaspor,2025-05-04
voSepCHk,TR2,erokspor,istanbulspor as,2025-05-04
lGovck1e,TR2,erzurumspor,umraniyespor,2025-05-04
0jDj6gv9,TR2,genclerbirligi,sakaryaspor,2025-05-04
v5b862Yi,TR2,igdir fk,kocaelispor,2025-05-04
M51a4X8L,TR2,keciorengucu,ankaragucu,2025-05-04
CWBF4t34,TR2,manisa fk,bandirmaspor,2025-05-04
zDL4rjn2,TR2,pendikspor,karagumruk,2025-05-04
EN4GZL3U,TR2,adanaspor as,genclerbirligi,2025-04-27
prDaw445,TR2,ankaragucu,corum,2025-04-27
4npQgPln,TR2,bandirmaspor,erokspor,2025-04-27
E1TuNrKO,TR2,istanbulspor as,pendikspor,2025-04-27
SQUklLIN,TR2,karagumruk,keciorengucu,2025-04-27
h8G7yrZH,TR2,kocaelispor,boluspor,2025-04-27
WbysjslB,TR2,sakaryaspor,erzurumspor,2025-04-27
bowZi3Jb,TR2,sanliurfaspor,manisa fk,2025-04-27
hSbjsn5t,TR2,umraniyespor,amedspor,2025-04-27
QucbuQZh,TR2,yeni malatyaspor,igdir fk,2025-04-27
hEJHSnjm,TR2,igdir fk,sakaryaspor,2025-04-21
Wxr2YHM8,TR2,genclerbirligi,bandirmaspor,2025-04-20
xxAZF96s,TR2,erokspor,kocaelispor,2025-04-20
6yQXO4kC,TR2,keciorengucu,umraniyespor,2025-04-20
p8djCR56,TR2,yeni malatyaspor,adanaspor as,2025-04-20
bibrEmyf,TR2,amedspor,corum,2025-04-19
tzjaA5zJ,TR2,boluspor,karagumruk,2025-04-19
GUaFAEU1,TR2,pendikspor,sanliurfaspor,2025-04-19
YTxoY8SP,TR2,erzurumspor,istanbulspor as,2025-04-19
pMyPQQKa,TR2,manisa fk,ankaragucu,2025-04-18
QaLzIdxS,TR2,adanaspor as,erzurumspor,2025-04-14
OxOp91gc,TR2,kocaelispor,yeni malatyaspor,2025-04-14
IZHSJI7F,TR2,umraniyespor,erokspor,2025-04-14
W2Rh7uO9,TR2,bandirmaspor,igdir fk,2025-04-14
SUK15JhM,TR2,ankaragucu,boluspor,2025-04-13
dKTJLvw3,TR2,corum,manisa fk,2025-04-13
O06XacGq,TR2,karagumruk,genclerbirligi,2025-04-13
tEb01kzi,TR2,sakaryaspor,pendikspor,2025-04-13
Cb8U6BCT,TR2,sanliurfaspor,amedspor,2025-04-12
rH17Cz0k,TR2,istanbulspor as,keciorengucu,2025-04-12
hU1VcGTb,TR2,adanaspor as,kocaelispor,2025-04-10
GWEL8XsH,TR2,genclerbirligi,umraniyespor,2025-04-10
ERv4fsN6,TR2,yeni malatyaspor,bandirmaspor,2025-04-10
tfzJlCjo,TR2,boluspor,sakaryaspor,2025-04-09
niN4CFrh,TR2,pendikspor,ankaragucu,2025-04-09
dMbnfYSN,TR2,erokspor,karagumruk,2025-04-09
KG3Naxan,TR2,erzurumspor,corum,2025-04-09
rJGDAgD4,TR2,manisa fk,amedspor,2025-04-08
ldevdfbB,TR2,igdir fk,istanbulspor as,2025-04-08
MirChLiJ,TR2,keciorengucu,sanliurfaspor,2025-04-08
6u0LqQ8l,TR2,ankaragucu,genclerbirligi,2025-04-06
hCjed3hf,TR2,bandirmaspor,kocaelispor,2025-04-06
WMowXnPr,TR2,umraniyespor,pendikspor,2025-04-06
2RqO3o0K,TR2,corum,erokspor,2025-04-05
AXdxtr8D,TR2,karagumruk,erzurumspor,2025-04-05
E53Ts4w1,TR2,sakaryaspor,adanaspor as,2025-04-05
pnmmbPNs,TR2,manisa fk,keciorengucu,2025-04-05
02wfT4O7,TR2,amedspor,igdir fk,2025-04-04
GALti8GE,TR2,sanliurfaspor,boluspor,2025-04-04
SlunVQge,TR2,istanbulspor as,yeni malatyaspor,2025-04-04
jkB4ImAk,TR2,kocaelispor,sakaryaspor,2025-03-31
nH4DGRv2,TR2,erokspor,ankaragucu,2025-03-31
0KWPPVHF,TR2,adanaspor as,istanbulspor as,2025-03-29
fJPYN9nS,TR2,pendikspor,corum,2025-03-29
ENdavVW8,TR2,keciorengucu,amedspor,2025-03-29
hfTHRim3,TR2,yeni malatyaspor,karagumruk,2025-03-29
4YnN5AQq,TR2,genclerbirligi,sanliurfaspor,2025-03-28
zwo8x91L,TR2,igdir fk,umraniyespor,2025-03-28
nc8dOItB,TR2,boluspor,bandirmaspor,2025-03-28
CbjV3led,TR2,erzurumspor,manisa fk,2025-03-28
EqAlQvCb,TR2,karagumruk,kocaelispor,2025-03-16
6wmN9JRH,TR2,amedspor,erzurumspor,2025-03-16
IHGuS0sn,TR2,corum,keciorengucu,2025-03-16
EVUFBuc5,TR2,istanbulspor as,genclerbirligi,2025-03-16
6P7leKCO,TR2,ankaragucu,igdir fk,2025-03-15
K89tctrC,TR2,sakaryaspor,yeni malatyaspor,2025-03-15
I3y7D1Sh,TR2,umraniyespor,boluspor,2025-03-15
bgLXb2Da,TR2,manisa fk,pendikspor,2025-03-15
ShyW7cdU,TR2,sanliurfaspor,erokspor,2025-03-14
pjwaFNct,TR2,bandirmaspor,adanaspor as,2025-03-14
vkl7rsTI,TR2,kocaelispor,ankaragucu,2025-03-10
pSCBg7yK,TR2,boluspor,istanbulspor as,2025-03-10
jTHP0Orm,TR2,pendikspor,amedspor,2025-03-10
ph8RmHm1,TR2,keciorengucu,erzurumspor,2025-03-10
rRno8oZF,TR2,sakaryaspor,bandirmaspor,2025-03-09
GA3sloas,TR2,adanaspor as,karagumruk,2025-03-09
pjebp3b6,TR2,genclerbirligi,corum,2025-03-09
Wryg6pLP,TR2,yeni malatyaspor,umraniyespor,2025-03-09
I56ZoeID,TR2,erokspor,manisa fk,2025-03-08
lQEIkwJl,TR2,igdir fk,sanliurfaspor,2025-03-08
nsVMiKRh,TR2,corum,bodrumspor,2026-05-15
vHREgtct,TR2,bodrumspor,corum,2026-05-11
KMNwJ4Wr,TR2,bodrumspor,pendikspor,2026-05-07
Ojx8OQ8L,TR2,corum,keciorengucu,2026-05-07
4xDjQZFq,TR2,bandirmaspor,sivasspor,2026-05-02
hbgonHx3,TR2,bodrumspor,sariyer,2026-05-02
veTBXHN9,TR2,corum,erzurumspor,2026-05-02
Qi1aODpd,TR2,erokspor,pendikspor,2026-05-02
zNMKVehM,TR2,igdir fk,amedspor,2026-05-02
j93QxDak,TR2,umraniyespor,keciorengucu,2026-05-02
lQnfpe7F,TR2,manisa fk,sakaryaspor,2026-05-01
vVqLbfM8,TR2,boluspor,serik spor,2026-05-01
Mwo2rZyS,TR2,istanbulspor as,adana demirspor,2026-05-01
bZ6YziU1,TR2,hatayspor,vanspor fk,2026-05-01
6sV3Zwgc,TR2,amedspor,bodrumspor,2026-04-26
4GwnpzjI,TR2,erzurumspor,bandirmaspor,2026-04-26
E7Imyu7m,TR2,keciorengucu,manisa fk,2026-04-26
r1kwndL5,TR2,pendikspor,boluspor,2026-04-26
l60JRRZj,TR2,sakaryaspor,corum,2026-04-26
v9hMkvMt,TR2,sariyer,erokspor,2026-04-26
zynVmIjg,TR2,sivasspor,igdir fk,2026-04-26
rmA4Xd6C,TR2,adana demirspor,umraniyespor,2026-04-25
zN6dZIy0,TR2,serik spor,hatayspor,2026-04-25
OdICVzyP,TR2,vanspor fk,istanbulspor as,2026-04-25
lp7vA28l,TR2,bandirmaspor,amedspor,2026-04-19
UaQ7FOpR,TR2,bodrumspor,erzurumspor,2026-04-19
z1VLMuhf,TR2,boluspor,adana demirspor,2026-04-19
Mc5n8tw1,TR2,corum,sivasspor,2026-04-19
WSOUKJM6,TR2,erokspor,keciorengucu,2026-04-19
IPbe6K7D,TR2,igdir fk,pendikspor,2026-04-19
r3jsUNaK,TR2,istanbulspor as,sariyer,2026-04-19
rPRHt1qQ,TR2,manisa fk,serik spor,2026-04-19
4tNxJciJ,TR2,umraniyespor,vanspor fk,2026-04-19
SzSDO1Ns,TR2,hatayspor,sakaryaspor,2026-04-18
zLgbaCfT,TR2,amedspor,umraniyespor,2026-04-13
naNGHgAc,TR2,sakaryaspor,erokspor,2026-04-13
CpwccPOr,TR2,erzurumspor,boluspor,2026-04-13
KhVUgjIj,TR2,sivasspor,istanbulspor as,2026-04-13
dYC0HpGE,TR2,keciorengucu,serik spor,2026-04-12
tbGPFXvA,TR2,adana demirspor,igdir fk,2026-04-12
8hzk3fe4,TR2,vanspor fk,manisa fk,2026-04-12
8CW5e3ge,TR2,bodrumspor,bandirmaspor,2026-04-11
GxzEgsO7,TR2,pendikspor,corum,2026-04-11
Sfjj1YPG,TR2,sariyer,hatayspor,2026-04-11
t4yZyId5,TR2,erokspor,amedspor,2026-04-09
KlmQwvSh,TR2,istanbulspor as,erzurumspor,2026-04-09
SKZtzdRH,TR2,boluspor,sivasspor,2026-04-09
zRd8jHBb,TR2,umraniyespor,sakaryaspor,2026-04-08
ll3OnZAN,TR2,igdir fk,keciorengucu,2026-04-08
KWgfsDYp,TR2,serik spor,vanspor fk,2026-04-08
zuxs5GQi,TR2,corum,bodrumspor,2026-04-07
OnTkYZeU,TR2,manisa fk,pendikspor,2026-04-07
va3ahwsn,TR2,bandirmaspor,sariyer,2026-04-07
SYEFletB,TR2,hatayspor,adana demirspor,2026-04-07
6oNjPvDa,TR2,amedspor,boluspor,2026-04-05
vX6Aq9bE,TR2,sivasspor,erokspor,2026-04-05
CQEOL567,TR2,sakaryaspor,istanbulspor as,2026-04-04
bLJrR0rm,TR2,erzurumspor,igdir fk,2026-04-04
YcE7LdCO,TR2,keciorengucu,vanspor fk,2026-04-04
COqIu0ct,TR2,sariyer,serik spor,2026-04-04
6DqONRye,TR2,bodrumspor,umraniyespor,2026-04-03
0pGaNIsC,TR2,corum,bandirmaspor,2026-04-03
YaoGPm7r,TR2,pendikspor,hatayspor,2026-04-03
EF4qV9qL,TR2,adana demirspor,manisa fk,2026-04-03
zsuMLpkA,TR2,erokspor,erzurumspor,2026-03-22
OQyiPJe2,TR2,igdir fk,corum,2026-03-22
6k1yXVE8,TR2,istanbulspor as,bodrumspor,2026-03-22
W8YUJOJM,TR2,hatayspor,amedspor,2026-03-22
U30ezp43,TR2,vanspor fk,sariyer,2026-03-22
O6D9CtCd,TR2,umraniyespor,pendikspor,2026-03-21
bqhCW13S,TR2,keciorengucu,adana demirspor,2026-03-21
2iP0E2sp,TR2,manisa fk,sivasspor,2026-03-21
ITYrRuRk,TR2,boluspor,bandirmaspor,2026-03-21
QVg4YNYF,TR2,serik spor,sakaryaspor,2026-03-21
Au5m7ozH,TR2,bodrumspor,boluspor,2026-03-16
rDovBTzh,TR2,corum,erokspor,2026-03-16
2F1u9754,TR2,bandirmaspor,igdir fk,2026-03-16
Sxk39Gam,TR2,amedspor,manisa fk,2026-03-15
2wpSa3Sj,TR2,sakaryaspor,vanspor fk,2026-03-15
Wfgd5P4T,TR2,sariyer,keciorengucu,2026-03-15
lhwC7fUa,TR2,erzurumspor,hatayspor,2026-03-15
dItK5YbC,TR2,sivasspor,umraniyespor,2026-03-15
jJbhmQro,TR2,pendikspor,istanbulspor as,2026-03-14
2TtEN6Kc,TR2,adana demirspor,serik spor,2026-03-14
A1IxgeF6,TR2,erokspor,bandirmaspor,2026-03-12
rFGpiZqJ,TR2,boluspor,corum,2026-03-12
bNbXExxQ,TR2,igdir fk,bodrumspor,2026-03-12
t8BMdwGs,TR2,keciorengucu,sakaryaspor,2026-03-11
rX9Gm0wR,TR2,umraniyespor,erzurumspor,2026-03-11
Y1letIV0,TR2,hatayspor,sivasspor,2026-03-11
0ljmrv1l,TR2,istanbulspor as,amedspor,2026-03-11
dzzj2ahK,TR2,manisa fk,sariyer,2026-03-10
UTs4vd0D,TR2,serik spor,pendikspor,2026-03-10
EZOTfHpf,TR2,vanspor fk,adana demirspor,2026-03-10
zoVXxqP8,TR2,bodrumspor,erokspor,2026-03-08
WCOtyNgL,TR2,boluspor,igdir fk,2026-03-08
z768kM8E,TR2,amedspor,serik spor,2026-03-07
8vwnFuX1,TR2,bandirmaspor,istanbulspor as,2026-03-07
dr86Z9IG,TR2,corum,hatayspor,2026-03-07
0GEcyWm4,TR2,erzurumspor,manisa fk,2026-03-07
noQDTvne,TR2,sivasspor,keciorengucu,2026-03-07
fBTLRIG7,TR2,pendikspor,vanspor fk,2026-03-06
SrACV0Hr,TR2,sakaryaspor,adana demirspor,2026-03-06
nPlwH12k,TR2,sariyer,umraniyespor,2026-03-06
