league,mu_total,var_total,k_dispersion,tempo_factor,n_train
d1,9.59744408945687,11.645121651511428,44.983123689566725,0.9959423122628717,313
e0,9.843589743589744,10.9394832245732,88.41758868129264,1.021485245323545,390
e1,10.069642857142858,10.59442563250703,193.21843633309723,1.0449431429166791,560
f1,9.429936305732484,10.533414053438065,80.58494964222638,0.9785597583360652,314
i1,8.896640826873385,10.507423919883252,49.13772583401803,0.9232188230429144,387
n1,10.092879256965944,11.103147895313732,100.83081650667414,1.0473544217480808,323
p1,9.143312101910828,10.826041391099082,49.681286663333466,0.9488163006358808,314
sp1,9.75968992248062,11.545728401012171,53.33118436579476,1.0127788250459155,387
