league,method,a,b,n_train
D1,platt,1.1848981404458603,0.12481122214156815,1044
E0,platt,0.6497057309280232,0.47080518961746765,1292
E1,platt,0.6664789016964036,0.5249056025432804,1822
F1,platt,0.9713747601966054,0.35084479824984127,1090
N1,platt,0.9927459659754696,0.10220497122590735,1017
P1,platt,0.4932777801453059,0.6204016280348417,1020
SP1,platt,0.604018168861187,0.5521246453372363,1274
I1,platt,0.6646914402506151,0.5606242016409294,1283
__GLOBAL__,platt,0.6482946887775567,0.5168375065968119,9842
