league,mu_total,var_total,k_dispersion,tempo_factor,n_train
d1,9.614203454894433,11.802797873911118,42.233913816536784,0.9943416490975502,521
e0,9.85692995529061,10.848157127922239,98.01897166071006,1.0194454520091416,671
e1,10.150306748466258,10.868889363332098,143.3777062741704,1.0497877227653027,978
f1,9.373563218390805,10.940796876034153,56.06291504821929,0.9694536164355797,522
i1,8.898148148148149,10.184355143396873,61.55855220728388,0.9202841759126361,648
n1,10.260147601476016,10.847170403312166,179.32970997855227,1.0611479290925778,542
p1,9.149425287356323,10.82599774968562,49.93042947431723,0.9462723221124727,522
sp1,9.725,11.645696400625978,49.24027814556046,1.0058006971498872,640
