fixture_id,league,season,match_date,home_team,away_team,processed
867946,E0,2022,2022-08-05,crystal palace,arsenal,False
867947,E0,2022,2022-08-06,fulham,liverpool,False
867951,E0,2022,2022-08-06,newcastle,nottingham forest,False
867948,E0,2022,2022-08-06,bournemouth,aston villa,False
867952,E0,2022,2022-08-06,tottenham,southampton,False
867949,E0,2022,2022-08-06,leeds,wolves,False
867953,E0,2022,2022-08-06,everton,chelsea,False
867954,E0,2022,2022-08-07,manchester united,brighton,False
867950,E0,2022,2022-08-07,leicester,brentford,False
867955,E0,2022,2022-08-07,west ham,manchester city,False
867957,E0,2022,2022-08-13,aston villa,everton,False
867965,E0,2022,2022-08-13,wolves,fulham,False
867964,E0,2022,2022-08-13,southampton,leeds,False
867956,E0,2022,2022-08-13,arsenal,leicester,False
867962,E0,2022,2022-08-13,manchester city,bournemouth,False
867959,E0,2022,2022-08-13,brighton,newcastle,False
867958,E0,2022,2022-08-13,brentford,manchester united,False
867963,E0,2022,2022-08-14,nottingham forest,west ham,False
867960,E0,2022,2022-08-14,chelsea,tottenham,False
867961,E0,2022,2022-08-15,liverpool,crystal palace,False
867974,E0,2022,2022-08-20,tottenham,wolves,False
867969,E0,2022,2022-08-20,fulham,brentford,False
867968,E0,2022,2022-08-20,everton,nottingham forest,False
867971,E0,2022,2022-08-20,leicester,southampton,False
867967,E0,2022,2022-08-20,crystal palace,aston villa,False
867966,E0,2022,2022-08-20,bournemouth,arsenal,False
867975,E0,2022,2022-08-21,west ham,brighton,False
867970,E0,2022,2022-08-21,leeds,chelsea,False
867973,E0,2022,2022-08-21,newcastle,manchester city,False
867972,E0,2022,2022-08-22,manchester united,liverpool,False
867984,E0,2022,2022-08-27,southampton,manchester united,False
867981,E0,2022,2022-08-27,liverpool,bournemouth,False
867980,E0,2022,2022-08-27,chelsea,leicester,False
867982,E0,2022,2022-08-27,manchester city,crystal palace,False
867979,E0,2022,2022-08-27,brighton,leeds,False
867978,E0,2022,2022-08-27,brentford,everton,False
867976,E0,2022,2022-08-27,arsenal,fulham,False
867985,E0,2022,2022-08-28,wolves,newcastle,False
867977,E0,2022,2022-08-28,aston villa,west ham,False
867983,E0,2022,2022-08-28,nottingham forest,tottenham,False
867988,E0,2022,2022-08-30,fulham,brighton,False
867992,E0,2022,2022-08-30,crystal palace,brentford,False
867993,E0,2022,2022-08-30,southampton,chelsea,False
867989,E0,2022,2022-08-30,leeds,everton,False
867986,E0,2022,2022-08-31,bournemouth,wolves,False
867987,E0,2022,2022-08-31,arsenal,aston villa,False
867995,E0,2022,2022-08-31,manchester city,nottingham forest,False
867991,E0,2022,2022-08-31,west ham,tottenham,False
867994,E0,2022,2022-08-31,liverpool,newcastle,False
867990,E0,2022,2022-09-01,leicester,manchester united,False
868000,E0,2022,2022-09-03,everton,liverpool,False
868002,E0,2022,2022-09-03,newcastle,crystal palace,False
868005,E0,2022,2022-09-03,wolves,southampton,False
868004,E0,2022,2022-09-03,tottenham,fulham,False
867999,E0,2022,2022-09-03,chelsea,west ham,False
867997,E0,2022,2022-09-03,brentford,leeds,False
868003,E0,2022,2022-09-03,nottingham forest,bournemouth,False
867996,E0,2022,2022-09-03,aston villa,manchester city,False
867998,E0,2022,2022-09-04,brighton,leicester,False
868001,E0,2022,2022-09-04,manchester united,arsenal,False
868023,E0,2022,2022-09-16,nottingham forest,fulham,False
868016,E0,2022,2022-09-16,aston villa,southampton,False
868025,E0,2022,2022-09-17,wolves,manchester city,False
868022,E0,2022,2022-09-17,newcastle,bournemouth,False
868024,E0,2022,2022-09-17,tottenham,leicester,False
868017,E0,2022,2022-09-18,brentford,arsenal,False
868020,E0,2022,2022-09-18,everton,west ham,False
868027,E0,2022,2022-10-01,arsenal,tottenham,False
868026,E0,2022,2022-10-01,bournemouth,brentford,False
868029,E0,2022,2022-10-01,fulham,newcastle,False
868032,E0,2022,2022-10-01,liverpool,brighton,False
868034,E0,2022,2022-10-01,southampton,everton,False
868028,E0,2022,2022-10-01,crystal palace,chelsea,False
868035,E0,2022,2022-10-01,west ham,wolves,False
868033,E0,2022,2022-10-02,manchester city,manchester united,False
868030,E0,2022,2022-10-02,leeds,aston villa,False
868031,E0,2022,2022-10-03,leicester,nottingham forest,False
868043,E0,2022,2022-10-08,newcastle,brentford,False
868036,E0,2022,2022-10-08,bournemouth,leicester,False
868039,E0,2022,2022-10-08,chelsea,wolves,False
868042,E0,2022,2022-10-08,manchester city,southampton,False
868038,E0,2022,2022-10-08,brighton,tottenham,False
868045,E0,2022,2022-10-09,west ham,fulham,False
868040,E0,2022,2022-10-09,crystal palace,leeds,False
868037,E0,2022,2022-10-09,arsenal,liverpool,False
868041,E0,2022,2022-10-09,everton,manchester united,False
868044,E0,2022,2022-10-10,nottingham forest,aston villa,False
868047,E0,2022,2022-10-14,brentford,brighton,False
868050,E0,2022,2022-10-15,leicester,crystal palace,False
868048,E0,2022,2022-10-15,fulham,bournemouth,False
868055,E0,2022,2022-10-15,wolves,nottingham forest,False
868054,E0,2022,2022-10-15,tottenham,everton,False
868052,E0,2022,2022-10-16,manchester united,newcastle,False
868053,E0,2022,2022-10-16,southampton,west ham,False
868049,E0,2022,2022-10-16,leeds,arsenal,False
868046,E0,2022,2022-10-16,aston villa,chelsea,False
868051,E0,2022,2022-10-16,liverpool,manchester city,False
868059,E0,2022,2022-10-18,brighton,nottingham forest,False
868062,E0,2022,2022-10-18,crystal palace,wolves,False
868063,E0,2022,2022-10-19,newcastle,everton,False
868056,E0,2022,2022-10-19,bournemouth,southampton,False
868064,E0,2022,2022-10-19,liverpool,west ham,False
868058,E0,2022,2022-10-19,brentford,chelsea,False
868065,E0,2022,2022-10-19,manchester united,tottenham,False
868060,E0,2022,2022-10-20,fulham,aston villa,False
868061,E0,2022,2022-10-20,leicester,leeds,False
868071,E0,2022,2022-10-22,nottingham forest,liverpool,False
868068,E0,2022,2022-10-22,everton,crystal palace,False
868070,E0,2022,2022-10-22,manchester city,brighton,False
868067,E0,2022,2022-10-22,chelsea,manchester united,False
868075,E0,2022,2022-10-23,wolves,leicester,False
868072,E0,2022,2022-10-23,southampton,arsenal,False
868069,E0,2022,2022-10-23,leeds,fulham,False
868066,E0,2022,2022-10-23,aston villa,brentford,False
868073,E0,2022,2022-10-23,tottenham,newcastle,False
868074,E0,2022,2022-10-24,west ham,bournemouth,False
868082,E0,2022,2022-10-29,leicester,manchester city,False
868085,E0,2022,2022-10-29,newcastle,aston villa,False
868076,E0,2022,2022-10-29,bournemouth,tottenham,False
868079,E0,2022,2022-10-29,brighton,chelsea,False
868080,E0,2022,2022-10-29,crystal palace,southampton,False
868078,E0,2022,2022-10-29,brentford,wolves,False
868081,E0,2022,2022-10-29,fulham,everton,False
868083,E0,2022,2022-10-29,liverpool,leeds,False
868077,E0,2022,2022-10-30,arsenal,nottingham forest,False
868084,E0,2022,2022-10-30,manchester united,west ham,False
868095,E0,2022,2022-11-05,wolves,brighton,False
868090,E0,2022,2022-11-05,manchester city,fulham,False
868089,E0,2022,2022-11-05,leeds,bournemouth,False
868091,E0,2022,2022-11-05,nottingham forest,brentford,False
868088,E0,2022,2022-11-05,everton,leicester,False
868087,E0,2022,2022-11-06,chelsea,arsenal,False
868092,E0,2022,2022-11-06,southampton,newcastle,False
868094,E0,2022,2022-11-06,west ham,crystal palace,False
868086,E0,2022,2022-11-06,aston villa,manchester united,False
868093,E0,2022,2022-11-06,tottenham,liverpool,False
868100,E0,2022,2022-11-12,manchester city,brentford,False
868096,E0,2022,2022-11-12,bournemouth,everton,False
868099,E0,2022,2022-11-12,liverpool,southampton,False
868103,E0,2022,2022-11-12,tottenham,leeds,False
868104,E0,2022,2022-11-12,west ham,leicester,False
868102,E0,2022,2022-11-12,nottingham forest,crystal palace,False
868101,E0,2022,2022-11-12,newcastle,chelsea,False
868105,E0,2022,2022-11-12,wolves,arsenal,False
868097,E0,2022,2022-11-13,brighton,aston villa,False
868098,E0,2022,2022-11-13,fulham,manchester united,False
868108,E0,2022,2022-12-26,brentford,tottenham,False
868115,E0,2022,2022-12-26,southampton,brighton,False
868111,E0,2022,2022-12-26,everton,wolves,False
868113,E0,2022,2022-12-26,leicester,newcastle,False
868110,E0,2022,2022-12-26,crystal palace,fulham,False
868107,E0,2022,2022-12-26,aston villa,liverpool,False
868106,E0,2022,2022-12-26,arsenal,west ham,False
868109,E0,2022,2022-12-27,chelsea,bournemouth,False
868114,E0,2022,2022-12-27,manchester united,nottingham forest,False
868112,E0,2022,2022-12-28,leeds,manchester city,False
868124,E0,2022,2022-12-30,west ham,brentford,False
868119,E0,2022,2022-12-30,liverpool,leicester,False
868125,E0,2022,2022-12-31,wolves,manchester united,False
868121,E0,2022,2022-12-31,newcastle,leeds,False
868116,E0,2022,2022-12-31,bournemouth,crystal palace,False
868118,E0,2022,2022-12-31,fulham,southampton,False
868120,E0,2022,2022-12-31,manchester city,everton,False
868117,E0,2022,2022-12-31,brighton,arsenal,False
868123,E0,2022,2023-01-01,tottenham,aston villa,False
868122,E0,2022,2023-01-01,nottingham forest,chelsea,False
868128,E0,2022,2023-01-02,brentford,liverpool,False
868126,E0,2022,2023-01-03,arsenal,newcastle,False
868131,E0,2022,2023-01-03,everton,brighton,False
868133,E0,2022,2023-01-03,leicester,fulham,False
868134,E0,2022,2023-01-03,manchester united,bournemouth,False
868135,E0,2022,2023-01-04,southampton,nottingham forest,False
868132,E0,2022,2023-01-04,leeds,west ham,False
868130,E0,2022,2023-01-04,crystal palace,tottenham,False
868127,E0,2022,2023-01-04,aston villa,wolves,False
868129,E0,2022,2023-01-05,chelsea,manchester city,False
868009,E0,2022,2023-01-12,fulham,chelsea,False
868136,E0,2022,2023-01-13,aston villa,leeds,False
868141,E0,2022,2023-01-14,manchester united,manchester city,False
868145,E0,2022,2023-01-14,wolves,west ham,False
868140,E0,2022,2023-01-14,everton,southampton,False
868138,E0,2022,2023-01-14,brighton,liverpool,False
868143,E0,2022,2023-01-14,nottingham forest,leicester,False
868137,E0,2022,2023-01-14,brentford,bournemouth,False
868142,E0,2022,2023-01-15,newcastle,fulham,False
868139,E0,2022,2023-01-15,chelsea,crystal palace,False
868144,E0,2022,2023-01-15,tottenham,arsenal,False
868008,E0,2022,2023-01-18,crystal palace,manchester united,False
868013,E0,2022,2023-01-19,manchester city,tottenham,False
868152,E0,2022,2023-01-21,liverpool,chelsea,False
868146,E0,2022,2023-01-21,bournemouth,nottingham forest,False
868154,E0,2022,2023-01-21,southampton,aston villa,False
868151,E0,2022,2023-01-21,leicester,brighton,False
868155,E0,2022,2023-01-21,west ham,everton,False
868148,E0,2022,2023-01-21,crystal palace,newcastle,False
868153,E0,2022,2023-01-22,manchester city,wolves,False
868150,E0,2022,2023-01-22,leeds,brentford,False
868147,E0,2022,2023-01-22,arsenal,manchester united,False
868149,E0,2022,2023-01-23,fulham,tottenham,False
868159,E0,2022,2023-02-03,chelsea,fulham,False
868160,E0,2022,2023-02-04,everton,arsenal,False
868161,E0,2022,2023-02-04,manchester united,crystal palace,False
868165,E0,2022,2023-02-04,wolves,liverpool,False
868158,E0,2022,2023-02-04,brighton,bournemouth,False
868157,E0,2022,2023-02-04,brentford,southampton,False
868156,E0,2022,2023-02-04,aston villa,leicester,False
868162,E0,2022,2023-02-04,newcastle,west ham,False
868163,E0,2022,2023-02-05,nottingham forest,leeds,False
868164,E0,2022,2023-02-05,tottenham,manchester city,False
868021,E0,2022,2023-02-08,manchester united,leeds,False
868175,E0,2022,2023-02-11,west ham,chelsea,False
868169,E0,2022,2023-02-11,fulham,nottingham forest,False
868174,E0,2022,2023-02-11,southampton,wolves,False
868167,E0,2022,2023-02-11,arsenal,brentford,False
868171,E0,2022,2023-02-11,leicester,tottenham,False
868168,E0,2022,2023-02-11,crystal palace,brighton,False
868166,E0,2022,2023-02-11,bournemouth,newcastle,False
868170,E0,2022,2023-02-12,leeds,manchester united,False
868173,E0,2022,2023-02-12,manchester city,aston villa,False
868172,E0,2022,2023-02-13,liverpool,everton,False
868057,E0,2022,2023-02-15,arsenal,manchester city,False
868176,E0,2022,2023-02-18,aston villa,arsenal,False
868185,E0,2022,2023-02-18,wolves,bournemouth,False
868180,E0,2022,2023-02-18,everton,leeds,False
868179,E0,2022,2023-02-18,chelsea,southampton,False
868178,E0,2022,2023-02-18,brighton,fulham,False
868177,E0,2022,2023-02-18,brentford,crystal palace,False
868183,E0,2022,2023-02-18,nottingham forest,manchester city,False
868182,E0,2022,2023-02-18,newcastle,liverpool,False
868181,E0,2022,2023-02-19,manchester united,leicester,False
868184,E0,2022,2023-02-19,tottenham,west ham,False
868189,E0,2022,2023-02-24,fulham,wolves,False
868188,E0,2022,2023-02-25,everton,aston villa,False
868191,E0,2022,2023-02-25,leicester,arsenal,False
868195,E0,2022,2023-02-25,west ham,nottingham forest,False
868190,E0,2022,2023-02-25,leeds,southampton,False
868186,E0,2022,2023-02-25,bournemouth,manchester city,False
868187,E0,2022,2023-02-25,crystal palace,liverpool,False
868194,E0,2022,2023-02-26,tottenham,chelsea,False
868007,E0,2022,2023-03-01,arsenal,everton,False
868012,E0,2022,2023-03-01,liverpool,wolves,False
868202,E0,2022,2023-03-04,manchester city,newcastle,False
868205,E0,2022,2023-03-04,wolves,tottenham,False
868196,E0,2022,2023-03-04,arsenal,bournemouth,False
868200,E0,2022,2023-03-04,chelsea,leeds,False
868199,E0,2022,2023-03-04,brighton,west ham,False
868197,E0,2022,2023-03-04,aston villa,crystal palace,False
868204,E0,2022,2023-03-04,southampton,leicester,False
868203,E0,2022,2023-03-05,nottingham forest,everton,False
868201,E0,2022,2023-03-05,liverpool,manchester united,False
868198,E0,2022,2023-03-06,brentford,fulham,False
868206,E0,2022,2023-03-11,bournemouth,liverpool,False
868208,E0,2022,2023-03-11,everton,brentford,False
868211,E0,2022,2023-03-11,leicester,chelsea,False
868214,E0,2022,2023-03-11,tottenham,nottingham forest,False
868210,E0,2022,2023-03-11,leeds,brighton,False
868207,E0,2022,2023-03-11,crystal palace,manchester city,False
868212,E0,2022,2023-03-12,manchester united,southampton,False
868209,E0,2022,2023-03-12,fulham,arsenal,False
868215,E0,2022,2023-03-12,west ham,aston villa,False
868213,E0,2022,2023-03-12,newcastle,wolves,False
868014,E0,2022,2023-03-15,southampton,brentford,False
868018,E0,2022,2023-03-15,brighton,crystal palace,False
868223,E0,2022,2023-03-17,nottingham forest,newcastle,False
868225,E0,2022,2023-03-18,wolves,leeds,False
868224,E0,2022,2023-03-18,southampton,tottenham,False
868218,E0,2022,2023-03-18,brentford,leicester,False
868217,E0,2022,2023-03-18,aston villa,bournemouth,False
868220,E0,2022,2023-03-18,chelsea,everton,False
868216,E0,2022,2023-03-19,arsenal,crystal palace,False
868232,E0,2022,2023-04-01,manchester city,liverpool,False
868226,E0,2022,2023-04-01,bournemouth,fulham,False
868227,E0,2022,2023-04-01,arsenal,leeds,False
868228,E0,2022,2023-04-01,brighton,brentford,False
868230,E0,2022,2023-04-01,crystal palace,leicester,False
868234,E0,2022,2023-04-01,nottingham forest,wolves,False
868229,E0,2022,2023-04-01,chelsea,aston villa,False
868235,E0,2022,2023-04-02,west ham,southampton,False
868233,E0,2022,2023-04-02,newcastle,manchester united,False
868231,E0,2022,2023-04-03,everton,tottenham,False
868006,E0,2022,2023-04-04,bournemouth,brighton,False
868011,E0,2022,2023-04-04,leicester,aston villa,False
868010,E0,2022,2023-04-04,leeds,nottingham forest,False
868019,E0,2022,2023-04-04,chelsea,liverpool,False
868192,E0,2022,2023-04-05,manchester united,brentford,False
868015,E0,2022,2023-04-05,west ham,newcastle,False
868242,E0,2022,2023-04-08,manchester united,everton,False
868238,E0,2022,2023-04-08,fulham,west ham,False
868245,E0,2022,2023-04-08,wolves,chelsea,False
868240,E0,2022,2023-04-08,leicester,bournemouth,False
868244,E0,2022,2023-04-08,tottenham,brighton,False
868237,E0,2022,2023-04-08,brentford,newcastle,False
868236,E0,2022,2023-04-08,aston villa,nottingham forest,False
868243,E0,2022,2023-04-08,southampton,manchester city,False
868239,E0,2022,2023-04-09,leeds,crystal palace,False
868241,E0,2022,2023-04-09,liverpool,arsenal,False
868246,E0,2022,2023-04-15,aston villa,newcastle,False
868255,E0,2022,2023-04-15,wolves,brentford,False
868252,E0,2022,2023-04-15,southampton,crystal palace,False
868248,E0,2022,2023-04-15,everton,fulham,False
868247,E0,2022,2023-04-15,chelsea,brighton,False
868253,E0,2022,2023-04-15,tottenham,bournemouth,False
868250,E0,2022,2023-04-15,manchester city,leicester,False
868254,E0,2022,2023-04-16,west ham,arsenal,False
868251,E0,2022,2023-04-16,nottingham forest,manchester united,False
868249,E0,2022,2023-04-17,leeds,liverpool,False
868257,E0,2022,2023-04-21,arsenal,southampton,False
868261,E0,2022,2023-04-22,fulham,leeds,False
868263,E0,2022,2023-04-22,liverpool,nottingham forest,False
868262,E0,2022,2023-04-22,leicester,wolves,False
868260,E0,2022,2023-04-22,crystal palace,everton,False
868258,E0,2022,2023-04-22,brentford,aston villa,False
868265,E0,2022,2023-04-23,newcastle,tottenham,False
868256,E0,2022,2023-04-23,bournemouth,west ham,False
868271,E0,2022,2023-04-25,wolves,crystal palace,False
868272,E0,2022,2023-04-25,aston villa,fulham,False
868267,E0,2022,2023-04-25,leeds,leicester,False
868268,E0,2022,2023-04-26,nottingham forest,brighton,False
868270,E0,2022,2023-04-26,west ham,liverpool,False
868273,E0,2022,2023-04-26,chelsea,brentford,False
868275,E0,2022,2023-04-26,manchester city,arsenal,False
868274,E0,2022,2023-04-27,southampton,bournemouth,False
868266,E0,2022,2023-04-27,everton,newcastle,False
868269,E0,2022,2023-04-27,tottenham,manchester united,False
868280,E0,2022,2023-04-29,crystal palace,west ham,False
868279,E0,2022,2023-04-29,brighton,wolves,False
868278,E0,2022,2023-04-29,brentford,nottingham forest,False
868284,E0,2022,2023-04-30,manchester united,aston villa,False
868285,E0,2022,2023-04-30,newcastle,southampton,False
868276,E0,2022,2023-04-30,bournemouth,leeds,False
868281,E0,2022,2023-04-30,fulham,manchester city,False
868283,E0,2022,2023-04-30,liverpool,tottenham,False
868282,E0,2022,2023-05-01,leicester,everton,False
868277,E0,2022,2023-05-02,arsenal,chelsea,False
868221,E0,2022,2023-05-03,liverpool,fulham,False
868222,E0,2022,2023-05-03,manchester city,west ham,False
868219,E0,2022,2023-05-04,brighton,manchester united,False
868286,E0,2022,2023-05-06,bournemouth,chelsea,False
868295,E0,2022,2023-05-06,wolves,aston villa,False
868293,E0,2022,2023-05-06,tottenham,crystal palace,False
868290,E0,2022,2023-05-06,manchester city,leeds,False
868289,E0,2022,2023-05-06,liverpool,brentford,False
868291,E0,2022,2023-05-07,newcastle,arsenal,False
868294,E0,2022,2023-05-07,west ham,manchester united,False
868288,E0,2022,2023-05-08,fulham,leicester,False
868287,E0,2022,2023-05-08,brighton,everton,False
868292,E0,2022,2023-05-08,nottingham forest,southampton,False
868302,E0,2022,2023-05-13,leeds,newcastle,False
868304,E0,2022,2023-05-13,manchester united,wolves,False
868305,E0,2022,2023-05-13,southampton,fulham,False
868299,E0,2022,2023-05-13,chelsea,nottingham forest,False
868300,E0,2022,2023-05-13,crystal palace,bournemouth,False
868297,E0,2022,2023-05-13,aston villa,tottenham,False
868301,E0,2022,2023-05-14,everton,manchester city,False
868298,E0,2022,2023-05-14,brentford,west ham,False
868296,E0,2022,2023-05-14,arsenal,brighton,False
868303,E0,2022,2023-05-15,leicester,liverpool,False
868193,E0,2022,2023-05-18,newcastle,brighton,False
868313,E0,2022,2023-05-20,tottenham,brentford,False
868306,E0,2022,2023-05-20,bournemouth,manchester united,False
868308,E0,2022,2023-05-20,fulham,crystal palace,False
868315,E0,2022,2023-05-20,wolves,everton,False
868309,E0,2022,2023-05-20,liverpool,aston villa,False
868312,E0,2022,2023-05-20,nottingham forest,arsenal,False
868314,E0,2022,2023-05-21,west ham,leeds,False
868307,E0,2022,2023-05-21,brighton,southampton,False
868310,E0,2022,2023-05-21,manchester city,chelsea,False
868311,E0,2022,2023-05-22,newcastle,leicester,False
868259,E0,2022,2023-05-24,brighton,manchester city,False
868264,E0,2022,2023-05-25,manchester united,chelsea,False
868324,E0,2022,2023-05-28,manchester united,fulham,False
868325,E0,2022,2023-05-28,southampton,liverpool,False
868316,E0,2022,2023-05-28,arsenal,wolves,False
868321,E0,2022,2023-05-28,everton,bournemouth,False
868323,E0,2022,2023-05-28,leicester,west ham,False
868319,E0,2022,2023-05-28,chelsea,newcastle,False
868320,E0,2022,2023-05-28,crystal palace,nottingham forest,False
868318,E0,2022,2023-05-28,brentford,manchester city,False
868322,E0,2022,2023-05-28,leeds,tottenham,False
868317,E0,2022,2023-05-28,aston villa,brighton,False
1035037,E0,2023,2023-08-11,burnley,manchester city,False
1035038,E0,2023,2023-08-12,arsenal,nottingham forest,False
1035039,E0,2023,2023-08-12,bournemouth,west ham,False
1035041,E0,2023,2023-08-12,everton,fulham,False
1035040,E0,2023,2023-08-12,brighton,luton,False
1035042,E0,2023,2023-08-12,sheffield utd,crystal palace,False
1035043,E0,2023,2023-08-12,newcastle,aston villa,False
1035044,E0,2023,2023-08-13,brentford,tottenham,False
1035045,E0,2023,2023-08-13,chelsea,liverpool,False
1035046,E0,2023,2023-08-14,manchester united,wolves,False
1035053,E0,2023,2023-08-18,nottingham forest,sheffield utd,False
1035049,E0,2023,2023-08-19,fulham,brentford,False
1035056,E0,2023,2023-08-19,wolves,brighton,False
1035050,E0,2023,2023-08-19,liverpool,bournemouth,False
1035054,E0,2023,2023-08-19,tottenham,manchester united,False
1035052,E0,2023,2023-08-19,manchester city,newcastle,False
1035047,E0,2023,2023-08-20,aston villa,everton,False
1035055,E0,2023,2023-08-20,west ham,chelsea,False
1035048,E0,2023,2023-08-21,crystal palace,arsenal,False
1035062,E0,2023,2023-08-25,chelsea,luton,False
1035057,E0,2023,2023-08-26,bournemouth,tottenham,False
1035064,E0,2023,2023-08-26,manchester united,nottingham forest,False
1035058,E0,2023,2023-08-26,arsenal,fulham,False
1035063,E0,2023,2023-08-26,everton,wolves,False
1035059,E0,2023,2023-08-26,brentford,crystal palace,False
1035060,E0,2023,2023-08-26,brighton,west ham,False
1035061,E0,2023,2023-08-27,burnley,aston villa,False
1035066,E0,2023,2023-08-27,sheffield utd,manchester city,False
1035065,E0,2023,2023-08-27,newcastle,liverpool,False
1035074,E0,2023,2023-09-01,luton,west ham,False
1035076,E0,2023,2023-09-02,sheffield utd,everton,False
1035070,E0,2023,2023-09-02,burnley,tottenham,False
1035071,E0,2023,2023-09-02,chelsea,nottingham forest,False
1035075,E0,2023,2023-09-02,manchester city,fulham,False
1035068,E0,2023,2023-09-02,brentford,bournemouth,False
1035069,E0,2023,2023-09-02,brighton,newcastle,False
1035073,E0,2023,2023-09-03,liverpool,aston villa,False
1035072,E0,2023,2023-09-03,crystal palace,wolves,False
1035067,E0,2023,2023-09-03,arsenal,manchester united,False
1035086,E0,2023,2023-09-16,wolves,liverpool,False
1035081,E0,2023,2023-09-16,manchester united,brighton,False
1035080,E0,2023,2023-09-16,fulham,luton,False
1035084,E0,2023,2023-09-16,tottenham,sheffield utd,False
1035085,E0,2023,2023-09-16,west ham,manchester city,False
1035078,E0,2023,2023-09-16,aston villa,crystal palace,False
1035082,E0,2023,2023-09-16,newcastle,brentford,False
1035077,E0,2023,2023-09-17,bournemouth,chelsea,False
1035079,E0,2023,2023-09-17,everton,arsenal,False
1035083,E0,2023,2023-09-18,nottingham forest,burnley,False
1035095,E0,2023,2023-09-23,manchester city,nottingham forest,False
1035092,E0,2023,2023-09-23,crystal palace,fulham,False
1035094,E0,2023,2023-09-23,luton,wolves,False
1035088,E0,2023,2023-09-23,brentford,everton,False
1035090,E0,2023,2023-09-23,burnley,manchester united,False
1035093,E0,2023,2023-09-24,liverpool,west ham,False
1035087,E0,2023,2023-09-24,arsenal,tottenham,False
1035091,E0,2023,2023-09-24,chelsea,aston villa,False
1035089,E0,2023,2023-09-24,brighton,bournemouth,False
1035096,E0,2023,2023-09-24,sheffield utd,newcastle,False
1035098,E0,2023,2023-09-30,aston villa,brighton,False
1035101,E0,2023,2023-09-30,manchester united,crystal palace,False
1035102,E0,2023,2023-09-30,newcastle,burnley,False
1035097,E0,2023,2023-09-30,bournemouth,arsenal,False
1035106,E0,2023,2023-09-30,wolves,manchester city,False
1035099,E0,2023,2023-09-30,everton,luton,False
1035105,E0,2023,2023-09-30,west ham,sheffield utd,False
1035104,E0,2023,2023-09-30,tottenham,liverpool,False
1035103,E0,2023,2023-10-01,nottingham forest,brentford,False
1035100,E0,2023,2023-10-02,fulham,chelsea,False
1035051,E0,2023,2023-10-03,luton,burnley,False
1035113,E0,2023,2023-10-07,luton,tottenham,False
1035114,E0,2023,2023-10-07,manchester united,brentford,False
1035112,E0,2023,2023-10-07,fulham,sheffield utd,False
1035109,E0,2023,2023-10-07,burnley,chelsea,False
1035111,E0,2023,2023-10-07,everton,bournemouth,False
1035110,E0,2023,2023-10-07,crystal palace,nottingham forest,False
1035116,E0,2023,2023-10-08,wolves,aston villa,False
1035115,E0,2023,2023-10-08,west ham,newcastle,False
1035108,E0,2023,2023-10-08,brighton,liverpool,False
1035107,E0,2023,2023-10-08,arsenal,manchester city,False
1035121,E0,2023,2023-10-21,liverpool,everton,False
1035123,E0,2023,2023-10-21,newcastle,crystal palace,False
1035117,E0,2023,2023-10-21,bournemouth,wolves,False
1035122,E0,2023,2023-10-21,manchester city,brighton,False
1035119,E0,2023,2023-10-21,brentford,burnley,False
1035124,E0,2023,2023-10-21,nottingham forest,luton,False
1035120,E0,2023,2023-10-21,chelsea,arsenal,False
1035125,E0,2023,2023-10-21,sheffield utd,manchester united,False
1035118,E0,2023,2023-10-22,aston villa,west ham,False
1035126,E0,2023,2023-10-23,tottenham,fulham,False
1035132,E0,2023,2023-10-27,crystal palace,tottenham,False
1035131,E0,2023,2023-10-28,chelsea,brentford,False
1035127,E0,2023,2023-10-28,bournemouth,burnley,False
1035128,E0,2023,2023-10-28,arsenal,sheffield utd,False
1035136,E0,2023,2023-10-28,wolves,newcastle,False
1035135,E0,2023,2023-10-29,west ham,everton,False
1035133,E0,2023,2023-10-29,liverpool,nottingham forest,False
1035130,E0,2023,2023-10-29,brighton,fulham,False
1035129,E0,2023,2023-10-29,aston villa,luton,False
1035134,E0,2023,2023-10-29,manchester united,manchester city,False
1035140,E0,2023,2023-11-04,fulham,manchester united,False
1035138,E0,2023,2023-11-04,burnley,crystal palace,False
1035139,E0,2023,2023-11-04,everton,brighton,False
1035142,E0,2023,2023-11-04,manchester city,bournemouth,False
1035137,E0,2023,2023-11-04,brentford,west ham,False
1035145,E0,2023,2023-11-04,sheffield utd,wolves,False
1035143,E0,2023,2023-11-04,newcastle,arsenal,False
1035144,E0,2023,2023-11-05,nottingham forest,aston villa,False
1035141,E0,2023,2023-11-05,luton,liverpool,False
1035146,E0,2023,2023-11-06,tottenham,chelsea,False
1035156,E0,2023,2023-11-11,wolves,tottenham,False
1035154,E0,2023,2023-11-11,manchester united,luton,False
1035148,E0,2023,2023-11-11,arsenal,burnley,False
1035152,E0,2023,2023-11-11,crystal palace,everton,False
1035147,E0,2023,2023-11-11,bournemouth,newcastle,False
1035153,E0,2023,2023-11-12,liverpool,brentford,False
1035155,E0,2023,2023-11-12,west ham,nottingham forest,False
1035150,E0,2023,2023-11-12,brighton,sheffield utd,False
1035149,E0,2023,2023-11-12,aston villa,fulham,False
1035151,E0,2023,2023-11-12,chelsea,manchester city,False
1035299,E0,2023,2023-11-25,manchester city,liverpool,False
1035300,E0,2023,2023-11-25,newcastle,chelsea,False
1035295,E0,2023,2023-11-25,burnley,west ham,False
1035302,E0,2023,2023-11-25,sheffield utd,bournemouth,False
1035301,E0,2023,2023-11-25,nottingham forest,brighton,False
1035298,E0,2023,2023-11-25,luton,crystal palace,False
1035294,E0,2023,2023-11-25,brentford,arsenal,False
1035303,E0,2023,2023-11-26,tottenham,aston villa,False
1035296,E0,2023,2023-11-26,everton,manchester united,False
1035297,E0,2023,2023-11-27,fulham,wolves,False
1035305,E0,2023,2023-12-02,arsenal,wolves,False
1035307,E0,2023,2023-12-02,burnley,sheffield utd,False
1035306,E0,2023,2023-12-02,brentford,luton,False
1035312,E0,2023,2023-12-02,nottingham forest,everton,False
1035311,E0,2023,2023-12-02,newcastle,manchester united,False
1035304,E0,2023,2023-12-03,bournemouth,aston villa,False
1035309,E0,2023,2023-12-03,liverpool,fulham,False
1035313,E0,2023,2023-12-03,west ham,crystal palace,False
1035308,E0,2023,2023-12-03,chelsea,brighton,False
1035310,E0,2023,2023-12-03,manchester city,tottenham,False
1035321,E0,2023,2023-12-05,wolves,burnley,False
1035318,E0,2023,2023-12-05,luton,arsenal,False
1035317,E0,2023,2023-12-06,fulham,nottingham forest,False
1035315,E0,2023,2023-12-06,brighton,brentford,False
1035322,E0,2023,2023-12-06,crystal palace,bournemouth,False
1035319,E0,2023,2023-12-06,sheffield utd,liverpool,False
1035323,E0,2023,2023-12-06,manchester united,chelsea,False
1035314,E0,2023,2023-12-06,aston villa,manchester city,False
1035316,E0,2023,2023-12-07,everton,newcastle,False
1035320,E0,2023,2023-12-07,tottenham,west ham,False
1035326,E0,2023,2023-12-09,crystal palace,liverpool,False
1035330,E0,2023,2023-12-09,manchester united,bournemouth,False
1035333,E0,2023,2023-12-09,wolves,nottingham forest,False
1035325,E0,2023,2023-12-09,brighton,burnley,False
1035331,E0,2023,2023-12-09,sheffield utd,brentford,False
1035324,E0,2023,2023-12-09,aston villa,arsenal,False
1035328,E0,2023,2023-12-10,fulham,west ham,False
1035327,E0,2023,2023-12-10,everton,chelsea,False
1035329,E0,2023,2023-12-10,luton,manchester city,False
1035332,E0,2023,2023-12-10,tottenham,newcastle,False
1035342,E0,2023,2023-12-15,nottingham forest,tottenham,False
1035341,E0,2023,2023-12-16,newcastle,fulham,False
1035338,E0,2023,2023-12-16,chelsea,sheffield utd,False
1035340,E0,2023,2023-12-16,manchester city,crystal palace,False
1035337,E0,2023,2023-12-16,burnley,everton,False
1035335,E0,2023,2023-12-17,arsenal,brighton,False
1035343,E0,2023,2023-12-17,west ham,wolves,False
1035336,E0,2023,2023-12-17,brentford,aston villa,False
1035339,E0,2023,2023-12-17,liverpool,manchester united,False
1035345,E0,2023,2023-12-21,crystal palace,brighton,False
1035344,E0,2023,2023-12-22,aston villa,sheffield utd,False
1035352,E0,2023,2023-12-23,west ham,manchester united,False
1035346,E0,2023,2023-12-23,fulham,burnley,False
1035351,E0,2023,2023-12-23,tottenham,everton,False
1035350,E0,2023,2023-12-23,nottingham forest,bournemouth,False
1035348,E0,2023,2023-12-23,luton,newcastle,False
1035347,E0,2023,2023-12-23,liverpool,arsenal,False
1035353,E0,2023,2023-12-24,wolves,chelsea,False
1035362,E0,2023,2023-12-26,newcastle,nottingham forest,False
1035354,E0,2023,2023-12-26,bournemouth,fulham,False
1035363,E0,2023,2023-12-26,sheffield utd,luton,False
1035358,E0,2023,2023-12-26,burnley,liverpool,False
1035361,E0,2023,2023-12-26,manchester united,aston villa,False
1035359,E0,2023,2023-12-27,chelsea,crystal palace,False
1035356,E0,2023,2023-12-27,brentford,wolves,False
1035360,E0,2023,2023-12-27,everton,manchester city,False
1035357,E0,2023,2023-12-28,brighton,tottenham,False
1035355,E0,2023,2023-12-28,arsenal,west ham,False
1035368,E0,2023,2023-12-30,luton,chelsea,False
1035373,E0,2023,2023-12-30,wolves,everton,False
1035369,E0,2023,2023-12-30,manchester city,sheffield utd,False
1035365,E0,2023,2023-12-30,crystal palace,brentford,False
1035364,E0,2023,2023-12-30,aston villa,burnley,False
1035370,E0,2023,2023-12-30,nottingham forest,manchester united,False
1035366,E0,2023,2023-12-31,fulham,arsenal,False
1035371,E0,2023,2023-12-31,tottenham,bournemouth,False
1035367,E0,2023,2024-01-01,liverpool,newcastle,False
1035372,E0,2023,2024-01-02,west ham,brighton,False
1035378,E0,2023,2024-01-12,burnley,luton,False
1035379,E0,2023,2024-01-13,chelsea,fulham,False
1035382,E0,2023,2024-01-13,newcastle,manchester city,False
1035380,E0,2023,2024-01-14,everton,aston villa,False
1035381,E0,2023,2024-01-14,manchester united,tottenham,False
1035375,E0,2023,2024-01-20,arsenal,crystal palace,False
1035376,E0,2023,2024-01-20,brentford,nottingham forest,False
1035383,E0,2023,2024-01-21,sheffield utd,west ham,False
1035374,E0,2023,2024-01-21,bournemouth,liverpool,False
1035377,E0,2023,2024-01-22,brighton,wolves,False
1035387,E0,2023,2024-01-30,nottingham forest,arsenal,False
1035385,E0,2023,2024-01-30,fulham,everton,False
1035386,E0,2023,2024-01-30,luton,brighton,False
1035391,E0,2023,2024-01-30,crystal palace,sheffield utd,False
1035384,E0,2023,2024-01-30,aston villa,newcastle,False
1035388,E0,2023,2024-01-31,tottenham,brentford,False
1035393,E0,2023,2024-01-31,manchester city,burnley,False
1035392,E0,2023,2024-01-31,liverpool,chelsea,False
1035389,E0,2023,2024-02-01,west ham,bournemouth,False
1035390,E0,2023,2024-02-01,wolves,manchester united,False
1035400,E0,2023,2024-02-03,everton,tottenham,False
1035402,E0,2023,2024-02-03,newcastle,luton,False
1035398,E0,2023,2024-02-03,burnley,fulham,False
1035397,E0,2023,2024-02-03,brighton,crystal palace,False
1035403,E0,2023,2024-02-03,sheffield utd,aston villa,False
1035401,E0,2023,2024-02-04,manchester united,west ham,False
1035394,E0,2023,2024-02-04,bournemouth,nottingham forest,False
1035399,E0,2023,2024-02-04,chelsea,wolves,False
1035395,E0,2023,2024-02-04,arsenal,liverpool,False
1035396,E0,2023,2024-02-05,brentford,manchester city,False
1035409,E0,2023,2024-02-10,manchester city,everton,False
1035406,E0,2023,2024-02-10,fulham,bournemouth,False
1035413,E0,2023,2024-02-10,wolves,brentford,False
1035407,E0,2023,2024-02-10,liverpool,burnley,False
1035411,E0,2023,2024-02-10,tottenham,brighton,False
1035408,E0,2023,2024-02-10,luton,sheffield utd,False
1035410,E0,2023,2024-02-10,nottingham forest,newcastle,False
1035412,E0,2023,2024-02-11,west ham,arsenal,False
1035404,E0,2023,2024-02-11,aston villa,manchester united,False
1035405,E0,2023,2024-02-12,crystal palace,chelsea,False
1035414,E0,2023,2024-02-17,brentford,liverpool,False
1035420,E0,2023,2024-02-17,newcastle,bournemouth,False
1035417,E0,2023,2024-02-17,fulham,aston villa,False
1035415,E0,2023,2024-02-17,burnley,arsenal,False
1035423,E0,2023,2024-02-17,tottenham,wolves,False
1035421,E0,2023,2024-02-17,nottingham forest,west ham,False
1035419,E0,2023,2024-02-17,manchester city,chelsea,False
1035422,E0,2023,2024-02-18,sheffield utd,brighton,False
1035418,E0,2023,2024-02-18,luton,manchester united,False
1035416,E0,2023,2024-02-19,everton,crystal palace,False
1035349,E0,2023,2024-02-20,manchester city,brentford,False
1035430,E0,2023,2024-02-21,liverpool,luton,False
1035431,E0,2023,2024-02-24,manchester united,fulham,False
1035427,E0,2023,2024-02-24,brighton,everton,False
1035429,E0,2023,2024-02-24,crystal palace,burnley,False
1035426,E0,2023,2024-02-24,aston villa,nottingham forest,False
1035424,E0,2023,2024-02-24,bournemouth,manchester city,False
1035425,E0,2023,2024-02-24,arsenal,newcastle,False
1035433,E0,2023,2024-02-25,wolves,sheffield utd,False
1035432,E0,2023,2024-02-26,west ham,brentford,False
1035440,E0,2023,2024-03-02,newcastle,wolves,False
1035437,E0,2023,2024-03-02,fulham,brighton,False
1035436,E0,2023,2024-03-02,everton,west ham,False
1035443,E0,2023,2024-03-02,tottenham,crystal palace,False
1035434,E0,2023,2024-03-02,brentford,chelsea,False
1035441,E0,2023,2024-03-02,nottingham forest,liverpool,False
1035438,E0,2023,2024-03-02,luton,aston villa,False
1035435,E0,2023,2024-03-03,burnley,bournemouth,False
1035439,E0,2023,2024-03-03,manchester city,manchester united,False
1035442,E0,2023,2024-03-04,sheffield utd,arsenal,False
1035451,E0,2023,2024-03-09,manchester united,everton,False
1035444,E0,2023,2024-03-09,bournemouth,sheffield utd,False
1035453,E0,2023,2024-03-09,wolves,fulham,False
1035449,E0,2023,2024-03-09,crystal palace,luton,False
1035445,E0,2023,2024-03-09,arsenal,brentford,False
1035446,E0,2023,2024-03-10,aston villa,tottenham,False
1035452,E0,2023,2024-03-10,west ham,burnley,False
1035447,E0,2023,2024-03-10,brighton,nottingham forest,False
1035450,E0,2023,2024-03-10,liverpool,manchester city,False
1035448,E0,2023,2024-03-11,chelsea,newcastle,False
1035334,E0,2023,2024-03-13,bournemouth,luton,False
1035456,E0,2023,2024-03-16,burnley,brentford,False
1035460,E0,2023,2024-03-16,luton,nottingham forest,False
1035459,E0,2023,2024-03-16,fulham,tottenham,False
1035462,E0,2023,2024-03-17,west ham,aston villa,False
1035470,E0,2023,2024-03-30,newcastle,west ham,False
1035464,E0,2023,2024-03-30,bournemouth,everton,False
1035473,E0,2023,2024-03-30,tottenham,luton,False
1035467,E0,2023,2024-03-30,chelsea,burnley,False
1035472,E0,2023,2024-03-30,sheffield utd,fulham,False
1035471,E0,2023,2024-03-30,nottingham forest,crystal palace,False
1035465,E0,2023,2024-03-30,aston villa,wolves,False
1035466,E0,2023,2024-03-30,brentford,manchester united,False
1035468,E0,2023,2024-03-31,liverpool,brighton,False
1035469,E0,2023,2024-03-31,manchester city,arsenal,False
1035481,E0,2023,2024-04-02,newcastle,everton,False
1035478,E0,2023,2024-04-02,nottingham forest,fulham,False
1035474,E0,2023,2024-04-02,bournemouth,crystal palace,False
1035477,E0,2023,2024-04-02,burnley,wolves,False
1035479,E0,2023,2024-04-02,west ham,tottenham,False
1035475,E0,2023,2024-04-03,arsenal,luton,False
1035476,E0,2023,2024-04-03,brentford,brighton,False
1035483,E0,2023,2024-04-03,manchester city,aston villa,False
1035482,E0,2023,2024-04-04,liverpool,sheffield utd,False
1035480,E0,2023,2024-04-04,chelsea,manchester united,False
1035486,E0,2023,2024-04-06,crystal palace,manchester city,False
1035488,E0,2023,2024-04-06,fulham,newcastle,False
1035493,E0,2023,2024-04-06,wolves,west ham,False
1035487,E0,2023,2024-04-06,everton,burnley,False
1035484,E0,2023,2024-04-06,aston villa,brentford,False
1035489,E0,2023,2024-04-06,luton,bournemouth,False
1035485,E0,2023,2024-04-06,brighton,arsenal,False
1035490,E0,2023,2024-04-07,manchester united,liverpool,False
1035491,E0,2023,2024-04-07,sheffield utd,chelsea,False
1035492,E0,2023,2024-04-07,tottenham,nottingham forest,False
1035501,E0,2023,2024-04-13,newcastle,tottenham,False
1035497,E0,2023,2024-04-13,burnley,brighton,False
1035500,E0,2023,2024-04-13,manchester city,luton,False
1035496,E0,2023,2024-04-13,brentford,sheffield utd,False
1035502,E0,2023,2024-04-13,nottingham forest,wolves,False
1035494,E0,2023,2024-04-13,bournemouth,manchester united,False
1035499,E0,2023,2024-04-14,liverpool,crystal palace,False
1035503,E0,2023,2024-04-14,west ham,fulham,False
1035495,E0,2023,2024-04-14,arsenal,aston villa,False
1035498,E0,2023,2024-04-15,chelsea,everton,False
1035511,E0,2023,2024-04-20,sheffield utd,burnley,False
1035509,E0,2023,2024-04-20,luton,brentford,False
1035513,E0,2023,2024-04-20,wolves,arsenal,False
1035507,E0,2023,2024-04-21,everton,nottingham forest,False
1035506,E0,2023,2024-04-21,crystal palace,west ham,False
1035504,E0,2023,2024-04-21,aston villa,bournemouth,False
1035508,E0,2023,2024-04-21,fulham,liverpool,False
1035454,E0,2023,2024-04-23,arsenal,chelsea,False
1035463,E0,2023,2024-04-24,wolves,bournemouth,False
1035461,E0,2023,2024-04-24,manchester united,sheffield utd,False
1035458,E0,2023,2024-04-24,everton,liverpool,False
1035457,E0,2023,2024-04-24,crystal palace,newcastle,False
1035455,E0,2023,2024-04-25,brighton,manchester city,False
1035522,E0,2023,2024-04-27,west ham,liverpool,False
1035518,E0,2023,2024-04-27,manchester united,burnley,False
1035519,E0,2023,2024-04-27,newcastle,sheffield utd,False
1035517,E0,2023,2024-04-27,fulham,crystal palace,False
1035523,E0,2023,2024-04-27,wolves,luton,False
1035516,E0,2023,2024-04-27,everton,brentford,False
1035515,E0,2023,2024-04-27,aston villa,chelsea,False
1035514,E0,2023,2024-04-28,bournemouth,brighton,False
1035521,E0,2023,2024-04-28,tottenham,arsenal,False
1035520,E0,2023,2024-04-28,nottingham forest,manchester city,False
1035428,E0,2023,2024-05-02,chelsea,tottenham,False
1035531,E0,2023,2024-05-03,luton,everton,False
1035524,E0,2023,2024-05-04,arsenal,bournemouth,False
1035527,E0,2023,2024-05-04,burnley,newcastle,False
1035525,E0,2023,2024-05-04,brentford,fulham,False
1035533,E0,2023,2024-05-04,sheffield utd,nottingham forest,False
1035532,E0,2023,2024-05-04,manchester city,wolves,False
1035528,E0,2023,2024-05-05,chelsea,west ham,False
1035526,E0,2023,2024-05-05,brighton,aston villa,False
1035530,E0,2023,2024-05-05,liverpool,tottenham,False
1035529,E0,2023,2024-05-06,crystal palace,manchester united,False
1035537,E0,2023,2024-05-11,fulham,manchester city,False
1035539,E0,2023,2024-05-11,newcastle,brighton,False
1035534,E0,2023,2024-05-11,bournemouth,brentford,False
1035543,E0,2023,2024-05-11,wolves,crystal palace,False
1035536,E0,2023,2024-05-11,everton,sheffield utd,False
1035541,E0,2023,2024-05-11,tottenham,burnley,False
1035542,E0,2023,2024-05-11,west ham,luton,False
1035540,E0,2023,2024-05-11,nottingham forest,chelsea,False
1035538,E0,2023,2024-05-12,manchester united,arsenal,False
1035535,E0,2023,2024-05-13,aston villa,liverpool,False
1035512,E0,2023,2024-05-14,tottenham,manchester city,False
1035505,E0,2023,2024-05-15,brighton,chelsea,False
1035510,E0,2023,2024-05-15,manchester united,newcastle,False
1035550,E0,2023,2024-05-19,liverpool,wolves,False
1035544,E0,2023,2024-05-19,arsenal,everton,False
1035547,E0,2023,2024-05-19,burnley,nottingham forest,False
1035548,E0,2023,2024-05-19,chelsea,bournemouth,False
1035552,E0,2023,2024-05-19,manchester city,west ham,False
1035546,E0,2023,2024-05-19,brighton,manchester united,False
1035549,E0,2023,2024-05-19,crystal palace,aston villa,False
1035545,E0,2023,2024-05-19,brentford,newcastle,False
1035553,E0,2023,2024-05-19,sheffield utd,tottenham,False
1035551,E0,2023,2024-05-19,luton,fulham,False
1208021,E0,2024,2024-08-16,manchester united,fulham,False
1208022,E0,2024,2024-08-17,ipswich,liverpool,False
1208025,E0,2024,2024-08-17,newcastle,southampton,False
1208023,E0,2024,2024-08-17,arsenal,wolves,False
1208024,E0,2024,2024-08-17,everton,brighton,False
1208026,E0,2024,2024-08-17,nottingham forest,bournemouth,False
1208027,E0,2024,2024-08-17,west ham,aston villa,False
1208028,E0,2024,2024-08-18,brentford,crystal palace,False
1208029,E0,2024,2024-08-18,chelsea,manchester city,False
1208030,E0,2024,2024-08-19,leicester,tottenham,False
1208033,E0,2024,2024-08-24,brighton,manchester united,False
1208035,E0,2024,2024-08-24,fulham,leicester,False
1208038,E0,2024,2024-08-24,southampton,nottingham forest,False
1208039,E0,2024,2024-08-24,tottenham,everton,False
1208037,E0,2024,2024-08-24,manchester city,ipswich,False
1208034,E0,2024,2024-08-24,crystal palace,west ham,False
1208032,E0,2024,2024-08-24,aston villa,arsenal,False
1208031,E0,2024,2024-08-25,bournemouth,newcastle,False
1208040,E0,2024,2024-08-25,wolves,chelsea,False
1208036,E0,2024,2024-08-25,liverpool,brentford,False
1208041,E0,2024,2024-08-31,arsenal,brighton,False
1208044,E0,2024,2024-08-31,everton,bournemouth,False
1208046,E0,2024,2024-08-31,leicester,aston villa,False
1208042,E0,2024,2024-08-31,brentford,southampton,False
1208045,E0,2024,2024-08-31,ipswich,fulham,False
1208049,E0,2024,2024-08-31,nottingham forest,wolves,False
1208050,E0,2024,2024-08-31,west ham,manchester city,False
1208048,E0,2024,2024-09-01,newcastle,tottenham,False
1208043,E0,2024,2024-09-01,chelsea,crystal palace,False
1208047,E0,2024,2024-09-01,manchester united,liverpool,False
1208058,E0,2024,2024-09-14,southampton,manchester united,False
1208055,E0,2024,2024-09-14,fulham,west ham,False
1208056,E0,2024,2024-09-14,liverpool,nottingham forest,False
1208057,E0,2024,2024-09-14,manchester city,brentford,False
1208053,E0,2024,2024-09-14,brighton,ipswich,False
1208054,E0,2024,2024-09-14,crystal palace,leicester,False
1208052,E0,2024,2024-09-14,aston villa,everton,False
1208051,E0,2024,2024-09-14,bournemouth,chelsea,False
1208059,E0,2024,2024-09-15,tottenham,arsenal,False
1208060,E0,2024,2024-09-15,wolves,newcastle,False
1208070,E0,2024,2024-09-21,west ham,chelsea,False
1208064,E0,2024,2024-09-21,fulham,newcastle,False
1208066,E0,2024,2024-09-21,liverpool,bournemouth,False
1208068,E0,2024,2024-09-21,southampton,ipswich,False
1208065,E0,2024,2024-09-21,leicester,everton,False
1208069,E0,2024,2024-09-21,tottenham,brentford,False
1208061,E0,2024,2024-09-21,aston villa,wolves,False
1208063,E0,2024,2024-09-21,crystal palace,manchester united,False
1208062,E0,2024,2024-09-22,brighton,nottingham forest,False
1208067,E0,2024,2024-09-22,manchester city,arsenal,False
1208078,E0,2024,2024-09-28,newcastle,manchester city,False
1208072,E0,2024,2024-09-28,arsenal,leicester,False
1208075,E0,2024,2024-09-28,everton,crystal palace,False
1208074,E0,2024,2024-09-28,chelsea,brighton,False
1208073,E0,2024,2024-09-28,brentford,west ham,False
1208079,E0,2024,2024-09-28,nottingham forest,fulham,False
1208080,E0,2024,2024-09-28,wolves,liverpool,False
1208076,E0,2024,2024-09-29,ipswich,aston villa,False
1208077,E0,2024,2024-09-29,manchester united,tottenham,False
1208071,E0,2024,2024-09-30,bournemouth,southampton,False
1208086,E0,2024,2024-10-05,crystal palace,liverpool,False
1208081,E0,2024,2024-10-05,arsenal,southampton,False
1208088,E0,2024,2024-10-05,leicester,bournemouth,False
1208090,E0,2024,2024-10-05,west ham,ipswich,False
1208089,E0,2024,2024-10-05,manchester city,fulham,False
1208083,E0,2024,2024-10-05,brentford,wolves,False
1208087,E0,2024,2024-10-05,everton,newcastle,False
1208085,E0,2024,2024-10-06,chelsea,nottingham forest,False
1208082,E0,2024,2024-10-06,aston villa,manchester united,False
1208084,E0,2024,2024-10-06,brighton,tottenham,False
1208099,E0,2024,2024-10-19,tottenham,west ham,False
1208095,E0,2024,2024-10-19,manchester united,brentford,False
1208096,E0,2024,2024-10-19,newcastle,brighton,False
1208092,E0,2024,2024-10-19,fulham,aston villa,False
1208098,E0,2024,2024-10-19,southampton,leicester,False
1208093,E0,2024,2024-10-19,ipswich,everton,False
1208091,E0,2024,2024-10-19,bournemouth,arsenal,False
1208100,E0,2024,2024-10-20,wolves,manchester city,False
1208094,E0,2024,2024-10-20,liverpool,chelsea,False
1208097,E0,2024,2024-10-21,nottingham forest,crystal palace,False
1208110,E0,2024,2024-10-25,leicester,nottingham forest,False
1208111,E0,2024,2024-10-26,manchester city,southampton,False
1208106,E0,2024,2024-10-26,brighton,wolves,False
1208105,E0,2024,2024-10-26,brentford,ipswich,False
1208104,E0,2024,2024-10-26,aston villa,bournemouth,False
1208109,E0,2024,2024-10-26,everton,fulham,False
1208112,E0,2024,2024-10-27,west ham,manchester united,False
1208107,E0,2024,2024-10-27,chelsea,newcastle,False
1208108,E0,2024,2024-10-27,crystal palace,tottenham,False
1208103,E0,2024,2024-10-27,arsenal,liverpool,False
1208118,E0,2024,2024-11-02,newcastle,arsenal,False
1208113,E0,2024,2024-11-02,bournemouth,manchester city,False
1208116,E0,2024,2024-11-02,liverpool,brighton,False
1208120,E0,2024,2024-11-02,southampton,everton,False
1208115,E0,2024,2024-11-02,ipswich,leicester,False
1208119,E0,2024,2024-11-02,nottingham forest,west ham,False
1208122,E0,2024,2024-11-02,wolves,crystal palace,False
1208121,E0,2024,2024-11-03,tottenham,aston villa,False
1208117,E0,2024,2024-11-03,manchester united,chelsea,False
1208114,E0,2024,2024-11-04,fulham,brentford,False
1208132,E0,2024,2024-11-09,wolves,southampton,False
1208131,E0,2024,2024-11-09,west ham,everton,False
1208126,E0,2024,2024-11-09,crystal palace,fulham,False
1208123,E0,2024,2024-11-09,brentford,bournemouth,False
1208124,E0,2024,2024-11-09,brighton,manchester city,False
1208127,E0,2024,2024-11-09,liverpool,aston villa,False
1208128,E0,2024,2024-11-10,manchester united,leicester,False
1208130,E0,2024,2024-11-10,tottenham,ipswich,False
1208129,E0,2024,2024-11-10,nottingham forest,newcastle,False
1208125,E0,2024,2024-11-10,chelsea,arsenal,False
1208139,E0,2024,2024-11-23,leicester,chelsea,False
1208133,E0,2024,2024-11-23,bournemouth,brighton,False
1208137,E0,2024,2024-11-23,fulham,wolves,False
1208134,E0,2024,2024-11-23,arsenal,nottingham forest,False
1208136,E0,2024,2024-11-23,everton,brentford,False
1208135,E0,2024,2024-11-23,aston villa,crystal palace,False
1208140,E0,2024,2024-11-23,manchester city,tottenham,False
1208142,E0,2024,2024-11-24,southampton,liverpool,False
1208138,E0,2024,2024-11-24,ipswich,manchester united,False
1208141,E0,2024,2024-11-25,newcastle,west ham,False
1208144,E0,2024,2024-11-29,brighton,southampton,False
1208152,E0,2024,2024-11-30,wolves,bournemouth,False
1208146,E0,2024,2024-11-30,crystal palace,newcastle,False
1208143,E0,2024,2024-11-30,brentford,leicester,False
1208149,E0,2024,2024-11-30,nottingham forest,ipswich,False
1208151,E0,2024,2024-11-30,west ham,arsenal,False
1208148,E0,2024,2024-12-01,manchester united,everton,False
1208150,E0,2024,2024-12-01,tottenham,fulham,False
1208145,E0,2024,2024-12-01,chelsea,aston villa,False
1208147,E0,2024,2024-12-01,liverpool,manchester city,False
1208158,E0,2024,2024-12-03,ipswich,crystal palace,False
1208159,E0,2024,2024-12-03,leicester,west ham,False
1208161,E0,2024,2024-12-04,newcastle,liverpool,False
1208162,E0,2024,2024-12-04,southampton,chelsea,False
1208156,E0,2024,2024-12-04,everton,wolves,False
1208160,E0,2024,2024-12-04,manchester city,nottingham forest,False
1208154,E0,2024,2024-12-04,arsenal,manchester united,False
1208155,E0,2024,2024-12-04,aston villa,brentford,False
1208157,E0,2024,2024-12-05,fulham,brighton,False
1208153,E0,2024,2024-12-05,bournemouth,tottenham,False
1208165,E0,2024,2024-12-07,crystal palace,manchester city,False
1208164,E0,2024,2024-12-07,brentford,newcastle,False
1208163,E0,2024,2024-12-07,aston villa,southampton,False
1208170,E0,2024,2024-12-07,manchester united,nottingham forest,False
1208167,E0,2024,2024-12-08,fulham,arsenal,False
1208169,E0,2024,2024-12-08,leicester,brighton,False
1208168,E0,2024,2024-12-08,ipswich,bournemouth,False
1208171,E0,2024,2024-12-08,tottenham,chelsea,False
1208172,E0,2024,2024-12-09,west ham,wolves,False
1208179,E0,2024,2024-12-14,newcastle,leicester,False
1208182,E0,2024,2024-12-14,wolves,ipswich,False
1208177,E0,2024,2024-12-14,liverpool,fulham,False
1208174,E0,2024,2024-12-14,arsenal,everton,False
1208180,E0,2024,2024-12-14,nottingham forest,aston villa,False
1208175,E0,2024,2024-12-15,brighton,crystal palace,False
1208178,E0,2024,2024-12-15,manchester city,manchester united,False
1208181,E0,2024,2024-12-15,southampton,tottenham,False
1208176,E0,2024,2024-12-15,chelsea,brentford,False
1208173,E0,2024,2024-12-16,bournemouth,west ham,False
1208183,E0,2024,2024-12-21,aston villa,manchester city,False
1208192,E0,2024,2024-12-21,west ham,brighton,False
1208184,E0,2024,2024-12-21,brentford,nottingham forest,False
1208188,E0,2024,2024-12-21,ipswich,newcastle,False
1208185,E0,2024,2024-12-21,crystal palace,arsenal,False
1208190,E0,2024,2024-12-22,manchester united,bournemouth,False
1208187,E0,2024,2024-12-22,fulham,southampton,False
1208186,E0,2024,2024-12-22,everton,chelsea,False
1208189,E0,2024,2024-12-22,leicester,wolves,False
1208191,E0,2024,2024-12-22,tottenham,liverpool,False
1208198,E0,2024,2024-12-26,manchester city,everton,False
1208199,E0,2024,2024-12-26,newcastle,aston villa,False
1208193,E0,2024,2024-12-26,bournemouth,crystal palace,False
1208201,E0,2024,2024-12-26,southampton,west ham,False
1208196,E0,2024,2024-12-26,chelsea,fulham,False
1208200,E0,2024,2024-12-26,nottingham forest,tottenham,False
1208202,E0,2024,2024-12-26,wolves,manchester united,False
1208197,E0,2024,2024-12-26,liverpool,leicester,False
1208195,E0,2024,2024-12-27,brighton,brentford,False
1208194,E0,2024,2024-12-27,arsenal,ipswich,False
1208209,E0,2024,2024-12-29,leicester,manchester city,False
1208207,E0,2024,2024-12-29,fulham,bournemouth,False
1208206,E0,2024,2024-12-29,everton,nottingham forest,False
1208211,E0,2024,2024-12-29,tottenham,wolves,False
1208205,E0,2024,2024-12-29,crystal palace,southampton,False
1208212,E0,2024,2024-12-29,west ham,liverpool,False
1208208,E0,2024,2024-12-30,ipswich,chelsea,False
1208203,E0,2024,2024-12-30,aston villa,brighton,False
1208210,E0,2024,2024-12-30,manchester united,newcastle,False
1208204,E0,2024,2025-01-01,brentford,arsenal,False
1208221,E0,2024,2025-01-04,tottenham,newcastle,False
1208213,E0,2024,2025-01-04,bournemouth,everton,False
1208220,E0,2024,2025-01-04,southampton,brentford,False
1208219,E0,2024,2025-01-04,manchester city,west ham,False
1208216,E0,2024,2025-01-04,crystal palace,chelsea,False
1208214,E0,2024,2025-01-04,aston villa,leicester,False
1208215,E0,2024,2025-01-04,brighton,arsenal,False
1208217,E0,2024,2025-01-05,fulham,ipswich,False
1208218,E0,2024,2025-01-05,liverpool,manchester united,False
1208222,E0,2024,2025-01-06,wolves,nottingham forest,False
1208229,E0,2024,2025-01-14,west ham,fulham,False
1208230,E0,2024,2025-01-14,chelsea,bournemouth,False
1208224,E0,2024,2025-01-14,brentford,manchester city,False
1208228,E0,2024,2025-01-14,nottingham forest,liverpool,False
1208231,E0,2024,2025-01-15,newcastle,wolves,False
1208225,E0,2024,2025-01-15,everton,aston villa,False
1208227,E0,2024,2025-01-15,leicester,crystal palace,False
1208223,E0,2024,2025-01-15,arsenal,tottenham,False
1208226,E0,2024,2025-01-16,ipswich,brighton,False
1208232,E0,2024,2025-01-16,manchester united,southampton,False
1208240,E0,2024,2025-01-18,newcastle,bournemouth,False
1208238,E0,2024,2025-01-18,leicester,fulham,False
1208242,E0,2024,2025-01-18,west ham,crystal palace,False
1208234,E0,2024,2025-01-18,brentford,liverpool,False
1208233,E0,2024,2025-01-18,arsenal,aston villa,False
1208239,E0,2024,2025-01-19,manchester united,brighton,False
1208236,E0,2024,2025-01-19,everton,tottenham,False
1208241,E0,2024,2025-01-19,nottingham forest,southampton,False
1208237,E0,2024,2025-01-19,ipswich,manchester city,False
1208235,E0,2024,2025-01-20,chelsea,wolves,False
1208243,E0,2024,2025-01-25,bournemouth,nottingham forest,False
1208252,E0,2024,2025-01-25,wolves,arsenal,False
1208248,E0,2024,2025-01-25,liverpool,ipswich,False
1208250,E0,2024,2025-01-25,southampton,newcastle,False
1208245,E0,2024,2025-01-25,brighton,everton,False
1208249,E0,2024,2025-01-25,manchester city,chelsea,False
1208251,E0,2024,2025-01-26,tottenham,leicester,False
1208246,E0,2024,2025-01-26,crystal palace,brentford,False
1208244,E0,2024,2025-01-26,aston villa,west ham,False
1208247,E0,2024,2025-01-26,fulham,manchester united,False
1208261,E0,2024,2025-02-01,nottingham forest,brighton,False
1208260,E0,2024,2025-02-01,newcastle,fulham,False
1208253,E0,2024,2025-02-01,bournemouth,liverpool,False
1208257,E0,2024,2025-02-01,everton,leicester,False
1208258,E0,2024,2025-02-01,ipswich,southampton,False
1208262,E0,2024,2025-02-01,wolves,aston villa,False
1208259,E0,2024,2025-02-02,manchester united,crystal palace,False
1208255,E0,2024,2025-02-02,brentford,tottenham,False
1208254,E0,2024,2025-02-02,arsenal,manchester city,False
1208256,E0,2024,2025-02-03,chelsea,west ham,False
1208166,E0,2024,2025-02-12,everton,liverpool,False
1208264,E0,2024,2025-02-14,brighton,chelsea,False
1208267,E0,2024,2025-02-15,leicester,arsenal,False
1208266,E0,2024,2025-02-15,fulham,nottingham forest,False
1208270,E0,2024,2025-02-15,southampton,bournemouth,False
1208272,E0,2024,2025-02-15,west ham,brentford,False
1208269,E0,2024,2025-02-15,manchester city,newcastle,False
1208263,E0,2024,2025-02-15,aston villa,ipswich,False
1208265,E0,2024,2025-02-15,crystal palace,everton,False
1208268,E0,2024,2025-02-16,liverpool,wolves,False
1208271,E0,2024,2025-02-16,tottenham,manchester united,False
1208305,E0,2024,2025-02-19,aston villa,liverpool,False
1208279,E0,2024,2025-02-21,leicester,brentford,False
1208276,E0,2024,2025-02-22,everton,manchester united,False
1208273,E0,2024,2025-02-22,bournemouth,wolves,False
1208277,E0,2024,2025-02-22,fulham,crystal palace,False
1208282,E0,2024,2025-02-22,southampton,brighton,False
1208274,E0,2024,2025-02-22,arsenal,west ham,False
1208278,E0,2024,2025-02-22,ipswich,tottenham,False
1208275,E0,2024,2025-02-22,aston villa,chelsea,False
1208281,E0,2024,2025-02-23,newcastle,nottingham forest,False
1208280,E0,2024,2025-02-23,manchester city,liverpool,False
1208288,E0,2024,2025-02-25,wolves,fulham,False
1208284,E0,2024,2025-02-25,brighton,bournemouth,False
1208289,E0,2024,2025-02-25,crystal palace,aston villa,False
1208290,E0,2024,2025-02-25,chelsea,southampton,False
1208292,E0,2024,2025-02-26,manchester united,ipswich,False
1208286,E0,2024,2025-02-26,tottenham,manchester city,False
1208283,E0,2024,2025-02-26,brentford,everton,False
1208285,E0,2024,2025-02-26,nottingham forest,arsenal,False
1208291,E0,2024,2025-02-26,liverpool,newcastle,False
1208287,E0,2024,2025-02-27,west ham,leicester,False
1208299,E0,2024,2025-03-08,nottingham forest,manchester city,False
1208297,E0,2024,2025-03-08,liverpool,southampton,False
1208294,E0,2024,2025-03-08,brighton,fulham,False
1208296,E0,2024,2025-03-08,crystal palace,ipswich,False
1208293,E0,2024,2025-03-08,brentford,aston villa,False
1208302,E0,2024,2025-03-08,wolves,everton,False
1208300,E0,2024,2025-03-09,tottenham,bournemouth,False
1208295,E0,2024,2025-03-09,chelsea,leicester,False
1208298,E0,2024,2025-03-09,manchester united,arsenal,False
1208301,E0,2024,2025-03-10,west ham,newcastle,False
1208312,E0,2024,2025-03-15,southampton,wolves,False
1208306,E0,2024,2025-03-15,everton,west ham,False
1208310,E0,2024,2025-03-15,manchester city,brighton,False
1208308,E0,2024,2025-03-15,ipswich,nottingham forest,False
1208303,E0,2024,2025-03-15,bournemouth,brentford,False
1208307,E0,2024,2025-03-16,fulham,tottenham,False
1208304,E0,2024,2025-03-16,arsenal,chelsea,False
1208309,E0,2024,2025-03-16,leicester,manchester united,False
1208317,E0,2024,2025-04-01,wolves,west ham,False
1208314,E0,2024,2025-04-01,arsenal,fulham,False
1208316,E0,2024,2025-04-01,nottingham forest,manchester united,False
1208320,E0,2024,2025-04-02,newcastle,brentford,False
1208313,E0,2024,2025-04-02,bournemouth,ipswich,False
1208321,E0,2024,2025-04-02,southampton,crystal palace,False
1208319,E0,2024,2025-04-02,manchester city,leicester,False
1208315,E0,2024,2025-04-02,brighton,aston villa,False
1208322,E0,2024,2025-04-02,liverpool,everton,False
1208318,E0,2024,2025-04-03,chelsea,tottenham,False
1208326,E0,2024,2025-04-05,everton,arsenal,False
1208332,E0,2024,2025-04-05,west ham,bournemouth,False
1208325,E0,2024,2025-04-05,crystal palace,brighton,False
1208328,E0,2024,2025-04-05,ipswich,wolves,False
1208323,E0,2024,2025-04-05,aston villa,nottingham forest,False
1208327,E0,2024,2025-04-06,fulham,liverpool,False
1208331,E0,2024,2025-04-06,tottenham,southampton,False
1208324,E0,2024,2025-04-06,brentford,chelsea,False
1208330,E0,2024,2025-04-06,manchester united,manchester city,False
1208329,E0,2024,2025-04-07,leicester,newcastle,False
1208338,E0,2024,2025-04-12,manchester city,crystal palace,False
1208341,E0,2024,2025-04-12,southampton,aston villa,False
1208335,E0,2024,2025-04-12,brighton,leicester,False
1208340,E0,2024,2025-04-12,nottingham forest,everton,False
1208334,E0,2024,2025-04-12,arsenal,brentford,False
1208342,E0,2024,2025-04-13,wolves,tottenham,False
1208337,E0,2024,2025-04-13,liverpool,west ham,False
1208336,E0,2024,2025-04-13,chelsea,ipswich,False
1208339,E0,2024,2025-04-13,newcastle,manchester united,False
1208333,E0,2024,2025-04-14,bournemouth,fulham,False
1208311,E0,2024,2025-04-16,newcastle,crystal palace,False
1208346,E0,2024,2025-04-19,everton,manchester city,False
1208352,E0,2024,2025-04-19,west ham,southampton,False
1208345,E0,2024,2025-04-19,crystal palace,bournemouth,False
1208344,E0,2024,2025-04-19,brentford,brighton,False
1208343,E0,2024,2025-04-19,aston villa,newcastle,False
1208350,E0,2024,2025-04-20,manchester united,wolves,False
1208347,E0,2024,2025-04-20,fulham,chelsea,False
1208348,E0,2024,2025-04-20,ipswich,arsenal,False
1208349,E0,2024,2025-04-20,leicester,liverpool,False
1208351,E0,2024,2025-04-21,tottenham,nottingham forest,False
1208358,E0,2024,2025-04-22,manchester city,aston villa,False
1208354,E0,2024,2025-04-23,arsenal,crystal palace,False
1208356,E0,2024,2025-04-26,chelsea,everton,False
1208359,E0,2024,2025-04-26,newcastle,ipswich,False
1208362,E0,2024,2025-04-26,wolves,leicester,False
1208361,E0,2024,2025-04-26,southampton,fulham,False
1208355,E0,2024,2025-04-26,brighton,west ham,False
1208353,E0,2024,2025-04-27,bournemouth,manchester united,False
1208357,E0,2024,2025-04-27,liverpool,tottenham,False
1208360,E0,2024,2025-05-01,nottingham forest,brentford,False
1208371,E0,2024,2025-05-02,manchester city,wolves,False
1208364,E0,2024,2025-05-03,aston villa,fulham,False
1208369,E0,2024,2025-05-03,everton,ipswich,False
1208370,E0,2024,2025-05-03,leicester,southampton,False
1208363,E0,2024,2025-05-03,arsenal,bournemouth,False
1208372,E0,2024,2025-05-04,west ham,tottenham,False
1208366,E0,2024,2025-05-04,brighton,newcastle,False
1208365,E0,2024,2025-05-04,brentford,manchester united,False
1208367,E0,2024,2025-05-04,chelsea,liverpool,False
1208368,E0,2024,2025-05-05,crystal palace,nottingham forest,False
1208374,E0,2024,2025-05-10,fulham,everton,False
1208382,E0,2024,2025-05-10,wolves,brighton,False
1208380,E0,2024,2025-05-10,southampton,manchester city,False
1208375,E0,2024,2025-05-10,ipswich,brentford,False
1208373,E0,2024,2025-05-10,bournemouth,aston villa,False
1208378,E0,2024,2025-05-11,newcastle,chelsea,False
1208377,E0,2024,2025-05-11,manchester united,west ham,False
1208381,E0,2024,2025-05-11,tottenham,crystal palace,False
1208379,E0,2024,2025-05-11,nottingham forest,leicester,False
1208376,E0,2024,2025-05-11,liverpool,arsenal,False
1208384,E0,2024,2025-05-16,aston villa,tottenham,False
1208387,E0,2024,2025-05-16,chelsea,manchester united,False
1208389,E0,2024,2025-05-18,everton,southampton,False
1208392,E0,2024,2025-05-18,west ham,nottingham forest,False
1208390,E0,2024,2025-05-18,leicester,ipswich,False
1208385,E0,2024,2025-05-18,brentford,fulham,False
1208383,E0,2024,2025-05-18,arsenal,newcastle,False
1208386,E0,2024,2025-05-19,brighton,liverpool,False
1208391,E0,2024,2025-05-20,manchester city,bournemouth,False
1208388,E0,2024,2025-05-20,crystal palace,wolves,False
1208397,E0,2024,2025-05-25,manchester united,aston villa,False
1208398,E0,2024,2025-05-25,newcastle,everton,False
1208393,E0,2024,2025-05-25,bournemouth,leicester,False
1208394,E0,2024,2025-05-25,fulham,manchester city,False
1208402,E0,2024,2025-05-25,wolves,brentford,False
1208396,E0,2024,2025-05-25,liverpool,crystal palace,False
1208400,E0,2024,2025-05-25,southampton,arsenal,False
1208401,E0,2024,2025-05-25,tottenham,brighton,False
1208395,E0,2024,2025-05-25,ipswich,west ham,False
1208399,E0,2024,2025-05-25,nottingham forest,chelsea,False
871164,D1,2022,2022-08-05,eintracht frankfurt,bayern munich,False
871169,D1,2022,2022-08-06,vfl wolfsburg,werder bremen,False
871168,D1,2022,2022-08-06,borussia monchengladbach,1899 hoffenheim,False
871171,D1,2022,2022-08-06,fc augsburg,sc freiburg,False
871170,D1,2022,2022-08-06,vfl bochum,fsv mainz 05,False
871166,D1,2022,2022-08-06,union berlin,hertha berlin,False
871165,D1,2022,2022-08-06,borussia dortmund,bayer leverkusen,False
871172,D1,2022,2022-08-07,vfb stuttgart,rb leipzig,False
871167,D1,2022,2022-08-07,1. fc köln,fc schalke 04,False
871176,D1,2022,2022-08-12,sc freiburg,borussia dortmund,False
871179,D1,2022,2022-08-13,hertha berlin,eintracht frankfurt,False
871181,D1,2022,2022-08-13,werder bremen,vfb stuttgart,False
871178,D1,2022,2022-08-13,1899 hoffenheim,vfl bochum,False
871174,D1,2022,2022-08-13,bayer leverkusen,fc augsburg,False
871175,D1,2022,2022-08-13,rb leipzig,1. fc köln,False
871180,D1,2022,2022-08-13,fc schalke 04,borussia monchengladbach,False
871177,D1,2022,2022-08-14,fsv mainz 05,union berlin,False
871173,D1,2022,2022-08-14,bayern munich,vfl wolfsburg,False
871185,D1,2022,2022-08-19,borussia monchengladbach,hertha berlin,False
871187,D1,2022,2022-08-20,vfl wolfsburg,fc schalke 04,False
871182,D1,2022,2022-08-20,borussia dortmund,werder bremen,False
871183,D1,2022,2022-08-20,bayer leverkusen,1899 hoffenheim,False
871189,D1,2022,2022-08-20,fc augsburg,fsv mainz 05,False
871190,D1,2022,2022-08-20,vfb stuttgart,sc freiburg,False
871184,D1,2022,2022-08-20,union berlin,rb leipzig,False
871186,D1,2022,2022-08-21,eintracht frankfurt,1. fc köln,False
871188,D1,2022,2022-08-21,vfl bochum,bayern munich,False
871193,D1,2022,2022-08-26,sc freiburg,vfl bochum,False
871197,D1,2022,2022-08-27,hertha berlin,borussia dortmund,False
871195,D1,2022,2022-08-27,fsv mainz 05,bayer leverkusen,False
871196,D1,2022,2022-08-27,1899 hoffenheim,fc augsburg,False
871192,D1,2022,2022-08-27,rb leipzig,vfl wolfsburg,False
871198,D1,2022,2022-08-27,fc schalke 04,union berlin,False
871191,D1,2022,2022-08-27,bayern munich,borussia monchengladbach,False
871194,D1,2022,2022-08-28,1. fc köln,vfb stuttgart,False
871199,D1,2022,2022-08-28,werder bremen,eintracht frankfurt,False
871200,D1,2022,2022-09-02,borussia dortmund,1899 hoffenheim,False
871205,D1,2022,2022-09-03,vfl wolfsburg,1. fc köln,False
871201,D1,2022,2022-09-03,bayer leverkusen,sc freiburg,False
871208,D1,2022,2022-09-03,vfb stuttgart,fc schalke 04,False
871206,D1,2022,2022-09-03,vfl bochum,werder bremen,False
871202,D1,2022,2022-09-03,union berlin,bayern munich,False
871204,D1,2022,2022-09-03,eintracht frankfurt,rb leipzig,False
871207,D1,2022,2022-09-04,fc augsburg,hertha berlin,False
871203,D1,2022,2022-09-04,borussia monchengladbach,fsv mainz 05,False
871217,D1,2022,2022-09-09,werder bremen,fc augsburg,False
871209,D1,2022,2022-09-10,bayern munich,vfb stuttgart,False
871215,D1,2022,2022-09-10,hertha berlin,bayer leverkusen,False
871213,D1,2022,2022-09-10,1899 hoffenheim,fsv mainz 05,False
871214,D1,2022,2022-09-10,eintracht frankfurt,vfl wolfsburg,False
871210,D1,2022,2022-09-10,rb leipzig,borussia dortmund,False
871216,D1,2022,2022-09-10,fc schalke 04,vfl bochum,False
871212,D1,2022,2022-09-11,1. fc köln,union berlin,False
871211,D1,2022,2022-09-11,sc freiburg,borussia monchengladbach,False
871222,D1,2022,2022-09-16,fsv mainz 05,hertha berlin,False
871226,D1,2022,2022-09-17,borussia dortmund,fc schalke 04,False
871220,D1,2022,2022-09-17,bayer leverkusen,werder bremen,False
871218,D1,2022,2022-09-17,fc augsburg,bayern munich,False
871225,D1,2022,2022-09-17,vfb stuttgart,eintracht frankfurt,False
871219,D1,2022,2022-09-17,borussia monchengladbach,rb leipzig,False
871221,D1,2022,2022-09-18,union berlin,vfl wolfsburg,False
871223,D1,2022,2022-09-18,vfl bochum,1. fc köln,False
871224,D1,2022,2022-09-18,1899 hoffenheim,sc freiburg,False
871227,D1,2022,2022-09-30,bayern munich,bayer leverkusen,False
871229,D1,2022,2022-10-01,sc freiburg,fsv mainz 05,False
871232,D1,2022,2022-10-01,vfl wolfsburg,vfb stuttgart,False
871231,D1,2022,2022-10-01,eintracht frankfurt,union berlin,False
871228,D1,2022,2022-10-01,rb leipzig,vfl bochum,False
871230,D1,2022,2022-10-01,1. fc köln,borussia dortmund,False
871235,D1,2022,2022-10-01,werder bremen,borussia monchengladbach,False
871233,D1,2022,2022-10-02,hertha berlin,1899 hoffenheim,False
871234,D1,2022,2022-10-02,fc schalke 04,fc augsburg,False
871239,D1,2022,2022-10-07,1899 hoffenheim,werder bremen,False
871238,D1,2022,2022-10-08,fsv mainz 05,rb leipzig,False
871237,D1,2022,2022-10-08,bayer leverkusen,fc schalke 04,False
871242,D1,2022,2022-10-08,fc augsburg,vfl wolfsburg,False
871241,D1,2022,2022-10-08,vfl bochum,eintracht frankfurt,False
871236,D1,2022,2022-10-08,borussia dortmund,bayern munich,False
871240,D1,2022,2022-10-09,borussia monchengladbach,1. fc köln,False
871244,D1,2022,2022-10-09,hertha berlin,sc freiburg,False
871243,D1,2022,2022-10-09,vfb stuttgart,union berlin,False
871252,D1,2022,2022-10-14,fc schalke 04,1899 hoffenheim,False
871250,D1,2022,2022-10-15,vfl wolfsburg,borussia monchengladbach,False
871253,D1,2022,2022-10-15,werder bremen,fsv mainz 05,False
871249,D1,2022,2022-10-15,eintracht frankfurt,bayer leverkusen,False
871251,D1,2022,2022-10-15,vfb stuttgart,vfl bochum,False
871246,D1,2022,2022-10-15,rb leipzig,hertha berlin,False
871248,D1,2022,2022-10-16,1. fc köln,fc augsburg,False
871247,D1,2022,2022-10-16,union berlin,borussia dortmund,False
871245,D1,2022,2022-10-16,bayern munich,sc freiburg,False
871257,D1,2022,2022-10-21,fsv mainz 05,1. fc köln,False
871256,D1,2022,2022-10-22,sc freiburg,werder bremen,False
871254,D1,2022,2022-10-22,borussia dortmund,vfb stuttgart,False
871258,D1,2022,2022-10-22,1899 hoffenheim,bayern munich,False
871255,D1,2022,2022-10-22,bayer leverkusen,vfl wolfsburg,False
871261,D1,2022,2022-10-22,fc augsburg,rb leipzig,False
871259,D1,2022,2022-10-22,borussia monchengladbach,eintracht frankfurt,False
871260,D1,2022,2022-10-23,vfl bochum,union berlin,False
871262,D1,2022,2022-10-23,hertha berlin,fc schalke 04,False
871271,D1,2022,2022-10-28,werder bremen,hertha berlin,False
871263,D1,2022,2022-10-29,bayern munich,fsv mainz 05,False
871268,D1,2022,2022-10-29,vfl wolfsburg,vfl bochum,False
871269,D1,2022,2022-10-29,vfb stuttgart,fc augsburg,False
871264,D1,2022,2022-10-29,rb leipzig,bayer leverkusen,False
871267,D1,2022,2022-10-29,eintracht frankfurt,borussia dortmund,False
871265,D1,2022,2022-10-30,union berlin,borussia monchengladbach,False
871270,D1,2022,2022-10-30,fc schalke 04,sc freiburg,False
871266,D1,2022,2022-10-30,1. fc köln,1899 hoffenheim,False
871277,D1,2022,2022-11-04,borussia monchengladbach,vfb stuttgart,False
871279,D1,2022,2022-11-05,hertha berlin,bayern munich,False
871275,D1,2022,2022-11-05,fsv mainz 05,vfl wolfsburg,False
871272,D1,2022,2022-11-05,borussia dortmund,vfl bochum,False
871276,D1,2022,2022-11-05,1899 hoffenheim,rb leipzig,False
871278,D1,2022,2022-11-05,fc augsburg,eintracht frankfurt,False
871280,D1,2022,2022-11-05,werder bremen,fc schalke 04,False
871273,D1,2022,2022-11-06,bayer leverkusen,union berlin,False
871274,D1,2022,2022-11-06,sc freiburg,1. fc köln,False
871286,D1,2022,2022-11-08,vfl wolfsburg,borussia dortmund,False
871281,D1,2022,2022-11-08,bayern munich,werder bremen,False
871288,D1,2022,2022-11-08,vfb stuttgart,hertha berlin,False
871287,D1,2022,2022-11-08,vfl bochum,borussia monchengladbach,False
871284,D1,2022,2022-11-09,1. fc köln,bayer leverkusen,False
871285,D1,2022,2022-11-09,eintracht frankfurt,1899 hoffenheim,False
871282,D1,2022,2022-11-09,rb leipzig,sc freiburg,False
871289,D1,2022,2022-11-09,fc schalke 04,fsv mainz 05,False
871283,D1,2022,2022-11-09,union berlin,fc augsburg,False
871294,D1,2022,2022-11-11,borussia monchengladbach,borussia dortmund,False
871296,D1,2022,2022-11-12,hertha berlin,1. fc köln,False
871298,D1,2022,2022-11-12,werder bremen,rb leipzig,False
871293,D1,2022,2022-11-12,1899 hoffenheim,vfl wolfsburg,False
871290,D1,2022,2022-11-12,bayer leverkusen,vfb stuttgart,False
871295,D1,2022,2022-11-12,fc augsburg,vfl bochum,False
871297,D1,2022,2022-11-12,fc schalke 04,bayern munich,False
871292,D1,2022,2022-11-13,fsv mainz 05,eintracht frankfurt,False
871291,D1,2022,2022-11-13,sc freiburg,union berlin,False
871300,D1,2022,2023-01-20,rb leipzig,bayern munich,False
871305,D1,2022,2023-01-21,vfl wolfsburg,sc freiburg,False
871304,D1,2022,2023-01-21,eintracht frankfurt,fc schalke 04,False
871307,D1,2022,2023-01-21,vfb stuttgart,fsv mainz 05,False
871306,D1,2022,2023-01-21,vfl bochum,hertha berlin,False
871301,D1,2022,2023-01-21,union berlin,1899 hoffenheim,False
871302,D1,2022,2023-01-21,1. fc köln,werder bremen,False
871299,D1,2022,2023-01-22,borussia dortmund,fc augsburg,False
871303,D1,2022,2023-01-22,borussia monchengladbach,bayer leverkusen,False
871315,D1,2022,2023-01-24,fc schalke 04,rb leipzig,False
871308,D1,2022,2023-01-24,bayern munich,1. fc köln,False
871314,D1,2022,2023-01-24,hertha berlin,vfl wolfsburg,False
871312,D1,2022,2023-01-24,1899 hoffenheim,vfb stuttgart,False
871311,D1,2022,2023-01-25,fsv mainz 05,borussia dortmund,False
871310,D1,2022,2023-01-25,sc freiburg,eintracht frankfurt,False
871316,D1,2022,2023-01-25,werder bremen,union berlin,False
871309,D1,2022,2023-01-25,bayer leverkusen,vfl bochum,False
871313,D1,2022,2023-01-25,fc augsburg,borussia monchengladbach,False
871319,D1,2022,2023-01-27,rb leipzig,vfb stuttgart,False
871323,D1,2022,2023-01-28,hertha berlin,union berlin,False
871320,D1,2022,2023-01-28,sc freiburg,fc augsburg,False
871325,D1,2022,2023-01-28,werder bremen,vfl wolfsburg,False
871321,D1,2022,2023-01-28,fsv mainz 05,vfl bochum,False
871322,D1,2022,2023-01-28,1899 hoffenheim,borussia monchengladbach,False
871317,D1,2022,2023-01-28,bayern munich,eintracht frankfurt,False
871324,D1,2022,2023-01-29,fc schalke 04,1. fc köln,False
871318,D1,2022,2023-01-29,bayer leverkusen,borussia dortmund,False
871333,D1,2022,2023-02-03,fc augsburg,bayer leverkusen,False
871326,D1,2022,2023-02-04,borussia dortmund,sc freiburg,False
871330,D1,2022,2023-02-04,eintracht frankfurt,hertha berlin,False
871332,D1,2022,2023-02-04,vfl bochum,1899 hoffenheim,False
871327,D1,2022,2023-02-04,union berlin,fsv mainz 05,False
871328,D1,2022,2023-02-04,1. fc köln,rb leipzig,False
871329,D1,2022,2023-02-04,borussia monchengladbach,fc schalke 04,False
871334,D1,2022,2023-02-05,vfb stuttgart,werder bremen,False
871331,D1,2022,2023-02-05,vfl wolfsburg,bayern munich,False
871342,D1,2022,2023-02-10,fc schalke 04,vfl wolfsburg,False
871335,D1,2022,2023-02-11,bayern munich,vfl bochum,False
871337,D1,2022,2023-02-11,sc freiburg,vfb stuttgart,False
871343,D1,2022,2023-02-11,werder bremen,borussia dortmund,False
871339,D1,2022,2023-02-11,fsv mainz 05,fc augsburg,False
871340,D1,2022,2023-02-11,1899 hoffenheim,bayer leverkusen,False
871336,D1,2022,2023-02-11,rb leipzig,union berlin,False
871341,D1,2022,2023-02-12,hertha berlin,borussia monchengladbach,False
871338,D1,2022,2023-02-12,1. fc köln,eintracht frankfurt,False
871351,D1,2022,2023-02-17,fc augsburg,1899 hoffenheim,False
871349,D1,2022,2023-02-18,vfl wolfsburg,rb leipzig,False
871347,D1,2022,2023-02-18,borussia monchengladbach,bayern munich,False
871352,D1,2022,2023-02-18,vfb stuttgart,1. fc köln,False
871350,D1,2022,2023-02-18,vfl bochum,sc freiburg,False
871348,D1,2022,2023-02-18,eintracht frankfurt,werder bremen,False
871346,D1,2022,2023-02-19,union berlin,fc schalke 04,False
871344,D1,2022,2023-02-19,borussia dortmund,hertha berlin,False
871345,D1,2022,2023-02-19,bayer leverkusen,fsv mainz 05,False
871357,D1,2022,2023-02-24,fsv mainz 05,borussia monchengladbach,False
871359,D1,2022,2023-02-25,hertha berlin,fc augsburg,False
871361,D1,2022,2023-02-25,werder bremen,vfl bochum,False
871358,D1,2022,2023-02-25,1899 hoffenheim,borussia dortmund,False
871354,D1,2022,2023-02-25,rb leipzig,eintracht frankfurt,False
871356,D1,2022,2023-02-25,1. fc köln,vfl wolfsburg,False
871360,D1,2022,2023-02-25,fc schalke 04,vfb stuttgart,False
871355,D1,2022,2023-02-26,sc freiburg,bayer leverkusen,False
871353,D1,2022,2023-02-26,bayern munich,union berlin,False
871362,D1,2022,2023-03-03,borussia dortmund,rb leipzig,False
871366,D1,2022,2023-03-04,borussia monchengladbach,sc freiburg,False
871365,D1,2022,2023-03-04,fsv mainz 05,1899 hoffenheim,False
871369,D1,2022,2023-03-04,fc augsburg,werder bremen,False
871368,D1,2022,2023-03-04,vfl bochum,fc schalke 04,False
871364,D1,2022,2023-03-04,union berlin,1. fc köln,False
871370,D1,2022,2023-03-04,vfb stuttgart,bayern munich,False
871363,D1,2022,2023-03-05,bayer leverkusen,hertha berlin,False
871367,D1,2022,2023-03-05,vfl wolfsburg,eintracht frankfurt,False
871374,D1,2022,2023-03-10,1. fc köln,vfl bochum,False
871371,D1,2022,2023-03-11,bayern munich,fc augsburg,False
871377,D1,2022,2023-03-11,hertha berlin,fsv mainz 05,False
871375,D1,2022,2023-03-11,eintracht frankfurt,vfb stuttgart,False
871372,D1,2022,2023-03-11,rb leipzig,borussia monchengladbach,False
871378,D1,2022,2023-03-11,fc schalke 04,borussia dortmund,False
871373,D1,2022,2023-03-12,sc freiburg,1899 hoffenheim,False
871379,D1,2022,2023-03-12,werder bremen,bayer leverkusen,False
871376,D1,2022,2023-03-12,vfl wolfsburg,union berlin,False
871385,D1,2022,2023-03-17,borussia monchengladbach,werder bremen,False
871384,D1,2022,2023-03-18,1899 hoffenheim,hertha berlin,False
871387,D1,2022,2023-03-18,fc augsburg,fc schalke 04,False
871388,D1,2022,2023-03-18,vfb stuttgart,vfl wolfsburg,False
871386,D1,2022,2023-03-18,vfl bochum,rb leipzig,False
871380,D1,2022,2023-03-18,borussia dortmund,1. fc köln,False
871382,D1,2022,2023-03-19,union berlin,eintracht frankfurt,False
871381,D1,2022,2023-03-19,bayer leverkusen,bayern munich,False
871383,D1,2022,2023-03-19,fsv mainz 05,sc freiburg,False
871394,D1,2022,2023-03-31,eintracht frankfurt,vfl bochum,False
871392,D1,2022,2023-04-01,sc freiburg,hertha berlin,False
871395,D1,2022,2023-04-01,vfl wolfsburg,fc augsburg,False
871390,D1,2022,2023-04-01,rb leipzig,fsv mainz 05,False
871396,D1,2022,2023-04-01,fc schalke 04,bayer leverkusen,False
871391,D1,2022,2023-04-01,union berlin,vfb stuttgart,False
871389,D1,2022,2023-04-01,bayern munich,borussia dortmund,False
871393,D1,2022,2023-04-02,1. fc köln,borussia monchengladbach,False
871397,D1,2022,2023-04-02,werder bremen,1899 hoffenheim,False
871400,D1,2022,2023-04-08,sc freiburg,bayern munich,False
871401,D1,2022,2023-04-08,fsv mainz 05,werder bremen,False
871398,D1,2022,2023-04-08,borussia dortmund,union berlin,False
871399,D1,2022,2023-04-08,bayer leverkusen,eintracht frankfurt,False
871405,D1,2022,2023-04-08,fc augsburg,1. fc köln,False
871406,D1,2022,2023-04-08,hertha berlin,rb leipzig,False
871403,D1,2022,2023-04-09,borussia monchengladbach,vfl wolfsburg,False
871404,D1,2022,2023-04-09,vfl bochum,vfb stuttgart,False
871402,D1,2022,2023-04-09,1899 hoffenheim,fc schalke 04,False
871414,D1,2022,2023-04-14,fc schalke 04,hertha berlin,False
871407,D1,2022,2023-04-15,bayern munich,1899 hoffenheim,False
871413,D1,2022,2023-04-15,vfb stuttgart,borussia dortmund,False
871408,D1,2022,2023-04-15,rb leipzig,fc augsburg,False
871410,D1,2022,2023-04-15,1. fc köln,fsv mainz 05,False
871411,D1,2022,2023-04-15,eintracht frankfurt,borussia monchengladbach,False
871415,D1,2022,2023-04-16,werder bremen,sc freiburg,False
871409,D1,2022,2023-04-16,union berlin,vfl bochum,False
871412,D1,2022,2023-04-16,vfl wolfsburg,bayer leverkusen,False
871423,D1,2022,2023-04-21,fc augsburg,vfb stuttgart,False
871424,D1,2022,2023-04-22,hertha berlin,werder bremen,False
871419,D1,2022,2023-04-22,fsv mainz 05,bayern munich,False
871420,D1,2022,2023-04-22,1899 hoffenheim,1. fc köln,False
871422,D1,2022,2023-04-22,vfl bochum,vfl wolfsburg,False
871416,D1,2022,2023-04-22,borussia dortmund,eintracht frankfurt,False
871418,D1,2022,2023-04-23,sc freiburg,fc schalke 04,False
871417,D1,2022,2023-04-23,bayer leverkusen,rb leipzig,False
871421,D1,2022,2023-04-23,borussia monchengladbach,union berlin,False
871431,D1,2022,2023-04-28,vfl bochum,borussia dortmund,False
871429,D1,2022,2023-04-29,eintracht frankfurt,fc augsburg,False
871432,D1,2022,2023-04-29,vfb stuttgart,borussia monchengladbach,False
871426,D1,2022,2023-04-29,rb leipzig,1899 hoffenheim,False
871427,D1,2022,2023-04-29,union berlin,bayer leverkusen,False
871428,D1,2022,2023-04-29,1. fc köln,sc freiburg,False
871433,D1,2022,2023-04-29,fc schalke 04,werder bremen,False
871425,D1,2022,2023-04-30,bayern munich,hertha berlin,False
871430,D1,2022,2023-04-30,vfl wolfsburg,fsv mainz 05,False
871437,D1,2022,2023-05-05,fsv mainz 05,fc schalke 04,False
871435,D1,2022,2023-05-05,bayer leverkusen,1. fc köln,False
871441,D1,2022,2023-05-06,hertha berlin,vfb stuttgart,False
871436,D1,2022,2023-05-06,sc freiburg,rb leipzig,False
871439,D1,2022,2023-05-06,borussia monchengladbach,vfl bochum,False
871438,D1,2022,2023-05-06,1899 hoffenheim,eintracht frankfurt,False
871440,D1,2022,2023-05-06,fc augsburg,union berlin,False
871442,D1,2022,2023-05-06,werder bremen,bayern munich,False
871434,D1,2022,2023-05-07,borussia dortmund,vfl wolfsburg,False
871447,D1,2022,2023-05-12,1. fc köln,hertha berlin,False
871443,D1,2022,2023-05-13,bayern munich,fc schalke 04,False
871449,D1,2022,2023-05-13,vfl wolfsburg,1899 hoffenheim,False
871448,D1,2022,2023-05-13,eintracht frankfurt,fsv mainz 05,False
871450,D1,2022,2023-05-13,vfl bochum,fc augsburg,False
871446,D1,2022,2023-05-13,union berlin,sc freiburg,False
871444,D1,2022,2023-05-13,borussia dortmund,borussia monchengladbach,False
871451,D1,2022,2023-05-14,vfb stuttgart,bayer leverkusen,False
871445,D1,2022,2023-05-14,rb leipzig,werder bremen,False
871454,D1,2022,2023-05-19,sc freiburg,vfl wolfsburg,False
871458,D1,2022,2023-05-20,hertha berlin,vfl bochum,False
871460,D1,2022,2023-05-20,werder bremen,1. fc köln,False
871456,D1,2022,2023-05-20,1899 hoffenheim,union berlin,False
871459,D1,2022,2023-05-20,fc schalke 04,eintracht frankfurt,False
871452,D1,2022,2023-05-20,bayern munich,rb leipzig,False
871455,D1,2022,2023-05-21,fsv mainz 05,vfb stuttgart,False
871457,D1,2022,2023-05-21,fc augsburg,borussia dortmund,False
871453,D1,2022,2023-05-21,bayer leverkusen,borussia monchengladbach,False
871467,D1,2022,2023-05-27,vfl wolfsburg,hertha berlin,False
871465,D1,2022,2023-05-27,borussia monchengladbach,fc augsburg,False
871461,D1,2022,2023-05-27,borussia dortmund,fsv mainz 05,False
871466,D1,2022,2023-05-27,eintracht frankfurt,sc freiburg,False
871469,D1,2022,2023-05-27,vfb stuttgart,1899 hoffenheim,False
871462,D1,2022,2023-05-27,rb leipzig,fc schalke 04,False
871468,D1,2022,2023-05-27,vfl bochum,bayer leverkusen,False
871463,D1,2022,2023-05-27,union berlin,werder bremen,False
871464,D1,2022,2023-05-27,1. fc köln,bayern munich,False
1029007,D1,2022,2023-06-01,vfb stuttgart,hamburger sv,False
1029008,D1,2022,2023-06-05,hamburger sv,vfb stuttgart,False
1048881,D1,2023,2023-08-18,werder bremen,bayern munich,False
1048886,D1,2023,2023-08-19,vfl wolfsburg,fc heidenheim,False
1048887,D1,2023,2023-08-19,1899 hoffenheim,sc freiburg,False
1048884,D1,2023,2023-08-19,bayer leverkusen,rb leipzig,False
1048888,D1,2023,2023-08-19,fc augsburg,borussia monchengladbach,False
1048889,D1,2023,2023-08-19,vfb stuttgart,vfl bochum,False
1048882,D1,2023,2023-08-19,borussia dortmund,1. fc köln,False
1048883,D1,2023,2023-08-20,union berlin,fsv mainz 05,False
1048885,D1,2023,2023-08-20,eintracht frankfurt,sv darmstadt 98,False
1048891,D1,2023,2023-08-25,rb leipzig,vfb stuttgart,False
1048892,D1,2023,2023-08-26,sc freiburg,werder bremen,False
1048896,D1,2023,2023-08-26,vfl bochum,borussia dortmund,False
1048897,D1,2023,2023-08-26,fc heidenheim,1899 hoffenheim,False
1048898,D1,2023,2023-08-26,sv darmstadt 98,union berlin,False
1048895,D1,2023,2023-08-26,1. fc köln,vfl wolfsburg,False
1048894,D1,2023,2023-08-26,borussia monchengladbach,bayer leverkusen,False
1048893,D1,2023,2023-08-27,fsv mainz 05,eintracht frankfurt,False
1048890,D1,2023,2023-08-27,bayern munich,fc augsburg,False
1048899,D1,2023,2023-09-01,borussia dortmund,fc heidenheim,False
1048905,D1,2023,2023-09-02,werder bremen,fsv mainz 05,False
1048904,D1,2023,2023-09-02,1899 hoffenheim,vfl wolfsburg,False
1048901,D1,2023,2023-09-02,bayer leverkusen,sv darmstadt 98,False
1048906,D1,2023,2023-09-02,fc augsburg,vfl bochum,False
1048907,D1,2023,2023-09-02,vfb stuttgart,sc freiburg,False
1048903,D1,2023,2023-09-02,borussia monchengladbach,bayern munich,False
1048902,D1,2023,2023-09-03,eintracht frankfurt,1. fc köln,False
1048900,D1,2023,2023-09-03,union berlin,rb leipzig,False
1048908,D1,2023,2023-09-15,bayern munich,bayer leverkusen,False
1048910,D1,2023,2023-09-16,sc freiburg,borussia dortmund,False
1048911,D1,2023,2023-09-16,vfl wolfsburg,union berlin,False
1048912,D1,2023,2023-09-16,fsv mainz 05,vfb stuttgart,False
1048909,D1,2023,2023-09-16,rb leipzig,fc augsburg,False
1048913,D1,2023,2023-09-16,1. fc köln,1899 hoffenheim,False
1048914,D1,2023,2023-09-16,vfl bochum,eintracht frankfurt,False
1048915,D1,2023,2023-09-17,fc heidenheim,werder bremen,False
1048916,D1,2023,2023-09-17,sv darmstadt 98,borussia monchengladbach,False
1048925,D1,2023,2023-09-22,vfb stuttgart,sv darmstadt 98,False
1048917,D1,2023,2023-09-23,bayern munich,vfl bochum,False
1048922,D1,2023,2023-09-23,borussia monchengladbach,rb leipzig,False
1048918,D1,2023,2023-09-23,borussia dortmund,vfl wolfsburg,False
1048924,D1,2023,2023-09-23,fc augsburg,fsv mainz 05,False
1048919,D1,2023,2023-09-23,union berlin,1899 hoffenheim,False
1048923,D1,2023,2023-09-23,werder bremen,1. fc köln,False
1048920,D1,2023,2023-09-24,bayer leverkusen,fc heidenheim,False
1048921,D1,2023,2023-09-24,eintracht frankfurt,sc freiburg,False
1048931,D1,2023,2023-09-29,1899 hoffenheim,borussia dortmund,False
1048928,D1,2023,2023-09-30,vfl wolfsburg,eintracht frankfurt,False
1048929,D1,2023,2023-09-30,fsv mainz 05,bayer leverkusen,False
1048932,D1,2023,2023-09-30,vfl bochum,borussia monchengladbach,False
1048933,D1,2023,2023-09-30,fc heidenheim,union berlin,False
1048930,D1,2023,2023-09-30,1. fc köln,vfb stuttgart,False
1048926,D1,2023,2023-09-30,rb leipzig,bayern munich,False
1048934,D1,2023,2023-10-01,sv darmstadt 98,werder bremen,False
1048927,D1,2023,2023-10-01,sc freiburg,fc augsburg,False
1048940,D1,2023,2023-10-06,borussia monchengladbach,fsv mainz 05,False
1048936,D1,2023,2023-10-07,borussia dortmund,union berlin,False
1048942,D1,2023,2023-10-07,fc augsburg,sv darmstadt 98,False
1048943,D1,2023,2023-10-07,vfb stuttgart,vfl wolfsburg,False
1048937,D1,2023,2023-10-07,rb leipzig,vfl bochum,False
1048941,D1,2023,2023-10-07,werder bremen,1899 hoffenheim,False
1048938,D1,2023,2023-10-08,bayer leverkusen,1. fc köln,False
1048935,D1,2023,2023-10-08,bayern munich,sc freiburg,False
1048939,D1,2023,2023-10-08,eintracht frankfurt,fc heidenheim,False
1048944,D1,2023,2023-10-20,borussia dortmund,werder bremen,False
1048946,D1,2023,2023-10-21,sc freiburg,vfl bochum,False
1048947,D1,2023,2023-10-21,vfl wolfsburg,bayer leverkusen,False
1048950,D1,2023,2023-10-21,1899 hoffenheim,eintracht frankfurt,False
1048952,D1,2023,2023-10-21,sv darmstadt 98,rb leipzig,False
1048945,D1,2023,2023-10-21,union berlin,vfb stuttgart,False
1048948,D1,2023,2023-10-21,fsv mainz 05,bayern munich,False
1048949,D1,2023,2023-10-22,1. fc köln,borussia monchengladbach,False
1048951,D1,2023,2023-10-22,fc heidenheim,fc augsburg,False
1048959,D1,2023,2023-10-27,vfl bochum,fsv mainz 05,False
1048953,D1,2023,2023-10-28,bayern munich,sv darmstadt 98,False
1048958,D1,2023,2023-10-28,werder bremen,union berlin,False
1048957,D1,2023,2023-10-28,borussia monchengladbach,fc heidenheim,False
1048960,D1,2023,2023-10-28,fc augsburg,vfl wolfsburg,False
1048961,D1,2023,2023-10-28,vfb stuttgart,1899 hoffenheim,False
1048954,D1,2023,2023-10-28,rb leipzig,1. fc köln,False
1048956,D1,2023,2023-10-29,eintracht frankfurt,borussia dortmund,False
1048955,D1,2023,2023-10-29,bayer leverkusen,sc freiburg,False
1048970,D1,2023,2023-11-03,sv darmstadt 98,vfl bochum,False
1048964,D1,2023,2023-11-04,sc freiburg,borussia monchengladbach,False
1048966,D1,2023,2023-11-04,fsv mainz 05,rb leipzig,False
1048968,D1,2023,2023-11-04,1899 hoffenheim,bayer leverkusen,False
1048963,D1,2023,2023-11-04,union berlin,eintracht frankfurt,False
1048967,D1,2023,2023-11-04,1. fc köln,fc augsburg,False
1048962,D1,2023,2023-11-04,borussia dortmund,bayern munich,False
1048965,D1,2023,2023-11-05,vfl wolfsburg,werder bremen,False
1048969,D1,2023,2023-11-05,fc heidenheim,vfb stuttgart,False
1048974,D1,2023,2023-11-10,borussia monchengladbach,vfl wolfsburg,False
1048971,D1,2023,2023-11-11,bayern munich,fc heidenheim,False
1048977,D1,2023,2023-11-11,fc augsburg,1899 hoffenheim,False
1048978,D1,2023,2023-11-11,vfb stuttgart,borussia dortmund,False
1048979,D1,2023,2023-11-11,sv darmstadt 98,fsv mainz 05,False
1048976,D1,2023,2023-11-11,vfl bochum,1. fc köln,False
1048973,D1,2023,2023-11-12,bayer leverkusen,union berlin,False
1048975,D1,2023,2023-11-12,werder bremen,eintracht frankfurt,False
1048972,D1,2023,2023-11-12,rb leipzig,sc freiburg,False
1048985,D1,2023,2023-11-24,1. fc köln,bayern munich,False
1048982,D1,2023,2023-11-25,sc freiburg,sv darmstadt 98,False
1048984,D1,2023,2023-11-25,vfl wolfsburg,rb leipzig,False
1048987,D1,2023,2023-11-25,werder bremen,bayer leverkusen,False
1048980,D1,2023,2023-11-25,borussia dortmund,borussia monchengladbach,False
1048981,D1,2023,2023-11-25,union berlin,fc augsburg,False
1048983,D1,2023,2023-11-25,eintracht frankfurt,vfb stuttgart,False
1048988,D1,2023,2023-11-26,fc heidenheim,vfl bochum,False
1048986,D1,2023,2023-11-26,1899 hoffenheim,fsv mainz 05,False
1048997,D1,2023,2023-12-01,sv darmstadt 98,1. fc köln,False
1048993,D1,2023,2023-12-02,borussia monchengladbach,1899 hoffenheim,False
1048990,D1,2023,2023-12-02,rb leipzig,fc heidenheim,False
1048994,D1,2023,2023-12-02,vfl bochum,vfl wolfsburg,False
1048996,D1,2023,2023-12-02,vfb stuttgart,werder bremen,False
1048992,D1,2023,2023-12-03,fsv mainz 05,sc freiburg,False
1048991,D1,2023,2023-12-03,bayer leverkusen,borussia dortmund,False
1048995,D1,2023,2023-12-03,fc augsburg,eintracht frankfurt,False
1049003,D1,2023,2023-12-08,1899 hoffenheim,vfl bochum,False
1049001,D1,2023,2023-12-09,vfl wolfsburg,sc freiburg,False
1049004,D1,2023,2023-12-09,werder bremen,fc augsburg,False
1049000,D1,2023,2023-12-09,eintracht frankfurt,bayern munich,False
1049006,D1,2023,2023-12-09,fc heidenheim,sv darmstadt 98,False
1048999,D1,2023,2023-12-09,union berlin,borussia monchengladbach,False
1048998,D1,2023,2023-12-09,borussia dortmund,rb leipzig,False
1049005,D1,2023,2023-12-10,vfb stuttgart,bayer leverkusen,False
1049002,D1,2023,2023-12-10,1. fc köln,fsv mainz 05,False
1049012,D1,2023,2023-12-15,borussia monchengladbach,werder bremen,False
1049011,D1,2023,2023-12-16,fsv mainz 05,fc heidenheim,False
1049014,D1,2023,2023-12-16,fc augsburg,borussia dortmund,False
1049013,D1,2023,2023-12-16,vfl bochum,union berlin,False
1049015,D1,2023,2023-12-16,sv darmstadt 98,vfl wolfsburg,False
1049008,D1,2023,2023-12-16,rb leipzig,1899 hoffenheim,False
1049009,D1,2023,2023-12-17,sc freiburg,1. fc köln,False
1049010,D1,2023,2023-12-17,bayer leverkusen,eintracht frankfurt,False
1049007,D1,2023,2023-12-17,bayern munich,vfb stuttgart,False
1049022,D1,2023,2023-12-19,werder bremen,rb leipzig,False
1049016,D1,2023,2023-12-19,borussia dortmund,fsv mainz 05,False
1049021,D1,2023,2023-12-19,1899 hoffenheim,sv darmstadt 98,False
1049017,D1,2023,2023-12-20,union berlin,1. fc köln,False
1049020,D1,2023,2023-12-20,vfl wolfsburg,bayern munich,False
1049018,D1,2023,2023-12-20,bayer leverkusen,vfl bochum,False
1049019,D1,2023,2023-12-20,eintracht frankfurt,borussia monchengladbach,False
1049023,D1,2023,2023-12-20,vfb stuttgart,fc augsburg,False
1049024,D1,2023,2023-12-20,fc heidenheim,sc freiburg,False
1049025,D1,2023,2024-01-12,bayern munich,1899 hoffenheim,False
1049027,D1,2023,2024-01-13,sc freiburg,union berlin,False
1049028,D1,2023,2024-01-13,fsv mainz 05,vfl wolfsburg,False
1049032,D1,2023,2024-01-13,fc augsburg,bayer leverkusen,False
1049026,D1,2023,2024-01-13,rb leipzig,eintracht frankfurt,False
1049030,D1,2023,2024-01-13,1. fc köln,fc heidenheim,False
1049033,D1,2023,2024-01-13,sv darmstadt 98,borussia dortmund,False
1049031,D1,2023,2024-01-14,vfl bochum,werder bremen,False
1049029,D1,2023,2024-01-14,borussia monchengladbach,vfb stuttgart,False
1049036,D1,2023,2024-01-20,sc freiburg,1899 hoffenheim,False
1049040,D1,2023,2024-01-20,vfl bochum,vfb stuttgart,False
1049041,D1,2023,2024-01-20,fc heidenheim,vfl wolfsburg,False
1049042,D1,2023,2024-01-20,sv darmstadt 98,eintracht frankfurt,False
1049039,D1,2023,2024-01-20,1. fc köln,borussia dortmund,False
1049035,D1,2023,2024-01-20,rb leipzig,bayer leverkusen,False
1049034,D1,2023,2024-01-21,bayern munich,werder bremen,False
1049038,D1,2023,2024-01-21,borussia monchengladbach,fc augsburg,False
1048989,D1,2023,2024-01-24,bayern munich,union berlin,False
1049046,D1,2023,2024-01-26,eintracht frankfurt,fsv mainz 05,False
1049047,D1,2023,2024-01-27,vfl wolfsburg,1. fc köln,False
1049049,D1,2023,2024-01-27,werder bremen,sc freiburg,False
1049048,D1,2023,2024-01-27,1899 hoffenheim,fc heidenheim,False
1049050,D1,2023,2024-01-27,fc augsburg,bayern munich,False
1049051,D1,2023,2024-01-27,vfb stuttgart,rb leipzig,False
1049045,D1,2023,2024-01-27,bayer leverkusen,borussia monchengladbach,False
1049044,D1,2023,2024-01-28,union berlin,sv darmstadt 98,False
1049043,D1,2023,2024-01-28,borussia dortmund,vfl bochum,False
1049059,D1,2023,2024-02-02,fc heidenheim,borussia dortmund,False
1049052,D1,2023,2024-02-03,bayern munich,borussia monchengladbach,False
1049054,D1,2023,2024-02-03,sc freiburg,vfb stuttgart,False
1049056,D1,2023,2024-02-03,fsv mainz 05,werder bremen,False
1049058,D1,2023,2024-02-03,vfl bochum,fc augsburg,False
1049060,D1,2023,2024-02-03,sv darmstadt 98,bayer leverkusen,False
1049057,D1,2023,2024-02-03,1. fc köln,eintracht frankfurt,False
1049055,D1,2023,2024-02-04,vfl wolfsburg,1899 hoffenheim,False
1049053,D1,2023,2024-02-04,rb leipzig,union berlin,False
1049037,D1,2023,2024-02-07,fsv mainz 05,union berlin,False
1049061,D1,2023,2024-02-09,borussia dortmund,sc freiburg,False
1049067,D1,2023,2024-02-10,werder bremen,fc heidenheim,False
1049065,D1,2023,2024-02-10,borussia monchengladbach,sv darmstadt 98,False
1049064,D1,2023,2024-02-10,eintracht frankfurt,vfl bochum,False
1049068,D1,2023,2024-02-10,fc augsburg,rb leipzig,False
1049062,D1,2023,2024-02-10,union berlin,vfl wolfsburg,False
1049063,D1,2023,2024-02-10,bayer leverkusen,bayern munich,False
1049069,D1,2023,2024-02-11,vfb stuttgart,fsv mainz 05,False
1049066,D1,2023,2024-02-11,1899 hoffenheim,1. fc köln,False
1049074,D1,2023,2024-02-16,1. fc köln,werder bremen,False
1049072,D1,2023,2024-02-17,vfl wolfsburg,borussia dortmund,False
1049073,D1,2023,2024-02-17,fsv mainz 05,fc augsburg,False
1049075,D1,2023,2024-02-17,1899 hoffenheim,union berlin,False
1049077,D1,2023,2024-02-17,fc heidenheim,bayer leverkusen,False
1049078,D1,2023,2024-02-17,sv darmstadt 98,vfb stuttgart,False
1049070,D1,2023,2024-02-17,rb leipzig,borussia monchengladbach,False
1049071,D1,2023,2024-02-18,sc freiburg,eintracht frankfurt,False
1049076,D1,2023,2024-02-18,vfl bochum,bayern munich,False
1049082,D1,2023,2024-02-23,bayer leverkusen,fsv mainz 05,False
1049085,D1,2023,2024-02-24,werder bremen,sv darmstadt 98,False
1049084,D1,2023,2024-02-24,borussia monchengladbach,vfl bochum,False
1049087,D1,2023,2024-02-24,vfb stuttgart,1. fc köln,False
1049081,D1,2023,2024-02-24,union berlin,fc heidenheim,False
1049079,D1,2023,2024-02-24,bayern munich,rb leipzig,False
1049083,D1,2023,2024-02-25,eintracht frankfurt,vfl wolfsburg,False
1049080,D1,2023,2024-02-25,borussia dortmund,1899 hoffenheim,False
1049086,D1,2023,2024-02-25,fc augsburg,sc freiburg,False
1049089,D1,2023,2024-03-01,sc freiburg,bayern munich,False
1049091,D1,2023,2024-03-02,fsv mainz 05,borussia monchengladbach,False
1049094,D1,2023,2024-03-02,vfl bochum,rb leipzig,False
1049095,D1,2023,2024-03-02,fc heidenheim,eintracht frankfurt,False
1049096,D1,2023,2024-03-02,sv darmstadt 98,fc augsburg,False
1049088,D1,2023,2024-03-02,union berlin,borussia dortmund,False
1049090,D1,2023,2024-03-02,vfl wolfsburg,vfb stuttgart,False
1049092,D1,2023,2024-03-03,1. fc köln,bayer leverkusen,False
1049093,D1,2023,2024-03-03,1899 hoffenheim,werder bremen,False
1049105,D1,2023,2024-03-08,vfb stuttgart,union berlin,False
1049097,D1,2023,2024-03-09,bayern munich,fsv mainz 05,False
1049101,D1,2023,2024-03-09,borussia monchengladbach,1. fc köln,False
1049104,D1,2023,2024-03-09,fc augsburg,fc heidenheim,False
1049098,D1,2023,2024-03-09,rb leipzig,sv darmstadt 98,False
1049102,D1,2023,2024-03-09,werder bremen,borussia dortmund,False
1049103,D1,2023,2024-03-10,vfl bochum,sc freiburg,False
1049100,D1,2023,2024-03-10,eintracht frankfurt,1899 hoffenheim,False
1049099,D1,2023,2024-03-10,bayer leverkusen,vfl wolfsburg,False
1049111,D1,2023,2024-03-15,1. fc köln,rb leipzig,False
1049109,D1,2023,2024-03-16,vfl wolfsburg,fc augsburg,False
1049110,D1,2023,2024-03-16,fsv mainz 05,vfl bochum,False
1049113,D1,2023,2024-03-16,fc heidenheim,borussia monchengladbach,False
1049114,D1,2023,2024-03-16,sv darmstadt 98,bayern munich,False
1049107,D1,2023,2024-03-16,union berlin,werder bremen,False
1049112,D1,2023,2024-03-16,1899 hoffenheim,vfb stuttgart,False
1049108,D1,2023,2024-03-17,sc freiburg,bayer leverkusen,False
1049106,D1,2023,2024-03-17,borussia dortmund,eintracht frankfurt,False
1049120,D1,2023,2024-03-30,werder bremen,vfl wolfsburg,False
1049119,D1,2023,2024-03-30,borussia monchengladbach,sc freiburg,False
1049117,D1,2023,2024-03-30,bayer leverkusen,1899 hoffenheim,False
1049118,D1,2023,2024-03-30,eintracht frankfurt,union berlin,False
1049116,D1,2023,2024-03-30,rb leipzig,fsv mainz 05,False
1049115,D1,2023,2024-03-30,bayern munich,borussia dortmund,False
1049122,D1,2023,2024-03-31,fc augsburg,1. fc köln,False
1049123,D1,2023,2024-03-31,vfb stuttgart,fc heidenheim,False
1049121,D1,2023,2024-03-31,vfl bochum,sv darmstadt 98,False
1049127,D1,2023,2024-04-05,eintracht frankfurt,werder bremen,False
1049126,D1,2023,2024-04-06,sc freiburg,rb leipzig,False
1049129,D1,2023,2024-04-06,fsv mainz 05,sv darmstadt 98,False
1049132,D1,2023,2024-04-06,fc heidenheim,bayern munich,False
1049125,D1,2023,2024-04-06,union berlin,bayer leverkusen,False
1049130,D1,2023,2024-04-06,1. fc köln,vfl bochum,False
1049124,D1,2023,2024-04-06,borussia dortmund,vfb stuttgart,False
1049131,D1,2023,2024-04-07,1899 hoffenheim,fc augsburg,False
1049128,D1,2023,2024-04-07,vfl wolfsburg,borussia monchengladbach,False
1049139,D1,2023,2024-04-12,fc augsburg,union berlin,False
1049133,D1,2023,2024-04-13,bayern munich,1. fc köln,False
1049137,D1,2023,2024-04-13,borussia monchengladbach,borussia dortmund,False
1049136,D1,2023,2024-04-13,fsv mainz 05,1899 hoffenheim,False
1049134,D1,2023,2024-04-13,rb leipzig,vfl wolfsburg,False
1049138,D1,2023,2024-04-13,vfl bochum,fc heidenheim,False
1049140,D1,2023,2024-04-13,vfb stuttgart,eintracht frankfurt,False
1049141,D1,2023,2024-04-14,sv darmstadt 98,sc freiburg,False
1049135,D1,2023,2024-04-14,bayer leverkusen,werder bremen,False
1049145,D1,2023,2024-04-19,eintracht frankfurt,fc augsburg,False
1049146,D1,2023,2024-04-20,vfl wolfsburg,vfl bochum,False
1049148,D1,2023,2024-04-20,1899 hoffenheim,borussia monchengladbach,False
1049150,D1,2023,2024-04-20,fc heidenheim,rb leipzig,False
1049147,D1,2023,2024-04-20,1. fc köln,sv darmstadt 98,False
1049143,D1,2023,2024-04-20,union berlin,bayern munich,False
1049149,D1,2023,2024-04-21,werder bremen,vfb stuttgart,False
1049142,D1,2023,2024-04-21,borussia dortmund,bayer leverkusen,False
1049144,D1,2023,2024-04-21,sc freiburg,fsv mainz 05,False
1049157,D1,2023,2024-04-26,vfl bochum,1899 hoffenheim,False
1049151,D1,2023,2024-04-27,bayern munich,eintracht frankfurt,False
1049153,D1,2023,2024-04-27,sc freiburg,vfl wolfsburg,False
1049158,D1,2023,2024-04-27,fc augsburg,werder bremen,False
1049152,D1,2023,2024-04-27,rb leipzig,borussia dortmund,False
1049154,D1,2023,2024-04-27,bayer leverkusen,vfb stuttgart,False
1049156,D1,2023,2024-04-28,borussia monchengladbach,union berlin,False
1049155,D1,2023,2024-04-28,fsv mainz 05,1. fc köln,False
1049159,D1,2023,2024-04-28,sv darmstadt 98,fc heidenheim,False
1049165,D1,2023,2024-05-03,1899 hoffenheim,rb leipzig,False
1049163,D1,2023,2024-05-04,vfl wolfsburg,sv darmstadt 98,False
1049166,D1,2023,2024-05-04,werder bremen,borussia monchengladbach,False
1049160,D1,2023,2024-05-04,borussia dortmund,fc augsburg,False
1049167,D1,2023,2024-05-04,vfb stuttgart,bayern munich,False
1049164,D1,2023,2024-05-04,1. fc köln,sc freiburg,False
1049161,D1,2023,2024-05-05,union berlin,vfl bochum,False
1049162,D1,2023,2024-05-05,eintracht frankfurt,bayer leverkusen,False
1049168,D1,2023,2024-05-05,fc heidenheim,fsv mainz 05,False
1049176,D1,2023,2024-05-10,fc augsburg,vfb stuttgart,False
1049171,D1,2023,2024-05-11,sc freiburg,fc heidenheim,False
1049173,D1,2023,2024-05-11,borussia monchengladbach,eintracht frankfurt,False
1049170,D1,2023,2024-05-11,rb leipzig,werder bremen,False
1049174,D1,2023,2024-05-11,1. fc köln,union berlin,False
1049172,D1,2023,2024-05-11,fsv mainz 05,borussia dortmund,False
1049177,D1,2023,2024-05-12,sv darmstadt 98,1899 hoffenheim,False
1049169,D1,2023,2024-05-12,bayern munich,vfl wolfsburg,False
1049175,D1,2023,2024-05-12,vfl bochum,bayer leverkusen,False
1049182,D1,2023,2024-05-18,vfl wolfsburg,fsv mainz 05,False
1049184,D1,2023,2024-05-18,werder bremen,vfl bochum,False
1049178,D1,2023,2024-05-18,borussia dortmund,sv darmstadt 98,False
1049183,D1,2023,2024-05-18,1899 hoffenheim,bayern munich,False
1049180,D1,2023,2024-05-18,bayer leverkusen,fc augsburg,False
1049181,D1,2023,2024-05-18,eintracht frankfurt,rb leipzig,False
1049185,D1,2023,2024-05-18,vfb stuttgart,borussia monchengladbach,False
1049186,D1,2023,2024-05-18,fc heidenheim,1. fc köln,False
1049179,D1,2023,2024-05-18,union berlin,sc freiburg,False
1200849,D1,2023,2024-05-23,vfl bochum,fortuna dusseldorf,False
1223975,D1,2024,2024-08-23,borussia mönchengladbach,bayer leverkusen,False
1223979,D1,2024,2024-08-24,sc freiburg,vfb stuttgart,False
1223982,D1,2024,2024-08-24,fsv mainz 05,union berlin,False
1223978,D1,2024,2024-08-24,1899 hoffenheim,holstein kiel,False
1223980,D1,2024,2024-08-24,fc augsburg,werder bremen,False
1223976,D1,2024,2024-08-24,rb leipzig,vfl bochum,False
1223977,D1,2024,2024-08-24,borussia dortmund,eintracht frankfurt,False
1223981,D1,2024,2024-08-25,vfl wolfsburg,bayern münchen,False
1223983,D1,2024,2024-08-25,fc st. pauli,1. fc heidenheim,False
1223990,D1,2024,2024-08-30,union berlin,fc st. pauli,False
1223989,D1,2024,2024-08-31,werder bremen,borussia dortmund,False
1223987,D1,2024,2024-08-31,eintracht frankfurt,1899 hoffenheim,False
1223985,D1,2024,2024-08-31,vfb stuttgart,fsv mainz 05,False
1223991,D1,2024,2024-08-31,vfl bochum,borussia mönchengladbach,False
1223992,D1,2024,2024-08-31,holstein kiel,vfl wolfsburg,False
1223984,D1,2024,2024-08-31,bayer leverkusen,rb leipzig,False
1223988,D1,2024,2024-09-01,1. fc heidenheim,fc augsburg,False
1223986,D1,2024,2024-09-01,bayern münchen,sc freiburg,False
1223994,D1,2024,2024-09-13,borussia dortmund,1. fc heidenheim,False
1223996,D1,2024,2024-09-14,sc freiburg,vfl bochum,False
1223998,D1,2024,2024-09-14,vfl wolfsburg,eintracht frankfurt,False
1224000,D1,2024,2024-09-14,borussia mönchengladbach,vfb stuttgart,False
1223995,D1,2024,2024-09-14,1899 hoffenheim,bayer leverkusen,False
1223993,D1,2024,2024-09-14,rb leipzig,union berlin,False
1224001,D1,2024,2024-09-14,holstein kiel,bayern münchen,False
1223997,D1,2024,2024-09-15,fc augsburg,fc st. pauli,False
1223999,D1,2024,2024-09-15,fsv mainz 05,werder bremen,False
1224007,D1,2024,2024-09-20,fc augsburg,fsv mainz 05,False
1224006,D1,2024,2024-09-21,werder bremen,bayern münchen,False
1224009,D1,2024,2024-09-21,vfl bochum,holstein kiel,False
1224005,D1,2024,2024-09-21,1. fc heidenheim,sc freiburg,False
1224008,D1,2024,2024-09-21,union berlin,1899 hoffenheim,False
1224004,D1,2024,2024-09-21,eintracht frankfurt,borussia mönchengladbach,False
1224002,D1,2024,2024-09-22,bayer leverkusen,vfl wolfsburg,False
1224003,D1,2024,2024-09-22,vfb stuttgart,borussia dortmund,False
1224010,D1,2024,2024-09-22,fc st. pauli,rb leipzig,False
1224013,D1,2024,2024-09-27,borussia dortmund,vfl bochum,False
1224015,D1,2024,2024-09-28,sc freiburg,fc st. pauli,False
1224016,D1,2024,2024-09-28,vfl wolfsburg,vfb stuttgart,False
1224018,D1,2024,2024-09-28,borussia mönchengladbach,union berlin,False
1224017,D1,2024,2024-09-28,fsv mainz 05,1. fc heidenheim,False
1224012,D1,2024,2024-09-28,rb leipzig,fc augsburg,False
1224011,D1,2024,2024-09-28,bayern münchen,bayer leverkusen,False
1224019,D1,2024,2024-09-29,holstein kiel,eintracht frankfurt,False
1224014,D1,2024,2024-09-29,1899 hoffenheim,werder bremen,False
1224025,D1,2024,2024-10-04,fc augsburg,borussia mönchengladbach,False
1224024,D1,2024,2024-10-05,werder bremen,sc freiburg,False
1224020,D1,2024,2024-10-05,bayer leverkusen,holstein kiel,False
1224027,D1,2024,2024-10-05,vfl bochum,vfl wolfsburg,False
1224026,D1,2024,2024-10-05,union berlin,borussia dortmund,False
1224028,D1,2024,2024-10-05,fc st. pauli,fsv mainz 05,False
1224023,D1,2024,2024-10-06,1. fc heidenheim,rb leipzig,False
1224022,D1,2024,2024-10-06,eintracht frankfurt,bayern münchen,False
1224021,D1,2024,2024-10-06,vfb stuttgart,1899 hoffenheim,False
1224031,D1,2024,2024-10-18,borussia dortmund,fc st. pauli,False
1224033,D1,2024,2024-10-19,sc freiburg,fc augsburg,False
1224036,D1,2024,2024-10-19,borussia mönchengladbach,1. fc heidenheim,False
1224035,D1,2024,2024-10-19,fsv mainz 05,rb leipzig,False
1224032,D1,2024,2024-10-19,1899 hoffenheim,vfl bochum,False
1224029,D1,2024,2024-10-19,bayer leverkusen,eintracht frankfurt,False
1224030,D1,2024,2024-10-19,bayern münchen,vfb stuttgart,False
1224037,D1,2024,2024-10-20,holstein kiel,union berlin,False
1224034,D1,2024,2024-10-20,vfl wolfsburg,werder bremen,False
1224043,D1,2024,2024-10-25,fsv mainz 05,borussia mönchengladbach,False
1224042,D1,2024,2024-10-26,fc augsburg,borussia dortmund,False
1224038,D1,2024,2024-10-26,vfb stuttgart,holstein kiel,False
1224039,D1,2024,2024-10-26,rb leipzig,sc freiburg,False
1224046,D1,2024,2024-10-26,fc st. pauli,vfl wolfsburg,False
1224041,D1,2024,2024-10-26,werder bremen,bayer leverkusen,False
1224045,D1,2024,2024-10-27,vfl bochum,bayern münchen,False
1224044,D1,2024,2024-10-27,union berlin,eintracht frankfurt,False
1224040,D1,2024,2024-10-27,1. fc heidenheim,1899 hoffenheim,False
1224047,D1,2024,2024-11-01,bayer leverkusen,vfb stuttgart,False
1224048,D1,2024,2024-11-02,bayern münchen,union berlin,False
1224053,D1,2024,2024-11-02,vfl wolfsburg,fc augsburg,False
1224051,D1,2024,2024-11-02,1899 hoffenheim,fc st. pauli,False
1224050,D1,2024,2024-11-02,eintracht frankfurt,vfl bochum,False
1224055,D1,2024,2024-11-02,holstein kiel,1. fc heidenheim,False
1224049,D1,2024,2024-11-02,borussia dortmund,rb leipzig,False
1224052,D1,2024,2024-11-03,sc freiburg,fsv mainz 05,False
1224054,D1,2024,2024-11-03,borussia mönchengladbach,werder bremen,False
1224062,D1,2024,2024-11-08,union berlin,sc freiburg,False
1224059,D1,2024,2024-11-09,werder bremen,holstein kiel,False
1224061,D1,2024,2024-11-09,fsv mainz 05,borussia dortmund,False
1224063,D1,2024,2024-11-09,vfl bochum,bayer leverkusen,False
1224064,D1,2024,2024-11-09,fc st. pauli,bayern münchen,False
1224057,D1,2024,2024-11-09,rb leipzig,borussia mönchengladbach,False
1224060,D1,2024,2024-11-10,fc augsburg,1899 hoffenheim,False
1224056,D1,2024,2024-11-10,vfb stuttgart,eintracht frankfurt,False
1224058,D1,2024,2024-11-10,1. fc heidenheim,vfl wolfsburg,False
1224067,D1,2024,2024-11-22,bayern münchen,fc augsburg,False
1224071,D1,2024,2024-11-23,vfl wolfsburg,union berlin,False
1224068,D1,2024,2024-11-23,borussia dortmund,sc freiburg,False
1224070,D1,2024,2024-11-23,1899 hoffenheim,rb leipzig,False
1224065,D1,2024,2024-11-23,bayer leverkusen,1. fc heidenheim,False
1224066,D1,2024,2024-11-23,vfb stuttgart,vfl bochum,False
1224069,D1,2024,2024-11-23,eintracht frankfurt,werder bremen,False
1224073,D1,2024,2024-11-24,holstein kiel,fsv mainz 05,False
1224072,D1,2024,2024-11-24,borussia mönchengladbach,fc st. pauli,False
1224082,D1,2024,2024-11-29,fc st. pauli,holstein kiel,False
1224078,D1,2024,2024-11-30,sc freiburg,borussia mönchengladbach,False
1224077,D1,2024,2024-11-30,werder bremen,vfb stuttgart,False
1224079,D1,2024,2024-11-30,fc augsburg,vfl bochum,False
1224074,D1,2024,2024-11-30,rb leipzig,vfl wolfsburg,False
1224081,D1,2024,2024-11-30,union berlin,bayer leverkusen,False
1224075,D1,2024,2024-11-30,borussia dortmund,bayern münchen,False
1224080,D1,2024,2024-12-01,fsv mainz 05,1899 hoffenheim,False
1224076,D1,2024,2024-12-01,1. fc heidenheim,eintracht frankfurt,False
1224084,D1,2024,2024-12-06,vfb stuttgart,union berlin,False
1224085,D1,2024,2024-12-07,bayern münchen,1. fc heidenheim,False
1224083,D1,2024,2024-12-07,bayer leverkusen,fc st. pauli,False
1224086,D1,2024,2024-12-07,eintracht frankfurt,fc augsburg,False
1224090,D1,2024,2024-12-07,vfl bochum,werder bremen,False
1224091,D1,2024,2024-12-07,holstein kiel,rb leipzig,False
1224089,D1,2024,2024-12-07,borussia mönchengladbach,borussia dortmund,False
1224088,D1,2024,2024-12-08,vfl wolfsburg,fsv mainz 05,False
1224087,D1,2024,2024-12-08,1899 hoffenheim,sc freiburg,False
1224095,D1,2024,2024-12-13,sc freiburg,vfl wolfsburg,False
1224098,D1,2024,2024-12-14,borussia mönchengladbach,holstein kiel,False
1224097,D1,2024,2024-12-14,fsv mainz 05,bayern münchen,False
1224096,D1,2024,2024-12-14,fc augsburg,bayer leverkusen,False
1224099,D1,2024,2024-12-14,union berlin,vfl bochum,False
1224100,D1,2024,2024-12-14,fc st. pauli,werder bremen,False
1224094,D1,2024,2024-12-15,1. fc heidenheim,vfb stuttgart,False
1224093,D1,2024,2024-12-15,borussia dortmund,1899 hoffenheim,False
1224092,D1,2024,2024-12-15,rb leipzig,eintracht frankfurt,False
1224103,D1,2024,2024-12-20,bayern münchen,rb leipzig,False
1224106,D1,2024,2024-12-21,werder bremen,union berlin,False
1224105,D1,2024,2024-12-21,1899 hoffenheim,borussia mönchengladbach,False
1224104,D1,2024,2024-12-21,eintracht frankfurt,fsv mainz 05,False
1224102,D1,2024,2024-12-21,vfb stuttgart,fc st. pauli,False
1224109,D1,2024,2024-12-21,holstein kiel,fc augsburg,False
1224101,D1,2024,2024-12-21,bayer leverkusen,sc freiburg,False
1224108,D1,2024,2024-12-22,vfl bochum,1. fc heidenheim,False
1224107,D1,2024,2024-12-22,vfl wolfsburg,borussia dortmund,False
1224111,D1,2024,2025-01-10,borussia dortmund,bayer leverkusen,False
1224114,D1,2024,2025-01-11,sc freiburg,holstein kiel,False
1224116,D1,2024,2025-01-11,fsv mainz 05,vfl bochum,False
1224112,D1,2024,2025-01-11,1899 hoffenheim,vfl wolfsburg,False
1224113,D1,2024,2025-01-11,1. fc heidenheim,union berlin,False
1224118,D1,2024,2025-01-11,fc st. pauli,eintracht frankfurt,False
1224117,D1,2024,2025-01-11,borussia mönchengladbach,bayern münchen,False
1224110,D1,2024,2025-01-12,rb leipzig,werder bremen,False
1224115,D1,2024,2025-01-12,fc augsburg,vfb stuttgart,False
1224127,D1,2024,2025-01-14,holstein kiel,borussia dortmund,False
1224124,D1,2024,2025-01-14,vfl wolfsburg,borussia mönchengladbach,False
1224119,D1,2024,2025-01-14,bayer leverkusen,fsv mainz 05,False
1224122,D1,2024,2025-01-14,eintracht frankfurt,sc freiburg,False
1224126,D1,2024,2025-01-15,vfl bochum,fc st. pauli,False
1224121,D1,2024,2025-01-15,bayern münchen,1899 hoffenheim,False
1224123,D1,2024,2025-01-15,werder bremen,1. fc heidenheim,False
1224120,D1,2024,2025-01-15,vfb stuttgart,rb leipzig,False
1224125,D1,2024,2025-01-15,union berlin,fc augsburg,False
1224131,D1,2024,2025-01-17,eintracht frankfurt,borussia dortmund,False
1224130,D1,2024,2025-01-18,bayern münchen,vfl wolfsburg,False
1224129,D1,2024,2025-01-18,vfb stuttgart,sc freiburg,False
1224135,D1,2024,2025-01-18,vfl bochum,rb leipzig,False
1224132,D1,2024,2025-01-18,1. fc heidenheim,fc st. pauli,False
1224136,D1,2024,2025-01-18,holstein kiel,1899 hoffenheim,False
1224128,D1,2024,2025-01-18,bayer leverkusen,borussia mönchengladbach,False
1224134,D1,2024,2025-01-19,union berlin,fsv mainz 05,False
1224133,D1,2024,2025-01-19,werder bremen,fc augsburg,False
1224142,D1,2024,2025-01-24,vfl wolfsburg,holstein kiel,False
1224140,D1,2024,2025-01-25,sc freiburg,bayern münchen,False
1224143,D1,2024,2025-01-25,fsv mainz 05,vfb stuttgart,False
1224138,D1,2024,2025-01-25,borussia dortmund,werder bremen,False
1224141,D1,2024,2025-01-25,fc augsburg,1. fc heidenheim,False
1224137,D1,2024,2025-01-25,rb leipzig,bayer leverkusen,False
1224144,D1,2024,2025-01-25,borussia mönchengladbach,vfl bochum,False
1224139,D1,2024,2025-01-26,1899 hoffenheim,eintracht frankfurt,False
1224145,D1,2024,2025-01-26,fc st. pauli,union berlin,False
1224151,D1,2024,2025-01-31,werder bremen,fsv mainz 05,False
1224148,D1,2024,2025-02-01,bayern münchen,holstein kiel,False
1224147,D1,2024,2025-02-01,vfb stuttgart,borussia mönchengladbach,False
1224153,D1,2024,2025-02-01,vfl bochum,sc freiburg,False
1224150,D1,2024,2025-02-01,1. fc heidenheim,borussia dortmund,False
1224154,D1,2024,2025-02-01,fc st. pauli,fc augsburg,False
1224152,D1,2024,2025-02-01,union berlin,rb leipzig,False
1224149,D1,2024,2025-02-02,eintracht frankfurt,vfl wolfsburg,False
1224146,D1,2024,2025-02-02,bayer leverkusen,1899 hoffenheim,False
1224155,D1,2024,2025-02-07,bayern münchen,werder bremen,False
1224159,D1,2024,2025-02-08,sc freiburg,1. fc heidenheim,False
1224160,D1,2024,2025-02-08,vfl wolfsburg,bayer leverkusen,False
1224161,D1,2024,2025-02-08,fsv mainz 05,fc augsburg,False
1224157,D1,2024,2025-02-08,borussia dortmund,vfb stuttgart,False
1224158,D1,2024,2025-02-08,1899 hoffenheim,union berlin,False
1224162,D1,2024,2025-02-08,borussia mönchengladbach,eintracht frankfurt,False
1224163,D1,2024,2025-02-09,holstein kiel,vfl bochum,False
1224156,D1,2024,2025-02-09,rb leipzig,fc st. pauli,False
1224169,D1,2024,2025-02-14,fc augsburg,rb leipzig,False
1224165,D1,2024,2025-02-15,vfb stuttgart,vfl wolfsburg,False
1224171,D1,2024,2025-02-15,vfl bochum,borussia dortmund,False
1224170,D1,2024,2025-02-15,union berlin,borussia mönchengladbach,False
1224172,D1,2024,2025-02-15,fc st. pauli,sc freiburg,False
1224164,D1,2024,2025-02-15,bayer leverkusen,bayern münchen,False
1224168,D1,2024,2025-02-16,werder bremen,1899 hoffenheim,False
1224166,D1,2024,2025-02-16,eintracht frankfurt,holstein kiel,False
1224167,D1,2024,2025-02-16,1. fc heidenheim,fsv mainz 05,False
1224177,D1,2024,2025-02-21,sc freiburg,werder bremen,False
1224178,D1,2024,2025-02-22,vfl wolfsburg,vfl bochum,False
1224180,D1,2024,2025-02-22,borussia mönchengladbach,fc augsburg,False
1224179,D1,2024,2025-02-22,fsv mainz 05,fc st. pauli,False
1224181,D1,2024,2025-02-22,holstein kiel,bayer leverkusen,False
1224175,D1,2024,2025-02-22,borussia dortmund,union berlin,False
1224174,D1,2024,2025-02-23,rb leipzig,1. fc heidenheim,False
1224173,D1,2024,2025-02-23,bayern münchen,eintracht frankfurt,False
1224176,D1,2024,2025-02-23,1899 hoffenheim,vfb stuttgart,False
1224182,D1,2024,2025-02-28,vfb stuttgart,bayern münchen,False
1224186,D1,2024,2025-03-01,werder bremen,vfl wolfsburg,False
1224183,D1,2024,2025-03-01,rb leipzig,fsv mainz 05,False
1224189,D1,2024,2025-03-01,vfl bochum,1899 hoffenheim,False
1224185,D1,2024,2025-03-01,1. fc heidenheim,borussia mönchengladbach,False
1224190,D1,2024,2025-03-01,fc st. pauli,borussia dortmund,False
1224184,D1,2024,2025-03-01,eintracht frankfurt,bayer leverkusen,False
1224188,D1,2024,2025-03-02,union berlin,holstein kiel,False
1224187,D1,2024,2025-03-02,fc augsburg,sc freiburg,False
1224198,D1,2024,2025-03-07,borussia mönchengladbach,fsv mainz 05,False
1224192,D1,2024,2025-03-08,bayern münchen,vfl bochum,False
1224197,D1,2024,2025-03-08,vfl wolfsburg,fc st. pauli,False
1224193,D1,2024,2025-03-08,borussia dortmund,fc augsburg,False
1224191,D1,2024,2025-03-08,bayer leverkusen,werder bremen,False
1224199,D1,2024,2025-03-08,holstein kiel,vfb stuttgart,False
1224196,D1,2024,2025-03-08,sc freiburg,rb leipzig,False
1224194,D1,2024,2025-03-09,eintracht frankfurt,union berlin,False
1224195,D1,2024,2025-03-09,1899 hoffenheim,1. fc heidenheim,False
1224208,D1,2024,2025-03-14,fc st. pauli,1899 hoffenheim,False
1224203,D1,2024,2025-03-15,werder bremen,borussia mönchengladbach,False
1224205,D1,2024,2025-03-15,fsv mainz 05,sc freiburg,False
1224204,D1,2024,2025-03-15,fc augsburg,vfl wolfsburg,False
1224206,D1,2024,2025-03-15,union berlin,bayern münchen,False
1224201,D1,2024,2025-03-15,rb leipzig,borussia dortmund,False
1224207,D1,2024,2025-03-16,vfl bochum,eintracht frankfurt,False
1224202,D1,2024,2025-03-16,1. fc heidenheim,holstein kiel,False
1224200,D1,2024,2025-03-16,vfb stuttgart,bayer leverkusen,False
1224209,D1,2024,2025-03-28,bayer leverkusen,vfl bochum,False
1224210,D1,2024,2025-03-29,bayern münchen,fc st. pauli,False
1224215,D1,2024,2025-03-29,vfl wolfsburg,1. fc heidenheim,False
1224216,D1,2024,2025-03-29,borussia mönchengladbach,rb leipzig,False
1224213,D1,2024,2025-03-29,1899 hoffenheim,fc augsburg,False
1224217,D1,2024,2025-03-29,holstein kiel,werder bremen,False
1224212,D1,2024,2025-03-29,eintracht frankfurt,vfb stuttgart,False
1224214,D1,2024,2025-03-30,sc freiburg,union berlin,False
1224211,D1,2024,2025-03-30,borussia dortmund,fsv mainz 05,False
1224222,D1,2024,2025-04-04,fc augsburg,bayern münchen,False
1224221,D1,2024,2025-04-05,sc freiburg,borussia dortmund,False
1224223,D1,2024,2025-04-05,fsv mainz 05,holstein kiel,False
1224218,D1,2024,2025-04-05,rb leipzig,1899 hoffenheim,False
1224225,D1,2024,2025-04-05,vfl bochum,vfb stuttgart,False
1224219,D1,2024,2025-04-05,1. fc heidenheim,bayer leverkusen,False
1224220,D1,2024,2025-04-05,werder bremen,eintracht frankfurt,False
1224226,D1,2024,2025-04-06,fc st. pauli,borussia mönchengladbach,False
1224224,D1,2024,2025-04-06,union berlin,vfl wolfsburg,False
1224232,D1,2024,2025-04-11,vfl wolfsburg,rb leipzig,False
1224233,D1,2024,2025-04-12,borussia mönchengladbach,sc freiburg,False
1224231,D1,2024,2025-04-12,1899 hoffenheim,fsv mainz 05,False
1224227,D1,2024,2025-04-12,bayer leverkusen,union berlin,False
1224234,D1,2024,2025-04-12,vfl bochum,fc augsburg,False
1224235,D1,2024,2025-04-12,holstein kiel,fc st. pauli,False
1224229,D1,2024,2025-04-12,bayern münchen,borussia dortmund,False
1224228,D1,2024,2025-04-13,vfb stuttgart,werder bremen,False
1224230,D1,2024,2025-04-13,eintracht frankfurt,1. fc heidenheim,False
1224240,D1,2024,2025-04-19,sc freiburg,1899 hoffenheim,False
1224239,D1,2024,2025-04-19,werder bremen,vfl bochum,False
1224242,D1,2024,2025-04-19,fsv mainz 05,vfl wolfsburg,False
1224236,D1,2024,2025-04-19,rb leipzig,holstein kiel,False
1224238,D1,2024,2025-04-19,1. fc heidenheim,bayern münchen,False
1224243,D1,2024,2025-04-19,union berlin,vfb stuttgart,False
1224241,D1,2024,2025-04-20,fc augsburg,eintracht frankfurt,False
1224237,D1,2024,2025-04-20,borussia dortmund,borussia mönchengladbach,False
1224244,D1,2024,2025-04-20,fc st. pauli,bayer leverkusen,False
1224246,D1,2024,2025-04-25,vfb stuttgart,1. fc heidenheim,False
1224247,D1,2024,2025-04-26,bayern münchen,fsv mainz 05,False
1224251,D1,2024,2025-04-26,vfl wolfsburg,sc freiburg,False
1224249,D1,2024,2025-04-26,1899 hoffenheim,borussia dortmund,False
1224245,D1,2024,2025-04-26,bayer leverkusen,fc augsburg,False
1224253,D1,2024,2025-04-26,holstein kiel,borussia mönchengladbach,False
1224248,D1,2024,2025-04-26,eintracht frankfurt,rb leipzig,False
1224252,D1,2024,2025-04-27,vfl bochum,union berlin,False
1224250,D1,2024,2025-04-27,werder bremen,fc st. pauli,False
1224256,D1,2024,2025-05-02,1. fc heidenheim,vfl bochum,False
1224260,D1,2024,2025-05-03,borussia mönchengladbach,1899 hoffenheim,False
1224254,D1,2024,2025-05-03,rb leipzig,bayern münchen,False
1224261,D1,2024,2025-05-03,union berlin,werder bremen,False
1224262,D1,2024,2025-05-03,fc st. pauli,vfb stuttgart,False
1224255,D1,2024,2025-05-03,borussia dortmund,vfl wolfsburg,False
1224258,D1,2024,2025-05-04,fc augsburg,holstein kiel,False
1224257,D1,2024,2025-05-04,sc freiburg,bayer leverkusen,False
1224259,D1,2024,2025-05-04,fsv mainz 05,eintracht frankfurt,False
1224268,D1,2024,2025-05-09,vfl wolfsburg,1899 hoffenheim,False
1224267,D1,2024,2025-05-10,werder bremen,rb leipzig,False
1224270,D1,2024,2025-05-10,vfl bochum,fsv mainz 05,False
1224269,D1,2024,2025-05-10,union berlin,1. fc heidenheim,False
1224271,D1,2024,2025-05-10,holstein kiel,sc freiburg,False
1224265,D1,2024,2025-05-10,bayern münchen,borussia mönchengladbach,False
1224263,D1,2024,2025-05-11,bayer leverkusen,borussia dortmund,False
1224266,D1,2024,2025-05-11,eintracht frankfurt,fc st. pauli,False
1224264,D1,2024,2025-05-11,vfb stuttgart,fc augsburg,False
1224276,D1,2024,2025-05-17,sc freiburg,eintracht frankfurt,False
1224279,D1,2024,2025-05-17,borussia mönchengladbach,vfl wolfsburg,False
1224278,D1,2024,2025-05-17,fsv mainz 05,bayer leverkusen,False
1224273,D1,2024,2025-05-17,borussia dortmund,holstein kiel,False
1224274,D1,2024,2025-05-17,1899 hoffenheim,bayern münchen,False
1224277,D1,2024,2025-05-17,fc augsburg,union berlin,False
1224272,D1,2024,2025-05-17,rb leipzig,vfb stuttgart,False
1224275,D1,2024,2025-05-17,1. fc heidenheim,werder bremen,False
1224280,D1,2024,2025-05-17,fc st. pauli,vfl bochum,False
1375862,D1,2024,2025-05-22,1. fc heidenheim,sv elversberg,False
1375863,D1,2024,2025-05-26,sv elversberg,1. fc heidenheim,False
877947,SP1,2022,2022-08-12,osasuna,sevilla,False
877945,SP1,2022,2022-08-13,celta vigo,espanyol,False
877950,SP1,2022,2022-08-13,valladolid,villarreal,False
877943,SP1,2022,2022-08-13,barcelona,rayo vallecano,False
877946,SP1,2022,2022-08-14,cadiz,real sociedad,False
877951,SP1,2022,2022-08-14,valencia,girona,False
877948,SP1,2022,2022-08-14,almeria,real madrid,False
877942,SP1,2022,2022-08-15,athletic club,mallorca,False
877949,SP1,2022,2022-08-15,getafe,atletico madrid,False
877944,SP1,2022,2022-08-15,real betis,elche,False
877955,SP1,2022,2022-08-19,espanyol,rayo vallecano,False
877956,SP1,2022,2022-08-19,sevilla,valladolid,False
877960,SP1,2022,2022-08-20,osasuna,cadiz,False
877958,SP1,2022,2022-08-20,mallorca,real betis,False
877954,SP1,2022,2022-08-20,celta vigo,real madrid,False
877952,SP1,2022,2022-08-21,athletic club,valencia,False
877953,SP1,2022,2022-08-21,atletico madrid,villarreal,False
877957,SP1,2022,2022-08-21,real sociedad,barcelona,False
877961,SP1,2022,2022-08-22,elche,almeria,False
877959,SP1,2022,2022-08-22,girona,getafe,False
877970,SP1,2022,2022-08-26,girona,celta vigo,False
877963,SP1,2022,2022-08-26,real betis,osasuna,False
877964,SP1,2022,2022-08-27,elche,real sociedad,False
877971,SP1,2022,2022-08-27,rayo vallecano,mallorca,False
877967,SP1,2022,2022-08-27,almeria,sevilla,False
877965,SP1,2022,2022-08-28,getafe,villarreal,False
877962,SP1,2022,2022-08-28,barcelona,valladolid,False
877966,SP1,2022,2022-08-28,espanyol,real madrid,False
877968,SP1,2022,2022-08-29,cadiz,athletic club,False
877969,SP1,2022,2022-08-29,valencia,atletico madrid,False
877979,SP1,2022,2022-09-02,celta vigo,cadiz,False
877981,SP1,2022,2022-09-03,mallorca,girona,False
877976,SP1,2022,2022-09-03,real madrid,real betis,False
877974,SP1,2022,2022-09-03,real sociedad,atletico madrid,False
877975,SP1,2022,2022-09-03,sevilla,barcelona,False
877973,SP1,2022,2022-09-04,osasuna,rayo vallecano,False
877972,SP1,2022,2022-09-04,athletic club,espanyol,False
877977,SP1,2022,2022-09-04,villarreal,elche,False
877978,SP1,2022,2022-09-04,valencia,getafe,False
877980,SP1,2022,2022-09-05,valladolid,almeria,False
877988,SP1,2022,2022-09-09,girona,valladolid,False
877986,SP1,2022,2022-09-10,rayo vallecano,valencia,False
877985,SP1,2022,2022-09-10,espanyol,sevilla,False
877990,SP1,2022,2022-09-10,cadiz,barcelona,False
877982,SP1,2022,2022-09-10,atletico madrid,celta vigo,False
877991,SP1,2022,2022-09-11,real madrid,mallorca,False
877989,SP1,2022,2022-09-11,elche,athletic club,False
877984,SP1,2022,2022-09-11,getafe,real sociedad,False
877983,SP1,2022,2022-09-11,real betis,villarreal,False
877987,SP1,2022,2022-09-12,almeria,osasuna,False
877998,SP1,2022,2022-09-16,valladolid,cadiz,False
878001,SP1,2022,2022-09-17,mallorca,almeria,False
877994,SP1,2022,2022-09-17,barcelona,elche,False
877996,SP1,2022,2022-09-17,valencia,celta vigo,False
877992,SP1,2022,2022-09-17,athletic club,rayo vallecano,False
877997,SP1,2022,2022-09-18,osasuna,getafe,False
878000,SP1,2022,2022-09-18,villarreal,sevilla,False
877995,SP1,2022,2022-09-18,real betis,girona,False
877999,SP1,2022,2022-09-18,real sociedad,espanyol,False
877993,SP1,2022,2022-09-18,atletico madrid,real madrid,False
878011,SP1,2022,2022-09-30,athletic club,almeria,False
878003,SP1,2022,2022-10-01,cadiz,villarreal,False
878002,SP1,2022,2022-10-01,getafe,valladolid,False
878006,SP1,2022,2022-10-01,sevilla,atletico madrid,False
878007,SP1,2022,2022-10-01,mallorca,barcelona,False
878004,SP1,2022,2022-10-02,espanyol,valencia,False
878008,SP1,2022,2022-10-02,celta vigo,real betis,False
878005,SP1,2022,2022-10-02,girona,real sociedad,False
878010,SP1,2022,2022-10-02,real madrid,osasuna,False
878009,SP1,2022,2022-10-03,rayo vallecano,elche,False
878017,SP1,2022,2022-10-07,osasuna,valencia,False
878019,SP1,2022,2022-10-08,almeria,rayo vallecano,False
878012,SP1,2022,2022-10-08,atletico madrid,girona,False
878020,SP1,2022,2022-10-08,sevilla,athletic club,False
878015,SP1,2022,2022-10-08,getafe,real madrid,False
878021,SP1,2022,2022-10-09,valladolid,real betis,False
878016,SP1,2022,2022-10-09,cadiz,espanyol,False
878018,SP1,2022,2022-10-09,real sociedad,villarreal,False
878013,SP1,2022,2022-10-09,barcelona,celta vigo,False
878014,SP1,2022,2022-10-10,elche,mallorca,False
878028,SP1,2022,2022-10-14,rayo vallecano,getafe,False
878029,SP1,2022,2022-10-15,girona,cadiz,False
878027,SP1,2022,2022-10-15,valencia,elche,False
878024,SP1,2022,2022-10-15,mallorca,sevilla,False
878022,SP1,2022,2022-10-15,athletic club,atletico madrid,False
878023,SP1,2022,2022-10-16,celta vigo,real sociedad,False
878026,SP1,2022,2022-10-16,real madrid,barcelona,False
878025,SP1,2022,2022-10-16,espanyol,valladolid,False
878031,SP1,2022,2022-10-16,real betis,almeria,False
878030,SP1,2022,2022-10-17,villarreal,osasuna,False
878035,SP1,2022,2022-10-18,sevilla,valencia,False
878037,SP1,2022,2022-10-18,getafe,athletic club,False
878032,SP1,2022,2022-10-18,atletico madrid,rayo vallecano,False
878039,SP1,2022,2022-10-19,valladolid,celta vigo,False
878038,SP1,2022,2022-10-19,cadiz,real betis,False
878040,SP1,2022,2022-10-19,real sociedad,mallorca,False
878034,SP1,2022,2022-10-19,elche,real madrid,False
878036,SP1,2022,2022-10-20,almeria,girona,False
878041,SP1,2022,2022-10-20,osasuna,espanyol,False
878033,SP1,2022,2022-10-20,barcelona,villarreal,False
878049,SP1,2022,2022-10-22,rayo vallecano,cadiz,False
878050,SP1,2022,2022-10-22,valladolid,real sociedad,False
878048,SP1,2022,2022-10-22,valencia,mallorca,False
878043,SP1,2022,2022-10-22,real madrid,sevilla,False
878047,SP1,2022,2022-10-23,espanyol,elche,False
878046,SP1,2022,2022-10-23,real betis,atletico madrid,False
878051,SP1,2022,2022-10-23,villarreal,almeria,False
878044,SP1,2022,2022-10-23,girona,osasuna,False
878045,SP1,2022,2022-10-23,barcelona,athletic club,False
878042,SP1,2022,2022-10-24,celta vigo,getafe,False
878059,SP1,2022,2022-10-28,mallorca,espanyol,False
878055,SP1,2022,2022-10-29,almeria,celta vigo,False
878056,SP1,2022,2022-10-29,cadiz,atletico madrid,False
878060,SP1,2022,2022-10-29,sevilla,rayo vallecano,False
878057,SP1,2022,2022-10-29,valencia,barcelona,False
878054,SP1,2022,2022-10-30,osasuna,valladolid,False
878061,SP1,2022,2022-10-30,real madrid,girona,False
878052,SP1,2022,2022-10-30,athletic club,villarreal,False
878058,SP1,2022,2022-10-30,real sociedad,real betis,False
878053,SP1,2022,2022-10-31,elche,getafe,False
878067,SP1,2022,2022-11-04,girona,athletic club,False
878070,SP1,2022,2022-11-05,getafe,cadiz,False
878068,SP1,2022,2022-11-05,valladolid,elche,False
878064,SP1,2022,2022-11-05,celta vigo,osasuna,False
878071,SP1,2022,2022-11-05,barcelona,almeria,False
878062,SP1,2022,2022-11-06,atletico madrid,espanyol,False
878065,SP1,2022,2022-11-06,real sociedad,valencia,False
878069,SP1,2022,2022-11-06,villarreal,mallorca,False
878063,SP1,2022,2022-11-06,real betis,sevilla,False
878066,SP1,2022,2022-11-07,rayo vallecano,real madrid,False
878073,SP1,2022,2022-11-08,elche,girona,False
878072,SP1,2022,2022-11-08,athletic club,valladolid,False
878077,SP1,2022,2022-11-08,osasuna,barcelona,False
878081,SP1,2022,2022-11-09,sevilla,real sociedad,False
878075,SP1,2022,2022-11-09,almeria,getafe,False
878074,SP1,2022,2022-11-09,espanyol,villarreal,False
878076,SP1,2022,2022-11-09,mallorca,atletico madrid,False
878079,SP1,2022,2022-11-10,rayo vallecano,celta vigo,False
878078,SP1,2022,2022-11-10,valencia,real betis,False
878080,SP1,2022,2022-11-10,real madrid,cadiz,False
878086,SP1,2022,2022-12-29,girona,rayo vallecano,False
878087,SP1,2022,2022-12-29,real betis,athletic club,False
878082,SP1,2022,2022-12-29,atletico madrid,elche,False
878085,SP1,2022,2022-12-30,getafe,mallorca,False
878084,SP1,2022,2022-12-30,celta vigo,sevilla,False
878091,SP1,2022,2022-12-30,cadiz,almeria,False
878089,SP1,2022,2022-12-30,valladolid,real madrid,False
878083,SP1,2022,2022-12-31,barcelona,espanyol,False
878090,SP1,2022,2022-12-31,villarreal,valencia,False
878088,SP1,2022,2022-12-31,real sociedad,osasuna,False
878098,SP1,2022,2023-01-06,elche,celta vigo,False
878100,SP1,2022,2023-01-06,valencia,cadiz,False
878101,SP1,2022,2023-01-07,villarreal,real madrid,False
878094,SP1,2022,2023-01-07,mallorca,valladolid,False
878095,SP1,2022,2023-01-07,espanyol,girona,False
878096,SP1,2022,2023-01-08,almeria,real sociedad,False
878097,SP1,2022,2023-01-08,rayo vallecano,real betis,False
878099,SP1,2022,2023-01-08,sevilla,getafe,False
878093,SP1,2022,2023-01-08,atletico madrid,barcelona,False
878092,SP1,2022,2023-01-09,athletic club,osasuna,False
878102,SP1,2022,2023-01-13,celta vigo,villarreal,False
878111,SP1,2022,2023-01-14,valladolid,rayo vallecano,False
878106,SP1,2022,2023-01-14,girona,sevilla,False
878109,SP1,2022,2023-01-14,osasuna,mallorca,False
878107,SP1,2022,2023-01-14,real sociedad,athletic club,False
878110,SP1,2022,2023-01-15,getafe,espanyol,False
878105,SP1,2022,2023-01-15,almeria,atletico madrid,False
878103,SP1,2022,2023-01-16,cadiz,elche,False
878118,SP1,2022,2023-01-20,mallorca,celta vigo,False
878116,SP1,2022,2023-01-21,rayo vallecano,real sociedad,False
878117,SP1,2022,2023-01-21,espanyol,real betis,False
878113,SP1,2022,2023-01-21,atletico madrid,valladolid,False
878119,SP1,2022,2023-01-21,sevilla,cadiz,False
878121,SP1,2022,2023-01-22,villarreal,girona,False
878115,SP1,2022,2023-01-22,elche,osasuna,False
878114,SP1,2022,2023-01-22,barcelona,getafe,False
878112,SP1,2022,2023-01-22,athletic club,real madrid,False
878120,SP1,2022,2023-01-23,valencia,almeria,False
878124,SP1,2022,2023-01-27,almeria,espanyol,False
878122,SP1,2022,2023-01-28,cadiz,mallorca,False
878127,SP1,2022,2023-01-28,girona,barcelona,False
878129,SP1,2022,2023-01-28,sevilla,elche,False
878128,SP1,2022,2023-01-28,getafe,real betis,False
878130,SP1,2022,2023-01-29,valladolid,valencia,False
878126,SP1,2022,2023-01-29,osasuna,atletico madrid,False
878125,SP1,2022,2023-01-29,celta vigo,athletic club,False
878123,SP1,2022,2023-01-29,real madrid,real sociedad,False
878131,SP1,2022,2023-01-30,villarreal,rayo vallecano,False
878108,SP1,2022,2023-02-01,real betis,barcelona,False
878104,SP1,2022,2023-02-02,real madrid,valencia,False
878132,SP1,2022,2023-02-03,athletic club,cadiz,False
878138,SP1,2022,2023-02-04,espanyol,osasuna,False
878136,SP1,2022,2023-02-04,elche,villarreal,False
878133,SP1,2022,2023-02-04,atletico madrid,getafe,False
878135,SP1,2022,2023-02-04,real betis,celta vigo,False
878137,SP1,2022,2023-02-05,mallorca,real madrid,False
878140,SP1,2022,2023-02-05,girona,valencia,False
878139,SP1,2022,2023-02-05,real sociedad,valladolid,False
878134,SP1,2022,2023-02-05,barcelona,sevilla,False
878141,SP1,2022,2023-02-06,rayo vallecano,almeria,False
878143,SP1,2022,2023-02-10,cadiz,girona,False
878145,SP1,2022,2023-02-11,almeria,real betis,False
878150,SP1,2022,2023-02-11,sevilla,mallorca,False
878146,SP1,2022,2023-02-11,valencia,athletic club,False
878142,SP1,2022,2023-02-12,getafe,rayo vallecano,False
878147,SP1,2022,2023-02-12,celta vigo,atletico madrid,False
878151,SP1,2022,2023-02-12,valladolid,osasuna,False
878148,SP1,2022,2023-02-12,villarreal,barcelona,False
878144,SP1,2022,2023-02-13,espanyol,real sociedad,False
878149,SP1,2022,2023-02-15,real madrid,elche,False
878161,SP1,2022,2023-02-17,girona,almeria,False
878160,SP1,2022,2023-02-18,real sociedad,celta vigo,False
878153,SP1,2022,2023-02-18,real betis,valladolid,False
878155,SP1,2022,2023-02-18,mallorca,villarreal,False
878157,SP1,2022,2023-02-18,osasuna,real madrid,False
878154,SP1,2022,2023-02-19,elche,espanyol,False
878158,SP1,2022,2023-02-19,rayo vallecano,sevilla,False
878159,SP1,2022,2023-02-19,atletico madrid,athletic club,False
878152,SP1,2022,2023-02-19,barcelona,cadiz,False
878156,SP1,2022,2023-02-20,getafe,valencia,False
878168,SP1,2022,2023-02-24,elche,real betis,False
878165,SP1,2022,2023-02-25,espanyol,mallorca,False
878164,SP1,2022,2023-02-25,cadiz,rayo vallecano,False
878167,SP1,2022,2023-02-25,real madrid,atletico madrid,False
878171,SP1,2022,2023-02-25,valencia,real sociedad,False
878162,SP1,2022,2023-02-26,athletic club,girona,False
878163,SP1,2022,2023-02-26,celta vigo,valladolid,False
878166,SP1,2022,2023-02-26,almeria,barcelona,False
878170,SP1,2022,2023-02-26,sevilla,osasuna,False
878169,SP1,2022,2023-02-27,villarreal,getafe,False
878180,SP1,2022,2023-03-03,real sociedad,cadiz,False
878175,SP1,2022,2023-03-04,getafe,girona,False
878176,SP1,2022,2023-03-04,almeria,villarreal,False
878179,SP1,2022,2023-03-04,mallorca,elche,False
878172,SP1,2022,2023-03-04,atletico madrid,sevilla,False
878181,SP1,2022,2023-03-05,valladolid,espanyol,False
878173,SP1,2022,2023-03-05,barcelona,valencia,False
878177,SP1,2022,2023-03-05,rayo vallecano,athletic club,False
878174,SP1,2022,2023-03-05,real betis,real madrid,False
878178,SP1,2022,2023-03-06,osasuna,celta vigo,False
878186,SP1,2022,2023-03-10,cadiz,getafe,False
878189,SP1,2022,2023-03-11,real madrid,espanyol,False
878184,SP1,2022,2023-03-11,elche,valladolid,False
878183,SP1,2022,2023-03-11,celta vigo,rayo vallecano,False
878190,SP1,2022,2023-03-11,valencia,osasuna,False
878185,SP1,2022,2023-03-12,mallorca,real sociedad,False
878191,SP1,2022,2023-03-12,sevilla,almeria,False
878188,SP1,2022,2023-03-12,villarreal,real betis,False
878182,SP1,2022,2023-03-12,athletic club,barcelona,False
878187,SP1,2022,2023-03-13,girona,atletico madrid,False
878198,SP1,2022,2023-03-17,valladolid,athletic club,False
878197,SP1,2022,2023-03-18,almeria,cadiz,False
878201,SP1,2022,2023-03-18,rayo vallecano,girona,False
878199,SP1,2022,2023-03-18,espanyol,celta vigo,False
878192,SP1,2022,2023-03-18,atletico madrid,valencia,False
878194,SP1,2022,2023-03-19,real betis,mallorca,False
878200,SP1,2022,2023-03-19,real sociedad,elche,False
878196,SP1,2022,2023-03-19,osasuna,villarreal,False
878195,SP1,2022,2023-03-19,getafe,sevilla,False
878193,SP1,2022,2023-03-19,barcelona,real madrid,False
878204,SP1,2022,2023-03-31,mallorca,osasuna,False
878208,SP1,2022,2023-04-01,girona,espanyol,False
878202,SP1,2022,2023-04-01,athletic club,getafe,False
878205,SP1,2022,2023-04-01,cadiz,sevilla,False
878207,SP1,2022,2023-04-01,elche,barcelona,False
878211,SP1,2022,2023-04-02,celta vigo,almeria,False
878206,SP1,2022,2023-04-02,real madrid,valladolid,False
878209,SP1,2022,2023-04-02,villarreal,real sociedad,False
878203,SP1,2022,2023-04-02,atletico madrid,real betis,False
878210,SP1,2022,2023-04-03,valencia,rayo vallecano,False
878218,SP1,2022,2023-04-07,sevilla,celta vigo,False
878219,SP1,2022,2023-04-08,osasuna,elche,False
878216,SP1,2022,2023-04-08,espanyol,athletic club,False
878221,SP1,2022,2023-04-08,real sociedad,getafe,False
878214,SP1,2022,2023-04-08,real madrid,villarreal,False
878220,SP1,2022,2023-04-09,valladolid,mallorca,False
878213,SP1,2022,2023-04-09,real betis,cadiz,False
878215,SP1,2022,2023-04-09,almeria,valencia,False
878217,SP1,2022,2023-04-09,rayo vallecano,atletico madrid,False
878212,SP1,2022,2023-04-10,barcelona,girona,False
878229,SP1,2022,2023-04-14,rayo vallecano,osasuna,False
878226,SP1,2022,2023-04-15,villarreal,valladolid,False
878222,SP1,2022,2023-04-15,athletic club,real sociedad,False
878223,SP1,2022,2023-04-15,real betis,espanyol,False
878225,SP1,2022,2023-04-15,cadiz,real madrid,False
878228,SP1,2022,2023-04-16,girona,elche,False
878227,SP1,2022,2023-04-16,getafe,barcelona,False
878231,SP1,2022,2023-04-16,atletico madrid,almeria,False
878230,SP1,2022,2023-04-16,valencia,sevilla,False
878224,SP1,2022,2023-04-17,celta vigo,mallorca,False
878239,SP1,2022,2023-04-21,espanyol,cadiz,False
878236,SP1,2022,2023-04-22,osasuna,real betis,False
878234,SP1,2022,2023-04-22,almeria,athletic club,False
878240,SP1,2022,2023-04-22,real sociedad,rayo vallecano,False
878241,SP1,2022,2023-04-22,valladolid,girona,False
878237,SP1,2022,2023-04-22,real madrid,celta vigo,False
878232,SP1,2022,2023-04-23,elche,valencia,False
878235,SP1,2022,2023-04-23,barcelona,atletico madrid,False
878238,SP1,2022,2023-04-23,mallorca,getafe,False
878233,SP1,2022,2023-04-23,sevilla,villarreal,False
878248,SP1,2022,2023-04-25,girona,real madrid,False
878246,SP1,2022,2023-04-25,cadiz,osasuna,False
878244,SP1,2022,2023-04-25,real betis,real sociedad,False
878243,SP1,2022,2023-04-26,atletico madrid,mallorca,False
878251,SP1,2022,2023-04-26,getafe,almeria,False
878245,SP1,2022,2023-04-26,celta vigo,elche,False
878249,SP1,2022,2023-04-26,rayo vallecano,barcelona,False
878247,SP1,2022,2023-04-27,valencia,valladolid,False
878250,SP1,2022,2023-04-27,villarreal,espanyol,False
878242,SP1,2022,2023-04-27,athletic club,sevilla,False
878256,SP1,2022,2023-04-28,osasuna,real sociedad,False
878253,SP1,2022,2023-04-29,elche,rayo vallecano,False
878260,SP1,2022,2023-04-29,real madrid,almeria,False
878252,SP1,2022,2023-04-29,barcelona,real betis,False
878254,SP1,2022,2023-04-30,cadiz,valencia,False
878259,SP1,2022,2023-04-30,villarreal,celta vigo,False
878255,SP1,2022,2023-04-30,espanyol,getafe,False
878258,SP1,2022,2023-04-30,valladolid,atletico madrid,False
878257,SP1,2022,2023-05-01,mallorca,athletic club,False
878261,SP1,2022,2023-05-01,sevilla,girona,False
878264,SP1,2022,2023-05-02,barcelona,osasuna,False
878267,SP1,2022,2023-05-02,almeria,elche,False
878271,SP1,2022,2023-05-02,real sociedad,real madrid,False
878265,SP1,2022,2023-05-03,valencia,villarreal,False
878263,SP1,2022,2023-05-03,atletico madrid,cadiz,False
878269,SP1,2022,2023-05-03,getafe,celta vigo,False
878270,SP1,2022,2023-05-04,sevilla,espanyol,False
878268,SP1,2022,2023-05-04,girona,mallorca,False
878262,SP1,2022,2023-05-04,athletic club,real betis,False
878266,SP1,2022,2023-05-04,rayo vallecano,valladolid,False
878278,SP1,2022,2023-05-12,mallorca,cadiz,False
878281,SP1,2022,2023-05-13,real sociedad,girona,False
878280,SP1,2022,2023-05-13,osasuna,almeria,False
878274,SP1,2022,2023-05-13,villarreal,athletic club,False
878277,SP1,2022,2023-05-13,real madrid,getafe,False
878273,SP1,2022,2023-05-14,celta vigo,valencia,False
878275,SP1,2022,2023-05-14,elche,atletico madrid,False
878279,SP1,2022,2023-05-14,valladolid,sevilla,False
878276,SP1,2022,2023-05-14,espanyol,barcelona,False
878272,SP1,2022,2023-05-15,real betis,rayo vallecano,False
878285,SP1,2022,2023-05-19,cadiz,valladolid,False
878287,SP1,2022,2023-05-20,girona,villarreal,False
878282,SP1,2022,2023-05-20,athletic club,celta vigo,False
878289,SP1,2022,2023-05-20,getafe,elche,False
878286,SP1,2022,2023-05-20,almeria,mallorca,False
878284,SP1,2022,2023-05-20,barcelona,real sociedad,False
878290,SP1,2022,2023-05-21,rayo vallecano,espanyol,False
878283,SP1,2022,2023-05-21,atletico madrid,osasuna,False
878291,SP1,2022,2023-05-21,valencia,real madrid,False
878288,SP1,2022,2023-05-21,sevilla,real betis,False
878293,SP1,2022,2023-05-23,celta vigo,girona,False
878301,SP1,2022,2023-05-23,real sociedad,almeria,False
878298,SP1,2022,2023-05-23,valladolid,barcelona,False
878299,SP1,2022,2023-05-24,villarreal,cadiz,False
878300,SP1,2022,2023-05-24,real madrid,rayo vallecano,False
878294,SP1,2022,2023-05-24,elche,sevilla,False
878297,SP1,2022,2023-05-24,espanyol,atletico madrid,False
878292,SP1,2022,2023-05-24,real betis,getafe,False
878295,SP1,2022,2023-05-25,mallorca,valencia,False
878296,SP1,2022,2023-05-25,osasuna,athletic club,False
878311,SP1,2022,2023-05-27,sevilla,real madrid,False
878304,SP1,2022,2023-05-28,barcelona,mallorca,False
878303,SP1,2022,2023-05-28,atletico madrid,real sociedad,False
878302,SP1,2022,2023-05-28,athletic club,elche,False
878310,SP1,2022,2023-05-28,valencia,espanyol,False
878305,SP1,2022,2023-05-28,getafe,osasuna,False
878309,SP1,2022,2023-05-28,girona,real betis,False
878308,SP1,2022,2023-05-28,almeria,valladolid,False
878306,SP1,2022,2023-05-28,cadiz,celta vigo,False
878307,SP1,2022,2023-05-28,rayo vallecano,villarreal,False
878316,SP1,2022,2023-06-04,villarreal,atletico madrid,False
878315,SP1,2022,2023-06-04,real madrid,athletic club,False
878314,SP1,2022,2023-06-04,real sociedad,sevilla,False
878321,SP1,2022,2023-06-04,osasuna,girona,False
878313,SP1,2022,2023-06-04,mallorca,rayo vallecano,False
878317,SP1,2022,2023-06-04,celta vigo,barcelona,False
878320,SP1,2022,2023-06-04,espanyol,almeria,False
878312,SP1,2022,2023-06-04,real betis,valencia,False
878318,SP1,2022,2023-06-04,valladolid,getafe,False
878319,SP1,2022,2023-06-04,elche,cadiz,False
1037952,SP1,2023,2023-08-11,almeria,rayo vallecano,False
1037956,SP1,2023,2023-08-11,sevilla,valencia,False
1037960,SP1,2023,2023-08-12,real sociedad,girona,False
1037957,SP1,2023,2023-08-12,las palmas,mallorca,False
1037953,SP1,2023,2023-08-12,athletic club,real madrid,False
1037955,SP1,2023,2023-08-13,celta vigo,osasuna,False
1037959,SP1,2023,2023-08-13,villarreal,real betis,False
1037958,SP1,2023,2023-08-13,getafe,barcelona,False
1037961,SP1,2023,2023-08-14,cadiz,alaves,False
1037954,SP1,2023,2023-08-14,atletico madrid,granada cf,False
1037964,SP1,2023,2023-08-18,mallorca,villarreal,False
1037971,SP1,2023,2023-08-18,valencia,las palmas,False
1037969,SP1,2023,2023-08-19,real sociedad,celta vigo,False
1037962,SP1,2023,2023-08-19,almeria,real madrid,False
1037967,SP1,2023,2023-08-19,osasuna,athletic club,False
1037970,SP1,2023,2023-08-20,girona,getafe,False
1037963,SP1,2023,2023-08-20,barcelona,cadiz,False
1037968,SP1,2023,2023-08-20,real betis,atletico madrid,False
1037966,SP1,2023,2023-08-21,alaves,sevilla,False
1037965,SP1,2023,2023-08-21,granada cf,rayo vallecano,False
1037975,SP1,2023,2023-08-25,las palmas,real sociedad,False
1037973,SP1,2023,2023-08-25,celta vigo,real madrid,False
1037976,SP1,2023,2023-08-26,cadiz,almeria,False
1037974,SP1,2023,2023-08-26,granada cf,mallorca,False
1037979,SP1,2023,2023-08-26,sevilla,girona,False
1037978,SP1,2023,2023-08-27,villarreal,barcelona,False
1037980,SP1,2023,2023-08-27,valencia,osasuna,False
1037972,SP1,2023,2023-08-27,athletic club,real betis,False
1037981,SP1,2023,2023-08-28,getafe,alaves,False
1037977,SP1,2023,2023-08-28,rayo vallecano,atletico madrid,False
1037985,SP1,2023,2023-09-01,cadiz,villarreal,False
1037982,SP1,2023,2023-09-01,almeria,celta vigo,False
1037991,SP1,2023,2023-09-02,real sociedad,granada cf,False
1037990,SP1,2023,2023-09-02,real madrid,getafe,False
1037987,SP1,2023,2023-09-02,alaves,valencia,False
1037984,SP1,2023,2023-09-02,real betis,rayo vallecano,False
1037986,SP1,2023,2023-09-03,girona,las palmas,False
1037988,SP1,2023,2023-09-03,mallorca,athletic club,False
1037989,SP1,2023,2023-09-03,osasuna,barcelona,False
1038001,SP1,2023,2023-09-15,rayo vallecano,alaves,False
1037992,SP1,2023,2023-09-16,athletic club,cadiz,False
1037998,SP1,2023,2023-09-16,valencia,atletico madrid,False
1037994,SP1,2023,2023-09-16,celta vigo,mallorca,False
1037993,SP1,2023,2023-09-16,barcelona,real betis,False
1037995,SP1,2023,2023-09-17,getafe,osasuna,False
1037997,SP1,2023,2023-09-17,villarreal,almeria,False
1038000,SP1,2023,2023-09-17,sevilla,las palmas,False
1037996,SP1,2023,2023-09-17,real madrid,real sociedad,False
1037999,SP1,2023,2023-09-18,granada cf,girona,False
1038009,SP1,2023,2023-09-22,alaves,athletic club,False
1038006,SP1,2023,2023-09-23,girona,mallorca,False
1038007,SP1,2023,2023-09-23,osasuna,sevilla,False
1038004,SP1,2023,2023-09-23,barcelona,celta vigo,False
1038002,SP1,2023,2023-09-23,almeria,valencia,False
1038010,SP1,2023,2023-09-24,real sociedad,getafe,False
1038008,SP1,2023,2023-09-24,rayo vallecano,villarreal,False
1038011,SP1,2023,2023-09-24,las palmas,granada cf,False
1038005,SP1,2023,2023-09-24,real betis,cadiz,False
1038003,SP1,2023,2023-09-24,atletico madrid,real madrid,False
1038014,SP1,2023,2023-09-26,sevilla,almeria,False
1038016,SP1,2023,2023-09-26,mallorca,barcelona,False
1038012,SP1,2023,2023-09-27,athletic club,getafe,False
1038018,SP1,2023,2023-09-27,villarreal,girona,False
1038020,SP1,2023,2023-09-27,real madrid,las palmas,False
1038019,SP1,2023,2023-09-27,valencia,real sociedad,False
1038013,SP1,2023,2023-09-27,cadiz,rayo vallecano,False
1038021,SP1,2023,2023-09-28,celta vigo,alaves,False
1038017,SP1,2023,2023-09-28,granada cf,real betis,False
1038015,SP1,2023,2023-09-28,osasuna,atletico madrid,False
1038024,SP1,2023,2023-09-29,barcelona,sevilla,False
1038026,SP1,2023,2023-09-30,getafe,villarreal,False
1038031,SP1,2023,2023-09-30,rayo vallecano,mallorca,False
1038027,SP1,2023,2023-09-30,girona,real madrid,False
1038029,SP1,2023,2023-09-30,real sociedad,athletic club,False
1038022,SP1,2023,2023-10-01,almeria,granada cf,False
1038028,SP1,2023,2023-10-01,alaves,osasuna,False
1038023,SP1,2023,2023-10-01,atletico madrid,cadiz,False
1038025,SP1,2023,2023-10-01,real betis,valencia,False
1038030,SP1,2023,2023-10-02,las palmas,celta vigo,False
1038037,SP1,2023,2023-10-06,athletic club,almeria,False
1038033,SP1,2023,2023-10-07,cadiz,girona,False
1038039,SP1,2023,2023-10-07,real madrid,osasuna,False
1038035,SP1,2023,2023-10-07,mallorca,valencia,False
1038040,SP1,2023,2023-10-07,sevilla,rayo vallecano,False
1038041,SP1,2023,2023-10-08,villarreal,las palmas,False
1038032,SP1,2023,2023-10-08,atletico madrid,real sociedad,False
1038034,SP1,2023,2023-10-08,celta vigo,getafe,False
1038036,SP1,2023,2023-10-08,alaves,real betis,False
1038038,SP1,2023,2023-10-08,granada cf,barcelona,False
1038050,SP1,2023,2023-10-20,osasuna,granada cf,False
1038048,SP1,2023,2023-10-21,real sociedad,mallorca,False
1038046,SP1,2023,2023-10-21,getafe,real betis,False
1038049,SP1,2023,2023-10-21,sevilla,real madrid,False
1038045,SP1,2023,2023-10-21,celta vigo,atletico madrid,False
1038042,SP1,2023,2023-10-22,las palmas,rayo vallecano,False
1038043,SP1,2023,2023-10-22,girona,almeria,False
1038051,SP1,2023,2023-10-22,villarreal,alaves,False
1038044,SP1,2023,2023-10-22,barcelona,athletic club,False
1038047,SP1,2023,2023-10-23,valencia,cadiz,False
1038059,SP1,2023,2023-10-27,girona,celta vigo,False
1038052,SP1,2023,2023-10-28,almeria,las palmas,False
1038054,SP1,2023,2023-10-28,barcelona,real madrid,False
1038060,SP1,2023,2023-10-28,mallorca,getafe,False
1038056,SP1,2023,2023-10-28,cadiz,sevilla,False
1038055,SP1,2023,2023-10-29,real betis,osasuna,False
1038057,SP1,2023,2023-10-29,rayo vallecano,real sociedad,False
1038053,SP1,2023,2023-10-29,athletic club,valencia,False
1038061,SP1,2023,2023-10-29,atletico madrid,alaves,False
1038058,SP1,2023,2023-10-30,granada cf,villarreal,False
1038066,SP1,2023,2023-11-03,las palmas,atletico madrid,False
1038069,SP1,2023,2023-11-04,osasuna,girona,False
1038062,SP1,2023,2023-11-04,real betis,mallorca,False
1038063,SP1,2023,2023-11-04,celta vigo,sevilla,False
1038067,SP1,2023,2023-11-04,real sociedad,barcelona,False
1038064,SP1,2023,2023-11-05,alaves,almeria,False
1038071,SP1,2023,2023-11-05,valencia,granada cf,False
1038065,SP1,2023,2023-11-05,villarreal,athletic club,False
1038070,SP1,2023,2023-11-05,real madrid,rayo vallecano,False
1038068,SP1,2023,2023-11-06,getafe,cadiz,False
1038073,SP1,2023,2023-11-10,athletic club,celta vigo,False
1038079,SP1,2023,2023-11-11,rayo vallecano,girona,False
1038072,SP1,2023,2023-11-11,almeria,real sociedad,False
1038078,SP1,2023,2023-11-11,granada cf,getafe,False
1038080,SP1,2023,2023-11-11,osasuna,las palmas,False
1038075,SP1,2023,2023-11-11,real madrid,valencia,False
1038081,SP1,2023,2023-11-12,barcelona,alaves,False
1038076,SP1,2023,2023-11-12,sevilla,real betis,False
1038074,SP1,2023,2023-11-12,atletico madrid,villarreal,False
1038086,SP1,2023,2023-11-24,alaves,granada cf,False
1038089,SP1,2023,2023-11-25,rayo vallecano,barcelona,False
1038090,SP1,2023,2023-11-25,valencia,celta vigo,False
1038087,SP1,2023,2023-11-25,getafe,almeria,False
1038082,SP1,2023,2023-11-25,atletico madrid,mallorca,False
1038091,SP1,2023,2023-11-26,villarreal,osasuna,False
1038085,SP1,2023,2023-11-26,real sociedad,sevilla,False
1038084,SP1,2023,2023-11-26,cadiz,real madrid,False
1038083,SP1,2023,2023-11-26,real betis,las palmas,False
1038088,SP1,2023,2023-11-27,girona,athletic club,False
1038077,SP1,2023,2023-11-29,mallorca,cadiz,False
1038099,SP1,2023,2023-12-01,las palmas,getafe,False
1038094,SP1,2023,2023-12-02,girona,valencia,False
1038093,SP1,2023,2023-12-02,athletic club,rayo vallecano,False
1038100,SP1,2023,2023-12-02,real madrid,granada cf,False
1038095,SP1,2023,2023-12-02,osasuna,real sociedad,False
1038101,SP1,2023,2023-12-03,mallorca,alaves,False
1038092,SP1,2023,2023-12-03,almeria,real betis,False
1038096,SP1,2023,2023-12-03,sevilla,villarreal,False
1038097,SP1,2023,2023-12-03,barcelona,atletico madrid,False
1038098,SP1,2023,2023-12-04,celta vigo,cadiz,False
1038105,SP1,2023,2023-12-08,getafe,valencia,False
1038107,SP1,2023,2023-12-09,alaves,las palmas,False
1038103,SP1,2023,2023-12-09,real betis,real madrid,False
1038111,SP1,2023,2023-12-09,villarreal,real sociedad,False
1038106,SP1,2023,2023-12-09,mallorca,sevilla,False
1038108,SP1,2023,2023-12-10,atletico madrid,almeria,False
1038104,SP1,2023,2023-12-10,cadiz,osasuna,False
1038102,SP1,2023,2023-12-10,barcelona,girona,False
1038109,SP1,2023,2023-12-11,granada cf,athletic club,False
1038110,SP1,2023,2023-12-11,rayo vallecano,celta vigo,False
1038115,SP1,2023,2023-12-15,osasuna,rayo vallecano,False
1038114,SP1,2023,2023-12-16,celta vigo,granada cf,False
1038113,SP1,2023,2023-12-16,athletic club,atletico madrid,False
1038120,SP1,2023,2023-12-16,sevilla,getafe,False
1038117,SP1,2023,2023-12-16,valencia,barcelona,False
1038112,SP1,2023,2023-12-17,almeria,mallorca,False
1038118,SP1,2023,2023-12-17,real sociedad,real betis,False
1038119,SP1,2023,2023-12-17,las palmas,cadiz,False
1038116,SP1,2023,2023-12-17,real madrid,villarreal,False
1038121,SP1,2023,2023-12-18,girona,alaves,False
1038127,SP1,2023,2023-12-19,rayo vallecano,valencia,False
1038123,SP1,2023,2023-12-19,atletico madrid,getafe,False
1038128,SP1,2023,2023-12-19,granada cf,sevilla,False
1038130,SP1,2023,2023-12-20,barcelona,almeria,False
1038122,SP1,2023,2023-12-20,athletic club,las palmas,False
1038131,SP1,2023,2023-12-20,villarreal,celta vigo,False
1038124,SP1,2023,2023-12-21,real betis,girona,False
1038125,SP1,2023,2023-12-21,cadiz,real sociedad,False
1038129,SP1,2023,2023-12-21,alaves,real madrid,False
1038126,SP1,2023,2023-12-21,mallorca,osasuna,False
1037983,SP1,2023,2023-12-23,atletico madrid,sevilla,False
1038132,SP1,2023,2024-01-02,getafe,rayo vallecano,False
1038141,SP1,2023,2024-01-02,real sociedad,alaves,False
1038133,SP1,2023,2024-01-02,valencia,villarreal,False
1038139,SP1,2023,2024-01-03,granada cf,cadiz,False
1038138,SP1,2023,2024-01-03,celta vigo,real betis,False
1038140,SP1,2023,2024-01-03,real madrid,mallorca,False
1038136,SP1,2023,2024-01-03,girona,atletico madrid,False
1038134,SP1,2023,2024-01-04,osasuna,almeria,False
1038135,SP1,2023,2024-01-04,sevilla,athletic club,False
1038137,SP1,2023,2024-01-04,las palmas,barcelona,False
1038151,SP1,2023,2024-01-12,sevilla,alaves,False
1038149,SP1,2023,2024-01-13,las palmas,villarreal,False
1038150,SP1,2023,2024-01-13,mallorca,celta vigo,False
1038143,SP1,2023,2024-01-13,athletic club,real sociedad,False
1038146,SP1,2023,2024-01-13,real betis,granada cf,False
1038142,SP1,2023,2024-01-14,almeria,girona,False
1038147,SP1,2023,2024-01-14,cadiz,valencia,False
1038154,SP1,2023,2024-01-19,alaves,cadiz,False
1038161,SP1,2023,2024-01-20,rayo vallecano,las palmas,False
1038160,SP1,2023,2024-01-20,villarreal,mallorca,False
1038156,SP1,2023,2024-01-20,valencia,athletic club,False
1038152,SP1,2023,2024-01-20,celta vigo,real sociedad,False
1038159,SP1,2023,2024-01-21,osasuna,getafe,False
1038155,SP1,2023,2024-01-21,real madrid,almeria,False
1038158,SP1,2023,2024-01-21,real betis,barcelona,False
1038153,SP1,2023,2024-01-21,girona,sevilla,False
1038157,SP1,2023,2024-01-22,granada cf,atletico madrid,False
1038171,SP1,2023,2024-01-26,almeria,alaves,False
1038170,SP1,2023,2024-01-27,real sociedad,rayo vallecano,False
1038166,SP1,2023,2024-01-27,las palmas,real madrid,False
1038163,SP1,2023,2024-01-27,barcelona,villarreal,False
1038168,SP1,2023,2024-01-27,mallorca,real betis,False
1038164,SP1,2023,2024-01-28,celta vigo,girona,False
1038167,SP1,2023,2024-01-28,cadiz,athletic club,False
1038169,SP1,2023,2024-01-28,sevilla,osasuna,False
1038162,SP1,2023,2024-01-28,atletico madrid,valencia,False
1038165,SP1,2023,2024-01-29,getafe,granada cf,False
1038145,SP1,2023,2024-01-31,barcelona,osasuna,False
1038144,SP1,2023,2024-01-31,atletico madrid,rayo vallecano,False
1038148,SP1,2023,2024-02-01,getafe,real madrid,False
1038172,SP1,2023,2024-02-02,athletic club,mallorca,False
1038178,SP1,2023,2024-02-03,valencia,almeria,False
1038176,SP1,2023,2024-02-03,granada cf,las palmas,False
1038177,SP1,2023,2024-02-03,alaves,barcelona,False
1038174,SP1,2023,2024-02-03,girona,real sociedad,False
1038180,SP1,2023,2024-02-04,villarreal,cadiz,False
1038181,SP1,2023,2024-02-04,osasuna,celta vigo,False
1038173,SP1,2023,2024-02-04,real betis,getafe,False
1038179,SP1,2023,2024-02-04,real madrid,atletico madrid,False
1038175,SP1,2023,2024-02-05,rayo vallecano,sevilla,False
1038188,SP1,2023,2024-02-09,cadiz,real betis,False
1038186,SP1,2023,2024-02-10,alaves,villarreal,False
1038191,SP1,2023,2024-02-10,real sociedad,osasuna,False
1038190,SP1,2023,2024-02-10,real madrid,girona,False
1038185,SP1,2023,2024-02-10,las palmas,valencia,False
1038189,SP1,2023,2024-02-11,getafe,celta vigo,False
1038184,SP1,2023,2024-02-11,mallorca,rayo vallecano,False
1038187,SP1,2023,2024-02-11,sevilla,atletico madrid,False
1038183,SP1,2023,2024-02-11,barcelona,granada cf,False
1038182,SP1,2023,2024-02-12,almeria,athletic club,False
1038199,SP1,2023,2024-02-16,villarreal,getafe,False
1038193,SP1,2023,2024-02-17,atletico madrid,las palmas,False
1038198,SP1,2023,2024-02-17,osasuna,cadiz,False
1038197,SP1,2023,2024-02-17,celta vigo,barcelona,False
1038200,SP1,2023,2024-02-17,valencia,sevilla,False
1038195,SP1,2023,2024-02-18,rayo vallecano,real madrid,False
1038196,SP1,2023,2024-02-18,granada cf,almeria,False
1038194,SP1,2023,2024-02-18,mallorca,real sociedad,False
1038201,SP1,2023,2024-02-18,real betis,alaves,False
1038192,SP1,2023,2024-02-19,athletic club,girona,False
1038207,SP1,2023,2024-02-23,real sociedad,villarreal,False
1038203,SP1,2023,2024-02-24,barcelona,getafe,False
1038210,SP1,2023,2024-02-24,alaves,mallorca,False
1038202,SP1,2023,2024-02-24,almeria,atletico madrid,False
1038204,SP1,2023,2024-02-25,cadiz,celta vigo,False
1038211,SP1,2023,2024-02-25,real betis,athletic club,False
1038209,SP1,2023,2024-02-25,las palmas,osasuna,False
1038206,SP1,2023,2024-02-25,real madrid,sevilla,False
1038205,SP1,2023,2024-02-26,girona,rayo vallecano,False
1038215,SP1,2023,2024-03-01,celta vigo,almeria,False
1038219,SP1,2023,2024-03-02,sevilla,real sociedad,False
1038216,SP1,2023,2024-03-02,rayo vallecano,cadiz,False
1038214,SP1,2023,2024-03-02,getafe,las palmas,False
1038218,SP1,2023,2024-03-02,valencia,real madrid,False
1038220,SP1,2023,2024-03-03,villarreal,granada cf,False
1038213,SP1,2023,2024-03-03,atletico madrid,real betis,False
1038217,SP1,2023,2024-03-03,mallorca,girona,False
1038212,SP1,2023,2024-03-03,athletic club,barcelona,False
1038221,SP1,2023,2024-03-04,osasuna,alaves,False
1038223,SP1,2023,2024-03-08,barcelona,mallorca,False
1038231,SP1,2023,2024-03-09,valencia,getafe,False
1038229,SP1,2023,2024-03-09,cadiz,atletico madrid,False
1038226,SP1,2023,2024-03-09,granada cf,real sociedad,False
1038225,SP1,2023,2024-03-09,girona,osasuna,False
1038227,SP1,2023,2024-03-10,alaves,rayo vallecano,False
1038228,SP1,2023,2024-03-10,las palmas,athletic club,False
1038230,SP1,2023,2024-03-10,real madrid,celta vigo,False
1038224,SP1,2023,2024-03-10,real betis,villarreal,False
1038222,SP1,2023,2024-03-11,almeria,sevilla,False
1038237,SP1,2023,2024-03-15,real sociedad,cadiz,False
1038240,SP1,2023,2024-03-16,mallorca,granada cf,False
1038234,SP1,2023,2024-03-16,osasuna,real madrid,False
1038233,SP1,2023,2024-03-16,getafe,girona,False
1038241,SP1,2023,2024-03-16,athletic club,alaves,False
1038238,SP1,2023,2024-03-17,sevilla,celta vigo,False
1038239,SP1,2023,2024-03-17,villarreal,valencia,False
1038235,SP1,2023,2024-03-17,las palmas,almeria,False
1038236,SP1,2023,2024-03-17,rayo vallecano,real betis,False
1038232,SP1,2023,2024-03-17,atletico madrid,barcelona,False
1038244,SP1,2023,2024-03-29,cadiz,granada cf,False
1038246,SP1,2023,2024-03-30,getafe,sevilla,False
1038242,SP1,2023,2024-03-30,almeria,osasuna,False
1038251,SP1,2023,2024-03-30,valencia,mallorca,False
1038243,SP1,2023,2024-03-30,barcelona,las palmas,False
1038245,SP1,2023,2024-03-31,celta vigo,rayo vallecano,False
1038250,SP1,2023,2024-03-31,girona,real betis,False
1038247,SP1,2023,2024-03-31,alaves,real sociedad,False
1038248,SP1,2023,2024-03-31,real madrid,athletic club,False
1038249,SP1,2023,2024-04-01,villarreal,atletico madrid,False
1038208,SP1,2023,2024-04-04,granada cf,valencia,False
1038254,SP1,2023,2024-04-12,real betis,celta vigo,False
1038253,SP1,2023,2024-04-13,atletico madrid,girona,False
1038260,SP1,2023,2024-04-13,rayo vallecano,getafe,False
1038255,SP1,2023,2024-04-13,mallorca,real madrid,False
1038259,SP1,2023,2024-04-13,cadiz,barcelona,False
1038257,SP1,2023,2024-04-14,las palmas,sevilla,False
1038261,SP1,2023,2024-04-14,granada cf,alaves,False
1038252,SP1,2023,2024-04-14,athletic club,villarreal,False
1038258,SP1,2023,2024-04-14,real sociedad,almeria,False
1038256,SP1,2023,2024-04-15,osasuna,valencia,False
1038263,SP1,2023,2024-04-19,athletic club,granada cf,False
1038264,SP1,2023,2024-04-20,celta vigo,las palmas,False
1038271,SP1,2023,2024-04-20,rayo vallecano,osasuna,False
1038268,SP1,2023,2024-04-20,valencia,real betis,False
1038269,SP1,2023,2024-04-20,girona,cadiz,False
1038265,SP1,2023,2024-04-21,getafe,real sociedad,False
1038262,SP1,2023,2024-04-21,almeria,villarreal,False
1038266,SP1,2023,2024-04-21,alaves,atletico madrid,False
1038267,SP1,2023,2024-04-21,real madrid,barcelona,False
1038270,SP1,2023,2024-04-22,sevilla,mallorca,False
1038281,SP1,2023,2024-04-26,real sociedad,real madrid,False
1038279,SP1,2023,2024-04-27,las palmas,girona,False
1038272,SP1,2023,2024-04-27,almeria,getafe,False
1038277,SP1,2023,2024-04-27,alaves,celta vigo,False
1038278,SP1,2023,2024-04-27,atletico madrid,athletic club,False
1038275,SP1,2023,2024-04-28,cadiz,mallorca,False
1038276,SP1,2023,2024-04-28,granada cf,osasuna,False
1038280,SP1,2023,2024-04-28,villarreal,rayo vallecano,False
1038274,SP1,2023,2024-04-28,real betis,sevilla,False
1038273,SP1,2023,2024-04-29,barcelona,valencia,False
1038284,SP1,2023,2024-05-03,getafe,athletic club,False
1038290,SP1,2023,2024-05-04,real sociedad,las palmas,False
1038288,SP1,2023,2024-05-04,real madrid,cadiz,False
1038286,SP1,2023,2024-05-04,girona,barcelona,False
1038285,SP1,2023,2024-05-04,mallorca,atletico madrid,False
1038287,SP1,2023,2024-05-05,osasuna,real betis,False
1038282,SP1,2023,2024-05-05,celta vigo,villarreal,False
1038291,SP1,2023,2024-05-05,valencia,alaves,False
1038289,SP1,2023,2024-05-05,sevilla,granada cf,False
1038283,SP1,2023,2024-05-05,rayo vallecano,almeria,False
1038297,SP1,2023,2024-05-10,alaves,girona,False
1038301,SP1,2023,2024-05-11,mallorca,las palmas,False
1038300,SP1,2023,2024-05-11,villarreal,sevilla,False
1038296,SP1,2023,2024-05-11,granada cf,real madrid,False
1038292,SP1,2023,2024-05-11,athletic club,osasuna,False
1038295,SP1,2023,2024-05-12,cadiz,getafe,False
1038293,SP1,2023,2024-05-12,atletico madrid,celta vigo,False
1038299,SP1,2023,2024-05-12,valencia,rayo vallecano,False
1038298,SP1,2023,2024-05-12,real betis,almeria,False
1038294,SP1,2023,2024-05-13,barcelona,real sociedad,False
1038309,SP1,2023,2024-05-14,osasuna,mallorca,False
1038311,SP1,2023,2024-05-14,real madrid,alaves,False
1038303,SP1,2023,2024-05-14,girona,villarreal,False
1038308,SP1,2023,2024-05-15,sevilla,cadiz,False
1038310,SP1,2023,2024-05-15,rayo vallecano,granada cf,False
1038305,SP1,2023,2024-05-15,celta vigo,athletic club,False
1038306,SP1,2023,2024-05-15,getafe,atletico madrid,False
1038307,SP1,2023,2024-05-16,las palmas,real betis,False
1038302,SP1,2023,2024-05-16,almeria,barcelona,False
1038304,SP1,2023,2024-05-16,real sociedad,valencia,False
1038317,SP1,2023,2024-05-18,alaves,getafe,False
1038314,SP1,2023,2024-05-19,barcelona,rayo vallecano,False
1038313,SP1,2023,2024-05-19,atletico madrid,osasuna,False
1038312,SP1,2023,2024-05-19,athletic club,sevilla,False
1038320,SP1,2023,2024-05-19,valencia,girona,False
1038321,SP1,2023,2024-05-19,villarreal,real madrid,False
1038315,SP1,2023,2024-05-19,real betis,real sociedad,False
1038319,SP1,2023,2024-05-19,granada cf,celta vigo,False
1038316,SP1,2023,2024-05-19,cadiz,las palmas,False
1038318,SP1,2023,2024-05-19,mallorca,almeria,False
1038325,SP1,2023,2024-05-24,girona,granada cf,False
1038326,SP1,2023,2024-05-25,osasuna,villarreal,False
1038328,SP1,2023,2024-05-25,real sociedad,atletico madrid,False
1038322,SP1,2023,2024-05-25,almeria,cadiz,False
1038327,SP1,2023,2024-05-25,rayo vallecano,athletic club,False
1038330,SP1,2023,2024-05-25,real madrid,real betis,False
1038324,SP1,2023,2024-05-26,getafe,mallorca,False
1038331,SP1,2023,2024-05-26,las palmas,alaves,False
1038323,SP1,2023,2024-05-26,celta vigo,valencia,False
1038329,SP1,2023,2024-05-26,sevilla,barcelona,False
1208494,SP1,2024,2024-08-15,athletic club,getafe,False
1208495,SP1,2024,2024-08-15,real betis,girona,False
1208501,SP1,2024,2024-08-16,celta vigo,alaves,False
1208497,SP1,2024,2024-08-16,las palmas,sevilla,False
1208502,SP1,2024,2024-08-17,osasuna,leganes,False
1208499,SP1,2024,2024-08-17,valencia,barcelona,False
1208500,SP1,2024,2024-08-18,real sociedad,rayo vallecano,False
1208496,SP1,2024,2024-08-18,mallorca,real madrid,False
1212910,SP1,2024,2024-08-19,valladolid,espanyol,False
1208498,SP1,2024,2024-08-19,villarreal,atletico madrid,False
1208504,SP1,2024,2024-08-23,celta vigo,valencia,False
1208507,SP1,2024,2024-08-23,sevilla,villarreal,False
1208511,SP1,2024,2024-08-24,osasuna,mallorca,False
1208510,SP1,2024,2024-08-24,barcelona,athletic club,False
1212911,SP1,2024,2024-08-24,espanyol,real sociedad,False
1208505,SP1,2024,2024-08-24,getafe,rayo vallecano,False
1208506,SP1,2024,2024-08-25,real madrid,valladolid,False
1208509,SP1,2024,2024-08-25,leganes,las palmas,False
1208508,SP1,2024,2024-08-25,alaves,real betis,False
1208503,SP1,2024,2024-08-25,atletico madrid,girona,False
1208518,SP1,2024,2024-08-26,villarreal,celta vigo,False
1208515,SP1,2024,2024-08-27,mallorca,sevilla,False
1208517,SP1,2024,2024-08-27,rayo vallecano,barcelona,False
1208512,SP1,2024,2024-08-28,athletic club,valencia,False
1208520,SP1,2024,2024-08-28,valladolid,leganes,False
1212912,SP1,2024,2024-08-28,atletico madrid,espanyol,False
1208519,SP1,2024,2024-08-28,real sociedad,alaves,False
1208514,SP1,2024,2024-08-29,girona,osasuna,False
1208516,SP1,2024,2024-08-29,las palmas,real madrid,False
1208522,SP1,2024,2024-08-31,barcelona,valladolid,False
1208521,SP1,2024,2024-08-31,athletic club,atletico madrid,False
1212913,SP1,2024,2024-08-31,espanyol,rayo vallecano,False
1208524,SP1,2024,2024-08-31,valencia,villarreal,False
1208526,SP1,2024,2024-08-31,leganes,mallorca,False
1208525,SP1,2024,2024-09-01,alaves,las palmas,False
1208528,SP1,2024,2024-09-01,osasuna,celta vigo,False
1208529,SP1,2024,2024-09-01,sevilla,girona,False
1208523,SP1,2024,2024-09-01,getafe,real sociedad,False
1208527,SP1,2024,2024-09-01,real madrid,real betis,False
1208531,SP1,2024,2024-09-13,real betis,leganes,False
1208533,SP1,2024,2024-09-14,mallorca,villarreal,False
1212914,SP1,2024,2024-09-14,espanyol,alaves,False
1208536,SP1,2024,2024-09-14,sevilla,getafe,False
1208538,SP1,2024,2024-09-14,real sociedad,real madrid,False
1208532,SP1,2024,2024-09-15,celta vigo,valladolid,False
1208535,SP1,2024,2024-09-15,girona,barcelona,False
1208534,SP1,2024,2024-09-15,las palmas,athletic club,False
1208530,SP1,2024,2024-09-15,atletico madrid,valencia,False
1208537,SP1,2024,2024-09-16,rayo vallecano,osasuna,False
1208550,SP1,2024,2024-09-17,mallorca,real sociedad,False
1208513,SP1,2024,2024-09-18,real betis,getafe,False
1208552,SP1,2024,2024-09-19,leganes,athletic club,False
1208542,SP1,2024,2024-09-20,alaves,sevilla,False
1208546,SP1,2024,2024-09-21,valladolid,real sociedad,False
1208547,SP1,2024,2024-09-21,osasuna,las palmas,False
1208545,SP1,2024,2024-09-21,valencia,girona,False
1212915,SP1,2024,2024-09-21,real madrid,espanyol,False
1208541,SP1,2024,2024-09-22,getafe,leganes,False
1208539,SP1,2024,2024-09-22,athletic club,celta vigo,False
1208544,SP1,2024,2024-09-22,villarreal,barcelona,False
1208543,SP1,2024,2024-09-22,rayo vallecano,atletico madrid,False
1208540,SP1,2024,2024-09-23,real betis,mallorca,False
1208555,SP1,2024,2024-09-24,valencia,osasuna,False
1208551,SP1,2024,2024-09-24,sevilla,valladolid,False
1208556,SP1,2024,2024-09-24,real madrid,alaves,False
1208549,SP1,2024,2024-09-25,girona,rayo vallecano,False
1208548,SP1,2024,2024-09-25,barcelona,getafe,False
1208554,SP1,2024,2024-09-26,las palmas,real betis,False
1212916,SP1,2024,2024-09-26,espanyol,villarreal,False
1208553,SP1,2024,2024-09-26,celta vigo,atletico madrid,False
1208562,SP1,2024,2024-09-27,valladolid,mallorca,False
1208564,SP1,2024,2024-09-28,getafe,alaves,False
1208565,SP1,2024,2024-09-28,rayo vallecano,leganes,False
1208560,SP1,2024,2024-09-28,real sociedad,valencia,False
1208561,SP1,2024,2024-09-28,osasuna,barcelona,False
1208559,SP1,2024,2024-09-29,celta vigo,girona,False
1208557,SP1,2024,2024-09-29,athletic club,sevilla,False
1212917,SP1,2024,2024-09-29,real betis,espanyol,False
1208558,SP1,2024,2024-09-29,atletico madrid,real madrid,False
1208563,SP1,2024,2024-09-30,villarreal,las palmas,False
1208569,SP1,2024,2024-10-04,leganes,valencia,False
1212918,SP1,2024,2024-10-05,espanyol,mallorca,False
1208566,SP1,2024,2024-10-05,getafe,osasuna,False
1208573,SP1,2024,2024-10-05,las palmas,celta vigo,False
1208574,SP1,2024,2024-10-05,valladolid,rayo vallecano,False
1208567,SP1,2024,2024-10-05,real madrid,villarreal,False
1208570,SP1,2024,2024-10-06,girona,athletic club,False
1208568,SP1,2024,2024-10-06,alaves,barcelona,False
1208572,SP1,2024,2024-10-06,sevilla,real betis,False
1208571,SP1,2024,2024-10-06,real sociedad,atletico madrid,False
1208580,SP1,2024,2024-10-18,alaves,valladolid,False
1212919,SP1,2024,2024-10-19,athletic club,espanyol,False
1208581,SP1,2024,2024-10-19,osasuna,real betis,False
1208578,SP1,2024,2024-10-19,girona,real sociedad,False
1208577,SP1,2024,2024-10-19,celta vigo,real madrid,False
1208579,SP1,2024,2024-10-20,mallorca,rayo vallecano,False
1208575,SP1,2024,2024-10-20,atletico madrid,leganes,False
1208582,SP1,2024,2024-10-20,villarreal,getafe,False
1208576,SP1,2024,2024-10-20,barcelona,sevilla,False
1208583,SP1,2024,2024-10-21,valencia,las palmas,False
1212920,SP1,2024,2024-10-25,espanyol,sevilla,False
1208591,SP1,2024,2024-10-26,valladolid,villarreal,False
1208592,SP1,2024,2024-10-26,rayo vallecano,alaves,False
1208589,SP1,2024,2024-10-26,las palmas,girona,False
1208587,SP1,2024,2024-10-26,real madrid,barcelona,False
1208588,SP1,2024,2024-10-27,leganes,celta vigo,False
1208584,SP1,2024,2024-10-27,getafe,valencia,False
1208586,SP1,2024,2024-10-27,real betis,atletico madrid,False
1208590,SP1,2024,2024-10-27,real sociedad,osasuna,False
1208585,SP1,2024,2024-10-28,mallorca,athletic club,False
1208598,SP1,2024,2024-11-01,alaves,mallorca,False
1208597,SP1,2024,2024-11-02,osasuna,valladolid,False
1208596,SP1,2024,2024-11-02,girona,leganes,False
1208594,SP1,2024,2024-11-03,atletico madrid,las palmas,False
1212921,SP1,2024,2024-11-03,barcelona,espanyol,False
1208601,SP1,2024,2024-11-03,sevilla,real sociedad,False
1208593,SP1,2024,2024-11-03,athletic club,real betis,False
1208595,SP1,2024,2024-11-04,celta vigo,getafe,False
1208609,SP1,2024,2024-11-08,rayo vallecano,las palmas,False
1208608,SP1,2024,2024-11-09,real madrid,osasuna,False
1208610,SP1,2024,2024-11-09,villarreal,alaves,False
1208604,SP1,2024,2024-11-09,leganes,sevilla,False
1208602,SP1,2024,2024-11-10,real betis,celta vigo,False
1208606,SP1,2024,2024-11-10,mallorca,atletico madrid,False
1208603,SP1,2024,2024-11-10,getafe,girona,False
1208605,SP1,2024,2024-11-10,valladolid,athletic club,False
1208607,SP1,2024,2024-11-10,real sociedad,barcelona,False
1208612,SP1,2024,2024-11-22,getafe,valladolid,False
1208617,SP1,2024,2024-11-23,valencia,real betis,False
1208619,SP1,2024,2024-11-23,atletico madrid,alaves,False
1208614,SP1,2024,2024-11-23,las palmas,mallorca,False
1212923,SP1,2024,2024-11-23,girona,espanyol,False
1208616,SP1,2024,2024-11-23,celta vigo,barcelona,False
1208613,SP1,2024,2024-11-24,osasuna,villarreal,False
1208618,SP1,2024,2024-11-24,sevilla,rayo vallecano,False
1208615,SP1,2024,2024-11-24,leganes,real madrid,False
1208611,SP1,2024,2024-11-24,athletic club,real sociedad,False
1208621,SP1,2024,2024-11-29,mallorca,valencia,False
1208620,SP1,2024,2024-11-30,barcelona,las palmas,False
1208622,SP1,2024,2024-11-30,alaves,leganes,False
1212924,SP1,2024,2024-11-30,espanyol,celta vigo,False
1208624,SP1,2024,2024-11-30,valladolid,atletico madrid,False
1208627,SP1,2024,2024-12-01,villarreal,girona,False
1208626,SP1,2024,2024-12-01,real madrid,getafe,False
1208623,SP1,2024,2024-12-01,rayo vallecano,athletic club,False
1208625,SP1,2024,2024-12-01,real sociedad,real betis,False
1208628,SP1,2024,2024-12-02,sevilla,osasuna,False
1208661,SP1,2024,2024-12-03,mallorca,barcelona,False
1208656,SP1,2024,2024-12-04,athletic club,real madrid,False
1208631,SP1,2024,2024-12-06,celta vigo,mallorca,False
1208633,SP1,2024,2024-12-07,las palmas,valladolid,False
1208635,SP1,2024,2024-12-07,real betis,barcelona,False
1208636,SP1,2024,2024-12-07,valencia,rayo vallecano,False
1208632,SP1,2024,2024-12-07,girona,real madrid,False
1208634,SP1,2024,2024-12-08,leganes,real sociedad,False
1208629,SP1,2024,2024-12-08,athletic club,villarreal,False
1208637,SP1,2024,2024-12-08,osasuna,alaves,False
1208630,SP1,2024,2024-12-08,atletico madrid,sevilla,False
1212925,SP1,2024,2024-12-09,getafe,espanyol,False
1208645,SP1,2024,2024-12-13,valladolid,valencia,False
1212926,SP1,2024,2024-12-14,espanyol,osasuna,False
1208644,SP1,2024,2024-12-14,mallorca,girona,False
1208643,SP1,2024,2024-12-14,sevilla,celta vigo,False
1208640,SP1,2024,2024-12-14,rayo vallecano,real madrid,False
1208638,SP1,2024,2024-12-15,atletico madrid,getafe,False
1208641,SP1,2024,2024-12-15,alaves,athletic club,False
1208642,SP1,2024,2024-12-15,villarreal,real betis,False
1208646,SP1,2024,2024-12-15,real sociedad,las palmas,False
1208639,SP1,2024,2024-12-15,barcelona,leganes,False
1208599,SP1,2024,2024-12-18,villarreal,rayo vallecano,False
1212922,SP1,2024,2024-12-18,espanyol,valencia,False
1208650,SP1,2024,2024-12-20,girona,valladolid,False
1208649,SP1,2024,2024-12-21,getafe,mallorca,False
1208648,SP1,2024,2024-12-21,celta vigo,real sociedad,False
1208653,SP1,2024,2024-12-21,osasuna,athletic club,False
1208654,SP1,2024,2024-12-21,barcelona,atletico madrid,False
1208655,SP1,2024,2024-12-22,valencia,alaves,False
1208651,SP1,2024,2024-12-22,real madrid,sevilla,False
1212927,SP1,2024,2024-12-22,las palmas,espanyol,False
1208652,SP1,2024,2024-12-22,leganes,villarreal,False
1208647,SP1,2024,2024-12-22,real betis,rayo vallecano,False
1208600,SP1,2024,2025-01-03,valencia,real madrid,False
1208663,SP1,2024,2025-01-10,rayo vallecano,celta vigo,False
1208660,SP1,2024,2025-01-11,alaves,girona,False
1208662,SP1,2024,2025-01-11,valladolid,real betis,False
1212928,SP1,2024,2025-01-11,espanyol,leganes,False
1208659,SP1,2024,2025-01-11,sevilla,valencia,False
1208664,SP1,2024,2025-01-12,las palmas,getafe,False
1208657,SP1,2024,2025-01-12,atletico madrid,osasuna,False
1208658,SP1,2024,2025-01-13,real sociedad,villarreal,False
1212929,SP1,2024,2025-01-17,espanyol,valladolid,False
1208665,SP1,2024,2025-01-18,girona,sevilla,False
1208668,SP1,2024,2025-01-18,leganes,atletico madrid,False
1208673,SP1,2024,2025-01-18,real betis,alaves,False
1208669,SP1,2024,2025-01-18,getafe,barcelona,False
1208667,SP1,2024,2025-01-19,celta vigo,athletic club,False
1208672,SP1,2024,2025-01-19,real madrid,las palmas,False
1208666,SP1,2024,2025-01-19,osasuna,rayo vallecano,False
1208671,SP1,2024,2025-01-19,valencia,real sociedad,False
1208670,SP1,2024,2025-01-20,villarreal,mallorca,False
1208677,SP1,2024,2025-01-24,las palmas,osasuna,False
1208679,SP1,2024,2025-01-25,mallorca,real betis,False
1208675,SP1,2024,2025-01-25,atletico madrid,villarreal,False
1212930,SP1,2024,2025-01-25,sevilla,espanyol,False
1208682,SP1,2024,2025-01-25,valladolid,real madrid,False
1208681,SP1,2024,2025-01-26,rayo vallecano,girona,False
1208680,SP1,2024,2025-01-26,real sociedad,getafe,False
1208674,SP1,2024,2025-01-26,athletic club,leganes,False
1208676,SP1,2024,2025-01-26,barcelona,valencia,False
1208678,SP1,2024,2025-01-27,alaves,celta vigo,False
1208688,SP1,2024,2025-01-31,leganes,rayo vallecano,False
1208684,SP1,2024,2025-02-01,getafe,sevilla,False
1208687,SP1,2024,2025-02-01,villarreal,valladolid,False
1208683,SP1,2024,2025-02-01,atletico madrid,mallorca,False
1212931,SP1,2024,2025-02-01,espanyol,real madrid,False
1208691,SP1,2024,2025-02-02,barcelona,alaves,False
1208690,SP1,2024,2025-02-02,valencia,celta vigo,False
1208686,SP1,2024,2025-02-02,osasuna,real sociedad,False
1208689,SP1,2024,2025-02-02,real betis,athletic club,False
1208685,SP1,2024,2025-02-03,girona,las palmas,False
1208694,SP1,2024,2025-02-07,rayo vallecano,valladolid,False
1208699,SP1,2024,2025-02-08,celta vigo,real betis,False
1208692,SP1,2024,2025-02-08,athletic club,girona,False
1208695,SP1,2024,2025-02-08,las palmas,villarreal,False
1208697,SP1,2024,2025-02-08,real madrid,atletico madrid,False
1208696,SP1,2024,2025-02-09,alaves,getafe,False
1208700,SP1,2024,2025-02-09,valencia,leganes,False
1212932,SP1,2024,2025-02-09,real sociedad,espanyol,False
1208698,SP1,2024,2025-02-09,sevilla,barcelona,False
1208693,SP1,2024,2025-02-10,mallorca,osasuna,False
1208705,SP1,2024,2025-02-14,girona,getafe,False
1208709,SP1,2024,2025-02-15,leganes,alaves,False
1208704,SP1,2024,2025-02-15,osasuna,real madrid,False
1208701,SP1,2024,2025-02-15,atletico madrid,celta vigo,False
1208707,SP1,2024,2025-02-15,villarreal,valencia,False
1212933,SP1,2024,2025-02-16,espanyol,athletic club,False
1208706,SP1,2024,2025-02-16,valladolid,sevilla,False
1208708,SP1,2024,2025-02-16,mallorca,las palmas,False
1208703,SP1,2024,2025-02-16,real betis,real sociedad,False
1208702,SP1,2024,2025-02-17,barcelona,rayo vallecano,False
1208711,SP1,2024,2025-02-21,celta vigo,osasuna,False
1212934,SP1,2024,2025-02-22,alaves,espanyol,False
1208712,SP1,2024,2025-02-22,rayo vallecano,villarreal,False
1208713,SP1,2024,2025-02-22,valencia,atletico madrid,False
1208714,SP1,2024,2025-02-22,las palmas,barcelona,False
1208710,SP1,2024,2025-02-23,athletic club,valladolid,False
1208716,SP1,2024,2025-02-23,real madrid,girona,False
1208715,SP1,2024,2025-02-23,getafe,real betis,False
1208718,SP1,2024,2025-02-23,real sociedad,leganes,False
1208717,SP1,2024,2025-02-24,sevilla,mallorca,False
1208726,SP1,2024,2025-02-28,valladolid,las palmas,False
1208724,SP1,2024,2025-03-01,girona,celta vigo,False
1208722,SP1,2024,2025-03-01,rayo vallecano,sevilla,False
1208720,SP1,2024,2025-03-01,real betis,real madrid,False
1208723,SP1,2024,2025-03-01,atletico madrid,athletic club,False
1208725,SP1,2024,2025-03-02,leganes,getafe,False
1208719,SP1,2024,2025-03-02,barcelona,real sociedad,False
1208727,SP1,2024,2025-03-02,mallorca,alaves,False
1208721,SP1,2024,2025-03-02,osasuna,valencia,False
1208731,SP1,2024,2025-03-08,celta vigo,leganes,False
1208734,SP1,2024,2025-03-08,alaves,villarreal,False
1208733,SP1,2024,2025-03-08,valencia,valladolid,False
1208735,SP1,2024,2025-03-09,getafe,atletico madrid,False
1208736,SP1,2024,2025-03-09,real madrid,rayo vallecano,False
1208728,SP1,2024,2025-03-09,athletic club,mallorca,False
1208730,SP1,2024,2025-03-09,real betis,las palmas,False
1208732,SP1,2024,2025-03-09,real sociedad,sevilla,False
1212936,SP1,2024,2025-03-10,espanyol,girona,False
1208745,SP1,2024,2025-03-14,las palmas,alaves,False
1208742,SP1,2024,2025-03-15,valladolid,celta vigo,False
1212937,SP1,2024,2025-03-15,mallorca,espanyol,False
1208744,SP1,2024,2025-03-15,villarreal,real madrid,False
1208738,SP1,2024,2025-03-15,girona,valencia,False
1208741,SP1,2024,2025-03-16,leganes,real betis,False
1208740,SP1,2024,2025-03-16,sevilla,athletic club,False
1208743,SP1,2024,2025-03-16,osasuna,getafe,False
1208739,SP1,2024,2025-03-16,rayo vallecano,real sociedad,False
1208737,SP1,2024,2025-03-16,atletico madrid,barcelona,False
1208729,SP1,2024,2025-03-27,barcelona,osasuna,False
1208751,SP1,2024,2025-03-29,real sociedad,valladolid,False
1212938,SP1,2024,2025-03-29,espanyol,atletico madrid,False
1208752,SP1,2024,2025-03-29,alaves,rayo vallecano,False
1208754,SP1,2024,2025-03-29,real madrid,leganes,False
1208750,SP1,2024,2025-03-30,getafe,villarreal,False
1208747,SP1,2024,2025-03-30,barcelona,girona,False
1208746,SP1,2024,2025-03-30,athletic club,osasuna,False
1208753,SP1,2024,2025-03-30,valencia,mallorca,False
1208748,SP1,2024,2025-03-30,real betis,sevilla,False
1208749,SP1,2024,2025-03-31,celta vigo,las palmas,False
1212939,SP1,2024,2025-04-04,rayo vallecano,espanyol,False
1208763,SP1,2024,2025-04-05,girona,alaves,False
1208756,SP1,2024,2025-04-05,real madrid,valencia,False
1208761,SP1,2024,2025-04-05,mallorca,celta vigo,False
1208755,SP1,2024,2025-04-05,barcelona,real betis,False
1208757,SP1,2024,2025-04-06,las palmas,real sociedad,False
1208760,SP1,2024,2025-04-06,sevilla,atletico madrid,False
1208762,SP1,2024,2025-04-06,valladolid,getafe,False
1208759,SP1,2024,2025-04-06,villarreal,athletic club,False
1208758,SP1,2024,2025-04-07,leganes,osasuna,False
1208772,SP1,2024,2025-04-11,valencia,sevilla,False
1208771,SP1,2024,2025-04-12,real sociedad,mallorca,False
1208767,SP1,2024,2025-04-12,getafe,las palmas,False
1212940,SP1,2024,2025-04-12,celta vigo,espanyol,False
1208769,SP1,2024,2025-04-12,leganes,barcelona,False
1208770,SP1,2024,2025-04-13,osasuna,girona,False
1208768,SP1,2024,2025-04-13,alaves,real madrid,False
1208766,SP1,2024,2025-04-13,real betis,villarreal,False
1208764,SP1,2024,2025-04-13,athletic club,rayo vallecano,False
1208765,SP1,2024,2025-04-14,atletico madrid,valladolid,False
1212941,SP1,2024,2025-04-18,espanyol,getafe,False
1208774,SP1,2024,2025-04-19,rayo vallecano,valencia,False
1208773,SP1,2024,2025-04-19,barcelona,celta vigo,False
1208781,SP1,2024,2025-04-19,mallorca,leganes,False
1208776,SP1,2024,2025-04-19,las palmas,atletico madrid,False
1208778,SP1,2024,2025-04-20,valladolid,osasuna,False
1208779,SP1,2024,2025-04-20,villarreal,real sociedad,False
1208780,SP1,2024,2025-04-20,sevilla,alaves,False
1208775,SP1,2024,2025-04-20,real madrid,athletic club,False
1208777,SP1,2024,2025-04-21,girona,real betis,False
1212942,SP1,2024,2025-04-22,valencia,espanyol,False
1208784,SP1,2024,2025-04-22,barcelona,mallorca,False
1208782,SP1,2024,2025-04-23,athletic club,las palmas,False
1208786,SP1,2024,2025-04-23,celta vigo,villarreal,False
1208789,SP1,2024,2025-04-23,alaves,real sociedad,False
1208787,SP1,2024,2025-04-23,getafe,real madrid,False
1208790,SP1,2024,2025-04-24,leganes,girona,False
1208788,SP1,2024,2025-04-24,osasuna,sevilla,False
1208783,SP1,2024,2025-04-24,atletico madrid,rayo vallecano,False
1208785,SP1,2024,2025-04-24,real betis,valladolid,False
1212935,SP1,2024,2025-04-27,villarreal,espanyol,False
1208797,SP1,2024,2025-05-02,rayo vallecano,getafe,False
1208793,SP1,2024,2025-05-03,alaves,atletico madrid,False
1208798,SP1,2024,2025-05-03,villarreal,osasuna,False
1208792,SP1,2024,2025-05-03,las palmas,valencia,False
1208795,SP1,2024,2025-05-03,valladolid,barcelona,False
1208796,SP1,2024,2025-05-04,real madrid,celta vigo,False
1208799,SP1,2024,2025-05-04,sevilla,leganes,False
1212943,SP1,2024,2025-05-04,espanyol,real betis,False
1208794,SP1,2024,2025-05-04,real sociedad,athletic club,False
1208791,SP1,2024,2025-05-05,girona,mallorca,False
1208806,SP1,2024,2025-05-09,las palmas,rayo vallecano,False
1208807,SP1,2024,2025-05-10,valencia,getafe,False
1208803,SP1,2024,2025-05-10,celta vigo,sevilla,False
1208804,SP1,2024,2025-05-10,girona,villarreal,False
1208805,SP1,2024,2025-05-10,mallorca,valladolid,False
1208800,SP1,2024,2025-05-10,atletico madrid,real sociedad,False
1212944,SP1,2024,2025-05-11,leganes,espanyol,False
1208801,SP1,2024,2025-05-11,barcelona,real madrid,False
1208808,SP1,2024,2025-05-11,athletic club,alaves,False
1208802,SP1,2024,2025-05-11,real betis,osasuna,False
1208814,SP1,2024,2025-05-13,valladolid,girona,False
1208813,SP1,2024,2025-05-13,real sociedad,celta vigo,False
1208816,SP1,2024,2025-05-13,sevilla,las palmas,False
1208817,SP1,2024,2025-05-14,villarreal,leganes,False
1208809,SP1,2024,2025-05-14,alaves,valencia,False
1208815,SP1,2024,2025-05-14,real madrid,mallorca,False
1208811,SP1,2024,2025-05-15,osasuna,atletico madrid,False
1208812,SP1,2024,2025-05-15,rayo vallecano,real betis,False
1212945,SP1,2024,2025-05-15,espanyol,barcelona,False
1208810,SP1,2024,2025-05-15,getafe,athletic club,False
1208819,SP1,2024,2025-05-18,barcelona,villarreal,False
1208818,SP1,2024,2025-05-18,atletico madrid,real betis,False
1208821,SP1,2024,2025-05-18,valencia,athletic club,False
1208826,SP1,2024,2025-05-18,las palmas,leganes,False
1208824,SP1,2024,2025-05-18,sevilla,real madrid,False
1208820,SP1,2024,2025-05-18,celta vigo,rayo vallecano,False
1208823,SP1,2024,2025-05-18,real sociedad,girona,False
1208825,SP1,2024,2025-05-18,valladolid,alaves,False
1212946,SP1,2024,2025-05-18,osasuna,espanyol,False
1208822,SP1,2024,2025-05-18,mallorca,getafe,False
1208828,SP1,2024,2025-05-23,real betis,valencia,False
1208829,SP1,2024,2025-05-24,real madrid,real sociedad,False
1208831,SP1,2024,2025-05-24,leganes,valladolid,False
1212947,SP1,2024,2025-05-24,espanyol,las palmas,False
1208830,SP1,2024,2025-05-24,alaves,osasuna,False
1208833,SP1,2024,2025-05-24,getafe,celta vigo,False
1208834,SP1,2024,2025-05-24,rayo vallecano,mallorca,False
1208832,SP1,2024,2025-05-25,girona,atletico madrid,False
1208835,SP1,2024,2025-05-25,villarreal,sevilla,False
1208827,SP1,2024,2025-05-25,athletic club,barcelona,False
881780,I1,2022,2022-08-13,ac milan,udinese,False
881781,I1,2022,2022-08-13,sampdoria,atalanta,False
881782,I1,2022,2022-08-13,lecce,inter,False
881783,I1,2022,2022-08-13,monza,torino,False
881785,I1,2022,2022-08-14,lazio,bologna,False
881784,I1,2022,2022-08-14,fiorentina,cremonese,False
881786,I1,2022,2022-08-14,salernitana,as roma,False
881787,I1,2022,2022-08-14,spezia,empoli,False
881788,I1,2022,2022-08-15,hellas verona,napoli,False
881789,I1,2022,2022-08-15,juventus,sassuolo,False
881791,I1,2022,2022-08-20,udinese,salernitana,False
881790,I1,2022,2022-08-20,torino,lazio,False
881793,I1,2022,2022-08-20,sassuolo,lecce,False
881792,I1,2022,2022-08-20,inter,spezia,False
881795,I1,2022,2022-08-21,napoli,monza,False
881794,I1,2022,2022-08-21,empoli,fiorentina,False
881796,I1,2022,2022-08-21,atalanta,ac milan,False
881797,I1,2022,2022-08-21,bologna,hellas verona,False
881798,I1,2022,2022-08-22,as roma,cremonese,False
881799,I1,2022,2022-08-22,sampdoria,juventus,False
881800,I1,2022,2022-08-26,monza,udinese,False
881801,I1,2022,2022-08-26,lazio,inter,False
881803,I1,2022,2022-08-27,juventus,as roma,False
881802,I1,2022,2022-08-27,cremonese,torino,False
881804,I1,2022,2022-08-27,ac milan,bologna,False
881805,I1,2022,2022-08-27,spezia,sassuolo,False
881806,I1,2022,2022-08-28,hellas verona,atalanta,False
881807,I1,2022,2022-08-28,salernitana,sampdoria,False
881808,I1,2022,2022-08-28,fiorentina,napoli,False
881809,I1,2022,2022-08-28,lecce,empoli,False
881810,I1,2022,2022-08-30,sassuolo,ac milan,False
881812,I1,2022,2022-08-30,as roma,monza,False
881811,I1,2022,2022-08-30,inter,cremonese,False
881815,I1,2022,2022-08-31,udinese,fiorentina,False
881814,I1,2022,2022-08-31,sampdoria,lazio,False
881813,I1,2022,2022-08-31,empoli,hellas verona,False
881817,I1,2022,2022-08-31,napoli,lecce,False
881816,I1,2022,2022-08-31,juventus,spezia,False
881818,I1,2022,2022-09-01,atalanta,torino,False
881819,I1,2022,2022-09-01,bologna,salernitana,False
881820,I1,2022,2022-09-03,fiorentina,juventus,False
881821,I1,2022,2022-09-03,ac milan,inter,False
881822,I1,2022,2022-09-03,lazio,napoli,False
881823,I1,2022,2022-09-04,cremonese,sassuolo,False
881824,I1,2022,2022-09-04,spezia,bologna,False
881825,I1,2022,2022-09-04,hellas verona,sampdoria,False
881826,I1,2022,2022-09-04,udinese,as roma,False
881828,I1,2022,2022-09-05,salernitana,empoli,False
881827,I1,2022,2022-09-05,monza,atalanta,False
881829,I1,2022,2022-09-05,torino,lecce,False
881837,I1,2022,2022-09-10,napoli,spezia,False
881833,I1,2022,2022-09-10,inter,torino,False
881838,I1,2022,2022-09-10,sampdoria,ac milan,False
881830,I1,2022,2022-09-11,atalanta,cremonese,False
881839,I1,2022,2022-09-11,sassuolo,udinese,False
881831,I1,2022,2022-09-11,bologna,fiorentina,False
881836,I1,2022,2022-09-11,lecce,monza,False
881835,I1,2022,2022-09-11,lazio,hellas verona,False
881834,I1,2022,2022-09-11,juventus,salernitana,False
881832,I1,2022,2022-09-12,empoli,as roma,False
881846,I1,2022,2022-09-16,salernitana,lecce,False
881840,I1,2022,2022-09-17,bologna,empoli,False
881847,I1,2022,2022-09-17,spezia,sampdoria,False
881848,I1,2022,2022-09-17,torino,sassuolo,False
881849,I1,2022,2022-09-18,udinese,inter,False
881842,I1,2022,2022-09-18,fiorentina,hellas verona,False
881841,I1,2022,2022-09-18,cremonese,lazio,False
881844,I1,2022,2022-09-18,monza,juventus,False
881845,I1,2022,2022-09-18,as roma,atalanta,False
881843,I1,2022,2022-09-18,ac milan,napoli,False
881857,I1,2022,2022-10-01,napoli,torino,False
881853,I1,2022,2022-10-01,inter,as roma,False
881851,I1,2022,2022-10-01,empoli,ac milan,False
881855,I1,2022,2022-10-02,lazio,spezia,False
881859,I1,2022,2022-10-02,sassuolo,salernitana,False
881858,I1,2022,2022-10-02,sampdoria,monza,False
881856,I1,2022,2022-10-02,lecce,cremonese,False
881850,I1,2022,2022-10-02,atalanta,fiorentina,False
881854,I1,2022,2022-10-02,juventus,bologna,False
881852,I1,2022,2022-10-03,hellas verona,udinese,False
881867,I1,2022,2022-10-08,sassuolo,inter,False
881863,I1,2022,2022-10-08,ac milan,juventus,False
881860,I1,2022,2022-10-08,bologna,sampdoria,False
881868,I1,2022,2022-10-09,torino,empoli,False
881869,I1,2022,2022-10-09,udinese,atalanta,False
881866,I1,2022,2022-10-09,salernitana,hellas verona,False
881864,I1,2022,2022-10-09,monza,spezia,False
881861,I1,2022,2022-10-09,cremonese,napoli,False
881865,I1,2022,2022-10-09,as roma,lecce,False
881862,I1,2022,2022-10-10,fiorentina,lazio,False
881871,I1,2022,2022-10-15,empoli,monza,False
881879,I1,2022,2022-10-15,torino,juventus,False
881870,I1,2022,2022-10-15,atalanta,sassuolo,False
881873,I1,2022,2022-10-16,inter,salernitana,False
881874,I1,2022,2022-10-16,lazio,udinese,False
881878,I1,2022,2022-10-16,spezia,cremonese,False
881876,I1,2022,2022-10-16,napoli,bologna,False
881872,I1,2022,2022-10-16,hellas verona,ac milan,False
881877,I1,2022,2022-10-17,sampdoria,as roma,False
881875,I1,2022,2022-10-17,lecce,fiorentina,False
881884,I1,2022,2022-10-21,juventus,empoli,False
881887,I1,2022,2022-10-22,salernitana,spezia,False
881885,I1,2022,2022-10-22,ac milan,monza,False
881883,I1,2022,2022-10-22,fiorentina,inter,False
881889,I1,2022,2022-10-23,udinese,torino,False
881881,I1,2022,2022-10-23,bologna,lecce,False
881880,I1,2022,2022-10-23,atalanta,lazio,False
881886,I1,2022,2022-10-23,as roma,napoli,False
881882,I1,2022,2022-10-24,cremonese,sampdoria,False
881888,I1,2022,2022-10-24,sassuolo,hellas verona,False
881894,I1,2022,2022-10-29,napoli,sassuolo,False
881898,I1,2022,2022-10-29,lecce,juventus,False
881892,I1,2022,2022-10-29,inter,sampdoria,False
881895,I1,2022,2022-10-30,empoli,atalanta,False
881897,I1,2022,2022-10-30,spezia,fiorentina,False
881890,I1,2022,2022-10-30,cremonese,udinese,False
881893,I1,2022,2022-10-30,lazio,salernitana,False
881899,I1,2022,2022-10-30,torino,ac milan,False
881891,I1,2022,2022-10-31,hellas verona,as roma,False
881896,I1,2022,2022-10-31,monza,bologna,False
881909,I1,2022,2022-11-04,udinese,lecce,False
881902,I1,2022,2022-11-05,empoli,sassuolo,False
881904,I1,2022,2022-11-05,salernitana,cremonese,False
881900,I1,2022,2022-11-05,atalanta,napoli,False
881903,I1,2022,2022-11-05,ac milan,spezia,False
881901,I1,2022,2022-11-06,bologna,torino,False
881905,I1,2022,2022-11-06,sampdoria,fiorentina,False
881906,I1,2022,2022-11-06,monza,hellas verona,False
881908,I1,2022,2022-11-06,as roma,lazio,False
881907,I1,2022,2022-11-06,juventus,inter,False
881916,I1,2022,2022-11-08,napoli,empoli,False
881918,I1,2022,2022-11-08,spezia,udinese,False
881910,I1,2022,2022-11-08,cremonese,ac milan,False
881917,I1,2022,2022-11-09,sassuolo,as roma,False
881915,I1,2022,2022-11-09,lecce,atalanta,False
881911,I1,2022,2022-11-09,fiorentina,salernitana,False
881919,I1,2022,2022-11-09,torino,sampdoria,False
881913,I1,2022,2022-11-09,inter,bologna,False
881912,I1,2022,2022-11-10,hellas verona,juventus,False
881914,I1,2022,2022-11-10,lazio,monza,False
881922,I1,2022,2022-11-11,empoli,cremonese,False
881927,I1,2022,2022-11-12,napoli,udinese,False
881929,I1,2022,2022-11-12,sampdoria,lecce,False
881921,I1,2022,2022-11-12,bologna,sassuolo,False
881920,I1,2022,2022-11-13,atalanta,inter,False
881928,I1,2022,2022-11-13,as roma,torino,False
881923,I1,2022,2022-11-13,hellas verona,spezia,False
881926,I1,2022,2022-11-13,monza,salernitana,False
881925,I1,2022,2022-11-13,ac milan,fiorentina,False
881924,I1,2022,2022-11-13,juventus,lazio,False
881939,I1,2022,2023-01-04,sassuolo,sampdoria,False
881938,I1,2022,2023-01-04,salernitana,ac milan,False
881936,I1,2022,2023-01-04,torino,hellas verona,False
881933,I1,2022,2023-01-04,spezia,atalanta,False
881934,I1,2022,2023-01-04,as roma,bologna,False
881937,I1,2022,2023-01-04,lecce,lazio,False
881931,I1,2022,2023-01-04,fiorentina,monza,False
881930,I1,2022,2023-01-04,cremonese,juventus,False
881935,I1,2022,2023-01-04,udinese,empoli,False
881932,I1,2022,2023-01-04,inter,napoli,False
881941,I1,2022,2023-01-07,fiorentina,sassuolo,False
881943,I1,2022,2023-01-07,juventus,udinese,False
881946,I1,2022,2023-01-07,monza,inter,False
881947,I1,2022,2023-01-08,salernitana,torino,False
881944,I1,2022,2023-01-08,lazio,empoli,False
881949,I1,2022,2023-01-08,spezia,lecce,False
881948,I1,2022,2023-01-08,sampdoria,napoli,False
881945,I1,2022,2023-01-08,ac milan,as roma,False
881942,I1,2022,2023-01-09,hellas verona,cremonese,False
881940,I1,2022,2023-01-09,bologna,atalanta,False
881955,I1,2022,2023-01-13,napoli,juventus,False
881951,I1,2022,2023-01-14,cremonese,monza,False
881954,I1,2022,2023-01-14,lecce,ac milan,False
881953,I1,2022,2023-01-14,inter,hellas verona,False
881957,I1,2022,2023-01-15,sassuolo,lazio,False
881959,I1,2022,2023-01-15,udinese,bologna,False
881958,I1,2022,2023-01-15,torino,spezia,False
881950,I1,2022,2023-01-15,atalanta,salernitana,False
881956,I1,2022,2023-01-15,as roma,fiorentina,False
881952,I1,2022,2023-01-16,empoli,sampdoria,False
881962,I1,2022,2023-01-21,hellas verona,lecce,False
881967,I1,2022,2023-01-21,salernitana,napoli,False
881961,I1,2022,2023-01-21,fiorentina,torino,False
881968,I1,2022,2023-01-22,sampdoria,udinese,False
881966,I1,2022,2023-01-22,monza,sassuolo,False
881969,I1,2022,2023-01-22,spezia,as roma,False
881964,I1,2022,2023-01-22,juventus,atalanta,False
881960,I1,2022,2023-01-23,bologna,cremonese,False
881963,I1,2022,2023-01-23,inter,empoli,False
881965,I1,2022,2023-01-24,lazio,ac milan,False
881971,I1,2022,2023-01-27,bologna,spezia,False
881975,I1,2022,2023-01-27,lecce,salernitana,False
881973,I1,2022,2023-01-28,empoli,torino,False
881972,I1,2022,2023-01-28,cremonese,inter,False
881970,I1,2022,2023-01-28,atalanta,sampdoria,False
881976,I1,2022,2023-01-29,ac milan,sassuolo,False
881974,I1,2022,2023-01-29,juventus,monza,False
881978,I1,2022,2023-01-29,lazio,fiorentina,False
881977,I1,2022,2023-01-29,napoli,as roma,False
881979,I1,2022,2023-01-30,udinese,hellas verona,False
881980,I1,2022,2023-02-04,cremonese,lecce,False
881985,I1,2022,2023-02-04,as roma,empoli,False
881987,I1,2022,2023-02-04,sassuolo,atalanta,False
881988,I1,2022,2023-02-05,spezia,napoli,False
881989,I1,2022,2023-02-05,torino,udinese,False
881981,I1,2022,2023-02-05,fiorentina,bologna,False
881983,I1,2022,2023-02-05,inter,ac milan,False
881982,I1,2022,2023-02-06,hellas verona,lazio,False
881984,I1,2022,2023-02-06,monza,sampdoria,False
881986,I1,2022,2023-02-07,salernitana,juventus,False
881996,I1,2022,2023-02-10,ac milan,torino,False
881991,I1,2022,2023-02-11,empoli,spezia,False
881995,I1,2022,2023-02-11,lecce,as roma,False
881994,I1,2022,2023-02-11,lazio,atalanta,False
881999,I1,2022,2023-02-12,udinese,sassuolo,False
881990,I1,2022,2023-02-12,bologna,monza,False
881993,I1,2022,2023-02-12,juventus,fiorentina,False
881997,I1,2022,2023-02-12,napoli,cremonese,False
881992,I1,2022,2023-02-13,hellas verona,salernitana,False
881998,I1,2022,2023-02-13,sampdoria,inter,False
882007,I1,2022,2023-02-17,sassuolo,napoli,False
882006,I1,2022,2023-02-18,sampdoria,bologna,False
882003,I1,2022,2023-02-18,monza,ac milan,False
882002,I1,2022,2023-02-18,inter,udinese,False
882000,I1,2022,2023-02-19,atalanta,lecce,False
882001,I1,2022,2023-02-19,fiorentina,empoli,False
882005,I1,2022,2023-02-19,salernitana,lazio,False
882008,I1,2022,2023-02-19,spezia,juventus,False
882004,I1,2022,2023-02-19,as roma,hellas verona,False
882009,I1,2022,2023-02-20,torino,cremonese,False
882012,I1,2022,2023-02-25,empoli,napoli,False
882015,I1,2022,2023-02-25,lecce,sassuolo,False
882010,I1,2022,2023-02-26,bologna,inter,False
882018,I1,2022,2023-02-26,salernitana,monza,False
882019,I1,2022,2023-02-26,udinese,spezia,False
882016,I1,2022,2023-02-26,ac milan,atalanta,False
882017,I1,2022,2023-02-27,hellas verona,fiorentina,False
882014,I1,2022,2023-02-27,lazio,sampdoria,False
882011,I1,2022,2023-02-28,cremonese,as roma,False
882013,I1,2022,2023-02-28,juventus,torino,False
882024,I1,2022,2023-03-03,napoli,lazio,False
882023,I1,2022,2023-03-04,monza,empoli,False
882020,I1,2022,2023-03-04,atalanta,udinese,False
882021,I1,2022,2023-03-04,fiorentina,ac milan,False
882028,I1,2022,2023-03-05,spezia,hellas verona,False
882026,I1,2022,2023-03-05,sampdoria,salernitana,False
882022,I1,2022,2023-03-05,inter,lecce,False
882025,I1,2022,2023-03-05,as roma,juventus,False
882027,I1,2022,2023-03-06,sassuolo,cremonese,False
882029,I1,2022,2023-03-06,torino,bologna,False
882039,I1,2022,2023-03-10,spezia,inter,False
882032,I1,2022,2023-03-11,empoli,udinese,False
882038,I1,2022,2023-03-11,napoli,atalanta,False
882030,I1,2022,2023-03-11,bologna,lazio,False
882035,I1,2022,2023-03-12,lecce,torino,False
882033,I1,2022,2023-03-12,hellas verona,monza,False
882031,I1,2022,2023-03-12,cremonese,fiorentina,False
882037,I1,2022,2023-03-12,as roma,sassuolo,False
882034,I1,2022,2023-03-12,juventus,sampdoria,False
882036,I1,2022,2023-03-13,ac milan,salernitana,False
882044,I1,2022,2023-03-17,sassuolo,spezia,False
882040,I1,2022,2023-03-17,atalanta,empoli,False
882046,I1,2022,2023-03-18,monza,cremonese,False
882045,I1,2022,2023-03-18,salernitana,bologna,False
882048,I1,2022,2023-03-18,udinese,ac milan,False
882047,I1,2022,2023-03-19,sampdoria,hellas verona,False
882041,I1,2022,2023-03-19,fiorentina,lecce,False
882049,I1,2022,2023-03-19,torino,napoli,False
882043,I1,2022,2023-03-19,lazio,as roma,False
882042,I1,2022,2023-03-19,inter,juventus,False
882054,I1,2022,2023-04-01,cremonese,atalanta,False
882055,I1,2022,2023-04-01,inter,fiorentina,False
882056,I1,2022,2023-04-01,juventus,hellas verona,False
882050,I1,2022,2023-04-02,bologna,udinese,False
882059,I1,2022,2023-04-02,spezia,salernitana,False
882057,I1,2022,2023-04-02,monza,lazio,False
882052,I1,2022,2023-04-02,as roma,sampdoria,False
882058,I1,2022,2023-04-02,napoli,ac milan,False
882051,I1,2022,2023-04-03,empoli,lecce,False
882053,I1,2022,2023-04-03,sassuolo,torino,False
882066,I1,2022,2023-04-07,salernitana,inter,False
882063,I1,2022,2023-04-07,lecce,napoli,False
882065,I1,2022,2023-04-07,ac milan,empoli,False
882068,I1,2022,2023-04-08,udinese,monza,False
882061,I1,2022,2023-04-08,fiorentina,spezia,False
882064,I1,2022,2023-04-08,sampdoria,cremonese,False
882060,I1,2022,2023-04-08,atalanta,bologna,False
882069,I1,2022,2023-04-08,torino,as roma,False
882062,I1,2022,2023-04-08,hellas verona,sassuolo,False
882067,I1,2022,2023-04-08,lazio,juventus,False
882071,I1,2022,2023-04-14,cremonese,empoli,False
882078,I1,2022,2023-04-14,spezia,lazio,False
882070,I1,2022,2023-04-15,bologna,ac milan,False
882076,I1,2022,2023-04-15,napoli,hellas verona,False
882072,I1,2022,2023-04-15,inter,monza,False
882073,I1,2022,2023-04-16,lecce,sampdoria,False
882079,I1,2022,2023-04-16,torino,salernitana,False
882077,I1,2022,2023-04-16,sassuolo,juventus,False
882074,I1,2022,2023-04-16,as roma,udinese,False
882075,I1,2022,2023-04-17,fiorentina,atalanta,False
882086,I1,2022,2023-04-21,hellas verona,bologna,False
882084,I1,2022,2023-04-22,salernitana,sassuolo,False
882083,I1,2022,2023-04-22,lazio,torino,False
882085,I1,2022,2023-04-22,sampdoria,spezia,False
882081,I1,2022,2023-04-23,empoli,inter,False
882087,I1,2022,2023-04-23,udinese,cremonese,False
882088,I1,2022,2023-04-23,monza,fiorentina,False
882089,I1,2022,2023-04-23,ac milan,lecce,False
882082,I1,2022,2023-04-23,juventus,napoli,False
882080,I1,2022,2023-04-24,atalanta,as roma,False
882094,I1,2022,2023-04-28,lecce,udinese,False
882099,I1,2022,2023-04-28,spezia,monza,False
882098,I1,2022,2023-04-29,as roma,ac milan,False
882096,I1,2022,2023-04-29,torino,atalanta,False
882093,I1,2022,2023-04-30,inter,lazio,False
882097,I1,2022,2023-04-30,sassuolo,empoli,False
882095,I1,2022,2023-04-30,napoli,salernitana,False
882091,I1,2022,2023-04-30,cremonese,hellas verona,False
882092,I1,2022,2023-04-30,fiorentina,sampdoria,False
882090,I1,2022,2023-04-30,bologna,juventus,False
882102,I1,2022,2023-05-03,juventus,lecce,False
882105,I1,2022,2023-05-03,sampdoria,torino,False
882100,I1,2022,2023-05-03,atalanta,spezia,False
882108,I1,2022,2023-05-03,salernitana,fiorentina,False
882103,I1,2022,2023-05-03,lazio,sassuolo,False
882107,I1,2022,2023-05-03,ac milan,cremonese,False
882101,I1,2022,2023-05-03,hellas verona,inter,False
882104,I1,2022,2023-05-03,monza,as roma,False
882109,I1,2022,2023-05-04,udinese,napoli,False
882106,I1,2022,2023-05-04,empoli,bologna,False
882117,I1,2022,2023-05-06,ac milan,lazio,False
882116,I1,2022,2023-05-06,as roma,inter,False
882111,I1,2022,2023-05-06,cremonese,spezia,False
882110,I1,2022,2023-05-07,atalanta,juventus,False
882118,I1,2022,2023-05-07,torino,monza,False
882114,I1,2022,2023-05-07,napoli,fiorentina,False
882115,I1,2022,2023-05-07,lecce,hellas verona,False
882119,I1,2022,2023-05-08,udinese,sampdoria,False
882112,I1,2022,2023-05-08,empoli,salernitana,False
882113,I1,2022,2023-05-08,sassuolo,bologna,False
882124,I1,2022,2023-05-12,lazio,lecce,False
882126,I1,2022,2023-05-13,salernitana,atalanta,False
882129,I1,2022,2023-05-13,spezia,ac milan,False
882123,I1,2022,2023-05-13,inter,sassuolo,False
882122,I1,2022,2023-05-14,hellas verona,torino,False
882121,I1,2022,2023-05-14,fiorentina,udinese,False
882125,I1,2022,2023-05-14,monza,napoli,False
882120,I1,2022,2023-05-14,bologna,as roma,False
882127,I1,2022,2023-05-14,juventus,cremonese,False
882128,I1,2022,2023-05-15,sampdoria,empoli,False
882139,I1,2022,2023-05-19,sassuolo,monza,False
882135,I1,2022,2023-05-20,cremonese,bologna,False
882130,I1,2022,2023-05-20,atalanta,hellas verona,False
882133,I1,2022,2023-05-20,ac milan,sampdoria,False
882132,I1,2022,2023-05-21,lecce,spezia,False
882136,I1,2022,2023-05-21,torino,fiorentina,False
882137,I1,2022,2023-05-21,napoli,inter,False
882138,I1,2022,2023-05-21,udinese,lazio,False
882134,I1,2022,2023-05-22,as roma,salernitana,False
882131,I1,2022,2023-05-22,empoli,juventus,False
882144,I1,2022,2023-05-26,sampdoria,sassuolo,False
882143,I1,2022,2023-05-27,salernitana,udinese,False
882145,I1,2022,2023-05-27,spezia,torino,False
882141,I1,2022,2023-05-27,fiorentina,as roma,False
882146,I1,2022,2023-05-27,inter,atalanta,False
882148,I1,2022,2023-05-28,hellas verona,empoli,False
882140,I1,2022,2023-05-28,bologna,napoli,False
882149,I1,2022,2023-05-28,monza,lecce,False
882147,I1,2022,2023-05-28,lazio,cremonese,False
882142,I1,2022,2023-05-28,juventus,ac milan,False
882156,I1,2022,2023-06-02,sassuolo,fiorentina,False
882158,I1,2022,2023-06-03,torino,inter,False
882152,I1,2022,2023-06-03,empoli,lazio,False
882151,I1,2022,2023-06-03,cremonese,salernitana,False
882153,I1,2022,2023-06-04,napoli,sampdoria,False
882157,I1,2022,2023-06-04,ac milan,hellas verona,False
882159,I1,2022,2023-06-04,udinese,juventus,False
882154,I1,2022,2023-06-04,as roma,spezia,False
882150,I1,2022,2023-06-04,atalanta,monza,False
882155,I1,2022,2023-06-04,lecce,bologna,False
1030674,I1,2022,2023-06-11,spezia,hellas verona,False
1052254,I1,2023,2023-08-19,empoli,hellas verona,False
1052255,I1,2023,2023-08-19,frosinone,napoli,False
1052256,I1,2023,2023-08-19,genoa,fiorentina,False
1052257,I1,2023,2023-08-19,inter,monza,False
1052260,I1,2023,2023-08-20,sassuolo,atalanta,False
1052259,I1,2023,2023-08-20,as roma,salernitana,False
1052262,I1,2023,2023-08-20,udinese,juventus,False
1052258,I1,2023,2023-08-20,lecce,lazio,False
1052261,I1,2023,2023-08-21,torino,cagliari,False
1052253,I1,2023,2023-08-21,bologna,ac milan,False
1052265,I1,2023,2023-08-26,frosinone,atalanta,False
1052270,I1,2023,2023-08-26,monza,empoli,False
1052269,I1,2023,2023-08-26,ac milan,torino,False
1052266,I1,2023,2023-08-26,hellas verona,as roma,False
1052267,I1,2023,2023-08-27,juventus,bologna,False
1052264,I1,2023,2023-08-27,fiorentina,lecce,False
1052268,I1,2023,2023-08-27,lazio,genoa,False
1052271,I1,2023,2023-08-27,napoli,sassuolo,False
1052272,I1,2023,2023-08-28,salernitana,udinese,False
1052263,I1,2023,2023-08-28,cagliari,inter,False
1052280,I1,2023,2023-09-01,sassuolo,hellas verona,False
1052279,I1,2023,2023-09-01,as roma,ac milan,False
1052282,I1,2023,2023-09-02,udinese,frosinone,False
1052274,I1,2023,2023-09-02,bologna,cagliari,False
1052278,I1,2023,2023-09-02,napoli,lazio,False
1052273,I1,2023,2023-09-02,atalanta,monza,False
1052281,I1,2023,2023-09-03,torino,genoa,False
1052276,I1,2023,2023-09-03,inter,fiorentina,False
1052275,I1,2023,2023-09-03,empoli,juventus,False
1052277,I1,2023,2023-09-03,lecce,salernitana,False
1052289,I1,2023,2023-09-16,juventus,lazio,False
1052288,I1,2023,2023-09-16,inter,ac milan,False
1052286,I1,2023,2023-09-16,genoa,napoli,False
1052283,I1,2023,2023-09-17,cagliari,udinese,False
1052285,I1,2023,2023-09-17,frosinone,sassuolo,False
1052290,I1,2023,2023-09-17,monza,lecce,False
1052284,I1,2023,2023-09-17,fiorentina,atalanta,False
1052291,I1,2023,2023-09-17,as roma,empoli,False
1052292,I1,2023,2023-09-18,salernitana,torino,False
1052287,I1,2023,2023-09-18,hellas verona,bologna,False
1052299,I1,2023,2023-09-22,salernitana,frosinone,False
1052297,I1,2023,2023-09-22,lecce,genoa,False
1052298,I1,2023,2023-09-23,ac milan,hellas verona,False
1052300,I1,2023,2023-09-23,sassuolo,juventus,False
1052296,I1,2023,2023-09-23,lazio,monza,False
1052295,I1,2023,2023-09-24,empoli,inter,False
1052302,I1,2023,2023-09-24,udinese,fiorentina,False
1052293,I1,2023,2023-09-24,atalanta,cagliari,False
1052294,I1,2023,2023-09-24,bologna,napoli,False
1052301,I1,2023,2023-09-24,torino,as roma,False
1052309,I1,2023,2023-09-26,juventus,lecce,False
1052303,I1,2023,2023-09-27,cagliari,ac milan,False
1052307,I1,2023,2023-09-27,hellas verona,atalanta,False
1052304,I1,2023,2023-09-27,empoli,salernitana,False
1052310,I1,2023,2023-09-27,lazio,torino,False
1052312,I1,2023,2023-09-27,napoli,udinese,False
1052308,I1,2023,2023-09-27,inter,sassuolo,False
1052305,I1,2023,2023-09-28,frosinone,fiorentina,False
1052311,I1,2023,2023-09-28,monza,bologna,False
1052306,I1,2023,2023-09-28,genoa,as roma,False
1052316,I1,2023,2023-09-30,lecce,napoli,False
1052317,I1,2023,2023-09-30,ac milan,lazio,False
1052319,I1,2023,2023-09-30,salernitana,inter,False
1052314,I1,2023,2023-10-01,bologna,empoli,False
1052322,I1,2023,2023-10-01,udinese,genoa,False
1052313,I1,2023,2023-10-01,atalanta,juventus,False
1052318,I1,2023,2023-10-01,as roma,frosinone,False
1052320,I1,2023,2023-10-02,sassuolo,monza,False
1052321,I1,2023,2023-10-02,torino,hellas verona,False
1052315,I1,2023,2023-10-02,fiorentina,cagliari,False
1052324,I1,2023,2023-10-06,empoli,udinese,False
1052330,I1,2023,2023-10-06,lecce,sassuolo,False
1052327,I1,2023,2023-10-07,inter,bologna,False
1052328,I1,2023,2023-10-07,juventus,torino,False
1052326,I1,2023,2023-10-07,genoa,ac milan,False
1052331,I1,2023,2023-10-08,monza,salernitana,False
1052329,I1,2023,2023-10-08,lazio,atalanta,False
1052325,I1,2023,2023-10-08,frosinone,hellas verona,False
1052323,I1,2023,2023-10-08,cagliari,as roma,False
1052332,I1,2023,2023-10-08,napoli,fiorentina,False
1052336,I1,2023,2023-10-21,hellas verona,napoli,False
1052341,I1,2023,2023-10-21,torino,inter,False
1052340,I1,2023,2023-10-21,sassuolo,lazio,False
1052338,I1,2023,2023-10-22,as roma,monza,False
1052334,I1,2023,2023-10-22,bologna,frosinone,False
1052339,I1,2023,2023-10-22,salernitana,cagliari,False
1052333,I1,2023,2023-10-22,atalanta,genoa,False
1052337,I1,2023,2023-10-22,ac milan,juventus,False
1052342,I1,2023,2023-10-23,udinese,lecce,False
1052335,I1,2023,2023-10-23,fiorentina,empoli,False
1052345,I1,2023,2023-10-27,genoa,salernitana,False
1052352,I1,2023,2023-10-28,sassuolo,bologna,False
1052349,I1,2023,2023-10-28,lecce,torino,False
1052347,I1,2023,2023-10-28,juventus,hellas verona,False
1052343,I1,2023,2023-10-29,cagliari,frosinone,False
1052350,I1,2023,2023-10-29,monza,udinese,False
1052346,I1,2023,2023-10-29,inter,as roma,False
1052351,I1,2023,2023-10-29,napoli,ac milan,False
1052344,I1,2023,2023-10-30,empoli,atalanta,False
1052348,I1,2023,2023-10-30,lazio,fiorentina,False
1052354,I1,2023,2023-11-03,bologna,lazio,False
1052361,I1,2023,2023-11-04,salernitana,napoli,False
1052353,I1,2023,2023-11-04,atalanta,inter,False
1052359,I1,2023,2023-11-04,ac milan,udinese,False
1052358,I1,2023,2023-11-05,hellas verona,monza,False
1052355,I1,2023,2023-11-05,cagliari,genoa,False
1052360,I1,2023,2023-11-05,as roma,lecce,False
1052356,I1,2023,2023-11-05,fiorentina,juventus,False
1052357,I1,2023,2023-11-06,frosinone,empoli,False
1052362,I1,2023,2023-11-06,torino,sassuolo,False
1052371,I1,2023,2023-11-10,sassuolo,salernitana,False
1052364,I1,2023,2023-11-10,genoa,hellas verona,False
1052368,I1,2023,2023-11-11,lecce,ac milan,False
1052366,I1,2023,2023-11-11,juventus,cagliari,False
1052369,I1,2023,2023-11-11,monza,torino,False
1052370,I1,2023,2023-11-12,napoli,empoli,False
1052372,I1,2023,2023-11-12,udinese,atalanta,False
1052363,I1,2023,2023-11-12,fiorentina,bologna,False
1052367,I1,2023,2023-11-12,lazio,as roma,False
1052365,I1,2023,2023-11-12,inter,frosinone,False
1052382,I1,2023,2023-11-25,salernitana,lazio,False
1052373,I1,2023,2023-11-25,atalanta,napoli,False
1052380,I1,2023,2023-11-25,ac milan,fiorentina,False
1052375,I1,2023,2023-11-26,cagliari,monza,False
1052376,I1,2023,2023-11-26,empoli,sassuolo,False
1052377,I1,2023,2023-11-26,frosinone,genoa,False
1052381,I1,2023,2023-11-26,as roma,udinese,False
1052379,I1,2023,2023-11-26,juventus,inter,False
1052378,I1,2023,2023-11-27,hellas verona,lecce,False
1052374,I1,2023,2023-11-27,bologna,torino,False
1052388,I1,2023,2023-12-01,monza,juventus,False
1052384,I1,2023,2023-12-02,genoa,empoli,False
1052385,I1,2023,2023-12-02,lazio,cagliari,False
1052387,I1,2023,2023-12-02,ac milan,frosinone,False
1052386,I1,2023,2023-12-03,lecce,bologna,False
1052392,I1,2023,2023-12-03,udinese,hellas verona,False
1052383,I1,2023,2023-12-03,fiorentina,salernitana,False
1052390,I1,2023,2023-12-03,sassuolo,as roma,False
1052389,I1,2023,2023-12-03,napoli,inter,False
1052391,I1,2023,2023-12-04,torino,atalanta,False
1052399,I1,2023,2023-12-08,juventus,napoli,False
1052397,I1,2023,2023-12-09,hellas verona,lazio,False
1052393,I1,2023,2023-12-09,atalanta,ac milan,False
1052398,I1,2023,2023-12-09,inter,udinese,False
1052396,I1,2023,2023-12-10,frosinone,torino,False
1052400,I1,2023,2023-12-10,monza,genoa,False
1052402,I1,2023,2023-12-10,salernitana,bologna,False
1052401,I1,2023,2023-12-10,as roma,fiorentina,False
1052395,I1,2023,2023-12-11,empoli,lecce,False
1052394,I1,2023,2023-12-11,cagliari,sassuolo,False
1052406,I1,2023,2023-12-15,genoa,juventus,False
1052408,I1,2023,2023-12-16,lecce,frosinone,False
1052410,I1,2023,2023-12-16,napoli,cagliari,False
1052411,I1,2023,2023-12-16,torino,empoli,False
1052409,I1,2023,2023-12-17,ac milan,monza,False
1052412,I1,2023,2023-12-17,udinese,sassuolo,False
1052405,I1,2023,2023-12-17,fiorentina,hellas verona,False
1052404,I1,2023,2023-12-17,bologna,as roma,False
1052407,I1,2023,2023-12-17,lazio,inter,False
1052403,I1,2023,2023-12-18,atalanta,salernitana,False
1052421,I1,2023,2023-12-22,sassuolo,genoa,False
1052414,I1,2023,2023-12-22,empoli,lazio,False
1052420,I1,2023,2023-12-22,salernitana,ac milan,False
1052418,I1,2023,2023-12-22,monza,fiorentina,False
1052415,I1,2023,2023-12-23,frosinone,juventus,False
1052413,I1,2023,2023-12-23,bologna,atalanta,False
1052422,I1,2023,2023-12-23,torino,udinese,False
1052416,I1,2023,2023-12-23,hellas verona,cagliari,False
1052417,I1,2023,2023-12-23,inter,lecce,False
1052419,I1,2023,2023-12-23,as roma,napoli,False
1052431,I1,2023,2023-12-29,napoli,monza,False
1052425,I1,2023,2023-12-29,fiorentina,torino,False
1052429,I1,2023,2023-12-29,lazio,frosinone,False
1052426,I1,2023,2023-12-29,genoa,inter,False
1052423,I1,2023,2023-12-30,atalanta,lecce,False
1052424,I1,2023,2023-12-30,cagliari,empoli,False
1052432,I1,2023,2023-12-30,udinese,bologna,False
1052430,I1,2023,2023-12-30,ac milan,sassuolo,False
1052427,I1,2023,2023-12-30,hellas verona,salernitana,False
1052428,I1,2023,2023-12-30,juventus,as roma,False
1052433,I1,2023,2024-01-05,bologna,genoa,False
1052436,I1,2023,2024-01-06,inter,hellas verona,False
1052435,I1,2023,2024-01-06,frosinone,monza,False
1052437,I1,2023,2024-01-06,lecce,cagliari,False
1052440,I1,2023,2024-01-06,sassuolo,fiorentina,False
1052434,I1,2023,2024-01-07,empoli,ac milan,False
1052442,I1,2023,2024-01-07,udinese,lazio,False
1052441,I1,2023,2024-01-07,torino,napoli,False
1052439,I1,2023,2024-01-07,salernitana,juventus,False
1052438,I1,2023,2024-01-07,as roma,atalanta,False
1052452,I1,2023,2024-01-13,napoli,salernitana,False
1052446,I1,2023,2024-01-13,genoa,torino,False
1052447,I1,2023,2024-01-13,hellas verona,empoli,False
1052451,I1,2023,2024-01-13,monza,inter,False
1052449,I1,2023,2024-01-14,lazio,lecce,False
1052444,I1,2023,2024-01-14,cagliari,bologna,False
1052445,I1,2023,2024-01-14,fiorentina,udinese,False
1052450,I1,2023,2024-01-14,ac milan,as roma,False
1052443,I1,2023,2024-01-15,atalanta,frosinone,False
1052448,I1,2023,2024-01-16,juventus,sassuolo,False
1052458,I1,2023,2024-01-20,as roma,hellas verona,False
1052462,I1,2023,2024-01-20,udinese,ac milan,False
1052455,I1,2023,2024-01-21,frosinone,cagliari,False
1052454,I1,2023,2024-01-21,empoli,monza,False
1052459,I1,2023,2024-01-21,salernitana,genoa,False
1052457,I1,2023,2024-01-21,lecce,juventus,False
1052464,I1,2023,2024-01-26,cagliari,torino,False
1052463,I1,2023,2024-01-27,atalanta,udinese,False
1052468,I1,2023,2024-01-27,juventus,empoli,False
1052470,I1,2023,2024-01-27,ac milan,bologna,False
1052466,I1,2023,2024-01-28,genoa,lecce,False
1052467,I1,2023,2024-01-28,hellas verona,frosinone,False
1052471,I1,2023,2024-01-28,monza,sassuolo,False
1052469,I1,2023,2024-01-28,lazio,napoli,False
1052465,I1,2023,2024-01-28,fiorentina,inter,False
1052472,I1,2023,2024-01-29,salernitana,as roma,False
1052478,I1,2023,2024-02-02,lecce,fiorentina,False
1052482,I1,2023,2024-02-03,udinese,monza,False
1052475,I1,2023,2024-02-03,empoli,genoa,False
1052476,I1,2023,2024-02-03,frosinone,ac milan,False
1052474,I1,2023,2024-02-03,bologna,sassuolo,False
1052481,I1,2023,2024-02-04,torino,salernitana,False
1052479,I1,2023,2024-02-04,napoli,hellas verona,False
1052473,I1,2023,2024-02-04,atalanta,lazio,False
1052477,I1,2023,2024-02-04,inter,juventus,False
1052480,I1,2023,2024-02-05,as roma,cagliari,False
1052491,I1,2023,2024-02-09,salernitana,empoli,False
1052484,I1,2023,2024-02-10,cagliari,lazio,False
1052490,I1,2023,2024-02-10,as roma,inter,False
1052492,I1,2023,2024-02-10,sassuolo,torino,False
1052485,I1,2023,2024-02-11,fiorentina,frosinone,False
1052483,I1,2023,2024-02-11,bologna,lecce,False
1052489,I1,2023,2024-02-11,monza,hellas verona,False
1052486,I1,2023,2024-02-11,genoa,atalanta,False
1052488,I1,2023,2024-02-11,ac milan,napoli,False
1052487,I1,2023,2024-02-12,juventus,udinese,False
1052453,I1,2023,2024-02-14,bologna,fiorentina,False
1052501,I1,2023,2024-02-16,torino,lecce,False
1052497,I1,2023,2024-02-16,inter,salernitana,False
1052500,I1,2023,2024-02-17,napoli,genoa,False
1052496,I1,2023,2024-02-17,hellas verona,juventus,False
1052493,I1,2023,2024-02-17,atalanta,sassuolo,False
1052498,I1,2023,2024-02-18,lazio,bologna,False
1052502,I1,2023,2024-02-18,udinese,cagliari,False
1052494,I1,2023,2024-02-18,empoli,fiorentina,False
1052495,I1,2023,2024-02-18,frosinone,as roma,False
1052499,I1,2023,2024-02-18,monza,ac milan,False
1052461,I1,2023,2024-02-22,torino,lazio,False
1052503,I1,2023,2024-02-23,bologna,hellas verona,False
1052512,I1,2023,2024-02-24,sassuolo,empoli,False
1052511,I1,2023,2024-02-24,salernitana,monza,False
1052506,I1,2023,2024-02-24,genoa,udinese,False
1052507,I1,2023,2024-02-25,juventus,frosinone,False
1052504,I1,2023,2024-02-25,cagliari,napoli,False
1052508,I1,2023,2024-02-25,lecce,inter,False
1052509,I1,2023,2024-02-25,ac milan,atalanta,False
1052510,I1,2023,2024-02-26,as roma,torino,False
1052505,I1,2023,2024-02-26,fiorentina,lazio,False
1052460,I1,2023,2024-02-28,sassuolo,napoli,False
1052456,I1,2023,2024-02-28,inter,atalanta,False
1052518,I1,2023,2024-03-01,lazio,ac milan,False
1052522,I1,2023,2024-03-02,udinese,salernitana,False
1052519,I1,2023,2024-03-02,monza,as roma,False
1052521,I1,2023,2024-03-02,torino,fiorentina,False
1052516,I1,2023,2024-03-03,hellas verona,sassuolo,False
1052514,I1,2023,2024-03-03,empoli,cagliari,False
1052515,I1,2023,2024-03-03,frosinone,lecce,False
1052513,I1,2023,2024-03-03,atalanta,bologna,False
1052520,I1,2023,2024-03-03,napoli,juventus,False
1052517,I1,2023,2024-03-04,inter,genoa,False
1052531,I1,2023,2024-03-08,napoli,torino,False
1052532,I1,2023,2024-03-09,sassuolo,frosinone,False
1052524,I1,2023,2024-03-09,cagliari,salernitana,False
1052523,I1,2023,2024-03-09,bologna,inter,False
1052526,I1,2023,2024-03-09,genoa,monza,False
1052529,I1,2023,2024-03-10,lecce,hellas verona,False
1052530,I1,2023,2024-03-10,ac milan,empoli,False
1052527,I1,2023,2024-03-10,juventus,atalanta,False
1052525,I1,2023,2024-03-10,fiorentina,as roma,False
1052528,I1,2023,2024-03-11,lazio,udinese,False
1052534,I1,2023,2024-03-15,empoli,bologna,False
1052542,I1,2023,2024-03-16,udinese,torino,False
1052539,I1,2023,2024-03-16,monza,cagliari,False
1052541,I1,2023,2024-03-16,salernitana,lecce,False
1052535,I1,2023,2024-03-16,frosinone,lazio,False
1052538,I1,2023,2024-03-17,juventus,genoa,False
1052536,I1,2023,2024-03-17,hellas verona,ac milan,False
1052540,I1,2023,2024-03-17,as roma,sassuolo,False
1052537,I1,2023,2024-03-17,inter,napoli,False
1052550,I1,2023,2024-03-30,napoli,atalanta,False
1052546,I1,2023,2024-03-30,genoa,frosinone,False
1052552,I1,2023,2024-03-30,torino,monza,False
1052548,I1,2023,2024-03-30,lazio,juventus,False
1052545,I1,2023,2024-03-30,fiorentina,ac milan,False
1052543,I1,2023,2024-04-01,bologna,salernitana,False
1052551,I1,2023,2024-04-01,sassuolo,udinese,False
1052544,I1,2023,2024-04-01,cagliari,hellas verona,False
1052549,I1,2023,2024-04-01,lecce,as roma,False
1052547,I1,2023,2024-04-01,inter,empoli,False
1052561,I1,2023,2024-04-05,salernitana,sassuolo,False
1052558,I1,2023,2024-04-06,ac milan,lecce,False
1052560,I1,2023,2024-04-06,as roma,lazio,False
1052554,I1,2023,2024-04-06,empoli,torino,False
1052555,I1,2023,2024-04-07,frosinone,bologna,False
1052559,I1,2023,2024-04-07,monza,napoli,False
1052553,I1,2023,2024-04-07,cagliari,atalanta,False
1052556,I1,2023,2024-04-07,hellas verona,genoa,False
1052557,I1,2023,2024-04-07,juventus,fiorentina,False
1052562,I1,2023,2024-04-08,udinese,inter,False
1052567,I1,2023,2024-04-12,lazio,salernitana,False
1052568,I1,2023,2024-04-13,lecce,empoli,False
1052571,I1,2023,2024-04-13,torino,juventus,False
1052564,I1,2023,2024-04-13,bologna,monza,False
1052569,I1,2023,2024-04-14,napoli,frosinone,False
1052570,I1,2023,2024-04-14,sassuolo,ac milan,False
1052566,I1,2023,2024-04-14,inter,cagliari,False
1052565,I1,2023,2024-04-15,fiorentina,genoa,False
1052563,I1,2023,2024-04-15,atalanta,hellas verona,False
1052575,I1,2023,2024-04-19,genoa,lazio,False
1052573,I1,2023,2024-04-19,cagliari,juventus,False
1052574,I1,2023,2024-04-20,empoli,napoli,False
1052576,I1,2023,2024-04-20,hellas verona,udinese,False
1052581,I1,2023,2024-04-21,sassuolo,lecce,False
1052582,I1,2023,2024-04-21,torino,frosinone,False
1052580,I1,2023,2024-04-21,salernitana,fiorentina,False
1052578,I1,2023,2024-04-21,monza,atalanta,False
1052579,I1,2023,2024-04-22,as roma,bologna,False
1052577,I1,2023,2024-04-22,ac milan,inter,False
1052572,I1,2023,2024-04-25,udinese,as roma,False
1052586,I1,2023,2024-04-26,frosinone,salernitana,False
1052591,I1,2023,2024-04-27,lecce,monza,False
1052589,I1,2023,2024-04-27,juventus,ac milan,False
1052590,I1,2023,2024-04-27,lazio,hellas verona,False
1052588,I1,2023,2024-04-28,inter,torino,False
1052584,I1,2023,2024-04-28,bologna,udinese,False
1052592,I1,2023,2024-04-28,napoli,as roma,False
1052583,I1,2023,2024-04-28,atalanta,empoli,False
1052585,I1,2023,2024-04-28,fiorentina,sassuolo,False
1052587,I1,2023,2024-04-29,genoa,cagliari,False
1052601,I1,2023,2024-05-03,torino,bologna,False
1052597,I1,2023,2024-05-04,monza,lazio,False
1052600,I1,2023,2024-05-04,sassuolo,inter,False
1052593,I1,2023,2024-05-05,cagliari,lecce,False
1052595,I1,2023,2024-05-05,hellas verona,fiorentina,False
1052594,I1,2023,2024-05-05,empoli,frosinone,False
1052596,I1,2023,2024-05-05,ac milan,genoa,False
1052598,I1,2023,2024-05-05,as roma,juventus,False
1052599,I1,2023,2024-05-06,salernitana,atalanta,False
1052602,I1,2023,2024-05-06,udinese,napoli,False
1052605,I1,2023,2024-05-10,frosinone,inter,False
1052612,I1,2023,2024-05-11,napoli,bologna,False
1052611,I1,2023,2024-05-11,ac milan,cagliari,False
1052609,I1,2023,2024-05-12,lazio,empoli,False
1052606,I1,2023,2024-05-12,genoa,sassuolo,False
1052607,I1,2023,2024-05-12,hellas verona,torino,False
1052608,I1,2023,2024-05-12,juventus,salernitana,False
1052603,I1,2023,2024-05-12,atalanta,as roma,False
1052610,I1,2023,2024-05-13,lecce,udinese,False
1052604,I1,2023,2024-05-13,fiorentina,monza,False
1052614,I1,2023,2024-05-17,fiorentina,napoli,False
1052616,I1,2023,2024-05-18,lecce,atalanta,False
1052621,I1,2023,2024-05-18,torino,ac milan,False
1052620,I1,2023,2024-05-19,sassuolo,cagliari,False
1052622,I1,2023,2024-05-19,udinese,empoli,False
1052617,I1,2023,2024-05-19,monza,frosinone,False
1052615,I1,2023,2024-05-19,inter,lazio,False
1052618,I1,2023,2024-05-19,as roma,genoa,False
1052619,I1,2023,2024-05-20,salernitana,hellas verona,False
1052613,I1,2023,2024-05-20,bologna,juventus,False
1052624,I1,2023,2024-05-23,cagliari,fiorentina,False
1052627,I1,2023,2024-05-24,genoa,bologna,False
1052629,I1,2023,2024-05-25,juventus,monza,False
1052631,I1,2023,2024-05-25,ac milan,salernitana,False
1052632,I1,2023,2024-05-26,napoli,lecce,False
1052623,I1,2023,2024-05-26,atalanta,torino,False
1052630,I1,2023,2024-05-26,lazio,sassuolo,False
1052628,I1,2023,2024-05-26,hellas verona,inter,False
1052625,I1,2023,2024-05-26,empoli,as roma,False
1052626,I1,2023,2024-05-26,frosinone,udinese,False
1052533,I1,2023,2024-06-02,atalanta,fiorentina,False
1223598,I1,2024,2024-08-17,genoa,inter,False
1223604,I1,2024,2024-08-17,parma,fiorentina,False
1223603,I1,2024,2024-08-17,ac milan,torino,False
1223597,I1,2024,2024-08-17,empoli,monza,False
1223595,I1,2024,2024-08-18,bologna,udinese,False
1223599,I1,2024,2024-08-18,hellas verona,napoli,False
1223601,I1,2024,2024-08-18,lazio,venezia,False
1223596,I1,2024,2024-08-18,cagliari,as roma,False
1223602,I1,2024,2024-08-19,lecce,atalanta,False
1223600,I1,2024,2024-08-19,juventus,como,False
1223614,I1,2024,2024-08-24,udinese,lazio,False
1223611,I1,2024,2024-08-24,parma,ac milan,False
1223608,I1,2024,2024-08-24,inter,lecce,False
1223609,I1,2024,2024-08-24,monza,genoa,False
1223606,I1,2024,2024-08-25,fiorentina,venezia,False
1223613,I1,2024,2024-08-25,torino,atalanta,False
1223610,I1,2024,2024-08-25,napoli,bologna,False
1223612,I1,2024,2024-08-25,as roma,empoli,False
1223605,I1,2024,2024-08-26,cagliari,como,False
1223607,I1,2024,2024-08-26,hellas verona,juventus,False
1223624,I1,2024,2024-08-30,venezia,torino,False
1223618,I1,2024,2024-08-30,inter,atalanta,False
1223615,I1,2024,2024-08-31,bologna,empoli,False
1223621,I1,2024,2024-08-31,lecce,cagliari,False
1223620,I1,2024,2024-08-31,lazio,ac milan,False
1223622,I1,2024,2024-08-31,napoli,parma,False
1223617,I1,2024,2024-09-01,genoa,hellas verona,False
1223616,I1,2024,2024-09-01,fiorentina,monza,False
1223623,I1,2024,2024-09-01,udinese,como,False
1223619,I1,2024,2024-09-01,juventus,as roma,False
1223627,I1,2024,2024-09-14,como,bologna,False
1223628,I1,2024,2024-09-14,empoli,juventus,False
1223631,I1,2024,2024-09-14,ac milan,venezia,False
1223629,I1,2024,2024-09-15,genoa,as roma,False
1223625,I1,2024,2024-09-15,atalanta,fiorentina,False
1223634,I1,2024,2024-09-15,torino,lecce,False
1223626,I1,2024,2024-09-15,cagliari,napoli,False
1223632,I1,2024,2024-09-15,monza,inter,False
1223633,I1,2024,2024-09-16,parma,udinese,False
1223630,I1,2024,2024-09-16,lazio,hellas verona,False
1223636,I1,2024,2024-09-20,cagliari,empoli,False
1223638,I1,2024,2024-09-20,hellas verona,torino,False
1223644,I1,2024,2024-09-21,venezia,genoa,False
1223640,I1,2024,2024-09-21,juventus,napoli,False
1223641,I1,2024,2024-09-21,lecce,parma,False
1223637,I1,2024,2024-09-22,fiorentina,lazio,False
1223642,I1,2024,2024-09-22,monza,bologna,False
1223643,I1,2024,2024-09-22,as roma,udinese,False
1223639,I1,2024,2024-09-22,inter,ac milan,False
1223635,I1,2024,2024-09-24,atalanta,como,False
1223649,I1,2024,2024-09-27,ac milan,lecce,False
1223654,I1,2024,2024-09-28,udinese,inter,False
1223648,I1,2024,2024-09-28,genoa,juventus,False
1223645,I1,2024,2024-09-28,bologna,atalanta,False
1223653,I1,2024,2024-09-29,torino,lazio,False
1223652,I1,2024,2024-09-29,as roma,venezia,False
1223646,I1,2024,2024-09-29,como,hellas verona,False
1223647,I1,2024,2024-09-29,empoli,fiorentina,False
1223650,I1,2024,2024-09-29,napoli,monza,False
1223651,I1,2024,2024-09-30,parma,cagliari,False
1223663,I1,2024,2024-10-04,napoli,como,False
1223658,I1,2024,2024-10-04,hellas verona,venezia,False
1223664,I1,2024,2024-10-05,udinese,lecce,False
1223655,I1,2024,2024-10-05,atalanta,genoa,False
1223659,I1,2024,2024-10-05,inter,torino,False
1223660,I1,2024,2024-10-06,juventus,cagliari,False
1223661,I1,2024,2024-10-06,lazio,empoli,False
1223656,I1,2024,2024-10-06,bologna,parma,False
1223662,I1,2024,2024-10-06,monza,as roma,False
1223657,I1,2024,2024-10-06,fiorentina,ac milan,False
1223668,I1,2024,2024-10-19,genoa,bologna,False
1223666,I1,2024,2024-10-19,como,parma,False
1223672,I1,2024,2024-10-19,ac milan,udinese,False
1223670,I1,2024,2024-10-19,juventus,lazio,False
1223667,I1,2024,2024-10-20,empoli,napoli,False
1223674,I1,2024,2024-10-20,venezia,atalanta,False
1223671,I1,2024,2024-10-20,lecce,fiorentina,False
1223665,I1,2024,2024-10-20,cagliari,torino,False
1223673,I1,2024,2024-10-20,as roma,inter,False
1223669,I1,2024,2024-10-21,hellas verona,monza,False
1223684,I1,2024,2024-10-25,udinese,cagliari,False
1223683,I1,2024,2024-10-25,torino,como,False
1223681,I1,2024,2024-10-26,napoli,lecce,False
1223675,I1,2024,2024-10-26,atalanta,hellas verona,False
1223682,I1,2024,2024-10-27,parma,empoli,False
1223679,I1,2024,2024-10-27,lazio,genoa,False
1223680,I1,2024,2024-10-27,monza,venezia,False
1223678,I1,2024,2024-10-27,inter,juventus,False
1223677,I1,2024,2024-10-27,fiorentina,as roma,False
1223686,I1,2024,2024-10-29,cagliari,bologna,False
1223691,I1,2024,2024-10-29,lecce,hellas verona,False
1223692,I1,2024,2024-10-29,ac milan,napoli,False
1223688,I1,2024,2024-10-30,empoli,inter,False
1223694,I1,2024,2024-10-30,venezia,udinese,False
1223690,I1,2024,2024-10-30,juventus,parma,False
1223685,I1,2024,2024-10-30,atalanta,monza,False
1223689,I1,2024,2024-10-31,genoa,fiorentina,False
1223693,I1,2024,2024-10-31,as roma,torino,False
1223687,I1,2024,2024-10-31,como,lazio,False
1223695,I1,2024,2024-11-02,bologna,lecce,False
1223704,I1,2024,2024-11-02,udinese,juventus,False
1223700,I1,2024,2024-11-02,monza,ac milan,False
1223701,I1,2024,2024-11-03,napoli,atalanta,False
1223703,I1,2024,2024-11-03,torino,fiorentina,False
1223697,I1,2024,2024-11-03,hellas verona,as roma,False
1223698,I1,2024,2024-11-03,inter,venezia,False
1223696,I1,2024,2024-11-04,empoli,como,False
1223702,I1,2024,2024-11-04,parma,genoa,False
1223699,I1,2024,2024-11-04,lazio,cagliari,False
1223708,I1,2024,2024-11-07,genoa,como,False
1223711,I1,2024,2024-11-08,lecce,empoli,False
1223714,I1,2024,2024-11-09,venezia,parma,False
1223706,I1,2024,2024-11-09,cagliari,ac milan,False
1223710,I1,2024,2024-11-09,juventus,torino,False
1223705,I1,2024,2024-11-10,atalanta,udinese,False
1223713,I1,2024,2024-11-10,as roma,bologna,False
1223707,I1,2024,2024-11-10,fiorentina,hellas verona,False
1223712,I1,2024,2024-11-10,monza,lazio,False
1223709,I1,2024,2024-11-10,inter,napoli,False
1223718,I1,2024,2024-11-23,hellas verona,inter,False
1223720,I1,2024,2024-11-23,ac milan,juventus,False
1223722,I1,2024,2024-11-23,parma,atalanta,False
1223717,I1,2024,2024-11-24,genoa,cagliari,False
1223723,I1,2024,2024-11-24,torino,monza,False
1223715,I1,2024,2024-11-24,como,fiorentina,False
1223721,I1,2024,2024-11-24,napoli,as roma,False
1223719,I1,2024,2024-11-24,lazio,bologna,False
1223716,I1,2024,2024-11-25,empoli,udinese,False
1223724,I1,2024,2024-11-25,venezia,lecce,False
1223726,I1,2024,2024-11-29,cagliari,hellas verona,False
1223727,I1,2024,2024-11-30,como,monza,False
1223730,I1,2024,2024-11-30,ac milan,empoli,False
1223725,I1,2024,2024-11-30,bologna,venezia,False
1223734,I1,2024,2024-12-01,udinese,genoa,False
1223733,I1,2024,2024-12-01,torino,napoli,False
1223731,I1,2024,2024-12-01,parma,lazio,False
1223729,I1,2024,2024-12-01,lecce,juventus,False
1223732,I1,2024,2024-12-02,as roma,atalanta,False
1223739,I1,2024,2024-12-06,inter,parma,False
1223735,I1,2024,2024-12-06,atalanta,ac milan,False
1223737,I1,2024,2024-12-07,genoa,torino,False
1223740,I1,2024,2024-12-07,juventus,bologna,False
1223743,I1,2024,2024-12-07,as roma,lecce,False
1223736,I1,2024,2024-12-08,fiorentina,cagliari,False
1223738,I1,2024,2024-12-08,hellas verona,empoli,False
1223744,I1,2024,2024-12-08,venezia,como,False
1223742,I1,2024,2024-12-08,napoli,lazio,False
1223741,I1,2024,2024-12-09,monza,udinese,False
1223748,I1,2024,2024-12-13,empoli,torino,False
1223746,I1,2024,2024-12-14,cagliari,atalanta,False
1223754,I1,2024,2024-12-14,udinese,napoli,False
1223749,I1,2024,2024-12-14,juventus,venezia,False
1223751,I1,2024,2024-12-15,lecce,monza,False
1223745,I1,2024,2024-12-15,bologna,fiorentina,False
1223753,I1,2024,2024-12-15,parma,hellas verona,False
1223747,I1,2024,2024-12-15,como,as roma,False
1223752,I1,2024,2024-12-15,ac milan,genoa,False
1223750,I1,2024,2024-12-16,lazio,inter,False
1223758,I1,2024,2024-12-20,hellas verona,ac milan,False
1223763,I1,2024,2024-12-21,torino,bologna,False
1223757,I1,2024,2024-12-21,genoa,napoli,False
1223760,I1,2024,2024-12-21,lecce,lazio,False
1223762,I1,2024,2024-12-22,as roma,parma,False
1223764,I1,2024,2024-12-22,venezia,cagliari,False
1223755,I1,2024,2024-12-22,atalanta,empoli,False
1223761,I1,2024,2024-12-22,monza,juventus,False
1223756,I1,2024,2024-12-23,fiorentina,udinese,False
1223759,I1,2024,2024-12-23,inter,como,False
1223768,I1,2024,2024-12-28,empoli,genoa,False
1223773,I1,2024,2024-12-28,parma,monza,False
1223766,I1,2024,2024-12-28,cagliari,inter,False
1223770,I1,2024,2024-12-28,lazio,atalanta,False
1223774,I1,2024,2024-12-29,udinese,torino,False
1223772,I1,2024,2024-12-29,napoli,venezia,False
1223769,I1,2024,2024-12-29,juventus,fiorentina,False
1223771,I1,2024,2024-12-29,ac milan,as roma,False
1223767,I1,2024,2024-12-30,como,lecce,False
1223765,I1,2024,2024-12-30,bologna,hellas verona,False
1223784,I1,2024,2025-01-04,venezia,empoli,False
1223777,I1,2024,2025-01-04,fiorentina,napoli,False
1223778,I1,2024,2025-01-04,hellas verona,udinese,False
1223781,I1,2024,2025-01-05,monza,cagliari,False
1223780,I1,2024,2025-01-05,lecce,genoa,False
1223783,I1,2024,2025-01-05,torino,parma,False
1223782,I1,2024,2025-01-05,as roma,lazio,False
1223788,I1,2024,2025-01-10,lazio,como,False
1223793,I1,2024,2025-01-11,udinese,atalanta,False
1223786,I1,2024,2025-01-11,empoli,lecce,False
1223792,I1,2024,2025-01-11,torino,juventus,False
1223789,I1,2024,2025-01-11,ac milan,cagliari,False
1223787,I1,2024,2025-01-12,genoa,parma,False
1223794,I1,2024,2025-01-12,venezia,inter,False
1223785,I1,2024,2025-01-12,bologna,as roma,False
1223791,I1,2024,2025-01-12,napoli,hellas verona,False
1223790,I1,2024,2025-01-13,monza,fiorentina,False
1223776,I1,2024,2025-01-14,como,ac milan,False
1223775,I1,2024,2025-01-14,atalanta,juventus,False
1223779,I1,2024,2025-01-15,inter,bologna,False
1223804,I1,2024,2025-01-17,as roma,genoa,False
1223796,I1,2024,2025-01-18,bologna,monza,False
1223802,I1,2024,2025-01-18,juventus,ac milan,False
1223795,I1,2024,2025-01-18,atalanta,napoli,False
1223799,I1,2024,2025-01-19,fiorentina,torino,False
1223797,I1,2024,2025-01-19,cagliari,lecce,False
1223803,I1,2024,2025-01-19,parma,venezia,False
1223800,I1,2024,2025-01-19,hellas verona,lazio,False
1223801,I1,2024,2025-01-19,inter,empoli,False
1223798,I1,2024,2025-01-20,como,udinese,False
1223812,I1,2024,2025-01-24,torino,cagliari,False
1223805,I1,2024,2025-01-25,como,atalanta,False
1223811,I1,2024,2025-01-25,napoli,juventus,False
1223806,I1,2024,2025-01-25,empoli,bologna,False
1223810,I1,2024,2025-01-26,ac milan,parma,False
1223813,I1,2024,2025-01-26,udinese,as roma,False
1223809,I1,2024,2025-01-26,lecce,inter,False
1223808,I1,2024,2025-01-26,lazio,fiorentina,False
1223814,I1,2024,2025-01-27,venezia,hellas verona,False
1223807,I1,2024,2025-01-27,genoa,monza,False
1223822,I1,2024,2025-01-31,parma,lecce,False
1223824,I1,2024,2025-02-01,udinese,venezia,False
1223821,I1,2024,2025-02-01,monza,hellas verona,False
1223815,I1,2024,2025-02-01,atalanta,torino,False
1223816,I1,2024,2025-02-01,bologna,como,False
1223819,I1,2024,2025-02-02,juventus,empoli,False
1223818,I1,2024,2025-02-02,fiorentina,genoa,False
1223820,I1,2024,2025-02-02,ac milan,inter,False
1223823,I1,2024,2025-02-02,as roma,napoli,False
1223817,I1,2024,2025-02-03,cagliari,lazio,False
1223728,I1,2024,2025-02-06,fiorentina,inter,False
1223826,I1,2024,2025-02-07,como,juventus,False
1223828,I1,2024,2025-02-08,hellas verona,atalanta,False
1223827,I1,2024,2025-02-08,empoli,ac milan,False
1223833,I1,2024,2025-02-08,torino,genoa,False
1223834,I1,2024,2025-02-09,venezia,as roma,False
1223830,I1,2024,2025-02-09,lazio,monza,False
1223825,I1,2024,2025-02-09,cagliari,parma,False
1223831,I1,2024,2025-02-09,lecce,bologna,False
1223832,I1,2024,2025-02-09,napoli,udinese,False
1223829,I1,2024,2025-02-10,inter,fiorentina,False
1223836,I1,2024,2025-02-14,bologna,torino,False
1223835,I1,2024,2025-02-15,atalanta,cagliari,False
1223840,I1,2024,2025-02-15,lazio,napoli,False
1223841,I1,2024,2025-02-15,ac milan,hellas verona,False
1223837,I1,2024,2025-02-16,fiorentina,como,False
1223844,I1,2024,2025-02-16,udinese,empoli,False
1223842,I1,2024,2025-02-16,monza,lecce,False
1223843,I1,2024,2025-02-16,parma,as roma,False
1223839,I1,2024,2025-02-16,juventus,inter,False
1223838,I1,2024,2025-02-17,genoa,venezia,False
1223850,I1,2024,2025-02-21,lecce,udinese,False
1223854,I1,2024,2025-02-22,venezia,lazio,False
1223851,I1,2024,2025-02-22,parma,bologna,False
1223853,I1,2024,2025-02-22,torino,ac milan,False
1223849,I1,2024,2025-02-22,inter,genoa,False
1223846,I1,2024,2025-02-23,como,napoli,False
1223848,I1,2024,2025-02-23,hellas verona,fiorentina,False
1223847,I1,2024,2025-02-23,empoli,atalanta,False
1223845,I1,2024,2025-02-23,cagliari,juventus,False
1223852,I1,2024,2025-02-24,as roma,monza,False
1223676,I1,2024,2025-02-27,bologna,ac milan,False
1223857,I1,2024,2025-02-28,fiorentina,lecce,False
1223855,I1,2024,2025-03-01,atalanta,venezia,False
1223862,I1,2024,2025-03-01,napoli,inter,False
1223864,I1,2024,2025-03-01,udinese,parma,False
1223861,I1,2024,2025-03-02,monza,torino,False
1223858,I1,2024,2025-03-02,genoa,empoli,False
1223856,I1,2024,2025-03-02,bologna,cagliari,False
1223863,I1,2024,2025-03-02,as roma,como,False
1223860,I1,2024,2025-03-02,ac milan,lazio,False
1223859,I1,2024,2025-03-03,juventus,hellas verona,False
1223865,I1,2024,2025-03-07,cagliari,genoa,False
1223874,I1,2024,2025-03-08,parma,torino,False
1223866,I1,2024,2025-03-08,como,venezia,False
1223872,I1,2024,2025-03-08,lecce,ac milan,False
1223869,I1,2024,2025-03-08,inter,monza,False
1223868,I1,2024,2025-03-09,hellas verona,bologna,False
1223873,I1,2024,2025-03-09,napoli,fiorentina,False
1223867,I1,2024,2025-03-09,empoli,as roma,False
1223870,I1,2024,2025-03-09,juventus,atalanta,False
1223871,I1,2024,2025-03-10,lazio,udinese,False
1223878,I1,2024,2025-03-14,genoa,lecce,False
1223883,I1,2024,2025-03-15,udinese,hellas verona,False
1223880,I1,2024,2025-03-15,monza,parma,False
1223879,I1,2024,2025-03-15,ac milan,como,False
1223882,I1,2024,2025-03-15,torino,empoli,False
1223884,I1,2024,2025-03-16,venezia,napoli,False
1223876,I1,2024,2025-03-16,bologna,lazio,False
1223881,I1,2024,2025-03-16,as roma,cagliari,False
1223877,I1,2024,2025-03-16,fiorentina,juventus,False
1223875,I1,2024,2025-03-16,atalanta,inter,False
1223894,I1,2024,2025-03-29,venezia,bologna,False
1223886,I1,2024,2025-03-29,como,empoli,False
1223890,I1,2024,2025-03-29,juventus,genoa,False
1223892,I1,2024,2025-03-29,lecce,as roma,False
1223885,I1,2024,2025-03-30,cagliari,monza,False
1223887,I1,2024,2025-03-30,fiorentina,atalanta,False
1223889,I1,2024,2025-03-30,inter,udinese,False
1223893,I1,2024,2025-03-30,napoli,ac milan,False
1223888,I1,2024,2025-03-31,hellas verona,parma,False
1223891,I1,2024,2025-03-31,lazio,torino,False
1223898,I1,2024,2025-04-04,genoa,udinese,False
1223901,I1,2024,2025-04-05,monza,como,False
1223902,I1,2024,2025-04-05,parma,inter,False
1223900,I1,2024,2025-04-05,ac milan,fiorentina,False
1223899,I1,2024,2025-04-06,lecce,venezia,False
1223904,I1,2024,2025-04-06,torino,hellas verona,False
1223897,I1,2024,2025-04-06,empoli,cagliari,False
1223895,I1,2024,2025-04-06,atalanta,lazio,False
1223903,I1,2024,2025-04-06,as roma,juventus,False
1223896,I1,2024,2025-04-07,bologna,napoli,False
1223913,I1,2024,2025-04-11,udinese,ac milan,False
1223914,I1,2024,2025-04-12,venezia,monza,False
1223909,I1,2024,2025-04-12,inter,cagliari,False
1223910,I1,2024,2025-04-12,juventus,lecce,False
1223905,I1,2024,2025-04-13,atalanta,bologna,False
1223907,I1,2024,2025-04-13,fiorentina,parma,False
1223908,I1,2024,2025-04-13,hellas verona,genoa,False
1223906,I1,2024,2025-04-13,como,torino,False
1223911,I1,2024,2025-04-13,lazio,as roma,False
1223912,I1,2024,2025-04-14,napoli,empoli,False
1223919,I1,2024,2025-04-19,lecce,como,False
1223921,I1,2024,2025-04-19,monza,napoli,False
1223923,I1,2024,2025-04-19,as roma,hellas verona,False
1223917,I1,2024,2025-04-20,empoli,venezia,False
1223915,I1,2024,2025-04-20,bologna,inter,False
1223920,I1,2024,2025-04-20,ac milan,atalanta,False
1223916,I1,2024,2025-04-23,cagliari,fiorentina,False
1223918,I1,2024,2025-04-23,genoa,lazio,False
1223924,I1,2024,2025-04-23,torino,udinese,False
1223922,I1,2024,2025-04-23,parma,juventus,False
1223934,I1,2024,2025-04-27,venezia,ac milan,False
1223926,I1,2024,2025-04-27,como,genoa,False
1223927,I1,2024,2025-04-27,fiorentina,empoli,False
1223929,I1,2024,2025-04-27,inter,as roma,False
1223930,I1,2024,2025-04-27,juventus,monza,False
1223932,I1,2024,2025-04-27,napoli,torino,False
1223925,I1,2024,2025-04-27,atalanta,lecce,False
1223933,I1,2024,2025-04-28,udinese,bologna,False
1223931,I1,2024,2025-04-28,lazio,parma,False
1223928,I1,2024,2025-04-28,hellas verona,cagliari,False
1223944,I1,2024,2025-05-02,torino,venezia,False
1223936,I1,2024,2025-05-03,cagliari,udinese,False
1223942,I1,2024,2025-05-03,parma,como,False
1223940,I1,2024,2025-05-03,lecce,napoli,False
1223939,I1,2024,2025-05-03,inter,hellas verona,False
1223937,I1,2024,2025-05-04,empoli,lazio,False
1223941,I1,2024,2025-05-04,monza,atalanta,False
1223943,I1,2024,2025-05-04,as roma,fiorentina,False
1223935,I1,2024,2025-05-04,bologna,juventus,False
1223938,I1,2024,2025-05-05,genoa,ac milan,False
1223950,I1,2024,2025-05-09,ac milan,bologna,False
1223946,I1,2024,2025-05-10,como,cagliari,False
1223949,I1,2024,2025-05-10,lazio,juventus,False
1223947,I1,2024,2025-05-10,empoli,parma,False
1223953,I1,2024,2025-05-11,udinese,monza,False
1223948,I1,2024,2025-05-11,hellas verona,lecce,False
1223952,I1,2024,2025-05-11,torino,inter,False
1223951,I1,2024,2025-05-11,napoli,genoa,False
1223954,I1,2024,2025-05-12,venezia,fiorentina,False
1223945,I1,2024,2025-05-12,atalanta,as roma,False
1223957,I1,2024,2025-05-17,genoa,atalanta,False
1223955,I1,2024,2025-05-18,cagliari,venezia,False
1223960,I1,2024,2025-05-18,juventus,udinese,False
1223964,I1,2024,2025-05-18,as roma,ac milan,False
1223956,I1,2024,2025-05-18,fiorentina,bologna,False
1223958,I1,2024,2025-05-18,hellas verona,como,False
1223959,I1,2024,2025-05-18,inter,lazio,False
1223963,I1,2024,2025-05-18,parma,napoli,False
1223961,I1,2024,2025-05-18,lecce,torino,False
1223962,I1,2024,2025-05-18,monza,empoli,False
1223971,I1,2024,2025-05-23,napoli,cagliari,False
1223967,I1,2024,2025-05-23,como,inter,False
1223966,I1,2024,2025-05-24,bologna,genoa,False
1223970,I1,2024,2025-05-24,ac milan,monza,False
1223969,I1,2024,2025-05-25,lazio,lecce,False
1223973,I1,2024,2025-05-25,udinese,fiorentina,False
1223965,I1,2024,2025-05-25,atalanta,parma,False
1223972,I1,2024,2025-05-25,torino,as roma,False
1223968,I1,2024,2025-05-25,empoli,hellas verona,False
1223974,I1,2024,2025-05-25,venezia,juventus,False
871474,F1,2022,2022-08-05,lyon,ajaccio,False
871470,F1,2022,2022-08-06,strasbourg,monaco,False
871472,F1,2022,2022-08-06,clermont foot,paris saint germain,False
871473,F1,2022,2022-08-07,toulouse,nice,False
871476,F1,2022,2022-08-07,angers,nantes,False
871475,F1,2022,2022-08-07,lille,auxerre,False
871477,F1,2022,2022-08-07,montpellier,estac troyes,False
871479,F1,2022,2022-08-07,lens,stade brestois 29,False
871471,F1,2022,2022-08-07,rennes,lorient,False
871478,F1,2022,2022-08-07,marseille,reims,False
871484,F1,2022,2022-08-12,nantes,lille,False
871482,F1,2022,2022-08-13,monaco,rennes,False
871486,F1,2022,2022-08-13,paris saint germain,montpellier,False
871488,F1,2022,2022-08-14,reims,clermont foot,False
871480,F1,2022,2022-08-14,ajaccio,lens,False
871481,F1,2022,2022-08-14,auxerre,angers,False
871489,F1,2022,2022-08-14,estac troyes,toulouse,False
871485,F1,2022,2022-08-14,nice,strasbourg,False
871487,F1,2022,2022-08-14,stade brestois 29,marseille,False
871495,F1,2022,2022-08-19,lyon,estac troyes,False
871490,F1,2022,2022-08-20,monaco,lens,False
871496,F1,2022,2022-08-20,marseille,nantes,False
871497,F1,2022,2022-08-21,strasbourg,reims,False
871491,F1,2022,2022-08-21,angers,stade brestois 29,False
871494,F1,2022,2022-08-21,montpellier,auxerre,False
871499,F1,2022,2022-08-21,toulouse,lorient,False
871492,F1,2022,2022-08-21,clermont foot,nice,False
871498,F1,2022,2022-08-21,rennes,ajaccio,False
871493,F1,2022,2022-08-21,lille,paris saint germain,False
871500,F1,2022,2022-08-26,ajaccio,lille,False
871501,F1,2022,2022-08-27,auxerre,strasbourg,False
871506,F1,2022,2022-08-27,lens,rennes,False
871503,F1,2022,2022-08-28,nantes,toulouse,False
871504,F1,2022,2022-08-28,nice,marseille,False
871502,F1,2022,2022-08-28,lorient,clermont foot,False
871507,F1,2022,2022-08-28,stade brestois 29,montpellier,False
871509,F1,2022,2022-08-28,estac troyes,angers,False
871508,F1,2022,2022-08-28,reims,lyon,False
871505,F1,2022,2022-08-28,paris saint germain,monaco,False
871511,F1,2022,2022-08-31,angers,reims,False
871514,F1,2022,2022-08-31,lyon,auxerre,False
871513,F1,2022,2022-08-31,montpellier,ajaccio,False
871510,F1,2022,2022-08-31,monaco,estac troyes,False
871517,F1,2022,2022-08-31,strasbourg,nantes,False
871512,F1,2022,2022-08-31,lille,nice,False
871515,F1,2022,2022-08-31,marseille,clermont foot,False
871518,F1,2022,2022-08-31,rennes,stade brestois 29,False
871519,F1,2022,2022-08-31,toulouse,paris saint germain,False
871516,F1,2022,2022-08-31,lens,lorient,False
871521,F1,2022,2022-09-03,auxerre,marseille,False
871526,F1,2022,2022-09-03,lyon,angers,False
871523,F1,2022,2022-09-03,nantes,paris saint germain,False
871524,F1,2022,2022-09-04,montpellier,lille,False
871528,F1,2022,2022-09-04,reims,lens,False
871520,F1,2022,2022-09-04,ajaccio,lorient,False
871522,F1,2022,2022-09-04,clermont foot,toulouse,False
871527,F1,2022,2022-09-04,stade brestois 29,strasbourg,False
871529,F1,2022,2022-09-04,estac troyes,rennes,False
871525,F1,2022,2022-09-04,nice,monaco,False
871483,F1,2022,2022-09-07,lorient,lyon,False
871536,F1,2022,2022-09-09,lens,estac troyes,False
871535,F1,2022,2022-09-10,paris saint germain,stade brestois 29,False
871534,F1,2022,2022-09-10,marseille,lille,False
871537,F1,2022,2022-09-11,strasbourg,clermont foot,False
871532,F1,2022,2022-09-11,angers,montpellier,False
871539,F1,2022,2022-09-11,toulouse,reims,False
871533,F1,2022,2022-09-11,lorient,nantes,False
871530,F1,2022,2022-09-11,ajaccio,nice,False
871538,F1,2022,2022-09-11,rennes,auxerre,False
871531,F1,2022,2022-09-11,monaco,lyon,False
871540,F1,2022,2022-09-16,auxerre,lorient,False
871544,F1,2022,2022-09-17,montpellier,strasbourg,False
871543,F1,2022,2022-09-17,lille,toulouse,False
871549,F1,2022,2022-09-18,reims,monaco,False
871547,F1,2022,2022-09-18,marseille,rennes,False
871545,F1,2022,2022-09-18,nice,angers,False
871541,F1,2022,2022-09-18,clermont foot,estac troyes,False
871548,F1,2022,2022-09-18,stade brestois 29,ajaccio,False
871542,F1,2022,2022-09-18,nantes,lens,False
871546,F1,2022,2022-09-18,lyon,paris saint germain,False
871553,F1,2022,2022-09-30,angers,marseille,False
871557,F1,2022,2022-10-01,strasbourg,rennes,False
871555,F1,2022,2022-10-01,paris saint germain,nice,False
871554,F1,2022,2022-10-02,lorient,lille,False
871558,F1,2022,2022-10-02,toulouse,montpellier,False
871550,F1,2022,2022-10-02,ajaccio,clermont foot,False
871551,F1,2022,2022-10-02,auxerre,stade brestois 29,False
871559,F1,2022,2022-10-02,estac troyes,reims,False
871552,F1,2022,2022-10-02,monaco,nantes,False
871556,F1,2022,2022-10-02,lens,lyon,False
871565,F1,2022,2022-10-07,lyon,toulouse,False
871566,F1,2022,2022-10-08,marseille,ajaccio,False
871569,F1,2022,2022-10-08,reims,paris saint germain,False
871563,F1,2022,2022-10-09,montpellier,monaco,False
871560,F1,2022,2022-10-09,angers,strasbourg,False
871564,F1,2022,2022-10-09,nice,estac troyes,False
871561,F1,2022,2022-10-09,clermont foot,auxerre,False
871567,F1,2022,2022-10-09,stade brestois 29,lorient,False
871568,F1,2022,2022-10-09,rennes,nantes,False
871562,F1,2022,2022-10-09,lille,lens,False
871576,F1,2022,2022-10-14,strasbourg,lille,False
871572,F1,2022,2022-10-15,lorient,reims,False
871575,F1,2022,2022-10-15,lens,montpellier,False
871578,F1,2022,2022-10-16,toulouse,angers,False
871573,F1,2022,2022-10-16,nantes,stade brestois 29,False
871577,F1,2022,2022-10-16,rennes,lyon,False
871570,F1,2022,2022-10-16,auxerre,nice,False
871579,F1,2022,2022-10-16,estac troyes,ajaccio,False
871571,F1,2022,2022-10-16,monaco,clermont foot,False
871574,F1,2022,2022-10-16,paris saint germain,marseille,False
871580,F1,2022,2022-10-21,ajaccio,paris saint germain,False
871584,F1,2022,2022-10-22,montpellier,lyon,False
871586,F1,2022,2022-10-22,marseille,lens,False
871581,F1,2022,2022-10-23,angers,rennes,False
871587,F1,2022,2022-10-23,reims,auxerre,False
871588,F1,2022,2022-10-23,toulouse,strasbourg,False
871582,F1,2022,2022-10-23,clermont foot,stade brestois 29,False
871589,F1,2022,2022-10-23,estac troyes,lorient,False
871585,F1,2022,2022-10-23,nice,nantes,False
871583,F1,2022,2022-10-23,lille,monaco,False
871596,F1,2022,2022-10-28,lens,toulouse,False
871595,F1,2022,2022-10-29,paris saint germain,estac troyes,False
871597,F1,2022,2022-10-29,strasbourg,marseille,False
871590,F1,2022,2022-10-30,auxerre,ajaccio,False
871593,F1,2022,2022-10-30,nantes,clermont foot,False
871591,F1,2022,2022-10-30,monaco,angers,False
871599,F1,2022,2022-10-30,rennes,montpellier,False
871598,F1,2022,2022-10-30,stade brestois 29,reims,False
871592,F1,2022,2022-10-30,lorient,nice,False
871594,F1,2022,2022-10-30,lyon,lille,False
871609,F1,2022,2022-11-04,estac troyes,auxerre,False
871600,F1,2022,2022-11-05,ajaccio,strasbourg,False
871601,F1,2022,2022-11-05,angers,lens,False
871603,F1,2022,2022-11-06,lorient,paris saint germain,False
871605,F1,2022,2022-11-06,nice,stade brestois 29,False
871607,F1,2022,2022-11-06,reims,nantes,False
871608,F1,2022,2022-11-06,toulouse,monaco,False
871602,F1,2022,2022-11-06,clermont foot,montpellier,False
871604,F1,2022,2022-11-06,lille,rennes,False
871606,F1,2022,2022-11-06,marseille,lyon,False
871614,F1,2022,2022-11-11,lyon,nice,False
871616,F1,2022,2022-11-12,lens,clermont foot,False
871619,F1,2022,2022-11-12,rennes,toulouse,False
871615,F1,2022,2022-11-13,paris saint germain,auxerre,False
871612,F1,2022,2022-11-13,lille,angers,False
871613,F1,2022,2022-11-13,montpellier,reims,False
871611,F1,2022,2022-11-13,nantes,ajaccio,False
871618,F1,2022,2022-11-13,stade brestois 29,estac troyes,False
871617,F1,2022,2022-11-13,strasbourg,lorient,False
871610,F1,2022,2022-11-13,monaco,marseille,False
871620,F1,2022,2022-12-28,ajaccio,angers,False
871629,F1,2022,2022-12-28,estac troyes,nantes,False
871621,F1,2022,2022-12-28,auxerre,monaco,False
871622,F1,2022,2022-12-28,clermont foot,lille,False
871626,F1,2022,2022-12-28,paris saint germain,strasbourg,False
871627,F1,2022,2022-12-28,stade brestois 29,lyon,False
871623,F1,2022,2022-12-29,lorient,montpellier,False
871628,F1,2022,2022-12-29,reims,rennes,False
871625,F1,2022,2022-12-29,marseille,toulouse,False
871624,F1,2022,2022-12-29,nice,lens,False
871637,F1,2022,2023-01-01,angers,lorient,False
871631,F1,2022,2023-01-01,nantes,auxerre,False
871630,F1,2022,2023-01-01,monaco,stade brestois 29,False
871636,F1,2022,2023-01-01,toulouse,ajaccio,False
871633,F1,2022,2023-01-01,lyon,clermont foot,False
871634,F1,2022,2023-01-01,lens,paris saint germain,False
871639,F1,2022,2023-01-02,strasbourg,estac troyes,False
871632,F1,2022,2023-01-02,lille,reims,False
871638,F1,2022,2023-01-02,montpellier,marseille,False
871635,F1,2022,2023-01-02,rennes,nice,False
871644,F1,2022,2023-01-11,nantes,lyon,False
871640,F1,2022,2023-01-11,ajaccio,reims,False
871642,F1,2022,2023-01-11,clermont foot,rennes,False
871648,F1,2022,2023-01-11,stade brestois 29,lille,False
871641,F1,2022,2023-01-11,auxerre,toulouse,False
871645,F1,2022,2023-01-11,nice,montpellier,False
871646,F1,2022,2023-01-11,paris saint germain,angers,False
871647,F1,2022,2023-01-11,strasbourg,lens,False
871643,F1,2022,2023-01-11,lorient,monaco,False
871649,F1,2022,2023-01-11,estac troyes,marseille,False
871656,F1,2022,2023-01-14,lens,auxerre,False
871655,F1,2022,2023-01-14,marseille,lorient,False
871654,F1,2022,2023-01-14,lyon,strasbourg,False
871652,F1,2022,2023-01-15,lille,estac troyes,False
871651,F1,2022,2023-01-15,angers,clermont foot,False
871653,F1,2022,2023-01-15,montpellier,nantes,False
871658,F1,2022,2023-01-15,reims,nice,False
871659,F1,2022,2023-01-15,toulouse,stade brestois 29,False
871650,F1,2022,2023-01-15,monaco,ajaccio,False
871657,F1,2022,2023-01-15,rennes,paris saint germain,False
871663,F1,2022,2023-01-27,lorient,rennes,False
871669,F1,2022,2023-01-28,estac troyes,lens,False
871665,F1,2022,2023-01-28,marseille,monaco,False
871664,F1,2022,2023-01-29,nice,lille,False
871667,F1,2022,2023-01-29,strasbourg,toulouse,False
871662,F1,2022,2023-01-29,clermont foot,nantes,False
871668,F1,2022,2023-01-29,stade brestois 29,angers,False
871661,F1,2022,2023-01-29,auxerre,montpellier,False
871660,F1,2022,2023-01-29,ajaccio,lyon,False
871666,F1,2022,2023-01-29,paris saint germain,reims,False
871674,F1,2022,2023-02-01,angers,ajaccio,False
871675,F1,2022,2023-02-01,lille,clermont foot,False
871670,F1,2022,2023-02-01,nantes,marseille,False
871672,F1,2022,2023-02-01,reims,lorient,False
871679,F1,2022,2023-02-01,toulouse,estac troyes,False
871671,F1,2022,2023-02-01,lyon,stade brestois 29,False
871676,F1,2022,2023-02-01,montpellier,paris saint germain,False
871673,F1,2022,2023-02-01,monaco,auxerre,False
871678,F1,2022,2023-02-01,rennes,strasbourg,False
871677,F1,2022,2023-02-01,lens,nice,False
871685,F1,2022,2023-02-04,paris saint germain,toulouse,False
871689,F1,2022,2023-02-04,estac troyes,lyon,False
871688,F1,2022,2023-02-04,rennes,lille,False
871682,F1,2022,2023-02-05,clermont foot,monaco,False
871686,F1,2022,2023-02-05,strasbourg,montpellier,False
871683,F1,2022,2023-02-05,lorient,angers,False
871680,F1,2022,2023-02-05,ajaccio,nantes,False
871681,F1,2022,2023-02-05,auxerre,reims,False
871687,F1,2022,2023-02-05,stade brestois 29,lens,False
871684,F1,2022,2023-02-05,marseille,nice,False
871696,F1,2022,2023-02-10,nice,ajaccio,False
871690,F1,2022,2023-02-11,monaco,paris saint germain,False
871692,F1,2022,2023-02-11,clermont foot,marseille,False
871699,F1,2022,2023-02-12,toulouse,rennes,False
871691,F1,2022,2023-02-12,angers,auxerre,False
871694,F1,2022,2023-02-12,lille,strasbourg,False
871695,F1,2022,2023-02-12,montpellier,stade brestois 29,False
871698,F1,2022,2023-02-12,reims,estac troyes,False
871693,F1,2022,2023-02-12,nantes,lorient,False
871697,F1,2022,2023-02-12,lyon,lens,False
871700,F1,2022,2023-02-17,auxerre,lyon,False
871702,F1,2022,2023-02-18,nice,reims,False
871705,F1,2022,2023-02-18,strasbourg,angers,False
871703,F1,2022,2023-02-19,paris saint germain,lille,False
871707,F1,2022,2023-02-19,rennes,clermont foot,False
871701,F1,2022,2023-02-19,lorient,ajaccio,False
871706,F1,2022,2023-02-19,stade brestois 29,monaco,False
871709,F1,2022,2023-02-19,estac troyes,montpellier,False
871704,F1,2022,2023-02-19,lens,nantes,False
871708,F1,2022,2023-02-19,toulouse,marseille,False
871716,F1,2022,2023-02-24,lille,stade brestois 29,False
871712,F1,2022,2023-02-25,angers,lyon,False
871717,F1,2022,2023-02-25,montpellier,lens,False
871714,F1,2022,2023-02-26,lorient,auxerre,False
871715,F1,2022,2023-02-26,nantes,rennes,False
871719,F1,2022,2023-02-26,reims,toulouse,False
871710,F1,2022,2023-02-26,ajaccio,estac troyes,False
871713,F1,2022,2023-02-26,clermont foot,strasbourg,False
871711,F1,2022,2023-02-26,monaco,nice,False
871718,F1,2022,2023-02-26,marseille,paris saint germain,False
871721,F1,2022,2023-03-03,nice,auxerre,False
871724,F1,2022,2023-03-04,lens,lille,False
871723,F1,2022,2023-03-04,paris saint germain,nantes,False
871729,F1,2022,2023-03-05,estac troyes,monaco,False
871720,F1,2022,2023-03-05,montpellier,angers,False
871727,F1,2022,2023-03-05,reims,ajaccio,False
871725,F1,2022,2023-03-05,strasbourg,stade brestois 29,False
871728,F1,2022,2023-03-05,toulouse,clermont foot,False
871722,F1,2022,2023-03-05,lyon,lorient,False
871726,F1,2022,2023-03-05,rennes,marseille,False
871737,F1,2022,2023-03-10,lille,lyon,False
871731,F1,2022,2023-03-11,auxerre,rennes,False
871739,F1,2022,2023-03-11,stade brestois 29,paris saint germain,False
871734,F1,2022,2023-03-12,clermont foot,lens,False
871733,F1,2022,2023-03-12,angers,toulouse,False
871736,F1,2022,2023-03-12,nantes,nice,False
871735,F1,2022,2023-03-12,lorient,estac troyes,False
871730,F1,2022,2023-03-12,ajaccio,montpellier,False
871732,F1,2022,2023-03-12,monaco,reims,False
871738,F1,2022,2023-03-12,marseille,strasbourg,False
871743,F1,2022,2023-03-17,lyon,nantes,False
871748,F1,2022,2023-03-18,toulouse,lille,False
871745,F1,2022,2023-03-18,lens,angers,False
871740,F1,2022,2023-03-19,ajaccio,monaco,False
871741,F1,2022,2023-03-19,montpellier,clermont foot,False
871742,F1,2022,2023-03-19,nice,lorient,False
871746,F1,2022,2023-03-19,strasbourg,auxerre,False
871749,F1,2022,2023-03-19,estac troyes,stade brestois 29,False
871744,F1,2022,2023-03-19,paris saint germain,rennes,False
871747,F1,2022,2023-03-19,reims,marseille,False
871756,F1,2022,2023-03-31,marseille,montpellier,False
871750,F1,2022,2023-04-01,auxerre,estac troyes,False
871759,F1,2022,2023-04-01,rennes,lens,False
871755,F1,2022,2023-04-02,lille,lorient,False
871752,F1,2022,2023-04-02,angers,nice,False
871754,F1,2022,2023-04-02,nantes,reims,False
871753,F1,2022,2023-04-02,clermont foot,ajaccio,False
871758,F1,2022,2023-04-02,stade brestois 29,toulouse,False
871751,F1,2022,2023-04-02,monaco,strasbourg,False
871757,F1,2022,2023-04-02,paris saint germain,lyon,False
871767,F1,2022,2023-04-07,lens,strasbourg,False
871761,F1,2022,2023-04-08,angers,lille,False
871765,F1,2022,2023-04-08,nice,paris saint germain,False
871766,F1,2022,2023-04-09,lyon,rennes,False
871764,F1,2022,2023-04-09,montpellier,toulouse,False
871768,F1,2022,2023-04-09,reims,stade brestois 29,False
871760,F1,2022,2023-04-09,ajaccio,auxerre,False
871769,F1,2022,2023-04-09,estac troyes,clermont foot,False
871763,F1,2022,2023-04-09,nantes,monaco,False
871762,F1,2022,2023-04-09,lorient,marseille,False
871779,F1,2022,2023-04-14,toulouse,lyon,False
871778,F1,2022,2023-04-15,rennes,reims,False
871775,F1,2022,2023-04-15,paris saint germain,lens,False
871773,F1,2022,2023-04-16,lille,montpellier,False
871776,F1,2022,2023-04-16,strasbourg,ajaccio,False
871772,F1,2022,2023-04-16,clermont foot,angers,False
871777,F1,2022,2023-04-16,stade brestois 29,nice,False
871770,F1,2022,2023-04-16,auxerre,nantes,False
871771,F1,2022,2023-04-16,monaco,lorient,False
871774,F1,2022,2023-04-16,marseille,estac troyes,False
871782,F1,2022,2023-04-21,angers,paris saint germain,False
871781,F1,2022,2023-04-22,auxerre,lille,False
871788,F1,2022,2023-04-22,lens,monaco,False
871789,F1,2022,2023-04-23,reims,strasbourg,False
871784,F1,2022,2023-04-23,nantes,estac troyes,False
871786,F1,2022,2023-04-23,nice,clermont foot,False
871783,F1,2022,2023-04-23,lorient,toulouse,False
871780,F1,2022,2023-04-23,ajaccio,stade brestois 29,False
871785,F1,2022,2023-04-23,montpellier,rennes,False
871787,F1,2022,2023-04-23,lyon,marseille,False
871795,F1,2022,2023-04-28,strasbourg,lyon,False
871792,F1,2022,2023-04-29,lille,ajaccio,False
871790,F1,2022,2023-04-30,monaco,montpellier,False
871797,F1,2022,2023-04-30,rennes,angers,False
871791,F1,2022,2023-04-30,clermont foot,reims,False
871799,F1,2022,2023-04-30,estac troyes,nice,False
871794,F1,2022,2023-04-30,paris saint germain,lorient,False
871793,F1,2022,2023-04-30,marseille,auxerre,False
871798,F1,2022,2023-05-02,toulouse,lens,False
871796,F1,2022,2023-05-03,stade brestois 29,nantes,False
871805,F1,2022,2023-05-06,nice,rennes,False
871808,F1,2022,2023-05-06,reims,lille,False
871807,F1,2022,2023-05-06,lens,marseille,False
871802,F1,2022,2023-05-07,angers,monaco,False
871804,F1,2022,2023-05-07,nantes,strasbourg,False
871803,F1,2022,2023-05-07,lorient,stade brestois 29,False
871800,F1,2022,2023-05-07,ajaccio,toulouse,False
871801,F1,2022,2023-05-07,auxerre,clermont foot,False
871806,F1,2022,2023-05-07,lyon,montpellier,False
871809,F1,2022,2023-05-07,estac troyes,paris saint germain,False
871815,F1,2022,2023-05-12,lens,reims,False
871816,F1,2022,2023-05-13,strasbourg,nice,False
871814,F1,2022,2023-05-13,paris saint germain,ajaccio,False
871811,F1,2022,2023-05-14,clermont foot,lyon,False
871812,F1,2022,2023-05-14,montpellier,lorient,False
871818,F1,2022,2023-05-14,rennes,estac troyes,False
871817,F1,2022,2023-05-14,stade brestois 29,auxerre,False
871819,F1,2022,2023-05-14,toulouse,nantes,False
871810,F1,2022,2023-05-14,monaco,lille,False
871813,F1,2022,2023-05-14,marseille,angers,False
871826,F1,2022,2023-05-19,lyon,monaco,False
871823,F1,2022,2023-05-20,nantes,montpellier,False
871824,F1,2022,2023-05-20,lille,marseille,False
871820,F1,2022,2023-05-21,ajaccio,rennes,False
871825,F1,2022,2023-05-21,nice,toulouse,False
871828,F1,2022,2023-05-21,reims,angers,False
871827,F1,2022,2023-05-21,stade brestois 29,clermont foot,False
871829,F1,2022,2023-05-21,estac troyes,strasbourg,False
871822,F1,2022,2023-05-21,lorient,lens,False
871821,F1,2022,2023-05-21,auxerre,paris saint germain,False
871830,F1,2022,2023-05-27,angers,estac troyes,False
871832,F1,2022,2023-05-27,lille,nantes,False
871834,F1,2022,2023-05-27,lyon,reims,False
871835,F1,2022,2023-05-27,marseille,stade brestois 29,False
871833,F1,2022,2023-05-27,montpellier,nice,False
871838,F1,2022,2023-05-27,rennes,monaco,False
871837,F1,2022,2023-05-27,strasbourg,paris saint germain,False
871839,F1,2022,2023-05-27,toulouse,auxerre,False
871831,F1,2022,2023-05-27,clermont foot,lorient,False
871836,F1,2022,2023-05-27,lens,ajaccio,False
871844,F1,2022,2023-06-03,nantes,angers,False
871845,F1,2022,2023-06-03,nice,lyon,False
871846,F1,2022,2023-06-03,paris saint germain,clermont foot,False
871842,F1,2022,2023-06-03,monaco,toulouse,False
871848,F1,2022,2023-06-03,reims,montpellier,False
871843,F1,2022,2023-06-03,lorient,strasbourg,False
871840,F1,2022,2023-06-03,ajaccio,marseille,False
871847,F1,2022,2023-06-03,stade brestois 29,rennes,False
871841,F1,2022,2023-06-03,auxerre,lens,False
871849,F1,2022,2023-06-03,estac troyes,lille,False
1044885,F1,2023,2023-08-11,nice,lille,False
1044884,F1,2023,2023-08-12,marseille,reims,False
1044881,F1,2023,2023-08-12,paris saint germain,lorient,False
1044889,F1,2023,2023-08-13,stade brestois 29,lens,False
1044888,F1,2023,2023-08-13,montpellier,le havre,False
1044887,F1,2023,2023-08-13,nantes,toulouse,False
1044886,F1,2023,2023-08-13,clermont foot,monaco,False
1044883,F1,2023,2023-08-13,rennes,metz,False
1044882,F1,2023,2023-08-13,strasbourg,lyon,False
1044898,F1,2023,2023-08-18,metz,marseille,False
1044894,F1,2023,2023-08-19,lyon,montpellier,False
1044890,F1,2023,2023-08-19,toulouse,paris saint germain,False
1044893,F1,2023,2023-08-20,lille,nantes,False
1044895,F1,2023,2023-08-20,reims,clermont foot,False
1044891,F1,2023,2023-08-20,lorient,nice,False
1044897,F1,2023,2023-08-20,le havre,stade brestois 29,False
1044892,F1,2023,2023-08-20,monaco,strasbourg,False
1044896,F1,2023,2023-08-20,lens,rennes,False
1044906,F1,2023,2023-08-25,nantes,monaco,False
1044902,F1,2023,2023-08-26,marseille,stade brestois 29,False
1044899,F1,2023,2023-08-26,paris saint germain,lens,False
1044901,F1,2023,2023-08-27,rennes,le havre,False
1044907,F1,2023,2023-08-27,montpellier,reims,False
1044900,F1,2023,2023-08-27,strasbourg,toulouse,False
1044905,F1,2023,2023-08-27,clermont foot,metz,False
1044903,F1,2023,2023-08-27,lorient,lille,False
1044904,F1,2023,2023-08-27,nice,lyon,False
1044913,F1,2023,2023-09-01,nantes,marseille,False
1044916,F1,2023,2023-09-02,stade brestois 29,rennes,False
1044909,F1,2023,2023-09-02,monaco,lens,False
1044908,F1,2023,2023-09-03,toulouse,clermont foot,False
1044910,F1,2023,2023-09-03,lille,montpellier,False
1044914,F1,2023,2023-09-03,le havre,lorient,False
1044915,F1,2023,2023-09-03,metz,reims,False
1044912,F1,2023,2023-09-03,nice,strasbourg,False
1044911,F1,2023,2023-09-03,lyon,paris saint germain,False
1044917,F1,2023,2023-09-15,paris saint germain,nice,False
1044919,F1,2023,2023-09-16,rennes,lille,False
1044925,F1,2023,2023-09-16,lens,metz,False
1044921,F1,2023,2023-09-17,lorient,monaco,False
1044924,F1,2023,2023-09-17,reims,stade brestois 29,False
1044918,F1,2023,2023-09-17,strasbourg,montpellier,False
1044923,F1,2023,2023-09-17,clermont foot,nantes,False
1044920,F1,2023,2023-09-17,marseille,toulouse,False
1044922,F1,2023,2023-09-17,lyon,le havre,False
1044927,F1,2023,2023-09-22,monaco,nice,False
1044930,F1,2023,2023-09-23,nantes,lorient,False
1044934,F1,2023,2023-09-23,stade brestois 29,lyon,False
1044932,F1,2023,2023-09-24,metz,strasbourg,False
1044931,F1,2023,2023-09-24,le havre,clermont foot,False
1044929,F1,2023,2023-09-24,lens,toulouse,False
1044933,F1,2023,2023-09-24,montpellier,rennes,False
1044926,F1,2023,2023-09-24,paris saint germain,marseille,False
1044928,F1,2023,2023-09-26,lille,reims,False
1044935,F1,2023,2023-09-29,strasbourg,lens,False
1044941,F1,2023,2023-09-30,clermont foot,paris saint germain,False
1044939,F1,2023,2023-09-30,monaco,marseille,False
1044942,F1,2023,2023-10-01,reims,lyon,False
1044940,F1,2023,2023-10-01,nice,stade brestois 29,False
1044937,F1,2023,2023-10-01,toulouse,metz,False
1044943,F1,2023,2023-10-01,le havre,lille,False
1044938,F1,2023,2023-10-01,lorient,montpellier,False
1044936,F1,2023,2023-10-01,rennes,nantes,False
1044944,F1,2023,2023-10-06,strasbourg,nantes,False
1044950,F1,2023,2023-10-07,metz,nice,False
1044948,F1,2023,2023-10-07,reims,monaco,False
1044946,F1,2023,2023-10-08,marseille,le havre,False
1044947,F1,2023,2023-10-08,lyon,lorient,False
1044952,F1,2023,2023-10-08,stade brestois 29,toulouse,False
1044949,F1,2023,2023-10-08,lens,lille,False
1044945,F1,2023,2023-10-08,rennes,paris saint germain,False
1044961,F1,2023,2023-10-20,le havre,lens,False
1044953,F1,2023,2023-10-21,paris saint germain,strasbourg,False
1044959,F1,2023,2023-10-21,nice,marseille,False
1044955,F1,2023,2023-10-22,lorient,rennes,False
1044957,F1,2023,2023-10-22,lille,stade brestois 29,False
1044960,F1,2023,2023-10-22,nantes,montpellier,False
1044954,F1,2023,2023-10-22,toulouse,reims,False
1044956,F1,2023,2023-10-22,monaco,metz,False
1044958,F1,2023,2023-10-22,lyon,clermont foot,False
1044965,F1,2023,2023-10-27,clermont foot,nice,False
1044966,F1,2023,2023-10-28,reims,lorient,False
1044967,F1,2023,2023-10-28,lens,nantes,False
1044970,F1,2023,2023-10-29,stade brestois 29,paris saint germain,False
1044964,F1,2023,2023-10-29,lille,monaco,False
1044969,F1,2023,2023-10-29,montpellier,toulouse,False
1044968,F1,2023,2023-10-29,metz,le havre,False
1044962,F1,2023,2023-10-29,rennes,strasbourg,False
1044971,F1,2023,2023-11-03,paris saint germain,montpellier,False
1044975,F1,2023,2023-11-04,lorient,lens,False
1044974,F1,2023,2023-11-04,marseille,lille,False
1044977,F1,2023,2023-11-05,lyon,metz,False
1044979,F1,2023,2023-11-05,nantes,reims,False
1044972,F1,2023,2023-11-05,strasbourg,clermont foot,False
1044973,F1,2023,2023-11-05,toulouse,le havre,False
1044976,F1,2023,2023-11-05,monaco,stade brestois 29,False
1044978,F1,2023,2023-11-05,nice,rennes,False
1044987,F1,2023,2023-11-10,montpellier,nice,False
1044983,F1,2023,2023-11-11,reims,paris saint germain,False
1044985,F1,2023,2023-11-11,le havre,monaco,False
1044981,F1,2023,2023-11-12,lille,toulouse,False
1044982,F1,2023,2023-11-12,clermont foot,lorient,False
1044986,F1,2023,2023-11-12,metz,nantes,False
1044980,F1,2023,2023-11-12,rennes,lyon,False
1044984,F1,2023,2023-11-12,lens,marseille,False
1044989,F1,2023,2023-11-24,paris saint germain,monaco,False
1044995,F1,2023,2023-11-25,clermont foot,lens,False
1044990,F1,2023,2023-11-25,strasbourg,marseille,False
1044994,F1,2023,2023-11-26,nice,toulouse,False
1044997,F1,2023,2023-11-26,montpellier,stade brestois 29,False
1044996,F1,2023,2023-11-26,nantes,le havre,False
1044992,F1,2023,2023-11-26,lorient,metz,False
1044991,F1,2023,2023-11-26,rennes,reims,False
1044993,F1,2023,2023-11-26,lyon,lille,False
1044951,F1,2023,2023-11-29,montpellier,clermont foot,False
1045002,F1,2023,2023-12-01,reims,strasbourg,False
1045003,F1,2023,2023-12-02,lens,lyon,False
1045004,F1,2023,2023-12-02,nantes,nice,False
1045005,F1,2023,2023-12-03,le havre,paris saint germain,False
1045000,F1,2023,2023-12-03,monaco,montpellier,False
1044998,F1,2023,2023-12-03,toulouse,lorient,False
1045006,F1,2023,2023-12-03,stade brestois 29,clermont foot,False
1045001,F1,2023,2023-12-03,lille,metz,False
1044999,F1,2023,2023-12-03,marseille,rennes,False
1044963,F1,2023,2023-12-06,marseille,lyon,False
1044988,F1,2023,2023-12-07,stade brestois 29,strasbourg,False
1045015,F1,2023,2023-12-08,montpellier,lens,False
1045009,F1,2023,2023-12-09,rennes,monaco,False
1045007,F1,2023,2023-12-09,paris saint germain,nantes,False
1045012,F1,2023,2023-12-10,nice,reims,False
1045008,F1,2023,2023-12-10,strasbourg,le havre,False
1045013,F1,2023,2023-12-10,clermont foot,lille,False
1045014,F1,2023,2023-12-10,metz,stade brestois 29,False
1045011,F1,2023,2023-12-10,lyon,toulouse,False
1045010,F1,2023,2023-12-10,lorient,marseille,False
1045019,F1,2023,2023-12-15,monaco,lyon,False
1045023,F1,2023,2023-12-16,le havre,nice,False
1045021,F1,2023,2023-12-16,lens,reims,False
1045022,F1,2023,2023-12-17,nantes,stade brestois 29,False
1045016,F1,2023,2023-12-17,toulouse,rennes,False
1045018,F1,2023,2023-12-17,lorient,strasbourg,False
1045024,F1,2023,2023-12-17,metz,montpellier,False
1045017,F1,2023,2023-12-17,marseille,clermont foot,False
1045020,F1,2023,2023-12-17,lille,paris saint germain,False
1045028,F1,2023,2023-12-20,lyon,nantes,False
1045032,F1,2023,2023-12-20,montpellier,marseille,False
1045029,F1,2023,2023-12-20,nice,lens,False
1045025,F1,2023,2023-12-20,paris saint germain,metz,False
1045031,F1,2023,2023-12-20,reims,le havre,False
1045026,F1,2023,2023-12-20,strasbourg,lille,False
1045027,F1,2023,2023-12-20,toulouse,monaco,False
1045030,F1,2023,2023-12-20,clermont foot,rennes,False
1045033,F1,2023,2023-12-20,stade brestois 29,lorient,False
1045035,F1,2023,2024-01-12,marseille,strasbourg,False
1045036,F1,2023,2024-01-13,monaco,reims,False
1045034,F1,2023,2024-01-13,rennes,nice,False
1045037,F1,2023,2024-01-14,lille,lorient,False
1045038,F1,2023,2024-01-14,nantes,clermont foot,False
1045041,F1,2023,2024-01-14,stade brestois 29,montpellier,False
1045040,F1,2023,2024-01-14,metz,toulouse,False
1045039,F1,2023,2024-01-14,le havre,lyon,False
1045042,F1,2023,2024-01-14,lens,paris saint germain,False
1045047,F1,2023,2024-01-26,lyon,rennes,False
1045048,F1,2023,2024-01-27,nice,metz,False
1045045,F1,2023,2024-01-27,marseille,monaco,False
1045051,F1,2023,2024-01-28,montpellier,lille,False
1045050,F1,2023,2024-01-28,reims,nantes,False
1045046,F1,2023,2024-01-28,lorient,le havre,False
1045049,F1,2023,2024-01-28,clermont foot,strasbourg,False
1045044,F1,2023,2024-01-28,toulouse,lens,False
1045043,F1,2023,2024-01-28,paris saint germain,stade brestois 29,False
1045052,F1,2023,2024-02-02,strasbourg,paris saint germain,False
1045053,F1,2023,2024-02-03,rennes,montpellier,False
1045058,F1,2023,2024-02-03,nantes,lens,False
1045054,F1,2023,2024-02-04,monaco,le havre,False
1045055,F1,2023,2024-02-04,lille,clermont foot,False
1045057,F1,2023,2024-02-04,reims,toulouse,False
1045059,F1,2023,2024-02-04,metz,lorient,False
1045060,F1,2023,2024-02-04,stade brestois 29,nice,False
1045056,F1,2023,2024-02-04,lyon,marseille,False
1045063,F1,2023,2024-02-09,marseille,metz,False
1045067,F1,2023,2024-02-10,lens,strasbourg,False
1045061,F1,2023,2024-02-10,paris saint germain,lille,False
1045068,F1,2023,2024-02-11,le havre,rennes,False
1045062,F1,2023,2024-02-11,toulouse,nantes,False
1045064,F1,2023,2024-02-11,lorient,reims,False
1045066,F1,2023,2024-02-11,clermont foot,stade brestois 29,False
1045069,F1,2023,2024-02-11,montpellier,lyon,False
1045065,F1,2023,2024-02-11,nice,monaco,False
1045074,F1,2023,2024-02-16,lyon,nice,False
1045073,F1,2023,2024-02-17,lille,le havre,False
1045076,F1,2023,2024-02-17,nantes,paris saint germain,False
1045070,F1,2023,2024-02-18,strasbourg,lorient,False
1045077,F1,2023,2024-02-18,montpellier,metz,False
1045072,F1,2023,2024-02-18,monaco,toulouse,False
1045071,F1,2023,2024-02-18,rennes,clermont foot,False
1045075,F1,2023,2024-02-18,reims,lens,False
1045078,F1,2023,2024-02-18,stade brestois 29,marseille,False
1045087,F1,2023,2024-02-23,metz,lyon,False
1045083,F1,2023,2024-02-24,lorient,nantes,False
1045080,F1,2023,2024-02-24,strasbourg,stade brestois 29,False
1045085,F1,2023,2024-02-25,lens,monaco,False
1045084,F1,2023,2024-02-25,nice,clermont foot,False
1045081,F1,2023,2024-02-25,toulouse,lille,False
1045086,F1,2023,2024-02-25,le havre,reims,False
1045079,F1,2023,2024-02-25,paris saint germain,rennes,False
1045082,F1,2023,2024-02-25,marseille,montpellier,False
1045090,F1,2023,2024-03-01,monaco,paris saint germain,False
1045093,F1,2023,2024-03-02,reims,lille,False
1045092,F1,2023,2024-03-02,clermont foot,marseille,False
1045089,F1,2023,2024-03-03,toulouse,nice,False
1045095,F1,2023,2024-03-03,montpellier,strasbourg,False
1045094,F1,2023,2024-03-03,nantes,metz,False
1045096,F1,2023,2024-03-03,stade brestois 29,le havre,False
1045088,F1,2023,2024-03-03,rennes,lorient,False
1045091,F1,2023,2024-03-03,lyon,lens,False
1045102,F1,2023,2024-03-08,nice,montpellier,False
1045100,F1,2023,2024-03-09,lorient,lyon,False
1045103,F1,2023,2024-03-09,lens,stade brestois 29,False
1045097,F1,2023,2024-03-10,paris saint germain,reims,False
1045098,F1,2023,2024-03-10,strasbourg,monaco,False
1045104,F1,2023,2024-03-10,le havre,toulouse,False
1045105,F1,2023,2024-03-10,metz,clermont foot,False
1045101,F1,2023,2024-03-10,lille,rennes,False
1045099,F1,2023,2024-03-10,marseille,nantes,False
1045107,F1,2023,2024-03-15,toulouse,lyon,False
1045112,F1,2023,2024-03-16,nantes,strasbourg,False
1045111,F1,2023,2024-03-16,lens,nice,False
1045114,F1,2023,2024-03-17,stade brestois 29,lille,False
1045108,F1,2023,2024-03-17,monaco,lorient,False
1045110,F1,2023,2024-03-17,reims,metz,False
1045109,F1,2023,2024-03-17,clermont foot,le havre,False
1045106,F1,2023,2024-03-17,rennes,marseille,False
1045113,F1,2023,2024-03-17,montpellier,paris saint germain,False
1045118,F1,2023,2024-03-29,lille,lens,False
1045123,F1,2023,2024-03-30,metz,monaco,False
1045119,F1,2023,2024-03-30,lyon,reims,False
1045117,F1,2023,2024-03-31,lorient,stade brestois 29,False
1045120,F1,2023,2024-03-31,nice,nantes,False
1045121,F1,2023,2024-03-31,clermont foot,toulouse,False
1045122,F1,2023,2024-03-31,le havre,montpellier,False
1045115,F1,2023,2024-03-31,strasbourg,rennes,False
1045116,F1,2023,2024-03-31,marseille,paris saint germain,False
1045127,F1,2023,2024-04-05,lille,marseille,False
1045129,F1,2023,2024-04-06,lens,le havre,False
1045124,F1,2023,2024-04-06,paris saint germain,clermont foot,False
1045132,F1,2023,2024-04-07,stade brestois 29,metz,False
1045131,F1,2023,2024-04-07,montpellier,lorient,False
1045128,F1,2023,2024-04-07,reims,nice,False
1045125,F1,2023,2024-04-07,toulouse,strasbourg,False
1045126,F1,2023,2024-04-07,monaco,rennes,False
1045130,F1,2023,2024-04-07,nantes,lyon,False
1045141,F1,2023,2024-04-12,metz,lens,False
1045133,F1,2023,2024-04-13,strasbourg,reims,False
1045134,F1,2023,2024-04-13,rennes,toulouse,False
1045140,F1,2023,2024-04-14,le havre,nantes,False
1045139,F1,2023,2024-04-14,clermont foot,montpellier,False
1045138,F1,2023,2024-04-14,lyon,stade brestois 29,False
1045145,F1,2023,2024-04-19,nice,lorient,False
1045148,F1,2023,2024-04-20,nantes,rennes,False
1045147,F1,2023,2024-04-20,lens,clermont foot,False
1045144,F1,2023,2024-04-21,lille,strasbourg,False
1045146,F1,2023,2024-04-21,reims,montpellier,False
1045149,F1,2023,2024-04-21,le havre,metz,False
1045150,F1,2023,2024-04-21,stade brestois 29,monaco,False
1045143,F1,2023,2024-04-21,toulouse,marseille,False
1045142,F1,2023,2024-04-21,paris saint germain,lyon,False
1045136,F1,2023,2024-04-24,lorient,paris saint germain,False
1045135,F1,2023,2024-04-24,marseille,nice,False
1045137,F1,2023,2024-04-24,monaco,lille,False
1045159,F1,2023,2024-04-26,montpellier,nantes,False
1045151,F1,2023,2024-04-27,paris saint germain,le havre,False
1045158,F1,2023,2024-04-28,metz,lille,False
1045152,F1,2023,2024-04-28,strasbourg,nice,False
1045155,F1,2023,2024-04-28,lorient,toulouse,False
1045157,F1,2023,2024-04-28,clermont foot,reims,False
1045153,F1,2023,2024-04-28,rennes,stade brestois 29,False
1045156,F1,2023,2024-04-28,lyon,monaco,False
1045154,F1,2023,2024-04-28,marseille,lens,False
1045160,F1,2023,2024-05-03,toulouse,montpellier,False
1045165,F1,2023,2024-05-03,lens,lorient,False
1045166,F1,2023,2024-05-04,le havre,strasbourg,False
1045161,F1,2023,2024-05-04,monaco,clermont foot,False
1045167,F1,2023,2024-05-04,metz,rennes,False
1045168,F1,2023,2024-05-04,stade brestois 29,nantes,False
1045162,F1,2023,2024-05-06,lille,lyon,False
1045173,F1,2023,2024-05-10,nice,le havre,False
1045177,F1,2023,2024-05-10,stade brestois 29,reims,False
1045172,F1,2023,2024-05-12,marseille,lorient,False
1045176,F1,2023,2024-05-12,montpellier,monaco,False
1045175,F1,2023,2024-05-12,nantes,lille,False
1045169,F1,2023,2024-05-12,paris saint germain,toulouse,False
1045171,F1,2023,2024-05-12,rennes,lens,False
1045170,F1,2023,2024-05-12,strasbourg,metz,False
1045174,F1,2023,2024-05-12,clermont foot,lyon,False
1045163,F1,2023,2024-05-15,nice,paris saint germain,False
1045164,F1,2023,2024-05-15,reims,marseille,False
1045181,F1,2023,2024-05-19,lille,nice,False
1045182,F1,2023,2024-05-19,lyon,strasbourg,False
1045180,F1,2023,2024-05-19,monaco,nantes,False
1045183,F1,2023,2024-05-19,reims,rennes,False
1045178,F1,2023,2024-05-19,toulouse,stade brestois 29,False
1045179,F1,2023,2024-05-19,lorient,clermont foot,False
1045185,F1,2023,2024-05-19,le havre,marseille,False
1045186,F1,2023,2024-05-19,metz,paris saint germain,False
1045184,F1,2023,2024-05-19,lens,montpellier,False
1201624,F1,2023,2024-05-30,saint etienne,metz,False
1213754,F1,2024,2024-08-16,le havre,paris saint germain,False
1213747,F1,2024,2024-08-17,stade brestois 29,marseille,False
1213752,F1,2024,2024-08-17,reims,lille,False
1213751,F1,2024,2024-08-17,monaco,saint etienne,False
1213753,F1,2024,2024-08-18,auxerre,nice,False
1213750,F1,2024,2024-08-18,angers,lens,False
1213748,F1,2024,2024-08-18,montpellier,strasbourg,False
1213749,F1,2024,2024-08-18,toulouse,nantes,False
1213755,F1,2024,2024-08-18,rennes,lyon,False
1213756,F1,2024,2024-08-23,paris saint germain,montpellier,False
1213763,F1,2024,2024-08-24,lyon,monaco,False
1213760,F1,2024,2024-08-24,lille,angers,False
1213759,F1,2024,2024-08-24,saint etienne,le havre,False
1213762,F1,2024,2024-08-25,lens,stade brestois 29,False
1213758,F1,2024,2024-08-25,nantes,auxerre,False
1213761,F1,2024,2024-08-25,nice,toulouse,False
1213757,F1,2024,2024-08-25,strasbourg,rennes,False
1213764,F1,2024,2024-08-25,marseille,reims,False
1213766,F1,2024,2024-08-30,lyon,strasbourg,False
1213767,F1,2024,2024-08-31,stade brestois 29,saint etienne,False
1213768,F1,2024,2024-08-31,montpellier,nantes,False
1213773,F1,2024,2024-08-31,toulouse,marseille,False
1213770,F1,2024,2024-09-01,monaco,lens,False
1213769,F1,2024,2024-09-01,angers,nice,False
1213772,F1,2024,2024-09-01,reims,rennes,False
1213771,F1,2024,2024-09-01,le havre,auxerre,False
1213765,F1,2024,2024-09-01,lille,paris saint germain,False
1213780,F1,2024,2024-09-13,saint etienne,lille,False
1213781,F1,2024,2024-09-14,marseille,nice,False
1213774,F1,2024,2024-09-14,auxerre,monaco,False
1213782,F1,2024,2024-09-14,paris saint germain,stade brestois 29,False
1213775,F1,2024,2024-09-15,rennes,montpellier,False
1213777,F1,2024,2024-09-15,nantes,reims,False
1213779,F1,2024,2024-09-15,strasbourg,angers,False
1213778,F1,2024,2024-09-15,toulouse,le havre,False
1213776,F1,2024,2024-09-15,lens,lyon,False
1213784,F1,2024,2024-09-20,nice,saint etienne,False
1213789,F1,2024,2024-09-21,lille,strasbourg,False
1213790,F1,2024,2024-09-21,rennes,lens,False
1213785,F1,2024,2024-09-21,reims,paris saint germain,False
1213791,F1,2024,2024-09-22,monaco,le havre,False
1213787,F1,2024,2024-09-22,angers,nantes,False
1213788,F1,2024,2024-09-22,montpellier,auxerre,False
1213786,F1,2024,2024-09-22,stade brestois 29,toulouse,False
1213783,F1,2024,2024-09-22,lyon,marseille,False
1213794,F1,2024,2024-09-27,auxerre,stade brestois 29,False
1213793,F1,2024,2024-09-27,paris saint germain,rennes,False
1213795,F1,2024,2024-09-28,lens,nice,False
1213797,F1,2024,2024-09-28,le havre,lille,False
1213799,F1,2024,2024-09-28,monaco,montpellier,False
1213798,F1,2024,2024-09-29,toulouse,lyon,False
1213800,F1,2024,2024-09-29,angers,reims,False
1213796,F1,2024,2024-09-29,nantes,saint etienne,False
1213792,F1,2024,2024-09-29,strasbourg,marseille,False
1213806,F1,2024,2024-10-04,marseille,angers,False
1213804,F1,2024,2024-10-05,saint etienne,auxerre,False
1213803,F1,2024,2024-10-05,lille,toulouse,False
1213807,F1,2024,2024-10-05,rennes,monaco,False
1213801,F1,2024,2024-10-06,lyon,nantes,False
1213809,F1,2024,2024-10-06,reims,montpellier,False
1213808,F1,2024,2024-10-06,strasbourg,lens,False
1213805,F1,2024,2024-10-06,stade brestois 29,le havre,False
1213802,F1,2024,2024-10-06,nice,paris saint germain,False
1213815,F1,2024,2024-10-18,monaco,lille,False
1213817,F1,2024,2024-10-19,stade brestois 29,rennes,False
1213816,F1,2024,2024-10-19,saint etienne,lens,False
1213818,F1,2024,2024-10-19,paris saint germain,strasbourg,False
1213812,F1,2024,2024-10-20,le havre,lyon,False
1213813,F1,2024,2024-10-20,nantes,nice,False
1213811,F1,2024,2024-10-20,toulouse,angers,False
1213810,F1,2024,2024-10-20,auxerre,reims,False
1213814,F1,2024,2024-10-20,montpellier,marseille,False
1213825,F1,2024,2024-10-25,rennes,le havre,False
1213826,F1,2024,2024-10-26,angers,saint etienne,False
1213827,F1,2024,2024-10-26,reims,stade brestois 29,False
1213820,F1,2024,2024-10-26,lens,lille,False
1213822,F1,2024,2024-10-27,lyon,auxerre,False
1213823,F1,2024,2024-10-27,montpellier,toulouse,False
1213819,F1,2024,2024-10-27,nice,monaco,False
1213824,F1,2024,2024-10-27,strasbourg,nantes,False
1213821,F1,2024,2024-10-27,marseille,paris saint germain,False
1213830,F1,2024,2024-11-01,monaco,angers,False
1213833,F1,2024,2024-11-01,lille,lyon,False
1213836,F1,2024,2024-11-02,paris saint germain,lens,False
1213835,F1,2024,2024-11-02,stade brestois 29,nice,False
1213834,F1,2024,2024-11-02,saint etienne,strasbourg,False
1213829,F1,2024,2024-11-03,toulouse,reims,False
1213828,F1,2024,2024-11-03,auxerre,rennes,False
1213831,F1,2024,2024-11-03,le havre,montpellier,False
1213832,F1,2024,2024-11-03,nantes,marseille,False
1213837,F1,2024,2024-11-08,marseille,auxerre,False
1213841,F1,2024,2024-11-09,strasbourg,monaco,False
1213842,F1,2024,2024-11-09,lens,nantes,False
1213845,F1,2024,2024-11-09,angers,paris saint germain,False
1213844,F1,2024,2024-11-10,nice,lille,False
1213839,F1,2024,2024-11-10,montpellier,stade brestois 29,False
1213843,F1,2024,2024-11-10,rennes,toulouse,False
1213840,F1,2024,2024-11-10,le havre,reims,False
1213838,F1,2024,2024-11-10,lyon,saint etienne,False
1213852,F1,2024,2024-11-22,monaco,stade brestois 29,False
1213846,F1,2024,2024-11-22,paris saint germain,toulouse,False
1213847,F1,2024,2024-11-23,lens,marseille,False
1213849,F1,2024,2024-11-23,saint etienne,montpellier,False
1213854,F1,2024,2024-11-23,reims,lyon,False
1213850,F1,2024,2024-11-24,lille,rennes,False
1213851,F1,2024,2024-11-24,nantes,le havre,False
1213853,F1,2024,2024-11-24,auxerre,angers,False
1213848,F1,2024,2024-11-24,nice,strasbourg,False
1213855,F1,2024,2024-11-29,reims,lens,False
1213856,F1,2024,2024-11-30,rennes,saint etienne,False
1213859,F1,2024,2024-11-30,stade brestois 29,strasbourg,False
1213861,F1,2024,2024-11-30,paris saint germain,nantes,False
1213860,F1,2024,2024-12-01,montpellier,lille,False
1213863,F1,2024,2024-12-01,lyon,nice,False
1213858,F1,2024,2024-12-01,toulouse,auxerre,False
1213857,F1,2024,2024-12-01,le havre,angers,False
1213862,F1,2024,2024-12-01,marseille,monaco,False
1213868,F1,2024,2024-12-06,lille,stade brestois 29,False
1213865,F1,2024,2024-12-06,auxerre,paris saint germain,False
1213872,F1,2024,2024-12-07,monaco,toulouse,False
1213864,F1,2024,2024-12-07,nice,le havre,False
1213867,F1,2024,2024-12-07,angers,lyon,False
1213869,F1,2024,2024-12-08,lens,montpellier,False
1213871,F1,2024,2024-12-08,nantes,rennes,False
1213870,F1,2024,2024-12-08,strasbourg,reims,False
1213866,F1,2024,2024-12-08,saint etienne,marseille,False
1213877,F1,2024,2024-12-13,toulouse,saint etienne,False
1213880,F1,2024,2024-12-14,marseille,lille,False
1213876,F1,2024,2024-12-14,auxerre,lens,False
1213875,F1,2024,2024-12-14,reims,monaco,False
1213878,F1,2024,2024-12-15,montpellier,nice,False
1213873,F1,2024,2024-12-15,rennes,angers,False
1213879,F1,2024,2024-12-15,stade brestois 29,nantes,False
1213874,F1,2024,2024-12-15,le havre,strasbourg,False
1213881,F1,2024,2024-12-15,paris saint germain,lyon,False
1213882,F1,2024,2024-12-18,monaco,paris saint germain,False
1213890,F1,2024,2025-01-03,nice,rennes,False
1213885,F1,2024,2025-01-04,saint etienne,reims,False
1213887,F1,2024,2025-01-04,lille,nantes,False
1213883,F1,2024,2025-01-04,lyon,montpellier,False
1213886,F1,2024,2025-01-05,angers,stade brestois 29,False
1213889,F1,2024,2025-01-05,strasbourg,auxerre,False
1213884,F1,2024,2025-01-05,lens,toulouse,False
1213888,F1,2024,2025-01-05,marseille,le havre,False
1213892,F1,2024,2025-01-10,nantes,monaco,False
1213893,F1,2024,2025-01-10,auxerre,lille,False
1213897,F1,2024,2025-01-11,stade brestois 29,lyon,False
1213894,F1,2024,2025-01-11,reims,nice,False
1213899,F1,2024,2025-01-11,rennes,marseille,False
1213895,F1,2024,2025-01-12,le havre,lens,False
1213896,F1,2024,2025-01-12,montpellier,angers,False
1213891,F1,2024,2025-01-12,toulouse,strasbourg,False
1213898,F1,2024,2025-01-12,paris saint germain,saint etienne,False
1213905,F1,2024,2025-01-17,montpellier,monaco,False
1213902,F1,2024,2025-01-17,lille,nice,False
1213901,F1,2024,2025-01-18,lens,paris saint germain,False
1213908,F1,2024,2025-01-18,rennes,stade brestois 29,False
1213903,F1,2024,2025-01-18,lyon,toulouse,False
1213904,F1,2024,2025-01-19,saint etienne,nantes,False
1213907,F1,2024,2025-01-19,angers,auxerre,False
1213906,F1,2024,2025-01-19,reims,le havre,False
1213900,F1,2024,2025-01-19,marseille,strasbourg,False
1213914,F1,2024,2025-01-24,auxerre,saint etienne,False
1213911,F1,2024,2025-01-25,monaco,rennes,False
1213909,F1,2024,2025-01-25,strasbourg,lille,False
1213916,F1,2024,2025-01-25,paris saint germain,reims,False
1213913,F1,2024,2025-01-26,le havre,stade brestois 29,False
1213910,F1,2024,2025-01-26,nantes,lyon,False
1213912,F1,2024,2025-01-26,toulouse,montpellier,False
1213915,F1,2024,2025-01-26,lens,angers,False
1213917,F1,2024,2025-01-26,nice,marseille,False
1213920,F1,2024,2025-01-31,montpellier,lens,False
1213919,F1,2024,2025-02-01,stade brestois 29,paris saint germain,False
1213926,F1,2024,2025-02-01,monaco,auxerre,False
1213921,F1,2024,2025-02-01,lille,saint etienne,False
1213924,F1,2024,2025-02-02,toulouse,nice,False
1213923,F1,2024,2025-02-02,angers,le havre,False
1213922,F1,2024,2025-02-02,reims,nantes,False
1213925,F1,2024,2025-02-02,rennes,strasbourg,False
1213918,F1,2024,2025-02-02,marseille,lyon,False
1213928,F1,2024,2025-02-07,nantes,stade brestois 29,False
1213932,F1,2024,2025-02-07,paris saint germain,monaco,False
1213935,F1,2024,2025-02-08,nice,lens,False
1213930,F1,2024,2025-02-08,lille,le havre,False
1213931,F1,2024,2025-02-08,saint etienne,rennes,False
1213933,F1,2024,2025-02-09,lyon,reims,False
1213929,F1,2024,2025-02-09,strasbourg,montpellier,False
1213927,F1,2024,2025-02-09,auxerre,toulouse,False
1213934,F1,2024,2025-02-09,angers,marseille,False
1213940,F1,2024,2025-02-14,stade brestois 29,auxerre,False
1213937,F1,2024,2025-02-15,marseille,saint etienne,False
1213944,F1,2024,2025-02-15,monaco,nantes,False
1213936,F1,2024,2025-02-15,toulouse,paris saint germain,False
1213938,F1,2024,2025-02-16,montpellier,lyon,False
1213942,F1,2024,2025-02-16,reims,angers,False
1213943,F1,2024,2025-02-16,le havre,nice,False
1213939,F1,2024,2025-02-16,lens,strasbourg,False
1213941,F1,2024,2025-02-16,rennes,lille,False
1213945,F1,2024,2025-02-21,rennes,reims,False
1213947,F1,2024,2025-02-22,lille,monaco,False
1213950,F1,2024,2025-02-22,saint etienne,angers,False
1213951,F1,2024,2025-02-22,auxerre,marseille,False
1213949,F1,2024,2025-02-23,nantes,lens,False
1213952,F1,2024,2025-02-23,nice,montpellier,False
1213948,F1,2024,2025-02-23,strasbourg,stade brestois 29,False
1213946,F1,2024,2025-02-23,le havre,toulouse,False
1213953,F1,2024,2025-02-23,lyon,paris saint germain,False
1213961,F1,2024,2025-02-28,monaco,reims,False
1213958,F1,2024,2025-03-01,saint etienne,nice,False
1213959,F1,2024,2025-03-01,lens,le havre,False
1213954,F1,2024,2025-03-01,paris saint germain,lille,False
1213956,F1,2024,2025-03-02,lyon,stade brestois 29,False
1213962,F1,2024,2025-03-02,angers,toulouse,False
1213957,F1,2024,2025-03-02,montpellier,rennes,False
1213960,F1,2024,2025-03-02,auxerre,strasbourg,False
1213955,F1,2024,2025-03-02,marseille,nantes,False
1213966,F1,2024,2025-03-07,toulouse,monaco,False
1213970,F1,2024,2025-03-08,rennes,paris saint germain,False
1213969,F1,2024,2025-03-08,lille,montpellier,False
1213971,F1,2024,2025-03-08,marseille,lens,False
1213968,F1,2024,2025-03-09,stade brestois 29,angers,False
1213965,F1,2024,2025-03-09,nantes,strasbourg,False
1213964,F1,2024,2025-03-09,reims,auxerre,False
1213963,F1,2024,2025-03-09,le havre,saint etienne,False
1213967,F1,2024,2025-03-09,nice,lyon,False
1213973,F1,2024,2025-03-14,nice,auxerre,False
1213979,F1,2024,2025-03-15,nantes,lille,False
1213980,F1,2024,2025-03-15,angers,monaco,False
1213977,F1,2024,2025-03-15,lens,rennes,False
1213976,F1,2024,2025-03-16,lyon,le havre,False
1213974,F1,2024,2025-03-16,montpellier,saint etienne,False
1213978,F1,2024,2025-03-16,strasbourg,toulouse,False
1213975,F1,2024,2025-03-16,stade brestois 29,reims,False
1213972,F1,2024,2025-03-16,paris saint germain,marseille,False
1213984,F1,2024,2025-03-28,strasbourg,lyon,False
1213987,F1,2024,2025-03-29,reims,marseille,False
1213986,F1,2024,2025-03-29,saint etienne,paris saint germain,False
1213989,F1,2024,2025-03-29,monaco,nice,False
1213985,F1,2024,2025-03-30,toulouse,stade brestois 29,False
1213981,F1,2024,2025-03-30,angers,rennes,False
1213982,F1,2024,2025-03-30,auxerre,montpellier,False
1213983,F1,2024,2025-03-30,le havre,nantes,False
1213988,F1,2024,2025-03-30,lille,lens,False
1213991,F1,2024,2025-04-04,nice,nantes,False
1213996,F1,2024,2025-04-05,paris saint germain,angers,False
1213992,F1,2024,2025-04-05,stade brestois 29,monaco,False
1213994,F1,2024,2025-04-05,lyon,lille,False
1213995,F1,2024,2025-04-06,lens,saint etienne,False
1213993,F1,2024,2025-04-06,montpellier,le havre,False
1213997,F1,2024,2025-04-06,reims,strasbourg,False
1213998,F1,2024,2025-04-06,rennes,auxerre,False
1213990,F1,2024,2025-04-06,marseille,toulouse,False
1214006,F1,2024,2025-04-11,lens,reims,False
1214007,F1,2024,2025-04-12,monaco,marseille,False
1213999,F1,2024,2025-04-12,toulouse,lille,False
1214003,F1,2024,2025-04-12,strasbourg,nice,False
1214004,F1,2024,2025-04-13,saint etienne,stade brestois 29,False
1214005,F1,2024,2025-04-13,angers,montpellier,False
1214000,F1,2024,2025-04-13,le havre,rennes,False
1214001,F1,2024,2025-04-13,auxerre,lyon,False
1214016,F1,2024,2025-04-18,rennes,nantes,False
1214012,F1,2024,2025-04-19,paris saint germain,le havre,False
1214015,F1,2024,2025-04-19,monaco,strasbourg,False
1214013,F1,2024,2025-04-19,marseille,montpellier,False
1214011,F1,2024,2025-04-20,lille,auxerre,False
1214009,F1,2024,2025-04-20,nice,angers,False
1214014,F1,2024,2025-04-20,reims,toulouse,False
1214010,F1,2024,2025-04-20,stade brestois 29,lens,False
1214008,F1,2024,2025-04-20,saint etienne,lyon,False
1214002,F1,2024,2025-04-22,nantes,paris saint germain,False
1214023,F1,2024,2025-04-25,paris saint germain,nice,False
1214018,F1,2024,2025-04-26,strasbourg,saint etienne,False
1214017,F1,2024,2025-04-26,le havre,monaco,False
1214025,F1,2024,2025-04-26,lyon,rennes,False
1214022,F1,2024,2025-04-27,angers,lille,False
1214020,F1,2024,2025-04-27,montpellier,reims,False
1214019,F1,2024,2025-04-27,nantes,toulouse,False
1214021,F1,2024,2025-04-27,lens,auxerre,False
1214024,F1,2024,2025-04-27,marseille,stade brestois 29,False
1214028,F1,2024,2025-05-02,nice,reims,False
1214033,F1,2024,2025-05-03,strasbourg,paris saint germain,False
1214032,F1,2024,2025-05-03,toulouse,rennes,False
1214030,F1,2024,2025-05-03,saint etienne,monaco,False
1214031,F1,2024,2025-05-04,nantes,angers,False
1214026,F1,2024,2025-05-04,lyon,lens,False
1214029,F1,2024,2025-05-04,stade brestois 29,montpellier,False
1214034,F1,2024,2025-05-04,auxerre,le havre,False
1214027,F1,2024,2025-05-04,lille,marseille,False
1214037,F1,2024,2025-05-10,angers,strasbourg,False
1214040,F1,2024,2025-05-10,montpellier,paris saint germain,False
1214043,F1,2024,2025-05-10,monaco,lyon,False
1214035,F1,2024,2025-05-10,reims,saint etienne,False
1214039,F1,2024,2025-05-10,rennes,nice,False
1214041,F1,2024,2025-05-10,toulouse,lens,False
1214042,F1,2024,2025-05-10,stade brestois 29,lille,False
1214036,F1,2024,2025-05-10,auxerre,nantes,False
1214038,F1,2024,2025-05-10,le havre,marseille,False
1214048,F1,2024,2025-05-17,lille,reims,False
1214045,F1,2024,2025-05-17,lyon,angers,False
1214044,F1,2024,2025-05-17,marseille,rennes,False
1214050,F1,2024,2025-05-17,nantes,montpellier,False
1214046,F1,2024,2025-05-17,nice,stade brestois 29,False
1214052,F1,2024,2025-05-17,paris saint germain,auxerre,False
1214049,F1,2024,2025-05-17,strasbourg,le havre,False
1214051,F1,2024,2025-05-17,lens,monaco,False
1214047,F1,2024,2025-05-17,saint etienne,toulouse,False
1375858,F1,2024,2025-05-21,metz,reims,False
872224,N1,2022,2022-08-05,heerenveen,sparta rotterdam,False
872225,N1,2022,2022-08-06,fortuna sittard,ajax,False
872226,N1,2022,2022-08-06,cambuur,excelsior,False
872227,N1,2022,2022-08-06,psv eindhoven,emmen,False
872228,N1,2022,2022-08-06,waalwijk,utrecht,False
872229,N1,2022,2022-08-07,groningen,fc volendam,False
872230,N1,2022,2022-08-07,vitesse,feyenoord,False
872231,N1,2022,2022-08-07,nec nijmegen,twente,False
872232,N1,2022,2022-08-07,az alkmaar,go ahead eagles,False
872233,N1,2022,2022-08-12,excelsior,vitesse,False
872234,N1,2022,2022-08-13,go ahead eagles,psv eindhoven,False
872236,N1,2022,2022-08-13,utrecht,cambuur,False
872235,N1,2022,2022-08-13,emmen,waalwijk,False
872237,N1,2022,2022-08-13,feyenoord,heerenveen,False
872238,N1,2022,2022-08-14,fc volendam,nec nijmegen,False
872239,N1,2022,2022-08-14,ajax,groningen,False
872240,N1,2022,2022-08-14,twente,fortuna sittard,False
872241,N1,2022,2022-08-14,sparta rotterdam,az alkmaar,False
872242,N1,2022,2022-08-20,vitesse,heerenveen,False
872246,N1,2022,2022-08-20,fortuna sittard,cambuur,False
872245,N1,2022,2022-08-20,emmen,utrecht,False
872243,N1,2022,2022-08-21,groningen,go ahead eagles,False
872247,N1,2022,2022-08-21,sparta rotterdam,ajax,False
872249,N1,2022,2022-08-21,waalwijk,feyenoord,False
872251,N1,2022,2022-08-26,nec nijmegen,groningen,False
872252,N1,2022,2022-08-27,go ahead eagles,sparta rotterdam,False
872253,N1,2022,2022-08-27,vitesse,waalwijk,False
872254,N1,2022,2022-08-27,feyenoord,emmen,False
872255,N1,2022,2022-08-27,heerenveen,fortuna sittard,False
872256,N1,2022,2022-08-28,utrecht,ajax,False
872257,N1,2022,2022-08-28,excelsior,psv eindhoven,False
872258,N1,2022,2022-08-28,fc volendam,twente,False
872259,N1,2022,2022-08-28,cambuur,az alkmaar,False
872244,N1,2022,2022-08-31,psv eindhoven,fc volendam,False
872250,N1,2022,2022-08-31,twente,excelsior,False
872248,N1,2022,2022-09-01,az alkmaar,nec nijmegen,False
872260,N1,2022,2022-09-02,fortuna sittard,utrecht,False
872261,N1,2022,2022-09-03,ajax,cambuur,False
872262,N1,2022,2022-09-03,twente,psv eindhoven,False
872263,N1,2022,2022-09-03,sparta rotterdam,fc volendam,False
872264,N1,2022,2022-09-03,go ahead eagles,feyenoord,False
872265,N1,2022,2022-09-04,waalwijk,excelsior,False
872266,N1,2022,2022-09-04,emmen,az alkmaar,False
872267,N1,2022,2022-09-04,heerenveen,nec nijmegen,False
872268,N1,2022,2022-09-04,groningen,vitesse,False
872269,N1,2022,2022-09-09,fc volendam,go ahead eagles,False
872270,N1,2022,2022-09-10,nec nijmegen,fortuna sittard,False
872271,N1,2022,2022-09-10,ajax,heerenveen,False
872272,N1,2022,2022-09-10,excelsior,emmen,False
872274,N1,2022,2022-09-11,utrecht,vitesse,False
872273,N1,2022,2022-09-11,psv eindhoven,waalwijk,False
872275,N1,2022,2022-09-11,cambuur,groningen,False
872276,N1,2022,2022-09-11,az alkmaar,twente,False
872277,N1,2022,2022-09-11,feyenoord,sparta rotterdam,False
872278,N1,2022,2022-09-16,utrecht,nec nijmegen,False
872279,N1,2022,2022-09-17,sparta rotterdam,groningen,False
872280,N1,2022,2022-09-17,vitesse,fc volendam,False
872281,N1,2022,2022-09-17,waalwijk,cambuur,False
872282,N1,2022,2022-09-17,fortuna sittard,excelsior,False
872283,N1,2022,2022-09-18,go ahead eagles,emmen,False
872284,N1,2022,2022-09-18,psv eindhoven,feyenoord,False
872285,N1,2022,2022-09-18,heerenveen,twente,False
872286,N1,2022,2022-09-18,az alkmaar,ajax,False
872287,N1,2022,2022-10-01,cambuur,psv eindhoven,False
872291,N1,2022,2022-10-01,groningen,az alkmaar,False
872289,N1,2022,2022-10-01,ajax,go ahead eagles,False
872290,N1,2022,2022-10-01,twente,vitesse,False
872293,N1,2022,2022-10-02,fortuna sittard,fc volendam,False
872288,N1,2022,2022-10-02,excelsior,utrecht,False
872294,N1,2022,2022-10-02,nec nijmegen,feyenoord,False
872295,N1,2022,2022-10-02,waalwijk,sparta rotterdam,False
872292,N1,2022,2022-10-02,emmen,heerenveen,False
872296,N1,2022,2022-10-07,groningen,waalwijk,False
872297,N1,2022,2022-10-08,fc volendam,ajax,False
872299,N1,2022,2022-10-08,sparta rotterdam,emmen,False
872298,N1,2022,2022-10-08,nec nijmegen,excelsior,False
872301,N1,2022,2022-10-09,go ahead eagles,cambuur,False
872304,N1,2022,2022-10-09,utrecht,az alkmaar,False
872302,N1,2022,2022-10-09,feyenoord,twente,False
872300,N1,2022,2022-10-09,heerenveen,psv eindhoven,False
872303,N1,2022,2022-10-09,vitesse,fortuna sittard,False
872305,N1,2022,2022-10-14,emmen,fc volendam,False
872308,N1,2022,2022-10-15,fortuna sittard,waalwijk,False
872306,N1,2022,2022-10-15,go ahead eagles,heerenveen,False
872309,N1,2022,2022-10-15,cambuur,vitesse,False
872310,N1,2022,2022-10-16,sparta rotterdam,nec nijmegen,False
872312,N1,2022,2022-10-16,psv eindhoven,utrecht,False
872311,N1,2022,2022-10-16,twente,groningen,False
872313,N1,2022,2022-10-16,az alkmaar,feyenoord,False
872307,N1,2022,2022-10-16,ajax,excelsior,False
872314,N1,2022,2022-10-22,feyenoord,fortuna sittard,False
872315,N1,2022,2022-10-22,waalwijk,ajax,False
872317,N1,2022,2022-10-22,vitesse,emmen,False
872319,N1,2022,2022-10-23,excelsior,az alkmaar,False
872318,N1,2022,2022-10-23,groningen,psv eindhoven,False
872321,N1,2022,2022-10-23,nec nijmegen,go ahead eagles,False
872316,N1,2022,2022-10-23,cambuur,twente,False
872322,N1,2022,2022-10-23,utrecht,sparta rotterdam,False
872320,N1,2022,2022-10-23,fc volendam,heerenveen,False
872330,N1,2022,2022-10-29,heerenveen,utrecht,False
872331,N1,2022,2022-10-29,sparta rotterdam,fortuna sittard,False
872328,N1,2022,2022-10-29,go ahead eagles,excelsior,False
872325,N1,2022,2022-10-30,emmen,groningen,False
872329,N1,2022,2022-10-30,psv eindhoven,nec nijmegen,False
872326,N1,2022,2022-10-30,twente,waalwijk,False
872324,N1,2022,2022-10-30,az alkmaar,fc volendam,False
872339,N1,2022,2022-11-04,cambuur,nec nijmegen,False
872340,N1,2022,2022-11-05,vitesse,sparta rotterdam,False
872337,N1,2022,2022-11-05,fortuna sittard,emmen,False
872333,N1,2022,2022-11-05,excelsior,heerenveen,False
872335,N1,2022,2022-11-06,utrecht,groningen,False
872334,N1,2022,2022-11-06,twente,go ahead eagles,False
872336,N1,2022,2022-11-06,fc volendam,feyenoord,False
872332,N1,2022,2022-11-06,ajax,psv eindhoven,False
872338,N1,2022,2022-11-06,waalwijk,az alkmaar,False
872323,N1,2022,2022-11-09,ajax,vitesse,False
872327,N1,2022,2022-11-10,feyenoord,cambuur,False
872349,N1,2022,2022-11-11,sparta rotterdam,twente,False
872343,N1,2022,2022-11-12,fc volendam,utrecht,False
872341,N1,2022,2022-11-12,emmen,ajax,False
872347,N1,2022,2022-11-12,psv eindhoven,az alkmaar,False
872346,N1,2022,2022-11-13,nec nijmegen,waalwijk,False
872342,N1,2022,2022-11-13,groningen,fortuna sittard,False
872348,N1,2022,2022-11-13,heerenveen,cambuur,False
872344,N1,2022,2022-11-13,feyenoord,excelsior,False
872345,N1,2022,2022-11-13,go ahead eagles,vitesse,False
872350,N1,2022,2023-01-06,twente,emmen,False
872351,N1,2022,2023-01-07,waalwijk,heerenveen,False
872352,N1,2022,2023-01-07,az alkmaar,vitesse,False
872353,N1,2022,2023-01-07,fortuna sittard,go ahead eagles,False
872354,N1,2022,2023-01-07,psv eindhoven,sparta rotterdam,False
872355,N1,2022,2023-01-08,utrecht,feyenoord,False
872356,N1,2022,2023-01-08,nec nijmegen,ajax,False
872357,N1,2022,2023-01-08,cambuur,fc volendam,False
872358,N1,2022,2023-01-08,excelsior,groningen,False
872359,N1,2022,2023-01-14,heerenveen,az alkmaar,False
872363,N1,2022,2023-01-14,fc volendam,waalwijk,False
872362,N1,2022,2023-01-14,ajax,twente,False
872361,N1,2022,2023-01-14,sparta rotterdam,excelsior,False
872364,N1,2022,2023-01-15,vitesse,nec nijmegen,False
872365,N1,2022,2023-01-15,fortuna sittard,psv eindhoven,False
872366,N1,2022,2023-01-15,go ahead eagles,utrecht,False
872360,N1,2022,2023-01-15,groningen,feyenoord,False
872367,N1,2022,2023-01-15,emmen,cambuur,False
872368,N1,2022,2023-01-20,excelsior,fc volendam,False
872369,N1,2022,2023-01-21,nec nijmegen,emmen,False
872370,N1,2022,2023-01-21,psv eindhoven,vitesse,False
872371,N1,2022,2023-01-21,cambuur,sparta rotterdam,False
872373,N1,2022,2023-01-22,heerenveen,groningen,False
872375,N1,2022,2023-01-22,feyenoord,ajax,False
872374,N1,2022,2023-01-22,twente,utrecht,False
872376,N1,2022,2023-01-22,az alkmaar,fortuna sittard,False
872377,N1,2022,2023-01-24,emmen,psv eindhoven,False
872378,N1,2022,2023-01-24,sparta rotterdam,waalwijk,False
872380,N1,2022,2023-01-25,vitesse,twente,False
872379,N1,2022,2023-01-25,go ahead eagles,az alkmaar,False
872381,N1,2022,2023-01-25,fortuna sittard,heerenveen,False
872382,N1,2022,2023-01-25,utrecht,excelsior,False
872383,N1,2022,2023-01-25,feyenoord,nec nijmegen,False
872384,N1,2022,2023-01-26,groningen,cambuur,False
872385,N1,2022,2023-01-26,ajax,fc volendam,False
872387,N1,2022,2023-01-28,psv eindhoven,go ahead eagles,False
872386,N1,2022,2023-01-28,waalwijk,emmen,False
872389,N1,2022,2023-01-28,heerenveen,vitesse,False
872388,N1,2022,2023-01-28,nec nijmegen,sparta rotterdam,False
872390,N1,2022,2023-01-28,az alkmaar,utrecht,False
872391,N1,2022,2023-01-29,twente,feyenoord,False
872392,N1,2022,2023-01-29,excelsior,ajax,False
872393,N1,2022,2023-01-29,fc volendam,groningen,False
872394,N1,2022,2023-01-29,cambuur,fortuna sittard,False
872372,N1,2022,2023-02-01,waalwijk,go ahead eagles,False
872395,N1,2022,2023-02-03,fortuna sittard,sparta rotterdam,False
872396,N1,2022,2023-02-04,fc volendam,az alkmaar,False
872398,N1,2022,2023-02-04,utrecht,heerenveen,False
872397,N1,2022,2023-02-04,emmen,vitesse,False
872399,N1,2022,2023-02-04,excelsior,waalwijk,False
872400,N1,2022,2023-02-05,cambuur,ajax,False
872401,N1,2022,2023-02-05,feyenoord,psv eindhoven,False
872402,N1,2022,2023-02-05,go ahead eagles,nec nijmegen,False
872403,N1,2022,2023-02-05,groningen,twente,False
872405,N1,2022,2023-02-10,az alkmaar,excelsior,False
872408,N1,2022,2023-02-11,nec nijmegen,cambuur,False
872409,N1,2022,2023-02-11,psv eindhoven,groningen,False
872406,N1,2022,2023-02-11,emmen,fortuna sittard,False
872411,N1,2022,2023-02-12,sparta rotterdam,go ahead eagles,False
872412,N1,2022,2023-02-12,vitesse,utrecht,False
872410,N1,2022,2023-02-12,heerenveen,feyenoord,False
872404,N1,2022,2023-02-12,ajax,waalwijk,False
872407,N1,2022,2023-02-12,twente,fc volendam,False
872420,N1,2022,2023-02-17,waalwijk,fortuna sittard,False
872417,N1,2022,2023-02-18,fc volendam,vitesse,False
872415,N1,2022,2023-02-18,groningen,emmen,False
872418,N1,2022,2023-02-18,feyenoord,az alkmaar,False
872421,N1,2022,2023-02-19,cambuur,heerenveen,False
872416,N1,2022,2023-02-19,utrecht,psv eindhoven,False
872419,N1,2022,2023-02-19,go ahead eagles,twente,False
872413,N1,2022,2023-02-19,ajax,sparta rotterdam,False
872414,N1,2022,2023-02-19,excelsior,nec nijmegen,False
872429,N1,2022,2023-02-24,sparta rotterdam,utrecht,False
872424,N1,2022,2023-02-25,groningen,excelsior,False
872428,N1,2022,2023-02-25,heerenveen,waalwijk,False
872422,N1,2022,2023-02-25,az alkmaar,cambuur,False
872426,N1,2022,2023-02-25,nec nijmegen,fc volendam,False
872425,N1,2022,2023-02-26,fortuna sittard,feyenoord,False
872430,N1,2022,2023-02-26,vitesse,ajax,False
872423,N1,2022,2023-02-26,emmen,go ahead eagles,False
872427,N1,2022,2023-02-26,psv eindhoven,twente,False
872439,N1,2022,2023-03-03,vitesse,az alkmaar,False
872434,N1,2022,2023-03-03,utrecht,fortuna sittard,False
872435,N1,2022,2023-03-04,fc volendam,emmen,False
872436,N1,2022,2023-03-04,feyenoord,groningen,False
872433,N1,2022,2023-03-04,twente,heerenveen,False
872432,N1,2022,2023-03-05,excelsior,sparta rotterdam,False
872437,N1,2022,2023-03-05,waalwijk,psv eindhoven,False
872431,N1,2022,2023-03-05,ajax,nec nijmegen,False
872438,N1,2022,2023-03-05,cambuur,go ahead eagles,False
872441,N1,2022,2023-03-11,emmen,excelsior,False
872443,N1,2022,2023-03-11,fortuna sittard,twente,False
872440,N1,2022,2023-03-11,az alkmaar,groningen,False
872448,N1,2022,2023-03-11,sparta rotterdam,vitesse,False
872445,N1,2022,2023-03-12,nec nijmegen,utrecht,False
872447,N1,2022,2023-03-12,heerenveen,ajax,False
872446,N1,2022,2023-03-12,psv eindhoven,cambuur,False
872442,N1,2022,2023-03-12,feyenoord,fc volendam,False
872455,N1,2022,2023-03-17,fc volendam,fortuna sittard,False
872454,N1,2022,2023-03-18,utrecht,go ahead eagles,False
872451,N1,2022,2023-03-18,emmen,sparta rotterdam,False
872456,N1,2022,2023-03-18,waalwijk,nec nijmegen,False
872452,N1,2022,2023-03-19,groningen,heerenveen,False
872449,N1,2022,2023-03-19,ajax,feyenoord,False
872450,N1,2022,2023-03-19,excelsior,cambuur,False
872457,N1,2022,2023-03-19,vitesse,psv eindhoven,False
872453,N1,2022,2023-03-19,twente,az alkmaar,False
872458,N1,2022,2023-04-01,az alkmaar,heerenveen,False
872459,N1,2022,2023-04-01,excelsior,twente,False
872463,N1,2022,2023-04-01,nec nijmegen,psv eindhoven,False
872465,N1,2022,2023-04-01,cambuur,emmen,False
872464,N1,2022,2023-04-01,waalwijk,vitesse,False
872462,N1,2022,2023-04-02,go ahead eagles,ajax,False
872460,N1,2022,2023-04-02,utrecht,fc volendam,False
872466,N1,2022,2023-04-02,sparta rotterdam,feyenoord,False
872461,N1,2022,2023-04-02,fortuna sittard,groningen,False
872470,N1,2022,2023-04-07,groningen,utrecht,False
872475,N1,2022,2023-04-08,vitesse,go ahead eagles,False
872473,N1,2022,2023-04-08,psv eindhoven,excelsior,False
872468,N1,2022,2023-04-08,az alkmaar,sparta rotterdam,False
872474,N1,2022,2023-04-08,heerenveen,fc volendam,False
872471,N1,2022,2023-04-09,twente,cambuur,False
872469,N1,2022,2023-04-09,emmen,nec nijmegen,False
872467,N1,2022,2023-04-09,ajax,fortuna sittard,False
872472,N1,2022,2023-04-09,feyenoord,waalwijk,False
872477,N1,2022,2023-04-14,excelsior,go ahead eagles,False
872482,N1,2022,2023-04-15,waalwijk,groningen,False
872484,N1,2022,2023-04-15,sparta rotterdam,heerenveen,False
872481,N1,2022,2023-04-16,nec nijmegen,vitesse,False
872478,N1,2022,2023-04-16,utrecht,twente,False
872479,N1,2022,2023-04-16,fc volendam,psv eindhoven,False
872483,N1,2022,2023-04-16,cambuur,feyenoord,False
872476,N1,2022,2023-04-16,ajax,emmen,False
872480,N1,2022,2023-04-16,fortuna sittard,az alkmaar,False
872444,N1,2022,2023-04-19,go ahead eagles,waalwijk,False
872488,N1,2022,2023-04-21,fc volendam,cambuur,False
872492,N1,2022,2023-04-22,heerenveen,emmen,False
872493,N1,2022,2023-04-22,vitesse,excelsior,False
872487,N1,2022,2023-04-23,twente,sparta rotterdam,False
872491,N1,2022,2023-04-23,psv eindhoven,ajax,False
872490,N1,2022,2023-04-23,go ahead eagles,fortuna sittard,False
872489,N1,2022,2023-04-23,feyenoord,utrecht,False
872485,N1,2022,2023-04-23,az alkmaar,waalwijk,False
872486,N1,2022,2023-04-25,groningen,nec nijmegen,False
872500,N1,2022,2023-05-05,waalwijk,fc volendam,False
872502,N1,2022,2023-05-06,sparta rotterdam,psv eindhoven,False
872499,N1,2022,2023-05-06,nec nijmegen,heerenveen,False
872501,N1,2022,2023-05-06,cambuur,utrecht,False
872494,N1,2022,2023-05-06,ajax,az alkmaar,False
872496,N1,2022,2023-05-07,emmen,twente,False
872495,N1,2022,2023-05-07,excelsior,feyenoord,False
872498,N1,2022,2023-05-07,go ahead eagles,groningen,False
872497,N1,2022,2023-05-07,fortuna sittard,vitesse,False
872505,N1,2022,2023-05-12,twente,nec nijmegen,False
872507,N1,2022,2023-05-13,fc volendam,sparta rotterdam,False
872510,N1,2022,2023-05-13,heerenveen,excelsior,False
872506,N1,2022,2023-05-13,utrecht,waalwijk,False
872511,N1,2022,2023-05-14,vitesse,cambuur,False
872508,N1,2022,2023-05-14,feyenoord,go ahead eagles,False
872509,N1,2022,2023-05-14,psv eindhoven,fortuna sittard,False
872503,N1,2022,2023-05-14,az alkmaar,emmen,False
872504,N1,2022,2023-05-16,groningen,ajax,False
872512,N1,2022,2023-05-21,ajax,utrecht,False
872514,N1,2022,2023-05-21,excelsior,fortuna sittard,False
872517,N1,2022,2023-05-21,psv eindhoven,heerenveen,False
872520,N1,2022,2023-05-21,vitesse,groningen,False
872513,N1,2022,2023-05-21,emmen,feyenoord,False
872515,N1,2022,2023-05-21,go ahead eagles,fc volendam,False
872516,N1,2022,2023-05-21,nec nijmegen,az alkmaar,False
872518,N1,2022,2023-05-21,waalwijk,twente,False
872519,N1,2022,2023-05-21,sparta rotterdam,cambuur,False
1028332,N1,2022,2023-05-22,fc eindhoven,almere city fc,False
1028334,N1,2022,2023-05-23,vvv venlo,willem ii,False
1028336,N1,2022,2023-05-23,nac breda,mvv,False
1028337,N1,2022,2023-05-27,mvv,nac breda,False
872521,N1,2022,2023-05-28,az alkmaar,psv eindhoven,False
872525,N1,2022,2023-05-28,groningen,sparta rotterdam,False
872524,N1,2022,2023-05-28,fortuna sittard,nec nijmegen,False
872528,N1,2022,2023-05-28,utrecht,emmen,False
872523,N1,2022,2023-05-28,feyenoord,vitesse,False
872526,N1,2022,2023-05-28,heerenveen,go ahead eagles,False
872527,N1,2022,2023-05-28,twente,ajax,False
872529,N1,2022,2023-05-28,fc volendam,excelsior,False
872522,N1,2022,2023-05-28,cambuur,waalwijk,False
1028874,N1,2022,2023-05-30,vvv venlo,almere city fc,False
1028876,N1,2022,2023-05-31,nac breda,emmen,False
1028925,N1,2022,2023-06-01,heerenveen,twente,False
1028330,N1,2022,2023-06-01,utrecht,sparta rotterdam,False
1028877,N1,2022,2023-06-03,emmen,nac breda,False
1028926,N1,2022,2023-06-04,twente,heerenveen,False
1029899,N1,2022,2023-06-06,almere city fc,emmen,False
1030272,N1,2022,2023-06-08,sparta rotterdam,twente,False
1030273,N1,2022,2023-06-11,twente,sparta rotterdam,False
1029900,N1,2022,2023-06-11,emmen,almere city fc,False
1055070,N1,2023,2023-08-11,fc volendam,vitesse,False
1055071,N1,2023,2023-08-12,psv eindhoven,utrecht,False
1055072,N1,2023,2023-08-12,heerenveen,waalwijk,False
1055073,N1,2023,2023-08-12,ajax,heracles,False
1055074,N1,2023,2023-08-12,pec zwolle,sparta rotterdam,False
1055075,N1,2023,2023-08-13,nec nijmegen,excelsior,False
1055077,N1,2023,2023-08-13,az alkmaar,go ahead eagles,False
1055076,N1,2023,2023-08-13,feyenoord,fortuna sittard,False
1055078,N1,2023,2023-08-13,almere city fc,twente,False
1055079,N1,2023,2023-08-18,heracles,nec nijmegen,False
1055080,N1,2023,2023-08-19,excelsior,ajax,False
1055081,N1,2023,2023-08-19,vitesse,psv eindhoven,False
1055082,N1,2023,2023-08-19,fortuna sittard,almere city fc,False
1055083,N1,2023,2023-08-19,go ahead eagles,fc volendam,False
1055084,N1,2023,2023-08-20,utrecht,heerenveen,False
1055086,N1,2023,2023-08-20,twente,pec zwolle,False
1055085,N1,2023,2023-08-20,sparta rotterdam,feyenoord,False
1055087,N1,2023,2023-08-20,waalwijk,az alkmaar,False
1055088,N1,2023,2023-08-26,nec nijmegen,waalwijk,False
1055090,N1,2023,2023-08-26,excelsior,fortuna sittard,False
1055091,N1,2023,2023-08-27,pec zwolle,utrecht,False
1055092,N1,2023,2023-08-27,feyenoord,almere city fc,False
1055093,N1,2023,2023-08-27,heerenveen,sparta rotterdam,False
1055097,N1,2023,2023-09-01,sparta rotterdam,nec nijmegen,False
1055098,N1,2023,2023-09-02,almere city fc,pec zwolle,False
1055099,N1,2023,2023-09-02,go ahead eagles,heerenveen,False
1055100,N1,2023,2023-09-02,waalwijk,psv eindhoven,False
1055101,N1,2023,2023-09-02,heracles,excelsior,False
1055102,N1,2023,2023-09-03,utrecht,feyenoord,False
1055103,N1,2023,2023-09-03,fortuna sittard,ajax,False
1055104,N1,2023,2023-09-03,fc volendam,twente,False
1055105,N1,2023,2023-09-03,vitesse,az alkmaar,False
1055106,N1,2023,2023-09-16,feyenoord,heerenveen,False
1055107,N1,2023,2023-09-16,vitesse,waalwijk,False
1055108,N1,2023,2023-09-16,psv eindhoven,nec nijmegen,False
1055109,N1,2023,2023-09-16,fortuna sittard,fc volendam,False
1055110,N1,2023,2023-09-16,heracles,utrecht,False
1055111,N1,2023,2023-09-17,pec zwolle,go ahead eagles,False
1055113,N1,2023,2023-09-17,excelsior,almere city fc,False
1055112,N1,2023,2023-09-17,twente,ajax,False
1055114,N1,2023,2023-09-17,az alkmaar,sparta rotterdam,False
1055115,N1,2023,2023-09-22,go ahead eagles,fortuna sittard,False
1055116,N1,2023,2023-09-23,fc volendam,heracles,False
1055117,N1,2023,2023-09-23,nec nijmegen,utrecht,False
1055118,N1,2023,2023-09-23,almere city fc,psv eindhoven,False
1055119,N1,2023,2023-09-23,heerenveen,excelsior,False
1055120,N1,2023,2023-09-24,sparta rotterdam,vitesse,False
1055123,N1,2023,2023-09-24,pec zwolle,az alkmaar,False
1055122,N1,2023,2023-09-24,waalwijk,twente,False
1055121,N1,2023,2023-09-27,ajax,feyenoord,False
1055089,N1,2023,2023-09-27,psv eindhoven,go ahead eagles,False
1055094,N1,2023,2023-09-27,twente,vitesse,False
1055096,N1,2023,2023-09-28,az alkmaar,heracles,False
1055124,N1,2023,2023-09-30,feyenoord,go ahead eagles,False
1055126,N1,2023,2023-09-30,psv eindhoven,fc volendam,False
1055125,N1,2023,2023-09-30,utrecht,almere city fc,False
1055127,N1,2023,2023-09-30,twente,heerenveen,False
1055129,N1,2023,2023-10-01,nec nijmegen,vitesse,False
1055130,N1,2023,2023-10-01,excelsior,sparta rotterdam,False
1055131,N1,2023,2023-10-01,heracles,pec zwolle,False
1055132,N1,2023,2023-10-01,az alkmaar,fortuna sittard,False
1055133,N1,2023,2023-10-06,fc volendam,utrecht,False
1055134,N1,2023,2023-10-07,heerenveen,nec nijmegen,False
1055135,N1,2023,2023-10-07,almere city fc,waalwijk,False
1055136,N1,2023,2023-10-07,go ahead eagles,heracles,False
1055137,N1,2023,2023-10-07,vitesse,excelsior,False
1055138,N1,2023,2023-10-08,pec zwolle,feyenoord,False
1055140,N1,2023,2023-10-08,ajax,az alkmaar,False
1055139,N1,2023,2023-10-08,fortuna sittard,twente,False
1055141,N1,2023,2023-10-08,sparta rotterdam,psv eindhoven,False
1055144,N1,2023,2023-10-21,psv eindhoven,fortuna sittard,False
1055143,N1,2023,2023-10-21,waalwijk,fc volendam,False
1055146,N1,2023,2023-10-21,nec nijmegen,almere city fc,False
1055145,N1,2023,2023-10-21,az alkmaar,heerenveen,False
1055142,N1,2023,2023-10-21,feyenoord,vitesse,False
1055147,N1,2023,2023-10-22,utrecht,ajax,False
1055149,N1,2023,2023-10-22,excelsior,pec zwolle,False
1055148,N1,2023,2023-10-22,heracles,twente,False
1055150,N1,2023,2023-10-22,go ahead eagles,sparta rotterdam,False
1055151,N1,2023,2023-10-27,vitesse,pec zwolle,False
1055152,N1,2023,2023-10-28,heerenveen,heracles,False
1055153,N1,2023,2023-10-28,almere city fc,go ahead eagles,False
1055154,N1,2023,2023-10-28,sparta rotterdam,waalwijk,False
1055155,N1,2023,2023-10-28,fortuna sittard,utrecht,False
1055156,N1,2023,2023-10-29,twente,feyenoord,False
1055158,N1,2023,2023-10-29,psv eindhoven,ajax,False
1055157,N1,2023,2023-10-29,fc volendam,excelsior,False
1055095,N1,2023,2023-11-02,ajax,fc volendam,False
1055164,N1,2023,2023-11-04,heracles,psv eindhoven,False
1055162,N1,2023,2023-11-04,excelsior,az alkmaar,False
1055161,N1,2023,2023-11-04,waalwijk,feyenoord,False
1055163,N1,2023,2023-11-04,go ahead eagles,vitesse,False
1055165,N1,2023,2023-11-05,utrecht,twente,False
1055166,N1,2023,2023-11-05,pec zwolle,fortuna sittard,False
1055167,N1,2023,2023-11-05,nec nijmegen,fc volendam,False
1055160,N1,2023,2023-11-05,ajax,heerenveen,False
1055168,N1,2023,2023-11-05,sparta rotterdam,almere city fc,False
1055169,N1,2023,2023-11-10,fortuna sittard,heracles,False
1055171,N1,2023,2023-11-11,waalwijk,go ahead eagles,False
1055174,N1,2023,2023-11-11,twente,nec nijmegen,False
1055172,N1,2023,2023-11-11,vitesse,heerenveen,False
1055170,N1,2023,2023-11-12,psv eindhoven,pec zwolle,False
1055173,N1,2023,2023-11-12,fc volendam,sparta rotterdam,False
1055175,N1,2023,2023-11-12,almere city fc,ajax,False
1055176,N1,2023,2023-11-12,feyenoord,az alkmaar,False
1055177,N1,2023,2023-11-12,utrecht,excelsior,False
1055178,N1,2023,2023-11-25,excelsior,feyenoord,False
1055180,N1,2023,2023-11-25,heerenveen,fortuna sittard,False
1055179,N1,2023,2023-11-25,twente,psv eindhoven,False
1055181,N1,2023,2023-11-25,pec zwolle,waalwijk,False
1055182,N1,2023,2023-11-25,ajax,vitesse,False
1055183,N1,2023,2023-11-26,almere city fc,heracles,False
1055184,N1,2023,2023-11-26,az alkmaar,fc volendam,False
1055185,N1,2023,2023-11-26,nec nijmegen,go ahead eagles,False
1055186,N1,2023,2023-11-26,sparta rotterdam,utrecht,False
1055187,N1,2023,2023-12-01,heerenveen,almere city fc,False
1055188,N1,2023,2023-12-02,fc volendam,pec zwolle,False
1055189,N1,2023,2023-12-02,fortuna sittard,vitesse,False
1055190,N1,2023,2023-12-02,waalwijk,excelsior,False
1055191,N1,2023,2023-12-02,heracles,sparta rotterdam,False
1055192,N1,2023,2023-12-03,feyenoord,psv eindhoven,False
1055194,N1,2023,2023-12-03,go ahead eagles,twente,False
1055193,N1,2023,2023-12-03,nec nijmegen,ajax,False
1055195,N1,2023,2023-12-03,utrecht,az alkmaar,False
1055159,N1,2023,2023-12-06,az alkmaar,nec nijmegen,False
1055128,N1,2023,2023-12-06,waalwijk,ajax,False
1055198,N1,2023,2023-12-07,psv eindhoven,heerenveen,False
1055196,N1,2023,2023-12-07,feyenoord,fc volendam,False
1055197,N1,2023,2023-12-08,twente,excelsior,False
1055202,N1,2023,2023-12-09,ajax,sparta rotterdam,False
1055199,N1,2023,2023-12-09,pec zwolle,nec nijmegen,False
1055200,N1,2023,2023-12-09,az alkmaar,almere city fc,False
1055201,N1,2023,2023-12-10,go ahead eagles,utrecht,False
1055203,N1,2023,2023-12-10,fortuna sittard,waalwijk,False
1055204,N1,2023,2023-12-10,vitesse,heracles,False
1055205,N1,2023,2023-12-15,nec nijmegen,fortuna sittard,False
1055206,N1,2023,2023-12-16,utrecht,waalwijk,False
1055207,N1,2023,2023-12-16,excelsior,go ahead eagles,False
1055208,N1,2023,2023-12-16,heerenveen,fc volendam,False
1055209,N1,2023,2023-12-17,almere city fc,vitesse,False
1055211,N1,2023,2023-12-17,heracles,feyenoord,False
1055210,N1,2023,2023-12-17,sparta rotterdam,twente,False
1055212,N1,2023,2023-12-17,ajax,pec zwolle,False
1055213,N1,2023,2023-12-17,az alkmaar,psv eindhoven,False
1055214,N1,2023,2024-01-12,waalwijk,heracles,False
1055215,N1,2023,2024-01-13,fortuna sittard,sparta rotterdam,False
1055216,N1,2023,2024-01-13,twente,az alkmaar,False
1055217,N1,2023,2024-01-13,pec zwolle,heerenveen,False
1055218,N1,2023,2024-01-13,psv eindhoven,excelsior,False
1055219,N1,2023,2024-01-14,fc volendam,almere city fc,False
1055221,N1,2023,2024-01-14,vitesse,utrecht,False
1055220,N1,2023,2024-01-14,go ahead eagles,ajax,False
1055222,N1,2023,2024-01-14,feyenoord,nec nijmegen,False
1055223,N1,2023,2024-01-19,excelsior,heerenveen,False
1055224,N1,2023,2024-01-20,nec nijmegen,twente,False
1055225,N1,2023,2024-01-20,heracles,fc volendam,False
1055226,N1,2023,2024-01-20,az alkmaar,pec zwolle,False
1055228,N1,2023,2024-01-21,utrecht,psv eindhoven,False
1055229,N1,2023,2024-01-21,vitesse,feyenoord,False
1055230,N1,2023,2024-01-21,sparta rotterdam,go ahead eagles,False
1055231,N1,2023,2024-01-21,ajax,waalwijk,False
1055227,N1,2023,2024-01-24,almere city fc,fortuna sittard,False
1055232,N1,2023,2024-01-26,pec zwolle,vitesse,False
1055234,N1,2023,2024-01-27,psv eindhoven,almere city fc,False
1055233,N1,2023,2024-01-27,waalwijk,sparta rotterdam,False
1055235,N1,2023,2024-01-27,excelsior,utrecht,False
1055236,N1,2023,2024-01-27,heracles,ajax,False
1055237,N1,2023,2024-01-28,heerenveen,az alkmaar,False
1055239,N1,2023,2024-01-28,feyenoord,twente,False
1055238,N1,2023,2024-01-28,go ahead eagles,nec nijmegen,False
1055240,N1,2023,2024-01-28,fc volendam,fortuna sittard,False
1055241,N1,2023,2024-02-02,almere city fc,excelsior,False
1055242,N1,2023,2024-02-03,twente,waalwijk,False
1055243,N1,2023,2024-02-03,fortuna sittard,heerenveen,False
1055244,N1,2023,2024-02-03,ajax,psv eindhoven,False
1055245,N1,2023,2024-02-03,nec nijmegen,heracles,False
1055246,N1,2023,2024-02-04,vitesse,go ahead eagles,False
1055247,N1,2023,2024-02-04,az alkmaar,feyenoord,False
1055248,N1,2023,2024-02-04,utrecht,fc volendam,False
1055249,N1,2023,2024-02-04,sparta rotterdam,pec zwolle,False
1055250,N1,2023,2024-02-09,waalwijk,nec nijmegen,False
1055256,N1,2023,2024-02-10,excelsior,twente,False
1055253,N1,2023,2024-02-10,almere city fc,az alkmaar,False
1055251,N1,2023,2024-02-10,heracles,vitesse,False
1055255,N1,2023,2024-02-11,go ahead eagles,pec zwolle,False
1055257,N1,2023,2024-02-11,utrecht,fortuna sittard,False
1055258,N1,2023,2024-02-11,heerenveen,ajax,False
1055252,N1,2023,2024-02-11,fc volendam,psv eindhoven,False
1055254,N1,2023,2024-02-11,feyenoord,sparta rotterdam,False
1055263,N1,2023,2024-02-16,psv eindhoven,heracles,False
1055266,N1,2023,2024-02-17,fortuna sittard,az alkmaar,False
1055259,N1,2023,2024-02-17,sparta rotterdam,excelsior,False
1055262,N1,2023,2024-02-17,pec zwolle,almere city fc,False
1055261,N1,2023,2024-02-17,heerenveen,go ahead eagles,False
1055265,N1,2023,2024-02-18,twente,utrecht,False
1055264,N1,2023,2024-02-18,ajax,nec nijmegen,False
1055267,N1,2023,2024-02-18,vitesse,fc volendam,False
1055260,N1,2023,2024-02-18,feyenoord,waalwijk,False
1055271,N1,2023,2024-02-23,utrecht,heracles,False
1055269,N1,2023,2024-02-24,waalwijk,fortuna sittard,False
1055274,N1,2023,2024-02-24,pec zwolle,psv eindhoven,False
1055272,N1,2023,2024-02-24,nec nijmegen,sparta rotterdam,False
1055268,N1,2023,2024-02-25,excelsior,vitesse,False
1055275,N1,2023,2024-02-25,twente,go ahead eagles,False
1055273,N1,2023,2024-02-25,almere city fc,feyenoord,False
1055276,N1,2023,2024-02-25,az alkmaar,ajax,False
1055270,N1,2023,2024-02-25,fc volendam,heerenveen,False
1055277,N1,2023,2024-03-01,fc volendam,nec nijmegen,False
1055279,N1,2023,2024-03-02,go ahead eagles,waalwijk,False
1055282,N1,2023,2024-03-02,vitesse,twente,False
1055281,N1,2023,2024-03-02,sparta rotterdam,az alkmaar,False
1055283,N1,2023,2024-03-03,ajax,utrecht,False
1055278,N1,2023,2024-03-03,psv eindhoven,feyenoord,False
1055284,N1,2023,2024-03-03,heerenveen,pec zwolle,False
1055285,N1,2023,2024-03-03,fortuna sittard,excelsior,False
1055280,N1,2023,2024-03-03,heracles,almere city fc,False
1055288,N1,2023,2024-03-08,go ahead eagles,psv eindhoven,False
1055293,N1,2023,2024-03-09,twente,sparta rotterdam,False
1055286,N1,2023,2024-03-09,almere city fc,utrecht,False
1055291,N1,2023,2024-03-09,waalwijk,vitesse,False
1055294,N1,2023,2024-03-10,az alkmaar,excelsior,False
1055289,N1,2023,2024-03-10,pec zwolle,fc volendam,False
1055292,N1,2023,2024-03-10,ajax,fortuna sittard,False
1055290,N1,2023,2024-03-10,nec nijmegen,heerenveen,False
1055287,N1,2023,2024-03-10,feyenoord,heracles,False
1055299,N1,2023,2024-03-15,heracles,go ahead eagles,False
1055295,N1,2023,2024-03-16,fortuna sittard,pec zwolle,False
1055296,N1,2023,2024-03-16,excelsior,waalwijk,False
1055298,N1,2023,2024-03-16,vitesse,almere city fc,False
1055302,N1,2023,2024-03-17,fc volendam,az alkmaar,False
1055297,N1,2023,2024-03-17,utrecht,nec nijmegen,False
1055300,N1,2023,2024-03-17,heerenveen,feyenoord,False
1055303,N1,2023,2024-03-17,sparta rotterdam,ajax,False
1055301,N1,2023,2024-03-17,psv eindhoven,twente,False
1055310,N1,2023,2024-03-30,nec nijmegen,psv eindhoven,False
1055312,N1,2023,2024-03-30,sparta rotterdam,fortuna sittard,False
1055305,N1,2023,2024-03-30,go ahead eagles,excelsior,False
1055308,N1,2023,2024-03-30,waalwijk,heerenveen,False
1055307,N1,2023,2024-03-30,az alkmaar,vitesse,False
1055309,N1,2023,2024-03-31,pec zwolle,ajax,False
1055304,N1,2023,2024-03-31,feyenoord,utrecht,False
1055311,N1,2023,2024-03-31,twente,heracles,False
1055306,N1,2023,2024-03-31,almere city fc,fc volendam,False
1055320,N1,2023,2024-04-02,vitesse,sparta rotterdam,False
1055315,N1,2023,2024-04-02,excelsior,psv eindhoven,False
1055321,N1,2023,2024-04-02,fortuna sittard,nec nijmegen,False
1055319,N1,2023,2024-04-03,heracles,az alkmaar,False
1055317,N1,2023,2024-04-03,utrecht,pec zwolle,False
1055316,N1,2023,2024-04-03,heerenveen,twente,False
1055313,N1,2023,2024-04-04,fc volendam,feyenoord,False
1055314,N1,2023,2024-04-04,waalwijk,almere city fc,False
1055318,N1,2023,2024-04-04,ajax,go ahead eagles,False
1055330,N1,2023,2024-04-06,sparta rotterdam,heracles,False
1055326,N1,2023,2024-04-06,psv eindhoven,az alkmaar,False
1055325,N1,2023,2024-04-06,pec zwolle,excelsior,False
1055329,N1,2023,2024-04-06,twente,fortuna sittard,False
1055327,N1,2023,2024-04-07,vitesse,nec nijmegen,False
1055322,N1,2023,2024-04-07,feyenoord,ajax,False
1055328,N1,2023,2024-04-07,go ahead eagles,almere city fc,False
1055323,N1,2023,2024-04-07,fc volendam,waalwijk,False
1055324,N1,2023,2024-04-07,heerenveen,utrecht,False
1055331,N1,2023,2024-04-12,excelsior,fc volendam,False
1055333,N1,2023,2024-04-13,psv eindhoven,vitesse,False
1055336,N1,2023,2024-04-13,az alkmaar,waalwijk,False
1055334,N1,2023,2024-04-13,almere city fc,sparta rotterdam,False
1055337,N1,2023,2024-04-14,heracles,heerenveen,False
1055332,N1,2023,2024-04-14,fortuna sittard,feyenoord,False
1055338,N1,2023,2024-04-14,utrecht,go ahead eagles,False
1055339,N1,2023,2024-04-14,ajax,twente,False
1055335,N1,2023,2024-04-14,nec nijmegen,pec zwolle,False
1055340,N1,2023,2024-04-24,twente,almere city fc,False
1055345,N1,2023,2024-04-24,ajax,excelsior,False
1055342,N1,2023,2024-04-25,heerenveen,psv eindhoven,False
1055341,N1,2023,2024-04-25,go ahead eagles,feyenoord,False
1055344,N1,2023,2024-04-28,pec zwolle,heracles,False
1055343,N1,2023,2024-04-28,nec nijmegen,az alkmaar,False
1055348,N1,2023,2024-04-28,waalwijk,utrecht,False
1055347,N1,2023,2024-04-28,sparta rotterdam,fc volendam,False
1055346,N1,2023,2024-04-28,vitesse,fortuna sittard,False
1055349,N1,2023,2024-05-03,fortuna sittard,go ahead eagles,False
1055350,N1,2023,2024-05-03,almere city fc,heerenveen,False
1055352,N1,2023,2024-05-05,psv eindhoven,sparta rotterdam,False
1055354,N1,2023,2024-05-05,heracles,waalwijk,False
1055353,N1,2023,2024-05-05,utrecht,vitesse,False
1055355,N1,2023,2024-05-05,fc volendam,ajax,False
1055351,N1,2023,2024-05-05,az alkmaar,twente,False
1055357,N1,2023,2024-05-05,feyenoord,pec zwolle,False
1055356,N1,2023,2024-05-06,excelsior,nec nijmegen,False
1055358,N1,2023,2024-05-12,ajax,almere city fc,False
1055359,N1,2023,2024-05-12,excelsior,heracles,False
1055362,N1,2023,2024-05-12,fortuna sittard,psv eindhoven,False
1055361,N1,2023,2024-05-12,utrecht,sparta rotterdam,False
1055366,N1,2023,2024-05-12,heerenveen,vitesse,False
1055363,N1,2023,2024-05-12,go ahead eagles,az alkmaar,False
1055364,N1,2023,2024-05-12,nec nijmegen,feyenoord,False
1055360,N1,2023,2024-05-12,twente,fc volendam,False
1055365,N1,2023,2024-05-12,waalwijk,pec zwolle,False
1200150,N1,2023,2024-05-13,nac breda,roda,False
1200152,N1,2023,2024-05-14,emmen,dordrecht,False
1200154,N1,2023,2024-05-14,de graafschap,ado den haag,False
1200151,N1,2023,2024-05-17,roda,nac breda,False
1200153,N1,2023,2024-05-18,dordrecht,emmen,False
1200155,N1,2023,2024-05-18,ado den haag,de graafschap,False
1055372,N1,2023,2024-05-19,pec zwolle,twente,False
1055373,N1,2023,2024-05-19,psv eindhoven,waalwijk,False
1055375,N1,2023,2024-05-19,vitesse,ajax,False
1055368,N1,2023,2024-05-19,az alkmaar,utrecht,False
1055371,N1,2023,2024-05-19,heracles,fortuna sittard,False
1055370,N1,2023,2024-05-19,feyenoord,excelsior,False
1055369,N1,2023,2024-05-19,fc volendam,go ahead eagles,False
1055367,N1,2023,2024-05-19,almere city fc,nec nijmegen,False
1055374,N1,2023,2024-05-19,sparta rotterdam,heerenveen,False
1200649,N1,2023,2024-05-21,nac breda,emmen,False
1200719,N1,2023,2024-05-22,ado den haag,excelsior,False
1200717,N1,2023,2024-05-23,nec nijmegen,go ahead eagles,False
1200718,N1,2023,2024-05-23,utrecht,sparta rotterdam,False
1200650,N1,2023,2024-05-25,emmen,nac breda,False
1200720,N1,2023,2024-05-25,excelsior,ado den haag,False
1201219,N1,2023,2024-05-28,nac breda,excelsior,False
1201220,N1,2023,2024-06-02,excelsior,nac breda,False
1213441,N1,2024,2024-08-09,groningen,nac breda,False
1213442,N1,2024,2024-08-10,feyenoord,willem ii,False
1213443,N1,2024,2024-08-10,nec nijmegen,twente,False
1213444,N1,2024,2024-08-10,almere city fc,az alkmaar,False
1213445,N1,2024,2024-08-10,psv eindhoven,waalwijk,False
1213446,N1,2024,2024-08-11,sparta rotterdam,heracles,False
1213447,N1,2024,2024-08-11,utrecht,pec zwolle,False
1213448,N1,2024,2024-08-11,go ahead eagles,fortuna sittard,False
1213449,N1,2024,2024-08-11,ajax,heerenveen,False
1213450,N1,2024,2024-08-16,fortuna sittard,almere city fc,False
1213451,N1,2024,2024-08-17,heerenveen,utrecht,False
1213452,N1,2024,2024-08-17,twente,sparta rotterdam,False
1213453,N1,2024,2024-08-17,az alkmaar,nec nijmegen,False
1213454,N1,2024,2024-08-17,waalwijk,groningen,False
1213455,N1,2024,2024-08-18,heracles,psv eindhoven,False
1213456,N1,2024,2024-08-18,pec zwolle,feyenoord,False
1213457,N1,2024,2024-08-18,willem ii,go ahead eagles,False
1213458,N1,2024,2024-08-18,nac breda,ajax,False
1213459,N1,2024,2024-08-24,nec nijmegen,pec zwolle,False
1213460,N1,2024,2024-08-24,almere city fc,psv eindhoven,False
1213461,N1,2024,2024-08-24,nac breda,utrecht,False
1213464,N1,2024,2024-08-25,groningen,az alkmaar,False
1213465,N1,2024,2024-08-25,heracles,willem ii,False
1213466,N1,2024,2024-08-25,sparta rotterdam,feyenoord,False
1213467,N1,2024,2024-08-25,go ahead eagles,waalwijk,False
1213468,N1,2024,2024-08-30,waalwijk,az alkmaar,False
1213469,N1,2024,2024-08-31,almere city fc,groningen,False
1213470,N1,2024,2024-08-31,fortuna sittard,nec nijmegen,False
1213471,N1,2024,2024-08-31,heerenveen,nac breda,False
1213472,N1,2024,2024-08-31,willem ii,sparta rotterdam,False
1213473,N1,2024,2024-09-01,utrecht,twente,False
1213475,N1,2024,2024-09-01,pec zwolle,heracles,False
1213476,N1,2024,2024-09-01,psv eindhoven,go ahead eagles,False
1213481,N1,2024,2024-09-14,psv eindhoven,nec nijmegen,False
1213477,N1,2024,2024-09-14,twente,pec zwolle,False
1213478,N1,2024,2024-09-14,groningen,feyenoord,False
1213479,N1,2024,2024-09-14,nac breda,fortuna sittard,False
1213480,N1,2024,2024-09-14,az alkmaar,heerenveen,False
1213482,N1,2024,2024-09-15,sparta rotterdam,go ahead eagles,False
1213484,N1,2024,2024-09-15,willem ii,waalwijk,False
1213485,N1,2024,2024-09-15,heracles,almere city fc,False
1213462,N1,2024,2024-09-17,twente,heerenveen,False
1213463,N1,2024,2024-09-18,ajax,fortuna sittard,False
1213486,N1,2024,2024-09-20,pec zwolle,az alkmaar,False
1213487,N1,2024,2024-09-21,utrecht,willem ii,False
1213488,N1,2024,2024-09-21,waalwijk,sparta rotterdam,False
1213489,N1,2024,2024-09-21,go ahead eagles,ajax,False
1213490,N1,2024,2024-09-21,nec nijmegen,heracles,False
1213491,N1,2024,2024-09-22,heerenveen,groningen,False
1213493,N1,2024,2024-09-22,feyenoord,nac breda,False
1213492,N1,2024,2024-09-22,almere city fc,twente,False
1213494,N1,2024,2024-09-22,fortuna sittard,psv eindhoven,False
1213495,N1,2024,2024-09-27,heracles,heerenveen,False
1213499,N1,2024,2024-09-28,willem ii,psv eindhoven,False
1213497,N1,2024,2024-09-28,nec nijmegen,feyenoord,False
1213498,N1,2024,2024-09-28,sparta rotterdam,fortuna sittard,False
1213500,N1,2024,2024-09-29,pec zwolle,almere city fc,False
1213501,N1,2024,2024-09-29,groningen,go ahead eagles,False
1213496,N1,2024,2024-09-29,twente,nac breda,False
1213502,N1,2024,2024-09-29,waalwijk,ajax,False
1213503,N1,2024,2024-09-29,az alkmaar,utrecht,False
1213504,N1,2024,2024-10-04,almere city fc,willem ii,False
1213506,N1,2024,2024-10-05,nac breda,nec nijmegen,False
1213507,N1,2024,2024-10-05,psv eindhoven,sparta rotterdam,False
1213508,N1,2024,2024-10-05,utrecht,waalwijk,False
1213511,N1,2024,2024-10-06,go ahead eagles,heracles,False
1213509,N1,2024,2024-10-06,feyenoord,twente,False
1213505,N1,2024,2024-10-06,heerenveen,pec zwolle,False
1213510,N1,2024,2024-10-06,ajax,groningen,False
1213512,N1,2024,2024-10-06,fortuna sittard,az alkmaar,False
1213513,N1,2024,2024-10-19,sparta rotterdam,almere city fc,False
1213514,N1,2024,2024-10-19,az alkmaar,psv eindhoven,False
1213515,N1,2024,2024-10-19,nec nijmegen,heerenveen,False
1213516,N1,2024,2024-10-19,waalwijk,twente,False
1213517,N1,2024,2024-10-19,go ahead eagles,feyenoord,False
1213518,N1,2024,2024-10-20,willem ii,fortuna sittard,False
1213519,N1,2024,2024-10-20,groningen,utrecht,False
1213520,N1,2024,2024-10-20,heracles,ajax,False
1213521,N1,2024,2024-10-20,pec zwolle,nac breda,False
1213522,N1,2024,2024-10-25,almere city fc,nec nijmegen,False
1213523,N1,2024,2024-10-26,fortuna sittard,groningen,False
1213525,N1,2024,2024-10-26,psv eindhoven,pec zwolle,False
1213524,N1,2024,2024-10-26,nac breda,waalwijk,False
1213526,N1,2024,2024-10-26,heerenveen,sparta rotterdam,False
1213527,N1,2024,2024-10-27,utrecht,feyenoord,False
1213529,N1,2024,2024-10-27,twente,heracles,False
1213530,N1,2024,2024-10-27,ajax,willem ii,False
1213528,N1,2024,2024-10-27,az alkmaar,go ahead eagles,False
1213474,N1,2024,2024-10-30,feyenoord,ajax,False
1213533,N1,2024,2024-11-02,willem ii,twente,False
1213534,N1,2024,2024-11-02,ajax,psv eindhoven,False
1213532,N1,2024,2024-11-02,heracles,nac breda,False
1213535,N1,2024,2024-11-02,fortuna sittard,heerenveen,False
1213531,N1,2024,2024-11-02,feyenoord,az alkmaar,False
1213536,N1,2024,2024-11-03,go ahead eagles,pec zwolle,False
1213537,N1,2024,2024-11-03,nec nijmegen,groningen,False
1213538,N1,2024,2024-11-03,sparta rotterdam,utrecht,False
1213539,N1,2024,2024-11-03,waalwijk,almere city fc,False
1213540,N1,2024,2024-11-08,utrecht,heracles,False
1213541,N1,2024,2024-11-09,groningen,sparta rotterdam,False
1213542,N1,2024,2024-11-09,pec zwolle,fortuna sittard,False
1213543,N1,2024,2024-11-09,nac breda,psv eindhoven,False
1213544,N1,2024,2024-11-09,waalwijk,nec nijmegen,False
1213545,N1,2024,2024-11-10,almere city fc,feyenoord,False
1213547,N1,2024,2024-11-10,heerenveen,go ahead eagles,False
1213546,N1,2024,2024-11-10,twente,ajax,False
1213548,N1,2024,2024-11-10,az alkmaar,willem ii,False
1213550,N1,2024,2024-11-23,go ahead eagles,almere city fc,False
1213552,N1,2024,2024-11-23,heracles,waalwijk,False
1213551,N1,2024,2024-11-23,feyenoord,heerenveen,False
1213549,N1,2024,2024-11-23,psv eindhoven,groningen,False
1213553,N1,2024,2024-11-23,fortuna sittard,twente,False
1213554,N1,2024,2024-11-24,nec nijmegen,utrecht,False
1213556,N1,2024,2024-11-24,willem ii,nac breda,False
1213555,N1,2024,2024-11-24,sparta rotterdam,az alkmaar,False
1213557,N1,2024,2024-11-24,ajax,pec zwolle,False
1213558,N1,2024,2024-11-29,heerenveen,waalwijk,False
1213559,N1,2024,2024-11-30,nac breda,almere city fc,False
1213560,N1,2024,2024-11-30,groningen,willem ii,False
1213561,N1,2024,2024-11-30,feyenoord,fortuna sittard,False
1213562,N1,2024,2024-11-30,pec zwolle,sparta rotterdam,False
1213563,N1,2024,2024-12-01,utrecht,psv eindhoven,False
1213564,N1,2024,2024-12-01,az alkmaar,heracles,False
1213565,N1,2024,2024-12-01,twente,go ahead eagles,False
1213566,N1,2024,2024-12-01,nec nijmegen,ajax,False
1213483,N1,2024,2024-12-04,ajax,utrecht,False
1213572,N1,2024,2024-12-06,psv eindhoven,twente,False
1213570,N1,2024,2024-12-07,go ahead eagles,nec nijmegen,False
1213574,N1,2024,2024-12-07,sparta rotterdam,nac breda,False
1213573,N1,2024,2024-12-07,waalwijk,feyenoord,False
1213571,N1,2024,2024-12-07,heracles,fortuna sittard,False
1213569,N1,2024,2024-12-08,groningen,pec zwolle,False
1213575,N1,2024,2024-12-08,willem ii,heerenveen,False
1213568,N1,2024,2024-12-08,az alkmaar,ajax,False
1213567,N1,2024,2024-12-08,almere city fc,utrecht,False
1213583,N1,2024,2024-12-13,pec zwolle,willem ii,False
1213584,N1,2024,2024-12-14,heerenveen,psv eindhoven,False
1213580,N1,2024,2024-12-14,fortuna sittard,waalwijk,False
1213579,N1,2024,2024-12-14,feyenoord,heracles,False
1213578,N1,2024,2024-12-15,utrecht,go ahead eagles,False
1213581,N1,2024,2024-12-15,nec nijmegen,sparta rotterdam,False
1213577,N1,2024,2024-12-15,twente,groningen,False
1213576,N1,2024,2024-12-15,ajax,almere city fc,False
1213582,N1,2024,2024-12-15,nac breda,az alkmaar,False
1213591,N1,2024,2024-12-20,waalwijk,pec zwolle,False
1213588,N1,2024,2024-12-21,go ahead eagles,nac breda,False
1213585,N1,2024,2024-12-21,almere city fc,heerenveen,False
1213586,N1,2024,2024-12-21,az alkmaar,twente,False
1213592,N1,2024,2024-12-22,sparta rotterdam,ajax,False
1213590,N1,2024,2024-12-22,psv eindhoven,feyenoord,False
1213587,N1,2024,2024-12-22,utrecht,fortuna sittard,False
1213593,N1,2024,2024-12-22,willem ii,nec nijmegen,False
1213598,N1,2024,2025-01-10,fortuna sittard,go ahead eagles,False
1213599,N1,2024,2025-01-11,heracles,sparta rotterdam,False
1213594,N1,2024,2025-01-11,ajax,waalwijk,False
1213601,N1,2024,2025-01-11,pec zwolle,nec nijmegen,False
1213602,N1,2024,2025-01-11,psv eindhoven,az alkmaar,False
1213596,N1,2024,2025-01-12,twente,willem ii,False
1213595,N1,2024,2025-01-12,groningen,almere city fc,False
1213597,N1,2024,2025-01-12,feyenoord,utrecht,False
1213600,N1,2024,2025-01-12,nac breda,heerenveen,False
1213608,N1,2024,2025-01-18,pec zwolle,psv eindhoven,False
1213604,N1,2024,2025-01-18,utrecht,az alkmaar,False
1213611,N1,2024,2025-01-18,willem ii,feyenoord,False
1213605,N1,2024,2025-01-18,go ahead eagles,groningen,False
1213607,N1,2024,2025-01-19,nac breda,twente,False
1213609,N1,2024,2025-01-19,heerenveen,ajax,False
1213603,N1,2024,2025-01-19,almere city fc,heracles,False
1213606,N1,2024,2025-01-19,nec nijmegen,fortuna sittard,False
1213610,N1,2024,2025-01-19,sparta rotterdam,waalwijk,False
1213618,N1,2024,2025-01-24,heracles,utrecht,False
1213619,N1,2024,2025-01-25,psv eindhoven,nac breda,False
1213614,N1,2024,2025-01-25,groningen,heerenveen,False
1213617,N1,2024,2025-01-26,fortuna sittard,pec zwolle,False
1213620,N1,2024,2025-01-26,waalwijk,willem ii,False
1213613,N1,2024,2025-01-26,az alkmaar,sparta rotterdam,False
1213589,N1,2024,2025-01-28,heracles,groningen,False
1213625,N1,2024,2025-01-31,nac breda,heracles,False
1213626,N1,2024,2025-02-01,pec zwolle,utrecht,False
1213627,N1,2024,2025-02-01,heerenveen,fortuna sittard,False
1213624,N1,2024,2025-02-01,nec nijmegen,psv eindhoven,False
1213622,N1,2024,2025-02-02,almere city fc,waalwijk,False
1213621,N1,2024,2025-02-02,ajax,feyenoord,False
1213623,N1,2024,2025-02-02,go ahead eagles,twente,False
1213628,N1,2024,2025-02-02,sparta rotterdam,groningen,False
1213629,N1,2024,2025-02-02,willem ii,az alkmaar,False
1213635,N1,2024,2025-02-08,heracles,go ahead eagles,False
1213636,N1,2024,2025-02-08,psv eindhoven,willem ii,False
1213631,N1,2024,2025-02-08,groningen,nec nijmegen,False
1213633,N1,2024,2025-02-08,feyenoord,sparta rotterdam,False
1213632,N1,2024,2025-02-09,utrecht,almere city fc,False
1213634,N1,2024,2025-02-09,fortuna sittard,ajax,False
1213637,N1,2024,2025-02-09,waalwijk,nac breda,False
1213630,N1,2024,2025-02-09,az alkmaar,pec zwolle,False
1213638,N1,2024,2025-02-09,heerenveen,twente,False
1213642,N1,2024,2025-02-14,go ahead eagles,sparta rotterdam,False
1213646,N1,2024,2025-02-15,psv eindhoven,utrecht,False
1213644,N1,2024,2025-02-15,nac breda,feyenoord,False
1213647,N1,2024,2025-02-15,willem ii,groningen,False
1213643,N1,2024,2025-02-16,nec nijmegen,almere city fc,False
1213645,N1,2024,2025-02-16,pec zwolle,heerenveen,False
1213641,N1,2024,2025-02-16,twente,waalwijk,False
1213639,N1,2024,2025-02-16,ajax,heracles,False
1213616,N1,2024,2025-02-22,feyenoord,almere city fc,False
1213612,N1,2024,2025-02-23,ajax,go ahead eagles,False
1213615,N1,2024,2025-02-23,twente,nec nijmegen,False
1213640,N1,2024,2025-02-23,az alkmaar,fortuna sittard,False
1213654,N1,2024,2025-02-28,waalwijk,fortuna sittard,False
1213650,N1,2024,2025-03-01,utrecht,nac breda,False
1213652,N1,2024,2025-03-01,go ahead eagles,psv eindhoven,False
1213649,N1,2024,2025-03-01,groningen,twente,False
1213651,N1,2024,2025-03-01,feyenoord,nec nijmegen,False
1213655,N1,2024,2025-03-02,heerenveen,az alkmaar,False
1213653,N1,2024,2025-03-02,heracles,pec zwolle,False
1213648,N1,2024,2025-03-02,almere city fc,ajax,False
1213656,N1,2024,2025-03-02,sparta rotterdam,willem ii,False
1213662,N1,2024,2025-03-07,nac breda,sparta rotterdam,False
1213660,N1,2024,2025-03-08,fortuna sittard,heracles,False
1213664,N1,2024,2025-03-08,psv eindhoven,heerenveen,False
1213665,N1,2024,2025-03-09,willem ii,utrecht,False
1213663,N1,2024,2025-03-09,pec zwolle,ajax,False
1213661,N1,2024,2025-03-09,nec nijmegen,go ahead eagles,False
1213658,N1,2024,2025-03-09,twente,almere city fc,False
1213667,N1,2024,2025-03-14,almere city fc,nac breda,False
1213670,N1,2024,2025-03-15,utrecht,nec nijmegen,False
1213674,N1,2024,2025-03-15,sparta rotterdam,pec zwolle,False
1213672,N1,2024,2025-03-15,waalwijk,psv eindhoven,False
1213673,N1,2024,2025-03-15,heerenveen,heracles,False
1213671,N1,2024,2025-03-16,go ahead eagles,willem ii,False
1213668,N1,2024,2025-03-16,groningen,fortuna sittard,False
1213669,N1,2024,2025-03-16,twente,feyenoord,False
1213666,N1,2024,2025-03-16,ajax,az alkmaar,False
1213680,N1,2024,2025-03-29,nac breda,groningen,False
1213683,N1,2024,2025-03-29,willem ii,almere city fc,False
1213677,N1,2024,2025-03-29,fortuna sittard,sparta rotterdam,False
1213681,N1,2024,2025-03-29,pec zwolle,waalwijk,False
1213679,N1,2024,2025-03-29,nec nijmegen,az alkmaar,False
1213675,N1,2024,2025-03-30,utrecht,heerenveen,False
1213682,N1,2024,2025-03-30,psv eindhoven,ajax,False
1213678,N1,2024,2025-03-30,heracles,twente,False
1213676,N1,2024,2025-03-30,feyenoord,go ahead eagles,False
1213657,N1,2024,2025-04-01,az alkmaar,waalwijk,False
1213659,N1,2024,2025-04-02,feyenoord,groningen,False
1213691,N1,2024,2025-04-04,heerenveen,willem ii,False
1213686,N1,2024,2025-04-05,az alkmaar,feyenoord,False
1213688,N1,2024,2025-04-05,twente,fortuna sittard,False
1213687,N1,2024,2025-04-05,groningen,psv eindhoven,False
1213685,N1,2024,2025-04-05,almere city fc,pec zwolle,False
1213690,N1,2024,2025-04-06,waalwijk,heracles,False
1213689,N1,2024,2025-04-06,go ahead eagles,utrecht,False
1213692,N1,2024,2025-04-06,sparta rotterdam,nec nijmegen,False
1213684,N1,2024,2025-04-06,ajax,nac breda,False
1213696,N1,2024,2025-04-11,nec nijmegen,waalwijk,False
1213694,N1,2024,2025-04-12,fortuna sittard,feyenoord,False
1213700,N1,2024,2025-04-12,sparta rotterdam,heerenveen,False
1213699,N1,2024,2025-04-12,psv eindhoven,almere city fc,False
1213697,N1,2024,2025-04-12,nac breda,go ahead eagles,False
1213693,N1,2024,2025-04-13,utrecht,groningen,False
1213698,N1,2024,2025-04-13,pec zwolle,twente,False
1213695,N1,2024,2025-04-13,heracles,az alkmaar,False
1213701,N1,2024,2025-04-13,willem ii,ajax,False
1213712,N1,2024,2025-04-19,heerenveen,almere city fc,False
1213711,N1,2024,2025-04-20,utrecht,ajax,False
1213705,N1,2024,2025-04-23,groningen,heracles,False
1213704,N1,2024,2025-04-24,az alkmaar,nac breda,False
1213706,N1,2024,2025-04-24,twente,psv eindhoven,False
1213709,N1,2024,2025-04-25,waalwijk,utrecht,False
1213707,N1,2024,2025-04-25,feyenoord,pec zwolle,False
1213708,N1,2024,2025-04-27,fortuna sittard,willem ii,False
1213702,N1,2024,2025-04-27,ajax,sparta rotterdam,False
1213710,N1,2024,2025-04-27,heerenveen,nec nijmegen,False
1213703,N1,2024,2025-04-27,almere city fc,go ahead eagles,False
1213719,N1,2024,2025-05-03,nec nijmegen,willem ii,False
1213715,N1,2024,2025-05-03,heracles,feyenoord,False
1213718,N1,2024,2025-05-03,groningen,waalwijk,False
1213716,N1,2024,2025-05-03,psv eindhoven,fortuna sittard,False
1213717,N1,2024,2025-05-04,nac breda,pec zwolle,False
1213713,N1,2024,2025-05-04,go ahead eagles,az alkmaar,False
1213714,N1,2024,2025-05-04,sparta rotterdam,twente,False
1213728,N1,2024,2025-05-09,willem ii,heracles,False
1213727,N1,2024,2025-05-10,waalwijk,heerenveen,False
1213725,N1,2024,2025-05-10,fortuna sittard,nac breda,False
1213721,N1,2024,2025-05-10,almere city fc,sparta rotterdam,False
1213726,N1,2024,2025-05-11,pec zwolle,go ahead eagles,False
1213724,N1,2024,2025-05-11,feyenoord,psv eindhoven,False
1213723,N1,2024,2025-05-11,twente,utrecht,False
1213720,N1,2024,2025-05-11,ajax,nec nijmegen,False
1213722,N1,2024,2025-05-11,az alkmaar,groningen,False
1375152,N1,2024,2025-05-12,den bosch,cambuur,False
1375154,N1,2024,2025-05-13,telstar,ado den haag,False
1375156,N1,2024,2025-05-13,de graafschap,dordrecht,False
1213737,N1,2024,2025-05-14,willem ii,pec zwolle,False
1213736,N1,2024,2025-05-14,psv eindhoven,heracles,False
1213730,N1,2024,2025-05-14,groningen,ajax,False
1213732,N1,2024,2025-05-14,utrecht,sparta rotterdam,False
1213733,N1,2024,2025-05-14,feyenoord,waalwijk,False
1213734,N1,2024,2025-05-14,go ahead eagles,heerenveen,False
1213735,N1,2024,2025-05-14,nec nijmegen,nac breda,False
1213731,N1,2024,2025-05-14,twente,az alkmaar,False
1213729,N1,2024,2025-05-14,almere city fc,fortuna sittard,False
1375155,N1,2024,2025-05-17,ado den haag,telstar,False
1375157,N1,2024,2025-05-17,dordrecht,de graafschap,False
1213743,N1,2024,2025-05-18,pec zwolle,groningen,False
1213738,N1,2024,2025-05-18,ajax,twente,False
1213739,N1,2024,2025-05-18,az alkmaar,almere city fc,False
1213742,N1,2024,2025-05-18,nac breda,willem ii,False
1213740,N1,2024,2025-05-18,fortuna sittard,utrecht,False
1213741,N1,2024,2025-05-18,heracles,nec nijmegen,False
1213745,N1,2024,2025-05-18,heerenveen,feyenoord,False
1213744,N1,2024,2025-05-18,waalwijk,go ahead eagles,False
1213746,N1,2024,2025-05-18,sparta rotterdam,psv eindhoven,False
1375804,N1,2024,2025-05-20,den bosch,telstar,False
1375841,N1,2024,2025-05-21,dordrecht,willem ii,False
1375839,N1,2024,2025-05-22,az alkmaar,heerenveen,False
1376257,N1,2024,2025-05-25,az alkmaar,twente,False
1376436,N1,2024,2025-05-29,telstar,willem ii,False
1376437,N1,2024,2025-06-01,willem ii,telstar,False
898605,P1,2022,2022-08-05,benfica,arouca,False
898604,P1,2022,2022-08-06,rio ave,vizela,False
898608,P1,2022,2022-08-06,estoril,famalicao,False
898612,P1,2022,2022-08-06,fc porto,maritimo,False
898610,P1,2022,2022-08-07,santa clara,casa pia,False
898609,P1,2022,2022-08-07,sc braga,sporting cp,False
898606,P1,2022,2022-08-07,portimonense,boavista,False
898611,P1,2022,2022-08-07,chaves,guimaraes,False
898607,P1,2022,2022-08-08,gil vicente,pacos ferreira,False
898617,P1,2022,2022-08-12,famalicao,sc braga,False
898620,P1,2022,2022-08-13,casa pia,benfica,False
898615,P1,2022,2022-08-13,sporting cp,rio ave,False
898618,P1,2022,2022-08-14,boavista,santa clara,False
898614,P1,2022,2022-08-14,vizela,fc porto,False
898613,P1,2022,2022-08-14,guimaraes,estoril,False
898616,P1,2022,2022-08-15,maritimo,chaves,False
898621,P1,2022,2022-08-15,arouca,gil vicente,False
898619,P1,2022,2022-08-15,pacos ferreira,portimonense,False
898629,P1,2022,2022-08-19,estoril,rio ave,False
898625,P1,2022,2022-08-20,santa clara,arouca,False
898628,P1,2022,2022-08-20,chaves,vizela,False
898626,P1,2022,2022-08-20,fc porto,sporting cp,False
898622,P1,2022,2022-08-21,casa pia,boavista,False
898627,P1,2022,2022-08-21,sc braga,maritimo,False
898624,P1,2022,2022-08-21,portimonense,guimaraes,False
898623,P1,2022,2022-08-22,gil vicente,famalicao,False
898631,P1,2022,2022-08-26,pacos ferreira,estoril,False
898636,P1,2022,2022-08-27,maritimo,portimonense,False
898637,P1,2022,2022-08-27,boavista,benfica,False
898634,P1,2022,2022-08-27,sporting cp,chaves,False
898638,P1,2022,2022-08-28,famalicao,santa clara,False
898639,P1,2022,2022-08-28,arouca,sc braga,False
898633,P1,2022,2022-08-28,rio ave,fc porto,False
898635,P1,2022,2022-08-29,guimaraes,casa pia,False
898632,P1,2022,2022-08-29,vizela,gil vicente,False
898630,P1,2022,2022-08-30,benfica,pacos ferreira,False
898648,P1,2022,2022-09-02,benfica,vizela,False
898643,P1,2022,2022-09-02,estoril,sporting cp,False
898646,P1,2022,2022-09-03,sc braga,guimaraes,False
898640,P1,2022,2022-09-03,gil vicente,fc porto,False
898641,P1,2022,2022-09-04,casa pia,arouca,False
898647,P1,2022,2022-09-04,santa clara,maritimo,False
898642,P1,2022,2022-09-04,portimonense,famalicao,False
898645,P1,2022,2022-09-05,boavista,pacos ferreira,False
898644,P1,2022,2022-09-05,chaves,rio ave,False
898656,P1,2022,2022-09-09,guimaraes,santa clara,False
898654,P1,2022,2022-09-10,famalicao,benfica,False
898651,P1,2022,2022-09-10,sporting cp,portimonense,False
898652,P1,2022,2022-09-10,fc porto,chaves,False
898653,P1,2022,2022-09-11,pacos ferreira,casa pia,False
898650,P1,2022,2022-09-11,maritimo,gil vicente,False
898657,P1,2022,2022-09-11,arouca,boavista,False
898655,P1,2022,2022-09-11,rio ave,sc braga,False
898649,P1,2022,2022-09-12,vizela,estoril,False
898660,P1,2022,2022-09-16,portimonense,chaves,False
898662,P1,2022,2022-09-17,santa clara,pacos ferreira,False
898659,P1,2022,2022-09-17,gil vicente,rio ave,False
898658,P1,2022,2022-09-17,estoril,fc porto,False
898664,P1,2022,2022-09-17,boavista,sporting cp,False
898666,P1,2022,2022-09-18,arouca,guimaraes,False
898663,P1,2022,2022-09-18,benfica,maritimo,False
898661,P1,2022,2022-09-18,casa pia,famalicao,False
898665,P1,2022,2022-09-18,sc braga,vizela,False
898668,P1,2022,2022-09-30,sporting cp,gil vicente,False
898671,P1,2022,2022-09-30,fc porto,sc braga,False
898669,P1,2022,2022-10-01,vizela,portimonense,False
898675,P1,2022,2022-10-01,chaves,estoril,False
898673,P1,2022,2022-10-01,guimaraes,benfica,False
898670,P1,2022,2022-10-02,rio ave,santa clara,False
898672,P1,2022,2022-10-02,pacos ferreira,arouca,False
898674,P1,2022,2022-10-02,famalicao,boavista,False
898667,P1,2022,2022-10-03,maritimo,casa pia,False
898676,P1,2022,2022-10-07,gil vicente,estoril,False
898680,P1,2022,2022-10-08,santa clara,sporting cp,False
898681,P1,2022,2022-10-08,benfica,rio ave,False
898677,P1,2022,2022-10-08,portimonense,fc porto,False
898678,P1,2022,2022-10-08,pacos ferreira,guimaraes,False
898682,P1,2022,2022-10-09,boavista,maritimo,False
898679,P1,2022,2022-10-09,casa pia,vizela,False
898683,P1,2022,2022-10-09,sc braga,chaves,False
898684,P1,2022,2022-10-10,arouca,famalicao,False
898692,P1,2022,2022-10-21,fc porto,benfica,False
898690,P1,2022,2022-10-22,famalicao,pacos ferreira,False
898688,P1,2022,2022-10-22,estoril,sc braga,False
898686,P1,2022,2022-10-22,sporting cp,casa pia,False
898691,P1,2022,2022-10-23,maritimo,arouca,False
898685,P1,2022,2022-10-23,vizela,santa clara,False
898693,P1,2022,2022-10-23,chaves,gil vicente,False
898689,P1,2022,2022-10-23,guimaraes,boavista,False
898687,P1,2022,2022-10-24,rio ave,portimonense,False
898696,P1,2022,2022-10-28,pacos ferreira,maritimo,False
898701,P1,2022,2022-10-29,santa clara,fc porto,False
898702,P1,2022,2022-10-29,benfica,chaves,False
898699,P1,2022,2022-10-29,arouca,sporting cp,False
898694,P1,2022,2022-10-30,portimonense,estoril,False
898700,P1,2022,2022-10-30,boavista,vizela,False
898698,P1,2022,2022-10-30,casa pia,rio ave,False
898697,P1,2022,2022-10-30,gil vicente,sc braga,False
898695,P1,2022,2022-10-31,guimaraes,famalicao,False
898709,P1,2022,2022-11-04,gil vicente,portimonense,False
898710,P1,2022,2022-11-05,vizela,arouca,False
898704,P1,2022,2022-11-05,fc porto,pacos ferreira,False
898705,P1,2022,2022-11-05,sporting cp,guimaraes,False
898706,P1,2022,2022-11-06,rio ave,boavista,False
898703,P1,2022,2022-11-06,maritimo,famalicao,False
898711,P1,2022,2022-11-06,sc braga,casa pia,False
898707,P1,2022,2022-11-06,estoril,benfica,False
898708,P1,2022,2022-11-07,chaves,santa clara,False
898720,P1,2022,2022-11-12,arouca,rio ave,False
898718,P1,2022,2022-11-12,boavista,fc porto,False
898712,P1,2022,2022-11-13,guimaraes,maritimo,False
898715,P1,2022,2022-11-13,pacos ferreira,vizela,False
898717,P1,2022,2022-11-13,benfica,gil vicente,False
898713,P1,2022,2022-11-13,portimonense,sc braga,False
898714,P1,2022,2022-11-13,casa pia,chaves,False
898716,P1,2022,2022-11-13,famalicao,sporting cp,False
898719,P1,2022,2022-11-14,santa clara,estoril,False
898724,P1,2022,2022-12-23,rio ave,maritimo,False
898725,P1,2022,2022-12-28,portimonense,casa pia,False
898729,P1,2022,2022-12-28,fc porto,arouca,False
898728,P1,2022,2022-12-29,gil vicente,santa clara,False
898721,P1,2022,2022-12-29,sporting cp,pacos ferreira,False
898723,P1,2022,2022-12-30,chaves,famalicao,False
898722,P1,2022,2022-12-30,vizela,guimaraes,False
898726,P1,2022,2022-12-30,sc braga,benfica,False
898731,P1,2022,2023-01-05,santa clara,sc braga,False
898735,P1,2022,2023-01-06,benfica,portimonense,False
898734,P1,2022,2023-01-06,famalicao,vizela,False
898738,P1,2022,2023-01-07,arouca,estoril,False
898730,P1,2022,2023-01-07,guimaraes,rio ave,False
898737,P1,2022,2023-01-07,casa pia,fc porto,False
898732,P1,2022,2023-01-08,pacos ferreira,chaves,False
898733,P1,2022,2023-01-08,maritimo,sporting cp,False
898736,P1,2022,2023-01-08,boavista,gil vicente,False
898746,P1,2022,2023-01-13,portimonense,santa clara,False
898739,P1,2022,2023-01-14,vizela,maritimo,False
898740,P1,2022,2023-01-14,rio ave,pacos ferreira,False
898745,P1,2022,2023-01-14,sc braga,boavista,False
898744,P1,2022,2023-01-15,chaves,arouca,False
898747,P1,2022,2023-01-15,benfica,sporting cp,False
898742,P1,2022,2023-01-15,fc porto,famalicao,False
898743,P1,2022,2023-01-16,estoril,casa pia,False
898741,P1,2022,2023-01-16,gil vicente,guimaraes,False
898756,P1,2022,2023-01-20,arouca,portimonense,False
898752,P1,2022,2023-01-20,sporting cp,vizela,False
898749,P1,2022,2023-01-21,pacos ferreira,sc braga,False
898748,P1,2022,2023-01-21,santa clara,benfica,False
898751,P1,2022,2023-01-21,guimaraes,fc porto,False
898750,P1,2022,2023-01-22,maritimo,estoril,False
898754,P1,2022,2023-01-22,casa pia,gil vicente,False
898755,P1,2022,2023-01-22,famalicao,rio ave,False
898753,P1,2022,2023-01-23,boavista,chaves,False
898783,P1,2022,2023-01-26,pacos ferreira,benfica,False
898758,P1,2022,2023-01-29,vizela,rio ave,False
898764,P1,2022,2023-01-29,casa pia,santa clara,False
898765,P1,2022,2023-01-29,boavista,portimonense,False
898760,P1,2022,2023-01-29,famalicao,estoril,False
898761,P1,2022,2023-01-30,guimaraes,chaves,False
898757,P1,2022,2023-01-31,pacos ferreira,gil vicente,False
898759,P1,2022,2023-01-31,arouca,benfica,False
898762,P1,2022,2023-02-01,maritimo,fc porto,False
898763,P1,2022,2023-02-01,sporting cp,sc braga,False
898771,P1,2022,2023-02-04,santa clara,boavista,False
898773,P1,2022,2023-02-04,benfica,casa pia,False
898766,P1,2022,2023-02-04,estoril,guimaraes,False
898770,P1,2022,2023-02-05,sc braga,famalicao,False
898769,P1,2022,2023-02-05,chaves,maritimo,False
898767,P1,2022,2023-02-05,fc porto,vizela,False
898774,P1,2022,2023-02-05,gil vicente,arouca,False
898772,P1,2022,2023-02-06,portimonense,pacos ferreira,False
898768,P1,2022,2023-02-06,rio ave,sporting cp,False
898727,P1,2022,2023-02-09,estoril,boavista,False
898781,P1,2022,2023-02-10,vizela,chaves,False
898778,P1,2022,2023-02-11,arouca,santa clara,False
898777,P1,2022,2023-02-11,guimaraes,portimonense,False
898776,P1,2022,2023-02-12,famalicao,gil vicente,False
898779,P1,2022,2023-02-12,sporting cp,fc porto,False
898780,P1,2022,2023-02-12,maritimo,sc braga,False
898782,P1,2022,2023-02-13,rio ave,estoril,False
898775,P1,2022,2023-02-13,boavista,casa pia,False
898785,P1,2022,2023-02-17,gil vicente,vizela,False
898789,P1,2022,2023-02-18,portimonense,maritimo,False
898784,P1,2022,2023-02-18,estoril,pacos ferreira,False
898786,P1,2022,2023-02-18,fc porto,rio ave,False
898791,P1,2022,2023-02-19,santa clara,famalicao,False
898792,P1,2022,2023-02-19,sc braga,arouca,False
898788,P1,2022,2023-02-19,casa pia,guimaraes,False
898787,P1,2022,2023-02-20,chaves,sporting cp,False
898790,P1,2022,2023-02-20,benfica,boavista,False
898795,P1,2022,2023-02-24,famalicao,portimonense,False
898794,P1,2022,2023-02-25,arouca,casa pia,False
898800,P1,2022,2023-02-25,maritimo,santa clara,False
898801,P1,2022,2023-02-25,vizela,benfica,False
898797,P1,2022,2023-02-26,rio ave,chaves,False
898798,P1,2022,2023-02-26,pacos ferreira,boavista,False
898793,P1,2022,2023-02-26,fc porto,gil vicente,False
898796,P1,2022,2023-02-27,sporting cp,estoril,False
898799,P1,2022,2023-02-27,guimaraes,sc braga,False
898810,P1,2022,2023-03-03,boavista,arouca,False
898807,P1,2022,2023-03-03,benfica,famalicao,False
898802,P1,2022,2023-03-04,estoril,vizela,False
898804,P1,2022,2023-03-04,portimonense,sporting cp,False
898805,P1,2022,2023-03-04,chaves,fc porto,False
898803,P1,2022,2023-03-05,gil vicente,maritimo,False
898809,P1,2022,2023-03-05,santa clara,guimaraes,False
898808,P1,2022,2023-03-05,sc braga,rio ave,False
898806,P1,2022,2023-03-06,casa pia,pacos ferreira,False
898811,P1,2022,2023-03-10,fc porto,estoril,False
898813,P1,2022,2023-03-11,chaves,portimonense,False
898815,P1,2022,2023-03-11,pacos ferreira,santa clara,False
898819,P1,2022,2023-03-11,guimaraes,arouca,False
898818,P1,2022,2023-03-11,vizela,sc braga,False
898812,P1,2022,2023-03-12,rio ave,gil vicente,False
898816,P1,2022,2023-03-12,maritimo,benfica,False
898817,P1,2022,2023-03-12,sporting cp,boavista,False
898814,P1,2022,2023-03-13,famalicao,casa pia,False
898823,P1,2022,2023-03-17,santa clara,rio ave,False
898822,P1,2022,2023-03-18,portimonense,vizela,False
898826,P1,2022,2023-03-18,benfica,guimaraes,False
898825,P1,2022,2023-03-18,arouca,pacos ferreira,False
898828,P1,2022,2023-03-18,estoril,chaves,False
898820,P1,2022,2023-03-19,casa pia,maritimo,False
898824,P1,2022,2023-03-19,sc braga,fc porto,False
898827,P1,2022,2023-03-19,boavista,famalicao,False
898829,P1,2022,2023-03-31,estoril,gil vicente,False
898832,P1,2022,2023-04-01,vizela,casa pia,False
898831,P1,2022,2023-04-01,guimaraes,pacos ferreira,False
898833,P1,2022,2023-04-01,sporting cp,santa clara,False
898835,P1,2022,2023-04-02,maritimo,boavista,False
898836,P1,2022,2023-04-02,chaves,sc braga,False
898834,P1,2022,2023-04-02,rio ave,benfica,False
898830,P1,2022,2023-04-02,fc porto,portimonense,False
898837,P1,2022,2023-04-03,famalicao,arouca,False
898821,P1,2022,2023-04-05,gil vicente,sporting cp,False
898838,P1,2022,2023-04-07,santa clara,vizela,False
898845,P1,2022,2023-04-07,benfica,fc porto,False
898842,P1,2022,2023-04-07,boavista,guimaraes,False
898844,P1,2022,2023-04-08,arouca,maritimo,False
898840,P1,2022,2023-04-08,portimonense,rio ave,False
898843,P1,2022,2023-04-08,pacos ferreira,famalicao,False
898841,P1,2022,2023-04-08,sc braga,estoril,False
898839,P1,2022,2023-04-09,casa pia,sporting cp,False
898846,P1,2022,2023-04-10,gil vicente,chaves,False
898848,P1,2022,2023-04-14,famalicao,guimaraes,False
898849,P1,2022,2023-04-15,maritimo,pacos ferreira,False
898847,P1,2022,2023-04-15,estoril,portimonense,False
898855,P1,2022,2023-04-15,chaves,benfica,False
898854,P1,2022,2023-04-15,fc porto,santa clara,False
898851,P1,2022,2023-04-16,rio ave,casa pia,False
898850,P1,2022,2023-04-16,sc braga,gil vicente,False
898852,P1,2022,2023-04-16,sporting cp,arouca,False
898853,P1,2022,2023-04-17,vizela,boavista,False
898864,P1,2022,2023-04-21,casa pia,sc braga,False
898856,P1,2022,2023-04-22,famalicao,maritimo,False
898859,P1,2022,2023-04-22,boavista,rio ave,False
898857,P1,2022,2023-04-22,pacos ferreira,fc porto,False
898862,P1,2022,2023-04-23,portimonense,gil vicente,False
898860,P1,2022,2023-04-23,benfica,estoril,False
898861,P1,2022,2023-04-23,santa clara,chaves,False
898863,P1,2022,2023-04-23,arouca,vizela,False
898858,P1,2022,2023-04-24,guimaraes,sporting cp,False
898873,P1,2022,2023-04-28,rio ave,arouca,False
898865,P1,2022,2023-04-29,maritimo,guimaraes,False
898866,P1,2022,2023-04-29,sc braga,portimonense,False
898867,P1,2022,2023-04-29,chaves,casa pia,False
898868,P1,2022,2023-04-29,vizela,pacos ferreira,False
898870,P1,2022,2023-04-29,gil vicente,benfica,False
898872,P1,2022,2023-04-30,estoril,santa clara,False
898871,P1,2022,2023-04-30,fc porto,boavista,False
898869,P1,2022,2023-04-30,sporting cp,famalicao,False
898877,P1,2022,2023-05-05,casa pia,portimonense,False
898878,P1,2022,2023-05-06,santa clara,gil vicente,False
898881,P1,2022,2023-05-06,boavista,estoril,False
898880,P1,2022,2023-05-06,benfica,sc braga,False
898874,P1,2022,2023-05-07,maritimo,rio ave,False
898876,P1,2022,2023-05-07,guimaraes,vizela,False
898875,P1,2022,2023-05-07,pacos ferreira,sporting cp,False
898882,P1,2022,2023-05-08,famalicao,chaves,False
898879,P1,2022,2023-05-08,arouca,fc porto,False
898889,P1,2022,2023-05-12,gil vicente,boavista,False
898885,P1,2022,2023-05-13,chaves,pacos ferreira,False
898887,P1,2022,2023-05-13,vizela,famalicao,False
898888,P1,2022,2023-05-13,portimonense,benfica,False
898886,P1,2022,2023-05-13,sporting cp,maritimo,False
898883,P1,2022,2023-05-14,rio ave,guimaraes,False
898884,P1,2022,2023-05-14,sc braga,santa clara,False
898890,P1,2022,2023-05-14,fc porto,casa pia,False
898891,P1,2022,2023-05-15,estoril,arouca,False
898892,P1,2022,2023-05-19,maritimo,vizela,False
898899,P1,2022,2023-05-20,santa clara,portimonense,False
898897,P1,2022,2023-05-20,arouca,chaves,False
898898,P1,2022,2023-05-20,boavista,sc braga,False
898895,P1,2022,2023-05-20,famalicao,fc porto,False
898894,P1,2022,2023-05-21,guimaraes,gil vicente,False
898893,P1,2022,2023-05-21,pacos ferreira,rio ave,False
898896,P1,2022,2023-05-21,casa pia,estoril,False
898900,P1,2022,2023-05-21,sporting cp,benfica,False
898908,P1,2022,2023-05-26,rio ave,famalicao,False
898905,P1,2022,2023-05-26,vizela,sporting cp,False
898907,P1,2022,2023-05-27,gil vicente,casa pia,False
898906,P1,2022,2023-05-27,chaves,boavista,False
898903,P1,2022,2023-05-27,estoril,maritimo,False
898901,P1,2022,2023-05-27,benfica,santa clara,False
898904,P1,2022,2023-05-27,fc porto,guimaraes,False
898909,P1,2022,2023-05-27,portimonense,arouca,False
898902,P1,2022,2023-05-27,sc braga,pacos ferreira,False
1029940,P1,2022,2023-06-03,estrela,maritimo,False
1063478,P1,2023,2023-08-11,sc braga,famalicao,False
1063484,P1,2023,2023-08-12,gil vicente,portimonense,False
1063477,P1,2023,2023-08-12,farense,casa pia,False
1063481,P1,2023,2023-08-12,sporting cp,vizela,False
1063476,P1,2023,2023-08-13,rio ave,chaves,False
1063482,P1,2023,2023-08-13,estrela,guimaraes,False
1063483,P1,2023,2023-08-13,arouca,estoril,False
1063479,P1,2023,2023-08-14,moreirense,fc porto,False
1063480,P1,2023,2023-08-14,boavista,benfica,False
1063493,P1,2023,2023-08-18,casa pia,sporting cp,False
1063489,P1,2023,2023-08-19,guimaraes,gil vicente,False
1063488,P1,2023,2023-08-19,chaves,sc braga,False
1063490,P1,2023,2023-08-19,benfica,estrela,False
1063486,P1,2023,2023-08-19,portimonense,boavista,False
1063491,P1,2023,2023-08-20,estoril,rio ave,False
1063487,P1,2023,2023-08-20,fc porto,farense,False
1063485,P1,2023,2023-08-20,vizela,arouca,False
1063492,P1,2023,2023-08-21,famalicao,moreirense,False
1063502,P1,2023,2023-08-25,estrela,estoril,False
1063501,P1,2023,2023-08-26,arouca,portimonense,False
1063495,P1,2023,2023-08-26,farense,chaves,False
1063499,P1,2023,2023-08-26,gil vicente,benfica,False
1063500,P1,2023,2023-08-27,boavista,casa pia,False
1063498,P1,2023,2023-08-27,guimaraes,vizela,False
1063497,P1,2023,2023-08-27,sporting cp,famalicao,False
1063496,P1,2023,2023-08-28,rio ave,fc porto,False
1063505,P1,2023,2023-09-01,vizela,gil vicente,False
1063507,P1,2023,2023-09-02,casa pia,rio ave,False
1063506,P1,2023,2023-09-02,portimonense,estrela,False
1063508,P1,2023,2023-09-02,famalicao,farense,False
1063510,P1,2023,2023-09-02,benfica,guimaraes,False
1063511,P1,2023,2023-09-03,chaves,moreirense,False
1063504,P1,2023,2023-09-03,estoril,boavista,False
1063503,P1,2023,2023-09-03,fc porto,arouca,False
1063509,P1,2023,2023-09-03,sc braga,sporting cp,False
1063494,P1,2023,2023-09-09,moreirense,sc braga,False
1063520,P1,2023,2023-09-15,estrela,fc porto,False
1063512,P1,2023,2023-09-16,rio ave,famalicao,False
1063515,P1,2023,2023-09-16,farense,sc braga,False
1063517,P1,2023,2023-09-16,vizela,benfica,False
1063519,P1,2023,2023-09-17,arouca,casa pia,False
1063513,P1,2023,2023-09-17,gil vicente,estoril,False
1063516,P1,2023,2023-09-17,guimaraes,portimonense,False
1063514,P1,2023,2023-09-17,sporting cp,moreirense,False
1063518,P1,2023,2023-09-18,boavista,chaves,False
1063525,P1,2023,2023-09-22,famalicao,arouca,False
1063524,P1,2023,2023-09-23,moreirense,farense,False
1063529,P1,2023,2023-09-23,estoril,vizela,False
1063527,P1,2023,2023-09-23,casa pia,guimaraes,False
1063523,P1,2023,2023-09-23,fc porto,gil vicente,False
1063528,P1,2023,2023-09-24,chaves,estrela,False
1063526,P1,2023,2023-09-24,portimonense,benfica,False
1063521,P1,2023,2023-09-24,sc braga,boavista,False
1063522,P1,2023,2023-09-25,sporting cp,rio ave,False
1063534,P1,2023,2023-09-28,estrela,sc braga,False
1063537,P1,2023,2023-09-29,benfica,fc porto,False
1063532,P1,2023,2023-09-30,vizela,portimonense,False
1063538,P1,2023,2023-09-30,boavista,famalicao,False
1063535,P1,2023,2023-09-30,farense,sporting cp,False
1063536,P1,2023,2023-10-01,arouca,chaves,False
1063531,P1,2023,2023-10-01,guimaraes,estoril,False
1063533,P1,2023,2023-10-01,rio ave,moreirense,False
1063530,P1,2023,2023-10-02,gil vicente,casa pia,False
1063542,P1,2023,2023-10-06,moreirense,boavista,False
1063547,P1,2023,2023-10-07,chaves,gil vicente,False
1063539,P1,2023,2023-10-07,farense,vizela,False
1063545,P1,2023,2023-10-07,sc braga,rio ave,False
1063540,P1,2023,2023-10-07,estoril,benfica,False
1063544,P1,2023,2023-10-08,famalicao,guimaraes,False
1063543,P1,2023,2023-10-08,casa pia,estrela,False
1063546,P1,2023,2023-10-08,fc porto,portimonense,False
1063541,P1,2023,2023-10-08,sporting cp,arouca,False
1063552,P1,2023,2023-10-27,arouca,moreirense,False
1063549,P1,2023,2023-10-28,portimonense,estoril,False
1063555,P1,2023,2023-10-28,benfica,casa pia,False
1063548,P1,2023,2023-10-28,guimaraes,chaves,False
1063551,P1,2023,2023-10-28,gil vicente,sc braga,False
1063550,P1,2023,2023-10-29,rio ave,farense,False
1063556,P1,2023,2023-10-29,estrela,famalicao,False
1063553,P1,2023,2023-10-29,vizela,fc porto,False
1063554,P1,2023,2023-10-30,boavista,sporting cp,False
1063559,P1,2023,2023-11-03,fc porto,estoril,False
1063562,P1,2023,2023-11-04,chaves,benfica,False
1063563,P1,2023,2023-11-04,famalicao,gil vicente,False
1063564,P1,2023,2023-11-04,sc braga,portimonense,False
1063557,P1,2023,2023-11-05,moreirense,guimaraes,False
1063565,P1,2023,2023-11-05,casa pia,vizela,False
1063558,P1,2023,2023-11-05,rio ave,boavista,False
1063560,P1,2023,2023-11-05,sporting cp,estrela,False
1063561,P1,2023,2023-11-06,farense,arouca,False
1063569,P1,2023,2023-11-10,estoril,casa pia,False
1063567,P1,2023,2023-11-11,portimonense,chaves,False
1063568,P1,2023,2023-11-11,vizela,famalicao,False
1063566,P1,2023,2023-11-11,estrela,moreirense,False
1063574,P1,2023,2023-11-11,guimaraes,fc porto,False
1063571,P1,2023,2023-11-12,boavista,farense,False
1063570,P1,2023,2023-11-12,gil vicente,rio ave,False
1063572,P1,2023,2023-11-12,arouca,sc braga,False
1063573,P1,2023,2023-11-12,benfica,sporting cp,False
1063581,P1,2023,2023-12-01,chaves,vizela,False
1063578,P1,2023,2023-12-02,rio ave,estrela,False
1063579,P1,2023,2023-12-02,farense,guimaraes,False
1063583,P1,2023,2023-12-02,famalicao,fc porto,False
1063580,P1,2023,2023-12-02,casa pia,portimonense,False
1063582,P1,2023,2023-12-03,sc braga,estoril,False
1063575,P1,2023,2023-12-03,moreirense,benfica,False
1063576,P1,2023,2023-12-03,boavista,arouca,False
1063577,P1,2023,2023-12-04,sporting cp,gil vicente,False
1063588,P1,2023,2023-12-08,vizela,sc braga,False
1063591,P1,2023,2023-12-08,benfica,farense,False
1063585,P1,2023,2023-12-09,portimonense,famalicao,False
1063592,P1,2023,2023-12-09,guimaraes,sporting cp,False
1063587,P1,2023,2023-12-09,fc porto,casa pia,False
1063586,P1,2023,2023-12-10,estrela,boavista,False
1063590,P1,2023,2023-12-10,arouca,rio ave,False
1063584,P1,2023,2023-12-10,estoril,chaves,False
1063589,P1,2023,2023-12-11,gil vicente,moreirense,False
1063596,P1,2023,2023-12-15,farense,estrela,False
1063598,P1,2023,2023-12-16,rio ave,vizela,False
1063600,P1,2023,2023-12-16,arouca,gil vicente,False
1063601,P1,2023,2023-12-16,boavista,guimaraes,False
1063597,P1,2023,2023-12-17,moreirense,portimonense,False
1063599,P1,2023,2023-12-17,chaves,casa pia,False
1063595,P1,2023,2023-12-17,famalicao,estoril,False
1063593,P1,2023,2023-12-17,sc braga,benfica,False
1063594,P1,2023,2023-12-18,sporting cp,fc porto,False
1063608,P1,2023,2023-12-23,guimaraes,rio ave,False
1063605,P1,2023,2023-12-23,vizela,moreirense,False
1063602,P1,2023,2023-12-28,estrela,arouca,False
1063609,P1,2023,2023-12-29,benfica,famalicao,False
1063603,P1,2023,2023-12-29,fc porto,chaves,False
1063610,P1,2023,2023-12-30,estoril,farense,False
1063604,P1,2023,2023-12-30,gil vicente,boavista,False
1063606,P1,2023,2023-12-30,casa pia,sc braga,False
1063607,P1,2023,2023-12-30,portimonense,sporting cp,False
1063613,P1,2023,2024-01-05,sporting cp,estoril,False
1063619,P1,2023,2024-01-05,boavista,fc porto,False
1063615,P1,2023,2024-01-06,farense,gil vicente,False
1063616,P1,2023,2024-01-06,estrela,vizela,False
1063617,P1,2023,2024-01-06,arouca,benfica,False
1063618,P1,2023,2024-01-06,sc braga,guimaraes,False
1063614,P1,2023,2024-01-07,rio ave,portimonense,False
1063611,P1,2023,2024-01-07,famalicao,chaves,False
1063612,P1,2023,2024-01-08,moreirense,casa pia,False
1063624,P1,2023,2024-01-12,portimonense,farense,False
1063628,P1,2023,2024-01-13,casa pia,famalicao,False
1063626,P1,2023,2024-01-13,chaves,sporting cp,False
1063625,P1,2023,2024-01-13,estoril,moreirense,False
1063622,P1,2023,2024-01-14,gil vicente,estrela,False
1063627,P1,2023,2024-01-14,benfica,rio ave,False
1063621,P1,2023,2024-01-14,vizela,boavista,False
1063623,P1,2023,2024-01-14,fc porto,sc braga,False
1063620,P1,2023,2024-01-15,guimaraes,arouca,False
1063634,P1,2023,2024-01-18,famalicao,sc braga,False
1063636,P1,2023,2024-01-18,vizela,sporting cp,False
1063629,P1,2023,2024-01-19,benfica,boavista,False
1063635,P1,2023,2024-01-20,estoril,arouca,False
1063631,P1,2023,2024-01-20,casa pia,farense,False
1063632,P1,2023,2024-01-20,fc porto,moreirense,False
1063637,P1,2023,2024-01-21,portimonense,gil vicente,False
1063630,P1,2023,2024-01-21,chaves,rio ave,False
1063633,P1,2023,2024-01-21,guimaraes,estrela,False
1063644,P1,2023,2024-01-28,moreirense,famalicao,False
1063639,P1,2023,2024-01-28,boavista,portimonense,False
1063640,P1,2023,2024-01-28,farense,fc porto,False
1063638,P1,2023,2024-01-28,arouca,vizela,False
1063645,P1,2023,2024-01-28,gil vicente,guimaraes,False
1063643,P1,2023,2024-01-29,estrela,benfica,False
1063646,P1,2023,2024-01-29,sporting cp,casa pia,False
1063642,P1,2023,2024-01-31,rio ave,estoril,False
1063641,P1,2023,2024-01-31,sc braga,chaves,False
1063652,P1,2023,2024-02-03,portimonense,arouca,False
1063650,P1,2023,2024-02-03,fc porto,rio ave,False
1063648,P1,2023,2024-02-04,chaves,farense,False
1063654,P1,2023,2024-02-04,vizela,guimaraes,False
1063651,P1,2023,2024-02-04,benfica,gil vicente,False
1063655,P1,2023,2024-02-04,estoril,estrela,False
1063647,P1,2023,2024-02-04,sc braga,moreirense,False
1063653,P1,2023,2024-02-05,casa pia,boavista,False
1063660,P1,2023,2024-02-09,estrela,portimonense,False
1063661,P1,2023,2024-02-10,farense,famalicao,False
1063664,P1,2023,2024-02-10,moreirense,chaves,False
1063657,P1,2023,2024-02-10,boavista,estoril,False
1063659,P1,2023,2024-02-11,rio ave,casa pia,False
1063662,P1,2023,2024-02-11,sporting cp,sc braga,False
1063663,P1,2023,2024-02-11,guimaraes,benfica,False
1063656,P1,2023,2024-02-12,arouca,fc porto,False
1063658,P1,2023,2024-02-13,gil vicente,vizela,False
1063665,P1,2023,2024-02-16,famalicao,rio ave,False
1063671,P1,2023,2024-02-17,chaves,boavista,False
1063672,P1,2023,2024-02-17,portimonense,guimaraes,False
1063673,P1,2023,2024-02-17,fc porto,estrela,False
1063670,P1,2023,2024-02-18,casa pia,arouca,False
1063669,P1,2023,2024-02-18,benfica,vizela,False
1063666,P1,2023,2024-02-18,estoril,gil vicente,False
1063668,P1,2023,2024-02-18,sc braga,farense,False
1063667,P1,2023,2024-02-19,moreirense,sporting cp,False
1063677,P1,2023,2024-02-23,arouca,famalicao,False
1063678,P1,2023,2024-02-24,farense,moreirense,False
1063681,P1,2023,2024-02-24,estrela,chaves,False
1063680,P1,2023,2024-02-24,guimaraes,casa pia,False
1063682,P1,2023,2024-02-25,vizela,estoril,False
1063679,P1,2023,2024-02-25,benfica,portimonense,False
1063676,P1,2023,2024-02-25,gil vicente,fc porto,False
1063675,P1,2023,2024-02-25,rio ave,sporting cp,False
1063674,P1,2023,2024-02-26,boavista,sc braga,False
1063689,P1,2023,2024-03-01,chaves,arouca,False
1063687,P1,2023,2024-03-02,moreirense,rio ave,False
1063684,P1,2023,2024-03-02,estoril,guimaraes,False
1063686,P1,2023,2024-03-02,sc braga,estrela,False
1063685,P1,2023,2024-03-03,portimonense,vizela,False
1063683,P1,2023,2024-03-03,casa pia,gil vicente,False
1063688,P1,2023,2024-03-03,sporting cp,farense,False
1063690,P1,2023,2024-03-03,fc porto,benfica,False
1063691,P1,2023,2024-03-04,famalicao,boavista,False
1063699,P1,2023,2024-03-08,portimonense,fc porto,False
1063696,P1,2023,2024-03-08,estrela,casa pia,False
1063692,P1,2023,2024-03-09,vizela,farense,False
1063695,P1,2023,2024-03-09,boavista,moreirense,False
1063698,P1,2023,2024-03-09,rio ave,sc braga,False
1063697,P1,2023,2024-03-09,guimaraes,famalicao,False
1063694,P1,2023,2024-03-10,arouca,sporting cp,False
1063693,P1,2023,2024-03-10,benfica,estoril,False
1063700,P1,2023,2024-03-11,gil vicente,chaves,False
1063703,P1,2023,2024-03-15,estoril,portimonense,False
1063709,P1,2023,2024-03-16,famalicao,estrela,False
1063702,P1,2023,2024-03-16,sc braga,gil vicente,False
1063704,P1,2023,2024-03-16,farense,rio ave,False
1063706,P1,2023,2024-03-16,fc porto,vizela,False
1063707,P1,2023,2024-03-17,moreirense,arouca,False
1063701,P1,2023,2024-03-17,chaves,guimaraes,False
1063708,P1,2023,2024-03-17,casa pia,benfica,False
1063705,P1,2023,2024-03-17,sporting cp,boavista,False
1063717,P1,2023,2024-03-29,gil vicente,famalicao,False
1063718,P1,2023,2024-03-29,benfica,chaves,False
1063712,P1,2023,2024-03-29,estrela,sporting cp,False
1063713,P1,2023,2024-03-30,guimaraes,moreirense,False
1063714,P1,2023,2024-03-30,arouca,farense,False
1063710,P1,2023,2024-03-30,boavista,rio ave,False
1063711,P1,2023,2024-03-30,estoril,fc porto,False
1063716,P1,2023,2024-03-31,vizela,casa pia,False
1063715,P1,2023,2024-04-01,portimonense,sc braga,False
1063727,P1,2023,2024-04-05,farense,boavista,False
1063723,P1,2023,2024-04-06,rio ave,gil vicente,False
1063720,P1,2023,2024-04-06,famalicao,vizela,False
1063726,P1,2023,2024-04-06,sc braga,arouca,False
1063724,P1,2023,2024-04-06,sporting cp,benfica,False
1063719,P1,2023,2024-04-07,chaves,portimonense,False
1063722,P1,2023,2024-04-07,moreirense,estrela,False
1063725,P1,2023,2024-04-07,fc porto,guimaraes,False
1063721,P1,2023,2024-04-08,casa pia,estoril,False
1063729,P1,2023,2024-04-12,gil vicente,sporting cp,False
1063732,P1,2023,2024-04-13,guimaraes,farense,False
1063734,P1,2023,2024-04-13,fc porto,famalicao,False
1063733,P1,2023,2024-04-13,estoril,sc braga,False
1063730,P1,2023,2024-04-14,estrela,rio ave,False
1063736,P1,2023,2024-04-14,portimonense,casa pia,False
1063728,P1,2023,2024-04-14,arouca,boavista,False
1063731,P1,2023,2024-04-14,benfica,moreirense,False
1063735,P1,2023,2024-04-15,vizela,chaves,False
1063649,P1,2023,2024-04-16,famalicao,sporting cp,False
1063743,P1,2023,2024-04-19,rio ave,arouca,False
1063742,P1,2023,2024-04-20,moreirense,gil vicente,False
1063738,P1,2023,2024-04-20,boavista,estrela,False
1063740,P1,2023,2024-04-20,sc braga,vizela,False
1063737,P1,2023,2024-04-21,chaves,estoril,False
1063741,P1,2023,2024-04-21,famalicao,portimonense,False
1063739,P1,2023,2024-04-21,casa pia,fc porto,False
1063745,P1,2023,2024-04-21,sporting cp,guimaraes,False
1063744,P1,2023,2024-04-22,farense,benfica,False
1063751,P1,2023,2024-04-26,gil vicente,arouca,False
1063754,P1,2023,2024-04-27,vizela,rio ave,False
1063753,P1,2023,2024-04-27,casa pia,chaves,False
1063749,P1,2023,2024-04-27,benfica,sc braga,False
1063752,P1,2023,2024-04-27,guimaraes,boavista,False
1063750,P1,2023,2024-04-28,portimonense,moreirense,False
1063747,P1,2023,2024-04-28,estoril,famalicao,False
1063746,P1,2023,2024-04-28,fc porto,sporting cp,False
1063748,P1,2023,2024-04-29,estrela,farense,False
1063757,P1,2023,2024-05-03,moreirense,vizela,False
1063756,P1,2023,2024-05-04,boavista,gil vicente,False
1063761,P1,2023,2024-05-04,rio ave,guimaraes,False
1063760,P1,2023,2024-05-04,sporting cp,portimonense,False
1063759,P1,2023,2024-05-04,chaves,fc porto,False
1063763,P1,2023,2024-05-05,farense,estoril,False
1063758,P1,2023,2024-05-05,sc braga,casa pia,False
1063755,P1,2023,2024-05-05,arouca,estrela,False
1063762,P1,2023,2024-05-05,famalicao,benfica,False
1063764,P1,2023,2024-05-10,chaves,famalicao,False
1063766,P1,2023,2024-05-11,portimonense,rio ave,False
1063769,P1,2023,2024-05-11,vizela,estrela,False
1063765,P1,2023,2024-05-11,estoril,sporting cp,False
1063771,P1,2023,2024-05-11,guimaraes,sc braga,False
1063767,P1,2023,2024-05-12,gil vicente,farense,False
1063770,P1,2023,2024-05-12,benfica,arouca,False
1063768,P1,2023,2024-05-12,casa pia,moreirense,False
1063772,P1,2023,2024-05-12,fc porto,boavista,False
1063777,P1,2023,2024-05-17,famalicao,casa pia,False
1063778,P1,2023,2024-05-17,rio ave,benfica,False
1063773,P1,2023,2024-05-18,boavista,vizela,False
1063775,P1,2023,2024-05-18,farense,portimonense,False
1063776,P1,2023,2024-05-18,arouca,guimaraes,False
1063774,P1,2023,2024-05-18,estrela,gil vicente,False
1063780,P1,2023,2024-05-18,moreirense,estoril,False
1063779,P1,2023,2024-05-18,sporting cp,chaves,False
1063781,P1,2023,2024-05-18,sc braga,fc porto,False
1200887,P1,2023,2024-05-25,portimonense,avs,False
1200888,P1,2023,2024-06-02,avs,portimonense,False
1231733,P1,2024,2024-08-09,sporting cp,rio ave,False
1231737,P1,2024,2024-08-10,avs,nacional,False
1231732,P1,2024,2024-08-10,casa pia,boavista,False
1231729,P1,2024,2024-08-10,fc porto,gil vicente,False
1231730,P1,2024,2024-08-11,estoril,santa clara,False
1231736,P1,2024,2024-08-11,farense,moreirense,False
1231735,P1,2024,2024-08-11,famalicao,benfica,False
1231731,P1,2024,2024-08-11,sc braga,estrela,False
1231734,P1,2024,2024-08-12,arouca,guimaraes,False
1231744,P1,2024,2024-08-16,santa clara,fc porto,False
1231740,P1,2024,2024-08-16,gil vicente,avs,False
1231739,P1,2024,2024-08-17,rio ave,farense,False
1231746,P1,2024,2024-08-17,nacional,sporting cp,False
1231743,P1,2024,2024-08-17,benfica,casa pia,False
1231741,P1,2024,2024-08-18,moreirense,arouca,False
1231738,P1,2024,2024-08-18,guimaraes,estoril,False
1231742,P1,2024,2024-08-18,boavista,sc braga,False
1231745,P1,2024,2024-08-19,estrela,famalicao,False
1231749,P1,2024,2024-08-23,farense,sporting cp,False
1231750,P1,2024,2024-08-24,casa pia,santa clara,False
1231751,P1,2024,2024-08-24,fc porto,rio ave,False
1231754,P1,2024,2024-08-24,benfica,estrela,False
1231748,P1,2024,2024-08-24,famalicao,boavista,False
1231755,P1,2024,2024-08-25,arouca,nacional,False
1231752,P1,2024,2024-08-25,estoril,gil vicente,False
1231753,P1,2024,2024-08-25,sc braga,moreirense,False
1231747,P1,2024,2024-08-25,avs,guimaraes,False
1231762,P1,2024,2024-08-30,moreirense,benfica,False
1231759,P1,2024,2024-08-31,santa clara,avs,False
1231763,P1,2024,2024-08-31,boavista,estoril,False
1231756,P1,2024,2024-08-31,estrela,casa pia,False
1231764,P1,2024,2024-08-31,sporting cp,fc porto,False
1231757,P1,2024,2024-09-01,nacional,farense,False
1231760,P1,2024,2024-09-01,rio ave,arouca,False
1231758,P1,2024,2024-09-01,guimaraes,famalicao,False
1231761,P1,2024,2024-09-01,gil vicente,sc braga,False
1231771,P1,2024,2024-09-13,arouca,sporting cp,False
1231773,P1,2024,2024-09-14,casa pia,moreirense,False
1231765,P1,2024,2024-09-14,avs,rio ave,False
1231772,P1,2024,2024-09-14,benfica,santa clara,False
1231768,P1,2024,2024-09-14,famalicao,gil vicente,False
1231767,P1,2024,2024-09-15,fc porto,farense,False
1231770,P1,2024,2024-09-15,estoril,nacional,False
1231769,P1,2024,2024-09-15,sc braga,guimaraes,False
1231766,P1,2024,2024-09-16,estrela,boavista,False
1231779,P1,2024,2024-09-20,nacional,sc braga,False
1231775,P1,2024,2024-09-21,rio ave,estoril,False
1231780,P1,2024,2024-09-21,santa clara,estrela,False
1231781,P1,2024,2024-09-21,guimaraes,fc porto,False
1231776,P1,2024,2024-09-21,moreirense,famalicao,False
1231774,P1,2024,2024-09-22,gil vicente,casa pia,False
1231778,P1,2024,2024-09-22,farense,arouca,False
1231777,P1,2024,2024-09-22,sporting cp,avs,False
1231782,P1,2024,2024-09-23,boavista,benfica,False
1231788,P1,2024,2024-09-27,estoril,sporting cp,False
1231787,P1,2024,2024-09-28,estrela,moreirense,False
1231791,P1,2024,2024-09-28,casa pia,guimaraes,False
1231790,P1,2024,2024-09-28,benfica,gil vicente,False
1231783,P1,2024,2024-09-29,famalicao,nacional,False
1231785,P1,2024,2024-09-29,fc porto,arouca,False
1231789,P1,2024,2024-09-29,sc braga,rio ave,False
1231786,P1,2024,2024-09-29,santa clara,boavista,False
1231784,P1,2024,2024-09-30,avs,farense,False
1231794,P1,2024,2024-10-04,rio ave,famalicao,False
1231795,P1,2024,2024-10-05,moreirense,santa clara,False
1231793,P1,2024,2024-10-05,gil vicente,estrela,False
1231799,P1,2024,2024-10-05,arouca,avs,False
1231796,P1,2024,2024-10-05,sporting cp,casa pia,False
1231797,P1,2024,2024-10-06,guimaraes,boavista,False
1231792,P1,2024,2024-10-06,farense,estoril,False
1231800,P1,2024,2024-10-06,fc porto,sc braga,False
1231809,P1,2024,2024-10-25,casa pia,nacional,False
1231802,P1,2024,2024-10-25,santa clara,gil vicente,False
1231803,P1,2024,2024-10-26,estoril,arouca,False
1231807,P1,2024,2024-10-26,boavista,moreirense,False
1231804,P1,2024,2024-10-26,famalicao,sporting cp,False
1231805,P1,2024,2024-10-27,sc braga,farense,False
1231808,P1,2024,2024-10-27,benfica,rio ave,False
1231806,P1,2024,2024-10-27,estrela,guimaraes,False
1231801,P1,2024,2024-10-28,avs,fc porto,False
1231812,P1,2024,2024-11-01,sporting cp,estrela,False
1231810,P1,2024,2024-11-02,rio ave,casa pia,False
1231815,P1,2024,2024-11-02,farense,benfica,False
1231814,P1,2024,2024-11-02,gil vicente,boavista,False
1231818,P1,2024,2024-11-03,avs,famalicao,False
1231816,P1,2024,2024-11-03,guimaraes,moreirense,False
1231817,P1,2024,2024-11-03,arouca,sc braga,False
1231811,P1,2024,2024-11-03,fc porto,estoril,False
1231813,P1,2024,2024-11-04,nacional,santa clara,False
1231821,P1,2024,2024-11-08,moreirense,gil vicente,False
1231822,P1,2024,2024-11-09,estoril,avs,False
1231824,P1,2024,2024-11-09,casa pia,farense,False
1231820,P1,2024,2024-11-09,famalicao,arouca,False
1231827,P1,2024,2024-11-09,boavista,rio ave,False
1231823,P1,2024,2024-11-10,estrela,nacional,False
1231819,P1,2024,2024-11-10,santa clara,guimaraes,False
1231825,P1,2024,2024-11-10,sc braga,sporting cp,False
1231826,P1,2024,2024-11-10,benfica,fc porto,False
1231829,P1,2024,2024-11-29,farense,estrela,False
1231830,P1,2024,2024-11-30,rio ave,moreirense,False
1231832,P1,2024,2024-11-30,nacional,boavista,False
1231831,P1,2024,2024-11-30,sporting cp,santa clara,False
1231836,P1,2024,2024-12-01,estoril,famalicao,False
1231835,P1,2024,2024-12-01,arouca,benfica,False
1231833,P1,2024,2024-12-01,avs,sc braga,False
1231834,P1,2024,2024-12-02,guimaraes,gil vicente,False
1231828,P1,2024,2024-12-02,fc porto,casa pia,False
1231841,P1,2024,2024-12-05,moreirense,sporting cp,False
1231843,P1,2024,2024-12-06,sc braga,estoril,False
1231842,P1,2024,2024-12-07,gil vicente,nacional,False
1231844,P1,2024,2024-12-07,benfica,guimaraes,False
1231838,P1,2024,2024-12-07,santa clara,rio ave,False
1231837,P1,2024,2024-12-07,famalicao,fc porto,False
1231845,P1,2024,2024-12-08,boavista,farense,False
1231840,P1,2024,2024-12-08,casa pia,avs,False
1231839,P1,2024,2024-12-09,estrela,arouca,False
1231854,P1,2024,2024-12-14,farense,gil vicente,False
1231849,P1,2024,2024-12-14,nacional,moreirense,False
1231846,P1,2024,2024-12-14,sporting cp,boavista,False
1231852,P1,2024,2024-12-15,arouca,santa clara,False
1231851,P1,2024,2024-12-15,avs,benfica,False
1231847,P1,2024,2024-12-15,estoril,casa pia,False
1231853,P1,2024,2024-12-16,sc braga,famalicao,False
1231848,P1,2024,2024-12-16,fc porto,estrela,False
1231850,P1,2024,2024-12-16,rio ave,guimaraes,False
1231798,P1,2024,2024-12-19,nacional,benfica,False
1231857,P1,2024,2024-12-20,casa pia,arouca,False
1231855,P1,2024,2024-12-21,famalicao,farense,False
1231858,P1,2024,2024-12-21,boavista,avs,False
1231859,P1,2024,2024-12-21,moreirense,fc porto,False
1231856,P1,2024,2024-12-22,santa clara,sc braga,False
1231863,P1,2024,2024-12-22,gil vicente,sporting cp,False
1231862,P1,2024,2024-12-23,benfica,estoril,False
1231861,P1,2024,2024-12-23,guimaraes,nacional,False
1231860,P1,2024,2024-12-23,estrela,rio ave,False
1231870,P1,2024,2024-12-27,arouca,gil vicente,False
1231868,P1,2024,2024-12-28,avs,estrela,False
1231872,P1,2024,2024-12-28,estoril,moreirense,False
1231865,P1,2024,2024-12-28,fc porto,boavista,False
1231866,P1,2024,2024-12-29,rio ave,nacional,False
1231869,P1,2024,2024-12-29,farense,guimaraes,False
1231871,P1,2024,2024-12-29,sc braga,casa pia,False
1231864,P1,2024,2024-12-29,sporting cp,benfica,False
1231867,P1,2024,2024-12-30,famalicao,santa clara,False
1231879,P1,2024,2025-01-03,guimaraes,sporting cp,False
1231877,P1,2024,2025-01-04,moreirense,avs,False
1231880,P1,2024,2025-01-04,benfica,sc braga,False
1231875,P1,2024,2025-01-04,boavista,arouca,False
1231874,P1,2024,2025-01-05,santa clara,farense,False
1231881,P1,2024,2025-01-05,casa pia,famalicao,False
1231876,P1,2024,2025-01-05,estrela,estoril,False
1231878,P1,2024,2025-01-06,gil vicente,rio ave,False
1231873,P1,2024,2025-01-12,nacional,fc porto,False
1231886,P1,2024,2025-01-17,benfica,famalicao,False
1231884,P1,2024,2025-01-18,santa clara,estoril,False
1231882,P1,2024,2025-01-18,rio ave,sporting cp,False
1231889,P1,2024,2025-01-18,guimaraes,arouca,False
1231888,P1,2024,2025-01-19,moreirense,farense,False
1231890,P1,2024,2025-01-19,nacional,avs,False
1231887,P1,2024,2025-01-19,estrela,sc braga,False
1231883,P1,2024,2025-01-19,gil vicente,fc porto,False
1231885,P1,2024,2025-01-20,boavista,casa pia,False
1231894,P1,2024,2025-01-24,arouca,moreirense,False
1231892,P1,2024,2025-01-25,farense,rio ave,False
1231897,P1,2024,2025-01-25,famalicao,estrela,False
1231896,P1,2024,2025-01-25,casa pia,benfica,False
1231899,P1,2024,2025-01-25,sporting cp,nacional,False
1231891,P1,2024,2025-01-26,estoril,guimaraes,False
1231895,P1,2024,2025-01-26,fc porto,santa clara,False
1231898,P1,2024,2025-01-26,sc braga,boavista,False
1231893,P1,2024,2025-01-27,avs,gil vicente,False
1231901,P1,2024,2025-01-31,boavista,famalicao,False
1231908,P1,2024,2025-02-01,nacional,arouca,False
1231902,P1,2024,2025-02-01,santa clara,casa pia,False
1231904,P1,2024,2025-02-01,gil vicente,estoril,False
1231900,P1,2024,2025-02-01,guimaraes,avs,False
1231903,P1,2024,2025-02-02,sporting cp,farense,False
1231905,P1,2024,2025-02-02,estrela,benfica,False
1231906,P1,2024,2025-02-03,moreirense,sc braga,False
1231907,P1,2024,2025-02-03,rio ave,fc porto,False
1231917,P1,2024,2025-02-07,fc porto,sporting cp,False
1231913,P1,2024,2025-02-08,avs,santa clara,False
1231915,P1,2024,2025-02-08,benfica,moreirense,False
1231911,P1,2024,2025-02-08,famalicao,guimaraes,False
1231916,P1,2024,2025-02-09,estoril,boavista,False
1231910,P1,2024,2025-02-09,farense,nacional,False
1231914,P1,2024,2025-02-09,sc braga,gil vicente,False
1231909,P1,2024,2025-02-09,casa pia,estrela,False
1231912,P1,2024,2025-02-10,arouca,rio ave,False
1231919,P1,2024,2025-02-14,boavista,estrela,False
1231926,P1,2024,2025-02-15,moreirense,casa pia,False
1231922,P1,2024,2025-02-15,nacional,estoril,False
1231923,P1,2024,2025-02-15,santa clara,benfica,False
1231924,P1,2024,2025-02-15,sporting cp,arouca,False
1231918,P1,2024,2025-02-16,rio ave,avs,False
1231920,P1,2024,2025-02-16,farense,fc porto,False
1231925,P1,2024,2025-02-16,guimaraes,sc braga,False
1231921,P1,2024,2025-02-17,gil vicente,famalicao,False
1231932,P1,2024,2025-02-21,sc braga,nacional,False
1231927,P1,2024,2025-02-22,casa pia,gil vicente,False
1231935,P1,2024,2025-02-22,benfica,boavista,False
1231928,P1,2024,2025-02-22,estoril,rio ave,False
1231930,P1,2024,2025-02-23,arouca,farense,False
1231933,P1,2024,2025-02-23,estrela,santa clara,False
1231931,P1,2024,2025-02-23,avs,sporting cp,False
1231929,P1,2024,2025-02-23,famalicao,moreirense,False
1231934,P1,2024,2025-02-24,fc porto,guimaraes,False
1231936,P1,2024,2025-03-01,nacional,famalicao,False
1231938,P1,2024,2025-03-01,arouca,fc porto,False
1231944,P1,2024,2025-03-01,guimaraes,casa pia,False
1231939,P1,2024,2025-03-02,moreirense,estrela,False
1231940,P1,2024,2025-03-02,boavista,santa clara,False
1231937,P1,2024,2025-03-02,farense,avs,False
1231942,P1,2024,2025-03-02,rio ave,sc braga,False
1231941,P1,2024,2025-03-03,sporting cp,estoril,False
1231946,P1,2024,2025-03-07,estrela,gil vicente,False
1231952,P1,2024,2025-03-08,avs,arouca,False
1231951,P1,2024,2025-03-08,benfica,nacional,False
1231945,P1,2024,2025-03-08,estoril,farense,False
1231953,P1,2024,2025-03-08,sc braga,fc porto,False
1231948,P1,2024,2025-03-09,santa clara,moreirense,False
1231949,P1,2024,2025-03-09,casa pia,sporting cp,False
1231950,P1,2024,2025-03-09,boavista,guimaraes,False
1231947,P1,2024,2025-03-10,famalicao,rio ave,False
1231960,P1,2024,2025-03-15,farense,sc braga,False
1231956,P1,2024,2025-03-15,gil vicente,santa clara,False
1231954,P1,2024,2025-03-15,fc porto,avs,False
1231955,P1,2024,2025-03-15,sporting cp,famalicao,False
1231962,P1,2024,2025-03-16,nacional,casa pia,False
1231957,P1,2024,2025-03-16,arouca,estoril,False
1231961,P1,2024,2025-03-16,rio ave,benfica,False
1231958,P1,2024,2025-03-16,moreirense,boavista,False
1231959,P1,2024,2025-03-16,guimaraes,estrela,False
1231943,P1,2024,2025-03-28,gil vicente,benfica,False
1231966,P1,2024,2025-03-29,casa pia,rio ave,False
1231964,P1,2024,2025-03-29,estrela,sporting cp,False
1231968,P1,2024,2025-03-29,sc braga,arouca,False
1231965,P1,2024,2025-03-30,santa clara,nacional,False
1231969,P1,2024,2025-03-30,famalicao,avs,False
1231963,P1,2024,2025-03-30,estoril,fc porto,False
1231970,P1,2024,2025-03-30,moreirense,guimaraes,False
1231967,P1,2024,2025-04-01,boavista,gil vicente,False
1231971,P1,2024,2025-04-02,benfica,farense,False
1231974,P1,2024,2025-04-04,avs,estoril,False
1231972,P1,2024,2025-04-05,arouca,famalicao,False
1231975,P1,2024,2025-04-05,guimaraes,santa clara,False
1231973,P1,2024,2025-04-06,gil vicente,moreirense,False
1231976,P1,2024,2025-04-06,nacional,estrela,False
1231977,P1,2024,2025-04-06,fc porto,benfica,False
1231980,P1,2024,2025-04-07,farense,casa pia,False
1231978,P1,2024,2025-04-07,rio ave,boavista,False
1231979,P1,2024,2025-04-07,sporting cp,sc braga,False
1231988,P1,2024,2025-04-11,gil vicente,guimaraes,False
1231985,P1,2024,2025-04-12,boavista,nacional,False
1231987,P1,2024,2025-04-12,famalicao,estoril,False
1231983,P1,2024,2025-04-12,santa clara,sporting cp,False
1231984,P1,2024,2025-04-12,casa pia,fc porto,False
1231981,P1,2024,2025-04-13,estrela,farense,False
1231986,P1,2024,2025-04-13,benfica,arouca,False
1231989,P1,2024,2025-04-13,sc braga,avs,False
1231982,P1,2024,2025-04-13,moreirense,rio ave,False
1231994,P1,2024,2025-04-18,rio ave,santa clara,False
1231998,P1,2024,2025-04-18,farense,boavista,False
1231990,P1,2024,2025-04-18,fc porto,famalicao,False
1231993,P1,2024,2025-04-18,sporting cp,moreirense,False
1231995,P1,2024,2025-04-19,nacional,gil vicente,False
1231992,P1,2024,2025-04-19,avs,casa pia,False
1231996,P1,2024,2025-04-19,estoril,sc braga,False
1231991,P1,2024,2025-04-19,arouca,estrela,False
1231997,P1,2024,2025-04-19,guimaraes,benfica,False
1232004,P1,2024,2025-04-25,famalicao,sc braga,False
1232006,P1,2024,2025-04-26,santa clara,arouca,False
1232005,P1,2024,2025-04-26,gil vicente,farense,False
1232000,P1,2024,2025-04-26,estrela,fc porto,False
1232001,P1,2024,2025-04-27,moreirense,nacional,False
1232007,P1,2024,2025-04-27,benfica,avs,False
1232003,P1,2024,2025-04-27,guimaraes,rio ave,False
1232002,P1,2024,2025-04-27,boavista,sporting cp,False
1231999,P1,2024,2025-04-29,casa pia,estoril,False
1232011,P1,2024,2025-05-02,fc porto,moreirense,False
1232014,P1,2024,2025-05-03,nacional,guimaraes,False
1232008,P1,2024,2025-05-03,farense,famalicao,False
1232012,P1,2024,2025-05-03,sc braga,santa clara,False
1232015,P1,2024,2025-05-03,estoril,benfica,False
1232009,P1,2024,2025-05-04,arouca,casa pia,False
1232016,P1,2024,2025-05-04,sporting cp,gil vicente,False
1232013,P1,2024,2025-05-05,rio ave,estrela,False
1232010,P1,2024,2025-05-05,avs,boavista,False
1232018,P1,2024,2025-05-10,nacional,rio ave,False
1232019,P1,2024,2025-05-10,santa clara,famalicao,False
1232017,P1,2024,2025-05-10,benfica,sporting cp,False
1232023,P1,2024,2025-05-10,gil vicente,arouca,False
1232024,P1,2024,2025-05-10,casa pia,sc braga,False
1232020,P1,2024,2025-05-11,estrela,avs,False
1232025,P1,2024,2025-05-11,moreirense,estoril,False
1232022,P1,2024,2025-05-11,guimaraes,farense,False
1232021,P1,2024,2025-05-11,boavista,fc porto,False
1232033,P1,2024,2025-05-16,rio ave,gil vicente,False
1232030,P1,2024,2025-05-16,famalicao,casa pia,False
1232029,P1,2024,2025-05-17,fc porto,nacional,False
1232031,P1,2024,2025-05-17,sc braga,benfica,False
1232032,P1,2024,2025-05-17,sporting cp,guimaraes,False
1232034,P1,2024,2025-05-17,estoril,estrela,False
1232026,P1,2024,2025-05-17,farense,santa clara,False
1232027,P1,2024,2025-05-17,arouca,boavista,False
1232028,P1,2024,2025-05-17,avs,moreirense,False
1376468,P1,2024,2025-05-24,avs,vizela,False
1376469,P1,2024,2025-06-01,vizela,avs,False
874671,E1,2022,2022-07-29,huddersfield,burnley,False
874674,E1,2022,2022-07-30,cardiff,norwich,False
874677,E1,2022,2022-07-30,millwall,stoke city,False
874679,E1,2022,2022-07-30,wigan,preston,False
874675,E1,2022,2022-07-30,hull city,bristol city,False
874672,E1,2022,2022-07-30,blackburn,qpr,False
874678,E1,2022,2022-07-30,rotherham,swansea,False
874673,E1,2022,2022-07-30,blackpool,reading,False
874676,E1,2022,2022-07-30,luton,birmingham,False
874680,E1,2022,2022-07-30,middlesbrough,west brom,False
874681,E1,2022,2022-07-31,sunderland,coventry,False
874682,E1,2022,2022-08-01,watford,sheffield utd,False
874683,E1,2022,2022-08-05,birmingham,huddersfield,False
874687,E1,2022,2022-08-06,norwich,wigan,False
874685,E1,2022,2022-08-06,burnley,luton,False
874690,E1,2022,2022-08-06,reading,cardiff,False
874684,E1,2022,2022-08-06,bristol city,sunderland,False
874688,E1,2022,2022-08-06,preston,hull city,False
874691,E1,2022,2022-08-06,sheffield utd,millwall,False
874689,E1,2022,2022-08-06,qpr,middlesbrough,False
874692,E1,2022,2022-08-06,stoke city,blackpool,False
874693,E1,2022,2022-08-06,swansea,blackburn,False
874694,E1,2022,2022-08-08,west brom,watford,False
874705,E1,2022,2022-08-12,watford,burnley,False
874697,E1,2022,2022-08-13,cardiff,birmingham,False
874698,E1,2022,2022-08-13,huddersfield,stoke city,False
874702,E1,2022,2022-08-13,millwall,coventry,False
874706,E1,2022,2022-08-13,wigan,bristol city,False
874699,E1,2022,2022-08-13,hull city,norwich,False
874703,E1,2022,2022-08-13,rotherham,reading,False
874704,E1,2022,2022-08-13,sunderland,qpr,False
874696,E1,2022,2022-08-13,blackpool,swansea,False
874700,E1,2022,2022-08-13,luton,preston,False
874701,E1,2022,2022-08-14,middlesbrough,sheffield utd,False
874695,E1,2022,2022-08-14,blackburn,west brom,False
874709,E1,2022,2022-08-16,burnley,hull city,False
874707,E1,2022,2022-08-16,birmingham,watford,False
874708,E1,2022,2022-08-16,bristol city,luton,False
874712,E1,2022,2022-08-16,preston,rotherham,False
874711,E1,2022,2022-08-16,norwich,huddersfield,False
874715,E1,2022,2022-08-16,swansea,millwall,False
874713,E1,2022,2022-08-16,qpr,blackpool,False
874717,E1,2022,2022-08-17,stoke city,middlesbrough,False
874716,E1,2022,2022-08-17,reading,blackburn,False
874718,E1,2022,2022-08-17,west brom,cardiff,False
874714,E1,2022,2022-08-17,sheffield utd,sunderland,False
880771,E1,2022,2022-08-19,norwich,millwall,False
880769,E1,2022,2022-08-20,burnley,blackpool,False
880774,E1,2022,2022-08-20,reading,middlesbrough,False
880767,E1,2022,2022-08-20,birmingham,wigan,False
880772,E1,2022,2022-08-20,preston,watford,False
880778,E1,2022,2022-08-20,west brom,hull city,False
880775,E1,2022,2022-08-20,sheffield utd,blackburn,False
880773,E1,2022,2022-08-20,qpr,rotherham,False
880776,E1,2022,2022-08-20,stoke city,sunderland,False
880777,E1,2022,2022-08-20,swansea,luton,False
880768,E1,2022,2022-08-21,bristol city,cardiff,False
880784,E1,2022,2022-08-26,luton,sheffield utd,False
880788,E1,2022,2022-08-27,sunderland,norwich,False
880782,E1,2022,2022-08-27,huddersfield,west brom,False
880789,E1,2022,2022-08-27,watford,qpr,False
880781,E1,2022,2022-08-27,cardiff,preston,False
880786,E1,2022,2022-08-27,millwall,reading,False
880790,E1,2022,2022-08-27,wigan,burnley,False
880783,E1,2022,2022-08-27,hull city,coventry,False
880779,E1,2022,2022-08-27,blackburn,stoke city,False
880785,E1,2022,2022-08-27,middlesbrough,swansea,False
880787,E1,2022,2022-08-27,rotherham,birmingham,False
880780,E1,2022,2022-08-27,blackpool,bristol city,False
880793,E1,2022,2022-08-30,cardiff,luton,False
880792,E1,2022,2022-08-30,burnley,millwall,False
880791,E1,2022,2022-08-30,birmingham,norwich,False
880796,E1,2022,2022-08-30,wigan,west brom,False
880800,E1,2022,2022-08-30,sheffield utd,reading,False
880794,E1,2022,2022-08-30,qpr,hull city,False
880795,E1,2022,2022-08-30,watford,middlesbrough,False
880798,E1,2022,2022-08-31,bristol city,huddersfield,False
880802,E1,2022,2022-08-31,stoke city,swansea,False
880801,E1,2022,2022-08-31,sunderland,rotherham,False
880799,E1,2022,2022-08-31,coventry,preston,False
880797,E1,2022,2022-08-31,blackpool,blackburn,False
880814,E1,2022,2022-09-02,west brom,burnley,False
880808,E1,2022,2022-09-03,millwall,cardiff,False
880810,E1,2022,2022-09-03,preston,birmingham,False
880803,E1,2022,2022-09-03,blackburn,bristol city,False
880809,E1,2022,2022-09-03,norwich,coventry,False
880812,E1,2022,2022-09-03,rotherham,watford,False
880813,E1,2022,2022-09-03,swansea,qpr,False
880806,E1,2022,2022-09-03,luton,wigan,False
880811,E1,2022,2022-09-04,reading,stoke city,False
880804,E1,2022,2022-09-04,huddersfield,blackpool,False
880805,E1,2022,2022-09-04,hull city,sheffield utd,False
880807,E1,2022,2022-09-05,middlesbrough,sunderland,False
880828,E1,2022,2022-09-13,huddersfield,wigan,False
880829,E1,2022,2022-09-13,hull city,stoke city,False
880827,E1,2022,2022-09-13,blackburn,watford,False
880830,E1,2022,2022-09-13,middlesbrough,cardiff,False
880832,E1,2022,2022-09-13,swansea,sheffield utd,False
880831,E1,2022,2022-09-13,preston,burnley,False
880834,E1,2022,2022-09-14,millwall,qpr,False
880835,E1,2022,2022-09-14,norwich,bristol city,False
880836,E1,2022,2022-09-14,rotherham,blackpool,False
880833,E1,2022,2022-09-14,luton,coventry,False
880837,E1,2022,2022-09-14,reading,sunderland,False
880838,E1,2022,2022-09-14,west brom,birmingham,False
880848,E1,2022,2022-09-17,swansea,hull city,False
880841,E1,2022,2022-09-17,huddersfield,cardiff,False
880849,E1,2022,2022-09-17,watford,sunderland,False
880840,E1,2022,2022-09-17,burnley,bristol city,False
880839,E1,2022,2022-09-17,birmingham,coventry,False
880844,E1,2022,2022-09-17,millwall,blackpool,False
880846,E1,2022,2022-09-17,preston,sheffield utd,False
880850,E1,2022,2022-09-17,wigan,reading,False
880845,E1,2022,2022-09-17,norwich,west brom,False
880847,E1,2022,2022-09-17,qpr,stoke city,False
880842,E1,2022,2022-09-17,luton,blackburn,False
880843,E1,2022,2022-09-17,middlesbrough,rotherham,False
880856,E1,2022,2022-09-30,hull city,luton,False
880854,E1,2022,2022-10-01,cardiff,burnley,False
880857,E1,2022,2022-10-01,reading,huddersfield,False
880853,E1,2022,2022-10-01,bristol city,qpr,False
880862,E1,2022,2022-10-01,west brom,swansea,False
880859,E1,2022,2022-10-01,sheffield utd,birmingham,False
880851,E1,2022,2022-10-01,blackburn,millwall,False
880858,E1,2022,2022-10-01,rotherham,wigan,False
880861,E1,2022,2022-10-01,sunderland,preston,False
880855,E1,2022,2022-10-01,coventry,middlesbrough,False
880852,E1,2022,2022-10-01,blackpool,norwich,False
880860,E1,2022,2022-10-02,stoke city,watford,False
880863,E1,2022,2022-10-04,bristol city,coventry,False
880866,E1,2022,2022-10-04,sheffield utd,qpr,False
880867,E1,2022,2022-10-04,sunderland,blackpool,False
880865,E1,2022,2022-10-04,luton,huddersfield,False
880864,E1,2022,2022-10-04,cardiff,blackburn,False
880868,E1,2022,2022-10-04,reading,norwich,False
880874,E1,2022,2022-10-05,watford,swansea,False
880869,E1,2022,2022-10-05,burnley,stoke city,False
880870,E1,2022,2022-10-05,hull city,wigan,False
880871,E1,2022,2022-10-05,middlesbrough,birmingham,False
880873,E1,2022,2022-10-05,rotherham,millwall,False
880872,E1,2022,2022-10-05,preston,west brom,False
880882,E1,2022,2022-10-07,qpr,reading,False
880875,E1,2022,2022-10-08,birmingham,bristol city,False
880880,E1,2022,2022-10-08,millwall,middlesbrough,False
880885,E1,2022,2022-10-08,west brom,luton,False
880886,E1,2022,2022-10-08,wigan,cardiff,False
880876,E1,2022,2022-10-08,blackburn,rotherham,False
880881,E1,2022,2022-10-08,norwich,preston,False
880883,E1,2022,2022-10-08,stoke city,sheffield utd,False
880884,E1,2022,2022-10-08,swansea,sunderland,False
880878,E1,2022,2022-10-08,coventry,burnley,False
880877,E1,2022,2022-10-08,blackpool,watford,False
880879,E1,2022,2022-10-09,huddersfield,hull city,False
880826,E1,2022,2022-10-11,wigan,blackburn,False
880817,E1,2022,2022-10-12,bristol city,preston,False
880895,E1,2022,2022-10-15,rotherham,huddersfield,False
880891,E1,2022,2022-10-15,luton,qpr,False
880889,E1,2022,2022-10-15,cardiff,coventry,False
880888,E1,2022,2022-10-15,burnley,swansea,False
880894,E1,2022,2022-10-15,reading,west brom,False
880887,E1,2022,2022-10-15,bristol city,millwall,False
880893,E1,2022,2022-10-15,preston,stoke city,False
880896,E1,2022,2022-10-15,sheffield utd,blackpool,False
880892,E1,2022,2022-10-15,middlesbrough,blackburn,False
880897,E1,2022,2022-10-15,sunderland,wigan,False
880898,E1,2022,2022-10-15,watford,norwich,False
880890,E1,2022,2022-10-16,hull city,birmingham,False
880900,E1,2022,2022-10-18,huddersfield,preston,False
880901,E1,2022,2022-10-18,norwich,luton,False
880902,E1,2022,2022-10-18,swansea,reading,False
880904,E1,2022,2022-10-18,west brom,bristol city,False
880899,E1,2022,2022-10-18,blackburn,sunderland,False
880903,E1,2022,2022-10-18,stoke city,rotherham,False
880905,E1,2022,2022-10-19,birmingham,burnley,False
880910,E1,2022,2022-10-19,wigan,middlesbrough,False
880909,E1,2022,2022-10-19,qpr,cardiff,False
880907,E1,2022,2022-10-19,coventry,sheffield utd,False
880906,E1,2022,2022-10-19,blackpool,hull city,False
880908,E1,2022,2022-10-19,millwall,watford,False
880912,E1,2022,2022-10-22,blackpool,preston,False
880916,E1,2022,2022-10-22,reading,bristol city,False
880914,E1,2022,2022-10-22,millwall,west brom,False
880918,E1,2022,2022-10-22,sheffield utd,norwich,False
880911,E1,2022,2022-10-22,blackburn,birmingham,False
880913,E1,2022,2022-10-22,middlesbrough,huddersfield,False
880915,E1,2022,2022-10-22,qpr,wigan,False
880917,E1,2022,2022-10-22,rotherham,hull city,False
880919,E1,2022,2022-10-22,stoke city,coventry,False
880920,E1,2022,2022-10-22,sunderland,burnley,False
880922,E1,2022,2022-10-23,watford,luton,False
880921,E1,2022,2022-10-23,swansea,cardiff,False
874686,E1,2022,2022-10-25,coventry,rotherham,False
880818,E1,2022,2022-10-25,burnley,norwich,False
880923,E1,2022,2022-10-28,birmingham,qpr,False
880924,E1,2022,2022-10-29,bristol city,swansea,False
880933,E1,2022,2022-10-29,west brom,sheffield utd,False
880928,E1,2022,2022-10-29,huddersfield,millwall,False
880926,E1,2022,2022-10-29,cardiff,rotherham,False
880925,E1,2022,2022-10-29,burnley,reading,False
880932,E1,2022,2022-10-29,preston,middlesbrough,False
880934,E1,2022,2022-10-29,wigan,watford,False
880929,E1,2022,2022-10-29,hull city,blackburn,False
880931,E1,2022,2022-10-29,norwich,stoke city,False
880927,E1,2022,2022-10-29,coventry,blackpool,False
880930,E1,2022,2022-10-29,luton,sunderland,False
880939,E1,2022,2022-11-01,preston,swansea,False
880937,E1,2022,2022-11-01,hull city,middlesbrough,False
880936,E1,2022,2022-11-01,coventry,blackburn,False
880938,E1,2022,2022-11-01,luton,reading,False
880935,E1,2022,2022-11-01,bristol city,sheffield utd,False
880940,E1,2022,2022-11-01,west brom,blackpool,False
880944,E1,2022,2022-11-02,huddersfield,sunderland,False
880943,E1,2022,2022-11-02,cardiff,watford,False
880942,E1,2022,2022-11-02,burnley,rotherham,False
880941,E1,2022,2022-11-02,birmingham,millwall,False
880946,E1,2022,2022-11-02,wigan,stoke city,False
880945,E1,2022,2022-11-02,norwich,qpr,False
880952,E1,2022,2022-11-04,reading,preston,False
880954,E1,2022,2022-11-05,sheffield utd,burnley,False
880958,E1,2022,2022-11-05,watford,coventry,False
880950,E1,2022,2022-11-05,millwall,hull city,False
880947,E1,2022,2022-11-05,blackburn,huddersfield,False
880949,E1,2022,2022-11-05,middlesbrough,bristol city,False
880951,E1,2022,2022-11-05,qpr,west brom,False
880953,E1,2022,2022-11-05,rotherham,norwich,False
880955,E1,2022,2022-11-05,stoke city,birmingham,False
880957,E1,2022,2022-11-05,swansea,wigan,False
880956,E1,2022,2022-11-05,sunderland,cardiff,False
880948,E1,2022,2022-11-05,blackpool,luton,False
880819,E1,2022,2022-11-08,cardiff,hull city,False
880815,E1,2022,2022-11-08,birmingham,swansea,False
880822,E1,2022,2022-11-08,sheffield utd,rotherham,False
880821,E1,2022,2022-11-08,qpr,huddersfield,False
880823,E1,2022,2022-11-08,stoke city,luton,False
874710,E1,2022,2022-11-08,coventry,wigan,False
880816,E1,2022,2022-11-08,blackpool,middlesbrough,False
880825,E1,2022,2022-11-08,watford,reading,False
880959,E1,2022,2022-11-11,birmingham,sunderland,False
880964,E1,2022,2022-11-12,huddersfield,swansea,False
880962,E1,2022,2022-11-12,cardiff,sheffield utd,False
880960,E1,2022,2022-11-12,bristol city,watford,False
880968,E1,2022,2022-11-12,preston,millwall,False
880969,E1,2022,2022-11-12,west brom,stoke city,False
880970,E1,2022,2022-11-12,wigan,blackpool,False
880965,E1,2022,2022-11-12,hull city,reading,False
880967,E1,2022,2022-11-12,norwich,middlesbrough,False
880963,E1,2022,2022-11-12,coventry,qpr,False
880966,E1,2022,2022-11-12,luton,rotherham,False
880961,E1,2022,2022-11-13,burnley,blackburn,False
880824,E1,2022,2022-12-03,sunderland,millwall,False
880971,E1,2022,2022-12-10,blackburn,preston,False
880977,E1,2022,2022-12-10,rotherham,bristol city,False
880976,E1,2022,2022-12-10,reading,coventry,False
880974,E1,2022,2022-12-10,millwall,wigan,False
880978,E1,2022,2022-12-10,sheffield utd,huddersfield,False
880973,E1,2022,2022-12-10,middlesbrough,luton,False
880979,E1,2022,2022-12-10,stoke city,cardiff,False
880981,E1,2022,2022-12-10,swansea,norwich,False
880972,E1,2022,2022-12-10,blackpool,birmingham,False
880975,E1,2022,2022-12-11,qpr,burnley,False
880982,E1,2022,2022-12-11,watford,hull city,False
880980,E1,2022,2022-12-12,sunderland,west brom,False
880983,E1,2022,2022-12-16,birmingham,reading,False
880988,E1,2022,2022-12-17,huddersfield,watford,False
880986,E1,2022,2022-12-17,cardiff,blackpool,False
880985,E1,2022,2022-12-17,burnley,middlesbrough,False
880984,E1,2022,2022-12-17,bristol city,stoke city,False
880992,E1,2022,2022-12-17,preston,qpr,False
880993,E1,2022,2022-12-17,west brom,rotherham,False
880989,E1,2022,2022-12-17,hull city,sunderland,False
880987,E1,2022,2022-12-17,coventry,swansea,False
880991,E1,2022,2022-12-17,norwich,blackburn,False
880994,E1,2022,2022-12-19,wigan,sheffield utd,False
880820,E1,2022,2022-12-21,coventry,west brom,False
881006,E1,2022,2022-12-26,watford,millwall,False
881005,E1,2022,2022-12-26,sunderland,blackburn,False
880995,E1,2022,2022-12-26,bristol city,west brom,False
881001,E1,2022,2022-12-26,preston,huddersfield,False
881004,E1,2022,2022-12-26,sheffield utd,coventry,False
880998,E1,2022,2022-12-26,hull city,blackpool,False
881000,E1,2022,2022-12-26,middlesbrough,wigan,False
881003,E1,2022,2022-12-26,rotherham,stoke city,False
880997,E1,2022,2022-12-26,cardiff,qpr,False
880999,E1,2022,2022-12-26,luton,norwich,False
881002,E1,2022,2022-12-27,reading,swansea,False
880996,E1,2022,2022-12-27,burnley,birmingham,False
881014,E1,2022,2022-12-29,qpr,luton,False
881011,E1,2022,2022-12-29,huddersfield,rotherham,False
881012,E1,2022,2022-12-29,millwall,bristol city,False
881016,E1,2022,2022-12-29,wigan,sunderland,False
881008,E1,2022,2022-12-29,blackburn,middlesbrough,False
881010,E1,2022,2022-12-29,coventry,cardiff,False
881018,E1,2022,2022-12-29,west brom,preston,False
881009,E1,2022,2022-12-29,blackpool,sheffield utd,False
881007,E1,2022,2022-12-30,birmingham,hull city,False
881013,E1,2022,2022-12-30,norwich,reading,False
881017,E1,2022,2022-12-30,stoke city,burnley,False
881015,E1,2022,2022-12-30,swansea,watford,False
881020,E1,2022,2023-01-01,blackburn,cardiff,False
881023,E1,2022,2023-01-01,huddersfield,luton,False
881024,E1,2022,2023-01-01,millwall,rotherham,False
881022,E1,2022,2023-01-01,coventry,bristol city,False
881021,E1,2022,2023-01-01,blackpool,sunderland,False
881019,E1,2022,2023-01-02,birmingham,middlesbrough,False
881029,E1,2022,2023-01-02,west brom,reading,False
881030,E1,2022,2023-01-02,wigan,hull city,False
881025,E1,2022,2023-01-02,norwich,watford,False
881027,E1,2022,2023-01-02,stoke city,preston,False
881028,E1,2022,2023-01-02,swansea,burnley,False
881026,E1,2022,2023-01-02,qpr,sheffield utd,False
881039,E1,2022,2023-01-14,rotherham,blackburn,False
881042,E1,2022,2023-01-14,watford,blackpool,False
881033,E1,2022,2023-01-14,cardiff,wigan,False
881032,E1,2022,2023-01-14,burnley,coventry,False
881038,E1,2022,2023-01-14,reading,qpr,False
881031,E1,2022,2023-01-14,bristol city,birmingham,False
881037,E1,2022,2023-01-14,preston,norwich,False
881040,E1,2022,2023-01-14,sheffield utd,stoke city,False
881034,E1,2022,2023-01-14,hull city,huddersfield,False
881036,E1,2022,2023-01-14,middlesbrough,millwall,False
881041,E1,2022,2023-01-14,sunderland,swansea,False
881035,E1,2022,2023-01-14,luton,west brom,False
881050,E1,2022,2023-01-20,sheffield utd,hull city,False
881046,E1,2022,2023-01-20,burnley,west brom,False
881048,E1,2022,2023-01-21,coventry,norwich,False
881053,E1,2022,2023-01-21,watford,rotherham,False
881047,E1,2022,2023-01-21,cardiff,millwall,False
881043,E1,2022,2023-01-21,birmingham,preston,False
881045,E1,2022,2023-01-21,bristol city,blackburn,False
881054,E1,2022,2023-01-21,wigan,luton,False
881049,E1,2022,2023-01-21,qpr,swansea,False
881051,E1,2022,2023-01-21,stoke city,reading,False
881052,E1,2022,2023-01-22,sunderland,middlesbrough,False
881057,E1,2022,2023-01-28,hull city,qpr,False
881059,E1,2022,2023-01-28,middlesbrough,watford,False
880770,E1,2022,2023-01-28,coventry,huddersfield,False
881058,E1,2022,2023-01-31,luton,cardiff,False
881078,E1,2022,2023-02-03,west brom,coventry,False
881073,E1,2022,2023-02-04,norwich,burnley,False
881076,E1,2022,2023-02-04,rotherham,sheffield utd,False
881068,E1,2022,2023-02-04,huddersfield,qpr,False
881075,E1,2022,2023-02-04,reading,watford,False
881072,E1,2022,2023-02-04,millwall,sunderland,False
881074,E1,2022,2023-02-04,preston,bristol city,False
881069,E1,2022,2023-02-04,hull city,cardiff,False
881071,E1,2022,2023-02-04,middlesbrough,blackpool,False
881077,E1,2022,2023-02-04,swansea,birmingham,False
881070,E1,2022,2023-02-04,luton,stoke city,False
881067,E1,2022,2023-02-06,blackburn,wigan,False
881044,E1,2022,2023-02-07,blackpool,huddersfield,False
881079,E1,2022,2023-02-10,birmingham,west brom,False
881089,E1,2022,2023-02-11,watford,blackburn,False
881083,E1,2022,2023-02-11,cardiff,middlesbrough,False
881082,E1,2022,2023-02-11,burnley,preston,False
881081,E1,2022,2023-02-11,bristol city,norwich,False
881090,E1,2022,2023-02-11,wigan,huddersfield,False
881086,E1,2022,2023-02-11,sheffield utd,swansea,False
881085,E1,2022,2023-02-11,qpr,millwall,False
881087,E1,2022,2023-02-11,stoke city,hull city,False
881088,E1,2022,2023-02-11,sunderland,reading,False
881084,E1,2022,2023-02-11,coventry,luton,False
881080,E1,2022,2023-02-11,blackpool,rotherham,False
881091,E1,2022,2023-02-14,birmingham,cardiff,False
881094,E1,2022,2023-02-14,norwich,hull city,False
881095,E1,2022,2023-02-14,qpr,sunderland,False
881093,E1,2022,2023-02-14,coventry,millwall,False
881092,E1,2022,2023-02-14,burnley,watford,False
881096,E1,2022,2023-02-14,reading,rotherham,False
881097,E1,2022,2023-02-15,bristol city,wigan,False
881098,E1,2022,2023-02-15,preston,luton,False
881101,E1,2022,2023-02-15,stoke city,huddersfield,False
881100,E1,2022,2023-02-15,swansea,blackpool,False
881102,E1,2022,2023-02-15,west brom,blackburn,False
881099,E1,2022,2023-02-15,sheffield utd,middlesbrough,False
881105,E1,2022,2023-02-17,cardiff,reading,False
881110,E1,2022,2023-02-18,millwall,sheffield utd,False
881106,E1,2022,2023-02-18,huddersfield,birmingham,False
881114,E1,2022,2023-02-18,wigan,norwich,False
881107,E1,2022,2023-02-18,hull city,preston,False
881103,E1,2022,2023-02-18,blackburn,swansea,False
881109,E1,2022,2023-02-18,middlesbrough,qpr,False
881111,E1,2022,2023-02-18,rotherham,coventry,False
881112,E1,2022,2023-02-18,sunderland,bristol city,False
881104,E1,2022,2023-02-18,blackpool,stoke city,False
881108,E1,2022,2023-02-18,luton,burnley,False
881113,E1,2022,2023-02-20,watford,west brom,False
881060,E1,2022,2023-02-21,millwall,burnley,False
881055,E1,2022,2023-02-21,blackburn,blackpool,False
881061,E1,2022,2023-02-21,norwich,birmingham,False
881064,E1,2022,2023-02-21,rotherham,sunderland,False
881065,E1,2022,2023-02-21,swansea,stoke city,False
881118,E1,2022,2023-02-25,coventry,sunderland,False
881117,E1,2022,2023-02-25,burnley,huddersfield,False
881122,E1,2022,2023-02-25,reading,blackpool,False
881115,E1,2022,2023-02-25,birmingham,luton,False
881116,E1,2022,2023-02-25,bristol city,hull city,False
881120,E1,2022,2023-02-25,preston,wigan,False
881126,E1,2022,2023-02-25,west brom,middlesbrough,False
881123,E1,2022,2023-02-25,sheffield utd,watford,False
881119,E1,2022,2023-02-25,norwich,cardiff,False
881121,E1,2022,2023-02-25,qpr,blackburn,False
881124,E1,2022,2023-02-25,stoke city,millwall,False
881125,E1,2022,2023-02-27,swansea,rotherham,False
881062,E1,2022,2023-02-28,preston,coventry,False
880990,E1,2022,2023-02-28,luton,millwall,False
881131,E1,2022,2023-03-03,hull city,west brom,False
881129,E1,2022,2023-03-04,cardiff,bristol city,False
881127,E1,2022,2023-03-04,blackburn,sheffield utd,False
881130,E1,2022,2023-03-04,huddersfield,coventry,False
881137,E1,2022,2023-03-04,watford,preston,False
881134,E1,2022,2023-03-04,millwall,norwich,False
881138,E1,2022,2023-03-04,wigan,birmingham,False
881133,E1,2022,2023-03-04,middlesbrough,reading,False
881135,E1,2022,2023-03-04,rotherham,qpr,False
881136,E1,2022,2023-03-04,sunderland,stoke city,False
881128,E1,2022,2023-03-04,blackpool,burnley,False
881132,E1,2022,2023-03-04,luton,swansea,False
881056,E1,2022,2023-03-07,huddersfield,bristol city,False
881063,E1,2022,2023-03-07,reading,sheffield utd,False
881066,E1,2022,2023-03-07,west brom,wigan,False
881148,E1,2022,2023-03-10,stoke city,blackburn,False
881140,E1,2022,2023-03-11,bristol city,blackpool,False
881141,E1,2022,2023-03-11,burnley,wigan,False
881146,E1,2022,2023-03-11,reading,millwall,False
881139,E1,2022,2023-03-11,birmingham,rotherham,False
881144,E1,2022,2023-03-11,preston,cardiff,False
881150,E1,2022,2023-03-11,west brom,huddersfield,False
881147,E1,2022,2023-03-11,sheffield utd,luton,False
881145,E1,2022,2023-03-11,qpr,watford,False
881149,E1,2022,2023-03-11,swansea,middlesbrough,False
881142,E1,2022,2023-03-11,coventry,hull city,False
881143,E1,2022,2023-03-12,norwich,sunderland,False
881155,E1,2022,2023-03-14,watford,birmingham,False
881153,E1,2022,2023-03-14,millwall,swansea,False
881156,E1,2022,2023-03-14,wigan,coventry,False
881154,E1,2022,2023-03-14,rotherham,preston,False
881151,E1,2022,2023-03-14,blackpool,qpr,False
881152,E1,2022,2023-03-14,middlesbrough,stoke city,False
881159,E1,2022,2023-03-15,huddersfield,norwich,False
881158,E1,2022,2023-03-15,cardiff,west brom,False
881160,E1,2022,2023-03-15,hull city,burnley,False
881157,E1,2022,2023-03-15,blackburn,reading,False
881161,E1,2022,2023-03-15,luton,bristol city,False
881162,E1,2022,2023-03-15,sunderland,sheffield utd,False
881174,E1,2022,2023-03-18,watford,wigan,False
881168,E1,2022,2023-03-18,reading,hull city,False
881166,E1,2022,2023-03-18,millwall,huddersfield,False
881165,E1,2022,2023-03-18,middlesbrough,preston,False
881167,E1,2022,2023-03-18,qpr,birmingham,False
881171,E1,2022,2023-03-18,stoke city,norwich,False
881172,E1,2022,2023-03-18,sunderland,luton,False
881164,E1,2022,2023-03-18,blackpool,coventry,False
881173,E1,2022,2023-03-19,swansea,bristol city,False
881177,E1,2022,2023-03-31,burnley,sunderland,False
881184,E1,2022,2023-04-01,preston,blackpool,False
881182,E1,2022,2023-04-01,luton,watford,False
881180,E1,2022,2023-04-01,huddersfield,middlesbrough,False
881178,E1,2022,2023-04-01,cardiff,swansea,False
881175,E1,2022,2023-04-01,birmingham,blackburn,False
881176,E1,2022,2023-04-01,bristol city,reading,False
881185,E1,2022,2023-04-01,west brom,millwall,False
881186,E1,2022,2023-04-01,wigan,qpr,False
881181,E1,2022,2023-04-01,hull city,rotherham,False
881183,E1,2022,2023-04-01,norwich,sheffield utd,False
881179,E1,2022,2023-04-01,coventry,stoke city,False
881190,E1,2022,2023-04-07,millwall,luton,False
881193,E1,2022,2023-04-07,rotherham,west brom,False
881198,E1,2022,2023-04-07,watford,huddersfield,False
881192,E1,2022,2023-04-07,reading,birmingham,False
881194,E1,2022,2023-04-07,sheffield utd,wigan,False
881187,E1,2022,2023-04-07,blackburn,norwich,False
881191,E1,2022,2023-04-07,qpr,preston,False
881195,E1,2022,2023-04-07,stoke city,bristol city,False
881197,E1,2022,2023-04-07,swansea,coventry,False
881188,E1,2022,2023-04-07,blackpool,cardiff,False
881196,E1,2022,2023-04-07,sunderland,hull city,False
881189,E1,2022,2023-04-07,middlesbrough,burnley,False
881204,E1,2022,2023-04-10,huddersfield,blackburn,False
881202,E1,2022,2023-04-10,cardiff,sunderland,False
881199,E1,2022,2023-04-10,birmingham,stoke city,False
881208,E1,2022,2023-04-10,preston,reading,False
881209,E1,2022,2023-04-10,west brom,qpr,False
881210,E1,2022,2023-04-10,wigan,swansea,False
881205,E1,2022,2023-04-10,hull city,millwall,False
881207,E1,2022,2023-04-10,norwich,rotherham,False
881203,E1,2022,2023-04-10,coventry,watford,False
881206,E1,2022,2023-04-10,luton,blackpool,False
881200,E1,2022,2023-04-10,bristol city,middlesbrough,False
881201,E1,2022,2023-04-10,burnley,sheffield utd,False
881213,E1,2022,2023-04-14,middlesbrough,norwich,False
881218,E1,2022,2023-04-15,sheffield utd,cardiff,False
881222,E1,2022,2023-04-15,watford,bristol city,False
881216,E1,2022,2023-04-15,reading,burnley,False
881214,E1,2022,2023-04-15,millwall,preston,False
881215,E1,2022,2023-04-15,qpr,coventry,False
881217,E1,2022,2023-04-15,rotherham,luton,False
881219,E1,2022,2023-04-15,stoke city,west brom,False
881221,E1,2022,2023-04-15,swansea,huddersfield,False
881220,E1,2022,2023-04-15,sunderland,birmingham,False
881212,E1,2022,2023-04-15,blackpool,wigan,False
881211,E1,2022,2023-04-15,blackburn,hull city,False
881226,E1,2022,2023-04-18,sheffield utd,bristol city,False
881225,E1,2022,2023-04-18,rotherham,burnley,False
881228,E1,2022,2023-04-18,stoke city,wigan,False
881227,E1,2022,2023-04-18,sunderland,huddersfield,False
881223,E1,2022,2023-04-18,blackpool,west brom,False
881224,E1,2022,2023-04-18,millwall,birmingham,False
881233,E1,2022,2023-04-19,watford,cardiff,False
881229,E1,2022,2023-04-19,blackburn,coventry,False
881231,E1,2022,2023-04-19,qpr,norwich,False
881232,E1,2022,2023-04-19,swansea,preston,False
881234,E1,2022,2023-04-19,reading,luton,False
881230,E1,2022,2023-04-19,middlesbrough,hull city,False
881238,E1,2022,2023-04-22,cardiff,stoke city,False
881237,E1,2022,2023-04-22,burnley,qpr,False
881235,E1,2022,2023-04-22,birmingham,blackpool,False
881236,E1,2022,2023-04-22,bristol city,rotherham,False
881246,E1,2022,2023-04-22,wigan,millwall,False
881241,E1,2022,2023-04-22,hull city,watford,False
881243,E1,2022,2023-04-22,norwich,swansea,False
881239,E1,2022,2023-04-22,coventry,reading,False
881244,E1,2022,2023-04-22,preston,blackburn,False
881245,E1,2022,2023-04-23,west brom,sunderland,False
881242,E1,2022,2023-04-24,luton,middlesbrough,False
881163,E1,2022,2023-04-25,blackburn,burnley,False
881170,E1,2022,2023-04-26,sheffield utd,west brom,False
881169,E1,2022,2023-04-27,rotherham,cardiff,False
881248,E1,2022,2023-04-28,blackpool,millwall,False
881253,E1,2022,2023-04-29,reading,wigan,False
881249,E1,2022,2023-04-29,bristol city,burnley,False
881255,E1,2022,2023-04-29,sheffield utd,preston,False
881252,E1,2022,2023-04-29,hull city,swansea,False
881256,E1,2022,2023-04-29,stoke city,qpr,False
881257,E1,2022,2023-04-29,sunderland,watford,False
881251,E1,2022,2023-04-29,coventry,birmingham,False
881258,E1,2022,2023-04-29,west brom,norwich,False
881250,E1,2022,2023-04-30,cardiff,huddersfield,False
881254,E1,2022,2023-05-01,rotherham,middlesbrough,False
881247,E1,2022,2023-05-01,blackburn,luton,False
881240,E1,2022,2023-05-04,huddersfield,sheffield utd,False
881261,E1,2022,2023-05-08,huddersfield,reading,False
881269,E1,2022,2023-05-08,watford,stoke city,False
881260,E1,2022,2023-05-08,burnley,cardiff,False
881259,E1,2022,2023-05-08,birmingham,sheffield utd,False
881264,E1,2022,2023-05-08,millwall,blackburn,False
881266,E1,2022,2023-05-08,preston,sunderland,False
881270,E1,2022,2023-05-08,wigan,rotherham,False
881263,E1,2022,2023-05-08,middlesbrough,coventry,False
881265,E1,2022,2023-05-08,norwich,blackpool,False
881267,E1,2022,2023-05-08,qpr,bristol city,False
881268,E1,2022,2023-05-08,swansea,west brom,False
881262,E1,2022,2023-05-08,luton,hull city,False
1026703,E1,2022,2023-05-13,sunderland,luton,False
1026705,E1,2022,2023-05-14,coventry,middlesbrough,False
1026704,E1,2022,2023-05-16,luton,sunderland,False
1026706,E1,2022,2023-05-17,middlesbrough,coventry,False
1047434,E1,2023,2023-08-04,sheffield wednesday,southampton,False
1047442,E1,2023,2023-08-05,watford,qpr,False
1047436,E1,2023,2023-08-05,bristol city,preston,False
1047435,E1,2023,2023-08-05,blackburn,west brom,False
1047437,E1,2023,2023-08-05,middlesbrough,millwall,False
1047438,E1,2023,2023-08-05,norwich,hull city,False
1047440,E1,2023,2023-08-05,stoke city,rotherham,False
1047441,E1,2023,2023-08-05,swansea,birmingham,False
1047439,E1,2023,2023-08-05,plymouth,huddersfield,False
1047443,E1,2023,2023-08-06,leicester,coventry,False
1047444,E1,2023,2023-08-06,leeds,cardiff,False
1047445,E1,2023,2023-08-06,sunderland,ipswich,False
1047446,E1,2023,2023-08-12,coventry,middlesbrough,False
1047449,E1,2023,2023-08-12,huddersfield,leicester,False
1047456,E1,2023,2023-08-12,watford,plymouth,False
1047455,E1,2023,2023-08-12,southampton,norwich,False
1047448,E1,2023,2023-08-12,cardiff,qpr,False
1047447,E1,2023,2023-08-12,birmingham,leeds,False
1047451,E1,2023,2023-08-12,ipswich,stoke city,False
1047452,E1,2023,2023-08-12,millwall,bristol city,False
1047453,E1,2023,2023-08-12,preston,sunderland,False
1047457,E1,2023,2023-08-12,west brom,swansea,False
1047450,E1,2023,2023-08-12,hull city,sheffield wednesday,False
1047454,E1,2023,2023-08-12,rotherham,blackburn,False
1047458,E1,2023,2023-08-18,leeds,west brom,False
1047459,E1,2023,2023-08-19,plymouth,southampton,False
1047462,E1,2023,2023-08-19,leicester,cardiff,False
1047461,E1,2023,2023-08-19,bristol city,birmingham,False
1047460,E1,2023,2023-08-19,blackburn,hull city,False
1047463,E1,2023,2023-08-19,middlesbrough,huddersfield,False
1047464,E1,2023,2023-08-19,qpr,ipswich,False
1047465,E1,2023,2023-08-19,sheffield wednesday,preston,False
1047466,E1,2023,2023-08-19,stoke city,watford,False
1047468,E1,2023,2023-08-19,swansea,coventry,False
1047467,E1,2023,2023-08-19,sunderland,rotherham,False
1047469,E1,2023,2023-08-20,norwich,millwall,False
1047470,E1,2023,2023-08-25,hull city,bristol city,False
1047474,E1,2023,2023-08-26,huddersfield,norwich,False
1047479,E1,2023,2023-08-26,southampton,qpr,False
1047472,E1,2023,2023-08-26,cardiff,sheffield wednesday,False
1047471,E1,2023,2023-08-26,birmingham,plymouth,False
1047475,E1,2023,2023-08-26,ipswich,leeds,False
1047476,E1,2023,2023-08-26,millwall,stoke city,False
1047477,E1,2023,2023-08-26,preston,swansea,False
1047481,E1,2023,2023-08-26,west brom,middlesbrough,False
1047478,E1,2023,2023-08-26,rotherham,leicester,False
1047473,E1,2023,2023-08-26,coventry,sunderland,False
1047480,E1,2023,2023-08-27,watford,blackburn,False
1047482,E1,2023,2023-09-02,birmingham,millwall,False
1047492,E1,2023,2023-09-02,swansea,bristol city,False
1047491,E1,2023,2023-09-02,sunderland,southampton,False
1047486,E1,2023,2023-09-02,leicester,hull city,False
1047484,E1,2023,2023-09-02,ipswich,cardiff,False
1047493,E1,2023,2023-09-02,west brom,huddersfield,False
1047485,E1,2023,2023-09-02,leeds,sheffield wednesday,False
1047487,E1,2023,2023-09-02,middlesbrough,qpr,False
1047489,E1,2023,2023-09-02,rotherham,norwich,False
1047490,E1,2023,2023-09-02,stoke city,preston,False
1047483,E1,2023,2023-09-02,coventry,watford,False
1047488,E1,2023,2023-09-02,plymouth,blackburn,False
1047494,E1,2023,2023-09-15,hull city,coventry,False
1047504,E1,2023,2023-09-15,southampton,leicester,False
1047498,E1,2023,2023-09-16,huddersfield,rotherham,False
1047505,E1,2023,2023-09-16,watford,birmingham,False
1047496,E1,2023,2023-09-16,bristol city,west brom,False
1047501,E1,2023,2023-09-16,preston,plymouth,False
1047495,E1,2023,2023-09-16,blackburn,middlesbrough,False
1047500,E1,2023,2023-09-16,norwich,stoke city,False
1047502,E1,2023,2023-09-16,qpr,sunderland,False
1047503,E1,2023,2023-09-16,sheffield wednesday,ipswich,False
1047497,E1,2023,2023-09-16,cardiff,swansea,False
1047499,E1,2023,2023-09-17,millwall,leeds,False
1047511,E1,2023,2023-09-19,southampton,ipswich,False
1047507,E1,2023,2023-09-19,cardiff,coventry,False
1047506,E1,2023,2023-09-19,bristol city,plymouth,False
1047508,E1,2023,2023-09-19,preston,birmingham,False
1047509,E1,2023,2023-09-19,qpr,swansea,False
1047510,E1,2023,2023-09-19,sheffield wednesday,middlesbrough,False
1047513,E1,2023,2023-09-20,huddersfield,stoke city,False
1047517,E1,2023,2023-09-20,watford,west brom,False
1047515,E1,2023,2023-09-20,millwall,rotherham,False
1047514,E1,2023,2023-09-20,hull city,leeds,False
1047512,E1,2023,2023-09-20,blackburn,sunderland,False
1047516,E1,2023,2023-09-20,norwich,leicester,False
1047518,E1,2023,2023-09-22,birmingham,qpr,False
1047522,E1,2023,2023-09-23,leicester,bristol city,False
1047520,E1,2023,2023-09-23,ipswich,blackburn,False
1047529,E1,2023,2023-09-23,west brom,millwall,False
1047521,E1,2023,2023-09-23,leeds,watford,False
1047523,E1,2023,2023-09-23,middlesbrough,southampton,False
1047525,E1,2023,2023-09-23,rotherham,preston,False
1047528,E1,2023,2023-09-23,swansea,sheffield wednesday,False
1047524,E1,2023,2023-09-23,plymouth,norwich,False
1047526,E1,2023,2023-09-24,stoke city,hull city,False
1047527,E1,2023,2023-09-24,sunderland,cardiff,False
1047519,E1,2023,2023-09-25,coventry,huddersfield,False
1047539,E1,2023,2023-09-29,sheffield wednesday,sunderland,False
1047540,E1,2023,2023-09-30,southampton,leeds,False
1047533,E1,2023,2023-09-30,huddersfield,ipswich,False
1047541,E1,2023,2023-09-30,watford,middlesbrough,False
1047532,E1,2023,2023-09-30,cardiff,rotherham,False
1047531,E1,2023,2023-09-30,bristol city,stoke city,False
1047535,E1,2023,2023-09-30,millwall,swansea,False
1047537,E1,2023,2023-09-30,preston,west brom,False
1047534,E1,2023,2023-09-30,hull city,plymouth,False
1047536,E1,2023,2023-09-30,norwich,birmingham,False
1047538,E1,2023,2023-09-30,qpr,coventry,False
1047530,E1,2023,2023-10-01,blackburn,leicester,False
1047542,E1,2023,2023-10-03,birmingham,huddersfield,False
1047543,E1,2023,2023-10-03,ipswich,hull city,False
1047544,E1,2023,2023-10-03,middlesbrough,cardiff,False
1047545,E1,2023,2023-10-03,plymouth,millwall,False
1047547,E1,2023,2023-10-03,west brom,sheffield wednesday,False
1047546,E1,2023,2023-10-03,stoke city,southampton,False
1047550,E1,2023,2023-10-04,leicester,preston,False
1047549,E1,2023,2023-10-04,leeds,qpr,False
1047553,E1,2023,2023-10-04,swansea,norwich,False
1047552,E1,2023,2023-10-04,sunderland,watford,False
1047548,E1,2023,2023-10-04,coventry,blackburn,False
1047551,E1,2023,2023-10-04,rotherham,bristol city,False
1047554,E1,2023,2023-10-06,birmingham,west brom,False
1047564,E1,2023,2023-10-07,sunderland,middlesbrough,False
1047563,E1,2023,2023-10-07,southampton,rotherham,False
1052667,E1,2023,2023-10-07,cardiff,watford,False
1047558,E1,2023,2023-10-07,leicester,stoke city,False
1047556,E1,2023,2023-10-07,ipswich,preston,False
1047559,E1,2023,2023-10-07,millwall,hull city,False
1047557,E1,2023,2023-10-07,leeds,bristol city,False
1047561,E1,2023,2023-10-07,qpr,blackburn,False
1047562,E1,2023,2023-10-07,sheffield wednesday,huddersfield,False
1047555,E1,2023,2023-10-07,coventry,norwich,False
1047560,E1,2023,2023-10-07,plymouth,swansea,False
1047571,E1,2023,2023-10-21,preston,millwall,False
1047567,E1,2023,2023-10-21,huddersfield,qpr,False
1047575,E1,2023,2023-10-21,watford,sheffield wednesday,False
1047566,E1,2023,2023-10-21,bristol city,coventry,False
1047576,E1,2023,2023-10-21,west brom,plymouth,False
1047568,E1,2023,2023-10-21,hull city,southampton,False
1047565,E1,2023,2023-10-21,blackburn,cardiff,False
1047569,E1,2023,2023-10-21,middlesbrough,birmingham,False
1047570,E1,2023,2023-10-21,norwich,leeds,False
1047573,E1,2023,2023-10-21,stoke city,sunderland,False
1047574,E1,2023,2023-10-21,swansea,leicester,False
1047577,E1,2023,2023-10-24,huddersfield,cardiff,False
1047579,E1,2023,2023-10-24,millwall,blackburn,False
1047580,E1,2023,2023-10-24,norwich,middlesbrough,False
1047581,E1,2023,2023-10-24,swansea,watford,False
1047578,E1,2023,2023-10-24,leicester,sunderland,False
1047582,E1,2023,2023-10-24,west brom,qpr,False
1047583,E1,2023,2023-10-25,birmingham,hull city,False
1047584,E1,2023,2023-10-25,bristol city,ipswich,False
1047586,E1,2023,2023-10-25,preston,southampton,False
1047587,E1,2023,2023-10-25,rotherham,coventry,False
1047585,E1,2023,2023-10-25,plymouth,sheffield wednesday,False
1047588,E1,2023,2023-10-25,stoke city,leeds,False
1047598,E1,2023,2023-10-28,southampton,birmingham,False
1047589,E1,2023,2023-10-28,leeds,huddersfield,False
1047600,E1,2023,2023-10-28,watford,millwall,False
1047591,E1,2023,2023-10-28,cardiff,bristol city,False
1047594,E1,2023,2023-10-28,ipswich,plymouth,False
1047593,E1,2023,2023-10-28,hull city,preston,False
1047590,E1,2023,2023-10-28,blackburn,swansea,False
1047595,E1,2023,2023-10-28,middlesbrough,stoke city,False
1047596,E1,2023,2023-10-28,qpr,leicester,False
1047599,E1,2023,2023-10-28,sunderland,norwich,False
1047597,E1,2023,2023-10-29,sheffield wednesday,rotherham,False
1047592,E1,2023,2023-10-30,coventry,west brom,False
1047604,E1,2023,2023-11-03,leicester,leeds,False
1047603,E1,2023,2023-11-04,huddersfield,watford,False
1047601,E1,2023,2023-11-04,birmingham,ipswich,False
1047602,E1,2023,2023-11-04,bristol city,sheffield wednesday,False
1047605,E1,2023,2023-11-04,millwall,southampton,False
1047608,E1,2023,2023-11-04,preston,coventry,False
1047612,E1,2023,2023-11-04,west brom,hull city,False
1047609,E1,2023,2023-11-04,rotherham,qpr,False
1047610,E1,2023,2023-11-04,stoke city,cardiff,False
1047611,E1,2023,2023-11-04,swansea,sunderland,False
1047607,E1,2023,2023-11-04,plymouth,middlesbrough,False
1047606,E1,2023,2023-11-05,norwich,blackburn,False
1047572,E1,2023,2023-11-07,rotherham,ipswich,False
1047613,E1,2023,2023-11-10,blackburn,preston,False
1047623,E1,2023,2023-11-11,sunderland,birmingham,False
1047624,E1,2023,2023-11-11,watford,rotherham,False
1047622,E1,2023,2023-11-11,southampton,west brom,False
1047614,E1,2023,2023-11-11,cardiff,norwich,False
1047617,E1,2023,2023-11-11,ipswich,swansea,False
1047618,E1,2023,2023-11-11,leeds,plymouth,False
1047616,E1,2023,2023-11-11,hull city,huddersfield,False
1047619,E1,2023,2023-11-11,middlesbrough,leicester,False
1047620,E1,2023,2023-11-11,qpr,bristol city,False
1047621,E1,2023,2023-11-11,sheffield wednesday,millwall,False
1047615,E1,2023,2023-11-11,coventry,stoke city,False
1047633,E1,2023,2023-11-24,rotherham,leeds,False
1047627,E1,2023,2023-11-25,huddersfield,southampton,False
1047628,E1,2023,2023-11-25,leicester,watford,False
1047625,E1,2023,2023-11-25,birmingham,sheffield wednesday,False
1047626,E1,2023,2023-11-25,bristol city,middlesbrough,False
1047629,E1,2023,2023-11-25,millwall,coventry,False
1047632,E1,2023,2023-11-25,preston,cardiff,False
1047630,E1,2023,2023-11-25,norwich,qpr,False
1047634,E1,2023,2023-11-25,stoke city,blackburn,False
1047635,E1,2023,2023-11-25,swansea,hull city,False
1047631,E1,2023,2023-11-25,plymouth,sunderland,False
1047636,E1,2023,2023-11-25,west brom,ipswich,False
1047637,E1,2023,2023-11-28,cardiff,west brom,False
1047639,E1,2023,2023-11-28,hull city,rotherham,False
1047640,E1,2023,2023-11-28,middlesbrough,preston,False
1047641,E1,2023,2023-11-28,qpr,stoke city,False
1047638,E1,2023,2023-11-28,coventry,plymouth,False
1047642,E1,2023,2023-11-28,watford,norwich,False
1047647,E1,2023,2023-11-29,southampton,bristol city,False
1047645,E1,2023,2023-11-29,leeds,swansea,False
1047643,E1,2023,2023-11-29,blackburn,birmingham,False
1047646,E1,2023,2023-11-29,sheffield wednesday,leicester,False
1047648,E1,2023,2023-11-29,sunderland,huddersfield,False
1047644,E1,2023,2023-11-29,ipswich,millwall,False
1047655,E1,2023,2023-12-01,preston,qpr,False
1047659,E1,2023,2023-12-02,west brom,leicester,False
1047657,E1,2023,2023-12-02,southampton,cardiff,False
1047649,E1,2023,2023-12-02,birmingham,rotherham,False
1047651,E1,2023,2023-12-02,ipswich,coventry,False
1047653,E1,2023,2023-12-02,millwall,sunderland,False
1047652,E1,2023,2023-12-02,leeds,middlesbrough,False
1047650,E1,2023,2023-12-02,hull city,watford,False
1047656,E1,2023,2023-12-02,sheffield wednesday,blackburn,False
1047658,E1,2023,2023-12-02,swansea,huddersfield,False
1047654,E1,2023,2023-12-02,plymouth,stoke city,False
1047660,E1,2023,2023-12-03,bristol city,norwich,False
1047663,E1,2023,2023-12-08,coventry,birmingham,False
1047661,E1,2023,2023-12-09,blackburn,leeds,False
1047671,E1,2023,2023-12-09,sunderland,west brom,False
1047664,E1,2023,2023-12-09,huddersfield,bristol city,False
1047672,E1,2023,2023-12-09,watford,southampton,False
1047662,E1,2023,2023-12-09,cardiff,millwall,False
1047665,E1,2023,2023-12-09,leicester,plymouth,False
1047666,E1,2023,2023-12-09,middlesbrough,ipswich,False
1047667,E1,2023,2023-12-09,norwich,preston,False
1047668,E1,2023,2023-12-09,qpr,hull city,False
1047669,E1,2023,2023-12-09,rotherham,swansea,False
1047670,E1,2023,2023-12-09,stoke city,sheffield wednesday,False
1047674,E1,2023,2023-12-12,huddersfield,preston,False
1047678,E1,2023,2023-12-12,watford,ipswich,False
1047673,E1,2023,2023-12-12,blackburn,bristol city,False
1047675,E1,2023,2023-12-12,rotherham,west brom,False
1047676,E1,2023,2023-12-12,stoke city,swansea,False
1047677,E1,2023,2023-12-12,sunderland,leeds,False
1047679,E1,2023,2023-12-13,cardiff,birmingham,False
1047681,E1,2023,2023-12-13,leicester,millwall,False
1047683,E1,2023,2023-12-13,norwich,sheffield wednesday,False
1047684,E1,2023,2023-12-13,qpr,plymouth,False
1047680,E1,2023,2023-12-13,coventry,southampton,False
1047682,E1,2023,2023-12-13,middlesbrough,hull city,False
1047688,E1,2023,2023-12-16,ipswich,norwich,False
1047694,E1,2023,2023-12-16,southampton,blackburn,False
1047686,E1,2023,2023-12-16,bristol city,sunderland,False
1047690,E1,2023,2023-12-16,millwall,huddersfield,False
1047692,E1,2023,2023-12-16,preston,watford,False
1047689,E1,2023,2023-12-16,leeds,coventry,False
1047687,E1,2023,2023-12-16,hull city,cardiff,False
1047693,E1,2023,2023-12-16,sheffield wednesday,qpr,False
1047695,E1,2023,2023-12-16,swansea,middlesbrough,False
1047691,E1,2023,2023-12-16,plymouth,rotherham,False
1047696,E1,2023,2023-12-17,west brom,stoke city,False
1047685,E1,2023,2023-12-18,birmingham,leicester,False
1047697,E1,2023,2023-12-22,bristol city,hull city,False
1047708,E1,2023,2023-12-22,swansea,preston,False
1047699,E1,2023,2023-12-23,leeds,ipswich,False
1047700,E1,2023,2023-12-23,leicester,rotherham,False
1047698,E1,2023,2023-12-23,blackburn,watford,False
1047701,E1,2023,2023-12-23,middlesbrough,west brom,False
1047702,E1,2023,2023-12-23,norwich,huddersfield,False
1047704,E1,2023,2023-12-23,qpr,southampton,False
1047705,E1,2023,2023-12-23,sheffield wednesday,cardiff,False
1047706,E1,2023,2023-12-23,stoke city,millwall,False
1047707,E1,2023,2023-12-23,sunderland,coventry,False
1047703,E1,2023,2023-12-23,plymouth,birmingham,False
1047716,E1,2023,2023-12-26,preston,leeds,False
1047709,E1,2023,2023-12-26,millwall,qpr,False
1047713,E1,2023,2023-12-26,huddersfield,blackburn,False
1047719,E1,2023,2023-12-26,watford,bristol city,False
1047718,E1,2023,2023-12-26,southampton,swansea,False
1047711,E1,2023,2023-12-26,cardiff,plymouth,False
1047720,E1,2023,2023-12-26,west brom,norwich,False
1047714,E1,2023,2023-12-26,hull city,sunderland,False
1047717,E1,2023,2023-12-26,rotherham,middlesbrough,False
1047712,E1,2023,2023-12-26,coventry,sheffield wednesday,False
1047710,E1,2023,2023-12-26,birmingham,stoke city,False
1047715,E1,2023,2023-12-26,ipswich,leicester,False
1047730,E1,2023,2023-12-29,southampton,plymouth,False
1047724,E1,2023,2023-12-29,huddersfield,middlesbrough,False
1047731,E1,2023,2023-12-29,watford,stoke city,False
1047722,E1,2023,2023-12-29,cardiff,leicester,False
1047721,E1,2023,2023-12-29,birmingham,bristol city,False
1047726,E1,2023,2023-12-29,ipswich,qpr,False
1047727,E1,2023,2023-12-29,millwall,norwich,False
1047728,E1,2023,2023-12-29,preston,sheffield wednesday,False
1047725,E1,2023,2023-12-29,hull city,blackburn,False
1047729,E1,2023,2023-12-29,rotherham,sunderland,False
1047723,E1,2023,2023-12-29,coventry,swansea,False
1047732,E1,2023,2023-12-29,west brom,leeds,False
1047743,E1,2023,2024-01-01,sunderland,preston,False
1047736,E1,2023,2024-01-01,leicester,huddersfield,False
1047734,E1,2023,2024-01-01,bristol city,millwall,False
1047735,E1,2023,2024-01-01,leeds,birmingham,False
1047733,E1,2023,2024-01-01,blackburn,rotherham,False
1047737,E1,2023,2024-01-01,middlesbrough,coventry,False
1047738,E1,2023,2024-01-01,norwich,southampton,False
1047740,E1,2023,2024-01-01,qpr,cardiff,False
1047742,E1,2023,2024-01-01,stoke city,ipswich,False
1047744,E1,2023,2024-01-01,swansea,west brom,False
1047739,E1,2023,2024-01-01,plymouth,watford,False
1047741,E1,2023,2024-01-01,sheffield wednesday,hull city,False
1047750,E1,2023,2024-01-12,hull city,norwich,False
1047748,E1,2023,2024-01-13,coventry,leicester,False
1047749,E1,2023,2024-01-13,huddersfield,plymouth,False
1047755,E1,2023,2024-01-13,southampton,sheffield wednesday,False
1047747,E1,2023,2024-01-13,cardiff,leeds,False
1047746,E1,2023,2024-01-13,birmingham,swansea,False
1047752,E1,2023,2024-01-13,millwall,middlesbrough,False
1047753,E1,2023,2024-01-13,preston,bristol city,False
1047756,E1,2023,2024-01-13,west brom,blackburn,False
1047754,E1,2023,2024-01-13,rotherham,stoke city,False
1047751,E1,2023,2024-01-13,ipswich,sunderland,False
1047745,E1,2023,2024-01-14,qpr,watford,False
1047767,E1,2023,2024-01-19,sunderland,hull city,False
1047768,E1,2023,2024-01-20,swansea,southampton,False
1047758,E1,2023,2024-01-20,bristol city,watford,False
1047757,E1,2023,2024-01-20,blackburn,huddersfield,False
1047761,E1,2023,2024-01-20,middlesbrough,rotherham,False
1047762,E1,2023,2024-01-20,norwich,west brom,False
1047764,E1,2023,2024-01-20,qpr,millwall,False
1047765,E1,2023,2024-01-20,sheffield wednesday,coventry,False
1047766,E1,2023,2024-01-20,stoke city,birmingham,False
1047763,E1,2023,2024-01-20,plymouth,cardiff,False
1047759,E1,2023,2024-01-21,leeds,preston,False
1047760,E1,2023,2024-01-22,leicester,ipswich,False
1047773,E1,2023,2024-01-24,leeds,norwich,False
1047774,E1,2023,2024-01-27,millwall,preston,False
1047779,E1,2023,2024-01-27,sunderland,stoke city,False
1047776,E1,2023,2024-01-28,qpr,huddersfield,False
1052668,E1,2023,2024-01-30,leicester,swansea,False
1047771,E1,2023,2024-01-30,coventry,bristol city,False
1047777,E1,2023,2024-01-31,sheffield wednesday,watford,False
1047781,E1,2023,2024-02-02,bristol city,leeds,False
1047782,E1,2023,2024-02-03,huddersfield,sheffield wednesday,False
1047790,E1,2023,2024-02-03,watford,cardiff,False
1047786,E1,2023,2024-02-03,preston,ipswich,False
1047791,E1,2023,2024-02-03,west brom,birmingham,False
1047783,E1,2023,2024-02-03,hull city,millwall,False
1047780,E1,2023,2024-02-03,blackburn,qpr,False
1047785,E1,2023,2024-02-03,norwich,coventry,False
1047787,E1,2023,2024-02-03,rotherham,southampton,False
1047788,E1,2023,2024-02-03,stoke city,leicester,False
1047789,E1,2023,2024-02-03,swansea,plymouth,False
1047784,E1,2023,2024-02-04,middlesbrough,sunderland,False
1047800,E1,2023,2024-02-09,sheffield wednesday,birmingham,False
1047796,E1,2023,2024-02-10,ipswich,west brom,False
1047803,E1,2023,2024-02-10,watford,leicester,False
1047801,E1,2023,2024-02-10,southampton,huddersfield,False
1047793,E1,2023,2024-02-10,cardiff,preston,False
1047797,E1,2023,2024-02-10,leeds,rotherham,False
1047795,E1,2023,2024-02-10,hull city,swansea,False
1047792,E1,2023,2024-02-10,blackburn,stoke city,False
1047798,E1,2023,2024-02-10,middlesbrough,bristol city,False
1047799,E1,2023,2024-02-10,qpr,norwich,False
1047802,E1,2023,2024-02-10,sunderland,plymouth,False
1047794,E1,2023,2024-02-11,coventry,millwall,False
1047806,E1,2023,2024-02-13,leicester,sheffield wednesday,False
1047804,E1,2023,2024-02-13,birmingham,blackburn,False
1047807,E1,2023,2024-02-13,norwich,watford,False
1047808,E1,2023,2024-02-13,rotherham,hull city,False
1047809,E1,2023,2024-02-13,swansea,leeds,False
1047805,E1,2023,2024-02-13,bristol city,southampton,False
1047815,E1,2023,2024-02-13,west brom,cardiff,False
1047810,E1,2023,2024-02-14,huddersfield,sunderland,False
1047813,E1,2023,2024-02-14,preston,middlesbrough,False
1047814,E1,2023,2024-02-14,stoke city,qpr,False
1047812,E1,2023,2024-02-14,plymouth,coventry,False
1047811,E1,2023,2024-02-14,millwall,ipswich,False
1047827,E1,2023,2024-02-16,west brom,southampton,False
1047822,E1,2023,2024-02-17,plymouth,leeds,False
1047818,E1,2023,2024-02-17,huddersfield,hull city,False
1047819,E1,2023,2024-02-17,leicester,middlesbrough,False
1047816,E1,2023,2024-02-17,birmingham,sunderland,False
1047817,E1,2023,2024-02-17,bristol city,qpr,False
1047820,E1,2023,2024-02-17,millwall,sheffield wednesday,False
1047823,E1,2023,2024-02-17,preston,blackburn,False
1047821,E1,2023,2024-02-17,norwich,cardiff,False
1047824,E1,2023,2024-02-17,rotherham,watford,False
1047825,E1,2023,2024-02-17,stoke city,coventry,False
1047826,E1,2023,2024-02-17,swansea,ipswich,False
1047778,E1,2023,2024-02-20,southampton,hull city,False
1047770,E1,2023,2024-02-20,cardiff,blackburn,False
1047772,E1,2023,2024-02-20,ipswich,rotherham,False
1047775,E1,2023,2024-02-20,plymouth,west brom,False
1047830,E1,2023,2024-02-23,coventry,preston,False
1047833,E1,2023,2024-02-23,leeds,leicester,False
1047831,E1,2023,2024-02-24,hull city,west brom,False
1047839,E1,2023,2024-02-24,watford,huddersfield,False
1047837,E1,2023,2024-02-24,southampton,millwall,False
1047829,E1,2023,2024-02-24,cardiff,stoke city,False
1047832,E1,2023,2024-02-24,ipswich,birmingham,False
1047828,E1,2023,2024-02-24,blackburn,norwich,False
1047834,E1,2023,2024-02-24,middlesbrough,plymouth,False
1047835,E1,2023,2024-02-24,qpr,rotherham,False
1047836,E1,2023,2024-02-24,sheffield wednesday,bristol city,False
1047838,E1,2023,2024-02-24,sunderland,swansea,False
1047851,E1,2023,2024-03-01,west brom,coventry,False
1047840,E1,2023,2024-03-02,huddersfield,leeds,False
1047842,E1,2023,2024-03-02,bristol city,cardiff,False
1047843,E1,2023,2024-03-02,leicester,qpr,False
1047841,E1,2023,2024-03-02,birmingham,southampton,False
1047844,E1,2023,2024-03-02,millwall,watford,False
1047847,E1,2023,2024-03-02,preston,hull city,False
1047845,E1,2023,2024-03-02,norwich,sunderland,False
1047848,E1,2023,2024-03-02,rotherham,sheffield wednesday,False
1047849,E1,2023,2024-03-02,stoke city,middlesbrough,False
1047850,E1,2023,2024-03-02,swansea,blackburn,False
1047846,E1,2023,2024-03-02,plymouth,ipswich,False
1047856,E1,2023,2024-03-05,leeds,stoke city,False
1047854,E1,2023,2024-03-05,hull city,birmingham,False
1047852,E1,2023,2024-03-05,blackburn,millwall,False
1047860,E1,2023,2024-03-05,sheffield wednesday,plymouth,False
1047857,E1,2023,2024-03-05,sunderland,leicester,False
1047853,E1,2023,2024-03-05,coventry,rotherham,False
1047855,E1,2023,2024-03-05,ipswich,bristol city,False
1047862,E1,2023,2024-03-06,watford,swansea,False
1052669,E1,2023,2024-03-06,cardiff,huddersfield,False
1047858,E1,2023,2024-03-06,middlesbrough,norwich,False
1047859,E1,2023,2024-03-06,qpr,west brom,False
1047871,E1,2023,2024-03-08,sheffield wednesday,leeds,False
1047864,E1,2023,2024-03-09,cardiff,ipswich,False
1047873,E1,2023,2024-03-09,watford,coventry,False
1047872,E1,2023,2024-03-09,southampton,sunderland,False
1047867,E1,2023,2024-03-09,millwall,birmingham,False
1047869,E1,2023,2024-03-09,preston,stoke city,False
1047866,E1,2023,2024-03-09,hull city,leicester,False
1047863,E1,2023,2024-03-09,blackburn,plymouth,False
1047868,E1,2023,2024-03-09,norwich,rotherham,False
1047870,E1,2023,2024-03-09,qpr,middlesbrough,False
1047865,E1,2023,2024-03-10,huddersfield,west brom,False
1047874,E1,2023,2024-03-10,bristol city,swansea,False
1047769,E1,2023,2024-03-12,birmingham,middlesbrough,False
1047885,E1,2023,2024-03-16,swansea,cardiff,False
1047875,E1,2023,2024-03-16,birmingham,watford,False
1047877,E1,2023,2024-03-16,ipswich,sheffield wednesday,False
1047886,E1,2023,2024-03-16,west brom,bristol city,False
1047880,E1,2023,2024-03-16,middlesbrough,blackburn,False
1047882,E1,2023,2024-03-16,rotherham,huddersfield,False
1047883,E1,2023,2024-03-16,stoke city,norwich,False
1047884,E1,2023,2024-03-16,sunderland,qpr,False
1047881,E1,2023,2024-03-16,plymouth,preston,False
1047878,E1,2023,2024-03-17,leeds,millwall,False
1047889,E1,2023,2024-03-29,bristol city,leicester,False
1047887,E1,2023,2024-03-29,millwall,west brom,False
1047891,E1,2023,2024-03-29,huddersfield,coventry,False
1047897,E1,2023,2024-03-29,southampton,middlesbrough,False
1047890,E1,2023,2024-03-29,cardiff,sunderland,False
1047894,E1,2023,2024-03-29,preston,rotherham,False
1047892,E1,2023,2024-03-29,hull city,stoke city,False
1047893,E1,2023,2024-03-29,norwich,plymouth,False
1047895,E1,2023,2024-03-29,qpr,birmingham,False
1047896,E1,2023,2024-03-29,sheffield wednesday,swansea,False
1047888,E1,2023,2024-03-29,blackburn,ipswich,False
1047898,E1,2023,2024-03-29,watford,leeds,False
1047903,E1,2023,2024-04-01,leicester,norwich,False
1047899,E1,2023,2024-04-01,birmingham,preston,False
1047910,E1,2023,2024-04-01,west brom,watford,False
1047904,E1,2023,2024-04-01,middlesbrough,sheffield wednesday,False
1047906,E1,2023,2024-04-01,rotherham,millwall,False
1047907,E1,2023,2024-04-01,stoke city,huddersfield,False
1047909,E1,2023,2024-04-01,swansea,qpr,False
1047908,E1,2023,2024-04-01,sunderland,blackburn,False
1047900,E1,2023,2024-04-01,coventry,cardiff,False
1047905,E1,2023,2024-04-01,plymouth,bristol city,False
1047901,E1,2023,2024-04-01,ipswich,southampton,False
1047902,E1,2023,2024-04-01,leeds,hull city,False
1047919,E1,2023,2024-04-05,rotherham,plymouth,False
1047917,E1,2023,2024-04-06,norwich,ipswich,False
1047914,E1,2023,2024-04-06,huddersfield,millwall,False
1047922,E1,2023,2024-04-06,watford,preston,False
1047912,E1,2023,2024-04-06,cardiff,hull city,False
1047915,E1,2023,2024-04-06,leicester,birmingham,False
1047911,E1,2023,2024-04-06,blackburn,southampton,False
1047916,E1,2023,2024-04-06,middlesbrough,swansea,False
1047918,E1,2023,2024-04-06,qpr,sheffield wednesday,False
1047920,E1,2023,2024-04-06,stoke city,west brom,False
1047921,E1,2023,2024-04-06,sunderland,bristol city,False
1047913,E1,2023,2024-04-06,coventry,leeds,False
1047928,E1,2023,2024-04-09,southampton,coventry,False
1047924,E1,2023,2024-04-09,millwall,leicester,False
1047926,E1,2023,2024-04-09,preston,huddersfield,False
1047927,E1,2023,2024-04-09,sheffield wednesday,norwich,False
1047925,E1,2023,2024-04-09,plymouth,qpr,False
1047923,E1,2023,2024-04-09,leeds,sunderland,False
1047929,E1,2023,2024-04-10,birmingham,cardiff,False
1047930,E1,2023,2024-04-10,bristol city,blackburn,False
1047932,E1,2023,2024-04-10,ipswich,watford,False
1047931,E1,2023,2024-04-10,hull city,middlesbrough,False
1047934,E1,2023,2024-04-10,west brom,rotherham,False
1047933,E1,2023,2024-04-10,swansea,stoke city,False
1047941,E1,2023,2024-04-12,plymouth,leicester,False
1047939,E1,2023,2024-04-13,leeds,blackburn,False
1047944,E1,2023,2024-04-13,southampton,watford,False
1047935,E1,2023,2024-04-13,birmingham,coventry,False
1047936,E1,2023,2024-04-13,bristol city,huddersfield,False
1047938,E1,2023,2024-04-13,ipswich,middlesbrough,False
1047940,E1,2023,2024-04-13,millwall,cardiff,False
1047942,E1,2023,2024-04-13,preston,norwich,False
1047946,E1,2023,2024-04-13,west brom,sunderland,False
1047937,E1,2023,2024-04-13,hull city,qpr,False
1047943,E1,2023,2024-04-13,sheffield wednesday,stoke city,False
1047945,E1,2023,2024-04-13,swansea,rotherham,False
1047861,E1,2023,2024-04-16,southampton,preston,False
1047951,E1,2023,2024-04-20,leicester,west brom,False
1047950,E1,2023,2024-04-20,huddersfield,swansea,False
1047958,E1,2023,2024-04-20,watford,hull city,False
1047948,E1,2023,2024-04-20,cardiff,southampton,False
1047953,E1,2023,2024-04-20,norwich,bristol city,False
1047955,E1,2023,2024-04-20,rotherham,birmingham,False
1047956,E1,2023,2024-04-20,stoke city,plymouth,False
1047957,E1,2023,2024-04-20,sunderland,millwall,False
1047954,E1,2023,2024-04-20,qpr,preston,False
1047947,E1,2023,2024-04-21,blackburn,sheffield wednesday,False
1047952,E1,2023,2024-04-22,middlesbrough,leeds,False
1047879,E1,2023,2024-04-23,leicester,southampton,False
1047876,E1,2023,2024-04-24,coventry,hull city,False
1047966,E1,2023,2024-04-26,qpr,leeds,False
1047962,E1,2023,2024-04-27,huddersfield,birmingham,False
1047969,E1,2023,2024-04-27,watford,sunderland,False
1047968,E1,2023,2024-04-27,southampton,stoke city,False
1047961,E1,2023,2024-04-27,cardiff,middlesbrough,False
1047960,E1,2023,2024-04-27,bristol city,rotherham,False
1047964,E1,2023,2024-04-27,millwall,plymouth,False
1047959,E1,2023,2024-04-27,blackburn,coventry,False
1052670,E1,2023,2024-04-27,norwich,swansea,False
1047967,E1,2023,2024-04-27,sheffield wednesday,west brom,False
1047963,E1,2023,2024-04-27,hull city,ipswich,False
1047965,E1,2023,2024-04-29,preston,leicester,False
1047949,E1,2023,2024-04-30,coventry,ipswich,False
1047974,E1,2023,2024-05-04,leicester,blackburn,False
1047970,E1,2023,2024-05-04,birmingham,norwich,False
1047972,E1,2023,2024-05-04,ipswich,huddersfield,False
1047981,E1,2023,2024-05-04,west brom,preston,False
1047973,E1,2023,2024-05-04,leeds,southampton,False
1047975,E1,2023,2024-05-04,middlesbrough,watford,False
1047977,E1,2023,2024-05-04,rotherham,cardiff,False
1047978,E1,2023,2024-05-04,stoke city,bristol city,False
1047980,E1,2023,2024-05-04,swansea,millwall,False
1047979,E1,2023,2024-05-04,sunderland,sheffield wednesday,False
1047971,E1,2023,2024-05-04,coventry,qpr,False
1047976,E1,2023,2024-05-04,plymouth,hull city,False
1198888,E1,2023,2024-05-12,norwich,leeds,False
1198890,E1,2023,2024-05-12,west brom,southampton,False
1198889,E1,2023,2024-05-16,leeds,norwich,False
1198891,E1,2023,2024-05-17,southampton,west brom,False
1200665,E1,2023,2024-05-26,leeds,southampton,False
1215844,E1,2024,2024-08-09,preston,sheffield utd,False
1215843,E1,2024,2024-08-09,blackburn,derby,False
1215845,E1,2024,2024-08-10,cardiff,sunderland,False
1215849,E1,2024,2024-08-10,millwall,watford,False
1215847,E1,2024,2024-08-10,leeds,portsmouth,False
1215846,E1,2024,2024-08-10,hull city,bristol city,False
1215848,E1,2024,2024-08-10,middlesbrough,swansea,False
1215851,E1,2024,2024-08-10,qpr,west brom,False
1215852,E1,2024,2024-08-10,stoke city,coventry,False
1215850,E1,2024,2024-08-10,oxford united,norwich,False
1215853,E1,2024,2024-08-11,sheffield wednesday,plymouth,False
1215854,E1,2024,2024-08-12,luton,burnley,False
1215857,E1,2024,2024-08-16,coventry,oxford united,False
1215866,E1,2024,2024-08-17,west brom,leeds,False
1215858,E1,2024,2024-08-17,derby,middlesbrough,False
1215861,E1,2024,2024-08-17,portsmouth,luton,False
1215865,E1,2024,2024-08-17,watford,stoke city,False
1215856,E1,2024,2024-08-17,burnley,cardiff,False
1215855,E1,2024,2024-08-17,bristol city,millwall,False
1215862,E1,2024,2024-08-17,sheffield utd,qpr,False
1215859,E1,2024,2024-08-17,norwich,blackburn,False
1215864,E1,2024,2024-08-17,swansea,preston,False
1215860,E1,2024,2024-08-17,plymouth,hull city,False
1215863,E1,2024,2024-08-18,sunderland,sheffield wednesday,False
1215874,E1,2024,2024-08-23,sheffield wednesday,leeds,False
1215868,E1,2024,2024-08-24,bristol city,coventry,False
1215869,E1,2024,2024-08-24,hull city,millwall,False
1215873,E1,2024,2024-08-24,qpr,plymouth,False
1215878,E1,2024,2024-08-24,watford,derby,False
1215872,E1,2024,2024-08-24,preston,luton,False
1215867,E1,2024,2024-08-24,blackburn,oxford united,False
1215870,E1,2024,2024-08-24,middlesbrough,portsmouth,False
1215871,E1,2024,2024-08-24,norwich,sheffield utd,False
1215875,E1,2024,2024-08-24,stoke city,west brom,False
1215876,E1,2024,2024-08-24,sunderland,burnley,False
1215877,E1,2024,2024-08-25,swansea,cardiff,False
1215884,E1,2024,2024-08-30,luton,qpr,False
1215880,E1,2024,2024-08-31,cardiff,middlesbrough,False
1215879,E1,2024,2024-08-31,burnley,blackburn,False
1215881,E1,2024,2024-08-31,coventry,norwich,False
1215885,E1,2024,2024-08-31,millwall,sheffield wednesday,False
1215890,E1,2024,2024-08-31,west brom,swansea,False
1215883,E1,2024,2024-08-31,leeds,hull city,False
1215882,E1,2024,2024-08-31,derby,bristol city,False
1215886,E1,2024,2024-08-31,oxford united,preston,False
1215888,E1,2024,2024-08-31,portsmouth,sunderland,False
1215887,E1,2024,2024-08-31,plymouth,stoke city,False
1215889,E1,2024,2024-09-01,sheffield utd,watford,False
1215893,E1,2024,2024-09-13,hull city,sheffield utd,False
1215896,E1,2024,2024-09-14,millwall,luton,False
1215894,E1,2024,2024-09-14,leeds,burnley,False
1215897,E1,2024,2024-09-14,oxford united,stoke city,False
1215902,E1,2024,2024-09-14,watford,coventry,False
1215891,E1,2024,2024-09-14,blackburn,bristol city,False
1215892,E1,2024,2024-09-14,derby,cardiff,False
1215895,E1,2024,2024-09-14,middlesbrough,preston,False
1215900,E1,2024,2024-09-14,sheffield wednesday,qpr,False
1215901,E1,2024,2024-09-14,swansea,norwich,False
1215898,E1,2024,2024-09-14,plymouth,sunderland,False
1215899,E1,2024,2024-09-15,portsmouth,west brom,False
1215912,E1,2024,2024-09-20,stoke city,hull city,False
1215908,E1,2024,2024-09-21,norwich,watford,False
1215910,E1,2024,2024-09-21,qpr,millwall,False
1215913,E1,2024,2024-09-21,sunderland,middlesbrough,False
1215905,E1,2024,2024-09-21,cardiff,leeds,False
1215904,E1,2024,2024-09-21,burnley,portsmouth,False
1215903,E1,2024,2024-09-21,bristol city,oxford united,False
1215914,E1,2024,2024-09-21,west brom,plymouth,False
1215911,E1,2024,2024-09-21,sheffield utd,derby,False
1215906,E1,2024,2024-09-21,coventry,swansea,False
1215907,E1,2024,2024-09-21,luton,sheffield wednesday,False
1215909,E1,2024,2024-09-22,preston,blackburn,False
1215922,E1,2024,2024-09-27,plymouth,luton,False
1215915,E1,2024,2024-09-28,blackburn,qpr,False
1215916,E1,2024,2024-09-28,derby,norwich,False
1215924,E1,2024,2024-09-28,sheffield wednesday,west brom,False
1215926,E1,2024,2024-09-28,watford,sunderland,False
1215920,E1,2024,2024-09-28,millwall,preston,False
1215918,E1,2024,2024-09-28,leeds,coventry,False
1215917,E1,2024,2024-09-28,hull city,cardiff,False
1215919,E1,2024,2024-09-28,middlesbrough,stoke city,False
1215921,E1,2024,2024-09-28,oxford united,burnley,False
1215923,E1,2024,2024-09-28,portsmouth,sheffield utd,False
1215925,E1,2024,2024-09-29,swansea,bristol city,False
1215928,E1,2024,2024-10-01,cardiff,millwall,False
1215927,E1,2024,2024-10-01,burnley,plymouth,False
1215936,E1,2024,2024-10-01,norwich,leeds,False
1215931,E1,2024,2024-10-01,qpr,hull city,False
1215933,E1,2024,2024-10-01,sunderland,derby,False
1215929,E1,2024,2024-10-01,coventry,blackburn,False
1215930,E1,2024,2024-10-01,luton,oxford united,False
1215934,E1,2024,2024-10-01,west brom,middlesbrough,False
1215937,E1,2024,2024-10-02,preston,watford,False
1215932,E1,2024,2024-10-02,sheffield utd,swansea,False
1215938,E1,2024,2024-10-02,stoke city,portsmouth,False
1215935,E1,2024,2024-10-02,bristol city,sheffield wednesday,False
1215947,E1,2024,2024-10-04,sunderland,leeds,False
1215940,E1,2024,2024-10-05,burnley,preston,False
1215943,E1,2024,2024-10-05,norwich,hull city,False
1215945,E1,2024,2024-10-05,portsmouth,oxford united,False
1215949,E1,2024,2024-10-05,watford,middlesbrough,False
1215950,E1,2024,2024-10-05,west brom,millwall,False
1215946,E1,2024,2024-10-05,sheffield utd,luton,False
1215942,E1,2024,2024-10-05,derby,qpr,False
1215948,E1,2024,2024-10-05,swansea,stoke city,False
1215941,E1,2024,2024-10-05,coventry,sheffield wednesday,False
1215944,E1,2024,2024-10-05,plymouth,blackburn,False
1215939,E1,2024,2024-10-06,bristol city,cardiff,False
1215954,E1,2024,2024-10-18,leeds,sheffield utd,False
1215952,E1,2024,2024-10-19,cardiff,plymouth,False
1215959,E1,2024,2024-10-19,preston,coventry,False
1215958,E1,2024,2024-10-19,oxford united,west brom,False
1215955,E1,2024,2024-10-19,luton,watford,False
1215957,E1,2024,2024-10-19,millwall,derby,False
1215951,E1,2024,2024-10-19,blackburn,swansea,False
1215956,E1,2024,2024-10-19,middlesbrough,bristol city,False
1215960,E1,2024,2024-10-19,qpr,portsmouth,False
1215961,E1,2024,2024-10-19,sheffield wednesday,burnley,False
1215962,E1,2024,2024-10-19,stoke city,norwich,False
1215953,E1,2024,2024-10-20,hull city,sunderland,False
1215963,E1,2024,2024-10-22,cardiff,portsmouth,False
1215967,E1,2024,2024-10-22,preston,norwich,False
1215965,E1,2024,2024-10-22,leeds,watford,False
1215969,E1,2024,2024-10-22,sheffield wednesday,swansea,False
1215970,E1,2024,2024-10-22,stoke city,bristol city,False
1215966,E1,2024,2024-10-22,oxford united,derby,False
1215968,E1,2024,2024-10-22,qpr,coventry,False
1215974,E1,2024,2024-10-23,millwall,plymouth,False
1215964,E1,2024,2024-10-23,hull city,burnley,False
1215971,E1,2024,2024-10-23,blackburn,west brom,False
1215972,E1,2024,2024-10-23,luton,sunderland,False
1215973,E1,2024,2024-10-23,middlesbrough,sheffield utd,False
1215981,E1,2024,2024-10-25,portsmouth,sheffield wednesday,False
1215985,E1,2024,2024-10-26,watford,blackburn,False
1215975,E1,2024,2024-10-26,bristol city,leeds,False
1215977,E1,2024,2024-10-26,coventry,luton,False
1215976,E1,2024,2024-10-26,burnley,qpr,False
1215986,E1,2024,2024-10-26,west brom,cardiff,False
1215982,E1,2024,2024-10-26,sheffield utd,stoke city,False
1215978,E1,2024,2024-10-26,derby,hull city,False
1215984,E1,2024,2024-10-26,swansea,millwall,False
1215983,E1,2024,2024-10-26,sunderland,oxford united,False
1215980,E1,2024,2024-10-26,plymouth,preston,False
1215979,E1,2024,2024-10-27,norwich,middlesbrough,False
1215991,E1,2024,2024-11-01,luton,west brom,False
1215987,E1,2024,2024-11-02,blackburn,sheffield utd,False
1215998,E1,2024,2024-11-02,stoke city,derby,False
1215994,E1,2024,2024-11-02,oxford united,swansea,False
1215988,E1,2024,2024-11-02,cardiff,norwich,False
1215995,E1,2024,2024-11-02,preston,bristol city,False
1215990,E1,2024,2024-11-02,leeds,plymouth,False
1215989,E1,2024,2024-11-02,hull city,portsmouth,False
1215992,E1,2024,2024-11-02,middlesbrough,coventry,False
1215996,E1,2024,2024-11-02,qpr,sunderland,False
1215997,E1,2024,2024-11-02,sheffield wednesday,watford,False
1215993,E1,2024,2024-11-03,millwall,burnley,False
1215999,E1,2024,2024-11-05,bristol city,sheffield utd,False
1216003,E1,2024,2024-11-05,qpr,middlesbrough,False
1216004,E1,2024,2024-11-05,sheffield wednesday,norwich,False
1216001,E1,2024,2024-11-05,oxford united,hull city,False
1216005,E1,2024,2024-11-05,swansea,watford,False
1216002,E1,2024,2024-11-05,plymouth,portsmouth,False
1216000,E1,2024,2024-11-06,millwall,leeds,False
1216007,E1,2024,2024-11-06,blackburn,stoke city,False
1216008,E1,2024,2024-11-06,coventry,derby,False
1216010,E1,2024,2024-11-06,preston,sunderland,False
1216009,E1,2024,2024-11-06,luton,cardiff,False
1216006,E1,2024,2024-11-07,west brom,burnley,False
1216022,E1,2024,2024-11-08,watford,oxford united,False
1216012,E1,2024,2024-11-09,cardiff,blackburn,False
1216016,E1,2024,2024-11-09,middlesbrough,luton,False
1216020,E1,2024,2024-11-09,stoke city,millwall,False
1216015,E1,2024,2024-11-09,leeds,qpr,False
1216013,E1,2024,2024-11-09,derby,plymouth,False
1216017,E1,2024,2024-11-09,norwich,bristol city,False
1216021,E1,2024,2024-11-09,sunderland,coventry,False
1216018,E1,2024,2024-11-09,portsmouth,preston,False
1216019,E1,2024,2024-11-10,sheffield utd,sheffield wednesday,False
1216014,E1,2024,2024-11-10,hull city,west brom,False
1216011,E1,2024,2024-11-10,burnley,swansea,False
1216029,E1,2024,2024-11-22,plymouth,watford,False
1216024,E1,2024,2024-11-23,bristol city,burnley,False
1216032,E1,2024,2024-11-23,sheffield wednesday,cardiff,False
1216025,E1,2024,2024-11-23,coventry,sheffield utd,False
1216027,E1,2024,2024-11-23,millwall,sunderland,False
1216030,E1,2024,2024-11-23,preston,derby,False
1216034,E1,2024,2024-11-23,west brom,norwich,False
1216031,E1,2024,2024-11-23,qpr,stoke city,False
1216028,E1,2024,2024-11-23,oxford united,middlesbrough,False
1216026,E1,2024,2024-11-23,luton,hull city,False
1216033,E1,2024,2024-11-24,swansea,leeds,False
1216042,E1,2024,2024-11-26,watford,bristol city,False
1216035,E1,2024,2024-11-26,burnley,coventry,False
1216039,E1,2024,2024-11-26,sheffield utd,oxford united,False
1216036,E1,2024,2024-11-26,hull city,sheffield wednesday,False
1216038,E1,2024,2024-11-26,norwich,plymouth,False
1216040,E1,2024,2024-11-26,stoke city,preston,False
1216041,E1,2024,2024-11-26,sunderland,west brom,False
1216043,E1,2024,2024-11-27,cardiff,qpr,False
1216037,E1,2024,2024-11-27,leeds,luton,False
1216045,E1,2024,2024-11-27,middlesbrough,blackburn,False
1216044,E1,2024,2024-11-27,derby,swansea,False
1216055,E1,2024,2024-11-29,sheffield utd,sunderland,False
1216058,E1,2024,2024-11-30,watford,qpr,False
1216051,E1,2024,2024-11-30,middlesbrough,hull city,False
1216053,E1,2024,2024-11-30,oxford united,millwall,False
1216047,E1,2024,2024-11-30,blackburn,leeds,False
1216048,E1,2024,2024-11-30,bristol city,plymouth,False
1216054,E1,2024,2024-11-30,preston,west brom,False
1216052,E1,2024,2024-11-30,norwich,luton,False
1216056,E1,2024,2024-11-30,stoke city,burnley,False
1216057,E1,2024,2024-11-30,swansea,portsmouth,False
1216049,E1,2024,2024-11-30,coventry,cardiff,False
1216050,E1,2024,2024-12-01,derby,sheffield wednesday,False
1216059,E1,2024,2024-12-06,burnley,middlesbrough,False
1216062,E1,2024,2024-12-07,leeds,derby,False
1216068,E1,2024,2024-12-07,sheffield wednesday,preston,False
1216069,E1,2024,2024-12-07,sunderland,stoke city,False
1216064,E1,2024,2024-12-07,millwall,coventry,False
1216061,E1,2024,2024-12-07,hull city,blackburn,False
1216067,E1,2024,2024-12-07,qpr,norwich,False
1216066,E1,2024,2024-12-07,portsmouth,bristol city,False
1216063,E1,2024,2024-12-07,luton,swansea,False
1216070,E1,2024,2024-12-08,west brom,sheffield utd,False
1216071,E1,2024,2024-12-10,burnley,derby,False
1216077,E1,2024,2024-12-10,sheffield wednesday,blackburn,False
1216078,E1,2024,2024-12-10,sunderland,bristol city,False
1216076,E1,2024,2024-12-10,portsmouth,norwich,False
1216075,E1,2024,2024-12-10,plymouth,swansea,False
1216073,E1,2024,2024-12-10,luton,stoke city,False
1216072,E1,2024,2024-12-10,leeds,middlesbrough,False
1216079,E1,2024,2024-12-11,cardiff,preston,False
1216074,E1,2024,2024-12-11,millwall,sheffield utd,False
1216080,E1,2024,2024-12-11,hull city,watford,False
1216081,E1,2024,2024-12-11,qpr,oxford united,False
1216082,E1,2024,2024-12-11,west brom,coventry,False
1216086,E1,2024,2024-12-13,derby,portsmouth,False
1216084,E1,2024,2024-12-14,bristol city,qpr,False
1216090,E1,2024,2024-12-14,preston,leeds,False
1216085,E1,2024,2024-12-14,coventry,hull city,False
1216091,E1,2024,2024-12-14,sheffield utd,plymouth,False
1216083,E1,2024,2024-12-14,blackburn,luton,False
1216087,E1,2024,2024-12-14,middlesbrough,millwall,False
1216092,E1,2024,2024-12-14,stoke city,cardiff,False
1216093,E1,2024,2024-12-14,swansea,sunderland,False
1216089,E1,2024,2024-12-14,oxford united,sheffield wednesday,False
1216094,E1,2024,2024-12-15,watford,west brom,False
1216088,E1,2024,2024-12-15,norwich,burnley,False
1216099,E1,2024,2024-12-20,luton,derby,False
1216097,E1,2024,2024-12-21,hull city,swansea,False
1216104,E1,2024,2024-12-21,sheffield wednesday,stoke city,False
1216102,E1,2024,2024-12-21,portsmouth,coventry,False
1216096,E1,2024,2024-12-21,cardiff,sheffield utd,False
1216095,E1,2024,2024-12-21,burnley,watford,False
1216100,E1,2024,2024-12-21,millwall,blackburn,False
1216098,E1,2024,2024-12-21,leeds,oxford united,False
1216103,E1,2024,2024-12-21,qpr,preston,False
1216105,E1,2024,2024-12-21,sunderland,norwich,False
1216101,E1,2024,2024-12-21,plymouth,middlesbrough,False
1216106,E1,2024,2024-12-22,west brom,bristol city,False
1216118,E1,2024,2024-12-26,watford,portsmouth,False
1216108,E1,2024,2024-12-26,bristol city,luton,False
1216114,E1,2024,2024-12-26,preston,hull city,False
1216115,E1,2024,2024-12-26,sheffield utd,burnley,False
1216107,E1,2024,2024-12-26,blackburn,sunderland,False
1216111,E1,2024,2024-12-26,middlesbrough,sheffield wednesday,False
1216112,E1,2024,2024-12-26,norwich,millwall,False
1216117,E1,2024,2024-12-26,swansea,qpr,False
1216113,E1,2024,2024-12-26,oxford united,cardiff,False
1216109,E1,2024,2024-12-26,coventry,plymouth,False
1216110,E1,2024,2024-12-26,derby,west brom,False
1216116,E1,2024,2024-12-26,stoke city,leeds,False
1216126,E1,2024,2024-12-29,preston,sheffield wednesday,False
1216127,E1,2024,2024-12-29,sheffield utd,west brom,False
1216124,E1,2024,2024-12-29,norwich,qpr,False
1216130,E1,2024,2024-12-29,watford,cardiff,False
1216120,E1,2024,2024-12-29,bristol city,portsmouth,False
1216119,E1,2024,2024-12-29,blackburn,hull city,False
1216128,E1,2024,2024-12-29,stoke city,sunderland,False
1216129,E1,2024,2024-12-29,swansea,luton,False
1216125,E1,2024,2024-12-29,oxford united,plymouth,False
1216121,E1,2024,2024-12-29,coventry,millwall,False
1216122,E1,2024,2024-12-29,derby,leeds,False
1216123,E1,2024,2024-12-29,middlesbrough,burnley,False
1216139,E1,2024,2025-01-01,qpr,watford,False
1216137,E1,2024,2025-01-01,plymouth,bristol city,False
1216136,E1,2024,2025-01-01,millwall,oxford united,False
1216132,E1,2024,2025-01-01,cardiff,coventry,False
1216131,E1,2024,2025-01-01,burnley,stoke city,False
1216142,E1,2024,2025-01-01,west brom,preston,False
1216134,E1,2024,2025-01-01,leeds,blackburn,False
1216140,E1,2024,2025-01-01,sheffield wednesday,derby,False
1216138,E1,2024,2025-01-01,portsmouth,swansea,False
1216135,E1,2024,2025-01-01,luton,norwich,False
1216133,E1,2024,2025-01-01,hull city,middlesbrough,False
1216141,E1,2024,2025-01-01,sunderland,sheffield utd,False
1216143,E1,2024,2025-01-04,blackburn,burnley,False
1216151,E1,2024,2025-01-04,stoke city,plymouth,False
1216153,E1,2024,2025-01-04,swansea,west brom,False
1216154,E1,2024,2025-01-04,watford,sheffield utd,False
1216144,E1,2024,2025-01-04,bristol city,derby,False
1216148,E1,2024,2025-01-04,preston,oxford united,False
1216145,E1,2024,2025-01-04,hull city,leeds,False
1216146,E1,2024,2025-01-04,middlesbrough,cardiff,False
1216147,E1,2024,2025-01-04,norwich,coventry,False
1216150,E1,2024,2025-01-04,sheffield wednesday,millwall,False
1216152,E1,2024,2025-01-05,sunderland,portsmouth,False
1216149,E1,2024,2025-01-06,qpr,luton,False
1216060,E1,2024,2025-01-14,cardiff,watford,False
1216065,E1,2024,2025-01-14,plymouth,oxford united,False
1216023,E1,2024,2025-01-15,blackburn,portsmouth,False
1216155,E1,2024,2025-01-17,burnley,sunderland,False
1216156,E1,2024,2025-01-18,cardiff,swansea,False
1216161,E1,2024,2025-01-18,millwall,hull city,False
1216163,E1,2024,2025-01-18,plymouth,qpr,False
1216166,E1,2024,2025-01-18,west brom,stoke city,False
1216165,E1,2024,2025-01-18,sheffield utd,norwich,False
1216158,E1,2024,2025-01-18,derby,watford,False
1216162,E1,2024,2025-01-18,oxford united,blackburn,False
1216157,E1,2024,2025-01-18,coventry,bristol city,False
1216164,E1,2024,2025-01-18,portsmouth,middlesbrough,False
1216160,E1,2024,2025-01-18,luton,preston,False
1216159,E1,2024,2025-01-19,leeds,sheffield wednesday,False
1216174,E1,2024,2025-01-21,watford,preston,False
1216169,E1,2024,2025-01-21,hull city,qpr,False
1216167,E1,2024,2025-01-21,blackburn,coventry,False
1216168,E1,2024,2025-01-21,derby,sunderland,False
1216170,E1,2024,2025-01-21,middlesbrough,west brom,False
1216173,E1,2024,2025-01-21,swansea,sheffield utd,False
1216172,E1,2024,2025-01-21,oxford united,luton,False
1216171,E1,2024,2025-01-21,millwall,cardiff,False
1216175,E1,2024,2025-01-22,leeds,norwich,False
1216178,E1,2024,2025-01-22,sheffield wednesday,bristol city,False
1216177,E1,2024,2025-01-22,portsmouth,stoke city,False
1216176,E1,2024,2025-01-22,plymouth,burnley,False
1216187,E1,2024,2025-01-24,sheffield utd,hull city,False
1216184,E1,2024,2025-01-25,norwich,swansea,False
1216188,E1,2024,2025-01-25,stoke city,oxford united,False
1216183,E1,2024,2025-01-25,luton,millwall,False
1216181,E1,2024,2025-01-25,cardiff,derby,False
1216179,E1,2024,2025-01-25,bristol city,blackburn,False
1216185,E1,2024,2025-01-25,preston,middlesbrough,False
1216190,E1,2024,2025-01-25,west brom,portsmouth,False
1216186,E1,2024,2025-01-25,qpr,sheffield wednesday,False
1216189,E1,2024,2025-01-25,sunderland,plymouth,False
1216182,E1,2024,2025-01-25,coventry,watford,False
1216180,E1,2024,2025-01-27,burnley,leeds,False
1216046,E1,2024,2025-01-28,portsmouth,millwall,False
1216191,E1,2024,2025-01-31,blackburn,preston,False
1216202,E1,2024,2025-02-01,watford,norwich,False
1216197,E1,2024,2025-02-01,oxford united,bristol city,False
1216198,E1,2024,2025-02-01,plymouth,west brom,False
1216196,E1,2024,2025-02-01,millwall,qpr,False
1216194,E1,2024,2025-02-01,leeds,cardiff,False
1216193,E1,2024,2025-02-01,hull city,stoke city,False
1216192,E1,2024,2025-02-01,derby,sheffield utd,False
1216200,E1,2024,2025-02-01,sheffield wednesday,luton,False
1216201,E1,2024,2025-02-01,swansea,coventry,False
1216199,E1,2024,2025-02-01,portsmouth,burnley,False
1216195,E1,2024,2025-02-03,middlesbrough,sunderland,False
1216204,E1,2024,2025-02-04,burnley,oxford united,False
1216210,E1,2024,2025-02-04,qpr,blackburn,False
1216206,E1,2024,2025-02-05,coventry,leeds,False
1216214,E1,2024,2025-02-08,west brom,sheffield wednesday,False
1216213,E1,2024,2025-02-08,sunderland,watford,False
1216211,E1,2024,2025-02-08,sheffield utd,portsmouth,False
1216208,E1,2024,2025-02-08,norwich,derby,False
1216203,E1,2024,2025-02-09,bristol city,swansea,False
1216222,E1,2024,2025-02-11,watford,leeds,False
1216217,E1,2024,2025-02-11,derby,oxford united,False
1216216,E1,2024,2025-02-11,coventry,qpr,False
1216220,E1,2024,2025-02-11,portsmouth,cardiff,False
1216218,E1,2024,2025-02-11,norwich,preston,False
1216223,E1,2024,2025-02-12,burnley,hull city,False
1216215,E1,2024,2025-02-12,bristol city,stoke city,False
1216221,E1,2024,2025-02-12,swansea,sheffield wednesday,False
1216225,E1,2024,2025-02-12,sunderland,luton,False
1216219,E1,2024,2025-02-12,plymouth,millwall,False
1216226,E1,2024,2025-02-12,west brom,blackburn,False
1216224,E1,2024,2025-02-12,sheffield utd,middlesbrough,False
1216236,E1,2024,2025-02-14,qpr,derby,False
1216228,E1,2024,2025-02-15,cardiff,bristol city,False
1216235,E1,2024,2025-02-15,preston,burnley,False
1216234,E1,2024,2025-02-15,oxford united,portsmouth,False
1216233,E1,2024,2025-02-15,millwall,west brom,False
1216229,E1,2024,2025-02-15,hull city,norwich,False
1216227,E1,2024,2025-02-15,blackburn,plymouth,False
1216232,E1,2024,2025-02-15,middlesbrough,watford,False
1216237,E1,2024,2025-02-15,sheffield wednesday,coventry,False
1216238,E1,2024,2025-02-15,stoke city,swansea,False
1216231,E1,2024,2025-02-15,luton,sheffield utd,False
1216230,E1,2024,2025-02-17,leeds,sunderland,False
1216209,E1,2024,2025-02-18,preston,millwall,False
1216207,E1,2024,2025-02-19,luton,plymouth,False
1216239,E1,2024,2025-02-21,bristol city,middlesbrough,False
1216240,E1,2024,2025-02-21,burnley,sheffield wednesday,False
1216242,E1,2024,2025-02-22,derby,millwall,False
1216247,E1,2024,2025-02-22,sunderland,hull city,False
1216244,E1,2024,2025-02-22,plymouth,cardiff,False
1216250,E1,2024,2025-02-22,west brom,oxford united,False
1216243,E1,2024,2025-02-22,norwich,stoke city,False
1216248,E1,2024,2025-02-22,swansea,blackburn,False
1216241,E1,2024,2025-02-22,coventry,preston,False
1216245,E1,2024,2025-02-22,portsmouth,qpr,False
1216249,E1,2024,2025-02-23,watford,luton,False
1216246,E1,2024,2025-02-24,sheffield utd,leeds,False
1216205,E1,2024,2025-02-25,cardiff,hull city,False
1216212,E1,2024,2025-02-25,stoke city,middlesbrough,False
1216261,E1,2024,2025-02-28,sheffield wednesday,sunderland,False
1216254,E1,2024,2025-03-01,leeds,west brom,False
1216251,E1,2024,2025-03-01,blackburn,norwich,False
1216258,E1,2024,2025-03-01,oxford united,coventry,False
1216256,E1,2024,2025-03-01,middlesbrough,derby,False
1216260,E1,2024,2025-03-01,qpr,sheffield utd,False
1216262,E1,2024,2025-03-01,stoke city,watford,False
1216255,E1,2024,2025-03-01,luton,portsmouth,False
1216252,E1,2024,2025-03-04,cardiff,burnley,False
1216257,E1,2024,2025-03-04,millwall,bristol city,False
1216259,E1,2024,2025-03-04,preston,swansea,False
1216253,E1,2024,2025-03-04,hull city,plymouth,False
1216267,E1,2024,2025-03-07,norwich,oxford united,False
1216273,E1,2024,2025-03-08,watford,millwall,False
1216265,E1,2024,2025-03-08,coventry,stoke city,False
1216264,E1,2024,2025-03-08,burnley,luton,False
1216263,E1,2024,2025-03-08,bristol city,hull city,False
1216274,E1,2024,2025-03-08,west brom,qpr,False
1216270,E1,2024,2025-03-08,sheffield utd,preston,False
1216266,E1,2024,2025-03-08,derby,blackburn,False
1216272,E1,2024,2025-03-08,swansea,middlesbrough,False
1216271,E1,2024,2025-03-08,sunderland,cardiff,False
1216268,E1,2024,2025-03-08,plymouth,sheffield wednesday,False
1216269,E1,2024,2025-03-09,portsmouth,leeds,False
1216276,E1,2024,2025-03-11,cardiff,luton,False
1216275,E1,2024,2025-03-11,burnley,west brom,False
1216277,E1,2024,2025-03-11,derby,coventry,False
1216278,E1,2024,2025-03-11,middlesbrough,qpr,False
1216284,E1,2024,2025-03-11,norwich,sheffield wednesday,False
1216281,E1,2024,2025-03-11,sunderland,preston,False
1216285,E1,2024,2025-03-11,sheffield utd,bristol city,False
1216286,E1,2024,2025-03-12,watford,swansea,False
1216283,E1,2024,2025-03-12,leeds,millwall,False
1216282,E1,2024,2025-03-12,hull city,oxford united,False
1216279,E1,2024,2025-03-12,portsmouth,plymouth,False
1216280,E1,2024,2025-03-12,stoke city,blackburn,False
1216288,E1,2024,2025-03-14,bristol city,norwich,False
1216291,E1,2024,2025-03-15,millwall,stoke city,False
1216295,E1,2024,2025-03-15,qpr,leeds,False
1216294,E1,2024,2025-03-15,preston,portsmouth,False
1216298,E1,2024,2025-03-15,west brom,hull city,False
1216287,E1,2024,2025-03-15,blackburn,cardiff,False
1216297,E1,2024,2025-03-15,swansea,burnley,False
1216292,E1,2024,2025-03-15,oxford united,watford,False
1216289,E1,2024,2025-03-15,coventry,sunderland,False
1216293,E1,2024,2025-03-15,plymouth,derby,False
1216290,E1,2024,2025-03-15,luton,middlesbrough,False
1216296,E1,2024,2025-03-16,sheffield wednesday,sheffield utd,False
1216307,E1,2024,2025-03-28,sheffield utd,coventry,False
1216310,E1,2024,2025-03-29,watford,plymouth,False
1216302,E1,2024,2025-03-29,hull city,luton,False
1216300,E1,2024,2025-03-29,cardiff,sheffield wednesday,False
1216299,E1,2024,2025-03-29,burnley,bristol city,False
1216303,E1,2024,2025-03-29,leeds,swansea,False
1216304,E1,2024,2025-03-29,middlesbrough,oxford united,False
1216305,E1,2024,2025-03-29,norwich,west brom,False
1216308,E1,2024,2025-03-29,stoke city,qpr,False
1216309,E1,2024,2025-03-29,sunderland,millwall,False
1216306,E1,2024,2025-03-29,portsmouth,blackburn,False
1216301,E1,2024,2025-04-02,derby,preston,False
1216311,E1,2024,2025-04-04,blackburn,middlesbrough,False
1216322,E1,2024,2025-04-05,west brom,sunderland,False
1216313,E1,2024,2025-04-05,coventry,burnley,False
1216314,E1,2024,2025-04-05,luton,leeds,False
1216312,E1,2024,2025-04-05,bristol city,watford,False
1216315,E1,2024,2025-04-05,millwall,portsmouth,False
1216318,E1,2024,2025-04-05,preston,stoke city,False
1216319,E1,2024,2025-04-05,qpr,cardiff,False
1216320,E1,2024,2025-04-05,sheffield wednesday,hull city,False
1216321,E1,2024,2025-04-05,swansea,derby,False
1216316,E1,2024,2025-04-05,oxford united,sheffield utd,False
1216317,E1,2024,2025-04-05,plymouth,norwich,False
1216330,E1,2024,2025-04-08,watford,hull city,False
1216324,E1,2024,2025-04-08,bristol city,west brom,False
1216327,E1,2024,2025-04-08,preston,cardiff,False
1216328,E1,2024,2025-04-08,sheffield utd,millwall,False
1216323,E1,2024,2025-04-08,blackburn,sheffield wednesday,False
1216332,E1,2024,2025-04-08,derby,burnley,False
1216326,E1,2024,2025-04-08,norwich,sunderland,False
1216329,E1,2024,2025-04-08,stoke city,luton,False
1216325,E1,2024,2025-04-08,middlesbrough,leeds,False
1216334,E1,2024,2025-04-09,swansea,plymouth,False
1216333,E1,2024,2025-04-09,oxford united,qpr,False
1216331,E1,2024,2025-04-09,coventry,portsmouth,False
1216335,E1,2024,2025-04-11,burnley,norwich,False
1216338,E1,2024,2025-04-12,leeds,preston,False
1216341,E1,2024,2025-04-12,plymouth,sheffield utd,False
1216336,E1,2024,2025-04-12,cardiff,stoke city,False
1216340,E1,2024,2025-04-12,millwall,middlesbrough,False
1216346,E1,2024,2025-04-12,west brom,watford,False
1216343,E1,2024,2025-04-12,qpr,bristol city,False
1216344,E1,2024,2025-04-12,sheffield wednesday,oxford united,False
1216345,E1,2024,2025-04-12,sunderland,swansea,False
1216342,E1,2024,2025-04-12,portsmouth,derby,False
1216339,E1,2024,2025-04-12,luton,blackburn,False
1216337,E1,2024,2025-04-14,hull city,coventry,False
1216350,E1,2024,2025-04-18,derby,luton,False
1216358,E1,2024,2025-04-18,watford,burnley,False
1216348,E1,2024,2025-04-18,bristol city,sunderland,False
1216354,E1,2024,2025-04-18,preston,qpr,False
1216347,E1,2024,2025-04-18,blackburn,millwall,False
1216351,E1,2024,2025-04-18,middlesbrough,plymouth,False
1216352,E1,2024,2025-04-18,norwich,portsmouth,False
1216356,E1,2024,2025-04-18,stoke city,sheffield wednesday,False
1216357,E1,2024,2025-04-18,swansea,hull city,False
1216349,E1,2024,2025-04-18,coventry,west brom,False
1216355,E1,2024,2025-04-18,sheffield utd,cardiff,False
1216353,E1,2024,2025-04-18,oxford united,leeds,False
1216360,E1,2024,2025-04-21,cardiff,oxford united,False
1216364,E1,2024,2025-04-21,millwall,norwich,False
1216370,E1,2024,2025-04-21,west brom,derby,False
1216362,E1,2024,2025-04-21,leeds,stoke city,False
1216361,E1,2024,2025-04-21,hull city,preston,False
1216367,E1,2024,2025-04-21,qpr,swansea,False
1216368,E1,2024,2025-04-21,sheffield wednesday,middlesbrough,False
1216369,E1,2024,2025-04-21,sunderland,blackburn,False
1216366,E1,2024,2025-04-21,portsmouth,watford,False
1216365,E1,2024,2025-04-21,plymouth,coventry,False
1216363,E1,2024,2025-04-21,luton,bristol city,False
1216359,E1,2024,2025-04-21,burnley,sheffield utd,False
1216382,E1,2024,2025-04-25,stoke city,sheffield utd,False
1216380,E1,2024,2025-04-26,qpr,burnley,False
1216375,E1,2024,2025-04-26,luton,coventry,False
1216372,E1,2024,2025-04-26,cardiff,west brom,False
1216377,E1,2024,2025-04-26,millwall,swansea,False
1216379,E1,2024,2025-04-26,preston,plymouth,False
1216373,E1,2024,2025-04-26,hull city,derby,False
1216371,E1,2024,2025-04-26,blackburn,watford,False
1216376,E1,2024,2025-04-26,middlesbrough,norwich,False
1216381,E1,2024,2025-04-26,sheffield wednesday,portsmouth,False
1216378,E1,2024,2025-04-26,oxford united,sunderland,False
1216374,E1,2024,2025-04-28,leeds,bristol city,False
1216393,E1,2024,2025-05-03,watford,sheffield wednesday,False
1216384,E1,2024,2025-05-03,burnley,millwall,False
1216383,E1,2024,2025-05-03,bristol city,preston,False
1216394,E1,2024,2025-05-03,west brom,luton,False
1216390,E1,2024,2025-05-03,sheffield utd,blackburn,False
1216386,E1,2024,2025-05-03,derby,stoke city,False
1216387,E1,2024,2025-05-03,norwich,cardiff,False
1216392,E1,2024,2025-05-03,swansea,oxford united,False
1216391,E1,2024,2025-05-03,sunderland,qpr,False
1216385,E1,2024,2025-05-03,coventry,middlesbrough,False
1216389,E1,2024,2025-05-03,portsmouth,hull city,False
1216388,E1,2024,2025-05-03,plymouth,leeds,False
1374041,E1,2024,2025-05-08,bristol city,sheffield utd,False
1374043,E1,2024,2025-05-09,coventry,sunderland,False
1374042,E1,2024,2025-05-12,sheffield utd,bristol city,False
1375668,E1,2024,2025-05-24,sheffield utd,sunderland,False
882962,RO1,2022,2022-07-15,afc hermannstadt,cs mioveni,False
882958,RO1,2022,2022-07-15,universitatea craiova,sepsi osk sfantu gheorghe,False
882957,RO1,2022,2022-07-16,arges pitesti,uta arad,False
882960,RO1,2022,2022-07-16,cfr 1907 cluj,rapid,False
882961,RO1,2022,2022-07-17,farul constanta,u craiova 1948,False
882959,RO1,2022,2022-07-17,fcsb,universitatea cluj,False
882963,RO1,2022,2022-07-18,fc botosani,chindia targoviste,False
882956,RO1,2022,2022-07-18,petrolul ploiesti,fc voluntari,False
882969,RO1,2022,2022-07-22,cs mioveni,farul constanta,False
882971,RO1,2022,2022-07-23,fc voluntari,fc botosani,False
882965,RO1,2022,2022-07-24,sepsi osk sfantu gheorghe,arges pitesti,False
882968,RO1,2022,2022-07-24,u craiova 1948,cfr 1907 cluj,False
882966,RO1,2022,2022-07-24,universitatea cluj,universitatea craiova,False
882967,RO1,2022,2022-07-24,rapid,fcsb,False
882970,RO1,2022,2022-07-25,chindia targoviste,afc hermannstadt,False
882964,RO1,2022,2022-07-25,uta arad,petrolul ploiesti,False
882973,RO1,2022,2022-07-29,arges pitesti,universitatea cluj,False
882977,RO1,2022,2022-07-29,farul constanta,chindia targoviste,False
882979,RO1,2022,2022-07-30,fc voluntari,uta arad,False
882976,RO1,2022,2022-07-30,cfr 1907 cluj,cs mioveni,False
882972,RO1,2022,2022-07-31,petrolul ploiesti,sepsi osk sfantu gheorghe,False
882974,RO1,2022,2022-07-31,universitatea craiova,rapid,False
882975,RO1,2022,2022-07-31,fcsb,u craiova 1948,False
882978,RO1,2022,2022-08-01,afc hermannstadt,fc botosani,False
882980,RO1,2022,2022-08-05,universitatea cluj,petrolul ploiesti,False
882983,RO1,2022,2022-08-06,cs mioveni,fcsb,False
882981,RO1,2022,2022-08-06,rapid,arges pitesti,False
882986,RO1,2022,2022-08-07,sepsi osk sfantu gheorghe,uta arad,False
882984,RO1,2022,2022-08-07,chindia targoviste,cfr 1907 cluj,False
882982,RO1,2022,2022-08-07,u craiova 1948,universitatea craiova,False
882987,RO1,2022,2022-08-08,afc hermannstadt,fc voluntari,False
882985,RO1,2022,2022-08-08,fc botosani,farul constanta,False
882989,RO1,2022,2022-08-12,arges pitesti,u craiova 1948,False
882993,RO1,2022,2022-08-13,uta arad,universitatea cluj,False
882988,RO1,2022,2022-08-13,petrolul ploiesti,rapid,False
882990,RO1,2022,2022-08-14,universitatea craiova,cs mioveni,False
882992,RO1,2022,2022-08-14,cfr 1907 cluj,fc botosani,False
882991,RO1,2022,2022-08-14,fcsb,chindia targoviste,False
882995,RO1,2022,2022-08-15,fc voluntari,sepsi osk sfantu gheorghe,False
882994,RO1,2022,2022-08-15,farul constanta,afc hermannstadt,False
882997,RO1,2022,2022-08-19,cs mioveni,arges pitesti,False
882996,RO1,2022,2022-08-19,u craiova 1948,petrolul ploiesti,False
883000,RO1,2022,2022-08-20,rapid,uta arad,False
883002,RO1,2022,2022-08-22,universitatea cluj,sepsi osk sfantu gheorghe,False
883003,RO1,2022,2022-08-22,farul constanta,fc voluntari,False
883011,RO1,2022,2022-08-26,fc voluntari,universitatea cluj,False
883007,RO1,2022,2022-08-26,uta arad,u craiova 1948,False
883004,RO1,2022,2022-08-27,petrolul ploiesti,cs mioveni,False
883009,RO1,2022,2022-08-27,sepsi osk sfantu gheorghe,rapid,False
883005,RO1,2022,2022-08-28,arges pitesti,chindia targoviste,False
883010,RO1,2022,2022-08-28,cfr 1907 cluj,farul constanta,False
883008,RO1,2022,2022-08-28,fcsb,afc hermannstadt,False
883006,RO1,2022,2022-08-29,universitatea craiova,fc botosani,False
883014,RO1,2022,2022-08-30,cs mioveni,uta arad,False
883016,RO1,2022,2022-08-30,u craiova 1948,sepsi osk sfantu gheorghe,False
883018,RO1,2022,2022-08-30,rapid,universitatea cluj,False
883012,RO1,2022,2022-08-31,chindia targoviste,petrolul ploiesti,False
883019,RO1,2022,2022-08-31,cfr 1907 cluj,fc voluntari,False
883017,RO1,2022,2022-08-31,farul constanta,fcsb,False
883013,RO1,2022,2022-09-01,fc botosani,arges pitesti,False
883015,RO1,2022,2022-09-01,afc hermannstadt,universitatea craiova,False
883023,RO1,2022,2022-09-02,sepsi osk sfantu gheorghe,cs mioveni,False
883025,RO1,2022,2022-09-02,universitatea cluj,u craiova 1948,False
883021,RO1,2022,2022-09-03,uta arad,chindia targoviste,False
883027,RO1,2022,2022-09-03,fc voluntari,rapid,False
883020,RO1,2022,2022-09-04,petrolul ploiesti,fc botosani,False
883022,RO1,2022,2022-09-05,arges pitesti,afc hermannstadt,False
883024,RO1,2022,2022-09-05,universitatea craiova,farul constanta,False
883029,RO1,2022,2022-09-09,fc botosani,uta arad,False
883030,RO1,2022,2022-09-10,chindia targoviste,sepsi osk sfantu gheorghe,False
883028,RO1,2022,2022-09-10,afc hermannstadt,petrolul ploiesti,False
883034,RO1,2022,2022-09-10,u craiova 1948,rapid,False
883031,RO1,2022,2022-09-11,farul constanta,arges pitesti,False
883033,RO1,2022,2022-09-11,cfr 1907 cluj,universitatea craiova,False
883032,RO1,2022,2022-09-12,cs mioveni,universitatea cluj,False
883035,RO1,2022,2022-09-12,fcsb,fc voluntari,False
883043,RO1,2022,2022-09-16,fc voluntari,u craiova 1948,False
883036,RO1,2022,2022-09-16,petrolul ploiesti,farul constanta,False
883037,RO1,2022,2022-09-17,uta arad,afc hermannstadt,False
883038,RO1,2022,2022-09-17,sepsi osk sfantu gheorghe,fc botosani,False
883041,RO1,2022,2022-09-17,rapid,cs mioveni,False
883039,RO1,2022,2022-09-18,universitatea cluj,chindia targoviste,False
883042,RO1,2022,2022-09-18,universitatea craiova,fcsb,False
883040,RO1,2022,2022-09-19,arges pitesti,cfr 1907 cluj,False
883051,RO1,2022,2022-09-30,universitatea craiova,fc voluntari,False
883050,RO1,2022,2022-10-01,cs mioveni,u craiova 1948,False
883044,RO1,2022,2022-10-01,cfr 1907 cluj,petrolul ploiesti,False
883046,RO1,2022,2022-10-02,afc hermannstadt,sepsi osk sfantu gheorghe,False
883045,RO1,2022,2022-10-02,farul constanta,uta arad,False
883049,RO1,2022,2022-10-02,fcsb,arges pitesti,False
883047,RO1,2022,2022-10-03,fc botosani,universitatea cluj,False
883048,RO1,2022,2022-10-03,chindia targoviste,rapid,False
883059,RO1,2022,2022-10-07,fc voluntari,cs mioveni,False
883058,RO1,2022,2022-10-07,arges pitesti,universitatea craiova,False
883055,RO1,2022,2022-10-08,universitatea cluj,afc hermannstadt,False
883056,RO1,2022,2022-10-08,rapid,fc botosani,False
883054,RO1,2022,2022-10-09,sepsi osk sfantu gheorghe,farul constanta,False
883052,RO1,2022,2022-10-09,petrolul ploiesti,fcsb,False
883057,RO1,2022,2022-10-10,u craiova 1948,chindia targoviste,False
883053,RO1,2022,2022-10-10,uta arad,cfr 1907 cluj,False
883067,RO1,2022,2022-10-14,arges pitesti,fc voluntari,False
883064,RO1,2022,2022-10-14,afc hermannstadt,rapid,False
883065,RO1,2022,2022-10-15,fc botosani,u craiova 1948,False
883063,RO1,2022,2022-10-15,farul constanta,universitatea cluj,False
883060,RO1,2022,2022-10-15,universitatea craiova,petrolul ploiesti,False
883066,RO1,2022,2022-10-16,chindia targoviste,cs mioveni,False
883061,RO1,2022,2022-10-16,fcsb,uta arad,False
883062,RO1,2022,2022-10-17,cfr 1907 cluj,sepsi osk sfantu gheorghe,False
883072,RO1,2022,2022-10-21,rapid,farul constanta,False
883075,RO1,2022,2022-10-22,fc voluntari,chindia targoviste,False
883073,RO1,2022,2022-10-22,u craiova 1948,afc hermannstadt,False
883074,RO1,2022,2022-10-23,cs mioveni,fc botosani,False
883069,RO1,2022,2022-10-23,uta arad,universitatea craiova,False
883071,RO1,2022,2022-10-23,universitatea cluj,cfr 1907 cluj,False
883068,RO1,2022,2022-10-24,petrolul ploiesti,arges pitesti,False
883070,RO1,2022,2022-10-24,sepsi osk sfantu gheorghe,fcsb,False
883083,RO1,2022,2022-10-28,chindia targoviste,fc botosani,False
883081,RO1,2022,2022-10-28,u craiova 1948,farul constanta,False
883076,RO1,2022,2022-10-29,fc voluntari,petrolul ploiesti,False
883078,RO1,2022,2022-10-29,sepsi osk sfantu gheorghe,universitatea craiova,False
883077,RO1,2022,2022-10-30,uta arad,arges pitesti,False
883080,RO1,2022,2022-10-30,rapid,cfr 1907 cluj,False
883082,RO1,2022,2022-10-31,cs mioveni,afc hermannstadt,False
883079,RO1,2022,2022-10-31,universitatea cluj,fcsb,False
883091,RO1,2022,2022-11-04,fc botosani,fc voluntari,False
883089,RO1,2022,2022-11-04,farul constanta,cs mioveni,False
883085,RO1,2022,2022-11-05,arges pitesti,sepsi osk sfantu gheorghe,False
883084,RO1,2022,2022-11-05,petrolul ploiesti,uta arad,False
883086,RO1,2022,2022-11-05,universitatea craiova,universitatea cluj,False
883090,RO1,2022,2022-11-06,afc hermannstadt,chindia targoviste,False
883087,RO1,2022,2022-11-06,fcsb,rapid,False
883088,RO1,2022,2022-11-07,cfr 1907 cluj,u craiova 1948,False
883092,RO1,2022,2022-11-11,sepsi osk sfantu gheorghe,petrolul ploiesti,False
883097,RO1,2022,2022-11-12,chindia targoviste,farul constanta,False
883094,RO1,2022,2022-11-12,rapid,universitatea craiova,False
883099,RO1,2022,2022-11-13,uta arad,fc voluntari,False
883096,RO1,2022,2022-11-13,cs mioveni,cfr 1907 cluj,False
883095,RO1,2022,2022-11-13,u craiova 1948,fcsb,False
883093,RO1,2022,2022-11-14,universitatea cluj,arges pitesti,False
883098,RO1,2022,2022-11-14,fc botosani,afc hermannstadt,False
882998,RO1,2022,2022-11-29,chindia targoviste,universitatea craiova,False
883001,RO1,2022,2022-11-30,afc hermannstadt,cfr 1907 cluj,False
882999,RO1,2022,2022-12-01,fc botosani,fcsb,False
883106,RO1,2022,2022-12-02,uta arad,sepsi osk sfantu gheorghe,False
883100,RO1,2022,2022-12-02,petrolul ploiesti,universitatea cluj,False
883107,RO1,2022,2022-12-03,fc voluntari,afc hermannstadt,False
883102,RO1,2022,2022-12-03,universitatea craiova,u craiova 1948,False
883105,RO1,2022,2022-12-04,farul constanta,fc botosani,False
883104,RO1,2022,2022-12-04,cfr 1907 cluj,chindia targoviste,False
883101,RO1,2022,2022-12-04,arges pitesti,rapid,False
883103,RO1,2022,2022-12-05,fcsb,cs mioveni,False
883115,RO1,2022,2022-12-09,sepsi osk sfantu gheorghe,fc voluntari,False
883114,RO1,2022,2022-12-10,afc hermannstadt,farul constanta,False
883113,RO1,2022,2022-12-11,universitatea cluj,uta arad,False
883112,RO1,2022,2022-12-11,fc botosani,cfr 1907 cluj,False
883111,RO1,2022,2022-12-11,chindia targoviste,fcsb,False
883109,RO1,2022,2022-12-12,u craiova 1948,arges pitesti,False
883110,RO1,2022,2022-12-12,cs mioveni,universitatea craiova,False
883108,RO1,2022,2022-12-14,rapid,petrolul ploiesti,False
883026,RO1,2022,2022-12-15,fcsb,cfr 1907 cluj,False
883123,RO1,2022,2022-12-16,fc voluntari,farul constanta,False
883122,RO1,2022,2022-12-17,sepsi osk sfantu gheorghe,universitatea cluj,False
883118,RO1,2022,2022-12-17,universitatea craiova,chindia targoviste,False
883117,RO1,2022,2022-12-18,arges pitesti,cs mioveni,False
883116,RO1,2022,2022-12-18,petrolul ploiesti,u craiova 1948,False
883120,RO1,2022,2022-12-18,uta arad,rapid,False
883119,RO1,2022,2022-12-19,fcsb,fc botosani,False
883121,RO1,2022,2022-12-20,cfr 1907 cluj,afc hermannstadt,False
883131,RO1,2022,2023-01-20,universitatea cluj,fc voluntari,False
883129,RO1,2022,2023-01-20,rapid,sepsi osk sfantu gheorghe,False
883124,RO1,2022,2023-01-21,cs mioveni,petrolul ploiesti,False
883126,RO1,2022,2023-01-21,fc botosani,universitatea craiova,False
883127,RO1,2022,2023-01-22,u craiova 1948,uta arad,False
883128,RO1,2022,2023-01-22,afc hermannstadt,fcsb,False
883125,RO1,2022,2023-01-23,chindia targoviste,arges pitesti,False
883130,RO1,2022,2023-01-23,farul constanta,cfr 1907 cluj,False
883138,RO1,2022,2023-01-27,universitatea cluj,rapid,False
883134,RO1,2022,2023-01-28,uta arad,cs mioveni,False
883132,RO1,2022,2023-01-28,petrolul ploiesti,chindia targoviste,False
883135,RO1,2022,2023-01-28,universitatea craiova,afc hermannstadt,False
883133,RO1,2022,2023-01-29,arges pitesti,fc botosani,False
883137,RO1,2022,2023-01-29,fcsb,farul constanta,False
883139,RO1,2022,2023-01-30,fc voluntari,cfr 1907 cluj,False
883141,RO1,2022,2023-02-03,chindia targoviste,uta arad,False
883145,RO1,2022,2023-02-03,u craiova 1948,universitatea cluj,False
883142,RO1,2022,2023-02-04,afc hermannstadt,arges pitesti,False
883147,RO1,2022,2023-02-04,rapid,fc voluntari,False
883143,RO1,2022,2023-02-05,cs mioveni,sepsi osk sfantu gheorghe,False
883146,RO1,2022,2023-02-05,cfr 1907 cluj,fcsb,False
883140,RO1,2022,2023-02-06,fc botosani,petrolul ploiesti,False
883144,RO1,2022,2023-02-06,farul constanta,universitatea craiova,False
883152,RO1,2022,2023-02-10,universitatea cluj,cs mioveni,False
883154,RO1,2022,2023-02-10,rapid,u craiova 1948,False
883149,RO1,2022,2023-02-11,uta arad,fc botosani,False
883153,RO1,2022,2023-02-11,universitatea craiova,cfr 1907 cluj,False
883151,RO1,2022,2023-02-12,arges pitesti,farul constanta,False
883155,RO1,2022,2023-02-12,fc voluntari,fcsb,False
883150,RO1,2022,2023-02-13,sepsi osk sfantu gheorghe,chindia targoviste,False
883148,RO1,2022,2023-02-13,petrolul ploiesti,afc hermannstadt,False
883159,RO1,2022,2023-02-17,chindia targoviste,universitatea cluj,False
883161,RO1,2022,2023-02-17,cs mioveni,rapid,False
883157,RO1,2022,2023-02-18,afc hermannstadt,uta arad,False
883156,RO1,2022,2023-02-18,farul constanta,petrolul ploiesti,False
883160,RO1,2022,2023-02-19,cfr 1907 cluj,arges pitesti,False
883162,RO1,2022,2023-02-19,fcsb,universitatea craiova,False
883158,RO1,2022,2023-02-20,fc botosani,sepsi osk sfantu gheorghe,False
883163,RO1,2022,2023-02-20,u craiova 1948,fc voluntari,False
883170,RO1,2022,2023-02-24,u craiova 1948,cs mioveni,False
883165,RO1,2022,2023-02-24,uta arad,farul constanta,False
883166,RO1,2022,2023-02-25,sepsi osk sfantu gheorghe,afc hermannstadt,False
883167,RO1,2022,2023-02-25,universitatea cluj,fc botosani,False
883168,RO1,2022,2023-02-25,rapid,chindia targoviste,False
883171,RO1,2022,2023-02-26,fc voluntari,universitatea craiova,False
883169,RO1,2022,2023-02-26,arges pitesti,fcsb,False
883164,RO1,2022,2023-02-27,petrolul ploiesti,cfr 1907 cluj,False
883175,RO1,2022,2023-02-28,afc hermannstadt,universitatea cluj,False
883177,RO1,2022,2023-02-28,chindia targoviste,u craiova 1948,False
883174,RO1,2022,2023-02-28,farul constanta,sepsi osk sfantu gheorghe,False
883179,RO1,2022,2023-03-01,cs mioveni,fc voluntari,False
883178,RO1,2022,2023-03-01,universitatea craiova,arges pitesti,False
883176,RO1,2022,2023-03-01,fc botosani,rapid,False
883173,RO1,2022,2023-03-02,cfr 1907 cluj,uta arad,False
883172,RO1,2022,2023-03-02,fcsb,petrolul ploiesti,False
883183,RO1,2022,2023-03-03,universitatea cluj,farul constanta,False
883185,RO1,2022,2023-03-04,u craiova 1948,fc botosani,False
883184,RO1,2022,2023-03-04,rapid,afc hermannstadt,False
883186,RO1,2022,2023-03-05,cs mioveni,chindia targoviste,False
883180,RO1,2022,2023-03-05,petrolul ploiesti,universitatea craiova,False
883181,RO1,2022,2023-03-05,uta arad,fcsb,False
883187,RO1,2022,2023-03-06,fc voluntari,arges pitesti,False
883182,RO1,2022,2023-03-06,sepsi osk sfantu gheorghe,cfr 1907 cluj,False
883194,RO1,2022,2023-03-10,fc botosani,cs mioveni,False
883189,RO1,2022,2023-03-10,universitatea craiova,uta arad,False
883188,RO1,2022,2023-03-11,arges pitesti,petrolul ploiesti,False
883192,RO1,2022,2023-03-11,farul constanta,rapid,False
883190,RO1,2022,2023-03-12,fcsb,sepsi osk sfantu gheorghe,False
883193,RO1,2022,2023-03-12,afc hermannstadt,u craiova 1948,False
883195,RO1,2022,2023-03-13,chindia targoviste,fc voluntari,False
883191,RO1,2022,2023-03-13,cfr 1907 cluj,universitatea cluj,False
883136,RO1,2022,2023-03-16,sepsi osk sfantu gheorghe,u craiova 1948,False
1015111,RO1,2022,2023-03-17,fc voluntari,afc hermannstadt,False
1015112,RO1,2022,2023-03-17,petrolul ploiesti,uta arad,False
1015113,RO1,2022,2023-03-18,fc botosani,chindia targoviste,False
1015109,RO1,2022,2023-03-18,fcsb,universitatea craiova,False
1015954,RO1,2022,2023-03-19,farul constanta,sepsi osk sfantu gheorghe,False
1015110,RO1,2022,2023-03-19,cfr 1907 cluj,rapid,False
1015982,RO1,2022,2023-03-20,u craiova 1948,cs mioveni,False
1015114,RO1,2022,2023-03-20,universitatea cluj,arges pitesti,False
1015983,RO1,2022,2023-03-31,u craiova 1948,petrolul ploiesti,False
1015984,RO1,2022,2023-04-01,uta arad,universitatea cluj,False
1015986,RO1,2022,2023-04-01,afc hermannstadt,fc botosani,False
1015955,RO1,2022,2023-04-01,rapid,farul constanta,False
1015985,RO1,2022,2023-04-02,arges pitesti,fc voluntari,False
1015956,RO1,2022,2023-04-02,universitatea craiova,cfr 1907 cluj,False
1015987,RO1,2022,2023-04-03,cs mioveni,chindia targoviste,False
1015957,RO1,2022,2023-04-03,sepsi osk sfantu gheorghe,fcsb,False
1015990,RO1,2022,2023-04-08,fc voluntari,uta arad,False
1015988,RO1,2022,2023-04-08,universitatea cluj,u craiova 1948,False
1015958,RO1,2022,2023-04-08,farul constanta,universitatea craiova,False
1015992,RO1,2022,2023-04-09,chindia targoviste,afc hermannstadt,False
1015991,RO1,2022,2023-04-09,fc botosani,arges pitesti,False
1015959,RO1,2022,2023-04-09,cfr 1907 cluj,fcsb,False
1015989,RO1,2022,2023-04-10,petrolul ploiesti,cs mioveni,False
1015960,RO1,2022,2023-04-10,sepsi osk sfantu gheorghe,rapid,False
1015993,RO1,2022,2023-04-14,u craiova 1948,fc voluntari,False
1015995,RO1,2022,2023-04-14,uta arad,fc botosani,False
1015997,RO1,2022,2023-04-15,cs mioveni,afc hermannstadt,False
1015963,RO1,2022,2023-04-15,cfr 1907 cluj,sepsi osk sfantu gheorghe,False
1015994,RO1,2022,2023-04-16,petrolul ploiesti,universitatea cluj,False
1015962,RO1,2022,2023-04-16,universitatea craiova,rapid,False
1015996,RO1,2022,2023-04-17,arges pitesti,chindia targoviste,False
1015961,RO1,2022,2023-04-17,fcsb,farul constanta,False
1015966,RO1,2022,2023-04-21,sepsi osk sfantu gheorghe,universitatea craiova,False
1016002,RO1,2022,2023-04-22,afc hermannstadt,arges pitesti,False
1015998,RO1,2022,2023-04-22,fc botosani,u craiova 1948,False
1015964,RO1,2022,2023-04-22,farul constanta,cfr 1907 cluj,False
1016001,RO1,2022,2023-04-23,chindia targoviste,uta arad,False
1015965,RO1,2022,2023-04-23,rapid,fcsb,False
1016000,RO1,2022,2023-04-24,universitatea cluj,cs mioveni,False
1015999,RO1,2022,2023-04-24,fc voluntari,petrolul ploiesti,False
1016003,RO1,2022,2023-04-28,u craiova 1948,chindia targoviste,False
1016007,RO1,2022,2023-04-29,cs mioveni,arges pitesti,False
1016004,RO1,2022,2023-04-29,petrolul ploiesti,fc botosani,False
1015967,RO1,2022,2023-04-29,sepsi osk sfantu gheorghe,farul constanta,False
1015969,RO1,2022,2023-04-30,universitatea craiova,fcsb,False
1016005,RO1,2022,2023-05-01,universitatea cluj,fc voluntari,False
1015968,RO1,2022,2023-05-01,rapid,cfr 1907 cluj,False
1016006,RO1,2022,2023-05-02,uta arad,afc hermannstadt,False
1016011,RO1,2022,2023-05-05,fc voluntari,cs mioveni,False
1016009,RO1,2022,2023-05-05,chindia targoviste,petrolul ploiesti,False
1016010,RO1,2022,2023-05-06,fc botosani,universitatea cluj,False
1015970,RO1,2022,2023-05-06,farul constanta,rapid,False
1015971,RO1,2022,2023-05-07,cfr 1907 cluj,universitatea craiova,False
1016008,RO1,2022,2023-05-08,afc hermannstadt,u craiova 1948,False
1016012,RO1,2022,2023-05-08,arges pitesti,uta arad,False
1015972,RO1,2022,2023-05-08,fcsb,sepsi osk sfantu gheorghe,False
1016016,RO1,2022,2023-05-12,fc voluntari,fc botosani,False
1015975,RO1,2022,2023-05-12,rapid,sepsi osk sfantu gheorghe,False
1016014,RO1,2022,2023-05-13,petrolul ploiesti,afc hermannstadt,False
1016015,RO1,2022,2023-05-13,universitatea cluj,chindia targoviste,False
1015973,RO1,2022,2023-05-13,universitatea craiova,farul constanta,False
1016017,RO1,2022,2023-05-14,cs mioveni,uta arad,False
1016013,RO1,2022,2023-05-14,u craiova 1948,arges pitesti,False
1015974,RO1,2022,2023-05-14,fcsb,cfr 1907 cluj,False
1016020,RO1,2022,2023-05-19,afc hermannstadt,universitatea cluj,False
1016021,RO1,2022,2023-05-19,chindia targoviste,fc voluntari,False
1016018,RO1,2022,2023-05-19,uta arad,u craiova 1948,False
1016019,RO1,2022,2023-05-19,arges pitesti,petrolul ploiesti,False
1016022,RO1,2022,2023-05-20,fc botosani,cs mioveni,False
1015978,RO1,2022,2023-05-20,sepsi osk sfantu gheorghe,cfr 1907 cluj,False
1015976,RO1,2022,2023-05-21,farul constanta,fcsb,False
1015977,RO1,2022,2023-05-22,rapid,universitatea craiova,False
1015980,RO1,2022,2023-05-27,fcsb,rapid,False
1028956,RO1,2022,2023-05-28,scm gloria buzău,uta arad,False
1015981,RO1,2022,2023-05-28,universitatea craiova,sepsi osk sfantu gheorghe,False
1015979,RO1,2022,2023-05-28,cfr 1907 cluj,farul constanta,False
1028958,RO1,2022,2023-05-29,dinamo bucuresti,arges pitesti,False
1028959,RO1,2022,2023-06-03,arges pitesti,dinamo bucuresti,False
1028957,RO1,2022,2023-06-04,uta arad,scm gloria buzău,False
1049765,RO1,2023,2023-07-14,oţelul,uta arad,False
1049768,RO1,2023,2023-07-14,rapid,sepsi osk sfantu gheorghe,False
1049767,RO1,2023,2023-07-15,afc hermannstadt,farul constanta,False
1049766,RO1,2023,2023-07-15,cfr 1907 cluj,politehnica iasi,False
1049769,RO1,2023,2023-07-16,petrolul ploiesti,universitatea cluj,False
1049770,RO1,2023,2023-07-16,u craiova 1948,fcsb,False
1049771,RO1,2023,2023-07-17,fc voluntari,fc botosani,False
1049772,RO1,2023,2023-07-17,dinamo bucuresti,universitatea craiova,False
1049773,RO1,2023,2023-07-21,sepsi osk sfantu gheorghe,u craiova 1948,False
1049774,RO1,2023,2023-07-21,uta arad,cfr 1907 cluj,False
1049775,RO1,2023,2023-07-22,farul constanta,fc voluntari,False
1049776,RO1,2023,2023-07-22,fcsb,dinamo bucuresti,False
1049777,RO1,2023,2023-07-23,politehnica iasi,afc hermannstadt,False
1049778,RO1,2023,2023-07-23,universitatea cluj,rapid,False
1049779,RO1,2023,2023-07-24,fc botosani,petrolul ploiesti,False
1049780,RO1,2023,2023-07-24,universitatea craiova,oţelul,False
1049785,RO1,2023,2023-07-28,u craiova 1948,universitatea cluj,False
1049786,RO1,2023,2023-07-28,rapid,fc botosani,False
1049781,RO1,2023,2023-07-29,afc hermannstadt,uta arad,False
1049783,RO1,2023,2023-07-29,oţelul,fcsb,False
1049788,RO1,2023,2023-07-30,farul constanta,politehnica iasi,False
1049782,RO1,2023,2023-07-30,cfr 1907 cluj,universitatea craiova,False
1049787,RO1,2023,2023-07-31,petrolul ploiesti,fc voluntari,False
1049784,RO1,2023,2023-07-31,dinamo bucuresti,sepsi osk sfantu gheorghe,False
1049795,RO1,2023,2023-08-04,uta arad,politehnica iasi,False
1049789,RO1,2023,2023-08-04,universitatea craiova,afc hermannstadt,False
1049793,RO1,2023,2023-08-05,fc botosani,u craiova 1948,False
1049792,RO1,2023,2023-08-05,universitatea cluj,dinamo bucuresti,False
1049796,RO1,2023,2023-08-06,petrolul ploiesti,farul constanta,False
1049790,RO1,2023,2023-08-06,fcsb,cfr 1907 cluj,False
1049791,RO1,2023,2023-08-07,sepsi osk sfantu gheorghe,oţelul,False
1049794,RO1,2023,2023-08-07,fc voluntari,rapid,False
1049801,RO1,2023,2023-08-11,u craiova 1948,fc voluntari,False
1049799,RO1,2023,2023-08-12,oţelul,universitatea cluj,False
1049802,RO1,2023,2023-08-12,politehnica iasi,universitatea craiova,False
1049803,RO1,2023,2023-08-13,rapid,petrolul ploiesti,False
1049800,RO1,2023,2023-08-14,dinamo bucuresti,fc botosani,False
1049810,RO1,2023,2023-08-18,petrolul ploiesti,u craiova 1948,False
1049811,RO1,2023,2023-08-18,universitatea craiova,uta arad,False
1049807,RO1,2023,2023-08-19,fc botosani,oţelul,False
1049808,RO1,2023,2023-08-19,fc voluntari,dinamo bucuresti,False
1049812,RO1,2023,2023-08-20,rapid,farul constanta,False
1049809,RO1,2023,2023-08-20,fcsb,politehnica iasi,False
1049805,RO1,2023,2023-08-21,sepsi osk sfantu gheorghe,afc hermannstadt,False
1049806,RO1,2023,2023-08-21,universitatea cluj,cfr 1907 cluj,False
1049815,RO1,2023,2023-08-25,oţelul,fc voluntari,False
1049819,RO1,2023,2023-08-25,u craiova 1948,rapid,False
1049814,RO1,2023,2023-08-26,cfr 1907 cluj,fc botosani,False
1049817,RO1,2023,2023-08-26,dinamo bucuresti,petrolul ploiesti,False
1049820,RO1,2023,2023-08-27,farul constanta,universitatea craiova,False
1049813,RO1,2023,2023-08-28,afc hermannstadt,universitatea cluj,False
1049818,RO1,2023,2023-08-28,uta arad,fcsb,False
1049824,RO1,2023,2023-09-01,petrolul ploiesti,oţelul,False
1049826,RO1,2023,2023-09-01,rapid,dinamo bucuresti,False
1049822,RO1,2023,2023-09-02,fc voluntari,cfr 1907 cluj,False
1049827,RO1,2023,2023-09-02,fcsb,universitatea craiova,False
1049828,RO1,2023,2023-09-03,u craiova 1948,farul constanta,False
1049823,RO1,2023,2023-09-04,universitatea cluj,politehnica iasi,False
1049821,RO1,2023,2023-09-04,fc botosani,afc hermannstadt,False
1049825,RO1,2023,2023-09-04,sepsi osk sfantu gheorghe,uta arad,False
1049832,RO1,2023,2023-09-15,uta arad,universitatea cluj,False
1049835,RO1,2023,2023-09-15,dinamo bucuresti,u craiova 1948,False
1049834,RO1,2023,2023-09-16,universitatea craiova,sepsi osk sfantu gheorghe,False
1049829,RO1,2023,2023-09-17,afc hermannstadt,fc voluntari,False
1049833,RO1,2023,2023-09-17,oţelul,rapid,False
1049836,RO1,2023,2023-09-17,farul constanta,fcsb,False
1049830,RO1,2023,2023-09-18,politehnica iasi,fc botosani,False
1049831,RO1,2023,2023-09-18,cfr 1907 cluj,petrolul ploiesti,False
1049797,RO1,2023,2023-09-21,afc hermannstadt,fcsb,False
1049842,RO1,2023,2023-09-22,u craiova 1948,oţelul,False
1049844,RO1,2023,2023-09-22,dinamo bucuresti,farul constanta,False
1049838,RO1,2023,2023-09-23,fc voluntari,politehnica iasi,False
1049839,RO1,2023,2023-09-23,fc botosani,uta arad,False
1049841,RO1,2023,2023-09-23,universitatea cluj,universitatea craiova,False
1049837,RO1,2023,2023-09-24,petrolul ploiesti,afc hermannstadt,False
1049843,RO1,2023,2023-09-24,sepsi osk sfantu gheorghe,fcsb,False
1049840,RO1,2023,2023-09-25,rapid,cfr 1907 cluj,False
1049851,RO1,2023,2023-09-29,oţelul,dinamo bucuresti,False
1049847,RO1,2023,2023-09-30,uta arad,fc voluntari,False
1049852,RO1,2023,2023-09-30,farul constanta,sepsi osk sfantu gheorghe,False
1049848,RO1,2023,2023-10-01,universitatea craiova,fc botosani,False
1049845,RO1,2023,2023-10-01,afc hermannstadt,rapid,False
1049849,RO1,2023,2023-10-01,cfr 1907 cluj,u craiova 1948,False
1049846,RO1,2023,2023-10-02,politehnica iasi,petrolul ploiesti,False
1049850,RO1,2023,2023-10-02,fcsb,universitatea cluj,False
1049798,RO1,2023,2023-10-05,cfr 1907 cluj,sepsi osk sfantu gheorghe,False
1049853,RO1,2023,2023-10-06,u craiova 1948,afc hermannstadt,False
1049854,RO1,2023,2023-10-06,rapid,politehnica iasi,False
1049855,RO1,2023,2023-10-07,petrolul ploiesti,uta arad,False
1049856,RO1,2023,2023-10-07,fc voluntari,universitatea craiova,False
1049857,RO1,2023,2023-10-07,fc botosani,fcsb,False
1049860,RO1,2023,2023-10-08,oţelul,farul constanta,False
1049858,RO1,2023,2023-10-08,dinamo bucuresti,cfr 1907 cluj,False
1049859,RO1,2023,2023-10-09,universitatea cluj,sepsi osk sfantu gheorghe,False
1049816,RO1,2023,2023-10-19,politehnica iasi,sepsi osk sfantu gheorghe,False
1049863,RO1,2023,2023-10-20,uta arad,rapid,False
1049861,RO1,2023,2023-10-21,afc hermannstadt,dinamo bucuresti,False
1049868,RO1,2023,2023-10-21,farul constanta,universitatea cluj,False
1049862,RO1,2023,2023-10-22,politehnica iasi,u craiova 1948,False
1049864,RO1,2023,2023-10-22,universitatea craiova,petrolul ploiesti,False
1049865,RO1,2023,2023-10-22,fcsb,fc voluntari,False
1049866,RO1,2023,2023-10-23,sepsi osk sfantu gheorghe,fc botosani,False
1049867,RO1,2023,2023-10-23,cfr 1907 cluj,oţelul,False
1049804,RO1,2023,2023-10-26,farul constanta,uta arad,False
1049874,RO1,2023,2023-10-27,fc voluntari,sepsi osk sfantu gheorghe,False
1049870,RO1,2023,2023-10-27,dinamo bucuresti,politehnica iasi,False
1049869,RO1,2023,2023-10-28,oţelul,afc hermannstadt,False
1049873,RO1,2023,2023-10-28,petrolul ploiesti,fcsb,False
1049871,RO1,2023,2023-10-29,u craiova 1948,uta arad,False
1049872,RO1,2023,2023-10-29,rapid,universitatea craiova,False
1049875,RO1,2023,2023-10-30,fc botosani,universitatea cluj,False
1049876,RO1,2023,2023-10-30,cfr 1907 cluj,farul constanta,False
1049878,RO1,2023,2023-11-03,politehnica iasi,oţelul,False
1049882,RO1,2023,2023-11-04,sepsi osk sfantu gheorghe,petrolul ploiesti,False
1049880,RO1,2023,2023-11-04,universitatea craiova,u craiova 1948,False
1049883,RO1,2023,2023-11-05,universitatea cluj,fc voluntari,False
1049884,RO1,2023,2023-11-05,farul constanta,fc botosani,False
1049881,RO1,2023,2023-11-05,fcsb,rapid,False
1049879,RO1,2023,2023-11-06,uta arad,dinamo bucuresti,False
1049877,RO1,2023,2023-11-06,afc hermannstadt,cfr 1907 cluj,False
1049890,RO1,2023,2023-11-10,sepsi osk sfantu gheorghe,rapid,False
1049891,RO1,2023,2023-11-11,universitatea cluj,petrolul ploiesti,False
1049886,RO1,2023,2023-11-11,politehnica iasi,cfr 1907 cluj,False
1049885,RO1,2023,2023-11-11,farul constanta,afc hermannstadt,False
1049892,RO1,2023,2023-11-12,fc botosani,fc voluntari,False
1049888,RO1,2023,2023-11-12,universitatea craiova,dinamo bucuresti,False
1049889,RO1,2023,2023-11-12,fcsb,u craiova 1948,False
1049887,RO1,2023,2023-11-13,uta arad,oţelul,False
1049893,RO1,2023,2023-11-24,afc hermannstadt,politehnica iasi,False
1049899,RO1,2023,2023-11-24,petrolul ploiesti,fc botosani,False
1049900,RO1,2023,2023-11-25,fc voluntari,farul constanta,False
1049894,RO1,2023,2023-11-25,cfr 1907 cluj,uta arad,False
1049895,RO1,2023,2023-11-26,oţelul,universitatea craiova,False
1049896,RO1,2023,2023-11-26,dinamo bucuresti,fcsb,False
1049897,RO1,2023,2023-11-27,u craiova 1948,sepsi osk sfantu gheorghe,False
1049898,RO1,2023,2023-11-27,rapid,universitatea cluj,False
1049907,RO1,2023,2023-12-01,fc voluntari,petrolul ploiesti,False
1049908,RO1,2023,2023-12-01,politehnica iasi,farul constanta,False
1049901,RO1,2023,2023-12-02,uta arad,afc hermannstadt,False
1049906,RO1,2023,2023-12-02,fc botosani,rapid,False
1049902,RO1,2023,2023-12-02,universitatea craiova,cfr 1907 cluj,False
1049905,RO1,2023,2023-12-03,universitatea cluj,u craiova 1948,False
1049903,RO1,2023,2023-12-03,fcsb,oţelul,False
1049904,RO1,2023,2023-12-04,sepsi osk sfantu gheorghe,dinamo bucuresti,False
1049915,RO1,2023,2023-12-08,politehnica iasi,uta arad,False
1049914,RO1,2023,2023-12-09,rapid,fc voluntari,False
1049909,RO1,2023,2023-12-10,afc hermannstadt,universitatea craiova,False
1049916,RO1,2023,2023-12-10,farul constanta,petrolul ploiesti,False
1049910,RO1,2023,2023-12-10,cfr 1907 cluj,fcsb,False
1049913,RO1,2023,2023-12-11,u craiova 1948,fc botosani,False
1049912,RO1,2023,2023-12-11,dinamo bucuresti,universitatea cluj,False
1049911,RO1,2023,2023-12-12,oţelul,sepsi osk sfantu gheorghe,False
1049921,RO1,2023,2023-12-15,fc voluntari,u craiova 1948,False
1049923,RO1,2023,2023-12-15,petrolul ploiesti,rapid,False
1049924,RO1,2023,2023-12-16,uta arad,farul constanta,False
1049922,RO1,2023,2023-12-16,universitatea craiova,politehnica iasi,False
1049917,RO1,2023,2023-12-16,fcsb,afc hermannstadt,False
1049919,RO1,2023,2023-12-17,universitatea cluj,oţelul,False
1049918,RO1,2023,2023-12-17,sepsi osk sfantu gheorghe,cfr 1907 cluj,False
1049920,RO1,2023,2023-12-18,fc botosani,dinamo bucuresti,False
1049930,RO1,2023,2023-12-19,u craiova 1948,petrolul ploiesti,False
1049929,RO1,2023,2023-12-19,politehnica iasi,fcsb,False
1049931,RO1,2023,2023-12-20,uta arad,universitatea craiova,False
1049932,RO1,2023,2023-12-20,farul constanta,rapid,False
1049925,RO1,2023,2023-12-21,afc hermannstadt,sepsi osk sfantu gheorghe,False
1049926,RO1,2023,2023-12-21,cfr 1907 cluj,universitatea cluj,False
1049927,RO1,2023,2023-12-22,oţelul,fc botosani,False
1049928,RO1,2023,2023-12-22,dinamo bucuresti,fc voluntari,False
1049936,RO1,2023,2024-01-19,sepsi osk sfantu gheorghe,politehnica iasi,False
1049939,RO1,2023,2024-01-19,rapid,u craiova 1948,False
1049933,RO1,2023,2024-01-20,universitatea cluj,afc hermannstadt,False
1049937,RO1,2023,2024-01-20,petrolul ploiesti,dinamo bucuresti,False
1049934,RO1,2023,2024-01-21,fc botosani,cfr 1907 cluj,False
1049940,RO1,2023,2024-01-21,universitatea craiova,farul constanta,False
1049935,RO1,2023,2024-01-22,fc voluntari,oţelul,False
1049938,RO1,2023,2024-01-22,fcsb,uta arad,False
1049942,RO1,2023,2024-01-26,farul constanta,u craiova 1948,False
1049947,RO1,2023,2024-01-27,uta arad,sepsi osk sfantu gheorghe,False
1049946,RO1,2023,2024-01-27,oţelul,petrolul ploiesti,False
1049948,RO1,2023,2024-01-27,dinamo bucuresti,rapid,False
1049943,RO1,2023,2024-01-28,afc hermannstadt,fc botosani,False
1049945,RO1,2023,2024-01-28,politehnica iasi,universitatea cluj,False
1049941,RO1,2023,2024-01-28,universitatea craiova,fcsb,False
1049944,RO1,2023,2024-01-29,cfr 1907 cluj,fc voluntari,False
1049950,RO1,2023,2024-02-02,fc botosani,politehnica iasi,False
1049955,RO1,2023,2024-02-02,u craiova 1948,dinamo bucuresti,False
1049951,RO1,2023,2024-02-03,petrolul ploiesti,cfr 1907 cluj,False
1049953,RO1,2023,2024-02-03,rapid,oţelul,False
1049952,RO1,2023,2024-02-04,universitatea cluj,uta arad,False
1049954,RO1,2023,2024-02-04,sepsi osk sfantu gheorghe,universitatea craiova,False
1049949,RO1,2023,2024-02-05,fc voluntari,afc hermannstadt,False
1049956,RO1,2023,2024-02-05,fcsb,farul constanta,False
1049962,RO1,2023,2024-02-09,oţelul,u craiova 1948,False
1049961,RO1,2023,2024-02-09,universitatea craiova,universitatea cluj,False
1049958,RO1,2023,2024-02-10,politehnica iasi,fc voluntari,False
1049960,RO1,2023,2024-02-10,cfr 1907 cluj,rapid,False
1049957,RO1,2023,2024-02-11,afc hermannstadt,petrolul ploiesti,False
1049963,RO1,2023,2024-02-11,fcsb,sepsi osk sfantu gheorghe,False
1049959,RO1,2023,2024-02-12,uta arad,fc botosani,False
1049964,RO1,2023,2024-02-12,farul constanta,dinamo bucuresti,False
1049966,RO1,2023,2024-02-16,petrolul ploiesti,politehnica iasi,False
1049965,RO1,2023,2024-02-16,rapid,afc hermannstadt,False
1049967,RO1,2023,2024-02-17,fc voluntari,uta arad,False
1049969,RO1,2023,2024-02-17,u craiova 1948,cfr 1907 cluj,False
1049968,RO1,2023,2024-02-18,fc botosani,universitatea craiova,False
1049971,RO1,2023,2024-02-18,dinamo bucuresti,oţelul,False
1049972,RO1,2023,2024-02-19,sepsi osk sfantu gheorghe,farul constanta,False
1049970,RO1,2023,2024-02-19,universitatea cluj,fcsb,False
1049973,RO1,2023,2024-02-23,afc hermannstadt,u craiova 1948,False
1049978,RO1,2023,2024-02-23,cfr 1907 cluj,dinamo bucuresti,False
1049975,RO1,2023,2024-02-24,uta arad,petrolul ploiesti,False
1049980,RO1,2023,2024-02-24,farul constanta,oţelul,False
1049974,RO1,2023,2024-02-24,politehnica iasi,rapid,False
1049979,RO1,2023,2024-02-25,sepsi osk sfantu gheorghe,universitatea cluj,False
1049977,RO1,2023,2024-02-25,fcsb,fc botosani,False
1049976,RO1,2023,2024-02-26,universitatea craiova,fc voluntari,False
1049982,RO1,2023,2024-02-27,u craiova 1948,politehnica iasi,False
1049981,RO1,2023,2024-02-27,dinamo bucuresti,afc hermannstadt,False
1049987,RO1,2023,2024-02-27,oţelul,cfr 1907 cluj,False
1049988,RO1,2023,2024-02-28,universitatea cluj,farul constanta,False
1049983,RO1,2023,2024-02-28,rapid,uta arad,False
1049986,RO1,2023,2024-02-29,fc botosani,sepsi osk sfantu gheorghe,False
1049984,RO1,2023,2024-02-29,petrolul ploiesti,universitatea craiova,False
1049985,RO1,2023,2024-02-29,fc voluntari,fcsb,False
1049990,RO1,2023,2024-03-01,politehnica iasi,dinamo bucuresti,False
1049991,RO1,2023,2024-03-02,uta arad,u craiova 1948,False
1049989,RO1,2023,2024-03-02,afc hermannstadt,oţelul,False
1049996,RO1,2023,2024-03-02,farul constanta,cfr 1907 cluj,False
1049995,RO1,2023,2024-03-03,universitatea cluj,fc botosani,False
1049993,RO1,2023,2024-03-03,fcsb,petrolul ploiesti,False
1049994,RO1,2023,2024-03-04,sepsi osk sfantu gheorghe,fc voluntari,False
1049992,RO1,2023,2024-03-04,universitatea craiova,rapid,False
1049999,RO1,2023,2024-03-08,dinamo bucuresti,uta arad,False
1049997,RO1,2023,2024-03-08,cfr 1907 cluj,afc hermannstadt,False
1050003,RO1,2023,2024-03-08,fc voluntari,universitatea cluj,False
1050004,RO1,2023,2024-03-08,fc botosani,farul constanta,False
1050002,RO1,2023,2024-03-08,petrolul ploiesti,sepsi osk sfantu gheorghe,False
1050001,RO1,2023,2024-03-09,rapid,fcsb,False
1050000,RO1,2023,2024-03-10,u craiova 1948,universitatea craiova,False
1049998,RO1,2023,2024-03-11,oţelul,politehnica iasi,False
1184043,RO1,2023,2024-03-15,universitatea cluj,fc botosani,False
1184013,RO1,2023,2024-03-15,rapid,farul constanta,False
1184044,RO1,2023,2024-03-16,oţelul,politehnica iasi,False
1184014,RO1,2023,2024-03-16,cfr 1907 cluj,universitatea craiova,False
1184045,RO1,2023,2024-03-17,afc hermannstadt,dinamo bucuresti,False
1184015,RO1,2023,2024-03-17,fcsb,sepsi osk sfantu gheorghe,False
1184046,RO1,2023,2024-03-18,uta arad,fc voluntari,False
1184047,RO1,2023,2024-03-18,petrolul ploiesti,u craiova 1948,False
1184051,RO1,2023,2024-03-29,fc voluntari,afc hermannstadt,False
1184018,RO1,2023,2024-03-29,sepsi osk sfantu gheorghe,cfr 1907 cluj,False
1184048,RO1,2023,2024-03-30,fc botosani,politehnica iasi,False
1184052,RO1,2023,2024-03-30,universitatea cluj,uta arad,False
1184017,RO1,2023,2024-03-30,universitatea craiova,rapid,False
1184049,RO1,2023,2024-03-31,u craiova 1948,oţelul,False
1184016,RO1,2023,2024-03-31,farul constanta,fcsb,False
1184050,RO1,2023,2024-04-01,dinamo bucuresti,petrolul ploiesti,False
1184054,RO1,2023,2024-04-05,uta arad,fc botosani,False
1184021,RO1,2023,2024-04-05,sepsi osk sfantu gheorghe,farul constanta,False
1184055,RO1,2023,2024-04-06,petrolul ploiesti,fc voluntari,False
1184020,RO1,2023,2024-04-06,rapid,cfr 1907 cluj,False
1184053,RO1,2023,2024-04-07,afc hermannstadt,universitatea cluj,False
1184019,RO1,2023,2024-04-07,fcsb,universitatea craiova,False
1184057,RO1,2023,2024-04-08,politehnica iasi,u craiova 1948,False
1184056,RO1,2023,2024-04-08,oţelul,dinamo bucuresti,False
1184062,RO1,2023,2024-04-12,uta arad,afc hermannstadt,False
1184023,RO1,2023,2024-04-12,universitatea craiova,farul constanta,False
1184060,RO1,2023,2024-04-13,fc voluntari,oţelul,False
1184061,RO1,2023,2024-04-13,universitatea cluj,petrolul ploiesti,False
1184058,RO1,2023,2024-04-14,fc botosani,u craiova 1948,False
1184059,RO1,2023,2024-04-14,dinamo bucuresti,politehnica iasi,False
1184022,RO1,2023,2024-04-14,cfr 1907 cluj,fcsb,False
1184024,RO1,2023,2024-04-15,rapid,sepsi osk sfantu gheorghe,False
1184063,RO1,2023,2024-04-19,afc hermannstadt,fc botosani,False
1184026,RO1,2023,2024-04-19,farul constanta,cfr 1907 cluj,False
1184066,RO1,2023,2024-04-20,politehnica iasi,fc voluntari,False
1184067,RO1,2023,2024-04-20,u craiova 1948,dinamo bucuresti,False
1184025,RO1,2023,2024-04-20,fcsb,rapid,False
1184065,RO1,2023,2024-04-21,oţelul,universitatea cluj,False
1184027,RO1,2023,2024-04-21,sepsi osk sfantu gheorghe,universitatea craiova,False
1184064,RO1,2023,2024-04-22,petrolul ploiesti,uta arad,False
1184069,RO1,2023,2024-04-23,fc voluntari,u craiova 1948,False
1184068,RO1,2023,2024-04-23,fc botosani,dinamo bucuresti,False
1184070,RO1,2023,2024-04-24,universitatea cluj,politehnica iasi,False
1184029,RO1,2023,2024-04-24,farul constanta,rapid,False
1184028,RO1,2023,2024-04-24,sepsi osk sfantu gheorghe,fcsb,False
1184071,RO1,2023,2024-04-25,uta arad,oţelul,False
1184072,RO1,2023,2024-04-25,afc hermannstadt,petrolul ploiesti,False
1184030,RO1,2023,2024-04-25,universitatea craiova,cfr 1907 cluj,False
1184077,RO1,2023,2024-04-26,dinamo bucuresti,fc voluntari,False
1184076,RO1,2023,2024-04-27,u craiova 1948,universitatea cluj,False
1184031,RO1,2023,2024-04-27,fcsb,farul constanta,False
1184074,RO1,2023,2024-04-28,oţelul,afc hermannstadt,False
1184075,RO1,2023,2024-04-28,politehnica iasi,uta arad,False
1184033,RO1,2023,2024-04-28,cfr 1907 cluj,sepsi osk sfantu gheorghe,False
1184073,RO1,2023,2024-04-29,petrolul ploiesti,fc botosani,False
1184032,RO1,2023,2024-04-29,rapid,universitatea craiova,False
1184036,RO1,2023,2024-05-03,farul constanta,sepsi osk sfantu gheorghe,False
1184078,RO1,2023,2024-05-04,fc botosani,fc voluntari,False
1184079,RO1,2023,2024-05-04,universitatea cluj,dinamo bucuresti,False
1184082,RO1,2023,2024-05-05,petrolul ploiesti,oţelul,False
1184035,RO1,2023,2024-05-05,cfr 1907 cluj,rapid,False
1184081,RO1,2023,2024-05-06,afc hermannstadt,politehnica iasi,False
1184080,RO1,2023,2024-05-06,uta arad,u craiova 1948,False
1184034,RO1,2023,2024-05-06,universitatea craiova,fcsb,False
1184039,RO1,2023,2024-05-10,sepsi osk sfantu gheorghe,rapid,False
1184037,RO1,2023,2024-05-11,fcsb,cfr 1907 cluj,False
1184086,RO1,2023,2024-05-12,dinamo bucuresti,uta arad,False
1184087,RO1,2023,2024-05-12,fc voluntari,universitatea cluj,False
1184084,RO1,2023,2024-05-12,politehnica iasi,petrolul ploiesti,False
1184083,RO1,2023,2024-05-12,oţelul,fc botosani,False
1184085,RO1,2023,2024-05-12,u craiova 1948,afc hermannstadt,False
1184038,RO1,2023,2024-05-13,farul constanta,universitatea craiova,False
1200499,RO1,2023,2024-05-17,fc botosani,cs mioveni,False
1184042,RO1,2023,2024-05-18,universitatea craiova,sepsi osk sfantu gheorghe,False
1184041,RO1,2023,2024-05-18,cfr 1907 cluj,farul constanta,False
1200498,RO1,2023,2024-05-19,oţelul,universitatea cluj,False
1184040,RO1,2023,2024-05-19,rapid,fcsb,False
1200501,RO1,2023,2024-05-20,dinamo bucuresti,csikszereda,False
1200500,RO1,2023,2024-05-24,cs mioveni,fc botosani,False
1200502,RO1,2023,2024-05-27,csikszereda,dinamo bucuresti,False
1220364,RO1,2024,2024-07-12,farul constanta,unirea slobozia,False
1220362,RO1,2024,2024-07-12,afc hermannstadt,universitatea craiova,False
1220358,RO1,2024,2024-07-13,sepsi osk sfantu gheorghe,politehnica iasi,False
1220361,RO1,2024,2024-07-13,uta arad,rapid,False
1220363,RO1,2024,2024-07-13,fcsb,universitatea cluj,False
1220360,RO1,2024,2024-07-14,cfr 1907 cluj,dinamo bucuresti,False
1220365,RO1,2024,2024-07-15,fc botosani,oţelul,False
1220359,RO1,2024,2024-07-15,petrolul ploiesti,scm gloria buzău,False
1220373,RO1,2024,2024-07-19,politehnica iasi,fc botosani,False
1220371,RO1,2024,2024-07-19,unirea slobozia,fcsb,False
1220369,RO1,2024,2024-07-20,universitatea craiova,uta arad,False
1220368,RO1,2024,2024-07-20,rapid,cfr 1907 cluj,False
1220370,RO1,2024,2024-07-21,universitatea cluj,afc hermannstadt,False
1220367,RO1,2024,2024-07-21,dinamo bucuresti,petrolul ploiesti,False
1220366,RO1,2024,2024-07-22,scm gloria buzău,sepsi osk sfantu gheorghe,False
1220372,RO1,2024,2024-07-22,oţelul,farul constanta,False
1220378,RO1,2024,2024-07-26,afc hermannstadt,unirea slobozia,False
1220379,RO1,2024,2024-07-26,fcsb,oţelul,False
1220381,RO1,2024,2024-07-27,politehnica iasi,scm gloria buzău,False
1220374,RO1,2024,2024-07-27,sepsi osk sfantu gheorghe,dinamo bucuresti,False
1220380,RO1,2024,2024-07-28,farul constanta,fc botosani,False
1220376,RO1,2024,2024-07-28,cfr 1907 cluj,universitatea craiova,False
1220377,RO1,2024,2024-07-29,uta arad,universitatea cluj,False
1220375,RO1,2024,2024-07-29,petrolul ploiesti,rapid,False
1220386,RO1,2024,2024-08-02,oţelul,afc hermannstadt,False
1220388,RO1,2024,2024-08-02,dinamo bucuresti,scm gloria buzău,False
1220389,RO1,2024,2024-08-03,farul constanta,politehnica iasi,False
1220383,RO1,2024,2024-08-04,universitatea craiova,petrolul ploiesti,False
1220504,RO1,2024,2024-08-04,cfr 1907 cluj,universitatea cluj,False
1220385,RO1,2024,2024-08-05,unirea slobozia,uta arad,False
1220382,RO1,2024,2024-08-05,rapid,sepsi osk sfantu gheorghe,False
1220396,RO1,2024,2024-08-09,fcsb,farul constanta,False
1220394,RO1,2024,2024-08-10,afc hermannstadt,fc botosani,False
1220393,RO1,2024,2024-08-10,uta arad,oţelul,False
1220395,RO1,2024,2024-08-10,scm gloria buzău,rapid,False
1220390,RO1,2024,2024-08-11,sepsi osk sfantu gheorghe,universitatea craiova,False
1220392,RO1,2024,2024-08-11,cfr 1907 cluj,unirea slobozia,False
1220391,RO1,2024,2024-08-12,petrolul ploiesti,universitatea cluj,False
1220397,RO1,2024,2024-08-12,politehnica iasi,dinamo bucuresti,False
1220399,RO1,2024,2024-08-16,unirea slobozia,petrolul ploiesti,False
1220402,RO1,2024,2024-08-16,universitatea craiova,scm gloria buzău,False
1220401,RO1,2024,2024-08-17,fc botosani,uta arad,False
1220405,RO1,2024,2024-08-17,fcsb,politehnica iasi,False
1220404,RO1,2024,2024-08-18,rapid,dinamo bucuresti,False
1220398,RO1,2024,2024-08-19,universitatea cluj,sepsi osk sfantu gheorghe,False
1220403,RO1,2024,2024-08-19,farul constanta,afc hermannstadt,False
1220407,RO1,2024,2024-08-23,petrolul ploiesti,oţelul,False
1220413,RO1,2024,2024-08-23,politehnica iasi,rapid,False
1220406,RO1,2024,2024-08-24,sepsi osk sfantu gheorghe,unirea slobozia,False
1220411,RO1,2024,2024-08-24,dinamo bucuresti,universitatea craiova,False
1220408,RO1,2024,2024-08-25,cfr 1907 cluj,fc botosani,False
1220412,RO1,2024,2024-08-25,afc hermannstadt,fcsb,False
1220409,RO1,2024,2024-08-26,scm gloria buzău,universitatea cluj,False
1220410,RO1,2024,2024-08-26,uta arad,farul constanta,False
1220414,RO1,2024,2024-08-30,oţelul,sepsi osk sfantu gheorghe,False
1220421,RO1,2024,2024-08-31,afc hermannstadt,politehnica iasi,False
1220420,RO1,2024,2024-08-31,universitatea craiova,rapid,False
1220415,RO1,2024,2024-09-01,fc botosani,petrolul ploiesti,False
1220417,RO1,2024,2024-09-01,farul constanta,cfr 1907 cluj,False
1220419,RO1,2024,2024-09-01,fcsb,uta arad,False
1220416,RO1,2024,2024-09-02,unirea slobozia,scm gloria buzău,False
1220418,RO1,2024,2024-09-02,universitatea cluj,dinamo bucuresti,False
1220422,RO1,2024,2024-09-13,sepsi osk sfantu gheorghe,fc botosani,False
1220425,RO1,2024,2024-09-13,dinamo bucuresti,unirea slobozia,False
1220423,RO1,2024,2024-09-14,scm gloria buzău,oţelul,False
1220424,RO1,2024,2024-09-14,petrolul ploiesti,farul constanta,False
1220429,RO1,2024,2024-09-15,politehnica iasi,universitatea craiova,False
1220426,RO1,2024,2024-09-15,cfr 1907 cluj,fcsb,False
1220428,RO1,2024,2024-09-16,uta arad,afc hermannstadt,False
1220427,RO1,2024,2024-09-16,rapid,universitatea cluj,False
1220431,RO1,2024,2024-09-20,fc botosani,scm gloria buzău,False
1220432,RO1,2024,2024-09-20,oţelul,dinamo bucuresti,False
1220435,RO1,2024,2024-09-21,afc hermannstadt,cfr 1907 cluj,False
1220433,RO1,2024,2024-09-21,fcsb,petrolul ploiesti,False
1220430,RO1,2024,2024-09-22,farul constanta,sepsi osk sfantu gheorghe,False
1220436,RO1,2024,2024-09-22,universitatea cluj,universitatea craiova,False
1220437,RO1,2024,2024-09-23,uta arad,politehnica iasi,False
1220434,RO1,2024,2024-09-23,unirea slobozia,rapid,False
1220442,RO1,2024,2024-09-27,petrolul ploiesti,afc hermannstadt,False
1220440,RO1,2024,2024-09-27,dinamo bucuresti,fc botosani,False
1220445,RO1,2024,2024-09-28,politehnica iasi,universitatea cluj,False
1220444,RO1,2024,2024-09-28,cfr 1907 cluj,uta arad,False
1220441,RO1,2024,2024-09-28,rapid,oţelul,False
1220439,RO1,2024,2024-09-29,scm gloria buzău,farul constanta,False
1220438,RO1,2024,2024-09-29,sepsi osk sfantu gheorghe,fcsb,False
1220443,RO1,2024,2024-09-30,universitatea craiova,unirea slobozia,False
1220451,RO1,2024,2024-10-04,uta arad,petrolul ploiesti,False
1220448,RO1,2024,2024-10-04,farul constanta,dinamo bucuresti,False
1220452,RO1,2024,2024-10-05,unirea slobozia,universitatea cluj,False
1220453,RO1,2024,2024-10-05,cfr 1907 cluj,politehnica iasi,False
1220450,RO1,2024,2024-10-05,oţelul,universitatea craiova,False
1220446,RO1,2024,2024-10-06,afc hermannstadt,sepsi osk sfantu gheorghe,False
1220449,RO1,2024,2024-10-06,fc botosani,rapid,False
1220447,RO1,2024,2024-10-06,fcsb,scm gloria buzău,False
1220455,RO1,2024,2024-10-18,scm gloria buzău,afc hermannstadt,False
1220459,RO1,2024,2024-10-18,universitatea cluj,oţelul,False
1220454,RO1,2024,2024-10-19,sepsi osk sfantu gheorghe,uta arad,False
1220460,RO1,2024,2024-10-19,petrolul ploiesti,cfr 1907 cluj,False
1220458,RO1,2024,2024-10-20,universitatea craiova,fc botosani,False
1220456,RO1,2024,2024-10-20,dinamo bucuresti,fcsb,False
1220461,RO1,2024,2024-10-21,politehnica iasi,unirea slobozia,False
1220457,RO1,2024,2024-10-21,rapid,farul constanta,False
1220462,RO1,2024,2024-10-25,cfr 1907 cluj,sepsi osk sfantu gheorghe,False
1220463,RO1,2024,2024-10-26,uta arad,scm gloria buzău,False
1220469,RO1,2024,2024-10-26,petrolul ploiesti,politehnica iasi,False
1220464,RO1,2024,2024-10-26,afc hermannstadt,dinamo bucuresti,False
1220468,RO1,2024,2024-10-27,oţelul,unirea slobozia,False
1220465,RO1,2024,2024-10-27,fcsb,rapid,False
1220467,RO1,2024,2024-10-28,fc botosani,universitatea cluj,False
1220466,RO1,2024,2024-10-28,farul constanta,universitatea craiova,False
1220471,RO1,2024,2024-11-01,scm gloria buzău,cfr 1907 cluj,False
1220470,RO1,2024,2024-11-02,sepsi osk sfantu gheorghe,petrolul ploiesti,False
1220472,RO1,2024,2024-11-02,dinamo bucuresti,uta arad,False
1220477,RO1,2024,2024-11-03,politehnica iasi,oţelul,False
1220475,RO1,2024,2024-11-03,universitatea cluj,farul constanta,False
1220474,RO1,2024,2024-11-03,universitatea craiova,fcsb,False
1220476,RO1,2024,2024-11-04,unirea slobozia,fc botosani,False
1220473,RO1,2024,2024-11-04,rapid,afc hermannstadt,False
1220485,RO1,2024,2024-11-08,oţelul,fc botosani,False
1220480,RO1,2024,2024-11-08,dinamo bucuresti,cfr 1907 cluj,False
1220478,RO1,2024,2024-11-09,politehnica iasi,sepsi osk sfantu gheorghe,False
1220482,RO1,2024,2024-11-09,universitatea craiova,afc hermannstadt,False
1220481,RO1,2024,2024-11-09,rapid,uta arad,False
1220484,RO1,2024,2024-11-10,unirea slobozia,farul constanta,False
1220483,RO1,2024,2024-11-10,universitatea cluj,fcsb,False
1220479,RO1,2024,2024-11-11,scm gloria buzău,petrolul ploiesti,False
1220400,RO1,2024,2024-11-11,oţelul,cfr 1907 cluj,False
1220387,RO1,2024,2024-11-21,fc botosani,fcsb,False
1220486,RO1,2024,2024-11-22,sepsi osk sfantu gheorghe,scm gloria buzău,False
1220492,RO1,2024,2024-11-22,farul constanta,oţelul,False
1220490,RO1,2024,2024-11-23,afc hermannstadt,universitatea cluj,False
1220488,RO1,2024,2024-11-23,cfr 1907 cluj,rapid,False
1220491,RO1,2024,2024-11-24,fcsb,unirea slobozia,False
1220487,RO1,2024,2024-11-24,petrolul ploiesti,dinamo bucuresti,False
1220493,RO1,2024,2024-11-25,fc botosani,politehnica iasi,False
1220489,RO1,2024,2024-11-25,uta arad,universitatea craiova,False
1220500,RO1,2024,2024-11-29,fc botosani,farul constanta,False
1220495,RO1,2024,2024-11-29,rapid,petrolul ploiesti,False
1220498,RO1,2024,2024-11-30,unirea slobozia,afc hermannstadt,False
1220501,RO1,2024,2024-11-30,scm gloria buzău,politehnica iasi,False
1220494,RO1,2024,2024-11-30,dinamo bucuresti,sepsi osk sfantu gheorghe,False
1220496,RO1,2024,2024-12-01,universitatea craiova,cfr 1907 cluj,False
1220497,RO1,2024,2024-12-02,universitatea cluj,uta arad,False
1220499,RO1,2024,2024-12-02,oţelul,fcsb,False
1220502,RO1,2024,2024-12-06,sepsi osk sfantu gheorghe,rapid,False
1220508,RO1,2024,2024-12-07,scm gloria buzău,dinamo bucuresti,False
1220503,RO1,2024,2024-12-07,petrolul ploiesti,universitatea craiova,False
1220505,RO1,2024,2024-12-08,uta arad,unirea slobozia,False
1220509,RO1,2024,2024-12-08,politehnica iasi,farul constanta,False
1220507,RO1,2024,2024-12-08,fcsb,fc botosani,False
1220506,RO1,2024,2024-12-09,afc hermannstadt,oţelul,False
1220384,RO1,2024,2024-12-09,universitatea cluj,cfr 1907 cluj,False
1220514,RO1,2024,2024-12-13,fc botosani,afc hermannstadt,False
1220517,RO1,2024,2024-12-13,dinamo bucuresti,politehnica iasi,False
1220513,RO1,2024,2024-12-14,oţelul,uta arad,False
1220510,RO1,2024,2024-12-14,universitatea craiova,sepsi osk sfantu gheorghe,False
1220511,RO1,2024,2024-12-14,universitatea cluj,petrolul ploiesti,False
1220512,RO1,2024,2024-12-15,unirea slobozia,cfr 1907 cluj,False
1220516,RO1,2024,2024-12-15,farul constanta,fcsb,False
1220515,RO1,2024,2024-12-16,rapid,scm gloria buzău,False
1220518,RO1,2024,2024-12-20,sepsi osk sfantu gheorghe,universitatea cluj,False
1220523,RO1,2024,2024-12-21,afc hermannstadt,farul constanta,False
1220522,RO1,2024,2024-12-21,scm gloria buzău,universitatea craiova,False
1220519,RO1,2024,2024-12-22,petrolul ploiesti,unirea slobozia,False
1220520,RO1,2024,2024-12-22,cfr 1907 cluj,oţelul,False
1220524,RO1,2024,2024-12-22,dinamo bucuresti,rapid,False
1220521,RO1,2024,2024-12-23,uta arad,fc botosani,False
1220525,RO1,2024,2024-12-23,politehnica iasi,fcsb,False
1220526,RO1,2024,2025-01-17,unirea slobozia,sepsi osk sfantu gheorghe,False
1220532,RO1,2024,2025-01-17,fcsb,afc hermannstadt,False
1220529,RO1,2024,2025-01-18,universitatea cluj,scm gloria buzău,False
1220527,RO1,2024,2025-01-18,oţelul,petrolul ploiesti,False
1220528,RO1,2024,2025-01-19,fc botosani,cfr 1907 cluj,False
1220531,RO1,2024,2025-01-19,universitatea craiova,dinamo bucuresti,False
1220530,RO1,2024,2025-01-20,farul constanta,uta arad,False
1220533,RO1,2024,2025-01-20,rapid,politehnica iasi,False
1220536,RO1,2024,2025-01-24,scm gloria buzău,unirea slobozia,False
1220538,RO1,2024,2025-01-24,dinamo bucuresti,universitatea cluj,False
1220541,RO1,2024,2025-01-25,politehnica iasi,afc hermannstadt,False
1220540,RO1,2024,2025-01-25,rapid,universitatea craiova,False
1220534,RO1,2024,2025-01-26,sepsi osk sfantu gheorghe,oţelul,False
1220539,RO1,2024,2025-01-26,uta arad,fcsb,False
1220535,RO1,2024,2025-01-27,petrolul ploiesti,fc botosani,False
1220537,RO1,2024,2025-01-27,cfr 1907 cluj,farul constanta,False
1220548,RO1,2024,2025-01-31,afc hermannstadt,uta arad,False
1220545,RO1,2024,2025-01-31,unirea slobozia,dinamo bucuresti,False
1220542,RO1,2024,2025-02-01,fc botosani,sepsi osk sfantu gheorghe,False
1220543,RO1,2024,2025-02-01,oţelul,scm gloria buzău,False
1220547,RO1,2024,2025-02-01,universitatea cluj,rapid,False
1220549,RO1,2024,2025-02-02,universitatea craiova,politehnica iasi,False
1220546,RO1,2024,2025-02-02,fcsb,cfr 1907 cluj,False
1220544,RO1,2024,2025-02-03,farul constanta,petrolul ploiesti,False
1220551,RO1,2024,2025-02-04,scm gloria buzău,fc botosani,False
1220554,RO1,2024,2025-02-04,rapid,unirea slobozia,False
1220552,RO1,2024,2025-02-04,dinamo bucuresti,oţelul,False
1220555,RO1,2024,2025-02-05,cfr 1907 cluj,afc hermannstadt,False
1220556,RO1,2024,2025-02-05,universitatea craiova,universitatea cluj,False
1220557,RO1,2024,2025-02-06,politehnica iasi,uta arad,False
1220550,RO1,2024,2025-02-06,sepsi osk sfantu gheorghe,farul constanta,False
1220553,RO1,2024,2025-02-06,petrolul ploiesti,fcsb,False
1220560,RO1,2024,2025-02-07,fc botosani,dinamo bucuresti,False
1220563,RO1,2024,2025-02-08,unirea slobozia,universitatea craiova,False
1220561,RO1,2024,2025-02-08,oţelul,rapid,False
1220562,RO1,2024,2025-02-09,afc hermannstadt,petrolul ploiesti,False
1220565,RO1,2024,2025-02-09,universitatea cluj,politehnica iasi,False
1220558,RO1,2024,2025-02-09,fcsb,sepsi osk sfantu gheorghe,False
1220559,RO1,2024,2025-02-10,farul constanta,scm gloria buzău,False
1220564,RO1,2024,2025-02-10,uta arad,cfr 1907 cluj,False
1220566,RO1,2024,2025-02-14,sepsi osk sfantu gheorghe,afc hermannstadt,False
1220570,RO1,2024,2025-02-14,universitatea craiova,oţelul,False
1220571,RO1,2024,2025-02-15,petrolul ploiesti,uta arad,False
1220568,RO1,2024,2025-02-15,dinamo bucuresti,farul constanta,False
1220573,RO1,2024,2025-02-16,politehnica iasi,cfr 1907 cluj,False
1220567,RO1,2024,2025-02-16,scm gloria buzău,fcsb,False
1220572,RO1,2024,2025-02-17,universitatea cluj,unirea slobozia,False
1220569,RO1,2024,2025-02-17,rapid,fc botosani,False
1220575,RO1,2024,2025-02-21,afc hermannstadt,scm gloria buzău,False
1220579,RO1,2024,2025-02-21,oţelul,universitatea cluj,False
1220578,RO1,2024,2025-02-22,fc botosani,universitatea craiova,False
1220580,RO1,2024,2025-02-22,cfr 1907 cluj,petrolul ploiesti,False
1220581,RO1,2024,2025-02-23,unirea slobozia,politehnica iasi,False
1220576,RO1,2024,2025-02-23,fcsb,dinamo bucuresti,False
1220574,RO1,2024,2025-02-24,uta arad,sepsi osk sfantu gheorghe,False
1220577,RO1,2024,2025-02-24,farul constanta,rapid,False
1220588,RO1,2024,2025-02-28,unirea slobozia,oţelul,False
1220582,RO1,2024,2025-02-28,sepsi osk sfantu gheorghe,cfr 1907 cluj,False
1220587,RO1,2024,2025-03-01,universitatea cluj,fc botosani,False
1220586,RO1,2024,2025-03-01,universitatea craiova,farul constanta,False
1220589,RO1,2024,2025-03-02,politehnica iasi,petrolul ploiesti,False
1220585,RO1,2024,2025-03-02,rapid,fcsb,False
1220583,RO1,2024,2025-03-03,scm gloria buzău,uta arad,False
1220584,RO1,2024,2025-03-03,dinamo bucuresti,afc hermannstadt,False
1220597,RO1,2024,2025-03-07,oţelul,politehnica iasi,False
1220595,RO1,2024,2025-03-07,farul constanta,universitatea cluj,False
1220590,RO1,2024,2025-03-08,petrolul ploiesti,sepsi osk sfantu gheorghe,False
1220593,RO1,2024,2025-03-08,afc hermannstadt,rapid,False
1220591,RO1,2024,2025-03-09,cfr 1907 cluj,scm gloria buzău,False
1220594,RO1,2024,2025-03-09,fcsb,universitatea craiova,False
1220596,RO1,2024,2025-03-10,fc botosani,unirea slobozia,False
1220592,RO1,2024,2025-03-10,uta arad,dinamo bucuresti,False
1360164,RO1,2024,2025-03-14,petrolul ploiesti,fc botosani,False
1360134,RO1,2024,2025-03-14,universitatea craiova,universitatea cluj,False
1360165,RO1,2024,2025-03-15,farul constanta,politehnica iasi,False
1360135,RO1,2024,2025-03-15,cfr 1907 cluj,dinamo bucuresti,False
1360166,RO1,2024,2025-03-16,afc hermannstadt,unirea slobozia,False
1360167,RO1,2024,2025-03-16,uta arad,oţelul,False
1360136,RO1,2024,2025-03-16,fcsb,rapid,False
1360168,RO1,2024,2025-03-17,sepsi osk sfantu gheorghe,scm gloria buzău,False
1360172,RO1,2024,2025-03-28,unirea slobozia,petrolul ploiesti,False
1360173,RO1,2024,2025-03-28,sepsi osk sfantu gheorghe,afc hermannstadt,False
1360171,RO1,2024,2025-03-29,fc botosani,farul constanta,False
1360139,RO1,2024,2025-03-29,rapid,universitatea craiova,False
1360170,RO1,2024,2025-03-30,politehnica iasi,uta arad,False
1360137,RO1,2024,2025-03-30,dinamo bucuresti,fcsb,False
1360169,RO1,2024,2025-03-31,scm gloria buzău,oţelul,False
1360138,RO1,2024,2025-03-31,universitatea cluj,cfr 1907 cluj,False
1360178,RO1,2024,2025-04-04,oţelul,politehnica iasi,False
1360175,RO1,2024,2025-04-04,petrolul ploiesti,sepsi osk sfantu gheorghe,False
1360177,RO1,2024,2025-04-05,uta arad,fc botosani,False
1360140,RO1,2024,2025-04-05,fcsb,universitatea cluj,False
1360174,RO1,2024,2025-04-06,afc hermannstadt,scm gloria buzău,False
1360142,RO1,2024,2025-04-06,rapid,dinamo bucuresti,False
1360176,RO1,2024,2025-04-07,farul constanta,unirea slobozia,False
1360141,RO1,2024,2025-04-07,cfr 1907 cluj,universitatea craiova,False
1360179,RO1,2024,2025-04-11,scm gloria buzău,politehnica iasi,False
1360183,RO1,2024,2025-04-11,afc hermannstadt,petrolul ploiesti,False
1360182,RO1,2024,2025-04-12,sepsi osk sfantu gheorghe,farul constanta,False
1360144,RO1,2024,2025-04-12,universitatea cluj,dinamo bucuresti,False
1360181,RO1,2024,2025-04-13,unirea slobozia,uta arad,False
1360143,RO1,2024,2025-04-13,universitatea craiova,fcsb,False
1360180,RO1,2024,2025-04-14,fc botosani,oţelul,False
1360145,RO1,2024,2025-04-14,cfr 1907 cluj,rapid,False
1360187,RO1,2024,2025-04-18,oţelul,unirea slobozia,False
1360186,RO1,2024,2025-04-18,uta arad,sepsi osk sfantu gheorghe,False
1360185,RO1,2024,2025-04-19,farul constanta,afc hermannstadt,False
1360148,RO1,2024,2025-04-19,rapid,universitatea cluj,False
1360188,RO1,2024,2025-04-20,politehnica iasi,fc botosani,False
1360146,RO1,2024,2025-04-20,fcsb,cfr 1907 cluj,False
1360184,RO1,2024,2025-04-21,petrolul ploiesti,scm gloria buzău,False
1360147,RO1,2024,2025-04-21,dinamo bucuresti,universitatea craiova,False
1360190,RO1,2024,2025-04-25,unirea slobozia,politehnica iasi,False
1360191,RO1,2024,2025-04-25,sepsi osk sfantu gheorghe,oţelul,False
1360192,RO1,2024,2025-04-26,afc hermannstadt,uta arad,False
1360151,RO1,2024,2025-04-26,universitatea cluj,universitatea craiova,False
1360189,RO1,2024,2025-04-27,scm gloria buzău,fc botosani,False
1360149,RO1,2024,2025-04-27,rapid,fcsb,False
1360193,RO1,2024,2025-04-28,petrolul ploiesti,farul constanta,False
1360150,RO1,2024,2025-04-28,dinamo bucuresti,cfr 1907 cluj,False
1360197,RO1,2024,2025-05-02,politehnica iasi,sepsi osk sfantu gheorghe,False
1360154,RO1,2024,2025-05-02,universitatea craiova,rapid,False
1360198,RO1,2024,2025-05-03,fc botosani,unirea slobozia,False
1360194,RO1,2024,2025-05-03,farul constanta,scm gloria buzău,False
1360153,RO1,2024,2025-05-03,cfr 1907 cluj,universitatea cluj,False
1360196,RO1,2024,2025-05-04,oţelul,afc hermannstadt,False
1360195,RO1,2024,2025-05-05,uta arad,petrolul ploiesti,False
1360152,RO1,2024,2025-05-05,fcsb,dinamo bucuresti,False
1360199,RO1,2024,2025-05-09,scm gloria buzău,unirea slobozia,False
1360200,RO1,2024,2025-05-09,sepsi osk sfantu gheorghe,fc botosani,False
1360203,RO1,2024,2025-05-10,farul constanta,uta arad,False
1360201,RO1,2024,2025-05-10,afc hermannstadt,politehnica iasi,False
1360156,RO1,2024,2025-05-10,universitatea craiova,cfr 1907 cluj,False
1360155,RO1,2024,2025-05-11,universitatea cluj,fcsb,False
1360202,RO1,2024,2025-05-12,petrolul ploiesti,oţelul,False
1360157,RO1,2024,2025-05-12,dinamo bucuresti,rapid,False
1360205,RO1,2024,2025-05-16,oţelul,farul constanta,False
1360159,RO1,2024,2025-05-16,dinamo bucuresti,universitatea cluj,False
1360204,RO1,2024,2025-05-17,uta arad,scm gloria buzău,False
1360158,RO1,2024,2025-05-17,fcsb,universitatea craiova,False
1360207,RO1,2024,2025-05-18,fc botosani,afc hermannstadt,False
1360206,RO1,2024,2025-05-18,politehnica iasi,petrolul ploiesti,False
1360208,RO1,2024,2025-05-18,unirea slobozia,sepsi osk sfantu gheorghe,False
1360160,RO1,2024,2025-05-19,rapid,cfr 1907 cluj,False
1360161,RO1,2024,2025-05-23,cfr 1907 cluj,fcsb,False
1360163,RO1,2024,2025-05-24,universitatea cluj,rapid,False
1360162,RO1,2024,2025-05-24,universitatea craiova,dinamo bucuresti,False
1376354,RO1,2024,2025-05-25,politehnica iasi,metaloglobus,False
1376356,RO1,2024,2025-05-26,fc voluntari,unirea slobozia,False
1376355,RO1,2024,2025-06-01,metaloglobus,politehnica iasi,False
876921,RS1,2022,2022-07-08,fk vozdovac,novi pazar,False
876918,RS1,2022,2022-07-09,mladost lucani,fk spartak zdrepceva krv,False
876923,RS1,2022,2022-07-09,javor,fk partizan,False
876922,RS1,2022,2022-07-09,cukaricki,tsc backa topola,False
876916,RS1,2022,2022-07-10,fk crvena zvezda,radnicki nis,False
876920,RS1,2022,2022-07-10,vojvodina,napredak,False
876919,RS1,2022,2022-07-10,radnik surdulica,mladost novi sad,False
876917,RS1,2022,2022-07-11,kolubara,radnicki 1923,False
876929,RS1,2022,2022-07-15,fk spartak zdrepceva krv,radnik surdulica,False
876924,RS1,2022,2022-07-15,radnicki nis,fk partizan,False
876926,RS1,2022,2022-07-15,novi pazar,cukaricki,False
876931,RS1,2022,2022-07-16,fk crvena zvezda,kolubara,False
876925,RS1,2022,2022-07-16,tsc backa topola,javor,False
876928,RS1,2022,2022-07-16,mladost novi sad,vojvodina,False
876930,RS1,2022,2022-07-17,radnicki 1923,mladost lucani,False
876927,RS1,2022,2022-07-17,napredak,fk vozdovac,False
876938,RS1,2022,2022-07-22,javor,novi pazar,False
876939,RS1,2022,2022-07-23,fk partizan,tsc backa topola,False
876934,RS1,2022,2022-07-23,radnik surdulica,radnicki 1923,False
876933,RS1,2022,2022-07-24,mladost lucani,fk crvena zvezda,False
876935,RS1,2022,2022-07-24,vojvodina,fk spartak zdrepceva krv,False
876937,RS1,2022,2022-07-24,cukaricki,napredak,False
876936,RS1,2022,2022-07-24,fk vozdovac,mladost novi sad,False
876941,RS1,2022,2022-07-29,novi pazar,fk partizan,False
876946,RS1,2022,2022-07-29,fk crvena zvezda,radnik surdulica,False
876945,RS1,2022,2022-07-30,radnicki 1923,vojvodina,False
876944,RS1,2022,2022-07-30,fk spartak zdrepceva krv,fk vozdovac,False
876942,RS1,2022,2022-07-30,napredak,javor,False
876940,RS1,2022,2022-07-31,radnicki nis,tsc backa topola,False
876947,RS1,2022,2022-07-31,kolubara,mladost lucani,False
876943,RS1,2022,2022-07-31,mladost novi sad,cukaricki,False
876951,RS1,2022,2022-08-05,fk vozdovac,radnicki 1923,False
876955,RS1,2022,2022-08-06,tsc backa topola,novi pazar,False
876948,RS1,2022,2022-08-06,mladost lucani,radnicki nis,False
876949,RS1,2022,2022-08-07,radnik surdulica,kolubara,False
876952,RS1,2022,2022-08-07,cukaricki,fk spartak zdrepceva krv,False
876953,RS1,2022,2022-08-08,javor,mladost novi sad,False
876956,RS1,2022,2022-08-12,radnicki nis,novi pazar,False
876962,RS1,2022,2022-08-13,kolubara,vojvodina,False
876957,RS1,2022,2022-08-13,napredak,tsc backa topola,False
876961,RS1,2022,2022-08-13,fk crvena zvezda,fk vozdovac,False
876963,RS1,2022,2022-08-14,mladost lucani,radnik surdulica,False
876959,RS1,2022,2022-08-14,fk spartak zdrepceva krv,javor,False
876958,RS1,2022,2022-08-14,mladost novi sad,fk partizan,False
876960,RS1,2022,2022-08-15,radnicki 1923,cukaricki,False
876932,RS1,2022,2022-08-17,kolubara,radnicki nis,False
876971,RS1,2022,2022-08-19,novi pazar,napredak,False
876965,RS1,2022,2022-08-20,vojvodina,mladost lucani,False
876968,RS1,2022,2022-08-20,javor,radnicki 1923,False
876970,RS1,2022,2022-08-21,tsc backa topola,mladost novi sad,False
876964,RS1,2022,2022-08-21,radnik surdulica,radnicki nis,False
876966,RS1,2022,2022-08-22,fk vozdovac,kolubara,False
876979,RS1,2022,2022-08-25,radnik surdulica,vojvodina,False
876973,RS1,2022,2022-08-26,mladost novi sad,novi pazar,False
876974,RS1,2022,2022-08-26,fk spartak zdrepceva krv,tsc backa topola,False
876972,RS1,2022,2022-08-26,radnicki nis,napredak,False
876978,RS1,2022,2022-08-27,mladost lucani,fk vozdovac,False
876977,RS1,2022,2022-08-27,kolubara,cukaricki,False
876976,RS1,2022,2022-08-27,fk crvena zvezda,javor,False
876975,RS1,2022,2022-08-28,radnicki 1923,fk partizan,False
876986,RS1,2022,2022-08-30,novi pazar,fk spartak zdrepceva krv,False
876980,RS1,2022,2022-08-30,vojvodina,radnicki nis,False
876987,RS1,2022,2022-08-30,napredak,mladost novi sad,False
876983,RS1,2022,2022-08-31,javor,kolubara,False
876981,RS1,2022,2022-08-31,fk vozdovac,radnik surdulica,False
876985,RS1,2022,2022-08-31,tsc backa topola,radnicki 1923,False
876984,RS1,2022,2022-08-31,fk partizan,fk crvena zvezda,False
876982,RS1,2022,2022-09-01,cukaricki,mladost lucani,False
876988,RS1,2022,2022-09-03,radnicki nis,mladost novi sad,False
876989,RS1,2022,2022-09-03,fk spartak zdrepceva krv,napredak,False
876995,RS1,2022,2022-09-04,vojvodina,fk vozdovac,False
876992,RS1,2022,2022-09-04,kolubara,fk partizan,False
876991,RS1,2022,2022-09-04,fk crvena zvezda,tsc backa topola,False
876990,RS1,2022,2022-09-05,radnicki 1923,novi pazar,False
876993,RS1,2022,2022-09-05,mladost lucani,javor,False
876994,RS1,2022,2022-09-05,radnik surdulica,cukaricki,False
877000,RS1,2022,2022-09-10,tsc backa topola,kolubara,False
877002,RS1,2022,2022-09-10,napredak,radnicki 1923,False
877001,RS1,2022,2022-09-11,novi pazar,fk crvena zvezda,False
877003,RS1,2022,2022-09-11,mladost novi sad,fk spartak zdrepceva krv,False
876997,RS1,2022,2022-09-11,cukaricki,vojvodina,False
876999,RS1,2022,2022-09-11,fk partizan,mladost lucani,False
876998,RS1,2022,2022-09-12,javor,radnik surdulica,False
876996,RS1,2022,2022-09-12,fk vozdovac,radnicki nis,False
877005,RS1,2022,2022-09-16,radnicki 1923,mladost novi sad,False
877008,RS1,2022,2022-09-16,mladost lucani,tsc backa topola,False
877011,RS1,2022,2022-09-18,fk vozdovac,cukaricki,False
877006,RS1,2022,2022-09-18,fk crvena zvezda,napredak,False
877010,RS1,2022,2022-09-18,vojvodina,javor,False
877009,RS1,2022,2022-09-18,radnik surdulica,fk partizan,False
877007,RS1,2022,2022-09-19,kolubara,novi pazar,False
877004,RS1,2022,2022-09-19,radnicki nis,fk spartak zdrepceva krv,False
877016,RS1,2022,2022-09-30,novi pazar,mladost lucani,False
877015,RS1,2022,2022-10-01,tsc backa topola,radnik surdulica,False
877013,RS1,2022,2022-10-01,javor,fk vozdovac,False
877017,RS1,2022,2022-10-01,napredak,kolubara,False
877019,RS1,2022,2022-10-02,fk spartak zdrepceva krv,radnicki 1923,False
877018,RS1,2022,2022-10-02,mladost novi sad,fk crvena zvezda,False
877014,RS1,2022,2022-10-02,fk partizan,vojvodina,False
877012,RS1,2022,2022-10-03,cukaricki,radnicki nis,False
877024,RS1,2022,2022-10-07,radnik surdulica,novi pazar,False
877023,RS1,2022,2022-10-08,mladost lucani,napredak,False
877022,RS1,2022,2022-10-08,kolubara,mladost novi sad,False
877025,RS1,2022,2022-10-08,vojvodina,tsc backa topola,False
877027,RS1,2022,2022-10-09,cukaricki,javor,False
877021,RS1,2022,2022-10-09,fk crvena zvezda,fk spartak zdrepceva krv,False
877026,RS1,2022,2022-10-09,fk vozdovac,fk partizan,False
877020,RS1,2022,2022-10-10,radnicki nis,radnicki 1923,False
877033,RS1,2022,2022-10-14,mladost novi sad,mladost lucani,False
877031,RS1,2022,2022-10-14,novi pazar,vojvodina,False
877030,RS1,2022,2022-10-14,tsc backa topola,fk vozdovac,False
877034,RS1,2022,2022-10-15,fk spartak zdrepceva krv,kolubara,False
877028,RS1,2022,2022-10-15,javor,radnicki nis,False
877032,RS1,2022,2022-10-15,napredak,radnik surdulica,False
877035,RS1,2022,2022-10-16,radnicki 1923,fk crvena zvezda,False
877029,RS1,2022,2022-10-16,fk partizan,cukaricki,False
876954,RS1,2022,2022-10-20,fk partizan,napredak,False
876950,RS1,2022,2022-10-20,vojvodina,fk crvena zvezda,False
877042,RS1,2022,2022-10-22,tsc backa topola,cukaricki,False
877037,RS1,2022,2022-10-23,radnicki 1923,kolubara,False
877036,RS1,2022,2022-10-23,radnicki nis,fk crvena zvezda,False
877043,RS1,2022,2022-10-23,fk partizan,javor,False
877041,RS1,2022,2022-10-23,novi pazar,fk vozdovac,False
877039,RS1,2022,2022-10-24,mladost novi sad,radnik surdulica,False
877038,RS1,2022,2022-10-24,fk spartak zdrepceva krv,mladost lucani,False
877040,RS1,2022,2022-10-24,napredak,vojvodina,False
877045,RS1,2022,2022-10-29,javor,tsc backa topola,False
877046,RS1,2022,2022-10-29,cukaricki,novi pazar,False
877047,RS1,2022,2022-10-29,fk vozdovac,napredak,False
877048,RS1,2022,2022-10-29,vojvodina,mladost novi sad,False
877049,RS1,2022,2022-10-30,radnik surdulica,fk spartak zdrepceva krv,False
877051,RS1,2022,2022-10-30,kolubara,fk crvena zvezda,False
877050,RS1,2022,2022-10-30,mladost lucani,radnicki 1923,False
877044,RS1,2022,2022-10-30,fk partizan,radnicki nis,False
877056,RS1,2022,2022-11-04,mladost novi sad,fk vozdovac,False
877058,RS1,2022,2022-11-04,novi pazar,javor,False
877057,RS1,2022,2022-11-04,napredak,cukaricki,False
877054,RS1,2022,2022-11-05,radnicki 1923,radnik surdulica,False
877052,RS1,2022,2022-11-05,radnicki nis,kolubara,False
877055,RS1,2022,2022-11-05,fk spartak zdrepceva krv,vojvodina,False
877053,RS1,2022,2022-11-06,fk crvena zvezda,mladost lucani,False
877059,RS1,2022,2022-11-06,tsc backa topola,fk partizan,False
876969,RS1,2022,2022-11-10,fk partizan,fk spartak zdrepceva krv,False
876967,RS1,2022,2022-11-10,cukaricki,fk crvena zvezda,False
877062,RS1,2022,2022-11-11,javor,napredak,False
877067,RS1,2022,2022-11-12,mladost lucani,kolubara,False
877060,RS1,2022,2022-11-12,tsc backa topola,radnicki nis,False
877065,RS1,2022,2022-11-12,vojvodina,radnicki 1923,False
877066,RS1,2022,2022-11-13,radnik surdulica,fk crvena zvezda,False
877061,RS1,2022,2022-11-13,fk partizan,novi pazar,False
877063,RS1,2022,2022-11-13,cukaricki,mladost novi sad,False
877064,RS1,2022,2022-11-13,fk vozdovac,fk spartak zdrepceva krv,False
877069,RS1,2022,2023-02-03,kolubara,radnik surdulica,False
877071,RS1,2022,2023-02-04,radnicki 1923,fk vozdovac,False
877068,RS1,2022,2023-02-04,radnicki nis,mladost lucani,False
877070,RS1,2022,2023-02-04,fk crvena zvezda,vojvodina,False
877072,RS1,2022,2023-02-04,fk spartak zdrepceva krv,cukaricki,False
877074,RS1,2022,2023-02-05,napredak,fk partizan,False
877075,RS1,2022,2023-02-05,novi pazar,tsc backa topola,False
877073,RS1,2022,2023-02-05,mladost novi sad,javor,False
877083,RS1,2022,2023-02-10,radnik surdulica,mladost lucani,False
877080,RS1,2022,2023-02-10,cukaricki,radnicki 1923,False
877077,RS1,2022,2023-02-11,tsc backa topola,napredak,False
877081,RS1,2022,2023-02-11,fk vozdovac,fk crvena zvezda,False
877082,RS1,2022,2023-02-11,vojvodina,kolubara,False
877078,RS1,2022,2023-02-11,fk partizan,mladost novi sad,False
877079,RS1,2022,2023-02-12,javor,fk spartak zdrepceva krv,False
877076,RS1,2022,2023-02-12,novi pazar,radnicki nis,False
877085,RS1,2022,2023-02-17,mladost lucani,vojvodina,False
877086,RS1,2022,2023-02-17,kolubara,fk vozdovac,False
877084,RS1,2022,2023-02-18,radnicki nis,radnik surdulica,False
877087,RS1,2022,2023-02-18,fk crvena zvezda,cukaricki,False
877091,RS1,2022,2023-02-18,napredak,novi pazar,False
877088,RS1,2022,2023-02-19,radnicki 1923,javor,False
877090,RS1,2022,2023-02-19,mladost novi sad,tsc backa topola,False
877089,RS1,2022,2023-02-19,fk spartak zdrepceva krv,fk partizan,False
877092,RS1,2022,2023-02-23,napredak,radnicki nis,False
877098,RS1,2022,2023-02-23,fk vozdovac,mladost lucani,False
877099,RS1,2022,2023-02-24,vojvodina,radnik surdulica,False
877097,RS1,2022,2023-02-24,cukaricki,kolubara,False
877096,RS1,2022,2023-02-25,javor,fk crvena zvezda,False
877094,RS1,2022,2023-02-25,tsc backa topola,fk spartak zdrepceva krv,False
877093,RS1,2022,2023-02-25,novi pazar,mladost novi sad,False
877095,RS1,2022,2023-02-27,fk partizan,radnicki 1923,False
877100,RS1,2022,2023-02-28,radnicki nis,vojvodina,False
877101,RS1,2022,2023-02-28,radnik surdulica,fk vozdovac,False
877107,RS1,2022,2023-03-01,mladost novi sad,napredak,False
877106,RS1,2022,2023-03-01,fk spartak zdrepceva krv,novi pazar,False
877102,RS1,2022,2023-03-01,mladost lucani,cukaricki,False
877105,RS1,2022,2023-03-02,radnicki 1923,tsc backa topola,False
877103,RS1,2022,2023-03-02,kolubara,javor,False
877104,RS1,2022,2023-03-03,fk crvena zvezda,fk partizan,False
877114,RS1,2022,2023-03-05,cukaricki,radnik surdulica,False
877109,RS1,2022,2023-03-05,napredak,fk spartak zdrepceva krv,False
877115,RS1,2022,2023-03-05,fk vozdovac,vojvodina,False
877110,RS1,2022,2023-03-06,novi pazar,radnicki 1923,False
877113,RS1,2022,2023-03-06,javor,mladost lucani,False
877108,RS1,2022,2023-03-06,mladost novi sad,radnicki nis,False
877111,RS1,2022,2023-03-07,tsc backa topola,fk crvena zvezda,False
877112,RS1,2022,2023-03-08,fk partizan,kolubara,False
877122,RS1,2022,2023-03-11,radnicki 1923,napredak,False
877117,RS1,2022,2023-03-11,vojvodina,cukaricki,False
877123,RS1,2022,2023-03-11,fk spartak zdrepceva krv,mladost novi sad,False
877116,RS1,2022,2023-03-12,radnicki nis,fk vozdovac,False
877118,RS1,2022,2023-03-12,radnik surdulica,javor,False
877121,RS1,2022,2023-03-12,fk crvena zvezda,novi pazar,False
877119,RS1,2022,2023-03-12,mladost lucani,fk partizan,False
877120,RS1,2022,2023-03-13,kolubara,tsc backa topola,False
877129,RS1,2022,2023-03-17,fk partizan,radnik surdulica,False
877125,RS1,2022,2023-03-17,mladost novi sad,radnicki 1923,False
877127,RS1,2022,2023-03-18,novi pazar,kolubara,False
877130,RS1,2022,2023-03-18,javor,vojvodina,False
877128,RS1,2022,2023-03-18,tsc backa topola,mladost lucani,False
877124,RS1,2022,2023-03-19,fk spartak zdrepceva krv,radnicki nis,False
877126,RS1,2022,2023-03-19,napredak,fk crvena zvezda,False
877131,RS1,2022,2023-03-19,cukaricki,fk vozdovac,False
877137,RS1,2022,2023-03-31,kolubara,napredak,False
877136,RS1,2022,2023-03-31,mladost lucani,novi pazar,False
877139,RS1,2022,2023-04-01,radnicki 1923,fk spartak zdrepceva krv,False
877133,RS1,2022,2023-04-01,fk vozdovac,javor,False
877138,RS1,2022,2023-04-01,fk crvena zvezda,mladost novi sad,False
877134,RS1,2022,2023-04-01,vojvodina,fk partizan,False
877135,RS1,2022,2023-04-02,radnik surdulica,tsc backa topola,False
877132,RS1,2022,2023-04-02,radnicki nis,cukaricki,False
877143,RS1,2022,2023-04-04,napredak,mladost lucani,False
877146,RS1,2022,2023-04-05,fk partizan,fk vozdovac,False
877141,RS1,2022,2023-04-05,fk spartak zdrepceva krv,fk crvena zvezda,False
877142,RS1,2022,2023-04-05,mladost novi sad,kolubara,False
877144,RS1,2022,2023-04-06,novi pazar,radnik surdulica,False
877140,RS1,2022,2023-04-07,radnicki 1923,radnicki nis,False
877145,RS1,2022,2023-04-07,tsc backa topola,vojvodina,False
877147,RS1,2022,2023-04-07,javor,cukaricki,False
877153,RS1,2022,2023-04-10,mladost lucani,mladost novi sad,False
877155,RS1,2022,2023-04-10,fk crvena zvezda,radnicki 1923,False
877154,RS1,2022,2023-04-10,kolubara,fk spartak zdrepceva krv,False
877151,RS1,2022,2023-04-11,vojvodina,novi pazar,False
877150,RS1,2022,2023-04-11,fk vozdovac,tsc backa topola,False
877148,RS1,2022,2023-04-12,radnicki nis,javor,False
877152,RS1,2022,2023-04-12,radnik surdulica,napredak,False
877149,RS1,2022,2023-04-20,cukaricki,fk partizan,False
1022163,RS1,2022,2023-04-21,radnicki nis,mladost novi sad,False
1022161,RS1,2022,2023-04-21,kolubara,mladost lucani,False
1022897,RS1,2022,2023-04-21,fk vozdovac,radnicki 1923,False
1022160,RS1,2022,2023-04-22,napredak,fk spartak zdrepceva krv,False
1022898,RS1,2022,2023-04-22,vojvodina,novi pazar,False
1022899,RS1,2022,2023-04-22,fk crvena zvezda,tsc backa topola,False
1022162,RS1,2022,2023-04-23,javor,radnik surdulica,False
1023128,RS1,2022,2023-04-23,cukaricki,fk partizan,False
1022164,RS1,2022,2023-04-25,mladost novi sad,kolubara,False
1023131,RS1,2022,2023-04-26,novi pazar,fk vozdovac,False
1023132,RS1,2022,2023-04-26,radnicki 1923,vojvodina,False
1023129,RS1,2022,2023-04-26,fk partizan,fk crvena zvezda,False
1022166,RS1,2022,2023-04-26,mladost lucani,napredak,False
1022167,RS1,2022,2023-04-27,fk spartak zdrepceva krv,javor,False
1022165,RS1,2022,2023-04-27,radnik surdulica,radnicki nis,False
1023130,RS1,2022,2023-04-27,tsc backa topola,cukaricki,False
1023133,RS1,2022,2023-04-29,novi pazar,radnicki 1923,False
1023134,RS1,2022,2023-04-29,vojvodina,fk vozdovac,False
1023135,RS1,2022,2023-04-30,fk crvena zvezda,cukaricki,False
1022169,RS1,2022,2023-04-30,radnicki nis,mladost lucani,False
1022170,RS1,2022,2023-04-30,napredak,radnik surdulica,False
1022168,RS1,2022,2023-05-01,kolubara,fk spartak zdrepceva krv,False
1023136,RS1,2022,2023-05-01,tsc backa topola,fk partizan,False
1022171,RS1,2022,2023-05-02,javor,mladost novi sad,False
1022175,RS1,2022,2023-05-07,mladost novi sad,fk spartak zdrepceva krv,False
1022174,RS1,2022,2023-05-07,javor,kolubara,False
1023140,RS1,2022,2023-05-08,radnicki 1923,tsc backa topola,False
1023139,RS1,2022,2023-05-08,cukaricki,vojvodina,False
1023137,RS1,2022,2023-05-08,fk vozdovac,fk crvena zvezda,False
1023138,RS1,2022,2023-05-08,fk partizan,novi pazar,False
1022172,RS1,2022,2023-05-09,mladost lucani,radnik surdulica,False
1022173,RS1,2022,2023-05-09,napredak,radnicki nis,False
1023143,RS1,2022,2023-05-13,cukaricki,novi pazar,False
1023144,RS1,2022,2023-05-13,fk crvena zvezda,vojvodina,False
1023142,RS1,2022,2023-05-13,tsc backa topola,fk vozdovac,False
1022177,RS1,2022,2023-05-14,kolubara,napredak,False
1023141,RS1,2022,2023-05-14,fk partizan,radnicki 1923,False
1022179,RS1,2022,2023-05-15,fk spartak zdrepceva krv,mladost lucani,False
1022176,RS1,2022,2023-05-15,radnicki nis,javor,False
1022178,RS1,2022,2023-05-15,radnik surdulica,mladost novi sad,False
1023145,RS1,2022,2023-05-20,radnicki 1923,fk crvena zvezda,False
1023146,RS1,2022,2023-05-21,vojvodina,fk partizan,False
1023148,RS1,2022,2023-05-21,novi pazar,tsc backa topola,False
1023147,RS1,2022,2023-05-21,fk vozdovac,cukaricki,False
1022183,RS1,2022,2023-05-22,radnicki nis,fk spartak zdrepceva krv,False
1022181,RS1,2022,2023-05-22,javor,mladost lucani,False
1022180,RS1,2022,2023-05-22,radnik surdulica,kolubara,False
1022182,RS1,2022,2023-05-22,mladost novi sad,napredak,False
1022185,RS1,2022,2023-05-27,mladost lucani,mladost novi sad,False
1022187,RS1,2022,2023-05-27,fk spartak zdrepceva krv,radnik surdulica,False
1022184,RS1,2022,2023-05-27,kolubara,radnicki nis,False
1022186,RS1,2022,2023-05-27,napredak,javor,False
1023152,RS1,2022,2023-05-27,fk partizan,fk vozdovac,False
1023149,RS1,2022,2023-05-28,tsc backa topola,vojvodina,False
1023150,RS1,2022,2023-05-28,cukaricki,radnicki 1923,False
1023151,RS1,2022,2023-05-28,fk crvena zvezda,novi pazar,False
1030285,RS1,2022,2023-05-31,indjija,radnicki nis,False
1030287,RS1,2022,2023-05-31,grafičar,radnik surdulica,False
1030288,RS1,2022,2023-06-04,radnik surdulica,grafičar,False
1030286,RS1,2022,2023-06-04,radnicki nis,indjija,False
1099821,RS1,2023,2023-07-29,fk spartak zdrepceva krv,imt novi beograd,False
1099822,RS1,2023,2023-07-29,cukaricki,radnicki nis,False
1099824,RS1,2023,2023-07-29,tsc backa topola,fk partizan,False
1099823,RS1,2023,2023-07-29,fk vozdovac,javor,False
1099826,RS1,2023,2023-07-30,novi pazar,radnicki 1923,False
1099825,RS1,2023,2023-07-30,napredak,železničar pančevo,False
1099827,RS1,2023,2023-07-30,fk crvena zvezda,vojvodina,False
1099828,RS1,2023,2023-07-31,mladost lucani,radnik surdulica,False
1099830,RS1,2023,2023-08-03,radnicki nis,tsc backa topola,False
1099832,RS1,2023,2023-08-05,javor,novi pazar,False
1099835,RS1,2023,2023-08-05,železničar pančevo,mladost lucani,False
1099836,RS1,2023,2023-08-06,fk crvena zvezda,napredak,False
1099831,RS1,2023,2023-08-06,radnicki 1923,cukaricki,False
1099829,RS1,2023,2023-08-06,vojvodina,fk partizan,False
1099833,RS1,2023,2023-08-06,imt novi beograd,fk vozdovac,False
1099834,RS1,2023,2023-08-07,radnik surdulica,fk spartak zdrepceva krv,False
1099838,RS1,2023,2023-08-11,mladost lucani,fk crvena zvezda,False
1099843,RS1,2023,2023-08-12,tsc backa topola,radnicki 1923,False
1099840,RS1,2023,2023-08-12,fk vozdovac,radnik surdulica,False
1099842,RS1,2023,2023-08-12,cukaricki,javor,False
1099837,RS1,2023,2023-08-13,napredak,vojvodina,False
1099844,RS1,2023,2023-08-13,fk partizan,radnicki nis,False
1099839,RS1,2023,2023-08-13,fk spartak zdrepceva krv,železničar pančevo,False
1099841,RS1,2023,2023-08-14,novi pazar,imt novi beograd,False
1099848,RS1,2023,2023-08-18,imt novi beograd,cukaricki,False
1099845,RS1,2023,2023-08-19,vojvodina,radnicki nis,False
1099851,RS1,2023,2023-08-19,fk crvena zvezda,fk spartak zdrepceva krv,False
1099850,RS1,2023,2023-08-19,železničar pančevo,fk vozdovac,False
1099849,RS1,2023,2023-08-20,radnik surdulica,novi pazar,False
1099847,RS1,2023,2023-08-20,javor,tsc backa topola,False
1099852,RS1,2023,2023-08-20,napredak,mladost lucani,False
1099860,RS1,2023,2023-08-25,radnicki nis,radnicki 1923,False
1099858,RS1,2023,2023-08-26,tsc backa topola,imt novi beograd,False
1099855,RS1,2023,2023-08-26,fk vozdovac,fk crvena zvezda,False
1099853,RS1,2023,2023-08-26,mladost lucani,vojvodina,False
1099856,RS1,2023,2023-08-27,novi pazar,železničar pančevo,False
1099854,RS1,2023,2023-08-27,fk spartak zdrepceva krv,napredak,False
1099857,RS1,2023,2023-08-27,cukaricki,radnik surdulica,False
1099859,RS1,2023,2023-08-27,fk partizan,javor,False
1099864,RS1,2023,2023-09-01,radnik surdulica,tsc backa topola,False
1099867,RS1,2023,2023-09-02,napredak,fk vozdovac,False
1099866,RS1,2023,2023-09-02,fk crvena zvezda,novi pazar,False
1099862,RS1,2023,2023-09-02,javor,radnicki nis,False
1099861,RS1,2023,2023-09-02,vojvodina,radnicki 1923,False
1099868,RS1,2023,2023-09-03,mladost lucani,fk spartak zdrepceva krv,False
1099863,RS1,2023,2023-09-03,imt novi beograd,fk partizan,False
1099865,RS1,2023,2023-09-04,železničar pančevo,cukaricki,False
1099872,RS1,2023,2023-09-16,cukaricki,fk crvena zvezda,False
1099873,RS1,2023,2023-09-16,tsc backa topola,železničar pančevo,False
1099870,RS1,2023,2023-09-16,fk vozdovac,mladost lucani,False
1099869,RS1,2023,2023-09-16,fk spartak zdrepceva krv,vojvodina,False
1099876,RS1,2023,2023-09-17,radnicki 1923,javor,False
1099871,RS1,2023,2023-09-17,novi pazar,napredak,False
1099875,RS1,2023,2023-09-17,radnicki nis,imt novi beograd,False
1099874,RS1,2023,2023-09-17,fk partizan,radnik surdulica,False
1099878,RS1,2023,2023-09-21,imt novi beograd,radnicki 1923,False
1099879,RS1,2023,2023-09-22,radnik surdulica,radnicki nis,False
1099884,RS1,2023,2023-09-22,fk spartak zdrepceva krv,fk vozdovac,False
1099880,RS1,2023,2023-09-22,železničar pančevo,fk partizan,False
1099883,RS1,2023,2023-09-23,mladost lucani,novi pazar,False
1099877,RS1,2023,2023-09-23,vojvodina,javor,False
1099893,RS1,2023,2023-09-29,vojvodina,imt novi beograd,False
1099899,RS1,2023,2023-09-30,fk spartak zdrepceva krv,cukaricki,False
1099896,RS1,2023,2023-09-30,fk crvena zvezda,radnicki nis,False
1099898,RS1,2023,2023-09-30,mladost lucani,tsc backa topola,False
1099894,RS1,2023,2023-10-01,radnik surdulica,javor,False
1099897,RS1,2023,2023-10-01,napredak,fk partizan,False
1099895,RS1,2023,2023-10-01,železničar pančevo,radnicki 1923,False
1099900,RS1,2023,2023-10-02,fk vozdovac,novi pazar,False
1099908,RS1,2023,2023-10-06,imt novi beograd,radnik surdulica,False
1099905,RS1,2023,2023-10-06,radnicki nis,napredak,False
1099901,RS1,2023,2023-10-07,novi pazar,vojvodina,False
1099907,RS1,2023,2023-10-07,javor,železničar pančevo,False
1099904,RS1,2023,2023-10-07,fk partizan,mladost lucani,False
1099906,RS1,2023,2023-10-08,radnicki 1923,fk crvena zvezda,False
1099903,RS1,2023,2023-10-08,tsc backa topola,fk spartak zdrepceva krv,False
1099902,RS1,2023,2023-10-08,cukaricki,fk vozdovac,False
1099916,RS1,2023,2023-10-20,novi pazar,cukaricki,False
1099912,RS1,2023,2023-10-20,napredak,radnicki 1923,False
1099914,RS1,2023,2023-10-20,fk spartak zdrepceva krv,fk partizan,False
1099911,RS1,2023,2023-10-21,fk crvena zvezda,javor,False
1099915,RS1,2023,2023-10-21,fk vozdovac,tsc backa topola,False
1099913,RS1,2023,2023-10-22,mladost lucani,radnicki nis,False
1099909,RS1,2023,2023-10-22,vojvodina,radnik surdulica,False
1099910,RS1,2023,2023-10-23,železničar pančevo,imt novi beograd,False
1099846,RS1,2023,2023-10-25,radnicki 1923,fk partizan,False
1099922,RS1,2023,2023-10-27,javor,napredak,False
1099924,RS1,2023,2023-10-28,radnik surdulica,železničar pančevo,False
1099920,RS1,2023,2023-10-28,radnicki nis,fk spartak zdrepceva krv,False
1099923,RS1,2023,2023-10-28,imt novi beograd,fk crvena zvezda,False
1099921,RS1,2023,2023-10-29,radnicki 1923,mladost lucani,False
1099917,RS1,2023,2023-10-29,cukaricki,vojvodina,False
1099919,RS1,2023,2023-10-29,fk partizan,fk vozdovac,False
1099918,RS1,2023,2023-10-29,tsc backa topola,novi pazar,False
1099881,RS1,2023,2023-11-01,fk crvena zvezda,tsc backa topola,False
1099926,RS1,2023,2023-11-04,fk crvena zvezda,radnik surdulica,False
1099925,RS1,2023,2023-11-05,vojvodina,železničar pančevo,False
1099932,RS1,2023,2023-11-05,cukaricki,tsc backa topola,False
1099930,RS1,2023,2023-11-05,fk vozdovac,radnicki nis,False
1099931,RS1,2023,2023-11-06,novi pazar,fk partizan,False
1099929,RS1,2023,2023-11-06,fk spartak zdrepceva krv,radnicki 1923,False
1099927,RS1,2023,2023-11-06,napredak,imt novi beograd,False
1099928,RS1,2023,2023-11-06,mladost lucani,javor,False
1099935,RS1,2023,2023-11-10,radnicki nis,novi pazar,False
1099936,RS1,2023,2023-11-11,radnicki 1923,fk vozdovac,False
1099939,RS1,2023,2023-11-11,radnik surdulica,napredak,False
1099940,RS1,2023,2023-11-11,železničar pančevo,fk crvena zvezda,False
1099938,RS1,2023,2023-11-11,imt novi beograd,mladost lucani,False
1099937,RS1,2023,2023-11-12,javor,fk spartak zdrepceva krv,False
1099934,RS1,2023,2023-11-12,fk partizan,cukaricki,False
1099933,RS1,2023,2023-11-12,tsc backa topola,vojvodina,False
1099882,RS1,2023,2023-11-22,napredak,cukaricki,False
1099944,RS1,2023,2023-11-24,imt novi beograd,fk spartak zdrepceva krv,False
1099943,RS1,2023,2023-11-25,radnik surdulica,mladost lucani,False
1099941,RS1,2023,2023-11-25,vojvodina,fk crvena zvezda,False
1099948,RS1,2023,2023-11-25,fk partizan,tsc backa topola,False
1099946,RS1,2023,2023-11-26,radnicki 1923,novi pazar,False
1099947,RS1,2023,2023-11-26,radnicki nis,cukaricki,False
1099942,RS1,2023,2023-11-26,železničar pančevo,napredak,False
1099945,RS1,2023,2023-11-27,javor,fk vozdovac,False
1099952,RS1,2023,2023-12-01,novi pazar,javor,False
1099954,RS1,2023,2023-12-01,fk spartak zdrepceva krv,radnik surdulica,False
1099949,RS1,2023,2023-12-02,fk partizan,vojvodina,False
1099955,RS1,2023,2023-12-02,mladost lucani,železničar pančevo,False
1099953,RS1,2023,2023-12-02,fk vozdovac,imt novi beograd,False
1099951,RS1,2023,2023-12-03,cukaricki,radnicki 1923,False
1099956,RS1,2023,2023-12-03,napredak,fk crvena zvezda,False
1099950,RS1,2023,2023-12-03,tsc backa topola,radnicki nis,False
1099963,RS1,2023,2023-12-09,radnicki 1923,tsc backa topola,False
1099958,RS1,2023,2023-12-09,fk crvena zvezda,mladost lucani,False
1099959,RS1,2023,2023-12-09,železničar pančevo,fk spartak zdrepceva krv,False
1099960,RS1,2023,2023-12-10,radnik surdulica,fk vozdovac,False
1099962,RS1,2023,2023-12-10,javor,cukaricki,False
1099961,RS1,2023,2023-12-10,imt novi beograd,novi pazar,False
1099964,RS1,2023,2023-12-11,radnicki nis,fk partizan,False
1099957,RS1,2023,2023-12-11,vojvodina,napredak,False
1099969,RS1,2023,2023-12-15,novi pazar,radnik surdulica,False
1099970,RS1,2023,2023-12-15,fk vozdovac,železničar pančevo,False
1099972,RS1,2023,2023-12-16,mladost lucani,napredak,False
1099965,RS1,2023,2023-12-16,radnicki nis,vojvodina,False
1099971,RS1,2023,2023-12-16,fk spartak zdrepceva krv,fk crvena zvezda,False
1099966,RS1,2023,2023-12-16,fk partizan,radnicki 1923,False
1099967,RS1,2023,2023-12-18,tsc backa topola,javor,False
1099968,RS1,2023,2023-12-18,cukaricki,imt novi beograd,False
1099891,RS1,2023,2023-12-20,radnicki 1923,radnik surdulica,False
1099889,RS1,2023,2023-12-20,fk partizan,fk crvena zvezda,False
1099886,RS1,2023,2023-12-21,novi pazar,fk spartak zdrepceva krv,False
1099890,RS1,2023,2023-12-21,radnicki nis,železničar pančevo,False
1099885,RS1,2023,2023-12-21,fk vozdovac,vojvodina,False
1099887,RS1,2023,2023-12-22,cukaricki,mladost lucani,False
1099892,RS1,2023,2023-12-22,javor,imt novi beograd,False
1099888,RS1,2023,2023-12-22,tsc backa topola,napredak,False
1099977,RS1,2023,2024-02-09,radnik surdulica,cukaricki,False
1099976,RS1,2023,2024-02-10,železničar pančevo,novi pazar,False
1099979,RS1,2023,2024-02-10,javor,fk partizan,False
1099973,RS1,2023,2024-02-10,vojvodina,mladost lucani,False
1099975,RS1,2023,2024-02-10,fk crvena zvezda,fk vozdovac,False
1099980,RS1,2023,2024-02-11,radnicki 1923,radnicki nis,False
1099978,RS1,2023,2024-02-11,imt novi beograd,tsc backa topola,False
1099974,RS1,2023,2024-02-12,napredak,fk spartak zdrepceva krv,False
1099986,RS1,2023,2024-02-17,novi pazar,fk crvena zvezda,False
1099983,RS1,2023,2024-02-17,fk partizan,imt novi beograd,False
1099985,RS1,2023,2024-02-17,cukaricki,železničar pančevo,False
1099981,RS1,2023,2024-02-18,radnicki 1923,vojvodina,False
1099988,RS1,2023,2024-02-18,fk spartak zdrepceva krv,mladost lucani,False
1099982,RS1,2023,2024-02-18,radnicki nis,javor,False
1099984,RS1,2023,2024-02-18,tsc backa topola,radnik surdulica,False
1099987,RS1,2023,2024-02-19,fk vozdovac,napredak,False
1099995,RS1,2023,2024-02-23,imt novi beograd,radnicki nis,False
1099994,RS1,2023,2024-02-24,radnik surdulica,fk partizan,False
1099992,RS1,2023,2024-02-24,fk crvena zvezda,cukaricki,False
1099993,RS1,2023,2024-02-24,železničar pančevo,tsc backa topola,False
1099996,RS1,2023,2024-02-25,javor,radnicki 1923,False
1099991,RS1,2023,2024-02-25,napredak,novi pazar,False
1099989,RS1,2023,2024-02-25,vojvodina,fk spartak zdrepceva krv,False
1099990,RS1,2023,2024-02-26,mladost lucani,fk vozdovac,False
1099998,RS1,2023,2024-03-01,radnicki 1923,imt novi beograd,False
1100002,RS1,2023,2024-03-01,cukaricki,napredak,False
1099997,RS1,2023,2024-03-02,javor,vojvodina,False
1100001,RS1,2023,2024-03-02,tsc backa topola,fk crvena zvezda,False
1100000,RS1,2023,2024-03-02,fk partizan,železničar pančevo,False
1099999,RS1,2023,2024-03-03,radnicki nis,radnik surdulica,False
1100003,RS1,2023,2024-03-03,novi pazar,mladost lucani,False
1100004,RS1,2023,2024-03-03,fk vozdovac,fk spartak zdrepceva krv,False
1100012,RS1,2023,2024-03-07,imt novi beograd,javor,False
1100008,RS1,2023,2024-03-07,napredak,tsc backa topola,False
1100006,RS1,2023,2024-03-08,fk spartak zdrepceva krv,novi pazar,False
1100011,RS1,2023,2024-03-08,radnik surdulica,radnicki 1923,False
1100007,RS1,2023,2024-03-08,mladost lucani,cukaricki,False
1100005,RS1,2023,2024-03-08,vojvodina,fk vozdovac,False
1100009,RS1,2023,2024-03-09,fk crvena zvezda,fk partizan,False
1100010,RS1,2023,2024-03-09,železničar pančevo,radnicki nis,False
1100018,RS1,2023,2024-03-12,tsc backa topola,mladost lucani,False
1100020,RS1,2023,2024-03-12,novi pazar,fk vozdovac,False
1100019,RS1,2023,2024-03-12,cukaricki,fk spartak zdrepceva krv,False
1100014,RS1,2023,2024-03-12,javor,radnik surdulica,False
1100013,RS1,2023,2024-03-12,imt novi beograd,vojvodina,False
1100015,RS1,2023,2024-03-13,radnicki 1923,železničar pančevo,False
1100017,RS1,2023,2024-03-13,fk partizan,napredak,False
1100016,RS1,2023,2024-03-13,radnicki nis,fk crvena zvezda,False
1100028,RS1,2023,2024-03-16,radnik surdulica,imt novi beograd,False
1100022,RS1,2023,2024-03-16,fk vozdovac,cukaricki,False
1100023,RS1,2023,2024-03-16,fk spartak zdrepceva krv,tsc backa topola,False
1100021,RS1,2023,2024-03-16,vojvodina,novi pazar,False
1100024,RS1,2023,2024-03-17,mladost lucani,fk partizan,False
1100026,RS1,2023,2024-03-17,fk crvena zvezda,radnicki 1923,False
1100027,RS1,2023,2024-03-17,železničar pančevo,javor,False
1100025,RS1,2023,2024-03-17,napredak,radnicki nis,False
1100036,RS1,2023,2024-03-29,cukaricki,novi pazar,False
1100029,RS1,2023,2024-03-29,radnik surdulica,vojvodina,False
1100035,RS1,2023,2024-03-29,tsc backa topola,fk vozdovac,False
1100030,RS1,2023,2024-03-29,imt novi beograd,železničar pančevo,False
1100033,RS1,2023,2024-03-30,radnicki nis,mladost lucani,False
1100032,RS1,2023,2024-03-30,radnicki 1923,napredak,False
1100031,RS1,2023,2024-03-30,javor,fk crvena zvezda,False
1100034,RS1,2023,2024-03-30,fk partizan,fk spartak zdrepceva krv,False
1100038,RS1,2023,2024-04-02,novi pazar,tsc backa topola,False
1100037,RS1,2023,2024-04-02,vojvodina,cukaricki,False
1100044,RS1,2023,2024-04-02,železničar pančevo,radnik surdulica,False
1100041,RS1,2023,2024-04-03,mladost lucani,radnicki 1923,False
1100039,RS1,2023,2024-04-03,fk vozdovac,fk partizan,False
1100040,RS1,2023,2024-04-03,fk spartak zdrepceva krv,radnicki nis,False
1100043,RS1,2023,2024-04-03,fk crvena zvezda,imt novi beograd,False
1100042,RS1,2023,2024-04-04,napredak,javor,False
1100045,RS1,2023,2024-04-06,železničar pančevo,vojvodina,False
1100052,RS1,2023,2024-04-06,tsc backa topola,cukaricki,False
1100049,RS1,2023,2024-04-07,radnicki 1923,fk spartak zdrepceva krv,False
1100046,RS1,2023,2024-04-07,radnik surdulica,fk crvena zvezda,False
1100050,RS1,2023,2024-04-07,radnicki nis,fk vozdovac,False
1100051,RS1,2023,2024-04-07,fk partizan,novi pazar,False
1100047,RS1,2023,2024-04-08,imt novi beograd,napredak,False
1100048,RS1,2023,2024-04-08,javor,mladost lucani,False
1100053,RS1,2023,2024-04-14,vojvodina,tsc backa topola,False
1100059,RS1,2023,2024-04-14,napredak,radnik surdulica,False
1100060,RS1,2023,2024-04-14,fk crvena zvezda,železničar pančevo,False
1100054,RS1,2023,2024-04-14,cukaricki,fk partizan,False
1100055,RS1,2023,2024-04-15,novi pazar,radnicki nis,False
1100058,RS1,2023,2024-04-15,mladost lucani,imt novi beograd,False
1100057,RS1,2023,2024-04-15,fk spartak zdrepceva krv,javor,False
1100056,RS1,2023,2024-04-15,fk vozdovac,radnicki 1923,False
1196340,RS1,2023,2024-04-20,radnicki 1923,cukaricki,False
1196341,RS1,2023,2024-04-20,tsc backa topola,vojvodina,False
1196342,RS1,2023,2024-04-20,fk crvena zvezda,fk partizan,False
1196312,RS1,2023,2024-04-21,fk spartak zdrepceva krv,javor,False
1196314,RS1,2023,2024-04-21,radnicki nis,radnik surdulica,False
1196313,RS1,2023,2024-04-21,novi pazar,fk vozdovac,False
1196315,RS1,2023,2024-04-22,imt novi beograd,železničar pančevo,False
1196343,RS1,2023,2024-04-22,mladost lucani,napredak,False
1196318,RS1,2023,2024-04-26,fk vozdovac,fk spartak zdrepceva krv,False
1196346,RS1,2023,2024-04-26,cukaricki,mladost lucani,False
1196316,RS1,2023,2024-04-27,radnik surdulica,novi pazar,False
1196317,RS1,2023,2024-04-27,javor,imt novi beograd,False
1196319,RS1,2023,2024-04-27,železničar pančevo,radnicki nis,False
1196344,RS1,2023,2024-04-28,vojvodina,fk crvena zvezda,False
1196347,RS1,2023,2024-04-28,napredak,radnicki 1923,False
1196345,RS1,2023,2024-04-28,fk partizan,tsc backa topola,False
1196323,RS1,2023,2024-05-01,radnicki nis,fk vozdovac,False
1196321,RS1,2023,2024-05-01,imt novi beograd,radnik surdulica,False
1196320,RS1,2023,2024-05-01,novi pazar,javor,False
1196322,RS1,2023,2024-05-01,fk spartak zdrepceva krv,železničar pančevo,False
1196349,RS1,2023,2024-05-02,radnicki 1923,mladost lucani,False
1196350,RS1,2023,2024-05-02,fk partizan,vojvodina,False
1196351,RS1,2023,2024-05-02,cukaricki,napredak,False
1196348,RS1,2023,2024-05-02,fk crvena zvezda,tsc backa topola,False
1196324,RS1,2023,2024-05-07,imt novi beograd,novi pazar,False
1196325,RS1,2023,2024-05-07,fk spartak zdrepceva krv,radnicki nis,False
1196327,RS1,2023,2024-05-07,radnik surdulica,javor,False
1196326,RS1,2023,2024-05-07,fk vozdovac,železničar pančevo,False
1196353,RS1,2023,2024-05-08,tsc backa topola,radnicki 1923,False
1196354,RS1,2023,2024-05-08,napredak,fk partizan,False
1196355,RS1,2023,2024-05-08,vojvodina,cukaricki,False
1196352,RS1,2023,2024-05-08,mladost lucani,fk crvena zvezda,False
1196359,RS1,2023,2024-05-12,tsc backa topola,cukaricki,False
1196358,RS1,2023,2024-05-12,fk partizan,mladost lucani,False
1196356,RS1,2023,2024-05-12,fk crvena zvezda,radnicki 1923,False
1196357,RS1,2023,2024-05-12,vojvodina,napredak,False
1196328,RS1,2023,2024-05-13,novi pazar,fk spartak zdrepceva krv,False
1196329,RS1,2023,2024-05-13,radnicki nis,imt novi beograd,False
1196330,RS1,2023,2024-05-13,javor,fk vozdovac,False
1196331,RS1,2023,2024-05-13,železničar pančevo,radnik surdulica,False
1196361,RS1,2023,2024-05-16,radnicki 1923,vojvodina,False
1196360,RS1,2023,2024-05-16,napredak,fk crvena zvezda,False
1196363,RS1,2023,2024-05-17,mladost lucani,tsc backa topola,False
1196362,RS1,2023,2024-05-17,cukaricki,fk partizan,False
1196333,RS1,2023,2024-05-18,radnicki nis,javor,False
1196335,RS1,2023,2024-05-18,imt novi beograd,fk vozdovac,False
1196332,RS1,2023,2024-05-18,železničar pančevo,novi pazar,False
1196334,RS1,2023,2024-05-18,radnik surdulica,fk spartak zdrepceva krv,False
1196366,RS1,2023,2024-05-23,tsc backa topola,napredak,False
1196338,RS1,2023,2024-05-24,fk spartak zdrepceva krv,imt novi beograd,False
1196336,RS1,2023,2024-05-24,novi pazar,radnicki nis,False
1196337,RS1,2023,2024-05-24,javor,železničar pančevo,False
1196339,RS1,2023,2024-05-24,fk vozdovac,radnik surdulica,False
1196365,RS1,2023,2024-05-25,fk partizan,radnicki 1923,False
1196364,RS1,2023,2024-05-25,fk crvena zvezda,cukaricki,False
1196367,RS1,2023,2024-05-25,vojvodina,mladost lucani,False
1201646,RS1,2023,2024-05-29,tekstilac odžaci,javor,False
1201648,RS1,2023,2024-05-30,indjija,železničar pančevo,False
1201647,RS1,2023,2024-06-03,javor,tekstilac odžaci,False
1201649,RS1,2023,2024-06-03,železničar pančevo,indjija,False
1214561,RS1,2024,2024-07-19,radnicki 1923,železničar pančevo,False
1214562,RS1,2024,2024-07-19,napredak,fk partizan,False
1214555,RS1,2024,2024-07-20,fk crvena zvezda,jedinstvo ub,False
1214556,RS1,2024,2024-07-20,mladost lucani,ofk beograd,False
1214559,RS1,2024,2024-07-20,cukaricki,radnicki nis,False
1214558,RS1,2024,2024-07-21,novi pazar,fk spartak zdrepceva krv,False
1214560,RS1,2024,2024-07-21,tsc backa topola,imt novi beograd,False
1214557,RS1,2024,2024-07-21,tekstilac odžaci,vojvodina,False
1214570,RS1,2024,2024-07-27,fk crvena zvezda,mladost lucani,False
1214563,RS1,2024,2024-07-27,jedinstvo ub,fk partizan,False
1214564,RS1,2024,2024-07-27,železničar pančevo,napredak,False
1214567,RS1,2024,2024-07-28,fk spartak zdrepceva krv,cukaricki,False
1214566,RS1,2024,2024-07-28,radnicki nis,tsc backa topola,False
1214569,RS1,2024,2024-07-29,ofk beograd,tekstilac odžaci,False
1214577,RS1,2024,2024-08-02,napredak,imt novi beograd,False
1214573,RS1,2024,2024-08-03,novi pazar,ofk beograd,False
1214571,RS1,2024,2024-08-03,mladost lucani,jedinstvo ub,False
1214572,RS1,2024,2024-08-03,tekstilac odžaci,fk crvena zvezda,False
1214575,RS1,2024,2024-08-04,tsc backa topola,fk spartak zdrepceva krv,False
1214578,RS1,2024,2024-08-04,fk partizan,železničar pančevo,False
1214574,RS1,2024,2024-08-04,cukaricki,vojvodina,False
1214576,RS1,2024,2024-08-04,radnicki 1923,radnicki nis,False
1214584,RS1,2024,2024-08-09,ofk beograd,cukaricki,False
1214581,RS1,2024,2024-08-09,radnicki nis,napredak,False
1214585,RS1,2024,2024-08-10,fk crvena zvezda,novi pazar,False
1214586,RS1,2024,2024-08-10,mladost lucani,tekstilac odžaci,False
1214582,RS1,2024,2024-08-10,fk spartak zdrepceva krv,radnicki 1923,False
1214579,RS1,2024,2024-08-11,jedinstvo ub,železničar pančevo,False
1214583,RS1,2024,2024-08-11,vojvodina,tsc backa topola,False
1214580,RS1,2024,2024-08-11,imt novi beograd,fk partizan,False
1214589,RS1,2024,2024-08-15,cukaricki,fk crvena zvezda,False
1214590,RS1,2024,2024-08-16,tsc backa topola,ofk beograd,False
1214588,RS1,2024,2024-08-17,novi pazar,mladost lucani,False
1214592,RS1,2024,2024-08-17,napredak,fk spartak zdrepceva krv,False
1214587,RS1,2024,2024-08-17,tekstilac odžaci,jedinstvo ub,False
1214594,RS1,2024,2024-08-18,železničar pančevo,imt novi beograd,False
1214591,RS1,2024,2024-08-19,radnicki 1923,vojvodina,False
1214601,RS1,2024,2024-08-23,mladost lucani,cukaricki,False
1214596,RS1,2024,2024-08-24,radnicki nis,železničar pančevo,False
1214602,RS1,2024,2024-08-24,tekstilac odžaci,novi pazar,False
1214595,RS1,2024,2024-08-24,jedinstvo ub,imt novi beograd,False
1214599,RS1,2024,2024-08-25,ofk beograd,radnicki 1923,False
1214598,RS1,2024,2024-08-25,vojvodina,napredak,False
1214610,RS1,2024,2024-08-30,imt novi beograd,radnicki nis,False
1214604,RS1,2024,2024-08-30,cukaricki,tekstilac odžaci,False
1214603,RS1,2024,2024-08-31,novi pazar,jedinstvo ub,False
1214607,RS1,2024,2024-08-31,napredak,ofk beograd,False
1214609,RS1,2024,2024-08-31,železničar pančevo,fk spartak zdrepceva krv,False
1214606,RS1,2024,2024-09-01,radnicki 1923,fk crvena zvezda,False
1214605,RS1,2024,2024-09-01,tsc backa topola,mladost lucani,False
1214608,RS1,2024,2024-09-01,fk partizan,vojvodina,False
1214612,RS1,2024,2024-09-13,fk spartak zdrepceva krv,imt novi beograd,False
1214613,RS1,2024,2024-09-14,vojvodina,železničar pančevo,False
1214615,RS1,2024,2024-09-14,fk crvena zvezda,napredak,False
1214616,RS1,2024,2024-09-14,mladost lucani,radnicki 1923,False
1214618,RS1,2024,2024-09-15,novi pazar,cukaricki,False
1214614,RS1,2024,2024-09-15,ofk beograd,fk partizan,False
1214617,RS1,2024,2024-09-15,tekstilac odžaci,tsc backa topola,False
1214611,RS1,2024,2024-09-16,jedinstvo ub,radnicki nis,False
1214565,RS1,2024,2024-09-18,imt novi beograd,radnicki 1923,False
1214620,RS1,2024,2024-09-21,tsc backa topola,novi pazar,False
1214619,RS1,2024,2024-09-21,cukaricki,jedinstvo ub,False
1214622,RS1,2024,2024-09-21,napredak,mladost lucani,False
1214626,RS1,2024,2024-09-22,radnicki nis,fk spartak zdrepceva krv,False
1214625,RS1,2024,2024-09-22,imt novi beograd,vojvodina,False
1214624,RS1,2024,2024-09-22,železničar pančevo,ofk beograd,False
1214621,RS1,2024,2024-09-23,radnicki 1923,tekstilac odžaci,False
1214623,RS1,2024,2024-09-23,fk partizan,fk crvena zvezda,False
1214630,RS1,2024,2024-09-27,fk crvena zvezda,železničar pančevo,False
1214629,RS1,2024,2024-09-28,ofk beograd,imt novi beograd,False
1214633,RS1,2024,2024-09-28,novi pazar,radnicki 1923,False
1214634,RS1,2024,2024-09-28,cukaricki,tsc backa topola,False
1214628,RS1,2024,2024-09-28,vojvodina,radnicki nis,False
1214632,RS1,2024,2024-09-29,tekstilac odžaci,napredak,False
1214631,RS1,2024,2024-09-29,mladost lucani,fk partizan,False
1214627,RS1,2024,2024-09-29,jedinstvo ub,fk spartak zdrepceva krv,False
1214568,RS1,2024,2024-10-02,vojvodina,novi pazar,False
1214641,RS1,2024,2024-10-04,radnicki nis,ofk beograd,False
1214636,RS1,2024,2024-10-05,radnicki 1923,cukaricki,False
1214639,RS1,2024,2024-10-05,železničar pančevo,mladost lucani,False
1214638,RS1,2024,2024-10-05,fk partizan,tekstilac odžaci,False
1214637,RS1,2024,2024-10-06,napredak,novi pazar,False
1214642,RS1,2024,2024-10-06,fk spartak zdrepceva krv,vojvodina,False
1214640,RS1,2024,2024-10-06,imt novi beograd,fk crvena zvezda,False
1214635,RS1,2024,2024-10-06,tsc backa topola,jedinstvo ub,False
1214645,RS1,2024,2024-10-18,fk crvena zvezda,radnicki nis,False
1214649,RS1,2024,2024-10-18,cukaricki,napredak,False
1214650,RS1,2024,2024-10-18,tsc backa topola,radnicki 1923,False
1214644,RS1,2024,2024-10-19,ofk beograd,fk spartak zdrepceva krv,False
1214647,RS1,2024,2024-10-19,tekstilac odžaci,železničar pančevo,False
1214643,RS1,2024,2024-10-19,jedinstvo ub,vojvodina,False
1214646,RS1,2024,2024-10-20,mladost lucani,imt novi beograd,False
1214648,RS1,2024,2024-10-21,novi pazar,fk partizan,False
1214655,RS1,2024,2024-10-25,imt novi beograd,tekstilac odžaci,False
1214651,RS1,2024,2024-10-25,radnicki 1923,jedinstvo ub,False
1214653,RS1,2024,2024-10-26,fk partizan,cukaricki,False
1214657,RS1,2024,2024-10-26,fk spartak zdrepceva krv,fk crvena zvezda,False
1214654,RS1,2024,2024-10-26,železničar pančevo,novi pazar,False
1214658,RS1,2024,2024-10-26,vojvodina,ofk beograd,False
1214652,RS1,2024,2024-10-27,napredak,tsc backa topola,False
1214656,RS1,2024,2024-10-27,radnicki nis,mladost lucani,False
1214663,RS1,2024,2024-11-03,novi pazar,imt novi beograd,False
1214662,RS1,2024,2024-11-03,tekstilac odžaci,radnicki nis,False
1214660,RS1,2024,2024-11-03,fk crvena zvezda,vojvodina,False
1214666,RS1,2024,2024-11-03,radnicki 1923,napredak,False
1214665,RS1,2024,2024-11-03,tsc backa topola,fk partizan,False
1214661,RS1,2024,2024-11-04,mladost lucani,fk spartak zdrepceva krv,False
1214664,RS1,2024,2024-11-04,cukaricki,železničar pančevo,False
1214659,RS1,2024,2024-11-04,jedinstvo ub,ofk beograd,False
1214671,RS1,2024,2024-11-09,radnicki nis,novi pazar,False
1214670,RS1,2024,2024-11-09,imt novi beograd,cukaricki,False
1214672,RS1,2024,2024-11-09,fk spartak zdrepceva krv,tekstilac odžaci,False
1214673,RS1,2024,2024-11-09,vojvodina,mladost lucani,False
1214667,RS1,2024,2024-11-10,napredak,jedinstvo ub,False
1214668,RS1,2024,2024-11-10,fk partizan,radnicki 1923,False
1214669,RS1,2024,2024-11-10,železničar pančevo,tsc backa topola,False
1214674,RS1,2024,2024-11-10,ofk beograd,fk crvena zvezda,False
1214679,RS1,2024,2024-11-23,radnicki nis,cukaricki,False
1214678,RS1,2024,2024-11-23,fk spartak zdrepceva krv,novi pazar,False
1214677,RS1,2024,2024-11-23,vojvodina,tekstilac odžaci,False
1214676,RS1,2024,2024-11-24,ofk beograd,mladost lucani,False
1214682,RS1,2024,2024-11-24,fk partizan,napredak,False
1214681,RS1,2024,2024-11-24,železničar pančevo,radnicki 1923,False
1214688,RS1,2024,2024-11-29,novi pazar,vojvodina,False
1214687,RS1,2024,2024-11-29,cukaricki,fk spartak zdrepceva krv,False
1214689,RS1,2024,2024-11-29,tekstilac odžaci,ofk beograd,False
1214685,RS1,2024,2024-11-30,radnicki 1923,imt novi beograd,False
1214684,RS1,2024,2024-11-30,napredak,železničar pančevo,False
1214683,RS1,2024,2024-11-30,fk partizan,jedinstvo ub,False
1214690,RS1,2024,2024-11-30,mladost lucani,fk crvena zvezda,False
1214686,RS1,2024,2024-12-01,tsc backa topola,radnicki nis,False
1214593,RS1,2024,2024-12-04,fk partizan,radnicki nis,False
1214600,RS1,2024,2024-12-04,fk crvena zvezda,tsc backa topola,False
1214692,RS1,2024,2024-12-07,fk crvena zvezda,tekstilac odžaci,False
1214691,RS1,2024,2024-12-08,jedinstvo ub,mladost lucani,False
1214694,RS1,2024,2024-12-08,vojvodina,cukaricki,False
1214695,RS1,2024,2024-12-08,fk spartak zdrepceva krv,tsc backa topola,False
1214698,RS1,2024,2024-12-08,železničar pančevo,fk partizan,False
1214693,RS1,2024,2024-12-09,ofk beograd,novi pazar,False
1214697,RS1,2024,2024-12-09,imt novi beograd,napredak,False
1214696,RS1,2024,2024-12-09,radnicki nis,radnicki 1923,False
1214597,RS1,2024,2024-12-12,fk spartak zdrepceva krv,fk partizan,False
1214706,RS1,2024,2024-12-14,tekstilac odžaci,mladost lucani,False
1214699,RS1,2024,2024-12-14,železničar pančevo,jedinstvo ub,False
1214701,RS1,2024,2024-12-15,napredak,radnicki nis,False
1214704,RS1,2024,2024-12-15,cukaricki,ofk beograd,False
1214705,RS1,2024,2024-12-15,novi pazar,fk crvena zvezda,False
1214703,RS1,2024,2024-12-15,tsc backa topola,vojvodina,False
1214702,RS1,2024,2024-12-16,radnicki 1923,fk spartak zdrepceva krv,False
1214700,RS1,2024,2024-12-16,fk partizan,imt novi beograd,False
1214675,RS1,2024,2024-12-18,jedinstvo ub,fk crvena zvezda,False
1214708,RS1,2024,2024-12-20,mladost lucani,novi pazar,False
1214714,RS1,2024,2024-12-21,imt novi beograd,železničar pančevo,False
1214711,RS1,2024,2024-12-21,vojvodina,radnicki 1923,False
1214713,RS1,2024,2024-12-21,radnicki nis,fk partizan,False
1214707,RS1,2024,2024-12-22,jedinstvo ub,tekstilac odžaci,False
1214709,RS1,2024,2024-12-22,fk crvena zvezda,cukaricki,False
1214712,RS1,2024,2024-12-22,fk spartak zdrepceva krv,napredak,False
1214710,RS1,2024,2024-12-23,ofk beograd,tsc backa topola,False
1214680,RS1,2024,2024-12-26,imt novi beograd,tsc backa topola,False
1214718,RS1,2024,2025-01-31,napredak,vojvodina,False
1214721,RS1,2024,2025-02-01,cukaricki,mladost lucani,False
1214722,RS1,2024,2025-02-01,novi pazar,tekstilac odžaci,False
1214717,RS1,2024,2025-02-01,fk partizan,fk spartak zdrepceva krv,False
1214715,RS1,2024,2025-02-02,imt novi beograd,jedinstvo ub,False
1214720,RS1,2024,2025-02-02,tsc backa topola,fk crvena zvezda,False
1214716,RS1,2024,2025-02-02,železničar pančevo,radnicki nis,False
1214719,RS1,2024,2025-02-03,radnicki 1923,ofk beograd,False
1214724,RS1,2024,2025-02-07,tekstilac odžaci,cukaricki,False
1214725,RS1,2024,2025-02-08,mladost lucani,tsc backa topola,False
1214726,RS1,2024,2025-02-08,fk crvena zvezda,radnicki 1923,False
1214728,RS1,2024,2025-02-08,vojvodina,fk partizan,False
1214723,RS1,2024,2025-02-09,jedinstvo ub,novi pazar,False
1214727,RS1,2024,2025-02-09,ofk beograd,napredak,False
1214730,RS1,2024,2025-02-09,radnicki nis,imt novi beograd,False
1214729,RS1,2024,2025-02-09,fk spartak zdrepceva krv,železničar pančevo,False
1214732,RS1,2024,2025-02-15,imt novi beograd,fk spartak zdrepceva krv,False
1214734,RS1,2024,2025-02-15,fk partizan,ofk beograd,False
1214735,RS1,2024,2025-02-15,napredak,fk crvena zvezda,False
1214736,RS1,2024,2025-02-16,radnicki 1923,mladost lucani,False
1214731,RS1,2024,2025-02-16,radnicki nis,jedinstvo ub,False
1214737,RS1,2024,2025-02-16,tsc backa topola,tekstilac odžaci,False
1214738,RS1,2024,2025-02-17,cukaricki,novi pazar,False
1214733,RS1,2024,2025-02-17,železničar pančevo,vojvodina,False
1214746,RS1,2024,2025-02-21,fk spartak zdrepceva krv,radnicki nis,False
1214741,RS1,2024,2025-02-21,tekstilac odžaci,radnicki 1923,False
1214745,RS1,2024,2025-02-22,vojvodina,imt novi beograd,False
1214743,RS1,2024,2025-02-22,fk crvena zvezda,fk partizan,False
1214742,RS1,2024,2025-02-23,mladost lucani,napredak,False
1214739,RS1,2024,2025-02-23,jedinstvo ub,cukaricki,False
1214740,RS1,2024,2025-02-24,novi pazar,tsc backa topola,False
1214747,RS1,2024,2025-02-26,fk spartak zdrepceva krv,jedinstvo ub,False
1214750,RS1,2024,2025-02-26,železničar pančevo,fk crvena zvezda,False
1214751,RS1,2024,2025-02-26,fk partizan,mladost lucani,False
1214748,RS1,2024,2025-02-26,radnicki nis,vojvodina,False
1214749,RS1,2024,2025-02-26,imt novi beograd,ofk beograd,False
1214752,RS1,2024,2025-02-27,napredak,tekstilac odžaci,False
1214753,RS1,2024,2025-02-27,radnicki 1923,novi pazar,False
1214754,RS1,2024,2025-02-27,tsc backa topola,cukaricki,False
1214761,RS1,2024,2025-03-02,ofk beograd,radnicki nis,False
1214758,RS1,2024,2025-03-02,tekstilac odžaci,fk partizan,False
1214760,RS1,2024,2025-03-02,fk crvena zvezda,imt novi beograd,False
1214762,RS1,2024,2025-03-02,vojvodina,fk spartak zdrepceva krv,False
1214755,RS1,2024,2025-03-03,jedinstvo ub,tsc backa topola,False
1214757,RS1,2024,2025-03-03,novi pazar,napredak,False
1214759,RS1,2024,2025-03-03,mladost lucani,železničar pančevo,False
1214756,RS1,2024,2025-03-03,cukaricki,radnicki 1923,False
1214764,RS1,2024,2025-03-07,fk spartak zdrepceva krv,ofk beograd,False
1214767,RS1,2024,2025-03-07,železničar pančevo,tekstilac odžaci,False
1214769,RS1,2024,2025-03-08,napredak,cukaricki,False
1214765,RS1,2024,2025-03-08,radnicki nis,fk crvena zvezda,False
1214768,RS1,2024,2025-03-08,fk partizan,novi pazar,False
1214770,RS1,2024,2025-03-08,radnicki 1923,tsc backa topola,False
1214766,RS1,2024,2025-03-09,imt novi beograd,mladost lucani,False
1214763,RS1,2024,2025-03-09,vojvodina,jedinstvo ub,False
1214744,RS1,2024,2025-03-12,ofk beograd,železničar pančevo,False
1214771,RS1,2024,2025-03-14,jedinstvo ub,radnicki 1923,False
1214775,RS1,2024,2025-03-15,tekstilac odžaci,imt novi beograd,False
1214772,RS1,2024,2025-03-16,tsc backa topola,napredak,False
1214777,RS1,2024,2025-03-16,fk crvena zvezda,fk spartak zdrepceva krv,False
1214778,RS1,2024,2025-03-16,ofk beograd,vojvodina,False
1214773,RS1,2024,2025-03-16,cukaricki,fk partizan,False
1214776,RS1,2024,2025-03-16,mladost lucani,radnicki nis,False
1214774,RS1,2024,2025-03-17,novi pazar,železničar pančevo,False
1214783,RS1,2024,2025-03-28,imt novi beograd,novi pazar,False
1214782,RS1,2024,2025-03-29,radnicki nis,tekstilac odžaci,False
1214785,RS1,2024,2025-03-29,fk partizan,tsc backa topola,False
1214780,RS1,2024,2025-03-29,vojvodina,fk crvena zvezda,False
1214786,RS1,2024,2025-03-29,napredak,radnicki 1923,False
1214779,RS1,2024,2025-03-30,ofk beograd,jedinstvo ub,False
1214781,RS1,2024,2025-03-30,fk spartak zdrepceva krv,mladost lucani,False
1214784,RS1,2024,2025-03-30,železničar pančevo,cukaricki,False
1214792,RS1,2024,2025-04-05,tekstilac odžaci,fk spartak zdrepceva krv,False
1214788,RS1,2024,2025-04-06,radnicki 1923,fk partizan,False
1214794,RS1,2024,2025-04-06,fk crvena zvezda,ofk beograd,False
1214787,RS1,2024,2025-04-06,jedinstvo ub,napredak,False
1214793,RS1,2024,2025-04-07,mladost lucani,vojvodina,False
1214791,RS1,2024,2025-04-07,novi pazar,radnicki nis,False
1214789,RS1,2024,2025-04-07,tsc backa topola,železničar pančevo,False
1214790,RS1,2024,2025-04-07,cukaricki,imt novi beograd,False
1369489,RS1,2024,2025-04-12,ofk beograd,radnicki 1923,False
1369490,RS1,2024,2025-04-12,fk crvena zvezda,fk partizan,False
1369461,RS1,2024,2025-04-13,cukaricki,radnicki nis,False
1369491,RS1,2024,2025-04-13,tsc backa topola,novi pazar,False
1369492,RS1,2024,2025-04-13,vojvodina,mladost lucani,False
1369462,RS1,2024,2025-04-13,imt novi beograd,fk spartak zdrepceva krv,False
1369463,RS1,2024,2025-04-14,napredak,tekstilac odžaci,False
1369464,RS1,2024,2025-04-14,železničar pančevo,jedinstvo ub,False
1369468,RS1,2024,2025-04-22,radnicki nis,imt novi beograd,False
1369466,RS1,2024,2025-04-22,tekstilac odžaci,železničar pančevo,False
1369496,RS1,2024,2025-04-23,novi pazar,vojvodina,False
1369495,RS1,2024,2025-04-23,mladost lucani,tsc backa topola,False
1369494,RS1,2024,2025-04-23,fk partizan,ofk beograd,False
1369493,RS1,2024,2025-04-23,radnicki 1923,fk crvena zvezda,False
1369467,RS1,2024,2025-04-24,fk spartak zdrepceva krv,napredak,False
1369465,RS1,2024,2025-04-24,jedinstvo ub,cukaricki,False
1369472,RS1,2024,2025-04-26,imt novi beograd,tekstilac odžaci,False
1369498,RS1,2024,2025-04-27,fk crvena zvezda,ofk beograd,False
1369497,RS1,2024,2025-04-27,fk partizan,radnicki 1923,False
1369499,RS1,2024,2025-04-27,vojvodina,tsc backa topola,False
1369471,RS1,2024,2025-04-28,napredak,jedinstvo ub,False
1369470,RS1,2024,2025-04-28,cukaricki,fk spartak zdrepceva krv,False
1369500,RS1,2024,2025-04-28,mladost lucani,novi pazar,False
1369469,RS1,2024,2025-04-28,železničar pančevo,radnicki nis,False
1369502,RS1,2024,2025-05-02,ofk beograd,vojvodina,False
1369474,RS1,2024,2025-05-03,napredak,cukaricki,False
1369501,RS1,2024,2025-05-03,tsc backa topola,fk crvena zvezda,False
1369473,RS1,2024,2025-05-03,radnicki nis,tekstilac odžaci,False
1369475,RS1,2024,2025-05-04,imt novi beograd,železničar pančevo,False
1369476,RS1,2024,2025-05-04,jedinstvo ub,fk spartak zdrepceva krv,False
1369503,RS1,2024,2025-05-04,novi pazar,fk partizan,False
1369504,RS1,2024,2025-05-04,radnicki 1923,mladost lucani,False
1369479,RS1,2024,2025-05-10,tekstilac odžaci,jedinstvo ub,False
1369506,RS1,2024,2025-05-10,radnicki 1923,novi pazar,False
1369508,RS1,2024,2025-05-11,ofk beograd,mladost lucani,False
1369478,RS1,2024,2025-05-11,fk spartak zdrepceva krv,radnicki nis,False
1369505,RS1,2024,2025-05-11,fk crvena zvezda,vojvodina,False
1369507,RS1,2024,2025-05-11,fk partizan,tsc backa topola,False
1369480,RS1,2024,2025-05-12,cukaricki,imt novi beograd,False
1369477,RS1,2024,2025-05-12,železničar pančevo,napredak,False
1369511,RS1,2024,2025-05-17,mladost lucani,fk partizan,False
1369512,RS1,2024,2025-05-17,vojvodina,radnicki 1923,False
1369509,RS1,2024,2025-05-17,novi pazar,fk crvena zvezda,False
1369510,RS1,2024,2025-05-17,tsc backa topola,ofk beograd,False
1369484,RS1,2024,2025-05-18,napredak,radnicki nis,False
1369483,RS1,2024,2025-05-18,jedinstvo ub,imt novi beograd,False
1369481,RS1,2024,2025-05-18,železničar pančevo,fk spartak zdrepceva krv,False
1369482,RS1,2024,2025-05-18,tekstilac odžaci,cukaricki,False
1369485,RS1,2024,2025-05-23,cukaricki,železničar pančevo,False
1369486,RS1,2024,2025-05-24,fk spartak zdrepceva krv,tekstilac odžaci,False
1369488,RS1,2024,2025-05-24,radnicki nis,jedinstvo ub,False
1369487,RS1,2024,2025-05-24,imt novi beograd,napredak,False
1369514,RS1,2024,2025-05-24,fk crvena zvezda,mladost lucani,False
1369515,RS1,2024,2025-05-25,fk partizan,vojvodina,False
1369516,RS1,2024,2025-05-25,ofk beograd,novi pazar,False
1369513,RS1,2024,2025-05-25,radnicki 1923,tsc backa topola,False
1376812,RS1,2024,2025-05-28,mladost novi sad,napredak,False
1376814,RS1,2024,2025-05-28,macva,radnicki nis,False
1376815,RS1,2024,2025-06-01,radnicki nis,macva,False
1376813,RS1,2024,2025-06-01,napredak,mladost novi sad,False
931906,SA1,2022,2022-08-25,al-fayha,dhamk,False
931907,SA1,2022,2022-08-25,al khaleej saihat,al-hilal saudi fc,False
931908,SA1,2022,2022-08-26,al-ettifaq,al taee,False
931909,SA1,2022,2022-08-26,al-adalah,al-ittihad fc,False
931910,SA1,2022,2022-08-26,al shabab,al baten,False
931911,SA1,2022,2022-08-27,al-fateh,al taawon,False
931913,SA1,2022,2022-08-27,al-nassr,al wehda club,False
931912,SA1,2022,2022-08-27,abha,al-raed,False
931914,SA1,2022,2022-08-31,al baten,al-fateh,False
931915,SA1,2022,2022-08-31,al-hilal saudi fc,al-fayha,False
931916,SA1,2022,2022-09-01,al-raed,al wehda club,False
931917,SA1,2022,2022-09-01,abha,al shabab,False
931918,SA1,2022,2022-09-02,al taee,al-adalah,False
931919,SA1,2022,2022-09-02,dhamk,al khaleej saihat,False
931920,SA1,2022,2022-09-03,al taawon,al-nassr,False
931921,SA1,2022,2022-09-03,al-ittihad fc,al-ettifaq,False
931922,SA1,2022,2022-09-04,al-fateh,al-hilal saudi fc,False
931923,SA1,2022,2022-09-08,al khaleej saihat,al-adalah,False
931924,SA1,2022,2022-09-08,al wehda club,abha,False
931925,SA1,2022,2022-09-08,al shabab,al taee,False
931926,SA1,2022,2022-09-09,al-ettifaq,al baten,False
931927,SA1,2022,2022-09-09,al-raed,al-ittihad fc,False
931928,SA1,2022,2022-09-10,al-fayha,al taawon,False
931929,SA1,2022,2022-09-10,al-nassr,dhamk,False
931930,SA1,2022,2022-09-14,al taee,al-fateh,False
931931,SA1,2022,2022-09-14,al-adalah,al shabab,False
931932,SA1,2022,2022-09-15,al baten,al-nassr,False
931933,SA1,2022,2022-09-15,al-ettifaq,al-raed,False
931934,SA1,2022,2022-09-15,al-ittihad fc,al khaleej saihat,False
931935,SA1,2022,2022-09-16,al taawon,dhamk,False
931936,SA1,2022,2022-09-16,abha,al-fayha,False
931937,SA1,2022,2022-09-16,al-hilal saudi fc,al wehda club,False
931938,SA1,2022,2022-10-01,al-raed,al-adalah,False
931939,SA1,2022,2022-10-01,dhamk,al taee,False
931940,SA1,2022,2022-10-01,al khaleej saihat,al baten,False
931941,SA1,2022,2022-10-01,al wehda club,al-ettifaq,False
931943,SA1,2022,2022-10-02,al-hilal saudi fc,al taawon,False
931942,SA1,2022,2022-10-02,al-fayha,al shabab,False
931944,SA1,2022,2022-10-02,al-fateh,abha,False
931945,SA1,2022,2022-10-02,al-nassr,al-ittihad fc,False
931946,SA1,2022,2022-10-06,al taawon,al wehda club,False
931947,SA1,2022,2022-10-06,al taee,al khaleej saihat,False
931948,SA1,2022,2022-10-06,al baten,dhamk,False
931949,SA1,2022,2022-10-06,al-ettifaq,al-hilal saudi fc,False
931950,SA1,2022,2022-10-06,al shabab,al-raed,False
931951,SA1,2022,2022-10-07,abha,al-nassr,False
931953,SA1,2022,2022-10-07,al-ittihad fc,al-fateh,False
931952,SA1,2022,2022-10-07,al-adalah,al-fayha,False
931954,SA1,2022,2022-10-10,al-raed,al taee,False
931956,SA1,2022,2022-10-10,al-hilal saudi fc,al shabab,False
931955,SA1,2022,2022-10-10,al wehda club,al baten,False
931957,SA1,2022,2022-10-11,al taawon,abha,False
931958,SA1,2022,2022-10-11,dhamk,al-ittihad fc,False
931960,SA1,2022,2022-10-11,al khaleej saihat,al-fateh,False
931961,SA1,2022,2022-10-11,al-nassr,al-adalah,False
931959,SA1,2022,2022-10-11,al-fayha,al-ettifaq,False
931962,SA1,2022,2022-10-15,al taee,al-hilal saudi fc,False
931963,SA1,2022,2022-10-15,al-fateh,al-raed,False
931964,SA1,2022,2022-10-15,al shabab,al khaleej saihat,False
931965,SA1,2022,2022-10-16,al baten,abha,False
931966,SA1,2022,2022-10-16,al-nassr,al-fayha,False
931967,SA1,2022,2022-10-16,al-ettifaq,al taawon,False
931969,SA1,2022,2022-10-16,al-ittihad fc,al wehda club,False
931968,SA1,2022,2022-10-16,al-adalah,dhamk,False
931972,SA1,2022,2022-12-15,al khaleej saihat,al-fayha,False
931975,SA1,2022,2022-12-15,dhamk,al-ettifaq,False
931970,SA1,2022,2022-12-15,al taawon,al-adalah,False
931973,SA1,2022,2022-12-16,abha,al taee,False
931974,SA1,2022,2022-12-16,al-raed,al-nassr,False
931977,SA1,2022,2022-12-16,al-hilal saudi fc,al baten,False
931982,SA1,2022,2022-12-25,dhamk,al wehda club,False
931978,SA1,2022,2022-12-25,al-adalah,abha,False
931980,SA1,2022,2022-12-25,al-ettifaq,al khaleej saihat,False
931979,SA1,2022,2022-12-26,al baten,al-raed,False
931981,SA1,2022,2022-12-26,al-fateh,al shabab,False
931983,SA1,2022,2022-12-26,al-ittihad fc,al taawon,False
931984,SA1,2022,2022-12-26,al-fayha,al taee,False
931985,SA1,2022,2022-12-26,al-nassr,al-hilal saudi fc,False
931989,SA1,2022,2022-12-30,al-fateh,al-fayha,False
931986,SA1,2022,2022-12-30,al wehda club,al-adalah,False
931992,SA1,2022,2022-12-30,al shabab,al-ettifaq,False
931991,SA1,2022,2022-12-31,al taee,al baten,False
931988,SA1,2022,2022-12-31,abha,al-ittihad fc,False
931990,SA1,2022,2022-12-31,al-raed,al taawon,False
931987,SA1,2022,2022-12-31,al khaleej saihat,al-nassr,False
931993,SA1,2022,2022-12-31,al-hilal saudi fc,dhamk,False
931998,SA1,2022,2023-01-05,dhamk,al-raed,False
931995,SA1,2022,2023-01-05,al wehda club,al shabab,False
931999,SA1,2022,2023-01-05,al-ittihad fc,al-hilal saudi fc,False
931994,SA1,2022,2023-01-06,al taawon,al khaleej saihat,False
932001,SA1,2022,2023-01-06,al-nassr,al taee,False
931996,SA1,2022,2023-01-06,al-adalah,al-fateh,False
932000,SA1,2022,2023-01-07,al-fayha,al baten,False
931997,SA1,2022,2023-01-07,al-ettifaq,abha,False
931976,SA1,2022,2023-01-09,al shabab,al-ittihad fc,False
932022,SA1,2022,2023-01-10,al-raed,al-hilal saudi fc,False
932005,SA1,2022,2023-01-12,al-fateh,al-ettifaq,False
932007,SA1,2022,2023-01-12,al taee,al taawon,False
932004,SA1,2022,2023-01-13,abha,dhamk,False
932002,SA1,2022,2023-01-13,al khaleej saihat,al wehda club,False
932003,SA1,2022,2023-01-14,al baten,al-ittihad fc,False
932006,SA1,2022,2023-01-14,al-raed,al-fayha,False
932008,SA1,2022,2023-01-14,al shabab,al-nassr,False
932009,SA1,2022,2023-01-15,al-hilal saudi fc,al-adalah,False
932012,SA1,2022,2023-01-19,al-adalah,al baten,False
932015,SA1,2022,2023-01-19,al-ittihad fc,al-fayha,False
932013,SA1,2022,2023-01-20,al khaleej saihat,al-raed,False
932014,SA1,2022,2023-01-20,dhamk,al-fateh,False
932010,SA1,2022,2023-01-20,al taawon,al shabab,False
932011,SA1,2022,2023-01-21,al wehda club,al taee,False
932016,SA1,2022,2023-01-22,al-hilal saudi fc,abha,False
932017,SA1,2022,2023-01-22,al-nassr,al-ettifaq,False
976674,SA1,2022,2023-01-27,al taee,al shabab,False
931971,SA1,2022,2023-01-27,al wehda club,al-fateh,False
932020,SA1,2022,2023-02-02,abha,al khaleej saihat,False
932018,SA1,2022,2023-02-02,al baten,al taawon,False
932024,SA1,2022,2023-02-02,al shabab,dhamk,False
932021,SA1,2022,2023-02-03,al-fateh,al-nassr,False
932019,SA1,2022,2023-02-03,al-ettifaq,al-adalah,False
932023,SA1,2022,2023-02-04,al taee,al-ittihad fc,False
932025,SA1,2022,2023-02-04,al-fayha,al wehda club,False
976657,SA1,2022,2023-02-09,al baten,al shabab,False
976651,SA1,2022,2023-02-09,al taawon,al-fateh,False
976652,SA1,2022,2023-02-09,al wehda club,al-nassr,False
976656,SA1,2022,2023-02-10,al-raed,abha,False
976653,SA1,2022,2023-02-10,al taee,al-ettifaq,False
976654,SA1,2022,2023-02-10,dhamk,al-fayha,False
976655,SA1,2022,2023-02-10,al-ittihad fc,al-adalah,False
976666,SA1,2022,2023-02-14,al shabab,abha,False
976659,SA1,2022,2023-02-16,al-adalah,al taee,False
976660,SA1,2022,2023-02-16,al-ettifaq,al-ittihad fc,False
976661,SA1,2022,2023-02-17,al-nassr,al taawon,False
976662,SA1,2022,2023-02-17,al wehda club,al-raed,False
976663,SA1,2022,2023-02-18,al-fateh,al baten,False
976665,SA1,2022,2023-02-18,al khaleej saihat,dhamk,False
976667,SA1,2022,2023-02-23,al taawon,al-fayha,False
976668,SA1,2022,2023-02-23,al-ittihad fc,al-raed,False
976669,SA1,2022,2023-02-24,abha,al wehda club,False
976670,SA1,2022,2023-02-24,al-adalah,al khaleej saihat,False
976672,SA1,2022,2023-02-25,al baten,al-ettifaq,False
976673,SA1,2022,2023-02-25,dhamk,al-nassr,False
976676,SA1,2022,2023-03-02,al-fateh,al taee,False
976677,SA1,2022,2023-03-02,al-fayha,abha,False
976682,SA1,2022,2023-03-02,al wehda club,al-hilal saudi fc,False
976675,SA1,2022,2023-03-03,al khaleej saihat,al-ittihad fc,False
976679,SA1,2022,2023-03-03,al-raed,al-ettifaq,False
976678,SA1,2022,2023-03-03,al-nassr,al baten,False
976680,SA1,2022,2023-03-04,dhamk,al taawon,False
976681,SA1,2022,2023-03-04,al shabab,al-adalah,False
976671,SA1,2022,2023-03-06,al-hilal saudi fc,al-fateh,False
976686,SA1,2022,2023-03-09,al baten,al khaleej saihat,False
976689,SA1,2022,2023-03-09,al-ettifaq,al wehda club,False
976688,SA1,2022,2023-03-09,al-ittihad fc,al-nassr,False
976690,SA1,2022,2023-03-09,al shabab,al-fayha,False
976684,SA1,2022,2023-03-10,abha,al-fateh,False
976687,SA1,2022,2023-03-10,al taawon,al-hilal saudi fc,False
976685,SA1,2022,2023-03-11,al taee,dhamk,False
976683,SA1,2022,2023-03-11,al-adalah,al-raed,False
976691,SA1,2022,2023-03-16,al khaleej saihat,al taee,False
976697,SA1,2022,2023-03-17,al-fayha,al-adalah,False
976698,SA1,2022,2023-03-17,dhamk,al baten,False
976692,SA1,2022,2023-03-17,al wehda club,al taawon,False
976693,SA1,2022,2023-03-18,al-fateh,al-ittihad fc,False
976696,SA1,2022,2023-03-18,al-hilal saudi fc,al-ettifaq,False
976694,SA1,2022,2023-03-18,al-raed,al shabab,False
976695,SA1,2022,2023-03-18,al-nassr,abha,False
976658,SA1,2022,2023-04-01,al-hilal saudi fc,al khaleej saihat,False
976704,SA1,2022,2023-04-04,al-ittihad fc,dhamk,False
976664,SA1,2022,2023-04-04,al-fayha,al-hilal saudi fc,False
976701,SA1,2022,2023-04-04,al-adalah,al-nassr,False
976700,SA1,2022,2023-04-05,al baten,al wehda club,False
976705,SA1,2022,2023-04-05,al taee,al-raed,False
976703,SA1,2022,2023-04-05,abha,al taawon,False
976702,SA1,2022,2023-04-06,al-fateh,al khaleej saihat,False
976706,SA1,2022,2023-04-07,al shabab,al-hilal saudi fc,False
976708,SA1,2022,2023-04-09,al taawon,al-ettifaq,False
976714,SA1,2022,2023-04-09,al-fayha,al-nassr,False
976709,SA1,2022,2023-04-09,abha,al baten,False
976710,SA1,2022,2023-04-09,al wehda club,al-ittihad fc,False
976712,SA1,2022,2023-04-10,al-hilal saudi fc,al taee,False
976711,SA1,2022,2023-04-10,al-raed,al-fateh,False
976713,SA1,2022,2023-04-10,dhamk,al-adalah,False
976707,SA1,2022,2023-04-11,al khaleej saihat,al shabab,False
976717,SA1,2022,2023-04-14,al baten,al-hilal saudi fc,False
976699,SA1,2022,2023-04-14,al-ettifaq,al-fayha,False
976730,SA1,2022,2023-04-18,al-hilal saudi fc,al-nassr,False
976722,SA1,2022,2023-04-27,al taee,abha,False
976718,SA1,2022,2023-04-27,al-adalah,al taawon,False
976720,SA1,2022,2023-04-27,al-ittihad fc,al shabab,False
976721,SA1,2022,2023-04-28,al-fateh,al wehda club,False
976715,SA1,2022,2023-04-28,al-ettifaq,dhamk,False
976719,SA1,2022,2023-04-28,al-nassr,al-raed,False
976716,SA1,2022,2023-04-28,al-fayha,al khaleej saihat,False
976726,SA1,2022,2023-05-02,al-raed,al baten,False
976723,SA1,2022,2023-05-02,abha,al-adalah,False
976729,SA1,2022,2023-05-02,al khaleej saihat,al-ettifaq,False
976727,SA1,2022,2023-05-02,al taee,al-fayha,False
976728,SA1,2022,2023-05-03,al taawon,al-ittihad fc,False
976724,SA1,2022,2023-05-03,al wehda club,dhamk,False
976725,SA1,2022,2023-05-03,al shabab,al-fateh,False
976737,SA1,2022,2023-05-08,al-nassr,al khaleej saihat,False
976731,SA1,2022,2023-05-08,al-adalah,al wehda club,False
976738,SA1,2022,2023-05-08,al-ittihad fc,abha,False
976733,SA1,2022,2023-05-09,al taawon,al-raed,False
976732,SA1,2022,2023-05-09,al-fayha,al-fateh,False
976734,SA1,2022,2023-05-10,al baten,al taee,False
976735,SA1,2022,2023-05-14,al-ettifaq,al shabab,False
976739,SA1,2022,2023-05-15,al baten,al-fayha,False
976744,SA1,2022,2023-05-15,al khaleej saihat,al taawon,False
976741,SA1,2022,2023-05-15,al-raed,dhamk,False
976743,SA1,2022,2023-05-15,al-fateh,al-adalah,False
976746,SA1,2022,2023-05-16,al-hilal saudi fc,al-ittihad fc,False
976745,SA1,2022,2023-05-16,al taee,al-nassr,False
976742,SA1,2022,2023-05-18,al shabab,al wehda club,False
976740,SA1,2022,2023-05-18,abha,al-ettifaq,False
976736,SA1,2022,2023-05-19,dhamk,al-hilal saudi fc,False
976750,SA1,2022,2023-05-22,al-ettifaq,al-fateh,False
976753,SA1,2022,2023-05-22,al-fayha,al-raed,False
976751,SA1,2022,2023-05-22,dhamk,abha,False
976747,SA1,2022,2023-05-22,al taawon,al taee,False
976748,SA1,2022,2023-05-22,al wehda club,al khaleej saihat,False
976749,SA1,2022,2023-05-23,al-adalah,al-hilal saudi fc,False
976752,SA1,2022,2023-05-23,al-ittihad fc,al baten,False
976754,SA1,2022,2023-05-23,al-nassr,al shabab,False
976755,SA1,2022,2023-05-27,al baten,al-adalah,False
976758,SA1,2022,2023-05-27,al-fateh,dhamk,False
976756,SA1,2022,2023-05-27,al-ettifaq,al-nassr,False
976759,SA1,2022,2023-05-27,al-raed,al khaleej saihat,False
976761,SA1,2022,2023-05-27,al shabab,al taawon,False
976760,SA1,2022,2023-05-27,al taee,al wehda club,False
976762,SA1,2022,2023-05-27,al-fayha,al-ittihad fc,False
976757,SA1,2022,2023-05-27,abha,al-hilal saudi fc,False
976766,SA1,2022,2023-05-31,al khaleej saihat,abha,False
976769,SA1,2022,2023-05-31,al-hilal saudi fc,al-raed,False
976763,SA1,2022,2023-05-31,al taawon,al baten,False
976764,SA1,2022,2023-05-31,al wehda club,al-fayha,False
976768,SA1,2022,2023-05-31,al-ittihad fc,al taee,False
976770,SA1,2022,2023-05-31,al-nassr,al-fateh,False
976765,SA1,2022,2023-05-31,al-adalah,al-ettifaq,False
976767,SA1,2022,2023-05-31,dhamk,al shabab,False
1074239,SA1,2023,2023-08-11,al-ahli jeddah,al-hazm,False
1074240,SA1,2023,2023-08-12,al taee,damac,False
1074241,SA1,2023,2023-08-12,al-fayha,al khaleej saihat,False
1074242,SA1,2023,2023-08-13,al-fateh,al taawon,False
1074243,SA1,2023,2023-08-13,al riyadh,al wehda club,False
1074245,SA1,2023,2023-08-14,al-raed,al-ittihad fc,False
1074244,SA1,2023,2023-08-14,abha,al-hilal saudi fc,False
1074246,SA1,2023,2023-08-14,al-ettifaq,al-nassr,False
1074247,SA1,2023,2023-08-14,al shabab,al okhdood,False
1074248,SA1,2023,2023-08-17,damac,al riyadh,False
1074249,SA1,2023,2023-08-17,al khaleej saihat,al-ahli jeddah,False
1074250,SA1,2023,2023-08-18,al okhdood,al-fateh,False
1074253,SA1,2023,2023-08-18,al wehda club,al shabab,False
1074252,SA1,2023,2023-08-18,al-nassr,al taawon,False
1074251,SA1,2023,2023-08-18,al-hazm,al-ettifaq,False
1074254,SA1,2023,2023-08-19,abha,al-raed,False
1074255,SA1,2023,2023-08-19,al-hilal saudi fc,al-fayha,False
1074256,SA1,2023,2023-08-19,al-ittihad fc,al taee,False
1074257,SA1,2023,2023-08-24,al taee,al wehda club,False
1074260,SA1,2023,2023-08-24,al-ahli jeddah,al okhdood,False
1074259,SA1,2023,2023-08-24,al-ettifaq,al khaleej saihat,False
1074258,SA1,2023,2023-08-24,al-raed,al-hilal saudi fc,False
1074261,SA1,2023,2023-08-24,al riyadh,al-ittihad fc,False
1074262,SA1,2023,2023-08-25,al-fayha,al-hazm,False
1074265,SA1,2023,2023-08-25,al-fateh,al-nassr,False
1074264,SA1,2023,2023-08-25,al taawon,abha,False
1074263,SA1,2023,2023-08-25,al shabab,damac,False
1074266,SA1,2023,2023-08-28,abha,al-fayha,False
1074268,SA1,2023,2023-08-28,al-hilal saudi fc,al-ettifaq,False
1074267,SA1,2023,2023-08-28,al-raed,al riyadh,False
1074269,SA1,2023,2023-08-28,al wehda club,al-ittihad fc,False
1074271,SA1,2023,2023-08-29,damac,al-fateh,False
1074270,SA1,2023,2023-08-29,al okhdood,al taawon,False
1074272,SA1,2023,2023-08-29,al khaleej saihat,al-hazm,False
1074273,SA1,2023,2023-08-29,al-ahli jeddah,al taee,False
1074274,SA1,2023,2023-08-29,al-nassr,al shabab,False
1074276,SA1,2023,2023-09-01,al taee,abha,False
1074275,SA1,2023,2023-09-01,al-fayha,al-raed,False
1074278,SA1,2023,2023-09-01,al-ittihad fc,al-hilal saudi fc,False
1074277,SA1,2023,2023-09-01,al riyadh,al okhdood,False
1074280,SA1,2023,2023-09-02,al-fateh,al-ahli jeddah,False
1074279,SA1,2023,2023-09-02,al-ettifaq,damac,False
1074283,SA1,2023,2023-09-02,al taawon,al wehda club,False
1074281,SA1,2023,2023-09-02,al shabab,al khaleej saihat,False
1074282,SA1,2023,2023-09-02,al-hazm,al-nassr,False
1074284,SA1,2023,2023-09-14,al okhdood,al-ittihad fc,False
1074292,SA1,2023,2023-09-14,al wehda club,damac,False
1074286,SA1,2023,2023-09-15,al-fayha,al shabab,False
1074291,SA1,2023,2023-09-15,al khaleej saihat,al-fateh,False
1074287,SA1,2023,2023-09-15,al-hilal saudi fc,al riyadh,False
1074288,SA1,2023,2023-09-16,abha,al-ettifaq,False
1074285,SA1,2023,2023-09-16,al-raed,al-nassr,False
1074289,SA1,2023,2023-09-16,al-hazm,al taee,False
1074290,SA1,2023,2023-09-16,al-ahli jeddah,al taawon,False
1074297,SA1,2023,2023-09-21,al-ettifaq,al taee,False
1074294,SA1,2023,2023-09-21,al taawon,al-raed,False
1074299,SA1,2023,2023-09-21,damac,al-hilal saudi fc,False
1074296,SA1,2023,2023-09-21,al-ittihad fc,al-fateh,False
1074295,SA1,2023,2023-09-21,al shabab,al-hazm,False
1074293,SA1,2023,2023-09-22,al okhdood,al khaleej saihat,False
1074298,SA1,2023,2023-09-22,al riyadh,al-fayha,False
1074300,SA1,2023,2023-09-22,al wehda club,abha,False
1074301,SA1,2023,2023-09-22,al-nassr,al-ahli jeddah,False
1074303,SA1,2023,2023-09-29,al taee,al-nassr,False
1074305,SA1,2023,2023-09-29,al-fayha,al-ittihad fc,False
1074304,SA1,2023,2023-09-29,al-hazm,al taawon,False
1074307,SA1,2023,2023-09-29,al-hilal saudi fc,al shabab,False
1074308,SA1,2023,2023-09-30,abha,al riyadh,False
1074302,SA1,2023,2023-09-30,al-fateh,al wehda club,False
1074306,SA1,2023,2023-09-30,al-raed,al okhdood,False
1074310,SA1,2023,2023-09-30,al khaleej saihat,damac,False
1074309,SA1,2023,2023-09-30,al-ahli jeddah,al-ettifaq,False
1074311,SA1,2023,2023-10-05,damac,al-hazm,False
1074317,SA1,2023,2023-10-05,al taawon,al taee,False
1074313,SA1,2023,2023-10-05,al riyadh,al shabab,False
1074319,SA1,2023,2023-10-05,al-ettifaq,al-fateh,False
1074315,SA1,2023,2023-10-06,al-nassr,abha,False
1074316,SA1,2023,2023-10-06,al-ittihad fc,al-ahli jeddah,False
1074312,SA1,2023,2023-10-07,al okhdood,al-hilal saudi fc,False
1074318,SA1,2023,2023-10-07,al khaleej saihat,al-raed,False
1074314,SA1,2023,2023-10-07,al wehda club,al-fayha,False
1074322,SA1,2023,2023-10-20,al taawon,al-ittihad fc,False
1074325,SA1,2023,2023-10-20,al okhdood,al-fayha,False
1074323,SA1,2023,2023-10-20,al-fateh,abha,False
1074327,SA1,2023,2023-10-20,al-hilal saudi fc,al khaleej saihat,False
1074321,SA1,2023,2023-10-21,al-nassr,damac,False
1074326,SA1,2023,2023-10-21,al-hazm,al-raed,False
1074324,SA1,2023,2023-10-21,al-ahli jeddah,al wehda club,False
1074328,SA1,2023,2023-10-21,al shabab,al taee,False
1074320,SA1,2023,2023-10-22,al riyadh,al-ettifaq,False
1074332,SA1,2023,2023-10-26,al khaleej saihat,al taawon,False
1074334,SA1,2023,2023-10-26,damac,al okhdood,False
1074329,SA1,2023,2023-10-26,al-ittihad fc,al-hazm,False
1074333,SA1,2023,2023-10-27,al-raed,al-fateh,False
1074337,SA1,2023,2023-10-27,al taee,al riyadh,False
1074331,SA1,2023,2023-10-27,al-hilal saudi fc,al-ahli jeddah,False
1074336,SA1,2023,2023-10-28,al-fayha,al-nassr,False
1074335,SA1,2023,2023-10-28,abha,al shabab,False
1074330,SA1,2023,2023-10-28,al wehda club,al-ettifaq,False
1074344,SA1,2023,2023-11-03,al-fateh,al-hilal saudi fc,False
1074342,SA1,2023,2023-11-03,al taee,al-fayha,False
1074346,SA1,2023,2023-11-03,al shabab,al-ittihad fc,False
1074345,SA1,2023,2023-11-04,abha,al okhdood,False
1074338,SA1,2023,2023-11-04,al-ettifaq,al-raed,False
1074341,SA1,2023,2023-11-04,al-nassr,al khaleej saihat,False
1074340,SA1,2023,2023-11-05,al taawon,damac,False
1074343,SA1,2023,2023-11-05,al-hazm,al wehda club,False
1074339,SA1,2023,2023-11-05,al-ahli jeddah,al riyadh,False
1074350,SA1,2023,2023-11-09,al khaleej saihat,al taee,False
1074353,SA1,2023,2023-11-09,al-raed,al shabab,False
1074352,SA1,2023,2023-11-09,damac,al-ahli jeddah,False
1074354,SA1,2023,2023-11-09,al riyadh,al-fateh,False
1074355,SA1,2023,2023-11-10,al-hilal saudi fc,al taawon,False
1074351,SA1,2023,2023-11-10,al-ittihad fc,abha,False
1074347,SA1,2023,2023-11-11,al-fayha,al-ettifaq,False
1074348,SA1,2023,2023-11-11,al okhdood,al-hazm,False
1074349,SA1,2023,2023-11-11,al wehda club,al-nassr,False
1074358,SA1,2023,2023-11-24,al-ettifaq,al-ittihad fc,False
1074360,SA1,2023,2023-11-24,al taawon,al riyadh,False
1074364,SA1,2023,2023-11-24,al-nassr,al okhdood,False
1074357,SA1,2023,2023-11-24,al taee,al-raed,False
1074362,SA1,2023,2023-11-25,al-hazm,al-hilal saudi fc,False
1074363,SA1,2023,2023-11-25,al-ahli jeddah,al shabab,False
1074361,SA1,2023,2023-11-25,al-fateh,al-fayha,False
1074356,SA1,2023,2023-11-25,al wehda club,al khaleej saihat,False
1074359,SA1,2023,2023-11-25,damac,abha,False
1074373,SA1,2023,2023-11-30,abha,al-ahli jeddah,False
1074368,SA1,2023,2023-11-30,al riyadh,al-hazm,False
1074367,SA1,2023,2023-11-30,al-ittihad fc,al khaleej saihat,False
1074370,SA1,2023,2023-12-01,al-fayha,damac,False
1074371,SA1,2023,2023-12-01,al-hilal saudi fc,al-nassr,False
1074365,SA1,2023,2023-12-02,al-fateh,al taee,False
1074366,SA1,2023,2023-12-02,al okhdood,al-ettifaq,False
1074369,SA1,2023,2023-12-02,al-raed,al wehda club,False
1074372,SA1,2023,2023-12-02,al shabab,al taawon,False
1074376,SA1,2023,2023-12-07,al-hazm,al-fateh,False
1074380,SA1,2023,2023-12-07,damac,al-ittihad fc,False
1074381,SA1,2023,2023-12-07,al shabab,al-ettifaq,False
1074382,SA1,2023,2023-12-08,al khaleej saihat,abha,False
1074379,SA1,2023,2023-12-08,al taawon,al-fayha,False
1074374,SA1,2023,2023-12-08,al taee,al-hilal saudi fc,False
1074375,SA1,2023,2023-12-08,al-nassr,al riyadh,False
1074378,SA1,2023,2023-12-09,al-ahli jeddah,al-raed,False
1074377,SA1,2023,2023-12-09,al wehda club,al okhdood,False
1074386,SA1,2023,2023-12-14,abha,al-hazm,False
1074388,SA1,2023,2023-12-14,al okhdood,al taee,False
1074390,SA1,2023,2023-12-14,al-fayha,al-ahli jeddah,False
1074385,SA1,2023,2023-12-15,al-fateh,al shabab,False
1074391,SA1,2023,2023-12-15,al-hilal saudi fc,al wehda club,False
1074384,SA1,2023,2023-12-15,al-raed,damac,False
1074389,SA1,2023,2023-12-16,al riyadh,al khaleej saihat,False
1074383,SA1,2023,2023-12-16,al-ettifaq,al taawon,False
1074392,SA1,2023,2023-12-21,al khaleej saihat,al-fayha,False
1074399,SA1,2023,2023-12-21,damac,al taee,False
1074395,SA1,2023,2023-12-21,al-hilal saudi fc,abha,False
1074396,SA1,2023,2023-12-22,al-nassr,al-ettifaq,False
1074397,SA1,2023,2023-12-22,al-hazm,al-ahli jeddah,False
1074393,SA1,2023,2023-12-22,al okhdood,al shabab,False
1074398,SA1,2023,2023-12-23,al taawon,al-fateh,False
1074400,SA1,2023,2023-12-23,al-ittihad fc,al-raed,False
1074394,SA1,2023,2023-12-24,al wehda club,al riyadh,False
1074387,SA1,2023,2023-12-26,al-ittihad fc,al-nassr,False
1074406,SA1,2023,2023-12-28,al-ettifaq,al-hazm,False
1074409,SA1,2023,2023-12-28,al riyadh,damac,False
1074405,SA1,2023,2023-12-29,al-raed,abha,False
1074402,SA1,2023,2023-12-29,al-fayha,al-hilal saudi fc,False
1074407,SA1,2023,2023-12-29,al-ahli jeddah,al khaleej saihat,False
1074401,SA1,2023,2023-12-30,al-fateh,al okhdood,False
1074408,SA1,2023,2023-12-30,al taawon,al-nassr,False
1074404,SA1,2023,2023-12-30,al shabab,al wehda club,False
1074403,SA1,2023,2024-02-07,al taee,al-ittihad fc,False
1074417,SA1,2023,2024-02-15,abha,al taawon,False
1074418,SA1,2023,2024-02-15,al khaleej saihat,al-ettifaq,False
1074410,SA1,2023,2024-02-16,damac,al shabab,False
1074412,SA1,2023,2024-02-16,al wehda club,al taee,False
1074413,SA1,2023,2024-02-16,al okhdood,al-ahli jeddah,False
1074414,SA1,2023,2024-02-17,al-hazm,al-fayha,False
1074411,SA1,2023,2024-02-17,al-nassr,al-fateh,False
1074416,SA1,2023,2024-02-18,al-hilal saudi fc,al-raed,False
1074415,SA1,2023,2024-02-18,al-ittihad fc,al riyadh,False
1074419,SA1,2023,2024-02-23,al taawon,al okhdood,False
1074421,SA1,2023,2024-02-23,al riyadh,al-raed,False
1074425,SA1,2023,2024-02-23,al-fateh,damac,False
1074426,SA1,2023,2024-02-24,al taee,al-ahli jeddah,False
1074420,SA1,2023,2024-02-24,al-hazm,al khaleej saihat,False
1074422,SA1,2023,2024-02-25,al-fayha,abha,False
1074427,SA1,2023,2024-02-25,al shabab,al-nassr,False
1074424,SA1,2023,2024-02-26,al-ettifaq,al-hilal saudi fc,False
1074423,SA1,2023,2024-02-26,al-ittihad fc,al wehda club,False
1074430,SA1,2023,2024-02-29,al-raed,al-fayha,False
1074428,SA1,2023,2024-02-29,al wehda club,al taawon,False
1074433,SA1,2023,2024-02-29,al-nassr,al-hazm,False
1074436,SA1,2023,2024-03-01,abha,al taee,False
1074431,SA1,2023,2024-03-01,al okhdood,al riyadh,False
1074435,SA1,2023,2024-03-01,al-hilal saudi fc,al-ittihad fc,False
1074432,SA1,2023,2024-03-02,al khaleej saihat,al shabab,False
1074434,SA1,2023,2024-03-02,damac,al-ettifaq,False
1074429,SA1,2023,2024-03-02,al-ahli jeddah,al-fateh,False
1074445,SA1,2023,2024-03-07,al shabab,al-fayha,False
1074441,SA1,2023,2024-03-07,damac,al wehda club,False
1074438,SA1,2023,2024-03-07,al-nassr,al-raed,False
1074442,SA1,2023,2024-03-08,al taee,al-hazm,False
1074444,SA1,2023,2024-03-08,al riyadh,al-hilal saudi fc,False
1074439,SA1,2023,2024-03-08,al-ittihad fc,al okhdood,False
1074437,SA1,2023,2024-03-09,al-fateh,al khaleej saihat,False
1074443,SA1,2023,2024-03-09,al-ettifaq,abha,False
1074440,SA1,2023,2024-03-09,al taawon,al-ahli jeddah,False
1074446,SA1,2023,2024-03-14,al khaleej saihat,al okhdood,False
1074452,SA1,2023,2024-03-14,al-hazm,al shabab,False
1074454,SA1,2023,2024-03-14,abha,al wehda club,False
1074449,SA1,2023,2024-03-15,al-ahli jeddah,al-nassr,False
1074448,SA1,2023,2024-03-15,al taee,al-ettifaq,False
1074453,SA1,2023,2024-03-15,al-fayha,al riyadh,False
1074451,SA1,2023,2024-03-16,al-fateh,al-ittihad fc,False
1074450,SA1,2023,2024-03-16,al-hilal saudi fc,damac,False
1074447,SA1,2023,2024-03-16,al-raed,al taawon,False
1074460,SA1,2023,2024-03-29,al-ettifaq,al-ahli jeddah,False
1074457,SA1,2023,2024-03-29,al taawon,al-hazm,False
1074456,SA1,2023,2024-03-29,al-ittihad fc,al-fayha,False
1074461,SA1,2023,2024-03-29,damac,al khaleej saihat,False
1074459,SA1,2023,2024-03-29,al okhdood,al-raed,False
1074455,SA1,2023,2024-03-30,al wehda club,al-fateh,False
1074458,SA1,2023,2024-03-30,al-nassr,al taee,False
1074462,SA1,2023,2024-03-30,al shabab,al-hilal saudi fc,False
1074463,SA1,2023,2024-03-30,al riyadh,abha,False
1074467,SA1,2023,2024-04-01,al-ahli jeddah,al-ittihad fc,False
1074468,SA1,2023,2024-04-01,al-raed,al khaleej saihat,False
1074465,SA1,2023,2024-04-01,al-hazm,damac,False
1074471,SA1,2023,2024-04-02,al-hilal saudi fc,al okhdood,False
1074469,SA1,2023,2024-04-02,al taee,al taawon,False
1074466,SA1,2023,2024-04-02,al-fayha,al wehda club,False
1074470,SA1,2023,2024-04-02,abha,al-nassr,False
1074464,SA1,2023,2024-04-03,al-fateh,al-ettifaq,False
1074472,SA1,2023,2024-04-03,al shabab,al riyadh,False
1074479,SA1,2023,2024-04-05,al khaleej saihat,al-hilal saudi fc,False
1074475,SA1,2023,2024-04-05,al wehda club,al-ahli jeddah,False
1074473,SA1,2023,2024-04-05,al-ittihad fc,al taawon,False
1074478,SA1,2023,2024-04-05,damac,al-nassr,False
1074481,SA1,2023,2024-04-06,al-ettifaq,al riyadh,False
1074476,SA1,2023,2024-04-06,al taee,al shabab,False
1074477,SA1,2023,2024-04-07,al-raed,al-hazm,False
1074474,SA1,2023,2024-04-07,al-fayha,al okhdood,False
1074480,SA1,2023,2024-04-07,abha,al-fateh,False
1074484,SA1,2023,2024-04-18,al taawon,al khaleej saihat,False
1074482,SA1,2023,2024-04-18,al-fateh,al-raed,False
1074489,SA1,2023,2024-04-18,al shabab,abha,False
1074485,SA1,2023,2024-04-19,al-nassr,al-fayha,False
1074486,SA1,2023,2024-04-19,al riyadh,al taee,False
1074488,SA1,2023,2024-04-20,al okhdood,damac,False
1074487,SA1,2023,2024-04-20,al-ettifaq,al wehda club,False
1074483,SA1,2023,2024-04-20,al-hazm,al-ittihad fc,False
1074492,SA1,2023,2024-04-25,al-fayha,al taee,False
1074491,SA1,2023,2024-04-25,al wehda club,al-hazm,False
1074498,SA1,2023,2024-04-25,al riyadh,al-ahli jeddah,False
1074499,SA1,2023,2024-04-26,al-hilal saudi fc,al-fateh,False
1074495,SA1,2023,2024-04-26,damac,al taawon,False
1074497,SA1,2023,2024-04-26,al-ittihad fc,al shabab,False
1074496,SA1,2023,2024-04-27,al-raed,al-ettifaq,False
1074493,SA1,2023,2024-04-27,al okhdood,abha,False
1074494,SA1,2023,2024-04-27,al khaleej saihat,al-nassr,False
1074506,SA1,2023,2024-05-02,al-hazm,al okhdood,False
1074505,SA1,2023,2024-05-02,al-ahli jeddah,damac,False
1074504,SA1,2023,2024-05-02,al-fateh,al riyadh,False
1074503,SA1,2023,2024-05-03,al taawon,al-hilal saudi fc,False
1074500,SA1,2023,2024-05-03,al-ettifaq,al-fayha,False
1074502,SA1,2023,2024-05-03,abha,al-ittihad fc,False
1074507,SA1,2023,2024-05-04,al shabab,al-raed,False
1074508,SA1,2023,2024-05-04,al taee,al khaleej saihat,False
1074501,SA1,2023,2024-05-04,al-nassr,al wehda club,False
1074490,SA1,2023,2024-05-06,al-ahli jeddah,al-hilal saudi fc,False
1074514,SA1,2023,2024-05-09,al-fayha,al-fateh,False
1074511,SA1,2023,2024-05-09,al riyadh,al taawon,False
1074509,SA1,2023,2024-05-09,al okhdood,al-nassr,False
1074513,SA1,2023,2024-05-10,abha,damac,False
1074512,SA1,2023,2024-05-10,al khaleej saihat,al wehda club,False
1074510,SA1,2023,2024-05-10,al-ittihad fc,al-ettifaq,False
1074516,SA1,2023,2024-05-11,al-hilal saudi fc,al-hazm,False
1074515,SA1,2023,2024-05-11,al-raed,al taee,False
1074517,SA1,2023,2024-05-11,al shabab,al-ahli jeddah,False
1074519,SA1,2023,2024-05-16,al taee,al-fateh,False
1074523,SA1,2023,2024-05-16,al khaleej saihat,al-ittihad fc,False
1074518,SA1,2023,2024-05-16,al wehda club,al-raed,False
1074526,SA1,2023,2024-05-17,damac,al-fayha,False
1074521,SA1,2023,2024-05-17,al-ettifaq,al okhdood,False
1074522,SA1,2023,2024-05-17,al-nassr,al-hilal saudi fc,False
1074524,SA1,2023,2024-05-18,al taawon,al shabab,False
1074520,SA1,2023,2024-05-18,al-hazm,al riyadh,False
1074525,SA1,2023,2024-05-18,al-ahli jeddah,abha,False
1074533,SA1,2023,2024-05-23,al-fateh,al-hazm,False
1074535,SA1,2023,2024-05-23,al-hilal saudi fc,al taee,False
1074527,SA1,2023,2024-05-23,al-ettifaq,al shabab,False
1074528,SA1,2023,2024-05-23,al-raed,al-ahli jeddah,False
1074529,SA1,2023,2024-05-23,al-ittihad fc,damac,False
1074532,SA1,2023,2024-05-23,al-fayha,al taawon,False
1074530,SA1,2023,2024-05-23,abha,al khaleej saihat,False
1074531,SA1,2023,2024-05-23,al okhdood,al wehda club,False
1074534,SA1,2023,2024-05-23,al riyadh,al-nassr,False
1074541,SA1,2023,2024-05-27,al khaleej saihat,al riyadh,False
1074544,SA1,2023,2024-05-27,al-ahli jeddah,al-fayha,False
1074536,SA1,2023,2024-05-27,al taawon,al-ettifaq,False
1074543,SA1,2023,2024-05-27,al wehda club,al-hilal saudi fc,False
1074538,SA1,2023,2024-05-27,al-nassr,al-ittihad fc,False
1074539,SA1,2023,2024-05-27,al shabab,al-fateh,False
1074540,SA1,2023,2024-05-27,al taee,al okhdood,False
1074537,SA1,2023,2024-05-27,al-hazm,abha,False
1074542,SA1,2023,2024-05-27,damac,al-raed,False
1252419,SA1,2024,2024-08-22,al taawon,al-fayha,False
1252420,SA1,2024,2024-08-22,al wehda club,al riyadh,False
1252421,SA1,2024,2024-08-22,al-nassr,al-raed,False
1252422,SA1,2024,2024-08-23,damac,al khaleej saihat,False
1252423,SA1,2024,2024-08-23,al-ahli jeddah,al orubah,False
1252424,SA1,2024,2024-08-23,al-qadisiyah fc,al-fateh,False
1252425,SA1,2024,2024-08-24,al kholood,al-ittihad fc,False
1252427,SA1,2024,2024-08-24,al shabab,al-ettifaq,False
1252426,SA1,2024,2024-08-24,al okhdood,al-hilal saudi fc,False
1252428,SA1,2024,2024-08-27,al-fateh,al-ahli jeddah,False
1252429,SA1,2024,2024-08-27,al-raed,al-qadisiyah fc,False
1252430,SA1,2024,2024-08-27,al-fayha,al-nassr,False
1252431,SA1,2024,2024-08-28,al-ettifaq,al okhdood,False
1252432,SA1,2024,2024-08-28,al-hilal saudi fc,damac,False
1252433,SA1,2024,2024-08-28,al wehda club,al orubah,False
1252434,SA1,2024,2024-08-29,al riyadh,al kholood,False
1252435,SA1,2024,2024-08-29,al khaleej saihat,al shabab,False
1252436,SA1,2024,2024-08-29,al-ittihad fc,al taawon,False
1252437,SA1,2024,2024-09-13,al taawon,al khaleej saihat,False
1252440,SA1,2024,2024-09-13,damac,al okhdood,False
1252438,SA1,2024,2024-09-13,al-nassr,al-ahli jeddah,False
1252441,SA1,2024,2024-09-14,al-fateh,al-ettifaq,False
1252444,SA1,2024,2024-09-14,al-fayha,al-raed,False
1252439,SA1,2024,2024-09-14,al riyadh,al-hilal saudi fc,False
1252442,SA1,2024,2024-09-15,al-qadisiyah fc,al shabab,False
1252445,SA1,2024,2024-09-15,al kholood,al orubah,False
1252443,SA1,2024,2024-09-15,al-ittihad fc,al wehda club,False
1252449,SA1,2024,2024-09-19,al okhdood,al-qadisiyah fc,False
1252448,SA1,2024,2024-09-19,al orubah,al-fateh,False
1252447,SA1,2024,2024-09-19,al wehda club,al kholood,False
1252451,SA1,2024,2024-09-20,al khaleej saihat,al-fayha,False
1252453,SA1,2024,2024-09-20,al-ahli jeddah,damac,False
1252450,SA1,2024,2024-09-20,al-ettifaq,al-nassr,False
1252454,SA1,2024,2024-09-21,al shabab,al taawon,False
1252446,SA1,2024,2024-09-21,al-raed,al riyadh,False
1252452,SA1,2024,2024-09-21,al-hilal saudi fc,al-ittihad fc,False
1252456,SA1,2024,2024-09-27,al-nassr,al wehda club,False
1252457,SA1,2024,2024-09-27,al-qadisiyah fc,al-ahli jeddah,False
1252462,SA1,2024,2024-09-27,al-ittihad fc,al khaleej saihat,False
1252455,SA1,2024,2024-09-28,al-fateh,al okhdood,False
1252458,SA1,2024,2024-09-28,al orubah,damac,False
1252460,SA1,2024,2024-09-28,al kholood,al-hilal saudi fc,False
1252463,SA1,2024,2024-09-29,al-fayha,al riyadh,False
1252459,SA1,2024,2024-09-29,al taawon,al-ettifaq,False
1252461,SA1,2024,2024-09-29,al shabab,al-raed,False
1252469,SA1,2024,2024-10-03,al-ettifaq,al-raed,False
1252467,SA1,2024,2024-10-03,al wehda club,al-fayha,False
1252466,SA1,2024,2024-10-03,al okhdood,al-ittihad fc,False
1252472,SA1,2024,2024-10-04,al khaleej saihat,al kholood,False
1252464,SA1,2024,2024-10-04,al riyadh,al-qadisiyah fc,False
1252465,SA1,2024,2024-10-04,damac,al shabab,False
1252470,SA1,2024,2024-10-05,al-nassr,al orubah,False
1252471,SA1,2024,2024-10-05,al taawon,al-fateh,False
1252468,SA1,2024,2024-10-05,al-ahli jeddah,al-hilal saudi fc,False
1252475,SA1,2024,2024-10-18,al khaleej saihat,al-ahli jeddah,False
1252473,SA1,2024,2024-10-18,al-hilal saudi fc,al-fayha,False
1252474,SA1,2024,2024-10-18,al shabab,al-nassr,False
1252481,SA1,2024,2024-10-19,al-raed,al wehda club,False
1252478,SA1,2024,2024-10-19,damac,al taawon,False
1252477,SA1,2024,2024-10-19,al-ittihad fc,al-qadisiyah fc,False
1252480,SA1,2024,2024-10-20,al-fateh,al kholood,False
1252476,SA1,2024,2024-10-20,al okhdood,al riyadh,False
1252479,SA1,2024,2024-10-20,al-ettifaq,al orubah,False
1252486,SA1,2024,2024-10-24,al orubah,al shabab,False
1252485,SA1,2024,2024-10-24,al wehda club,al khaleej saihat,False
1252484,SA1,2024,2024-10-24,al riyadh,al-ittihad fc,False
1252490,SA1,2024,2024-10-25,al-qadisiyah fc,damac,False
1252487,SA1,2024,2024-10-25,al kholood,al-nassr,False
1252489,SA1,2024,2024-10-25,al-ahli jeddah,al okhdood,False
1252483,SA1,2024,2024-10-26,al-fayha,al-ettifaq,False
1252482,SA1,2024,2024-10-26,al-raed,al-fateh,False
1252488,SA1,2024,2024-10-26,al-hilal saudi fc,al taawon,False
1252497,SA1,2024,2024-10-31,al shabab,al wehda club,False
1252494,SA1,2024,2024-10-31,al okhdood,al orubah,False
1252493,SA1,2024,2024-10-31,al-ittihad fc,al-ahli jeddah,False
1252491,SA1,2024,2024-11-01,al khaleej saihat,al-raed,False
1252499,SA1,2024,2024-11-01,damac,al riyadh,False
1252495,SA1,2024,2024-11-01,al-nassr,al-hilal saudi fc,False
1252496,SA1,2024,2024-11-02,al-fateh,al-fayha,False
1252492,SA1,2024,2024-11-02,al taawon,al kholood,False
1252498,SA1,2024,2024-11-02,al-ettifaq,al-qadisiyah fc,False
1252500,SA1,2024,2024-11-07,al-qadisiyah fc,al-fayha,False
1252505,SA1,2024,2024-11-07,al kholood,al shabab,False
1252502,SA1,2024,2024-11-07,al orubah,al-ittihad fc,False
1252504,SA1,2024,2024-11-08,al-hilal saudi fc,al-ettifaq,False
1252506,SA1,2024,2024-11-08,al-ahli jeddah,al-raed,False
1252508,SA1,2024,2024-11-08,al riyadh,al-nassr,False
1252501,SA1,2024,2024-11-09,al-fateh,al khaleej saihat,False
1252503,SA1,2024,2024-11-09,al wehda club,damac,False
1252507,SA1,2024,2024-11-09,al taawon,al okhdood,False
1252510,SA1,2024,2024-11-22,al-fayha,al-ahli jeddah,False
1252514,SA1,2024,2024-11-22,al okhdood,al shabab,False
1252509,SA1,2024,2024-11-22,al-nassr,al-qadisiyah fc,False
1252512,SA1,2024,2024-11-23,al-raed,al orubah,False
1252513,SA1,2024,2024-11-23,al wehda club,al taawon,False
1252511,SA1,2024,2024-11-23,al khaleej saihat,al-hilal saudi fc,False
1252516,SA1,2024,2024-11-24,damac,al kholood,False
1252517,SA1,2024,2024-11-24,al riyadh,al-ettifaq,False
1252515,SA1,2024,2024-11-24,al-ittihad fc,al-fateh,False
1252526,SA1,2024,2024-11-28,al-fayha,al orubah,False
1252520,SA1,2024,2024-11-28,al okhdood,al kholood,False
1252525,SA1,2024,2024-11-28,al-fateh,al riyadh,False
1252518,SA1,2024,2024-11-29,al-qadisiyah fc,al khaleej saihat,False
1252522,SA1,2024,2024-11-29,al-nassr,damac,False
1252521,SA1,2024,2024-11-29,al-ahli jeddah,al wehda club,False
1252524,SA1,2024,2024-11-30,al-raed,al taawon,False
1252519,SA1,2024,2024-11-30,al-ettifaq,al-ittihad fc,False
1252523,SA1,2024,2024-11-30,al shabab,al-hilal saudi fc,False
1252528,SA1,2024,2024-12-05,damac,al-fayha,False
1252530,SA1,2024,2024-12-05,al wehda club,al okhdood,False
1252535,SA1,2024,2024-12-05,al shabab,al-fateh,False
1252532,SA1,2024,2024-12-06,al kholood,al-qadisiyah fc,False
1252527,SA1,2024,2024-12-06,al orubah,al riyadh,False
1252531,SA1,2024,2024-12-06,al-ittihad fc,al-nassr,False
1252529,SA1,2024,2024-12-07,al khaleej saihat,al-ettifaq,False
1252534,SA1,2024,2024-12-07,al-hilal saudi fc,al-raed,False
1252533,SA1,2024,2024-12-07,al taawon,al-ahli jeddah,False
1252536,SA1,2024,2025-01-09,al-fateh,al wehda club,False
1252539,SA1,2024,2025-01-09,al riyadh,al khaleej saihat,False
1252543,SA1,2024,2025-01-09,al-nassr,al okhdood,False
1252540,SA1,2024,2025-01-10,al-ettifaq,al kholood,False
1252544,SA1,2024,2025-01-10,al-raed,damac,False
1252537,SA1,2024,2025-01-10,al-ahli jeddah,al shabab,False
1252542,SA1,2024,2025-01-11,al orubah,al-hilal saudi fc,False
1252538,SA1,2024,2025-01-11,al-qadisiyah fc,al taawon,False
1252541,SA1,2024,2025-01-11,al-fayha,al-ittihad fc,False
1252545,SA1,2024,2025-01-15,al shabab,al riyadh,False
1252550,SA1,2024,2025-01-15,damac,al-ettifaq,False
1252551,SA1,2024,2025-01-15,al kholood,al-ahli jeddah,False
1252548,SA1,2024,2025-01-16,al okhdood,al-fayha,False
1252546,SA1,2024,2025-01-16,al-hilal saudi fc,al-fateh,False
1252552,SA1,2024,2025-01-16,al-ittihad fc,al-raed,False
1252553,SA1,2024,2025-01-17,al khaleej saihat,al orubah,False
1252547,SA1,2024,2025-01-17,al wehda club,al-qadisiyah fc,False
1252549,SA1,2024,2025-01-17,al taawon,al-nassr,False
1252557,SA1,2024,2025-01-20,al-fayha,al kholood,False
1252554,SA1,2024,2025-01-20,al-raed,al okhdood,False
1252560,SA1,2024,2025-01-20,al-ettifaq,al-ahli jeddah,False
1252559,SA1,2024,2025-01-21,al khaleej saihat,al-nassr,False
1252555,SA1,2024,2025-01-21,al riyadh,al taawon,False
1252561,SA1,2024,2025-01-21,al-hilal saudi fc,al wehda club,False
1252556,SA1,2024,2025-01-22,al orubah,al-qadisiyah fc,False
1252562,SA1,2024,2025-01-22,al-fateh,damac,False
1252558,SA1,2024,2025-01-22,al-ittihad fc,al shabab,False
1252565,SA1,2024,2025-01-25,al kholood,al-raed,False
1252571,SA1,2024,2025-01-25,al wehda club,al-ettifaq,False
1252564,SA1,2024,2025-01-26,al taawon,al orubah,False
1252566,SA1,2024,2025-01-26,al okhdood,al khaleej saihat,False
1252570,SA1,2024,2025-01-26,al-ahli jeddah,al riyadh,False
1252569,SA1,2024,2025-01-26,al-nassr,al-fateh,False
1252567,SA1,2024,2025-01-27,damac,al-ittihad fc,False
1252563,SA1,2024,2025-01-27,al shabab,al-fayha,False
1252568,SA1,2024,2025-01-27,al-qadisiyah fc,al-hilal saudi fc,False
1252575,SA1,2024,2025-01-30,al orubah,al-ahli jeddah,False
1252580,SA1,2024,2025-01-30,al riyadh,al wehda club,False
1252576,SA1,2024,2025-01-30,al-raed,al-nassr,False
1252572,SA1,2024,2025-01-31,al-fayha,al taawon,False
1252573,SA1,2024,2025-01-31,al-hilal saudi fc,al okhdood,False
1252578,SA1,2024,2025-01-31,al-ettifaq,al shabab,False
1252579,SA1,2024,2025-02-01,al khaleej saihat,damac,False
1252577,SA1,2024,2025-02-01,al-fateh,al-qadisiyah fc,False
1252574,SA1,2024,2025-02-01,al-ittihad fc,al kholood,False
1252588,SA1,2024,2025-02-06,al-qadisiyah fc,al-raed,False
1252581,SA1,2024,2025-02-06,al shabab,al khaleej saihat,False
1252582,SA1,2024,2025-02-06,al taawon,al-ittihad fc,False
1252584,SA1,2024,2025-02-07,al orubah,al wehda club,False
1252587,SA1,2024,2025-02-07,al-nassr,al-fayha,False
1252586,SA1,2024,2025-02-07,al-ahli jeddah,al-fateh,False
1252589,SA1,2024,2025-02-08,al kholood,al riyadh,False
1252583,SA1,2024,2025-02-08,al okhdood,al-ettifaq,False
1252585,SA1,2024,2025-02-08,damac,al-hilal saudi fc,False
1252593,SA1,2024,2025-02-13,al okhdood,damac,False
1252592,SA1,2024,2025-02-13,al shabab,al-qadisiyah fc,False
1252594,SA1,2024,2025-02-13,al-ahli jeddah,al-nassr,False
1252598,SA1,2024,2025-02-14,al orubah,al kholood,False
1252596,SA1,2024,2025-02-14,al-ettifaq,al-fateh,False
1252595,SA1,2024,2025-02-14,al-hilal saudi fc,al riyadh,False
1252597,SA1,2024,2025-02-15,al khaleej saihat,al taawon,False
1252590,SA1,2024,2025-02-15,al-raed,al-fayha,False
1252591,SA1,2024,2025-02-15,al wehda club,al-ittihad fc,False
1252601,SA1,2024,2025-02-20,al-fateh,al orubah,False
1252606,SA1,2024,2025-02-20,al-fayha,al khaleej saihat,False
1252600,SA1,2024,2025-02-20,al riyadh,al-raed,False
1252604,SA1,2024,2025-02-21,damac,al-ahli jeddah,False
1252607,SA1,2024,2025-02-21,al-qadisiyah fc,al okhdood,False
1252602,SA1,2024,2025-02-21,al-nassr,al-ettifaq,False
1252599,SA1,2024,2025-02-22,al kholood,al wehda club,False
1252605,SA1,2024,2025-02-22,al taawon,al shabab,False
1252603,SA1,2024,2025-02-22,al-ittihad fc,al-hilal saudi fc,False
1252615,SA1,2024,2025-02-24,al okhdood,al-fateh,False
1252608,SA1,2024,2025-02-24,damac,al orubah,False
1252616,SA1,2024,2025-02-25,al-raed,al shabab,False
1252610,SA1,2024,2025-02-25,al-hilal saudi fc,al kholood,False
1252609,SA1,2024,2025-02-25,al wehda club,al-nassr,False
1252613,SA1,2024,2025-02-25,al-ahli jeddah,al-qadisiyah fc,False
1252612,SA1,2024,2025-02-26,al-ettifaq,al taawon,False
1252611,SA1,2024,2025-02-26,al riyadh,al-fayha,False
1252614,SA1,2024,2025-02-26,al khaleej saihat,al-ittihad fc,False
1252619,SA1,2024,2025-02-28,al-hilal saudi fc,al-ahli jeddah,False
1252624,SA1,2024,2025-02-28,al shabab,damac,False
1252618,SA1,2024,2025-02-28,al orubah,al-nassr,False
1252621,SA1,2024,2025-03-01,al-fateh,al taawon,False
1252617,SA1,2024,2025-03-01,al-fayha,al wehda club,False
1252620,SA1,2024,2025-03-01,al kholood,al khaleej saihat,False
1252625,SA1,2024,2025-03-02,al-qadisiyah fc,al riyadh,False
1252622,SA1,2024,2025-03-02,al-raed,al-ettifaq,False
1252623,SA1,2024,2025-03-02,al-ittihad fc,al okhdood,False
1252627,SA1,2024,2025-03-06,al-qadisiyah fc,al-ittihad fc,False
1252632,SA1,2024,2025-03-06,al kholood,al-fateh,False
1252634,SA1,2024,2025-03-06,al wehda club,al-raed,False
1252629,SA1,2024,2025-03-07,al-ahli jeddah,al khaleej saihat,False
1252631,SA1,2024,2025-03-07,al-nassr,al shabab,False
1252630,SA1,2024,2025-03-07,al-fayha,al-hilal saudi fc,False
1252633,SA1,2024,2025-03-08,al taawon,damac,False
1252628,SA1,2024,2025-03-08,al orubah,al-ettifaq,False
1252626,SA1,2024,2025-03-08,al riyadh,al okhdood,False
1252639,SA1,2024,2025-03-13,al-fateh,al-raed,False
1252635,SA1,2024,2025-03-13,al-ittihad fc,al riyadh,False
1252637,SA1,2024,2025-03-13,al shabab,al orubah,False
1252638,SA1,2024,2025-03-14,al khaleej saihat,al wehda club,False
1252641,SA1,2024,2025-03-14,al-nassr,al kholood,False
1252640,SA1,2024,2025-03-14,damac,al-qadisiyah fc,False
1252636,SA1,2024,2025-03-15,al-ettifaq,al-fayha,False
1252642,SA1,2024,2025-03-15,al taawon,al-hilal saudi fc,False
1252643,SA1,2024,2025-03-15,al okhdood,al-ahli jeddah,False
1252648,SA1,2024,2025-04-04,al kholood,al taawon,False
1252644,SA1,2024,2025-04-04,al orubah,al okhdood,False
1252645,SA1,2024,2025-04-04,al-hilal saudi fc,al-nassr,False
1252651,SA1,2024,2025-04-05,al-qadisiyah fc,al-ettifaq,False
1252647,SA1,2024,2025-04-05,al riyadh,damac,False
1252649,SA1,2024,2025-04-05,al-ahli jeddah,al-ittihad fc,False
1252650,SA1,2024,2025-04-06,al-fayha,al-fateh,False
1252652,SA1,2024,2025-04-06,al-raed,al khaleej saihat,False
1252646,SA1,2024,2025-04-06,al wehda club,al shabab,False
1252655,SA1,2024,2025-04-10,al shabab,al kholood,False
1252653,SA1,2024,2025-04-10,damac,al wehda club,False
1252659,SA1,2024,2025-04-10,al-ittihad fc,al orubah,False
1252660,SA1,2024,2025-04-11,al okhdood,al taawon,False
1252657,SA1,2024,2025-04-11,al-raed,al-ahli jeddah,False
1252654,SA1,2024,2025-04-11,al-ettifaq,al-hilal saudi fc,False
1252656,SA1,2024,2025-04-12,al khaleej saihat,al-fateh,False
1252658,SA1,2024,2025-04-12,al-fayha,al-qadisiyah fc,False
1252661,SA1,2024,2025-04-12,al-nassr,al riyadh,False
1252662,SA1,2024,2025-04-17,al-ettifaq,al riyadh,False
1252664,SA1,2024,2025-04-17,al-hilal saudi fc,al khaleej saihat,False
1252670,SA1,2024,2025-04-17,al shabab,al okhdood,False
1252667,SA1,2024,2025-04-17,al-fateh,al-ittihad fc,False
1252663,SA1,2024,2025-04-18,al kholood,damac,False
1252668,SA1,2024,2025-04-18,al-ahli jeddah,al-fayha,False
1252666,SA1,2024,2025-04-18,al-qadisiyah fc,al-nassr,False
1252665,SA1,2024,2025-04-19,al orubah,al-raed,False
1252669,SA1,2024,2025-04-19,al taawon,al wehda club,False
1252671,SA1,2024,2025-04-21,al-hilal saudi fc,al shabab,False
1252675,SA1,2024,2025-04-21,al-ittihad fc,al-ettifaq,False
1252672,SA1,2024,2025-04-22,damac,al-nassr,False
1252673,SA1,2024,2025-04-22,al wehda club,al-ahli jeddah,False
1252674,SA1,2024,2025-04-23,al riyadh,al-fateh,False
1252679,SA1,2024,2025-04-23,al kholood,al okhdood,False
1252677,SA1,2024,2025-04-23,al khaleej saihat,al-qadisiyah fc,False
1252678,SA1,2024,2025-04-24,al orubah,al-fayha,False
1252676,SA1,2024,2025-04-24,al taawon,al-raed,False
1252680,SA1,2024,2025-05-01,al okhdood,al wehda club,False
1252683,SA1,2024,2025-05-01,al riyadh,al orubah,False
1252685,SA1,2024,2025-05-01,al-fateh,al shabab,False
1252688,SA1,2024,2025-05-02,al-ettifaq,al khaleej saihat,False
1252687,SA1,2024,2025-05-02,al-fayha,damac,False
1252682,SA1,2024,2025-05-02,al-qadisiyah fc,al kholood,False
1252684,SA1,2024,2025-05-07,al-raed,al-hilal saudi fc,False
1252681,SA1,2024,2025-05-07,al-ahli jeddah,al taawon,False
1252686,SA1,2024,2025-05-07,al-nassr,al-ittihad fc,False
1252690,SA1,2024,2025-05-10,al kholood,al-ettifaq,False
1252692,SA1,2024,2025-05-10,al wehda club,al-fateh,False
1252689,SA1,2024,2025-05-10,al khaleej saihat,al riyadh,False
1252693,SA1,2024,2025-05-11,al shabab,al-ahli jeddah,False
1252691,SA1,2024,2025-05-11,damac,al-raed,False
1252694,SA1,2024,2025-05-11,al taawon,al-qadisiyah fc,False
1252697,SA1,2024,2025-05-11,al-ittihad fc,al-fayha,False
1252695,SA1,2024,2025-05-12,al-hilal saudi fc,al orubah,False
1252696,SA1,2024,2025-05-12,al okhdood,al-nassr,False
1252706,SA1,2024,2025-05-15,al-qadisiyah fc,al wehda club,False
1252705,SA1,2024,2025-05-15,al riyadh,al shabab,False
1252700,SA1,2024,2025-05-15,al-raed,al-ittihad fc,False
1252702,SA1,2024,2025-05-16,al-fateh,al-hilal saudi fc,False
1252701,SA1,2024,2025-05-16,al orubah,al khaleej saihat,False
1252699,SA1,2024,2025-05-16,al-nassr,al taawon,False
1252704,SA1,2024,2025-05-17,al-ettifaq,damac,False
1252698,SA1,2024,2025-05-17,al-fayha,al okhdood,False
1252703,SA1,2024,2025-05-17,al-ahli jeddah,al kholood,False
1252715,SA1,2024,2025-05-20,al-qadisiyah fc,al orubah,False
1252710,SA1,2024,2025-05-20,al taawon,al riyadh,False
1252711,SA1,2024,2025-05-20,al shabab,al-ittihad fc,False
1252709,SA1,2024,2025-05-21,al-nassr,al khaleej saihat,False
1252714,SA1,2024,2025-05-21,al kholood,al-fayha,False
1252713,SA1,2024,2025-05-21,al wehda club,al-hilal saudi fc,False
1252712,SA1,2024,2025-05-22,al okhdood,al-raed,False
1252707,SA1,2024,2025-05-22,damac,al-fateh,False
1252708,SA1,2024,2025-05-22,al-ahli jeddah,al-ettifaq,False
1252716,SA1,2024,2025-05-26,al khaleej saihat,al okhdood,False
1252717,SA1,2024,2025-05-26,al-fateh,al-nassr,False
1252722,SA1,2024,2025-05-26,al-hilal saudi fc,al-qadisiyah fc,False
1252724,SA1,2024,2025-05-26,al-ettifaq,al wehda club,False
1252719,SA1,2024,2025-05-26,al-raed,al kholood,False
1252718,SA1,2024,2025-05-26,al-ittihad fc,damac,False
1252721,SA1,2024,2025-05-26,al-fayha,al shabab,False
1252720,SA1,2024,2025-05-26,al orubah,al taawon,False
1252723,SA1,2024,2025-05-26,al riyadh,al-ahli jeddah,False
878331,SP2,2022,2022-08-12,levante,huesca,False
878324,SP2,2022,2022-08-13,eibar,tenerife,False
878326,SP2,2022,2022-08-13,mirandes,sporting gijon,False
878328,SP2,2022,2022-08-13,leganes,alaves,False
878325,SP2,2022,2022-08-13,las palmas,zaragoza,False
878327,SP2,2022,2022-08-14,racing santander,villarreal ii,False
878330,SP2,2022,2022-08-14,ibiza,granada cf,False
878322,SP2,2022,2022-08-14,burgos,malaga,False
878329,SP2,2022,2022-08-15,oviedo,fc andorra,False
878332,SP2,2022,2022-08-15,lugo,albacete,False
878323,SP2,2022,2022-08-15,fc cartagena,ponferradina,False
878338,SP2,2022,2022-08-19,villarreal ii,eibar,False
878333,SP2,2022,2022-08-19,alaves,mirandes,False
878336,SP2,2022,2022-08-20,sporting gijon,fc andorra,False
878335,SP2,2022,2022-08-20,albacete,burgos,False
878342,SP2,2022,2022-08-20,zaragoza,levante,False
878334,SP2,2022,2022-08-20,granada cf,racing santander,False
878340,SP2,2022,2022-08-21,oviedo,leganes,False
878337,SP2,2022,2022-08-21,huesca,fc cartagena,False
878343,SP2,2022,2022-08-21,tenerife,lugo,False
878339,SP2,2022,2022-08-22,ponferradina,ibiza,False
878341,SP2,2022,2022-08-22,malaga,las palmas,False
878348,SP2,2022,2022-08-26,albacete,huesca,False
878344,SP2,2022,2022-08-26,fc cartagena,zaragoza,False
878351,SP2,2022,2022-08-27,sporting gijon,burgos,False
878352,SP2,2022,2022-08-27,lugo,leganes,False
878353,SP2,2022,2022-08-27,mirandes,malaga,False
878347,SP2,2022,2022-08-27,levante,tenerife,False
878354,SP2,2022,2022-08-28,racing santander,oviedo,False
878345,SP2,2022,2022-08-28,eibar,ponferradina,False
878349,SP2,2022,2022-08-28,ibiza,alaves,False
878346,SP2,2022,2022-08-29,granada cf,villarreal ii,False
878350,SP2,2022,2022-08-29,las palmas,fc andorra,False
878360,SP2,2022,2022-09-02,leganes,eibar,False
878355,SP2,2022,2022-09-03,alaves,las palmas,False
878363,SP2,2022,2022-09-03,villarreal ii,mirandes,False
878359,SP2,2022,2022-09-03,ponferradina,sporting gijon,False
878364,SP2,2022,2022-09-03,tenerife,racing santander,False
878356,SP2,2022,2022-09-04,fc andorra,granada cf,False
878365,SP2,2022,2022-09-04,malaga,albacete,False
878358,SP2,2022,2022-09-04,huesca,ibiza,False
878357,SP2,2022,2022-09-04,burgos,fc cartagena,False
878362,SP2,2022,2022-09-04,zaragoza,lugo,False
878361,SP2,2022,2022-09-05,oviedo,levante,False
878374,SP2,2022,2022-09-09,las palmas,leganes,False
878372,SP2,2022,2022-09-10,lugo,alaves,False
878366,SP2,2022,2022-09-10,burgos,oviedo,False
878376,SP2,2022,2022-09-10,fc cartagena,albacete,False
878370,SP2,2022,2022-09-10,levante,villarreal ii,False
878375,SP2,2022,2022-09-11,sporting gijon,racing santander,False
878373,SP2,2022,2022-09-11,mirandes,fc andorra,False
878369,SP2,2022,2022-09-11,ibiza,tenerife,False
878371,SP2,2022,2022-09-11,ponferradina,zaragoza,False
878368,SP2,2022,2022-09-11,huesca,malaga,False
878367,SP2,2022,2022-09-12,eibar,granada cf,False
878382,SP2,2022,2022-09-16,levante,fc cartagena,False
878385,SP2,2022,2022-09-17,villarreal ii,lugo,False
878383,SP2,2022,2022-09-17,oviedo,ibiza,False
878379,SP2,2022,2022-09-17,granada cf,mirandes,False
878378,SP2,2022,2022-09-17,fc andorra,eibar,False
878387,SP2,2022,2022-09-17,zaragoza,sporting gijon,False
878381,SP2,2022,2022-09-18,leganes,burgos,False
878377,SP2,2022,2022-09-18,alaves,huesca,False
878384,SP2,2022,2022-09-18,racing santander,las palmas,False
878380,SP2,2022,2022-09-18,albacete,ponferradina,False
878386,SP2,2022,2022-09-19,tenerife,malaga,False
878398,SP2,2022,2022-09-23,sporting gijon,ibiza,False
878390,SP2,2022,2022-09-24,huesca,leganes,False
878393,SP2,2022,2022-09-24,mirandes,zaragoza,False
878392,SP2,2022,2022-09-24,malaga,villarreal ii,False
878394,SP2,2022,2022-09-24,ponferradina,tenerife,False
878388,SP2,2022,2022-09-25,burgos,levante,False
878391,SP2,2022,2022-09-25,lugo,oviedo,False
878389,SP2,2022,2022-09-25,eibar,racing santander,False
878395,SP2,2022,2022-09-25,albacete,fc andorra,False
878397,SP2,2022,2022-09-26,las palmas,granada cf,False
878396,SP2,2022,2022-09-26,fc cartagena,alaves,False
878408,SP2,2022,2022-09-30,tenerife,sporting gijon,False
878406,SP2,2022,2022-10-01,mirandes,las palmas,False
878407,SP2,2022,2022-10-01,racing santander,malaga,False
878400,SP2,2022,2022-10-01,fc andorra,levante,False
878403,SP2,2022,2022-10-01,villarreal ii,burgos,False
878409,SP2,2022,2022-10-02,leganes,albacete,False
878399,SP2,2022,2022-10-02,alaves,ponferradina,False
878401,SP2,2022,2022-10-02,granada cf,huesca,False
878404,SP2,2022,2022-10-02,oviedo,fc cartagena,False
878402,SP2,2022,2022-10-02,ibiza,lugo,False
878405,SP2,2022,2022-10-03,zaragoza,eibar,False
878414,SP2,2022,2022-10-07,sporting gijon,villarreal ii,False
878418,SP2,2022,2022-10-08,ponferradina,granada cf,False
878419,SP2,2022,2022-10-08,las palmas,ibiza,False
878412,SP2,2022,2022-10-08,huesca,lugo,False
878416,SP2,2022,2022-10-08,burgos,alaves,False
878410,SP2,2022,2022-10-09,fc cartagena,leganes,False
878420,SP2,2022,2022-10-09,zaragoza,oviedo,False
878413,SP2,2022,2022-10-09,levante,racing santander,False
878415,SP2,2022,2022-10-09,albacete,tenerife,False
878417,SP2,2022,2022-10-09,malaga,fc andorra,False
878411,SP2,2022,2022-10-10,eibar,mirandes,False
878431,SP2,2022,2022-10-12,villarreal ii,ponferradina,False
878424,SP2,2022,2022-10-12,leganes,malaga,False
878422,SP2,2022,2022-10-12,fc andorra,burgos,False
878421,SP2,2022,2022-10-12,alaves,albacete,False
878428,SP2,2022,2022-10-12,oviedo,huesca,False
878426,SP2,2022,2022-10-12,tenerife,fc cartagena,False
878429,SP2,2022,2022-10-12,lugo,las palmas,False
878425,SP2,2022,2022-10-12,racing santander,zaragoza,False
878430,SP2,2022,2022-10-13,mirandes,levante,False
878427,SP2,2022,2022-10-13,ibiza,eibar,False
878423,SP2,2022,2022-10-13,granada cf,sporting gijon,False
878442,SP2,2022,2022-10-15,zaragoza,villarreal ii,False
878436,SP2,2022,2022-10-15,fc andorra,alaves,False
878434,SP2,2022,2022-10-15,huesca,racing santander,False
878440,SP2,2022,2022-10-15,ponferradina,las palmas,False
878435,SP2,2022,2022-10-15,albacete,oviedo,False
878439,SP2,2022,2022-10-16,levante,leganes,False
878441,SP2,2022,2022-10-16,malaga,lugo,False
878432,SP2,2022,2022-10-16,burgos,mirandes,False
878438,SP2,2022,2022-10-16,tenerife,granada cf,False
878433,SP2,2022,2022-10-16,fc cartagena,ibiza,False
878437,SP2,2022,2022-10-17,sporting gijon,eibar,False
878444,SP2,2022,2022-10-21,granada cf,zaragoza,False
878447,SP2,2022,2022-10-22,villarreal ii,fc andorra,False
878443,SP2,2022,2022-10-22,alaves,sporting gijon,False
878450,SP2,2022,2022-10-22,mirandes,huesca,False
878445,SP2,2022,2022-10-22,ibiza,levante,False
878452,SP2,2022,2022-10-23,racing santander,ponferradina,False
878448,SP2,2022,2022-10-23,lugo,burgos,False
878446,SP2,2022,2022-10-23,leganes,tenerife,False
878453,SP2,2022,2022-10-23,eibar,albacete,False
878449,SP2,2022,2022-10-23,las palmas,fc cartagena,False
878451,SP2,2022,2022-10-24,oviedo,malaga,False
878462,SP2,2022,2022-10-28,tenerife,zaragoza,False
878455,SP2,2022,2022-10-29,fc andorra,ponferradina,False
878458,SP2,2022,2022-10-29,huesca,las palmas,False
878459,SP2,2022,2022-10-29,leganes,racing santander,False
878454,SP2,2022,2022-10-29,alaves,oviedo,False
878456,SP2,2022,2022-10-29,burgos,ibiza,False
878461,SP2,2022,2022-10-30,lugo,mirandes,False
878464,SP2,2022,2022-10-30,malaga,eibar,False
878457,SP2,2022,2022-10-30,fc cartagena,granada cf,False
878463,SP2,2022,2022-10-30,albacete,villarreal ii,False
878460,SP2,2022,2022-10-31,levante,sporting gijon,False
878471,SP2,2022,2022-11-01,zaragoza,fc andorra,False
878473,SP2,2022,2022-11-01,ponferradina,huesca,False
878472,SP2,2022,2022-11-01,las palmas,burgos,False
878470,SP2,2022,2022-11-01,racing santander,alaves,False
878468,SP2,2022,2022-11-01,ibiza,leganes,False
878466,SP2,2022,2022-11-02,eibar,lugo,False
878474,SP2,2022,2022-11-02,villarreal ii,oviedo,False
878469,SP2,2022,2022-11-02,mirandes,tenerife,False
878475,SP2,2022,2022-11-03,sporting gijon,albacete,False
878465,SP2,2022,2022-11-03,fc cartagena,malaga,False
878467,SP2,2022,2022-11-03,granada cf,levante,False
878476,SP2,2022,2022-11-04,alaves,zaragoza,False
878478,SP2,2022,2022-11-05,burgos,tenerife,False
878479,SP2,2022,2022-11-05,huesca,villarreal ii,False
878477,SP2,2022,2022-11-05,fc andorra,racing santander,False
878481,SP2,2022,2022-11-05,leganes,ponferradina,False
878480,SP2,2022,2022-11-06,ibiza,mirandes,False
878486,SP2,2022,2022-11-06,oviedo,granada cf,False
878485,SP2,2022,2022-11-06,las palmas,eibar,False
878482,SP2,2022,2022-11-06,malaga,sporting gijon,False
878483,SP2,2022,2022-11-06,albacete,levante,False
878484,SP2,2022,2022-11-07,lugo,fc cartagena,False
878497,SP2,2022,2022-11-18,granada cf,albacete,False
878496,SP2,2022,2022-11-19,ponferradina,oviedo,False
878492,SP2,2022,2022-11-19,tenerife,huesca,False
878494,SP2,2022,2022-11-19,sporting gijon,leganes,False
878495,SP2,2022,2022-11-19,zaragoza,malaga,False
878493,SP2,2022,2022-11-20,villarreal ii,ibiza,False
878487,SP2,2022,2022-11-20,fc andorra,lugo,False
878489,SP2,2022,2022-11-20,eibar,alaves,False
878490,SP2,2022,2022-11-20,racing santander,burgos,False
878488,SP2,2022,2022-11-20,levante,las palmas,False
878491,SP2,2022,2022-11-21,mirandes,fc cartagena,False
878501,SP2,2022,2022-11-25,huesca,sporting gijon,False
878503,SP2,2022,2022-11-26,malaga,ponferradina,False
878498,SP2,2022,2022-11-26,alaves,villarreal ii,False
878508,SP2,2022,2022-11-26,oviedo,mirandes,False
878504,SP2,2022,2022-11-26,albacete,racing santander,False
878502,SP2,2022,2022-11-26,las palmas,tenerife,False
878499,SP2,2022,2022-11-27,burgos,zaragoza,False
878506,SP2,2022,2022-11-27,leganes,granada cf,False
878507,SP2,2022,2022-11-27,lugo,levante,False
878500,SP2,2022,2022-11-27,fc cartagena,eibar,False
878505,SP2,2022,2022-11-28,ibiza,fc andorra,False
878518,SP2,2022,2022-11-30,tenerife,oviedo,False
878512,SP2,2022,2022-12-02,granada cf,alaves,False
878514,SP2,2022,2022-12-03,zaragoza,ibiza,False
878516,SP2,2022,2022-12-03,sporting gijon,las palmas,False
878519,SP2,2022,2022-12-03,mirandes,albacete,False
878515,SP2,2022,2022-12-03,villarreal ii,leganes,False
878509,SP2,2022,2022-12-04,fc andorra,fc cartagena,False
878517,SP2,2022,2022-12-04,racing santander,lugo,False
878510,SP2,2022,2022-12-04,eibar,huesca,False
878511,SP2,2022,2022-12-04,levante,malaga,False
878513,SP2,2022,2022-12-05,ponferradina,burgos,False
878523,SP2,2022,2022-12-06,leganes,mirandes,False
878530,SP2,2022,2022-12-06,oviedo,las palmas,False
878526,SP2,2022,2022-12-06,albacete,zaragoza,False
878528,SP2,2022,2022-12-07,huesca,fc andorra,False
878521,SP2,2022,2022-12-07,fc cartagena,villarreal ii,False
878527,SP2,2022,2022-12-07,tenerife,alaves,False
878520,SP2,2022,2022-12-08,burgos,eibar,False
878525,SP2,2022,2022-12-08,lugo,sporting gijon,False
878524,SP2,2022,2022-12-08,levante,ponferradina,False
878522,SP2,2022,2022-12-08,ibiza,racing santander,False
878529,SP2,2022,2022-12-08,malaga,granada cf,False
878532,SP2,2022,2022-12-10,fc andorra,leganes,False
878540,SP2,2022,2022-12-10,villarreal ii,tenerife,False
878537,SP2,2022,2022-12-10,zaragoza,huesca,False
878534,SP2,2022,2022-12-11,ibiza,malaga,False
878536,SP2,2022,2022-12-11,sporting gijon,fc cartagena,False
878538,SP2,2022,2022-12-11,ponferradina,lugo,False
878533,SP2,2022,2022-12-11,eibar,oviedo,False
878535,SP2,2022,2022-12-11,granada cf,burgos,False
878541,SP2,2022,2022-12-11,las palmas,albacete,False
878539,SP2,2022,2022-12-11,racing santander,mirandes,False
878531,SP2,2022,2022-12-12,alaves,levante,False
878549,SP2,2022,2022-12-16,tenerife,fc andorra,False
878551,SP2,2022,2022-12-17,lugo,granada cf,False
878545,SP2,2022,2022-12-17,mirandes,ponferradina,False
878543,SP2,2022,2022-12-17,fc cartagena,racing santander,False
878552,SP2,2022,2022-12-17,villarreal ii,las palmas,False
878546,SP2,2022,2022-12-17,oviedo,sporting gijon,False
878547,SP2,2022,2022-12-18,albacete,ibiza,False
878550,SP2,2022,2022-12-18,levante,eibar,False
878542,SP2,2022,2022-12-18,burgos,huesca,False
878548,SP2,2022,2022-12-18,malaga,alaves,False
878544,SP2,2022,2022-12-19,leganes,zaragoza,False
878559,SP2,2022,2023-01-06,ponferradina,villarreal ii,False
878561,SP2,2022,2023-01-06,sporting gijon,levante,False
878556,SP2,2022,2023-01-06,leganes,lugo,False
878554,SP2,2022,2023-01-07,fc andorra,oviedo,False
878558,SP2,2022,2023-01-07,malaga,tenerife,False
878553,SP2,2022,2023-01-07,alaves,burgos,False
878560,SP2,2022,2023-01-08,granada cf,fc cartagena,False
878562,SP2,2022,2023-01-08,zaragoza,mirandes,False
878557,SP2,2022,2023-01-08,las palmas,racing santander,False
878555,SP2,2022,2023-01-08,eibar,ibiza,False
878563,SP2,2022,2023-01-09,huesca,albacete,False
878570,SP2,2022,2023-01-13,oviedo,alaves,False
878564,SP2,2022,2023-01-14,fc cartagena,huesca,False
878566,SP2,2022,2023-01-14,ibiza,las palmas,False
878568,SP2,2022,2023-01-14,villarreal ii,zaragoza,False
878574,SP2,2022,2023-01-14,tenerife,ponferradina,False
878567,SP2,2022,2023-01-14,racing santander,sporting gijon,False
878572,SP2,2022,2023-01-14,levante,granada cf,False
878565,SP2,2022,2023-01-15,eibar,malaga,False
878573,SP2,2022,2023-01-15,mirandes,lugo,False
878571,SP2,2022,2023-01-15,burgos,fc andorra,False
878569,SP2,2022,2023-01-16,albacete,leganes,False
878580,SP2,2022,2023-01-20,las palmas,mirandes,False
878583,SP2,2022,2023-01-21,malaga,burgos,False
878584,SP2,2022,2023-01-21,ponferradina,eibar,False
878577,SP2,2022,2023-01-21,granada cf,ibiza,False
878575,SP2,2022,2023-01-21,alaves,racing santander,False
878579,SP2,2022,2023-01-22,leganes,levante,False
878582,SP2,2022,2023-01-22,sporting gijon,zaragoza,False
878576,SP2,2022,2023-01-22,fc cartagena,tenerife,False
878578,SP2,2022,2023-01-22,huesca,oviedo,False
878581,SP2,2022,2023-01-22,lugo,villarreal ii,False
878585,SP2,2022,2023-01-23,fc andorra,albacete,False
878588,SP2,2022,2023-01-27,racing santander,tenerife,False
878591,SP2,2022,2023-01-28,granada cf,fc andorra,False
878586,SP2,2022,2023-01-28,eibar,leganes,False
878587,SP2,2022,2023-01-28,oviedo,villarreal ii,False
878594,SP2,2022,2023-01-28,las palmas,huesca,False
878590,SP2,2022,2023-01-29,mirandes,alaves,False
878592,SP2,2022,2023-01-29,levante,burgos,False
878589,SP2,2022,2023-01-29,albacete,lugo,False
878595,SP2,2022,2023-01-29,sporting gijon,malaga,False
878593,SP2,2022,2023-01-29,ibiza,fc cartagena,False
878596,SP2,2022,2023-01-30,zaragoza,ponferradina,False
878603,SP2,2022,2023-02-03,malaga,oviedo,False
878602,SP2,2022,2023-02-04,leganes,sporting gijon,False
878601,SP2,2022,2023-02-04,huesca,mirandes,False
878607,SP2,2022,2023-02-04,tenerife,albacete,False
878597,SP2,2022,2023-02-04,alaves,eibar,False
878605,SP2,2022,2023-02-05,villarreal ii,granada cf,False
878598,SP2,2022,2023-02-05,fc andorra,zaragoza,False
878604,SP2,2022,2023-02-05,ponferradina,racing santander,False
878600,SP2,2022,2023-02-05,fc cartagena,levante,False
878606,SP2,2022,2023-02-05,lugo,ibiza,False
878599,SP2,2022,2023-02-06,burgos,las palmas,False
878608,SP2,2022,2023-02-10,granada cf,tenerife,False
878613,SP2,2022,2023-02-11,zaragoza,alaves,False
878614,SP2,2022,2023-02-11,levante,fc andorra,False
878611,SP2,2022,2023-02-11,mirandes,villarreal ii,False
878610,SP2,2022,2023-02-11,las palmas,lugo,False
878612,SP2,2022,2023-02-12,albacete,malaga,False
878615,SP2,2022,2023-02-12,oviedo,burgos,False
878616,SP2,2022,2023-02-12,eibar,fc cartagena,False
878617,SP2,2022,2023-02-12,sporting gijon,huesca,False
878609,SP2,2022,2023-02-12,ibiza,ponferradina,False
878618,SP2,2022,2023-02-13,racing santander,leganes,False
878621,SP2,2022,2023-02-17,fc cartagena,oviedo,False
878624,SP2,2022,2023-02-18,lugo,eibar,False
878622,SP2,2022,2023-02-18,leganes,las palmas,False
878626,SP2,2022,2023-02-18,ponferradina,levante,False
878627,SP2,2022,2023-02-18,tenerife,mirandes,False
878625,SP2,2022,2023-02-19,huesca,granada cf,False
878619,SP2,2022,2023-02-19,alaves,ibiza,False
878620,SP2,2022,2023-02-19,fc andorra,sporting gijon,False
878629,SP2,2022,2023-02-19,burgos,albacete,False
878628,SP2,2022,2023-02-19,villarreal ii,racing santander,False
878623,SP2,2022,2023-02-20,malaga,zaragoza,False
878631,SP2,2022,2023-02-24,eibar,villarreal ii,False
878630,SP2,2022,2023-02-25,alaves,fc cartagena,False
878636,SP2,2022,2023-02-25,racing santander,fc andorra,False
878635,SP2,2022,2023-02-25,sporting gijon,tenerife,False
878639,SP2,2022,2023-02-25,mirandes,leganes,False
878638,SP2,2022,2023-02-26,ibiza,huesca,False
878634,SP2,2022,2023-02-26,levante,lugo,False
878637,SP2,2022,2023-02-26,zaragoza,burgos,False
878633,SP2,2022,2023-02-26,las palmas,ponferradina,False
878640,SP2,2022,2023-02-26,oviedo,albacete,False
878632,SP2,2022,2023-02-27,granada cf,malaga,False
878641,SP2,2022,2023-03-03,fc andorra,las palmas,False
878642,SP2,2022,2023-03-04,burgos,granada cf,False
878650,SP2,2022,2023-03-04,tenerife,eibar,False
878643,SP2,2022,2023-03-04,huesca,levante,False
878646,SP2,2022,2023-03-04,mirandes,oviedo,False
878651,SP2,2022,2023-03-05,leganes,ibiza,False
878647,SP2,2022,2023-03-05,albacete,sporting gijon,False
878645,SP2,2022,2023-03-05,malaga,racing santander,False
878644,SP2,2022,2023-03-05,lugo,zaragoza,False
878649,SP2,2022,2023-03-05,ponferradina,fc cartagena,False
878648,SP2,2022,2023-03-06,villarreal ii,alaves,False
878656,SP2,2022,2023-03-10,oviedo,tenerife,False
878658,SP2,2022,2023-03-11,eibar,burgos,False
878652,SP2,2022,2023-03-11,alaves,lugo,False
878654,SP2,2022,2023-03-11,ibiza,villarreal ii,False
878655,SP2,2022,2023-03-11,las palmas,malaga,False
878660,SP2,2022,2023-03-12,zaragoza,leganes,False
878661,SP2,2022,2023-03-12,sporting gijon,mirandes,False
878662,SP2,2022,2023-03-12,levante,albacete,False
878657,SP2,2022,2023-03-12,fc cartagena,fc andorra,False
878653,SP2,2022,2023-03-12,granada cf,ponferradina,False
878659,SP2,2022,2023-03-13,racing santander,huesca,False
878673,SP2,2022,2023-03-17,malaga,levante,False
878663,SP2,2022,2023-03-18,fc andorra,ibiza,False
878666,SP2,2022,2023-03-18,leganes,oviedo,False
878668,SP2,2022,2023-03-18,albacete,granada cf,False
878672,SP2,2022,2023-03-18,tenerife,las palmas,False
878669,SP2,2022,2023-03-18,ponferradina,alaves,False
878664,SP2,2022,2023-03-19,burgos,sporting gijon,False
878665,SP2,2022,2023-03-19,huesca,zaragoza,False
878667,SP2,2022,2023-03-19,lugo,racing santander,False
878670,SP2,2022,2023-03-19,villarreal ii,fc cartagena,False
878671,SP2,2022,2023-03-20,mirandes,eibar,False
878675,SP2,2022,2023-03-24,fc cartagena,lugo,False
878682,SP2,2022,2023-03-25,racing santander,levante,False
878679,SP2,2022,2023-03-25,ibiza,burgos,False
878674,SP2,2022,2023-03-25,alaves,tenerife,False
878678,SP2,2022,2023-03-26,eibar,fc andorra,False
878684,SP2,2022,2023-03-26,zaragoza,albacete,False
878683,SP2,2022,2023-03-26,ponferradina,mirandes,False
878676,SP2,2022,2023-03-26,granada cf,oviedo,False
878680,SP2,2022,2023-03-26,villarreal ii,huesca,False
878677,SP2,2022,2023-03-26,las palmas,sporting gijon,False
878681,SP2,2022,2023-03-27,malaga,leganes,False
878687,SP2,2022,2023-03-31,levante,zaragoza,False
878686,SP2,2022,2023-04-01,burgos,racing santander,False
878692,SP2,2022,2023-04-01,leganes,fc cartagena,False
878689,SP2,2022,2023-04-01,tenerife,villarreal ii,False
878693,SP2,2022,2023-04-01,oviedo,eibar,False
878691,SP2,2022,2023-04-02,huesca,alaves,False
878688,SP2,2022,2023-04-02,lugo,ponferradina,False
878694,SP2,2022,2023-04-02,sporting gijon,granada cf,False
878685,SP2,2022,2023-04-02,fc andorra,malaga,False
878695,SP2,2022,2023-04-02,mirandes,ibiza,False
878690,SP2,2022,2023-04-03,albacete,las palmas,False
878701,SP2,2022,2023-04-07,lugo,tenerife,False
878705,SP2,2022,2023-04-07,villarreal ii,malaga,False
878703,SP2,2022,2023-04-08,zaragoza,granada cf,False
878699,SP2,2022,2023-04-08,ibiza,sporting gijon,False
878706,SP2,2022,2023-04-08,racing santander,albacete,False
878702,SP2,2022,2023-04-09,huesca,burgos,False
878698,SP2,2022,2023-04-09,eibar,levante,False
878704,SP2,2022,2023-04-09,ponferradina,leganes,False
878697,SP2,2022,2023-04-09,fc cartagena,mirandes,False
878700,SP2,2022,2023-04-09,las palmas,oviedo,False
878696,SP2,2022,2023-04-10,alaves,fc andorra,False
878712,SP2,2022,2023-04-14,albacete,eibar,False
878709,SP2,2022,2023-04-15,granada cf,las palmas,False
878716,SP2,2022,2023-04-15,oviedo,lugo,False
878717,SP2,2022,2023-04-15,zaragoza,racing santander,False
878708,SP2,2022,2023-04-15,burgos,ponferradina,False
878707,SP2,2022,2023-04-16,fc andorra,huesca,False
878713,SP2,2022,2023-04-16,sporting gijon,alaves,False
878714,SP2,2022,2023-04-16,malaga,fc cartagena,False
878715,SP2,2022,2023-04-16,tenerife,ibiza,False
878710,SP2,2022,2023-04-16,leganes,villarreal ii,False
878711,SP2,2022,2023-04-17,levante,mirandes,False
878720,SP2,2022,2023-04-21,eibar,zaragoza,False
878728,SP2,2022,2023-04-22,villarreal ii,albacete,False
878724,SP2,2022,2023-04-22,ponferradina,fc andorra,False
878719,SP2,2022,2023-04-22,fc cartagena,sporting gijon,False
878727,SP2,2022,2023-04-22,las palmas,levante,False
878722,SP2,2022,2023-04-22,ibiza,oviedo,False
878723,SP2,2022,2023-04-23,lugo,malaga,False
878725,SP2,2022,2023-04-23,mirandes,burgos,False
878726,SP2,2022,2023-04-23,racing santander,granada cf,False
878718,SP2,2022,2023-04-23,alaves,leganes,False
878721,SP2,2022,2023-04-24,huesca,tenerife,False
878736,SP2,2022,2023-04-28,racing santander,ibiza,False
878733,SP2,2022,2023-04-29,levante,alaves,False
878732,SP2,2022,2023-04-29,albacete,fc cartagena,False
878737,SP2,2022,2023-04-29,tenerife,leganes,False
878729,SP2,2022,2023-04-30,fc andorra,mirandes,False
878731,SP2,2022,2023-04-30,oviedo,ponferradina,False
878734,SP2,2022,2023-04-30,granada cf,eibar,False
878738,SP2,2022,2023-04-30,zaragoza,las palmas,False
878739,SP2,2022,2023-05-01,sporting gijon,lugo,False
878735,SP2,2022,2023-05-01,malaga,huesca,False
878730,SP2,2022,2023-05-01,burgos,villarreal ii,False
878740,SP2,2022,2023-05-05,alaves,granada cf,False
878742,SP2,2022,2023-05-06,mirandes,racing santander,False
878746,SP2,2022,2023-05-06,leganes,huesca,False
878747,SP2,2022,2023-05-06,tenerife,levante,False
878749,SP2,2022,2023-05-07,villarreal ii,sporting gijon,False
878748,SP2,2022,2023-05-07,ponferradina,malaga,False
878750,SP2,2022,2023-05-07,ibiza,albacete,False
878744,SP2,2022,2023-05-07,lugo,fc andorra,False
878743,SP2,2022,2023-05-07,oviedo,zaragoza,False
878745,SP2,2022,2023-05-07,fc cartagena,burgos,False
878741,SP2,2022,2023-05-08,eibar,las palmas,False
878752,SP2,2022,2023-05-12,burgos,leganes,False
878761,SP2,2022,2023-05-13,sporting gijon,oviedo,False
878753,SP2,2022,2023-05-13,granada cf,lugo,False
878758,SP2,2022,2023-05-13,zaragoza,fc cartagena,False
878756,SP2,2022,2023-05-13,malaga,mirandes,False
878759,SP2,2022,2023-05-14,racing santander,eibar,False
878751,SP2,2022,2023-05-14,fc andorra,tenerife,False
878757,SP2,2022,2023-05-14,albacete,alaves,False
878754,SP2,2022,2023-05-14,huesca,ponferradina,False
878755,SP2,2022,2023-05-14,las palmas,villarreal ii,False
878760,SP2,2022,2023-05-15,levante,ibiza,False
878765,SP2,2022,2023-05-20,ibiza,zaragoza,False
878762,SP2,2022,2023-05-20,alaves,malaga,False
878764,SP2,2022,2023-05-20,eibar,sporting gijon,False
878770,SP2,2022,2023-05-20,lugo,huesca,False
878769,SP2,2022,2023-05-20,mirandes,granada cf,False
878772,SP2,2022,2023-05-20,ponferradina,albacete,False
878763,SP2,2022,2023-05-20,fc cartagena,las palmas,False
878771,SP2,2022,2023-05-20,villarreal ii,levante,False
878768,SP2,2022,2023-05-20,tenerife,burgos,False
878766,SP2,2022,2023-05-21,oviedo,racing santander,False
878767,SP2,2022,2023-05-21,leganes,fc andorra,False
878783,SP2,2022,2023-05-26,zaragoza,tenerife,False
878773,SP2,2022,2023-05-27,fc andorra,villarreal ii,False
878774,SP2,2022,2023-05-27,burgos,lugo,False
878781,SP2,2022,2023-05-27,malaga,ibiza,False
878777,SP2,2022,2023-05-27,albacete,mirandes,False
878778,SP2,2022,2023-05-27,las palmas,alaves,False
878776,SP2,2022,2023-05-27,levante,oviedo,False
878775,SP2,2022,2023-05-27,granada cf,leganes,False
878780,SP2,2022,2023-05-27,huesca,eibar,False
878782,SP2,2022,2023-05-28,sporting gijon,ponferradina,False
878779,SP2,2022,2023-05-28,racing santander,fc cartagena,False
1028930,SP2,2022,2023-06-03,eibar,alaves,False
1028932,SP2,2022,2023-06-03,albacete,levante,False
1028933,SP2,2022,2023-06-07,levante,albacete,False
1028931,SP2,2022,2023-06-08,alaves,eibar,False
1031260,SP2,2022,2023-06-11,alaves,levante,False
1031261,SP2,2022,2023-06-17,levante,alaves,False
1045188,SP2,2023,2023-08-11,amorebieta,levante,False
1045196,SP2,2023,2023-08-11,valladolid,sporting gijon,False
1045194,SP2,2023,2023-08-12,racing santander,eibar,False
1045197,SP2,2023,2023-08-12,zaragoza,villarreal ii,False
1045191,SP2,2023,2023-08-12,elche,racing ferrol,False
1045189,SP2,2023,2023-08-13,burgos,huesca,False
1045187,SP2,2023,2023-08-13,albacete,espanyol,False
1045190,SP2,2023,2023-08-13,fc cartagena,eldense,False
1045193,SP2,2023,2023-08-13,leganes,fc andorra,False
1045192,SP2,2023,2023-08-14,mirandes,alcorcon,False
1045195,SP2,2023,2023-08-14,tenerife,oviedo,False
1045200,SP2,2023,2023-08-18,fc andorra,fc cartagena,False
1045208,SP2,2023,2023-08-18,zaragoza,valladolid,False
1045201,SP2,2023,2023-08-19,eibar,elche,False
1045202,SP2,2023,2023-08-19,espanyol,racing santander,False
1045204,SP2,2023,2023-08-19,levante,burgos,False
1045199,SP2,2023,2023-08-19,alcorcon,leganes,False
1045206,SP2,2023,2023-08-20,oviedo,racing ferrol,False
1045207,SP2,2023,2023-08-20,sporting gijon,mirandes,False
1045198,SP2,2023,2023-08-20,albacete,amorebieta,False
1045205,SP2,2023,2023-08-21,villarreal ii,eldense,False
1045203,SP2,2023,2023-08-21,huesca,tenerife,False
1045211,SP2,2023,2023-08-25,fc cartagena,levante,False
1045210,SP2,2023,2023-08-26,burgos,oviedo,False
1045214,SP2,2023,2023-08-26,tenerife,zaragoza,False
1045216,SP2,2023,2023-08-26,valladolid,alcorcon,False
1045212,SP2,2023,2023-08-26,elche,villarreal ii,False
1045213,SP2,2023,2023-08-27,racing ferrol,sporting gijon,False
1045218,SP2,2023,2023-08-27,mirandes,espanyol,False
1045209,SP2,2023,2023-08-27,amorebieta,fc andorra,False
1045215,SP2,2023,2023-08-27,leganes,albacete,False
1045217,SP2,2023,2023-08-28,eldense,eibar,False
1045219,SP2,2023,2023-08-28,racing santander,huesca,False
1045221,SP2,2023,2023-09-01,alcorcon,racing ferrol,False
1045220,SP2,2023,2023-09-01,albacete,valladolid,False
1045228,SP2,2023,2023-09-02,sporting gijon,burgos,False
1045226,SP2,2023,2023-09-02,levante,oviedo,False
1045224,SP2,2023,2023-09-02,elche,racing santander,False
1045229,SP2,2023,2023-09-02,villarreal ii,fc cartagena,False
1045222,SP2,2023,2023-09-03,fc andorra,tenerife,False
1045223,SP2,2023,2023-09-03,eibar,leganes,False
1045227,SP2,2023,2023-09-03,espanyol,amorebieta,False
1045230,SP2,2023,2023-09-03,zaragoza,eldense,False
1045225,SP2,2023,2023-09-03,huesca,mirandes,False
1045240,SP2,2023,2023-09-08,levante,espanyol,False
1045231,SP2,2023,2023-09-09,burgos,eibar,False
1045234,SP2,2023,2023-09-09,oviedo,sporting gijon,False
1045241,SP2,2023,2023-09-09,leganes,huesca,False
1045235,SP2,2023,2023-09-09,tenerife,albacete,False
1045237,SP2,2023,2023-09-10,racing santander,amorebieta,False
1045233,SP2,2023,2023-09-10,racing ferrol,villarreal ii,False
1045238,SP2,2023,2023-09-10,mirandes,fc andorra,False
1045232,SP2,2023,2023-09-10,fc cartagena,zaragoza,False
1045239,SP2,2023,2023-09-10,valladolid,elche,False
1045236,SP2,2023,2023-09-11,eldense,alcorcon,False
1045252,SP2,2023,2023-09-15,zaragoza,racing santander,False
1045248,SP2,2023,2023-09-16,huesca,villarreal ii,False
1045243,SP2,2023,2023-09-16,alcorcon,levante,False
1045250,SP2,2023,2023-09-16,valladolid,fc cartagena,False
1045242,SP2,2023,2023-09-16,albacete,burgos,False
1045244,SP2,2023,2023-09-17,amorebieta,mirandes,False
1045246,SP2,2023,2023-09-17,eibar,racing ferrol,False
1045251,SP2,2023,2023-09-17,espanyol,eldense,False
1045247,SP2,2023,2023-09-17,elche,leganes,False
1045249,SP2,2023,2023-09-17,sporting gijon,tenerife,False
1045245,SP2,2023,2023-09-18,fc andorra,oviedo,False
1045256,SP2,2023,2023-09-22,fc cartagena,eibar,False
1045254,SP2,2023,2023-09-23,fc andorra,sporting gijon,False
1045261,SP2,2023,2023-09-23,levante,eldense,False
1045255,SP2,2023,2023-09-23,burgos,elche,False
1045253,SP2,2023,2023-09-23,alcorcon,huesca,False
1045259,SP2,2023,2023-09-23,racing santander,albacete,False
1045260,SP2,2023,2023-09-24,villarreal ii,amorebieta,False
1045258,SP2,2023,2023-09-24,oviedo,valladolid,False
1045263,SP2,2023,2023-09-24,mirandes,leganes,False
1045262,SP2,2023,2023-09-25,tenerife,espanyol,False
1045257,SP2,2023,2023-09-25,racing ferrol,zaragoza,False
1045271,SP2,2023,2023-09-29,leganes,racing santander,False
1045266,SP2,2023,2023-09-30,eibar,tenerife,False
1045267,SP2,2023,2023-09-30,elche,levante,False
1045264,SP2,2023,2023-09-30,albacete,fc andorra,False
1045272,SP2,2023,2023-09-30,villarreal ii,alcorcon,False
1045268,SP2,2023,2023-10-01,eldense,oviedo,False
1045273,SP2,2023,2023-10-01,valladolid,burgos,False
1045274,SP2,2023,2023-10-01,zaragoza,mirandes,False
1045265,SP2,2023,2023-10-01,amorebieta,fc cartagena,False
1045270,SP2,2023,2023-10-01,huesca,sporting gijon,False
1045269,SP2,2023,2023-10-02,espanyol,racing ferrol,False
1045279,SP2,2023,2023-10-03,levante,villarreal ii,False
1045280,SP2,2023,2023-10-03,alcorcon,albacete,False
1045285,SP2,2023,2023-10-03,tenerife,racing santander,False
1045284,SP2,2023,2023-10-04,oviedo,huesca,False
1045278,SP2,2023,2023-10-04,eldense,valladolid,False
1045283,SP2,2023,2023-10-04,sporting gijon,elche,False
1045276,SP2,2023,2023-10-04,burgos,leganes,False
1045282,SP2,2023,2023-10-05,mirandes,eibar,False
1045275,SP2,2023,2023-10-05,fc andorra,zaragoza,False
1045277,SP2,2023,2023-10-05,fc cartagena,espanyol,False
1045281,SP2,2023,2023-10-05,racing ferrol,amorebieta,False
1045286,SP2,2023,2023-10-06,albacete,levante,False
1045294,SP2,2023,2023-10-07,huesca,eldense,False
1045289,SP2,2023,2023-10-07,racing santander,sporting gijon,False
1045288,SP2,2023,2023-10-07,leganes,oviedo,False
1045287,SP2,2023,2023-10-08,amorebieta,eibar,False
1045296,SP2,2023,2023-10-08,valladolid,mirandes,False
1045292,SP2,2023,2023-10-08,tenerife,burgos,False
1045293,SP2,2023,2023-10-08,racing ferrol,fc cartagena,False
1045290,SP2,2023,2023-10-08,zaragoza,alcorcon,False
1045291,SP2,2023,2023-10-09,elche,fc andorra,False
1045295,SP2,2023,2023-10-09,villarreal ii,espanyol,False
1045303,SP2,2023,2023-10-13,oviedo,albacete,False
1045301,SP2,2023,2023-10-14,mirandes,tenerife,False
1045302,SP2,2023,2023-10-14,sporting gijon,zaragoza,False
1045298,SP2,2023,2023-10-14,fc cartagena,racing santander,False
1045300,SP2,2023,2023-10-14,espanyol,valladolid,False
1045297,SP2,2023,2023-10-15,burgos,villarreal ii,False
1045304,SP2,2023,2023-10-15,fc andorra,alcorcon,False
1045306,SP2,2023,2023-10-15,eldense,elche,False
1045305,SP2,2023,2023-10-15,leganes,amorebieta,False
1045299,SP2,2023,2023-10-15,eibar,huesca,False
1045307,SP2,2023,2023-10-16,levante,racing ferrol,False
1045311,SP2,2023,2023-10-20,espanyol,leganes,False
1045310,SP2,2023,2023-10-21,amorebieta,oviedo,False
1045318,SP2,2023,2023-10-21,villarreal ii,mirandes,False
1045317,SP2,2023,2023-10-21,tenerife,levante,False
1045314,SP2,2023,2023-10-21,zaragoza,eibar,False
1045316,SP2,2023,2023-10-22,racing ferrol,eldense,False
1045315,SP2,2023,2023-10-22,huesca,elche,False
1045308,SP2,2023,2023-10-22,albacete,sporting gijon,False
1045313,SP2,2023,2023-10-22,racing santander,burgos,False
1045312,SP2,2023,2023-10-22,valladolid,fc andorra,False
1045309,SP2,2023,2023-10-23,alcorcon,fc cartagena,False
1045321,SP2,2023,2023-10-27,eibar,valladolid,False
1045326,SP2,2023,2023-10-28,eldense,amorebieta,False
1045328,SP2,2023,2023-10-28,sporting gijon,espanyol,False
1045319,SP2,2023,2023-10-28,fc andorra,levante,False
1045322,SP2,2023,2023-10-28,elche,tenerife,False
1045327,SP2,2023,2023-10-29,mirandes,fc cartagena,False
1045324,SP2,2023,2023-10-29,huesca,albacete,False
1045323,SP2,2023,2023-10-29,leganes,villarreal ii,False
1045325,SP2,2023,2023-10-29,oviedo,alcorcon,False
1045329,SP2,2023,2023-10-29,racing santander,racing ferrol,False
1045320,SP2,2023,2023-10-30,burgos,zaragoza,False
1045337,SP2,2023,2023-11-03,espanyol,eibar,False
1045339,SP2,2023,2023-11-04,villarreal ii,sporting gijon,False
1045334,SP2,2023,2023-11-04,levante,mirandes,False
1045340,SP2,2023,2023-11-04,valladolid,tenerife,False
1045330,SP2,2023,2023-11-04,albacete,elche,False
1045335,SP2,2023,2023-11-05,racing ferrol,fc andorra,False
1045332,SP2,2023,2023-11-05,amorebieta,huesca,False
1045331,SP2,2023,2023-11-05,alcorcon,racing santander,False
1045333,SP2,2023,2023-11-05,fc cartagena,leganes,False
1045336,SP2,2023,2023-11-05,eldense,burgos,False
1045338,SP2,2023,2023-11-06,zaragoza,oviedo,False
1045343,SP2,2023,2023-11-10,leganes,levante,False
1045344,SP2,2023,2023-11-11,racing santander,valladolid,False
1045342,SP2,2023,2023-11-11,elche,zaragoza,False
1045351,SP2,2023,2023-11-11,mirandes,racing ferrol,False
1045348,SP2,2023,2023-11-11,sporting gijon,amorebieta,False
1045347,SP2,2023,2023-11-12,burgos,alcorcon,False
1045341,SP2,2023,2023-11-12,fc andorra,eldense,False
1045345,SP2,2023,2023-11-12,tenerife,villarreal ii,False
1045350,SP2,2023,2023-11-12,huesca,espanyol,False
1045346,SP2,2023,2023-11-12,eibar,albacete,False
1045349,SP2,2023,2023-11-13,oviedo,fc cartagena,False
1045362,SP2,2023,2023-11-17,valladolid,leganes,False
1045352,SP2,2023,2023-11-18,alcorcon,sporting gijon,False
1045361,SP2,2023,2023-11-18,zaragoza,huesca,False
1045353,SP2,2023,2023-11-18,amorebieta,tenerife,False
1045360,SP2,2023,2023-11-18,espanyol,elche,False
1045358,SP2,2023,2023-11-19,racing ferrol,burgos,False
1045359,SP2,2023,2023-11-19,oviedo,eibar,False
1045354,SP2,2023,2023-11-19,eldense,mirandes,False
1045356,SP2,2023,2023-11-19,fc cartagena,albacete,False
1045357,SP2,2023,2023-11-19,villarreal ii,fc andorra,False
1045355,SP2,2023,2023-11-20,levante,racing santander,False
1045365,SP2,2023,2023-11-24,huesca,valladolid,False
1045367,SP2,2023,2023-11-25,racing santander,villarreal ii,False
1045370,SP2,2023,2023-11-25,burgos,fc andorra,False
1045363,SP2,2023,2023-11-25,albacete,zaragoza,False
1045364,SP2,2023,2023-11-25,eibar,levante,False
1045373,SP2,2023,2023-11-26,leganes,racing ferrol,False
1045369,SP2,2023,2023-11-26,elche,amorebieta,False
1045366,SP2,2023,2023-11-26,mirandes,oviedo,False
1045371,SP2,2023,2023-11-26,tenerife,fc cartagena,False
1045368,SP2,2023,2023-11-26,espanyol,alcorcon,False
1045372,SP2,2023,2023-11-27,sporting gijon,eldense,False
1045383,SP2,2023,2023-12-01,oviedo,espanyol,False
1045377,SP2,2023,2023-12-02,fc cartagena,sporting gijon,False
1045378,SP2,2023,2023-12-02,eldense,tenerife,False
1045384,SP2,2023,2023-12-02,zaragoza,leganes,False
1045379,SP2,2023,2023-12-02,levante,valladolid,False
1045376,SP2,2023,2023-12-03,fc andorra,huesca,False
1045374,SP2,2023,2023-12-03,alcorcon,elche,False
1045380,SP2,2023,2023-12-03,mirandes,racing santander,False
1045381,SP2,2023,2023-12-03,racing ferrol,albacete,False
1045375,SP2,2023,2023-12-03,amorebieta,burgos,False
1045382,SP2,2023,2023-12-04,villarreal ii,eibar,False
1045385,SP2,2023,2023-12-08,albacete,villarreal ii,False
1045387,SP2,2023,2023-12-08,espanyol,zaragoza,False
1045389,SP2,2023,2023-12-09,valladolid,amorebieta,False
1045394,SP2,2023,2023-12-09,sporting gijon,levante,False
1045386,SP2,2023,2023-12-09,burgos,mirandes,False
1045391,SP2,2023,2023-12-10,elche,fc cartagena,False
1045395,SP2,2023,2023-12-10,racing santander,oviedo,False
1045392,SP2,2023,2023-12-10,leganes,eldense,False
1045390,SP2,2023,2023-12-10,eibar,fc andorra,False
1045393,SP2,2023,2023-12-10,huesca,racing ferrol,False
1045388,SP2,2023,2023-12-11,tenerife,alcorcon,False
1045404,SP2,2023,2023-12-15,oviedo,elche,False
1045399,SP2,2023,2023-12-16,eldense,racing santander,False
1045398,SP2,2023,2023-12-16,fc andorra,espanyol,False
1045406,SP2,2023,2023-12-16,sporting gijon,leganes,False
1045403,SP2,2023,2023-12-16,fc cartagena,burgos,False
1045402,SP2,2023,2023-12-16,mirandes,albacete,False
1045396,SP2,2023,2023-12-17,alcorcon,eibar,False
1045405,SP2,2023,2023-12-17,levante,huesca,False
1045397,SP2,2023,2023-12-17,amorebieta,zaragoza,False
1045400,SP2,2023,2023-12-17,racing ferrol,tenerife,False
1045401,SP2,2023,2023-12-18,villarreal ii,valladolid,False
1045407,SP2,2023,2023-12-19,albacete,eldense,False
1045412,SP2,2023,2023-12-19,racing santander,fc andorra,False
1045413,SP2,2023,2023-12-19,espanyol,burgos,False
1045409,SP2,2023,2023-12-19,elche,mirandes,False
1045416,SP2,2023,2023-12-20,zaragoza,levante,False
1045410,SP2,2023,2023-12-20,leganes,tenerife,False
1045408,SP2,2023,2023-12-20,eibar,sporting gijon,False
1045414,SP2,2023,2023-12-21,huesca,fc cartagena,False
1045417,SP2,2023,2023-12-21,villarreal ii,oviedo,False
1045415,SP2,2023,2023-12-21,valladolid,racing ferrol,False
1045411,SP2,2023,2023-12-21,amorebieta,alcorcon,False
1045422,SP2,2023,2024-01-12,eibar,racing santander,False
1045418,SP2,2023,2024-01-13,alcorcon,mirandes,False
1045424,SP2,2023,2024-01-13,levante,albacete,False
1045425,SP2,2023,2024-01-13,oviedo,amorebieta,False
1045426,SP2,2023,2024-01-13,tenerife,elche,False
1045427,SP2,2023,2024-01-13,racing ferrol,espanyol,False
1045420,SP2,2023,2024-01-13,burgos,valladolid,False
1045419,SP2,2023,2024-01-14,fc andorra,leganes,False
1045428,SP2,2023,2024-01-14,sporting gijon,huesca,False
1045421,SP2,2023,2024-01-14,fc cartagena,villarreal ii,False
1045423,SP2,2023,2024-01-15,eldense,zaragoza,False
1045429,SP2,2023,2024-01-20,albacete,alcorcon,False
1045430,SP2,2023,2024-01-20,amorebieta,eldense,False
1045432,SP2,2023,2024-01-20,espanyol,villarreal ii,False
1045439,SP2,2023,2024-01-20,tenerife,sporting gijon,False
1045434,SP2,2023,2024-01-20,zaragoza,fc andorra,False
1045433,SP2,2023,2024-01-20,racing ferrol,oviedo,False
1045436,SP2,2023,2024-01-21,racing santander,fc cartagena,False
1045438,SP2,2023,2024-01-21,mirandes,levante,False
1045437,SP2,2023,2024-01-21,huesca,eibar,False
1045431,SP2,2023,2024-01-21,elche,valladolid,False
1045435,SP2,2023,2024-01-22,leganes,burgos,False
1045442,SP2,2023,2024-01-26,eibar,mirandes,False
1045440,SP2,2023,2024-01-27,alcorcon,zaragoza,False
1045446,SP2,2023,2024-01-27,fc cartagena,amorebieta,False
1045449,SP2,2023,2024-01-27,oviedo,leganes,False
1045444,SP2,2023,2024-01-27,levante,tenerife,False
1045443,SP2,2023,2024-01-28,eldense,espanyol,False
1045441,SP2,2023,2024-01-28,fc andorra,elche,False
1045448,SP2,2023,2024-01-28,villarreal ii,huesca,False
1045445,SP2,2023,2024-01-28,burgos,albacete,False
1045447,SP2,2023,2024-01-28,sporting gijon,racing ferrol,False
1045450,SP2,2023,2024-01-29,valladolid,racing santander,False
1045458,SP2,2023,2024-02-02,elche,burgos,False
1045451,SP2,2023,2024-02-03,albacete,fc cartagena,False
1045456,SP2,2023,2024-02-03,huesca,alcorcon,False
1045455,SP2,2023,2024-02-03,mirandes,villarreal ii,False
1045454,SP2,2023,2024-02-03,leganes,valladolid,False
1045457,SP2,2023,2024-02-03,tenerife,fc andorra,False
1045459,SP2,2023,2024-02-04,racing ferrol,eibar,False
1045460,SP2,2023,2024-02-04,oviedo,eldense,False
1045452,SP2,2023,2024-02-04,amorebieta,racing santander,False
1045453,SP2,2023,2024-02-04,espanyol,levante,False
1045461,SP2,2023,2024-02-05,zaragoza,sporting gijon,False
1045470,SP2,2023,2024-02-09,levante,leganes,False
1045463,SP2,2023,2024-02-10,amorebieta,elche,False
1045467,SP2,2023,2024-02-10,eldense,huesca,False
1045471,SP2,2023,2024-02-10,sporting gijon,oviedo,False
1045469,SP2,2023,2024-02-10,racing santander,espanyol,False
1045472,SP2,2023,2024-02-11,villarreal ii,tenerife,False
1045462,SP2,2023,2024-02-11,alcorcon,fc andorra,False
1045465,SP2,2023,2024-02-11,fc cartagena,mirandes,False
1045466,SP2,2023,2024-02-11,eibar,zaragoza,False
1045464,SP2,2023,2024-02-11,burgos,racing ferrol,False
1045468,SP2,2023,2024-02-12,valladolid,albacete,False
1045481,SP2,2023,2024-02-16,zaragoza,fc cartagena,False
1045480,SP2,2023,2024-02-17,oviedo,burgos,False
1045474,SP2,2023,2024-02-17,fc andorra,villarreal ii,False
1045477,SP2,2023,2024-02-17,sporting gijon,valladolid,False
1045475,SP2,2023,2024-02-17,espanyol,mirandes,False
1045473,SP2,2023,2024-02-18,albacete,racing santander,False
1045478,SP2,2023,2024-02-18,leganes,alcorcon,False
1045476,SP2,2023,2024-02-18,racing ferrol,levante,False
1045479,SP2,2023,2024-02-18,huesca,amorebieta,False
1045482,SP2,2023,2024-02-18,elche,eibar,False
1045483,SP2,2023,2024-02-19,tenerife,eldense,False
1045494,SP2,2023,2024-02-23,valladolid,oviedo,False
1045493,SP2,2023,2024-02-24,racing santander,leganes,False
1045487,SP2,2023,2024-02-24,eibar,espanyol,False
1045489,SP2,2023,2024-02-24,villarreal ii,zaragoza,False
1045488,SP2,2023,2024-02-25,eldense,racing ferrol,False
1045484,SP2,2023,2024-02-25,alcorcon,tenerife,False
1045485,SP2,2023,2024-02-25,burgos,sporting gijon,False
1045486,SP2,2023,2024-02-25,fc cartagena,elche,False
1045490,SP2,2023,2024-02-25,amorebieta,albacete,False
1045492,SP2,2023,2024-02-26,mirandes,huesca,False
1045500,SP2,2023,2024-03-01,sporting gijon,albacete,False
1045497,SP2,2023,2024-03-02,eldense,villarreal ii,False
1045498,SP2,2023,2024-03-02,espanyol,huesca,False
1045499,SP2,2023,2024-03-02,racing ferrol,racing santander,False
1045504,SP2,2023,2024-03-02,oviedo,levante,False
1045496,SP2,2023,2024-03-02,burgos,fc cartagena,False
1045495,SP2,2023,2024-03-03,fc andorra,valladolid,False
1045505,SP2,2023,2024-03-03,tenerife,mirandes,False
1045502,SP2,2023,2024-03-03,zaragoza,amorebieta,False
1045503,SP2,2023,2024-03-03,leganes,eibar,False
1045501,SP2,2023,2024-03-04,elche,alcorcon,False
1045513,SP2,2023,2024-03-08,huesca,fc andorra,False
1045506,SP2,2023,2024-03-09,albacete,oviedo,False
1045512,SP2,2023,2024-03-09,valladolid,zaragoza,False
1045516,SP2,2023,2024-03-09,mirandes,eldense,False
1045509,SP2,2023,2024-03-09,fc cartagena,racing ferrol,False
1045511,SP2,2023,2024-03-10,racing santander,tenerife,False
1045510,SP2,2023,2024-03-10,levante,sporting gijon,False
1045515,SP2,2023,2024-03-10,villarreal ii,elche,False
1045514,SP2,2023,2024-03-10,eibar,burgos,False
1045507,SP2,2023,2024-03-10,alcorcon,espanyol,False
1045508,SP2,2023,2024-03-11,amorebieta,leganes,False
1045491,SP2,2023,2024-03-13,levante,fc andorra,False
1045525,SP2,2023,2024-03-15,eldense,fc cartagena,False
1045517,SP2,2023,2024-03-16,burgos,levante,False
1045518,SP2,2023,2024-03-16,eibar,villarreal ii,False
1045521,SP2,2023,2024-03-16,oviedo,racing santander,False
1045527,SP2,2023,2024-03-16,tenerife,huesca,False
1045523,SP2,2023,2024-03-16,sporting gijon,alcorcon,False
1045520,SP2,2023,2024-03-17,leganes,mirandes,False
1045519,SP2,2023,2024-03-17,racing ferrol,valladolid,False
1045526,SP2,2023,2024-03-17,zaragoza,espanyol,False
1045522,SP2,2023,2024-03-17,elche,albacete,False
1045524,SP2,2023,2024-03-18,fc andorra,amorebieta,False
1045529,SP2,2023,2024-03-23,alcorcon,oviedo,False
1045533,SP2,2023,2024-03-23,fc cartagena,fc andorra,False
1045538,SP2,2023,2024-03-23,villarreal ii,leganes,False
1045531,SP2,2023,2024-03-23,espanyol,tenerife,False
1045530,SP2,2023,2024-03-24,amorebieta,sporting gijon,False
1045535,SP2,2023,2024-03-24,valladolid,eibar,False
1045534,SP2,2023,2024-03-24,huesca,burgos,False
1045536,SP2,2023,2024-03-24,levante,elche,False
1045532,SP2,2023,2024-03-24,mirandes,zaragoza,False
1045537,SP2,2023,2024-03-24,racing santander,eldense,False
1045528,SP2,2023,2024-03-25,albacete,racing ferrol,False
1045542,SP2,2023,2024-03-29,burgos,espanyol,False
1045547,SP2,2023,2024-03-30,valladolid,levante,False
1045545,SP2,2023,2024-03-30,leganes,fc cartagena,False
1045543,SP2,2023,2024-03-30,eibar,eldense,False
1045541,SP2,2023,2024-03-30,fc andorra,mirandes,False
1045539,SP2,2023,2024-03-30,albacete,huesca,False
1045548,SP2,2023,2024-03-30,sporting gijon,racing santander,False
1045540,SP2,2023,2024-03-31,alcorcon,amorebieta,False
1045549,SP2,2023,2024-03-31,zaragoza,tenerife,False
1045546,SP2,2023,2024-03-31,racing ferrol,elche,False
1045544,SP2,2023,2024-03-31,oviedo,villarreal ii,False
1045552,SP2,2023,2024-04-05,elche,oviedo,False
1045550,SP2,2023,2024-04-05,amorebieta,racing ferrol,False
1045558,SP2,2023,2024-04-06,eldense,fc andorra,False
1045554,SP2,2023,2024-04-06,levante,zaragoza,False
1045553,SP2,2023,2024-04-07,huesca,leganes,False
1045555,SP2,2023,2024-04-07,mirandes,sporting gijon,False
1045559,SP2,2023,2024-04-07,villarreal ii,burgos,False
1045556,SP2,2023,2024-04-07,espanyol,albacete,False
1045560,SP2,2023,2024-04-07,tenerife,eibar,False
1045551,SP2,2023,2024-04-07,fc cartagena,valladolid,False
1045557,SP2,2023,2024-04-08,racing santander,alcorcon,False
1045570,SP2,2023,2024-04-12,leganes,espanyol,False
1045567,SP2,2023,2024-04-13,sporting gijon,fc cartagena,False
1045569,SP2,2023,2024-04-13,valladolid,eldense,False
1045566,SP2,2023,2024-04-13,levante,amorebieta,False
1045571,SP2,2023,2024-04-14,oviedo,mirandes,False
1045561,SP2,2023,2024-04-14,albacete,tenerife,False
1045563,SP2,2023,2024-04-14,fc andorra,eibar,False
1045568,SP2,2023,2024-04-14,zaragoza,elche,False
1045564,SP2,2023,2024-04-14,burgos,racing santander,False
1045565,SP2,2023,2024-04-14,racing ferrol,huesca,False
1045562,SP2,2023,2024-04-15,alcorcon,villarreal ii,False
1045581,SP2,2023,2024-04-19,tenerife,leganes,False
1045572,SP2,2023,2024-04-20,amorebieta,valladolid,False
1045582,SP2,2023,2024-04-20,racing santander,levante,False
1045580,SP2,2023,2024-04-20,villarreal ii,racing ferrol,False
1045574,SP2,2023,2024-04-20,elche,sporting gijon,False
1045575,SP2,2023,2024-04-20,huesca,zaragoza,False
1045578,SP2,2023,2024-04-21,espanyol,fc andorra,False
1045577,SP2,2023,2024-04-21,eibar,alcorcon,False
1045576,SP2,2023,2024-04-21,eldense,albacete,False
1045579,SP2,2023,2024-04-21,mirandes,burgos,False
1045573,SP2,2023,2024-04-22,fc cartagena,oviedo,False
1045585,SP2,2023,2024-04-26,fc andorra,racing santander,False
1045588,SP2,2023,2024-04-27,leganes,zaragoza,False
1045591,SP2,2023,2024-04-27,burgos,amorebieta,False
1045586,SP2,2023,2024-04-27,elche,espanyol,False
1045590,SP2,2023,2024-04-28,sporting gijon,villarreal ii,False
1045584,SP2,2023,2024-04-28,alcorcon,eldense,False
1045589,SP2,2023,2024-04-28,oviedo,tenerife,False
1045592,SP2,2023,2024-04-28,levante,fc cartagena,False
1045593,SP2,2023,2024-04-28,valladolid,huesca,False
1045583,SP2,2023,2024-04-28,albacete,eibar,False
1045587,SP2,2023,2024-04-29,racing ferrol,mirandes,False
1045604,SP2,2023,2024-05-03,villarreal ii,levante,False
1045597,SP2,2023,2024-05-04,mirandes,valladolid,False
1045596,SP2,2023,2024-05-04,huesca,oviedo,False
1045602,SP2,2023,2024-05-04,racing santander,elche,False
1045599,SP2,2023,2024-05-04,fc cartagena,alcorcon,False
1045600,SP2,2023,2024-05-05,eibar,amorebieta,False
1045595,SP2,2023,2024-05-05,espanyol,sporting gijon,False
1045598,SP2,2023,2024-05-05,fc andorra,albacete,False
1045601,SP2,2023,2024-05-05,zaragoza,burgos,False
1045594,SP2,2023,2024-05-05,eldense,leganes,False
1045603,SP2,2023,2024-05-05,tenerife,racing ferrol,False
1045607,SP2,2023,2024-05-10,burgos,eldense,False
1045615,SP2,2023,2024-05-11,racing santander,mirandes,False
1045612,SP2,2023,2024-05-11,sporting gijon,fc andorra,False
1045611,SP2,2023,2024-05-11,racing ferrol,alcorcon,False
1045614,SP2,2023,2024-05-11,valladolid,espanyol,False
1045613,SP2,2023,2024-05-11,levante,eibar,False
1045606,SP2,2023,2024-05-12,amorebieta,villarreal ii,False
1045610,SP2,2023,2024-05-12,oviedo,zaragoza,False
1045605,SP2,2023,2024-05-12,albacete,leganes,False
1045608,SP2,2023,2024-05-12,fc cartagena,tenerife,False
1045609,SP2,2023,2024-05-12,elche,huesca,False
1045625,SP2,2023,2024-05-17,mirandes,elche,False
1045617,SP2,2023,2024-05-18,fc andorra,burgos,False
1045621,SP2,2023,2024-05-18,leganes,sporting gijon,False
1045620,SP2,2023,2024-05-18,huesca,racing santander,False
1045623,SP2,2023,2024-05-18,tenerife,amorebieta,False
1045618,SP2,2023,2024-05-18,eldense,levante,False
1045624,SP2,2023,2024-05-19,eibar,fc cartagena,False
1045616,SP2,2023,2024-05-19,alcorcon,valladolid,False
1045626,SP2,2023,2024-05-19,zaragoza,racing ferrol,False
1045619,SP2,2023,2024-05-20,espanyol,oviedo,False
1045622,SP2,2023,2024-05-20,villarreal ii,albacete,False
1045634,SP2,2023,2024-05-26,levante,alcorcon,False
1045635,SP2,2023,2024-05-26,oviedo,fc andorra,False
1045637,SP2,2023,2024-05-26,valladolid,villarreal ii,False
1045627,SP2,2023,2024-05-26,albacete,mirandes,False
1045636,SP2,2023,2024-05-26,sporting gijon,eibar,False
1045631,SP2,2023,2024-05-26,elche,eldense,False
1045633,SP2,2023,2024-05-26,racing santander,zaragoza,False
1045630,SP2,2023,2024-05-26,fc cartagena,huesca,False
1045628,SP2,2023,2024-05-26,amorebieta,espanyol,False
1045632,SP2,2023,2024-05-26,racing ferrol,leganes,False
1045629,SP2,2023,2024-05-26,burgos,tenerife,False
1045638,SP2,2023,2024-06-02,alcorcon,burgos,False
1045642,SP2,2023,2024-06-02,huesca,levante,False
1045639,SP2,2023,2024-06-02,fc andorra,racing ferrol,False
1045647,SP2,2023,2024-06-02,leganes,elche,False
1045646,SP2,2023,2024-06-02,espanyol,fc cartagena,False
1045640,SP2,2023,2024-06-02,eibar,oviedo,False
1045643,SP2,2023,2024-06-02,tenerife,valladolid,False
1045645,SP2,2023,2024-06-02,mirandes,amorebieta,False
1045648,SP2,2023,2024-06-02,villarreal ii,racing santander,False
1045641,SP2,2023,2024-06-02,eldense,sporting gijon,False
1045644,SP2,2023,2024-06-02,zaragoza,albacete,False
1202189,SP2,2023,2024-06-08,oviedo,eibar,False
1202191,SP2,2023,2024-06-09,sporting gijon,espanyol,False
1202190,SP2,2023,2024-06-12,eibar,oviedo,False
1202192,SP2,2023,2024-06-13,espanyol,sporting gijon,False
1206793,SP2,2023,2024-06-16,oviedo,espanyol,False
1206794,SP2,2023,2024-06-23,espanyol,oviedo,False
1217505,SP2,2024,2024-08-15,granada cf,albacete,False
1217508,SP2,2024,2024-08-16,mirandes,cordoba,False
1217500,SP2,2024,2024-08-16,cadiz,zaragoza,False
1217507,SP2,2024,2024-08-17,eibar,castellón,False
1217504,SP2,2024,2024-08-17,racing ferrol,malaga,False
1217501,SP2,2024,2024-08-17,deportivo la coruna,oviedo,False
1217509,SP2,2024,2024-08-18,sporting gijon,levante,False
1217506,SP2,2024,2024-08-18,racing santander,almeria,False
1217502,SP2,2024,2024-08-18,elche,huesca,False
1217499,SP2,2024,2024-08-18,burgos,fc cartagena,False
1217503,SP2,2024,2024-08-19,eldense,tenerife,False
1217519,SP2,2024,2024-08-23,racing santander,eibar,False
1217518,SP2,2024,2024-08-23,huesca,deportivo la coruna,False
1217520,SP2,2024,2024-08-24,sporting gijon,eldense,False
1217513,SP2,2024,2024-08-24,racing ferrol,granada cf,False
1217517,SP2,2024,2024-08-24,levante,cadiz,False
1217514,SP2,2024,2024-08-24,malaga,mirandes,False
1217515,SP2,2024,2024-08-24,tenerife,almeria,False
1217510,SP2,2024,2024-08-25,albacete,elche,False
1217512,SP2,2024,2024-08-25,castellón,oviedo,False
1217511,SP2,2024,2024-08-26,fc cartagena,zaragoza,False
1217516,SP2,2024,2024-08-26,cordoba,burgos,False
1217526,SP2,2024,2024-08-30,granada cf,huesca,False
1217528,SP2,2024,2024-08-30,oviedo,racing santander,False
1217523,SP2,2024,2024-08-31,cadiz,tenerife,False
1217529,SP2,2024,2024-08-31,malaga,albacete,False
1217521,SP2,2024,2024-08-31,almeria,sporting gijon,False
1217524,SP2,2024,2024-09-01,deportivo la coruna,racing ferrol,False
1217522,SP2,2024,2024-09-01,burgos,castellón,False
1217527,SP2,2024,2024-09-01,mirandes,zaragoza,False
1217530,SP2,2024,2024-09-01,eldense,fc cartagena,False
1217525,SP2,2024,2024-09-02,eibar,levante,False
1217531,SP2,2024,2024-09-02,elche,cordoba,False
1217542,SP2,2024,2024-09-06,tenerife,racing santander,False
1217539,SP2,2024,2024-09-07,granada cf,deportivo la coruna,False
1217537,SP2,2024,2024-09-07,huesca,burgos,False
1217541,SP2,2024,2024-09-07,sporting gijon,oviedo,False
1217534,SP2,2024,2024-09-07,cordoba,malaga,False
1217535,SP2,2024,2024-09-08,racing ferrol,mirandes,False
1217533,SP2,2024,2024-09-08,fc cartagena,levante,False
1217540,SP2,2024,2024-09-08,zaragoza,elche,False
1217536,SP2,2024,2024-09-08,eldense,almeria,False
1217532,SP2,2024,2024-09-09,albacete,eibar,False
1217538,SP2,2024,2024-09-09,castellón,cadiz,False
1217546,SP2,2024,2024-09-13,cordoba,deportivo la coruna,False
1217552,SP2,2024,2024-09-14,levante,eldense,False
1217547,SP2,2024,2024-09-14,eibar,tenerife,False
1217553,SP2,2024,2024-09-14,malaga,huesca,False
1217549,SP2,2024,2024-09-14,racing santander,sporting gijon,False
1217550,SP2,2024,2024-09-15,mirandes,albacete,False
1217551,SP2,2024,2024-09-15,oviedo,fc cartagena,False
1217545,SP2,2024,2024-09-15,cadiz,racing ferrol,False
1217544,SP2,2024,2024-09-15,burgos,zaragoza,False
1217548,SP2,2024,2024-09-15,elche,granada cf,False
1217543,SP2,2024,2024-09-16,almeria,castellón,False
1217558,SP2,2024,2024-09-20,granada cf,malaga,False
1217559,SP2,2024,2024-09-21,racing ferrol,albacete,False
1217560,SP2,2024,2024-09-21,deportivo la coruna,burgos,False
1217557,SP2,2024,2024-09-21,eldense,oviedo,False
1217563,SP2,2024,2024-09-21,zaragoza,levante,False
1217564,SP2,2024,2024-09-22,tenerife,sporting gijon,False
1217555,SP2,2024,2024-09-22,castellón,racing santander,False
1217561,SP2,2024,2024-09-22,fc cartagena,cadiz,False
1217556,SP2,2024,2024-09-22,elche,mirandes,False
1217554,SP2,2024,2024-09-22,almeria,eibar,False
1217562,SP2,2024,2024-09-23,huesca,cordoba,False
1217565,SP2,2024,2024-09-27,albacete,deportivo la coruna,False
1217567,SP2,2024,2024-09-28,cadiz,eldense,False
1217575,SP2,2024,2024-09-28,mirandes,huesca,False
1217570,SP2,2024,2024-09-28,sporting gijon,zaragoza,False
1217574,SP2,2024,2024-09-28,malaga,elche,False
1217571,SP2,2024,2024-09-29,levante,almeria,False
1217568,SP2,2024,2024-09-29,castellón,tenerife,False
1217566,SP2,2024,2024-09-29,burgos,granada cf,False
1217569,SP2,2024,2024-09-29,cordoba,racing ferrol,False
1217573,SP2,2024,2024-09-29,oviedo,eibar,False
1217572,SP2,2024,2024-09-30,racing santander,fc cartagena,False
1217581,SP2,2024,2024-10-04,huesca,cadiz,False
1217584,SP2,2024,2024-10-05,racing ferrol,elche,False
1217579,SP2,2024,2024-10-05,eibar,sporting gijon,False
1217585,SP2,2024,2024-10-05,mirandes,granada cf,False
1217577,SP2,2024,2024-10-05,almeria,burgos,False
1217586,SP2,2024,2024-10-05,zaragoza,racing santander,False
1217582,SP2,2024,2024-10-05,tenerife,fc cartagena,False
1217578,SP2,2024,2024-10-06,deportivo la coruna,malaga,False
1217583,SP2,2024,2024-10-06,eldense,castellón,False
1217580,SP2,2024,2024-10-06,levante,oviedo,False
1217576,SP2,2024,2024-10-06,albacete,cordoba,False
1217591,SP2,2024,2024-10-11,tenerife,zaragoza,False
1217589,SP2,2024,2024-10-12,fc cartagena,racing ferrol,False
1217590,SP2,2024,2024-10-12,eibar,eldense,False
1217588,SP2,2024,2024-10-12,cadiz,malaga,False
1217592,SP2,2024,2024-10-13,huesca,albacete,False
1217593,SP2,2024,2024-10-13,oviedo,almeria,False
1217597,SP2,2024,2024-10-13,racing santander,levante,False
1217595,SP2,2024,2024-10-13,granada cf,cordoba,False
1217587,SP2,2024,2024-10-13,burgos,mirandes,False
1217596,SP2,2024,2024-10-13,elche,deportivo la coruna,False
1217594,SP2,2024,2024-10-14,sporting gijon,castellón,False
1217607,SP2,2024,2024-10-18,cordoba,fc cartagena,False
1217605,SP2,2024,2024-10-19,malaga,oviedo,False
1217601,SP2,2024,2024-10-19,deportivo la coruna,eldense,False
1217604,SP2,2024,2024-10-19,granada cf,tenerife,False
1217600,SP2,2024,2024-10-19,castellón,levante,False
1217608,SP2,2024,2024-10-19,mirandes,eibar,False
1217599,SP2,2024,2024-10-20,cadiz,racing santander,False
1217603,SP2,2024,2024-10-20,racing ferrol,huesca,False
1217606,SP2,2024,2024-10-20,zaragoza,almeria,False
1217602,SP2,2024,2024-10-20,elche,sporting gijon,False
1217598,SP2,2024,2024-10-21,albacete,burgos,False
1217619,SP2,2024,2024-10-22,oviedo,mirandes,False
1217611,SP2,2024,2024-10-22,castellón,granada cf,False
1217614,SP2,2024,2024-10-23,eibar,cadiz,False
1217612,SP2,2024,2024-10-23,eldense,zaragoza,False
1217615,SP2,2024,2024-10-23,racing santander,cordoba,False
1217610,SP2,2024,2024-10-23,fc cartagena,elche,False
1217616,SP2,2024,2024-10-24,levante,deportivo la coruna,False
1217613,SP2,2024,2024-10-24,almeria,albacete,False
1217618,SP2,2024,2024-10-24,tenerife,malaga,False
1217617,SP2,2024,2024-10-24,sporting gijon,huesca,False
1217609,SP2,2024,2024-10-24,burgos,racing ferrol,False
1217621,SP2,2024,2024-10-26,cadiz,oviedo,False
1217628,SP2,2024,2024-10-26,mirandes,fc cartagena,False
1217622,SP2,2024,2024-10-26,cordoba,eldense,False
1217629,SP2,2024,2024-10-26,zaragoza,castellón,False
1217630,SP2,2024,2024-10-27,malaga,eibar,False
1217623,SP2,2024,2024-10-27,deportivo la coruna,racing santander,False
1217627,SP2,2024,2024-10-27,elche,burgos,False
1217620,SP2,2024,2024-10-27,albacete,sporting gijon,False
1217626,SP2,2024,2024-10-27,huesca,almeria,False
1217625,SP2,2024,2024-10-27,granada cf,levante,False
1217624,SP2,2024,2024-10-28,racing ferrol,tenerife,False
1217634,SP2,2024,2024-11-02,eibar,elche,False
1217639,SP2,2024,2024-11-02,sporting gijon,cadiz,False
1217632,SP2,2024,2024-11-02,fc cartagena,deportivo la coruna,False
1217640,SP2,2024,2024-11-02,zaragoza,granada cf,False
1217637,SP2,2024,2024-11-02,racing santander,albacete,False
1217638,SP2,2024,2024-11-03,oviedo,burgos,False
1217641,SP2,2024,2024-11-03,tenerife,mirandes,False
1217647,SP2,2024,2024-11-08,elche,almeria,False
1217648,SP2,2024,2024-11-09,mirandes,cadiz,False
1217651,SP2,2024,2024-11-09,granada cf,eldense,False
1217646,SP2,2024,2024-11-09,huesca,zaragoza,False
1217649,SP2,2024,2024-11-09,malaga,fc cartagena,False
1217650,SP2,2024,2024-11-10,cordoba,castellón,False
1217645,SP2,2024,2024-11-10,racing ferrol,racing santander,False
1217643,SP2,2024,2024-11-10,burgos,sporting gijon,False
1217642,SP2,2024,2024-11-10,albacete,oviedo,False
1217644,SP2,2024,2024-11-11,deportivo la coruna,eibar,False
1217657,SP2,2024,2024-11-16,eibar,racing ferrol,False
1217656,SP2,2024,2024-11-16,castellón,mirandes,False
1217659,SP2,2024,2024-11-16,eldense,albacete,False
1217661,SP2,2024,2024-11-16,levante,elche,False
1217660,SP2,2024,2024-11-16,racing santander,burgos,False
1217662,SP2,2024,2024-11-16,sporting gijon,granada cf,False
1217658,SP2,2024,2024-11-17,oviedo,tenerife,False
1217654,SP2,2024,2024-11-17,cadiz,cordoba,False
1217653,SP2,2024,2024-11-17,almeria,deportivo la coruna,False
1217655,SP2,2024,2024-11-17,fc cartagena,huesca,False
1217663,SP2,2024,2024-11-17,zaragoza,malaga,False
1217635,SP2,2024,2024-11-20,eldense,huesca,False
1217669,SP2,2024,2024-11-22,racing ferrol,levante,False
1217671,SP2,2024,2024-11-23,fc cartagena,almeria,False
1217672,SP2,2024,2024-11-23,granada cf,cadiz,False
1217666,SP2,2024,2024-11-23,cordoba,zaragoza,False
1217665,SP2,2024,2024-11-23,burgos,eibar,False
1217670,SP2,2024,2024-11-23,malaga,racing santander,False
1217664,SP2,2024,2024-11-24,albacete,tenerife,False
1217667,SP2,2024,2024-11-24,deportivo la coruna,sporting gijon,False
1217674,SP2,2024,2024-11-24,mirandes,eldense,False
1217673,SP2,2024,2024-11-24,huesca,castellón,False
1217668,SP2,2024,2024-11-24,elche,oviedo,False
1217631,SP2,2024,2024-11-26,almeria,cordoba,False
1217636,SP2,2024,2024-11-27,levante,malaga,False
1217633,SP2,2024,2024-11-27,castellón,racing ferrol,False
1217684,SP2,2024,2024-11-29,oviedo,huesca,False
1217675,SP2,2024,2024-11-30,almeria,granada cf,False
1217679,SP2,2024,2024-11-30,zaragoza,albacete,False
1217676,SP2,2024,2024-11-30,cadiz,deportivo la coruna,False
1217685,SP2,2024,2024-11-30,racing santander,mirandes,False
1217683,SP2,2024,2024-11-30,tenerife,elche,False
1217677,SP2,2024,2024-12-01,castellón,malaga,False
1217680,SP2,2024,2024-12-01,levante,burgos,False
1217678,SP2,2024,2024-12-01,eldense,racing ferrol,False
1217682,SP2,2024,2024-12-01,sporting gijon,cordoba,False
1217681,SP2,2024,2024-12-02,eibar,fc cartagena,False
1217696,SP2,2024,2024-12-06,mirandes,levante,False
1217694,SP2,2024,2024-12-07,elche,cadiz,False
1217692,SP2,2024,2024-12-07,granada cf,racing santander,False
1217690,SP2,2024,2024-12-07,deportivo la coruna,zaragoza,False
1217695,SP2,2024,2024-12-07,huesca,eibar,False
1217691,SP2,2024,2024-12-08,racing ferrol,oviedo,False
1217693,SP2,2024,2024-12-08,malaga,almeria,False
1217686,SP2,2024,2024-12-08,albacete,castellón,False
1217687,SP2,2024,2024-12-08,burgos,eldense,False
1217689,SP2,2024,2024-12-08,cordoba,tenerife,False
1217688,SP2,2024,2024-12-09,fc cartagena,sporting gijon,False
1217697,SP2,2024,2024-12-13,almeria,mirandes,False
1217702,SP2,2024,2024-12-14,levante,cordoba,False
1217700,SP2,2024,2024-12-14,cadiz,albacete,False
1217701,SP2,2024,2024-12-14,castellón,fc cartagena,False
1217699,SP2,2024,2024-12-14,eibar,zaragoza,False
1217704,SP2,2024,2024-12-14,eldense,elche,False
1217706,SP2,2024,2024-12-14,oviedo,granada cf,False
1217705,SP2,2024,2024-12-15,sporting gijon,racing ferrol,False
1217698,SP2,2024,2024-12-15,burgos,malaga,False
1217707,SP2,2024,2024-12-15,racing santander,huesca,False
1217715,SP2,2024,2024-12-17,granada cf,fc cartagena,False
1217708,SP2,2024,2024-12-17,albacete,levante,False
1217709,SP2,2024,2024-12-17,cordoba,eibar,False
1217718,SP2,2024,2024-12-17,zaragoza,oviedo,False
1217713,SP2,2024,2024-12-18,racing ferrol,almeria,False
1217717,SP2,2024,2024-12-18,malaga,eldense,False
1217712,SP2,2024,2024-12-18,mirandes,sporting gijon,False
1217714,SP2,2024,2024-12-19,cadiz,burgos,False
1217710,SP2,2024,2024-12-19,elche,racing santander,False
1217716,SP2,2024,2024-12-19,deportivo la coruna,castellón,False
1217711,SP2,2024,2024-12-19,huesca,tenerife,False
1217724,SP2,2024,2024-12-20,fc cartagena,albacete,False
1217723,SP2,2024,2024-12-21,eibar,granada cf,False
1217725,SP2,2024,2024-12-21,oviedo,cordoba,False
1217729,SP2,2024,2024-12-21,sporting gijon,malaga,False
1217727,SP2,2024,2024-12-21,zaragoza,racing ferrol,False
1217720,SP2,2024,2024-12-22,burgos,tenerife,False
1217721,SP2,2024,2024-12-22,castellón,elche,False
1217719,SP2,2024,2024-12-22,almeria,cadiz,False
1217726,SP2,2024,2024-12-22,racing santander,eldense,False
1217728,SP2,2024,2024-12-22,levante,huesca,False
1217722,SP2,2024,2024-12-22,deportivo la coruna,mirandes,False
1217652,SP2,2024,2025-01-07,tenerife,levante,False
1217736,SP2,2024,2025-01-10,granada cf,burgos,False
1217737,SP2,2024,2025-01-11,racing ferrol,fc cartagena,False
1217730,SP2,2024,2025-01-11,albacete,racing santander,False
1217733,SP2,2024,2025-01-11,huesca,mirandes,False
1217739,SP2,2024,2025-01-11,malaga,deportivo la coruna,False
1217738,SP2,2024,2025-01-11,tenerife,castellón,False
1217734,SP2,2024,2025-01-11,oviedo,sporting gijon,False
1217735,SP2,2024,2025-01-12,cordoba,almeria,False
1217731,SP2,2024,2025-01-12,cadiz,levante,False
1217732,SP2,2024,2025-01-12,elche,zaragoza,False
1217740,SP2,2024,2025-01-13,eldense,eibar,False
1217743,SP2,2024,2025-01-17,fc cartagena,oviedo,False
1217746,SP2,2024,2025-01-18,eldense,cadiz,False
1217745,SP2,2024,2025-01-18,eibar,albacete,False
1217747,SP2,2024,2025-01-18,sporting gijon,elche,False
1217749,SP2,2024,2025-01-18,levante,granada cf,False
1217742,SP2,2024,2025-01-19,burgos,deportivo la coruna,False
1217748,SP2,2024,2025-01-19,racing santander,racing ferrol,False
1217751,SP2,2024,2025-01-19,zaragoza,tenerife,False
1217744,SP2,2024,2025-01-19,castellón,cordoba,False
1217741,SP2,2024,2025-01-19,almeria,huesca,False
1217750,SP2,2024,2025-01-20,mirandes,malaga,False
1217761,SP2,2024,2025-01-24,elche,eibar,False
1217754,SP2,2024,2025-01-25,cordoba,racing santander,False
1217755,SP2,2024,2025-01-25,deportivo la coruna,levante,False
1217759,SP2,2024,2025-01-25,huesca,fc cartagena,False
1217762,SP2,2024,2025-01-25,tenerife,eldense,False
1217756,SP2,2024,2025-01-26,granada cf,sporting gijon,False
1217760,SP2,2024,2025-01-26,oviedo,castellón,False
1217752,SP2,2024,2025-01-26,albacete,almeria,False
1217757,SP2,2024,2025-01-26,malaga,zaragoza,False
1217753,SP2,2024,2025-01-27,cadiz,mirandes,False
1217703,SP2,2024,2025-01-29,tenerife,deportivo la coruna,False
1217766,SP2,2024,2025-01-31,eldense,granada cf,False
1217771,SP2,2024,2025-02-01,mirandes,elche,False
1217768,SP2,2024,2025-02-01,sporting gijon,burgos,False
1217763,SP2,2024,2025-02-01,almeria,oviedo,False
1217773,SP2,2024,2025-02-01,racing santander,malaga,False
1217765,SP2,2024,2025-02-02,castellón,huesca,False
1217770,SP2,2024,2025-02-02,eibar,deportivo la coruna,False
1217769,SP2,2024,2025-02-02,zaragoza,cadiz,False
1217764,SP2,2024,2025-02-02,fc cartagena,cordoba,False
1217767,SP2,2024,2025-02-02,tenerife,albacete,False
1217772,SP2,2024,2025-02-03,levante,racing ferrol,False
1217774,SP2,2024,2025-02-07,albacete,zaragoza,False
1217781,SP2,2024,2025-02-08,racing ferrol,castellón,False
1217779,SP2,2024,2025-02-08,granada cf,mirandes,False
1217784,SP2,2024,2025-02-08,malaga,levante,False
1217782,SP2,2024,2025-02-08,sporting gijon,eibar,False
1217778,SP2,2024,2025-02-09,elche,tenerife,False
1217777,SP2,2024,2025-02-09,cordoba,huesca,False
1217775,SP2,2024,2025-02-09,burgos,racing santander,False
1217780,SP2,2024,2025-02-09,deportivo la coruna,almeria,False
1217776,SP2,2024,2025-02-09,cadiz,fc cartagena,False
1217783,SP2,2024,2025-02-10,oviedo,eldense,False
1217794,SP2,2024,2025-02-14,mirandes,racing ferrol,False
1217787,SP2,2024,2025-02-15,castellón,eibar,False
1217786,SP2,2024,2025-02-15,fc cartagena,malaga,False
1217791,SP2,2024,2025-02-15,racing santander,cadiz,False
1217792,SP2,2024,2025-02-15,tenerife,cordoba,False
1217788,SP2,2024,2025-02-16,levante,sporting gijon,False
1217795,SP2,2024,2025-02-16,huesca,granada cf,False
1217793,SP2,2024,2025-02-16,eldense,deportivo la coruna,False
1217790,SP2,2024,2025-02-16,zaragoza,burgos,False
1217789,SP2,2024,2025-02-16,oviedo,albacete,False
1217785,SP2,2024,2025-02-17,almeria,elche,False
1217803,SP2,2024,2025-02-21,malaga,tenerife,False
1217806,SP2,2024,2025-02-22,racing ferrol,cordoba,False
1217800,SP2,2024,2025-02-22,eibar,racing santander,False
1217797,SP2,2024,2025-02-22,burgos,oviedo,False
1217801,SP2,2024,2025-02-22,granada cf,zaragoza,False
1217804,SP2,2024,2025-02-22,sporting gijon,almeria,False
1217799,SP2,2024,2025-02-23,deportivo la coruna,huesca,False
1217805,SP2,2024,2025-02-23,elche,fc cartagena,False
1217802,SP2,2024,2025-02-23,levante,mirandes,False
1217796,SP2,2024,2025-02-23,albacete,eldense,False
1217798,SP2,2024,2025-02-23,cadiz,castellón,False
1217809,SP2,2024,2025-02-28,fc cartagena,eibar,False
1217816,SP2,2024,2025-03-01,huesca,racing ferrol,False
1217813,SP2,2024,2025-03-01,castellón,burgos,False
1217817,SP2,2024,2025-03-01,zaragoza,sporting gijon,False
1217808,SP2,2024,2025-03-01,almeria,malaga,False
1217810,SP2,2024,2025-03-02,cordoba,granada cf,False
1217814,SP2,2024,2025-03-02,oviedo,deportivo la coruna,False
1217807,SP2,2024,2025-03-02,albacete,cadiz,False
1217811,SP2,2024,2025-03-02,eldense,levante,False
1217815,SP2,2024,2025-03-02,racing santander,elche,False
1217812,SP2,2024,2025-03-03,mirandes,tenerife,False
1217758,SP2,2024,2025-03-05,racing ferrol,burgos,False
1217820,SP2,2024,2025-03-07,eibar,almeria,False
1217824,SP2,2024,2025-03-07,deportivo la coruna,cordoba,False
1217818,SP2,2024,2025-03-08,mirandes,oviedo,False
1217828,SP2,2024,2025-03-08,sporting gijon,racing santander,False
1217823,SP2,2024,2025-03-08,elche,castellón,False
1217825,SP2,2024,2025-03-08,zaragoza,eldense,False
1217827,SP2,2024,2025-03-09,tenerife,huesca,False
1217821,SP2,2024,2025-03-09,malaga,cadiz,False
1217822,SP2,2024,2025-03-09,levante,fc cartagena,False
1217826,SP2,2024,2025-03-09,granada cf,racing ferrol,False
1217819,SP2,2024,2025-03-10,burgos,albacete,False
1217839,SP2,2024,2025-03-14,oviedo,elche,False
1217838,SP2,2024,2025-03-15,racing ferrol,eibar,False
1217829,SP2,2024,2025-03-15,albacete,malaga,False
1217837,SP2,2024,2025-03-15,fc cartagena,burgos,False
1217830,SP2,2024,2025-03-15,almeria,zaragoza,False
1217833,SP2,2024,2025-03-15,cordoba,sporting gijon,False
1217834,SP2,2024,2025-03-16,eldense,mirandes,False
1217835,SP2,2024,2025-03-16,huesca,levante,False
1217836,SP2,2024,2025-03-16,racing santander,tenerife,False
1217831,SP2,2024,2025-03-16,cadiz,granada cf,False
1217832,SP2,2024,2025-03-17,castellón,deportivo la coruna,False
1217845,SP2,2024,2025-03-21,burgos,almeria,False
1217841,SP2,2024,2025-03-22,elche,eldense,False
1217850,SP2,2024,2025-03-22,malaga,racing ferrol,False
1217843,SP2,2024,2025-03-22,mirandes,racing santander,False
1217842,SP2,2024,2025-03-22,granada cf,oviedo,False
1217848,SP2,2024,2025-03-23,levante,castellón,False
1217840,SP2,2024,2025-03-23,eibar,huesca,False
1217844,SP2,2024,2025-03-23,sporting gijon,albacete,False
1217847,SP2,2024,2025-03-23,deportivo la coruna,fc cartagena,False
1217846,SP2,2024,2025-03-23,tenerife,cadiz,False
1217849,SP2,2024,2025-03-24,zaragoza,cordoba,False
1217860,SP2,2024,2025-03-28,tenerife,granada cf,False
1217858,SP2,2024,2025-03-29,eldense,burgos,False
1217859,SP2,2024,2025-03-29,racing ferrol,deportivo la coruna,False
1217857,SP2,2024,2025-03-29,racing santander,zaragoza,False
1217854,SP2,2024,2025-03-29,fc cartagena,castellón,False
1217852,SP2,2024,2025-03-29,almeria,levante,False
1217855,SP2,2024,2025-03-30,cordoba,elche,False
1217861,SP2,2024,2025-03-30,oviedo,malaga,False
1217851,SP2,2024,2025-03-30,albacete,mirandes,False
1217856,SP2,2024,2025-03-30,huesca,sporting gijon,False
1217853,SP2,2024,2025-03-31,cadiz,eibar,False
1217868,SP2,2024,2025-04-04,castellón,albacete,False
1217864,SP2,2024,2025-04-05,eibar,oviedo,False
1217869,SP2,2024,2025-04-05,granada cf,almeria,False
1217863,SP2,2024,2025-04-05,fc cartagena,eldense,False
1217867,SP2,2024,2025-04-05,sporting gijon,tenerife,False
1217872,SP2,2024,2025-04-06,zaragoza,mirandes,False
1217866,SP2,2024,2025-04-06,levante,racing santander,False
1217871,SP2,2024,2025-04-06,malaga,cordoba,False
1217862,SP2,2024,2025-04-06,burgos,huesca,False
1217870,SP2,2024,2025-04-06,deportivo la coruna,cadiz,False
1217865,SP2,2024,2025-04-07,elche,racing ferrol,False
1217876,SP2,2024,2025-04-11,cordoba,levante,False
1217882,SP2,2024,2025-04-12,zaragoza,eibar,False
1217879,SP2,2024,2025-04-12,tenerife,burgos,False
1217875,SP2,2024,2025-04-12,cadiz,elche,False
1217883,SP2,2024,2025-04-12,oviedo,racing ferrol,False
1217873,SP2,2024,2025-04-13,albacete,granada cf,False
1217880,SP2,2024,2025-04-13,racing santander,castellón,False
1217881,SP2,2024,2025-04-13,mirandes,deportivo la coruna,False
1217877,SP2,2024,2025-04-13,eldense,sporting gijon,False
1217874,SP2,2024,2025-04-13,almeria,fc cartagena,False
1217878,SP2,2024,2025-04-14,huesca,malaga,False
1217894,SP2,2024,2025-04-18,sporting gijon,mirandes,False
1217892,SP2,2024,2025-04-18,castellón,almeria,False
1217893,SP2,2024,2025-04-19,racing ferrol,eldense,False
1217889,SP2,2024,2025-04-19,huesca,racing santander,False
1217890,SP2,2024,2025-04-19,levante,zaragoza,False
1217884,SP2,2024,2025-04-19,burgos,cadiz,False
1217885,SP2,2024,2025-04-20,fc cartagena,granada cf,False
1217886,SP2,2024,2025-04-20,cordoba,oviedo,False
1217891,SP2,2024,2025-04-20,elche,albacete,False
1217887,SP2,2024,2025-04-20,deportivo la coruna,tenerife,False
1217888,SP2,2024,2025-04-21,eibar,malaga,False
1217897,SP2,2024,2025-04-25,cadiz,sporting gijon,False
1217895,SP2,2024,2025-04-26,albacete,fc cartagena,False
1217905,SP2,2024,2025-04-26,oviedo,levante,False
1217900,SP2,2024,2025-04-26,eldense,cordoba,False
1217903,SP2,2024,2025-04-26,granada cf,elche,False
1217898,SP2,2024,2025-04-26,mirandes,burgos,False
1217901,SP2,2024,2025-04-27,racing santander,deportivo la coruna,False
1217899,SP2,2024,2025-04-27,malaga,castellón,False
1217902,SP2,2024,2025-04-27,tenerife,eibar,False
1217904,SP2,2024,2025-04-27,zaragoza,huesca,False
1217896,SP2,2024,2025-04-29,almeria,racing ferrol,False
1217915,SP2,2024,2025-05-02,cordoba,cadiz,False
1217912,SP2,2024,2025-05-03,huesca,oviedo,False
1217916,SP2,2024,2025-05-03,malaga,granada cf,False
1217910,SP2,2024,2025-05-03,eibar,mirandes,False
1217907,SP2,2024,2025-05-03,burgos,elche,False
1217913,SP2,2024,2025-05-04,levante,tenerife,False
1217911,SP2,2024,2025-05-04,racing ferrol,zaragoza,False
1217906,SP2,2024,2025-05-04,almeria,eldense,False
1217908,SP2,2024,2025-05-04,fc cartagena,racing santander,False
1217914,SP2,2024,2025-05-04,deportivo la coruna,albacete,False
1217909,SP2,2024,2025-05-05,castellón,sporting gijon,False
1217921,SP2,2024,2025-05-09,cadiz,almeria,False
1217924,SP2,2024,2025-05-10,sporting gijon,deportivo la coruna,False
1217923,SP2,2024,2025-05-10,mirandes,castellón,False
1217919,SP2,2024,2025-05-10,elche,levante,False
1217918,SP2,2024,2025-05-10,burgos,cordoba,False
1217922,SP2,2024,2025-05-10,zaragoza,fc cartagena,False
1217927,SP2,2024,2025-05-11,racing santander,oviedo,False
1217917,SP2,2024,2025-05-11,albacete,huesca,False
1217920,SP2,2024,2025-05-11,eldense,malaga,False
1217926,SP2,2024,2025-05-11,tenerife,racing ferrol,False
1217925,SP2,2024,2025-05-12,granada cf,eibar,False
1217935,SP2,2024,2025-05-16,levante,albacete,False
1217932,SP2,2024,2025-05-17,deportivo la coruna,granada cf,False
1217936,SP2,2024,2025-05-17,eibar,burgos,False
1217938,SP2,2024,2025-05-17,huesca,elche,False
1217929,SP2,2024,2025-05-17,fc cartagena,tenerife,False
1217933,SP2,2024,2025-05-17,malaga,sporting gijon,False
1217937,SP2,2024,2025-05-18,racing ferrol,cadiz,False
1217934,SP2,2024,2025-05-18,oviedo,zaragoza,False
1217930,SP2,2024,2025-05-18,castellón,eldense,False
1217928,SP2,2024,2025-05-18,almeria,racing santander,False
1217931,SP2,2024,2025-05-19,cordoba,mirandes,False
1217939,SP2,2024,2025-05-24,albacete,racing ferrol,False
1217947,SP2,2024,2025-05-25,eibar,cordoba,False
1217946,SP2,2024,2025-05-25,granada cf,castellón,False
1217949,SP2,2024,2025-05-25,tenerife,oviedo,False
1217941,SP2,2024,2025-05-25,cadiz,huesca,False
1217945,SP2,2024,2025-05-25,sporting gijon,fc cartagena,False
1217948,SP2,2024,2025-05-25,zaragoza,deportivo la coruna,False
1217942,SP2,2024,2025-05-25,elche,malaga,False
1217944,SP2,2024,2025-05-25,mirandes,almeria,False
1217940,SP2,2024,2025-05-25,burgos,levante,False
1217943,SP2,2024,2025-05-25,eldense,racing santander,False
1217952,SP2,2024,2025-05-30,castellón,zaragoza,False
1217954,SP2,2024,2025-05-31,racing ferrol,sporting gijon,False
1217956,SP2,2024,2025-05-31,malaga,burgos,False
1217958,SP2,2024,2025-06-01,levante,eibar,False
1217953,SP2,2024,2025-06-01,deportivo la coruna,elche,False
1217957,SP2,2024,2025-06-01,oviedo,cadiz,False
1217950,SP2,2024,2025-06-01,almeria,tenerife,False
1217959,SP2,2024,2025-06-01,huesca,eldense,False
1217960,SP2,2024,2025-06-01,racing santander,granada cf,False
1217951,SP2,2024,2025-06-01,fc cartagena,mirandes,False
1217955,SP2,2024,2025-06-01,cordoba,albacete,False
1377428,SP2,2024,2025-06-07,almeria,oviedo,False
1377430,SP2,2024,2025-06-08,racing santander,mirandes,False
1377429,SP2,2024,2025-06-11,oviedo,almeria,False
1377431,SP2,2024,2025-06-12,mirandes,racing santander,False
1378301,SP2,2024,2025-06-15,mirandes,oviedo,False
872862,D2,2022,2022-07-15,fc kaiserslautern,hannover 96,False
872868,D2,2022,2022-07-16,jahn regensburg,sv darmstadt 98,False
872863,D2,2022,2022-07-16,spvgg greuther furth,holstein kiel,False
872864,D2,2022,2022-07-16,fc st. pauli,fc nurnberg,False
872867,D2,2022,2022-07-16,sv sandhausen,arminia bielefeld,False
872869,D2,2022,2022-07-16,fc magdeburg,fortuna dusseldorf,False
872865,D2,2022,2022-07-17,sc paderborn 07,karlsruher sc,False
872870,D2,2022,2022-07-17,eintracht braunschweig,hamburger sv,False
872866,D2,2022,2022-07-17,hansa rostock,fc heidenheim,False
872877,D2,2022,2022-07-22,fortuna dusseldorf,sc paderborn 07,False
872873,D2,2022,2022-07-22,sv darmstadt 98,sv sandhausen,False
872875,D2,2022,2022-07-23,fc nurnberg,spvgg greuther furth,False
872874,D2,2022,2022-07-23,fc heidenheim,eintracht braunschweig,False
872876,D2,2022,2022-07-23,holstein kiel,fc kaiserslautern,False
872878,D2,2022,2022-07-23,hannover 96,fc st. pauli,False
872872,D2,2022,2022-07-24,hamburger sv,hansa rostock,False
872871,D2,2022,2022-07-24,arminia bielefeld,jahn regensburg,False
872879,D2,2022,2022-07-24,karlsruher sc,fc magdeburg,False
872880,D2,2022,2022-08-05,spvgg greuther furth,karlsruher sc,False
872884,D2,2022,2022-08-05,sv sandhausen,fortuna dusseldorf,False
872881,D2,2022,2022-08-06,hamburger sv,fc heidenheim,False
872885,D2,2022,2022-08-06,jahn regensburg,fc nurnberg,False
872882,D2,2022,2022-08-06,sc paderborn 07,hannover 96,False
872883,D2,2022,2022-08-06,hansa rostock,arminia bielefeld,False
872886,D2,2022,2022-08-07,fc magdeburg,holstein kiel,False
872887,D2,2022,2022-08-07,eintracht braunschweig,sv darmstadt 98,False
872888,D2,2022,2022-08-07,fc kaiserslautern,fc st. pauli,False
872892,D2,2022,2022-08-12,fc nurnberg,fc heidenheim,False
872897,D2,2022,2022-08-12,fc kaiserslautern,sc paderborn 07,False
872889,D2,2022,2022-08-13,arminia bielefeld,hamburger sv,False
872893,D2,2022,2022-08-13,holstein kiel,eintracht braunschweig,False
872896,D2,2022,2022-08-13,karlsruher sc,sv sandhausen,False
872890,D2,2022,2022-08-13,sv darmstadt 98,hansa rostock,False
872894,D2,2022,2022-08-14,fortuna dusseldorf,spvgg greuther furth,False
872895,D2,2022,2022-08-14,hannover 96,jahn regensburg,False
872891,D2,2022,2022-08-14,fc st. pauli,fc magdeburg,False
872899,D2,2022,2022-08-19,hamburger sv,sv darmstadt 98,False
872905,D2,2022,2022-08-19,fc magdeburg,hannover 96,False
872904,D2,2022,2022-08-20,jahn regensburg,karlsruher sc,False
872901,D2,2022,2022-08-20,sc paderborn 07,holstein kiel,False
872903,D2,2022,2022-08-20,sv sandhausen,fc nurnberg,False
872906,D2,2022,2022-08-20,eintracht braunschweig,fortuna dusseldorf,False
872898,D2,2022,2022-08-21,spvgg greuther furth,fc kaiserslautern,False
872900,D2,2022,2022-08-21,fc heidenheim,arminia bielefeld,False
872902,D2,2022,2022-08-21,hansa rostock,fc st. pauli,False
872912,D2,2022,2022-08-26,fortuna dusseldorf,jahn regensburg,False
872907,D2,2022,2022-08-26,arminia bielefeld,eintracht braunschweig,False
872908,D2,2022,2022-08-27,sv darmstadt 98,fc heidenheim,False
872909,D2,2022,2022-08-27,fc st. pauli,sc paderborn 07,False
872914,D2,2022,2022-08-27,karlsruher sc,hansa rostock,False
872910,D2,2022,2022-08-27,fc nurnberg,hamburger sv,False
872913,D2,2022,2022-08-28,hannover 96,spvgg greuther furth,False
872911,D2,2022,2022-08-28,holstein kiel,sv sandhausen,False
872915,D2,2022,2022-08-28,fc kaiserslautern,fc magdeburg,False
872919,D2,2022,2022-09-02,fc heidenheim,fortuna dusseldorf,False
872924,D2,2022,2022-09-02,eintracht braunschweig,fc nurnberg,False
872923,D2,2022,2022-09-03,jahn regensburg,holstein kiel,False
872916,D2,2022,2022-09-03,spvgg greuther furth,fc st. pauli,False
872920,D2,2022,2022-09-03,sc paderborn 07,fc magdeburg,False
872917,D2,2022,2022-09-03,hamburger sv,karlsruher sc,False
872918,D2,2022,2022-09-04,sv darmstadt 98,arminia bielefeld,False
872922,D2,2022,2022-09-04,sv sandhausen,fc kaiserslautern,False
872921,D2,2022,2022-09-04,hansa rostock,hannover 96,False
872927,D2,2022,2022-09-09,fc nurnberg,arminia bielefeld,False
872928,D2,2022,2022-09-09,holstein kiel,hamburger sv,False
872930,D2,2022,2022-09-10,hannover 96,eintracht braunschweig,False
872926,D2,2022,2022-09-10,sc paderborn 07,jahn regensburg,False
872931,D2,2022,2022-09-10,karlsruher sc,fc heidenheim,False
872929,D2,2022,2022-09-10,fortuna dusseldorf,hansa rostock,False
872932,D2,2022,2022-09-11,fc magdeburg,spvgg greuther furth,False
872925,D2,2022,2022-09-11,fc st. pauli,sv sandhausen,False
872933,D2,2022,2022-09-11,fc kaiserslautern,sv darmstadt 98,False
872940,D2,2022,2022-09-16,sv sandhausen,hannover 96,False
872942,D2,2022,2022-09-16,eintracht braunschweig,karlsruher sc,False
872937,D2,2022,2022-09-17,sv darmstadt 98,fc nurnberg,False
872934,D2,2022,2022-09-17,arminia bielefeld,holstein kiel,False
872939,D2,2022,2022-09-17,hansa rostock,fc magdeburg,False
872936,D2,2022,2022-09-17,hamburger sv,fortuna dusseldorf,False
872941,D2,2022,2022-09-18,jahn regensburg,fc st. pauli,False
872935,D2,2022,2022-09-18,spvgg greuther furth,sc paderborn 07,False
872938,D2,2022,2022-09-18,fc heidenheim,fc kaiserslautern,False
872948,D2,2022,2022-09-30,hannover 96,hamburger sv,False
872945,D2,2022,2022-09-30,sc paderborn 07,sv darmstadt 98,False
872947,D2,2022,2022-10-01,fortuna dusseldorf,arminia bielefeld,False
872943,D2,2022,2022-10-01,spvgg greuther furth,sv sandhausen,False
872946,D2,2022,2022-10-01,holstein kiel,hansa rostock,False
872944,D2,2022,2022-10-01,fc st. pauli,fc heidenheim,False
872950,D2,2022,2022-10-02,fc magdeburg,jahn regensburg,False
872951,D2,2022,2022-10-02,fc kaiserslautern,eintracht braunschweig,False
872949,D2,2022,2022-10-02,karlsruher sc,fc nurnberg,False
872959,D2,2022,2022-10-07,jahn regensburg,spvgg greuther furth,False
872952,D2,2022,2022-10-07,arminia bielefeld,karlsruher sc,False
872954,D2,2022,2022-10-08,sv darmstadt 98,fortuna dusseldorf,False
872960,D2,2022,2022-10-08,eintracht braunschweig,fc st. pauli,False
872957,D2,2022,2022-10-08,hansa rostock,sc paderborn 07,False
872953,D2,2022,2022-10-08,hamburger sv,fc kaiserslautern,False
872956,D2,2022,2022-10-09,fc nurnberg,holstein kiel,False
872955,D2,2022,2022-10-09,fc heidenheim,hannover 96,False
872958,D2,2022,2022-10-09,sv sandhausen,fc magdeburg,False
872961,D2,2022,2022-10-14,spvgg greuther furth,hansa rostock,False
872962,D2,2022,2022-10-14,fc st. pauli,hamburger sv,False
872965,D2,2022,2022-10-15,fortuna dusseldorf,fc nurnberg,False
872968,D2,2022,2022-10-15,fc magdeburg,eintracht braunschweig,False
872967,D2,2022,2022-10-15,karlsruher sc,sv darmstadt 98,False
872966,D2,2022,2022-10-15,hannover 96,arminia bielefeld,False
872963,D2,2022,2022-10-16,sc paderborn 07,sv sandhausen,False
872964,D2,2022,2022-10-16,holstein kiel,fc heidenheim,False
872969,D2,2022,2022-10-16,fc kaiserslautern,jahn regensburg,False
872972,D2,2022,2022-10-21,sv darmstadt 98,holstein kiel,False
872976,D2,2022,2022-10-21,hansa rostock,fc kaiserslautern,False
872974,D2,2022,2022-10-22,fc nurnberg,hannover 96,False
872977,D2,2022,2022-10-22,jahn regensburg,sv sandhausen,False
872978,D2,2022,2022-10-22,eintracht braunschweig,sc paderborn 07,False
872970,D2,2022,2022-10-22,arminia bielefeld,fc st. pauli,False
872971,D2,2022,2022-10-23,hamburger sv,fc magdeburg,False
872973,D2,2022,2022-10-23,fc heidenheim,spvgg greuther furth,False
872975,D2,2022,2022-10-23,karlsruher sc,fortuna dusseldorf,False
872979,D2,2022,2022-10-28,spvgg greuther furth,arminia bielefeld,False
872986,D2,2022,2022-10-28,fc magdeburg,fc heidenheim,False
872985,D2,2022,2022-10-29,jahn regensburg,hansa rostock,False
872982,D2,2022,2022-10-29,holstein kiel,fortuna dusseldorf,False
872987,D2,2022,2022-10-29,fc kaiserslautern,fc nurnberg,False
872980,D2,2022,2022-10-29,fc st. pauli,sv darmstadt 98,False
872983,D2,2022,2022-10-30,hannover 96,karlsruher sc,False
872981,D2,2022,2022-10-30,sc paderborn 07,hamburger sv,False
872984,D2,2022,2022-10-30,sv sandhausen,eintracht braunschweig,False
872990,D2,2022,2022-11-04,sv darmstadt 98,hannover 96,False
872995,D2,2022,2022-11-04,hansa rostock,sv sandhausen,False
872993,D2,2022,2022-11-05,fortuna dusseldorf,fc st. pauli,False
872991,D2,2022,2022-11-05,fc heidenheim,sc paderborn 07,False
872994,D2,2022,2022-11-05,karlsruher sc,holstein kiel,False
872988,D2,2022,2022-11-05,arminia bielefeld,fc kaiserslautern,False
872992,D2,2022,2022-11-06,fc nurnberg,fc magdeburg,False
872989,D2,2022,2022-11-06,hamburger sv,jahn regensburg,False
872996,D2,2022,2022-11-06,eintracht braunschweig,spvgg greuther furth,False
873000,D2,2022,2022-11-08,hannover 96,fortuna dusseldorf,False
872999,D2,2022,2022-11-08,sc paderborn 07,arminia bielefeld,False
872998,D2,2022,2022-11-08,fc st. pauli,holstein kiel,False
873005,D2,2022,2022-11-08,fc kaiserslautern,karlsruher sc,False
873003,D2,2022,2022-11-09,jahn regensburg,eintracht braunschweig,False
872997,D2,2022,2022-11-09,spvgg greuther furth,hamburger sv,False
873002,D2,2022,2022-11-09,sv sandhausen,fc heidenheim,False
873001,D2,2022,2022-11-09,hansa rostock,fc nurnberg,False
873004,D2,2022,2022-11-10,fc magdeburg,sv darmstadt 98,False
873012,D2,2022,2022-11-11,fortuna dusseldorf,fc kaiserslautern,False
873011,D2,2022,2022-11-11,holstein kiel,hannover 96,False
873007,D2,2022,2022-11-12,hamburger sv,sv sandhausen,False
873009,D2,2022,2022-11-12,fc heidenheim,jahn regensburg,False
873013,D2,2022,2022-11-12,karlsruher sc,fc st. pauli,False
873014,D2,2022,2022-11-12,eintracht braunschweig,hansa rostock,False
873010,D2,2022,2022-11-13,fc nurnberg,sc paderborn 07,False
873008,D2,2022,2022-11-13,sv darmstadt 98,spvgg greuther furth,False
873006,D2,2022,2022-11-13,arminia bielefeld,fc magdeburg,False
873021,D2,2022,2023-01-27,fortuna dusseldorf,fc magdeburg,False
873023,D2,2022,2023-01-27,karlsruher sc,sc paderborn 07,False
873018,D2,2022,2023-01-28,fc heidenheim,hansa rostock,False
873017,D2,2022,2023-01-28,sv darmstadt 98,jahn regensburg,False
873020,D2,2022,2023-01-28,holstein kiel,spvgg greuther furth,False
873022,D2,2022,2023-01-28,hannover 96,fc kaiserslautern,False
873019,D2,2022,2023-01-29,fc nurnberg,fc st. pauli,False
873016,D2,2022,2023-01-29,hamburger sv,eintracht braunschweig,False
873015,D2,2022,2023-01-29,arminia bielefeld,sv sandhausen,False
873026,D2,2022,2023-02-03,sc paderborn 07,fortuna dusseldorf,False
873028,D2,2022,2023-02-03,sv sandhausen,sv darmstadt 98,False
873029,D2,2022,2023-02-04,jahn regensburg,arminia bielefeld,False
873031,D2,2022,2023-02-04,eintracht braunschweig,fc heidenheim,False
873032,D2,2022,2023-02-04,fc kaiserslautern,holstein kiel,False
873024,D2,2022,2023-02-04,spvgg greuther furth,fc nurnberg,False
873030,D2,2022,2023-02-05,fc magdeburg,karlsruher sc,False
873025,D2,2022,2023-02-05,fc st. pauli,hannover 96,False
873027,D2,2022,2023-02-05,hansa rostock,hamburger sv,False
873033,D2,2022,2023-02-10,arminia bielefeld,hansa rostock,False
873041,D2,2022,2023-02-10,karlsruher sc,spvgg greuther furth,False
873040,D2,2022,2023-02-11,hannover 96,sc paderborn 07,False
873037,D2,2022,2023-02-11,fc nurnberg,jahn regensburg,False
873038,D2,2022,2023-02-11,holstein kiel,fc magdeburg,False
873036,D2,2022,2023-02-11,fc heidenheim,hamburger sv,False
873039,D2,2022,2023-02-12,fortuna dusseldorf,sv sandhausen,False
873034,D2,2022,2023-02-12,sv darmstadt 98,eintracht braunschweig,False
873035,D2,2022,2023-02-12,fc st. pauli,fc kaiserslautern,False
873045,D2,2022,2023-02-17,sc paderborn 07,fc kaiserslautern,False
873050,D2,2022,2023-02-17,eintracht braunschweig,holstein kiel,False
873048,D2,2022,2023-02-18,jahn regensburg,hannover 96,False
873042,D2,2022,2023-02-18,spvgg greuther furth,fortuna dusseldorf,False
873049,D2,2022,2023-02-18,fc magdeburg,fc st. pauli,False
873046,D2,2022,2023-02-18,hansa rostock,sv darmstadt 98,False
873043,D2,2022,2023-02-19,hamburger sv,arminia bielefeld,False
873044,D2,2022,2023-02-19,fc heidenheim,fc nurnberg,False
873047,D2,2022,2023-02-19,sv sandhausen,karlsruher sc,False
873056,D2,2022,2023-02-24,fortuna dusseldorf,eintracht braunschweig,False
873058,D2,2022,2023-02-24,karlsruher sc,jahn regensburg,False
873054,D2,2022,2023-02-25,fc nurnberg,sv sandhausen,False
873055,D2,2022,2023-02-25,holstein kiel,sc paderborn 07,False
873059,D2,2022,2023-02-25,fc kaiserslautern,spvgg greuther furth,False
873052,D2,2022,2023-02-25,sv darmstadt 98,hamburger sv,False
873057,D2,2022,2023-02-26,hannover 96,fc magdeburg,False
873053,D2,2022,2023-02-26,fc st. pauli,hansa rostock,False
873051,D2,2022,2023-02-26,arminia bielefeld,fc heidenheim,False
873067,D2,2022,2023-03-03,fc magdeburg,fc kaiserslautern,False
873063,D2,2022,2023-03-03,sc paderborn 07,fc st. pauli,False
873061,D2,2022,2023-03-04,hamburger sv,fc nurnberg,False
873066,D2,2022,2023-03-04,jahn regensburg,fortuna dusseldorf,False
873065,D2,2022,2023-03-04,sv sandhausen,holstein kiel,False
873062,D2,2022,2023-03-04,fc heidenheim,sv darmstadt 98,False
873060,D2,2022,2023-03-05,spvgg greuther furth,hannover 96,False
873068,D2,2022,2023-03-05,eintracht braunschweig,arminia bielefeld,False
873064,D2,2022,2023-03-05,hansa rostock,karlsruher sc,False
873071,D2,2022,2023-03-10,fc nurnberg,eintracht braunschweig,False
873077,D2,2022,2023-03-10,fc kaiserslautern,sv sandhausen,False
873076,D2,2022,2023-03-11,fc magdeburg,sc paderborn 07,False
873070,D2,2022,2023-03-11,fc st. pauli,spvgg greuther furth,False
873069,D2,2022,2023-03-11,arminia bielefeld,sv darmstadt 98,False
873073,D2,2022,2023-03-11,fortuna dusseldorf,fc heidenheim,False
873074,D2,2022,2023-03-12,hannover 96,hansa rostock,False
873072,D2,2022,2023-03-12,holstein kiel,jahn regensburg,False
873075,D2,2022,2023-03-12,karlsruher sc,hamburger sv,False
873082,D2,2022,2023-03-17,fc heidenheim,karlsruher sc,False
873078,D2,2022,2023-03-17,arminia bielefeld,fc nurnberg,False
873080,D2,2022,2023-03-18,hamburger sv,holstein kiel,False
873085,D2,2022,2023-03-18,jahn regensburg,sc paderborn 07,False
873079,D2,2022,2023-03-18,spvgg greuther furth,fc magdeburg,False
873081,D2,2022,2023-03-18,sv darmstadt 98,fc kaiserslautern,False
873084,D2,2022,2023-03-19,sv sandhausen,fc st. pauli,False
873086,D2,2022,2023-03-19,eintracht braunschweig,hannover 96,False
873083,D2,2022,2023-03-19,hansa rostock,fortuna dusseldorf,False
873091,D2,2022,2023-03-31,fortuna dusseldorf,hamburger sv,False
873089,D2,2022,2023-03-31,fc nurnberg,sv darmstadt 98,False
873092,D2,2022,2023-04-01,hannover 96,sv sandhausen,False
873087,D2,2022,2023-04-01,fc st. pauli,jahn regensburg,False
873093,D2,2022,2023-04-01,karlsruher sc,eintracht braunschweig,False
873095,D2,2022,2023-04-01,fc kaiserslautern,fc heidenheim,False
873094,D2,2022,2023-04-02,fc magdeburg,hansa rostock,False
873088,D2,2022,2023-04-02,sc paderborn 07,spvgg greuther furth,False
873090,D2,2022,2023-04-02,holstein kiel,arminia bielefeld,False
873100,D2,2022,2023-04-08,fc nurnberg,karlsruher sc,False
873097,D2,2022,2023-04-08,hamburger sv,hannover 96,False
873104,D2,2022,2023-04-08,eintracht braunschweig,fc kaiserslautern,False
873099,D2,2022,2023-04-08,fc heidenheim,fc st. pauli,False
873103,D2,2022,2023-04-09,jahn regensburg,fc magdeburg,False
873098,D2,2022,2023-04-09,sv darmstadt 98,sc paderborn 07,False
873096,D2,2022,2023-04-09,arminia bielefeld,fortuna dusseldorf,False
873102,D2,2022,2023-04-09,sv sandhausen,spvgg greuther furth,False
873101,D2,2022,2023-04-09,hansa rostock,holstein kiel,False
873110,D2,2022,2023-04-14,hannover 96,fc heidenheim,False
873105,D2,2022,2023-04-14,spvgg greuther furth,jahn regensburg,False
873112,D2,2022,2023-04-15,fc magdeburg,sv sandhausen,False
873107,D2,2022,2023-04-15,sc paderborn 07,hansa rostock,False
873108,D2,2022,2023-04-15,holstein kiel,fc nurnberg,False
873113,D2,2022,2023-04-15,fc kaiserslautern,hamburger sv,False
873109,D2,2022,2023-04-16,fortuna dusseldorf,sv darmstadt 98,False
873106,D2,2022,2023-04-16,fc st. pauli,eintracht braunschweig,False
873111,D2,2022,2023-04-16,karlsruher sc,arminia bielefeld,False
873115,D2,2022,2023-04-21,hamburger sv,fc st. pauli,False
873116,D2,2022,2023-04-21,sv darmstadt 98,karlsruher sc,False
873118,D2,2022,2023-04-22,fc nurnberg,fortuna dusseldorf,False
873114,D2,2022,2023-04-22,arminia bielefeld,hannover 96,False
873119,D2,2022,2023-04-22,hansa rostock,spvgg greuther furth,False
873122,D2,2022,2023-04-22,eintracht braunschweig,fc magdeburg,False
873121,D2,2022,2023-04-23,jahn regensburg,fc kaiserslautern,False
873117,D2,2022,2023-04-23,fc heidenheim,holstein kiel,False
873120,D2,2022,2023-04-23,sv sandhausen,sc paderborn 07,False
873123,D2,2022,2023-04-28,spvgg greuther furth,fc heidenheim,False
873125,D2,2022,2023-04-28,sc paderborn 07,eintracht braunschweig,False
873130,D2,2022,2023-04-29,fc magdeburg,hamburger sv,False
873124,D2,2022,2023-04-29,fc st. pauli,arminia bielefeld,False
873131,D2,2022,2023-04-29,fc kaiserslautern,hansa rostock,False
873128,D2,2022,2023-04-29,hannover 96,fc nurnberg,False
873127,D2,2022,2023-04-30,fortuna dusseldorf,karlsruher sc,False
873129,D2,2022,2023-04-30,sv sandhausen,jahn regensburg,False
873126,D2,2022,2023-04-30,holstein kiel,sv darmstadt 98,False
873133,D2,2022,2023-05-05,hamburger sv,sc paderborn 07,False
873132,D2,2022,2023-05-05,arminia bielefeld,spvgg greuther furth,False
873137,D2,2022,2023-05-06,fortuna dusseldorf,holstein kiel,False
873138,D2,2022,2023-05-06,karlsruher sc,hannover 96,False
873139,D2,2022,2023-05-06,hansa rostock,jahn regensburg,False
873134,D2,2022,2023-05-06,sv darmstadt 98,fc st. pauli,False
873136,D2,2022,2023-05-07,fc nurnberg,fc kaiserslautern,False
873135,D2,2022,2023-05-07,fc heidenheim,fc magdeburg,False
873140,D2,2022,2023-05-07,eintracht braunschweig,sv sandhausen,False
873148,D2,2022,2023-05-12,fc magdeburg,fc nurnberg,False
873146,D2,2022,2023-05-12,sv sandhausen,hansa rostock,False
873141,D2,2022,2023-05-13,spvgg greuther furth,eintracht braunschweig,False
873144,D2,2022,2023-05-13,holstein kiel,karlsruher sc,False
873149,D2,2022,2023-05-13,fc kaiserslautern,arminia bielefeld,False
873142,D2,2022,2023-05-13,fc st. pauli,fortuna dusseldorf,False
873145,D2,2022,2023-05-14,hannover 96,sv darmstadt 98,False
873147,D2,2022,2023-05-14,jahn regensburg,hamburger sv,False
873143,D2,2022,2023-05-14,sc paderborn 07,fc heidenheim,False
873152,D2,2022,2023-05-19,sv darmstadt 98,fc magdeburg,False
873155,D2,2022,2023-05-19,holstein kiel,fc st. pauli,False
873153,D2,2022,2023-05-20,fc heidenheim,sv sandhausen,False
873150,D2,2022,2023-05-20,arminia bielefeld,sc paderborn 07,False
873158,D2,2022,2023-05-20,eintracht braunschweig,jahn regensburg,False
873151,D2,2022,2023-05-20,hamburger sv,spvgg greuther furth,False
873156,D2,2022,2023-05-21,fortuna dusseldorf,hannover 96,False
873154,D2,2022,2023-05-21,fc nurnberg,hansa rostock,False
873157,D2,2022,2023-05-21,karlsruher sc,fc kaiserslautern,False
873162,D2,2022,2023-05-28,hannover 96,holstein kiel,False
873165,D2,2022,2023-05-28,jahn regensburg,fc heidenheim,False
873159,D2,2022,2023-05-28,spvgg greuther furth,sv darmstadt 98,False
873166,D2,2022,2023-05-28,fc magdeburg,arminia bielefeld,False
873161,D2,2022,2023-05-28,sc paderborn 07,fc nurnberg,False
873160,D2,2022,2023-05-28,fc st. pauli,karlsruher sc,False
873164,D2,2022,2023-05-28,sv sandhausen,hamburger sv,False
873167,D2,2022,2023-05-28,fc kaiserslautern,fortuna dusseldorf,False
873163,D2,2022,2023-05-28,hansa rostock,eintracht braunschweig,False
1029216,D2,2022,2023-06-02,sv wehen,arminia bielefeld,False
1029217,D2,2022,2023-06-06,arminia bielefeld,sv wehen,False
1048575,D2,2023,2023-07-28,hamburger sv,fc schalke 04,False
1048578,D2,2023,2023-07-29,hannover 96,sv elversberg,False
1048577,D2,2023,2023-07-29,fc kaiserslautern,fc st. pauli,False
1048583,D2,2023,2023-07-29,sv wehen,fc magdeburg,False
1048582,D2,2023,2023-07-29,vfl osnabruck,karlsruher sc,False
1048576,D2,2023,2023-07-29,fortuna dusseldorf,hertha berlin,False
1048579,D2,2023,2023-07-30,spvgg greuther furth,sc paderborn 07,False
1048581,D2,2023,2023-07-30,eintracht braunschweig,holstein kiel,False
1048580,D2,2023,2023-07-30,hansa rostock,fc nurnberg,False
1048585,D2,2023,2023-08-04,hertha berlin,sv wehen,False
1048587,D2,2023,2023-08-04,sc paderborn 07,vfl osnabruck,False
1048586,D2,2023,2023-08-05,fc st. pauli,fortuna dusseldorf,False
1048589,D2,2023,2023-08-05,holstein kiel,spvgg greuther furth,False
1048592,D2,2023,2023-08-05,sv elversberg,hansa rostock,False
1048584,D2,2023,2023-08-05,fc schalke 04,fc kaiserslautern,False
1048591,D2,2023,2023-08-06,fc nurnberg,hannover 96,False
1048590,D2,2023,2023-08-06,fc magdeburg,eintracht braunschweig,False
1048588,D2,2023,2023-08-06,karlsruher sc,hamburger sv,False
1048596,D2,2023,2023-08-18,fc kaiserslautern,sv elversberg,False
1048601,D2,2023,2023-08-18,sv wehen,karlsruher sc,False
1048594,D2,2023,2023-08-19,fortuna dusseldorf,sc paderborn 07,False
1048597,D2,2023,2023-08-19,spvgg greuther furth,fc st. pauli,False
1048598,D2,2023,2023-08-19,hansa rostock,hannover 96,False
1048593,D2,2023,2023-08-19,hamburger sv,hertha berlin,False
1048595,D2,2023,2023-08-20,holstein kiel,fc magdeburg,False
1048599,D2,2023,2023-08-20,eintracht braunschweig,fc schalke 04,False
1048600,D2,2023,2023-08-20,vfl osnabruck,fc nurnberg,False
1048602,D2,2023,2023-08-25,fc schalke 04,holstein kiel,False
1048605,D2,2023,2023-08-25,sc paderborn 07,fc kaiserslautern,False
1048603,D2,2023,2023-08-26,hertha berlin,spvgg greuther furth,False
1048608,D2,2023,2023-08-26,hansa rostock,vfl osnabruck,False
1048610,D2,2023,2023-08-26,sv elversberg,fortuna dusseldorf,False
1048607,D2,2023,2023-08-26,hannover 96,hamburger sv,False
1048609,D2,2023,2023-08-27,fc nurnberg,sv wehen,False
1048604,D2,2023,2023-08-27,fc st. pauli,fc magdeburg,False
1048606,D2,2023,2023-08-27,karlsruher sc,eintracht braunschweig,False
1048612,D2,2023,2023-09-01,fortuna dusseldorf,karlsruher sc,False
1048617,D2,2023,2023-09-01,eintracht braunschweig,fc st. pauli,False
1048615,D2,2023,2023-09-02,fc magdeburg,hertha berlin,False
1048613,D2,2023,2023-09-02,holstein kiel,sc paderborn 07,False
1048619,D2,2023,2023-09-02,sv wehen,fc schalke 04,False
1048614,D2,2023,2023-09-02,fc kaiserslautern,fc nurnberg,False
1048611,D2,2023,2023-09-03,hamburger sv,hansa rostock,False
1048616,D2,2023,2023-09-03,spvgg greuther furth,hannover 96,False
1048618,D2,2023,2023-09-03,vfl osnabruck,sv elversberg,False
1048627,D2,2023,2023-09-15,fc nurnberg,spvgg greuther furth,False
1048623,D2,2023,2023-09-15,sc paderborn 07,sv wehen,False
1048624,D2,2023,2023-09-16,karlsruher sc,fc kaiserslautern,False
1048626,D2,2023,2023-09-16,hansa rostock,fortuna dusseldorf,False
1048628,D2,2023,2023-09-16,sv elversberg,hamburger sv,False
1048620,D2,2023,2023-09-16,fc schalke 04,fc magdeburg,False
1048621,D2,2023,2023-09-17,hertha berlin,eintracht braunschweig,False
1048625,D2,2023,2023-09-17,hannover 96,vfl osnabruck,False
1048622,D2,2023,2023-09-17,fc st. pauli,holstein kiel,False
1048633,D2,2023,2023-09-22,fc magdeburg,sc paderborn 07,False
1048636,D2,2023,2023-09-22,vfl osnabruck,hamburger sv,False
1048634,D2,2023,2023-09-23,spvgg greuther furth,karlsruher sc,False
1048635,D2,2023,2023-09-23,eintracht braunschweig,fc nurnberg,False
1048637,D2,2023,2023-09-23,sv wehen,sv elversberg,False
1048630,D2,2023,2023-09-23,fc st. pauli,fc schalke 04,False
1048629,D2,2023,2023-09-24,fortuna dusseldorf,hannover 96,False
1048631,D2,2023,2023-09-24,holstein kiel,hertha berlin,False
1048632,D2,2023,2023-09-24,fc kaiserslautern,hansa rostock,False
1048639,D2,2023,2023-09-29,hamburger sv,fortuna dusseldorf,False
1048640,D2,2023,2023-09-29,sc paderborn 07,fc schalke 04,False
1048642,D2,2023,2023-09-30,hannover 96,sv wehen,False
1048641,D2,2023,2023-09-30,karlsruher sc,holstein kiel,False
1048643,D2,2023,2023-09-30,hansa rostock,eintracht braunschweig,False
1048638,D2,2023,2023-09-30,hertha berlin,fc st. pauli,False
1048644,D2,2023,2023-10-01,fc nurnberg,fc magdeburg,False
1048646,D2,2023,2023-10-01,vfl osnabruck,fc kaiserslautern,False
1048645,D2,2023,2023-10-01,sv elversberg,spvgg greuther furth,False
1048648,D2,2023,2023-10-06,fortuna dusseldorf,vfl osnabruck,False
1048651,D2,2023,2023-10-06,fc kaiserslautern,hannover 96,False
1048653,D2,2023,2023-10-07,spvgg greuther furth,hansa rostock,False
1048652,D2,2023,2023-10-07,fc magdeburg,karlsruher sc,False
1048655,D2,2023,2023-10-07,sv wehen,hamburger sv,False
1048649,D2,2023,2023-10-07,fc st. pauli,fc nurnberg,False
1048647,D2,2023,2023-10-08,fc schalke 04,hertha berlin,False
1048650,D2,2023,2023-10-08,holstein kiel,sv elversberg,False
1048654,D2,2023,2023-10-08,eintracht braunschweig,sc paderborn 07,False
1048660,D2,2023,2023-10-20,hannover 96,fc magdeburg,False
1048663,D2,2023,2023-10-20,sv elversberg,eintracht braunschweig,False
1048656,D2,2023,2023-10-21,hamburger sv,spvgg greuther furth,False
1048658,D2,2023,2023-10-21,sc paderborn 07,fc st. pauli,False
1048664,D2,2023,2023-10-21,vfl osnabruck,sv wehen,False
1048657,D2,2023,2023-10-21,fortuna dusseldorf,fc kaiserslautern,False
1048662,D2,2023,2023-10-22,fc nurnberg,hertha berlin,False
1048659,D2,2023,2023-10-22,karlsruher sc,fc schalke 04,False
1048661,D2,2023,2023-10-22,hansa rostock,holstein kiel,False
1048671,D2,2023,2023-10-27,spvgg greuther furth,vfl osnabruck,False
1048672,D2,2023,2023-10-27,eintracht braunschweig,fortuna dusseldorf,False
1048666,D2,2023,2023-10-28,hertha berlin,sc paderborn 07,False
1048665,D2,2023,2023-10-28,fc schalke 04,hannover 96,False
1048667,D2,2023,2023-10-28,fc st. pauli,karlsruher sc,False
1048669,D2,2023,2023-10-28,fc kaiserslautern,hamburger sv,False
1048670,D2,2023,2023-10-29,fc magdeburg,sv elversberg,False
1048668,D2,2023,2023-10-29,holstein kiel,fc nurnberg,False
1048673,D2,2023,2023-10-29,sv wehen,hansa rostock,False
1048675,D2,2023,2023-11-03,fortuna dusseldorf,sv wehen,False
1048681,D2,2023,2023-11-03,sv elversberg,fc st. pauli,False
1048680,D2,2023,2023-11-04,fc nurnberg,fc schalke 04,False
1048677,D2,2023,2023-11-04,fc kaiserslautern,spvgg greuther furth,False
1048682,D2,2023,2023-11-04,vfl osnabruck,holstein kiel,False
1048674,D2,2023,2023-11-04,hamburger sv,fc magdeburg,False
1048678,D2,2023,2023-11-05,hannover 96,eintracht braunschweig,False
1048676,D2,2023,2023-11-05,karlsruher sc,sc paderborn 07,False
1048679,D2,2023,2023-11-05,hansa rostock,hertha berlin,False
1048683,D2,2023,2023-11-10,fc schalke 04,sv elversberg,False
1048685,D2,2023,2023-11-10,fc st. pauli,hannover 96,False
1048686,D2,2023,2023-11-11,sc paderborn 07,fc nurnberg,False
1048687,D2,2023,2023-11-11,holstein kiel,hamburger sv,False
1048690,D2,2023,2023-11-11,eintracht braunschweig,vfl osnabruck,False
1048684,D2,2023,2023-11-11,hertha berlin,karlsruher sc,False
1048689,D2,2023,2023-11-12,spvgg greuther furth,fortuna dusseldorf,False
1048688,D2,2023,2023-11-12,fc magdeburg,hansa rostock,False
1048691,D2,2023,2023-11-12,sv wehen,fc kaiserslautern,False
1048696,D2,2023,2023-11-24,hannover 96,hertha berlin,False
1048692,D2,2023,2023-11-24,hamburger sv,eintracht braunschweig,False
1048698,D2,2023,2023-11-25,hansa rostock,fc st. pauli,False
1048700,D2,2023,2023-11-25,vfl osnabruck,fc magdeburg,False
1048699,D2,2023,2023-11-25,sv elversberg,sc paderborn 07,False
1048693,D2,2023,2023-11-25,fortuna dusseldorf,fc schalke 04,False
1048697,D2,2023,2023-11-26,spvgg greuther furth,sv wehen,False
1048695,D2,2023,2023-11-26,fc kaiserslautern,holstein kiel,False
1048694,D2,2023,2023-11-26,karlsruher sc,fc nurnberg,False
1048701,D2,2023,2023-12-01,fc schalke 04,vfl osnabruck,False
1048703,D2,2023,2023-12-01,fc st. pauli,hamburger sv,False
1048708,D2,2023,2023-12-02,fc nurnberg,fortuna dusseldorf,False
1048706,D2,2023,2023-12-02,holstein kiel,sv wehen,False
1048709,D2,2023,2023-12-02,eintracht braunschweig,spvgg greuther furth,False
1048707,D2,2023,2023-12-02,fc magdeburg,fc kaiserslautern,False
1048702,D2,2023,2023-12-03,hertha berlin,sv elversberg,False
1048704,D2,2023,2023-12-03,sc paderborn 07,hannover 96,False
1048705,D2,2023,2023-12-03,karlsruher sc,hansa rostock,False
1048713,D2,2023,2023-12-08,hannover 96,karlsruher sc,False
1048718,D2,2023,2023-12-08,sv wehen,eintracht braunschweig,False
1048710,D2,2023,2023-12-09,hamburger sv,sc paderborn 07,False
1048714,D2,2023,2023-12-09,spvgg greuther furth,fc magdeburg,False
1048712,D2,2023,2023-12-09,fc kaiserslautern,hertha berlin,False
1048717,D2,2023,2023-12-09,vfl osnabruck,fc st. pauli,False
1048711,D2,2023,2023-12-10,fortuna dusseldorf,holstein kiel,False
1048715,D2,2023,2023-12-10,hansa rostock,fc schalke 04,False
1048716,D2,2023,2023-12-10,sv elversberg,fc nurnberg,False
1048719,D2,2023,2023-12-15,fc schalke 04,spvgg greuther furth,False
1048722,D2,2023,2023-12-15,sc paderborn 07,hansa rostock,False
1048720,D2,2023,2023-12-16,hertha berlin,vfl osnabruck,False
1048726,D2,2023,2023-12-16,fc nurnberg,hamburger sv,False
1048725,D2,2023,2023-12-16,fc magdeburg,fortuna dusseldorf,False
1048724,D2,2023,2023-12-16,holstein kiel,hannover 96,False
1048721,D2,2023,2023-12-17,fc st. pauli,sv wehen,False
1048727,D2,2023,2023-12-17,eintracht braunschweig,fc kaiserslautern,False
1048723,D2,2023,2023-12-17,karlsruher sc,sv elversberg,False
1048733,D2,2023,2024-01-19,holstein kiel,eintracht braunschweig,False
1048732,D2,2023,2024-01-19,karlsruher sc,vfl osnabruck,False
1048735,D2,2023,2024-01-20,fc nurnberg,hansa rostock,False
1048730,D2,2023,2024-01-20,fc st. pauli,fc kaiserslautern,False
1048736,D2,2023,2024-01-20,sv elversberg,hannover 96,False
1048728,D2,2023,2024-01-20,fc schalke 04,hamburger sv,False
1048729,D2,2023,2024-01-21,hertha berlin,fortuna dusseldorf,False
1048734,D2,2023,2024-01-21,fc magdeburg,sv wehen,False
1048731,D2,2023,2024-01-21,sc paderborn 07,spvgg greuther furth,False
1048740,D2,2023,2024-01-26,hannover 96,fc nurnberg,False
1048739,D2,2023,2024-01-26,fc kaiserslautern,fc schalke 04,False
1048745,D2,2023,2024-01-27,sv wehen,hertha berlin,False
1048742,D2,2023,2024-01-27,hansa rostock,sv elversberg,False
1048744,D2,2023,2024-01-27,vfl osnabruck,sc paderborn 07,False
1048738,D2,2023,2024-01-27,fortuna dusseldorf,fc st. pauli,False
1048737,D2,2023,2024-01-28,hamburger sv,karlsruher sc,False
1048741,D2,2023,2024-01-28,spvgg greuther furth,holstein kiel,False
1048743,D2,2023,2024-01-28,eintracht braunschweig,fc magdeburg,False
1048752,D2,2023,2024-02-02,fc magdeburg,holstein kiel,False
1048750,D2,2023,2024-02-02,karlsruher sc,sv wehen,False
1048753,D2,2023,2024-02-03,fc nurnberg,vfl osnabruck,False
1048746,D2,2023,2024-02-03,fc schalke 04,eintracht braunschweig,False
1048748,D2,2023,2024-02-03,fc st. pauli,spvgg greuther furth,False
1048747,D2,2023,2024-02-03,hertha berlin,hamburger sv,False
1048751,D2,2023,2024-02-04,hannover 96,hansa rostock,False
1048749,D2,2023,2024-02-04,sc paderborn 07,fortuna dusseldorf,False
1048754,D2,2023,2024-02-04,sv elversberg,fc kaiserslautern,False
1048755,D2,2023,2024-02-09,hamburger sv,hannover 96,False
1048763,D2,2023,2024-02-09,sv wehen,fc nurnberg,False
1048756,D2,2023,2024-02-10,fortuna dusseldorf,sv elversberg,False
1048759,D2,2023,2024-02-10,fc magdeburg,fc st. pauli,False
1048761,D2,2023,2024-02-10,eintracht braunschweig,karlsruher sc,False
1048758,D2,2023,2024-02-10,fc kaiserslautern,sc paderborn 07,False
1048760,D2,2023,2024-02-11,spvgg greuther furth,hertha berlin,False
1048757,D2,2023,2024-02-11,holstein kiel,fc schalke 04,False
1048762,D2,2023,2024-02-11,vfl osnabruck,hansa rostock,False
1048765,D2,2023,2024-02-16,hertha berlin,fc magdeburg,False
1048769,D2,2023,2024-02-16,hannover 96,spvgg greuther furth,False
1048764,D2,2023,2024-02-17,fc schalke 04,sv wehen,False
1048767,D2,2023,2024-02-17,sc paderborn 07,holstein kiel,False
1048770,D2,2023,2024-02-17,hansa rostock,hamburger sv,False
1048768,D2,2023,2024-02-17,karlsruher sc,fortuna dusseldorf,False
1048771,D2,2023,2024-02-18,fc nurnberg,fc kaiserslautern,False
1048766,D2,2023,2024-02-18,fc st. pauli,eintracht braunschweig,False
1048772,D2,2023,2024-02-18,sv elversberg,vfl osnabruck,False
1048775,D2,2023,2024-02-23,holstein kiel,fc st. pauli,False
1048781,D2,2023,2024-02-23,sv wehen,sc paderborn 07,False
1048779,D2,2023,2024-02-24,eintracht braunschweig,hertha berlin,False
1048776,D2,2023,2024-02-24,fc kaiserslautern,karlsruher sc,False
1048780,D2,2023,2024-02-24,vfl osnabruck,hannover 96,False
1048777,D2,2023,2024-02-24,fc magdeburg,fc schalke 04,False
1048774,D2,2023,2024-02-25,fortuna dusseldorf,hansa rostock,False
1048773,D2,2023,2024-02-25,hamburger sv,sv elversberg,False
1048778,D2,2023,2024-02-25,spvgg greuther furth,fc nurnberg,False
1048783,D2,2023,2024-03-01,hertha berlin,holstein kiel,False
1048782,D2,2023,2024-03-01,fc schalke 04,fc st. pauli,False
1048787,D2,2023,2024-03-02,hannover 96,fortuna dusseldorf,False
1048789,D2,2023,2024-03-02,fc nurnberg,eintracht braunschweig,False
1048788,D2,2023,2024-03-02,hansa rostock,fc kaiserslautern,False
1048786,D2,2023,2024-03-02,karlsruher sc,spvgg greuther furth,False
1048784,D2,2023,2024-03-03,hamburger sv,vfl osnabruck,False
1048785,D2,2023,2024-03-03,sc paderborn 07,fc magdeburg,False
1048790,D2,2023,2024-03-03,sv elversberg,sv wehen,False
1048792,D2,2023,2024-03-08,fortuna dusseldorf,hamburger sv,False
1048798,D2,2023,2024-03-08,eintracht braunschweig,hansa rostock,False
1048791,D2,2023,2024-03-09,fc schalke 04,sc paderborn 07,False
1048794,D2,2023,2024-03-09,holstein kiel,karlsruher sc,False
1048799,D2,2023,2024-03-09,sv wehen,hannover 96,False
1048796,D2,2023,2024-03-09,fc magdeburg,fc nurnberg,False
1048797,D2,2023,2024-03-10,spvgg greuther furth,sv elversberg,False
1048793,D2,2023,2024-03-10,fc st. pauli,hertha berlin,False
1048795,D2,2023,2024-03-10,fc kaiserslautern,vfl osnabruck,False
1048802,D2,2023,2024-03-15,sc paderborn 07,eintracht braunschweig,False
1048808,D2,2023,2024-03-15,vfl osnabruck,fortuna dusseldorf,False
1048806,D2,2023,2024-03-16,fc nurnberg,fc st. pauli,False
1048805,D2,2023,2024-03-16,hansa rostock,spvgg greuther furth,False
1048807,D2,2023,2024-03-16,sv elversberg,holstein kiel,False
1048804,D2,2023,2024-03-16,hannover 96,fc kaiserslautern,False
1048800,D2,2023,2024-03-17,hertha berlin,fc schalke 04,False
1048801,D2,2023,2024-03-17,hamburger sv,sv wehen,False
1048803,D2,2023,2024-03-17,karlsruher sc,fc magdeburg,False
1048812,D2,2023,2024-03-30,holstein kiel,hansa rostock,False
1048816,D2,2023,2024-03-30,eintracht braunschweig,sv elversberg,False
1048813,D2,2023,2024-03-30,fc kaiserslautern,fortuna dusseldorf,False
1048810,D2,2023,2024-03-30,hertha berlin,fc nurnberg,False
1048809,D2,2023,2024-03-31,fc schalke 04,karlsruher sc,False
1048815,D2,2023,2024-03-31,spvgg greuther furth,hamburger sv,False
1048814,D2,2023,2024-03-31,fc magdeburg,hannover 96,False
1048811,D2,2023,2024-03-31,fc st. pauli,sc paderborn 07,False
1048817,D2,2023,2024-03-31,sv wehen,vfl osnabruck,False
1048820,D2,2023,2024-04-05,sc paderborn 07,hertha berlin,False
1048823,D2,2023,2024-04-05,hansa rostock,sv wehen,False
1048824,D2,2023,2024-04-06,fc nurnberg,holstein kiel,False
1048818,D2,2023,2024-04-06,hamburger sv,fc kaiserslautern,False
1048825,D2,2023,2024-04-06,sv elversberg,fc magdeburg,False
1048821,D2,2023,2024-04-06,karlsruher sc,fc st. pauli,False
1048819,D2,2023,2024-04-07,fortuna dusseldorf,eintracht braunschweig,False
1048822,D2,2023,2024-04-07,hannover 96,fc schalke 04,False
1048826,D2,2023,2024-04-07,vfl osnabruck,spvgg greuther furth,False
1048828,D2,2023,2024-04-12,hertha berlin,hansa rostock,False
1048833,D2,2023,2024-04-12,spvgg greuther furth,fc kaiserslautern,False
1048830,D2,2023,2024-04-13,sc paderborn 07,karlsruher sc,False
1048831,D2,2023,2024-04-13,holstein kiel,vfl osnabruck,False
1048835,D2,2023,2024-04-13,sv wehen,fortuna dusseldorf,False
1048827,D2,2023,2024-04-13,fc schalke 04,fc nurnberg,False
1048832,D2,2023,2024-04-14,fc magdeburg,hamburger sv,False
1048829,D2,2023,2024-04-14,fc st. pauli,sv elversberg,False
1048834,D2,2023,2024-04-14,eintracht braunschweig,hannover 96,False
1048842,D2,2023,2024-04-19,fc nurnberg,sc paderborn 07,False
1048843,D2,2023,2024-04-19,sv elversberg,fc schalke 04,False
1048837,D2,2023,2024-04-20,fortuna dusseldorf,spvgg greuther furth,False
1048839,D2,2023,2024-04-20,fc kaiserslautern,sv wehen,False
1048844,D2,2023,2024-04-20,vfl osnabruck,eintracht braunschweig,False
1048836,D2,2023,2024-04-20,hamburger sv,holstein kiel,False
1048840,D2,2023,2024-04-21,hannover 96,fc st. pauli,False
1048838,D2,2023,2024-04-21,karlsruher sc,hertha berlin,False
1048841,D2,2023,2024-04-21,hansa rostock,fc magdeburg,False
1048846,D2,2023,2024-04-26,hertha berlin,hannover 96,False
1048847,D2,2023,2024-04-26,fc st. pauli,hansa rostock,False
1048848,D2,2023,2024-04-27,sc paderborn 07,sv elversberg,False
1048849,D2,2023,2024-04-27,holstein kiel,fc kaiserslautern,False
1048852,D2,2023,2024-04-27,eintracht braunschweig,hamburger sv,False
1048845,D2,2023,2024-04-27,fc schalke 04,fortuna dusseldorf,False
1048851,D2,2023,2024-04-28,fc nurnberg,karlsruher sc,False
1048850,D2,2023,2024-04-28,fc magdeburg,vfl osnabruck,False
1048853,D2,2023,2024-04-28,sv wehen,spvgg greuther furth,False
1048855,D2,2023,2024-05-03,fortuna dusseldorf,fc nurnberg,False
1048854,D2,2023,2024-05-03,hamburger sv,fc st. pauli,False
1048858,D2,2023,2024-05-04,spvgg greuther furth,eintracht braunschweig,False
1048859,D2,2023,2024-05-04,hansa rostock,karlsruher sc,False
1048856,D2,2023,2024-05-04,fc kaiserslautern,fc magdeburg,False
1048857,D2,2023,2024-05-05,hannover 96,sc paderborn 07,False
1048862,D2,2023,2024-05-05,sv wehen,holstein kiel,False
1048860,D2,2023,2024-05-05,sv elversberg,hertha berlin,False
1048861,D2,2023,2024-05-07,vfl osnabruck,fc schalke 04,False
1048869,D2,2023,2024-05-10,fc magdeburg,spvgg greuther furth,False
1048866,D2,2023,2024-05-10,sc paderborn 07,hamburger sv,False
1048864,D2,2023,2024-05-11,hertha berlin,fc kaiserslautern,False
1048870,D2,2023,2024-05-11,fc nurnberg,sv elversberg,False
1048863,D2,2023,2024-05-11,fc schalke 04,hansa rostock,False
1048868,D2,2023,2024-05-11,holstein kiel,fortuna dusseldorf,False
1048865,D2,2023,2024-05-12,fc st. pauli,vfl osnabruck,False
1048871,D2,2023,2024-05-12,eintracht braunschweig,sv wehen,False
1048867,D2,2023,2024-05-12,karlsruher sc,hannover 96,False
1048873,D2,2023,2024-05-19,fortuna dusseldorf,fc magdeburg,False
1048875,D2,2023,2024-05-19,hannover 96,holstein kiel,False
1048872,D2,2023,2024-05-19,hamburger sv,fc nurnberg,False
1048876,D2,2023,2024-05-19,spvgg greuther furth,fc schalke 04,False
1048874,D2,2023,2024-05-19,fc kaiserslautern,eintracht braunschweig,False
1048880,D2,2023,2024-05-19,sv wehen,fc st. pauli,False
1048877,D2,2023,2024-05-19,hansa rostock,sc paderborn 07,False
1048879,D2,2023,2024-05-19,vfl osnabruck,hertha berlin,False
1048878,D2,2023,2024-05-19,sv elversberg,karlsruher sc,False
1200871,D2,2023,2024-05-24,jahn regensburg,sv wehen,False
1200872,D2,2023,2024-05-28,sv wehen,jahn regensburg,False
1226165,D2,2024,2024-08-02,1. fc köln,hamburger sv,False
1226170,D2,2024,2024-08-03,hertha bsc,sc paderborn 07,False
1226168,D2,2024,2024-08-03,hannover 96,ssv jahn regensburg,False
1226172,D2,2024,2024-08-03,1. fc magdeburg,sv elversberg,False
1226167,D2,2024,2024-08-03,karlsruher sc,1. fc nürnberg,False
1226171,D2,2024,2024-08-03,fc schalke 04,eintracht braunschweig,False
1226169,D2,2024,2024-08-04,spvgg greuther fürth,preußen münster,False
1226166,D2,2024,2024-08-04,sv darmstadt 98,fortuna düsseldorf,False
1226173,D2,2024,2024-08-04,ssv ulm 1846,1. fc kaiserslautern,False
1226182,D2,2024,2024-08-09,ssv jahn regensburg,ssv ulm 1846,False
1226179,D2,2024,2024-08-09,1. fc kaiserslautern,spvgg greuther fürth,False
1226174,D2,2024,2024-08-10,fortuna düsseldorf,karlsruher sc,False
1226178,D2,2024,2024-08-10,1. fc nürnberg,fc schalke 04,False
1226177,D2,2024,2024-08-10,sv elversberg,1. fc köln,False
1226175,D2,2024,2024-08-10,hamburger sv,hertha bsc,False
1226176,D2,2024,2024-08-11,sc paderborn 07,sv darmstadt 98,False
1226180,D2,2024,2024-08-11,eintracht braunschweig,1. fc magdeburg,False
1226181,D2,2024,2024-08-11,preußen münster,hannover 96,False
1226186,D2,2024,2024-08-23,hannover 96,hamburger sv,False
1226185,D2,2024,2024-08-23,karlsruher sc,sv elversberg,False
1226188,D2,2024,2024-08-24,hertha bsc,ssv jahn regensburg,False
1226187,D2,2024,2024-08-24,spvgg greuther fürth,sc paderborn 07,False
1226191,D2,2024,2024-08-24,preußen münster,1. fc kaiserslautern,False
1226183,D2,2024,2024-08-24,1. fc köln,eintracht braunschweig,False
1226189,D2,2024,2024-08-25,1. fc magdeburg,fc schalke 04,False
1226184,D2,2024,2024-08-25,sv darmstadt 98,1. fc nürnberg,False
1226190,D2,2024,2024-08-25,ssv ulm 1846,fortuna düsseldorf,False
1226192,D2,2024,2024-08-30,fortuna düsseldorf,hannover 96,False
1226200,D2,2024,2024-08-30,ssv jahn regensburg,spvgg greuther fürth,False
1226197,D2,2024,2024-08-31,1. fc nürnberg,1. fc magdeburg,False
1226193,D2,2024,2024-08-31,hamburger sv,preußen münster,False
1226196,D2,2024,2024-08-31,sv elversberg,sv darmstadt 98,False
1226198,D2,2024,2024-08-31,1. fc kaiserslautern,hertha bsc,False
1226195,D2,2024,2024-09-01,fc schalke 04,1. fc köln,False
1226194,D2,2024,2024-09-01,sc paderborn 07,ssv ulm 1846,False
1226199,D2,2024,2024-09-01,eintracht braunschweig,karlsruher sc,False
1226204,D2,2024,2024-09-13,karlsruher sc,fc schalke 04,False
1226209,D2,2024,2024-09-13,preußen münster,sc paderborn 07,False
1226205,D2,2024,2024-09-14,hannover 96,1. fc kaiserslautern,False
1226202,D2,2024,2024-09-14,sv darmstadt 98,eintracht braunschweig,False
1226208,D2,2024,2024-09-14,ssv ulm 1846,1. fc nürnberg,False
1226201,D2,2024,2024-09-14,1. fc köln,1. fc magdeburg,False
1226207,D2,2024,2024-09-15,hertha bsc,fortuna düsseldorf,False
1226203,D2,2024,2024-09-15,hamburger sv,ssv jahn regensburg,False
1226206,D2,2024,2024-09-15,spvgg greuther fürth,sv elversberg,False
1226212,D2,2024,2024-09-20,fc schalke 04,sv darmstadt 98,False
1226211,D2,2024,2024-09-20,sc paderborn 07,hannover 96,False
1226210,D2,2024,2024-09-21,fortuna düsseldorf,1. fc köln,False
1226214,D2,2024,2024-09-21,1. fc nürnberg,hertha bsc,False
1226217,D2,2024,2024-09-21,eintracht braunschweig,spvgg greuther fürth,False
1226215,D2,2024,2024-09-21,1. fc kaiserslautern,hamburger sv,False
1226218,D2,2024,2024-09-22,ssv jahn regensburg,preußen münster,False
1226216,D2,2024,2024-09-22,1. fc magdeburg,karlsruher sc,False
1226213,D2,2024,2024-09-22,sv elversberg,ssv ulm 1846,False
1226223,D2,2024,2024-09-27,spvgg greuther fürth,fortuna düsseldorf,False
1226225,D2,2024,2024-09-27,ssv ulm 1846,eintracht braunschweig,False
1226221,D2,2024,2024-09-28,hamburger sv,sc paderborn 07,False
1226227,D2,2024,2024-09-28,ssv jahn regensburg,1. fc kaiserslautern,False
1226220,D2,2024,2024-09-28,sv darmstadt 98,1. fc magdeburg,False
1226226,D2,2024,2024-09-28,preußen münster,fc schalke 04,False
1226224,D2,2024,2024-09-29,hertha bsc,sv elversberg,False
1226222,D2,2024,2024-09-29,hannover 96,1. fc nürnberg,False
1226219,D2,2024,2024-09-29,1. fc köln,karlsruher sc,False
1226231,D2,2024,2024-10-04,sc paderborn 07,ssv jahn regensburg,False
1226230,D2,2024,2024-10-04,karlsruher sc,sv darmstadt 98,False
1226234,D2,2024,2024-10-05,1. fc nürnberg,preußen münster,False
1226228,D2,2024,2024-10-05,1. fc köln,ssv ulm 1846,False
1226233,D2,2024,2024-10-05,sv elversberg,1. fc kaiserslautern,False
1226232,D2,2024,2024-10-05,fc schalke 04,hertha bsc,False
1226229,D2,2024,2024-10-06,fortuna düsseldorf,hamburger sv,False
1226235,D2,2024,2024-10-06,1. fc magdeburg,spvgg greuther fürth,False
1226236,D2,2024,2024-10-06,eintracht braunschweig,hannover 96,False
1226241,D2,2024,2024-10-18,hertha bsc,eintracht braunschweig,False
1226237,D2,2024,2024-10-18,sv darmstadt 98,1. fc köln,False
1226239,D2,2024,2024-10-19,hannover 96,fc schalke 04,False
1226245,D2,2024,2024-10-19,ssv jahn regensburg,fortuna düsseldorf,False
1226244,D2,2024,2024-10-19,preußen münster,sv elversberg,False
1226242,D2,2024,2024-10-19,1. fc kaiserslautern,sc paderborn 07,False
1226238,D2,2024,2024-10-20,hamburger sv,1. fc magdeburg,False
1226240,D2,2024,2024-10-20,spvgg greuther fürth,1. fc nürnberg,False
1226243,D2,2024,2024-10-20,ssv ulm 1846,karlsruher sc,False
1226252,D2,2024,2024-10-25,1. fc nürnberg,ssv jahn regensburg,False
1226246,D2,2024,2024-10-25,1. fc köln,sc paderborn 07,False
1226250,D2,2024,2024-10-26,fc schalke 04,spvgg greuther fürth,False
1226249,D2,2024,2024-10-26,karlsruher sc,hertha bsc,False
1226251,D2,2024,2024-10-26,sv elversberg,hamburger sv,False
1226248,D2,2024,2024-10-26,fortuna düsseldorf,1. fc kaiserslautern,False
1226253,D2,2024,2024-10-27,1. fc magdeburg,hannover 96,False
1226247,D2,2024,2024-10-27,sv darmstadt 98,ssv ulm 1846,False
1226254,D2,2024,2024-10-27,eintracht braunschweig,preußen münster,False
1226262,D2,2024,2024-11-01,preußen münster,fortuna düsseldorf,False
1226261,D2,2024,2024-11-01,ssv ulm 1846,fc schalke 04,False
1226256,D2,2024,2024-11-02,hannover 96,karlsruher sc,False
1226263,D2,2024,2024-11-02,ssv jahn regensburg,sv elversberg,False
1226258,D2,2024,2024-11-02,spvgg greuther fürth,sv darmstadt 98,False
1226259,D2,2024,2024-11-02,hertha bsc,1. fc köln,False
1226255,D2,2024,2024-11-03,hamburger sv,1. fc nürnberg,False
1226257,D2,2024,2024-11-03,sc paderborn 07,eintracht braunschweig,False
1226260,D2,2024,2024-11-03,1. fc kaiserslautern,1. fc magdeburg,False
1226270,D2,2024,2024-11-08,1. fc nürnberg,1. fc kaiserslautern,False
1226272,D2,2024,2024-11-08,eintracht braunschweig,hamburger sv,False
1226271,D2,2024,2024-11-09,1. fc magdeburg,ssv ulm 1846,False
1226265,D2,2024,2024-11-09,sv darmstadt 98,hertha bsc,False
1226264,D2,2024,2024-11-09,1. fc köln,spvgg greuther fürth,False
1226266,D2,2024,2024-11-09,fortuna düsseldorf,sc paderborn 07,False
1226268,D2,2024,2024-11-10,fc schalke 04,ssv jahn regensburg,False
1226267,D2,2024,2024-11-10,karlsruher sc,preußen münster,False
1226269,D2,2024,2024-11-10,sv elversberg,hannover 96,False
1226276,D2,2024,2024-11-22,sc paderborn 07,1. fc nürnberg,False
1226280,D2,2024,2024-11-22,preußen münster,1. fc köln,False
1226273,D2,2024,2024-11-23,fortuna düsseldorf,sv elversberg,False
1226278,D2,2024,2024-11-23,hertha bsc,ssv ulm 1846,False
1226275,D2,2024,2024-11-23,hannover 96,sv darmstadt 98,False
1226277,D2,2024,2024-11-23,spvgg greuther fürth,karlsruher sc,False
1226274,D2,2024,2024-11-23,hamburger sv,fc schalke 04,False
1226281,D2,2024,2024-11-24,ssv jahn regensburg,1. fc magdeburg,False
1226279,D2,2024,2024-11-24,1. fc kaiserslautern,eintracht braunschweig,False
1226285,D2,2024,2024-11-29,fc schalke 04,1. fc kaiserslautern,False
1226288,D2,2024,2024-11-29,1. fc magdeburg,hertha bsc,False
1226282,D2,2024,2024-11-30,1. fc köln,hannover 96,False
1226289,D2,2024,2024-11-30,eintracht braunschweig,ssv jahn regensburg,False
1226286,D2,2024,2024-11-30,sv elversberg,sc paderborn 07,False
1226283,D2,2024,2024-11-30,sv darmstadt 98,preußen münster,False
1226287,D2,2024,2024-12-01,1. fc nürnberg,fortuna düsseldorf,False
1226284,D2,2024,2024-12-01,karlsruher sc,hamburger sv,False
1226290,D2,2024,2024-12-01,ssv ulm 1846,spvgg greuther fürth,False
1226294,D2,2024,2024-12-06,sc paderborn 07,fc schalke 04,False
1226296,D2,2024,2024-12-06,sv elversberg,1. fc nürnberg,False
1226293,D2,2024,2024-12-07,hannover 96,ssv ulm 1846,False
1226295,D2,2024,2024-12-07,spvgg greuther fürth,hertha bsc,False
1226297,D2,2024,2024-12-07,1. fc kaiserslautern,karlsruher sc,False
1226298,D2,2024,2024-12-07,preußen münster,1. fc magdeburg,False
1226291,D2,2024,2024-12-08,fortuna düsseldorf,eintracht braunschweig,False
1226292,D2,2024,2024-12-08,hamburger sv,sv darmstadt 98,False
1226299,D2,2024,2024-12-08,ssv jahn regensburg,1. fc köln,False
1226304,D2,2024,2024-12-13,hertha bsc,preußen münster,False
1226302,D2,2024,2024-12-13,karlsruher sc,ssv jahn regensburg,False
1226305,D2,2024,2024-12-14,fc schalke 04,fortuna düsseldorf,False
1226306,D2,2024,2024-12-14,1. fc magdeburg,sc paderborn 07,False
1226308,D2,2024,2024-12-14,ssv ulm 1846,hamburger sv,False
1226301,D2,2024,2024-12-14,sv darmstadt 98,1. fc kaiserslautern,False
1226303,D2,2024,2024-12-15,spvgg greuther fürth,hannover 96,False
1226300,D2,2024,2024-12-15,1. fc köln,1. fc nürnberg,False
1226307,D2,2024,2024-12-15,eintracht braunschweig,sv elversberg,False
1226309,D2,2024,2024-12-20,fortuna düsseldorf,1. fc magdeburg,False
1226313,D2,2024,2024-12-20,sv elversberg,fc schalke 04,False
1226310,D2,2024,2024-12-21,hamburger sv,spvgg greuther fürth,False
1226312,D2,2024,2024-12-21,sc paderborn 07,karlsruher sc,False
1226316,D2,2024,2024-12-21,preußen münster,ssv ulm 1846,False
1226314,D2,2024,2024-12-21,1. fc nürnberg,eintracht braunschweig,False
1226311,D2,2024,2024-12-22,hannover 96,hertha bsc,False
1226317,D2,2024,2024-12-22,ssv jahn regensburg,sv darmstadt 98,False
1226315,D2,2024,2024-12-22,1. fc kaiserslautern,1. fc köln,False
1226318,D2,2024,2025-01-17,fortuna düsseldorf,sv darmstadt 98,False
1226326,D2,2024,2025-01-17,ssv jahn regensburg,hannover 96,False
1226324,D2,2024,2025-01-18,eintracht braunschweig,fc schalke 04,False
1226323,D2,2024,2025-01-18,1. fc kaiserslautern,ssv ulm 1846,False
1226325,D2,2024,2025-01-18,preußen münster,spvgg greuther fürth,False
1226319,D2,2024,2025-01-18,hamburger sv,1. fc köln,False
1226322,D2,2024,2025-01-19,1. fc nürnberg,karlsruher sc,False
1226320,D2,2024,2025-01-19,sc paderborn 07,hertha bsc,False
1226321,D2,2024,2025-01-19,sv elversberg,1. fc magdeburg,False
1226331,D2,2024,2025-01-24,spvgg greuther fürth,1. fc kaiserslautern,False
1226334,D2,2024,2025-01-24,1. fc magdeburg,eintracht braunschweig,False
1226333,D2,2024,2025-01-25,fc schalke 04,1. fc nürnberg,False
1226327,D2,2024,2025-01-25,1. fc köln,sv elversberg,False
1226329,D2,2024,2025-01-25,karlsruher sc,fortuna düsseldorf,False
1226332,D2,2024,2025-01-25,hertha bsc,hamburger sv,False
1226330,D2,2024,2025-01-26,hannover 96,preußen münster,False
1226328,D2,2024,2025-01-26,sv darmstadt 98,sc paderborn 07,False
1226335,D2,2024,2025-01-26,ssv ulm 1846,ssv jahn regensburg,False
1226341,D2,2024,2025-01-31,1. fc nürnberg,sv darmstadt 98,False
1226340,D2,2024,2025-01-31,sv elversberg,karlsruher sc,False
1226336,D2,2024,2025-02-01,fortuna düsseldorf,ssv ulm 1846,False
1226344,D2,2024,2025-02-01,ssv jahn regensburg,hertha bsc,False
1226343,D2,2024,2025-02-01,eintracht braunschweig,1. fc köln,False
1226339,D2,2024,2025-02-01,fc schalke 04,1. fc magdeburg,False
1226337,D2,2024,2025-02-02,hamburger sv,hannover 96,False
1226338,D2,2024,2025-02-02,sc paderborn 07,spvgg greuther fürth,False
1226342,D2,2024,2025-02-02,1. fc kaiserslautern,preußen münster,False
1226349,D2,2024,2025-02-07,spvgg greuther fürth,ssv jahn regensburg,False
1226353,D2,2024,2025-02-07,preußen münster,hamburger sv,False
1226351,D2,2024,2025-02-08,1. fc magdeburg,1. fc nürnberg,False
1226346,D2,2024,2025-02-08,sv darmstadt 98,sv elversberg,False
1226352,D2,2024,2025-02-08,ssv ulm 1846,sc paderborn 07,False
1226350,D2,2024,2025-02-08,hertha bsc,1. fc kaiserslautern,False
1226348,D2,2024,2025-02-09,hannover 96,fortuna düsseldorf,False
1226345,D2,2024,2025-02-09,1. fc köln,fc schalke 04,False
1226347,D2,2024,2025-02-09,karlsruher sc,eintracht braunschweig,False
1226360,D2,2024,2025-02-14,1. fc magdeburg,1. fc köln,False
1226355,D2,2024,2025-02-14,sc paderborn 07,preußen münster,False
1226361,D2,2024,2025-02-15,eintracht braunschweig,sv darmstadt 98,False
1226359,D2,2024,2025-02-15,1. fc kaiserslautern,hannover 96,False
1226357,D2,2024,2025-02-15,sv elversberg,spvgg greuther fürth,False
1226354,D2,2024,2025-02-15,fortuna düsseldorf,hertha bsc,False
1226358,D2,2024,2025-02-16,1. fc nürnberg,ssv ulm 1846,False
1226356,D2,2024,2025-02-16,fc schalke 04,karlsruher sc,False
1226362,D2,2024,2025-02-16,ssv jahn regensburg,hamburger sv,False
1226369,D2,2024,2025-02-21,hertha bsc,1. fc nürnberg,False
1226365,D2,2024,2025-02-21,hamburger sv,1. fc kaiserslautern,False
1226366,D2,2024,2025-02-22,karlsruher sc,1. fc magdeburg,False
1226371,D2,2024,2025-02-22,preußen münster,ssv jahn regensburg,False
1226370,D2,2024,2025-02-22,ssv ulm 1846,sv elversberg,False
1226367,D2,2024,2025-02-22,hannover 96,sc paderborn 07,False
1226368,D2,2024,2025-02-23,spvgg greuther fürth,eintracht braunschweig,False
1226364,D2,2024,2025-02-23,sv darmstadt 98,fc schalke 04,False
1226363,D2,2024,2025-02-23,1. fc köln,fortuna düsseldorf,False
1226372,D2,2024,2025-02-28,fortuna düsseldorf,spvgg greuther fürth,False
1226375,D2,2024,2025-02-28,fc schalke 04,preußen münster,False
1226377,D2,2024,2025-03-01,1. fc nürnberg,hannover 96,False
1226380,D2,2024,2025-03-01,eintracht braunschweig,ssv ulm 1846,False
1226378,D2,2024,2025-03-01,1. fc kaiserslautern,ssv jahn regensburg,False
1226373,D2,2024,2025-03-01,karlsruher sc,1. fc köln,False
1226379,D2,2024,2025-03-02,1. fc magdeburg,sv darmstadt 98,False
1226374,D2,2024,2025-03-02,sc paderborn 07,hamburger sv,False
1226376,D2,2024,2025-03-02,sv elversberg,hertha bsc,False
1226381,D2,2024,2025-03-07,sv darmstadt 98,karlsruher sc,False
1226386,D2,2024,2025-03-07,1. fc kaiserslautern,sv elversberg,False
1226385,D2,2024,2025-03-08,hertha bsc,fc schalke 04,False
1226384,D2,2024,2025-03-08,spvgg greuther fürth,1. fc magdeburg,False
1226387,D2,2024,2025-03-08,ssv ulm 1846,1. fc köln,False
1226382,D2,2024,2025-03-08,hamburger sv,fortuna düsseldorf,False
1226383,D2,2024,2025-03-09,hannover 96,eintracht braunschweig,False
1226389,D2,2024,2025-03-09,ssv jahn regensburg,sc paderborn 07,False
1226388,D2,2024,2025-03-09,preußen münster,1. fc nürnberg,False
1226394,D2,2024,2025-03-14,fc schalke 04,hannover 96,False
1226397,D2,2024,2025-03-14,1. fc magdeburg,hamburger sv,False
1226391,D2,2024,2025-03-15,fortuna düsseldorf,ssv jahn regensburg,False
1226393,D2,2024,2025-03-15,sc paderborn 07,1. fc kaiserslautern,False
1226395,D2,2024,2025-03-15,sv elversberg,preußen münster,False
1226390,D2,2024,2025-03-15,1. fc köln,sv darmstadt 98,False
1226396,D2,2024,2025-03-16,1. fc nürnberg,spvgg greuther fürth,False
1226398,D2,2024,2025-03-16,eintracht braunschweig,hertha bsc,False
1226392,D2,2024,2025-03-16,karlsruher sc,ssv ulm 1846,False
1226399,D2,2024,2025-03-28,hamburger sv,sv elversberg,False
1226405,D2,2024,2025-03-28,ssv ulm 1846,sv darmstadt 98,False
1226403,D2,2024,2025-03-29,hertha bsc,karlsruher sc,False
1226400,D2,2024,2025-03-29,hannover 96,1. fc magdeburg,False
1226401,D2,2024,2025-03-29,sc paderborn 07,1. fc köln,False
1226404,D2,2024,2025-03-29,1. fc kaiserslautern,fortuna düsseldorf,False
1226407,D2,2024,2025-03-30,ssv jahn regensburg,1. fc nürnberg,False
1226402,D2,2024,2025-03-30,spvgg greuther fürth,fc schalke 04,False
1226406,D2,2024,2025-03-30,preußen münster,eintracht braunschweig,False
1226416,D2,2024,2025-04-04,eintracht braunschweig,sc paderborn 07,False
1226411,D2,2024,2025-04-04,karlsruher sc,hannover 96,False
1226410,D2,2024,2025-04-05,fortuna düsseldorf,preußen münster,False
1226414,D2,2024,2025-04-05,1. fc nürnberg,hamburger sv,False
1226409,D2,2024,2025-04-05,sv darmstadt 98,spvgg greuther fürth,False
1226408,D2,2024,2025-04-05,1. fc köln,hertha bsc,False
1226412,D2,2024,2025-04-06,fc schalke 04,ssv ulm 1846,False
1226415,D2,2024,2025-04-06,1. fc magdeburg,1. fc kaiserslautern,False
1226413,D2,2024,2025-04-06,sv elversberg,ssv jahn regensburg,False
1226417,D2,2024,2025-04-11,hamburger sv,eintracht braunschweig,False
1226420,D2,2024,2025-04-11,spvgg greuther fürth,1. fc köln,False
1226421,D2,2024,2025-04-12,hertha bsc,sv darmstadt 98,False
1226418,D2,2024,2025-04-12,hannover 96,sv elversberg,False
1226423,D2,2024,2025-04-12,ssv ulm 1846,1. fc magdeburg,False
1226422,D2,2024,2025-04-12,1. fc kaiserslautern,1. fc nürnberg,False
1226425,D2,2024,2025-04-13,ssv jahn regensburg,fc schalke 04,False
1226419,D2,2024,2025-04-13,sc paderborn 07,fortuna düsseldorf,False
1226424,D2,2024,2025-04-13,preußen münster,karlsruher sc,False
1226431,D2,2024,2025-04-19,1. fc nürnberg,sc paderborn 07,False
1226433,D2,2024,2025-04-19,eintracht braunschweig,1. fc kaiserslautern,False
1226430,D2,2024,2025-04-19,sv elversberg,fortuna düsseldorf,False
1226429,D2,2024,2025-04-19,fc schalke 04,hamburger sv,False
1226432,D2,2024,2025-04-20,1. fc magdeburg,ssv jahn regensburg,False
1226427,D2,2024,2025-04-20,sv darmstadt 98,hannover 96,False
1226426,D2,2024,2025-04-20,1. fc köln,preußen münster,False
1226428,D2,2024,2025-04-20,karlsruher sc,spvgg greuther fürth,False
1226434,D2,2024,2025-04-20,ssv ulm 1846,hertha bsc,False
1226440,D2,2024,2025-04-25,hertha bsc,1. fc magdeburg,False
1226439,D2,2024,2025-04-25,spvgg greuther fürth,ssv ulm 1846,False
1226443,D2,2024,2025-04-26,ssv jahn regensburg,eintracht braunschweig,False
1226438,D2,2024,2025-04-26,sc paderborn 07,sv elversberg,False
1226442,D2,2024,2025-04-26,preußen münster,sv darmstadt 98,False
1226435,D2,2024,2025-04-26,fortuna düsseldorf,1. fc nürnberg,False
1226437,D2,2024,2025-04-27,hannover 96,1. fc köln,False
1226436,D2,2024,2025-04-27,hamburger sv,karlsruher sc,False
1226441,D2,2024,2025-04-27,1. fc kaiserslautern,fc schalke 04,False
1226448,D2,2024,2025-05-02,fc schalke 04,sc paderborn 07,False
1226450,D2,2024,2025-05-02,1. fc magdeburg,preußen münster,False
1226445,D2,2024,2025-05-03,sv darmstadt 98,hamburger sv,False
1226451,D2,2024,2025-05-03,eintracht braunschweig,fortuna düsseldorf,False
1226452,D2,2024,2025-05-03,ssv ulm 1846,hannover 96,False
1226444,D2,2024,2025-05-03,1. fc köln,ssv jahn regensburg,False
1226447,D2,2024,2025-05-04,hertha bsc,spvgg greuther fürth,False
1226449,D2,2024,2025-05-04,1. fc nürnberg,sv elversberg,False
1226446,D2,2024,2025-05-04,karlsruher sc,1. fc kaiserslautern,False
1226458,D2,2024,2025-05-09,1. fc nürnberg,1. fc köln,False
1226460,D2,2024,2025-05-09,preußen münster,hertha bsc,False
1226453,D2,2024,2025-05-10,fortuna düsseldorf,fc schalke 04,False
1226456,D2,2024,2025-05-10,sc paderborn 07,1. fc magdeburg,False
1226457,D2,2024,2025-05-10,sv elversberg,eintracht braunschweig,False
1226454,D2,2024,2025-05-10,hamburger sv,ssv ulm 1846,False
1226455,D2,2024,2025-05-11,hannover 96,spvgg greuther fürth,False
1226461,D2,2024,2025-05-11,ssv jahn regensburg,karlsruher sc,False
1226459,D2,2024,2025-05-11,1. fc kaiserslautern,sv darmstadt 98,False
1226466,D2,2024,2025-05-18,hertha bsc,hannover 96,False
1226467,D2,2024,2025-05-18,fc schalke 04,sv elversberg,False
1226465,D2,2024,2025-05-18,spvgg greuther fürth,hamburger sv,False
1226468,D2,2024,2025-05-18,1. fc magdeburg,fortuna düsseldorf,False
1226463,D2,2024,2025-05-18,sv darmstadt 98,ssv jahn regensburg,False
1226462,D2,2024,2025-05-18,1. fc köln,1. fc kaiserslautern,False
1226469,D2,2024,2025-05-18,eintracht braunschweig,1. fc nürnberg,False
1226464,D2,2024,2025-05-18,karlsruher sc,sc paderborn 07,False
1226470,D2,2024,2025-05-18,ssv ulm 1846,preußen münster,False
1375875,D2,2024,2025-05-23,fc saarbrücken,eintracht braunschweig,False
903549,I2,2022,2022-08-12,parma,bari,False
903545,I2,2022,2022-08-13,cittadella,pisa,False
903548,I2,2022,2022-08-13,palermo,perugia,False
903546,I2,2022,2022-08-13,como,cagliari,False
903550,I2,2022,2022-08-14,spal,reggina,False
903543,I2,2022,2022-08-14,benevento,nuova cosenza,False
903542,I2,2022,2022-08-14,ascoli,ternana,False
903551,I2,2022,2022-08-14,venezia,genoa,False
903544,I2,2022,2022-08-14,brescia,sudtirol,False
903547,I2,2022,2022-08-14,modena,frosinone,False
903553,I2,2022,2022-08-19,bari,palermo,False
903557,I2,2022,2022-08-20,genoa,benevento,False
903552,I2,2022,2022-08-20,ascoli,spal,False
903558,I2,2022,2022-08-20,perugia,parma,False
903554,I2,2022,2022-08-21,cagliari,cittadella,False
903556,I2,2022,2022-08-21,frosinone,brescia,False
903561,I2,2022,2022-08-21,ternana,reggina,False
903559,I2,2022,2022-08-21,pisa,como,False
903560,I2,2022,2022-08-21,sudtirol,venezia,False
903555,I2,2022,2022-08-21,nuova cosenza,modena,False
903571,I2,2022,2022-08-27,spal,cagliari,False
903566,I2,2022,2022-08-27,palermo,ascoli,False
903565,I2,2022,2022-08-27,modena,ternana,False
903562,I2,2022,2022-08-28,benevento,frosinone,False
903563,I2,2022,2022-08-28,cittadella,venezia,False
903567,I2,2022,2022-08-28,parma,nuova cosenza,False
903568,I2,2022,2022-08-28,perugia,bari,False
903569,I2,2022,2022-08-28,pisa,genoa,False
903570,I2,2022,2022-08-28,reggina,sudtirol,False
903564,I2,2022,2022-08-29,como,brescia,False
903575,I2,2022,2022-09-02,cagliari,modena,False
903572,I2,2022,2022-09-03,ascoli,cittadella,False
903573,I2,2022,2022-09-03,bari,spal,False
903576,I2,2022,2022-09-03,frosinone,como,False
903580,I2,2022,2022-09-03,ternana,nuova cosenza,False
903581,I2,2022,2022-09-03,venezia,benevento,False
903574,I2,2022,2022-09-03,brescia,perugia,False
903578,I2,2022,2022-09-03,reggina,palermo,False
903577,I2,2022,2022-09-03,genoa,parma,False
903579,I2,2022,2022-09-04,sudtirol,pisa,False
903587,I2,2022,2022-09-09,palermo,genoa,False
903582,I2,2022,2022-09-10,benevento,cagliari,False
903583,I2,2022,2022-09-10,cittadella,frosinone,False
903588,I2,2022,2022-09-10,parma,ternana,False
903590,I2,2022,2022-09-10,pisa,reggina,False
903584,I2,2022,2022-09-10,como,sudtirol,False
903586,I2,2022,2022-09-10,modena,brescia,False
903585,I2,2022,2022-09-10,nuova cosenza,bari,False
903589,I2,2022,2022-09-10,perugia,ascoli,False
903591,I2,2022,2022-09-11,spal,venezia,False
903593,I2,2022,2022-09-16,brescia,benevento,False
903594,I2,2022,2022-09-17,cagliari,bari,False
903592,I2,2022,2022-09-17,ascoli,parma,False
903596,I2,2022,2022-09-17,frosinone,palermo,False
903601,I2,2022,2022-09-17,venezia,pisa,False
903595,I2,2022,2022-09-17,como,spal,False
903599,I2,2022,2022-09-17,sudtirol,nuova cosenza,False
903598,I2,2022,2022-09-17,reggina,cittadella,False
903597,I2,2022,2022-09-17,genoa,modena,False
903600,I2,2022,2022-09-18,ternana,perugia,False
903606,I2,2022,2022-09-30,nuova cosenza,como,False
903604,I2,2022,2022-10-01,cagliari,venezia,False
903611,I2,2022,2022-10-01,spal,genoa,False
903602,I2,2022,2022-10-01,bari,brescia,False
903605,I2,2022,2022-10-01,cittadella,ternana,False
903608,I2,2022,2022-10-01,palermo,sudtirol,False
903609,I2,2022,2022-10-01,parma,frosinone,False
903607,I2,2022,2022-10-01,modena,reggina,False
903610,I2,2022,2022-10-01,perugia,pisa,False
903603,I2,2022,2022-10-02,benevento,ascoli,False
903616,I2,2022,2022-10-07,genoa,cagliari,False
903612,I2,2022,2022-10-08,ascoli,modena,False
903620,I2,2022,2022-10-08,ternana,palermo,False
903621,I2,2022,2022-10-08,venezia,bari,False
903613,I2,2022,2022-10-08,brescia,cittadella,False
903617,I2,2022,2022-10-08,pisa,parma,False
903615,I2,2022,2022-10-08,frosinone,spal,False
903618,I2,2022,2022-10-08,reggina,nuova cosenza,False
903614,I2,2022,2022-10-09,como,perugia,False
903619,I2,2022,2022-10-09,sudtirol,benevento,False
903631,I2,2022,2022-10-14,venezia,frosinone,False
903624,I2,2022,2022-10-15,cagliari,brescia,False
903623,I2,2022,2022-10-15,benevento,ternana,False
903625,I2,2022,2022-10-15,cittadella,spal,False
903628,I2,2022,2022-10-15,palermo,pisa,False
903629,I2,2022,2022-10-15,parma,reggina,False
903627,I2,2022,2022-10-15,modena,como,False
903626,I2,2022,2022-10-15,nuova cosenza,genoa,False
903622,I2,2022,2022-10-15,bari,ascoli,False
903630,I2,2022,2022-10-16,perugia,sudtirol,False
903639,I2,2022,2022-10-22,spal,nuova cosenza,False
903635,I2,2022,2022-10-22,frosinone,bari,False
903633,I2,2022,2022-10-22,brescia,venezia,False
903634,I2,2022,2022-10-22,como,benevento,False
903640,I2,2022,2022-10-22,sudtirol,parma,False
903638,I2,2022,2022-10-22,reggina,perugia,False
903641,I2,2022,2022-10-22,ternana,genoa,False
903636,I2,2022,2022-10-23,palermo,cittadella,False
903637,I2,2022,2022-10-23,pisa,modena,False
903632,I2,2022,2022-10-24,ascoli,cagliari,False
903642,I2,2022,2022-10-28,bari,ternana,False
903644,I2,2022,2022-10-29,cagliari,reggina,False
903650,I2,2022,2022-10-29,spal,sudtirol,False
903643,I2,2022,2022-10-29,benevento,pisa,False
903651,I2,2022,2022-10-29,venezia,ascoli,False
903648,I2,2022,2022-10-29,parma,como,False
903647,I2,2022,2022-10-29,modena,palermo,False
903645,I2,2022,2022-10-29,nuova cosenza,frosinone,False
903646,I2,2022,2022-10-29,genoa,brescia,False
903649,I2,2022,2022-10-30,perugia,cittadella,False
903652,I2,2022,2022-11-05,benevento,bari,False
903654,I2,2022,2022-11-05,cittadella,modena,False
903661,I2,2022,2022-11-05,ternana,spal,False
903653,I2,2022,2022-11-05,brescia,ascoli,False
903658,I2,2022,2022-11-05,pisa,nuova cosenza,False
903660,I2,2022,2022-11-05,sudtirol,cagliari,False
903656,I2,2022,2022-11-05,frosinone,perugia,False
903657,I2,2022,2022-11-05,palermo,parma,False
903655,I2,2022,2022-11-06,como,venezia,False
903659,I2,2022,2022-11-07,reggina,genoa,False
903662,I2,2022,2022-11-11,ascoli,frosinone,False
903664,I2,2022,2022-11-12,cagliari,pisa,False
903669,I2,2022,2022-11-12,spal,benevento,False
903663,I2,2022,2022-11-12,bari,sudtirol,False
903671,I2,2022,2022-11-12,venezia,reggina,False
903668,I2,2022,2022-11-12,parma,cittadella,False
903667,I2,2022,2022-11-12,modena,perugia,False
903665,I2,2022,2022-11-12,nuova cosenza,palermo,False
903670,I2,2022,2022-11-12,ternana,brescia,False
903666,I2,2022,2022-11-13,genoa,como,False
903677,I2,2022,2022-11-26,parma,modena,False
903679,I2,2022,2022-11-26,pisa,ternana,False
903680,I2,2022,2022-11-27,reggina,benevento,False
903673,I2,2022,2022-11-27,cittadella,nuova cosenza,False
903675,I2,2022,2022-11-27,frosinone,cagliari,False
903672,I2,2022,2022-11-27,brescia,spal,False
903678,I2,2022,2022-11-27,perugia,genoa,False
903674,I2,2022,2022-11-27,como,bari,False
903681,I2,2022,2022-11-27,sudtirol,ascoli,False
903676,I2,2022,2022-11-27,palermo,venezia,False
903691,I2,2022,2022-12-03,venezia,ternana,False
903686,I2,2022,2022-12-03,cagliari,parma,False
903689,I2,2022,2022-12-04,spal,modena,False
903688,I2,2022,2022-12-04,genoa,cittadella,False
903682,I2,2022,2022-12-04,ascoli,como,False
903683,I2,2022,2022-12-04,bari,pisa,False
903685,I2,2022,2022-12-04,brescia,reggina,False
903690,I2,2022,2022-12-04,sudtirol,frosinone,False
903687,I2,2022,2022-12-04,nuova cosenza,perugia,False
903684,I2,2022,2022-12-04,benevento,palermo,False
903701,I2,2022,2022-12-07,ternana,cagliari,False
903697,I2,2022,2022-12-08,parma,benevento,False
903694,I2,2022,2022-12-08,genoa,sudtirol,False
903692,I2,2022,2022-12-08,cittadella,bari,False
903698,I2,2022,2022-12-08,perugia,spal,False
903695,I2,2022,2022-12-08,modena,venezia,False
903700,I2,2022,2022-12-08,reggina,frosinone,False
903693,I2,2022,2022-12-08,nuova cosenza,brescia,False
903699,I2,2022,2022-12-08,pisa,ascoli,False
903696,I2,2022,2022-12-08,palermo,como,False
903706,I2,2022,2022-12-11,cagliari,perugia,False
903709,I2,2022,2022-12-11,spal,palermo,False
903704,I2,2022,2022-12-11,benevento,cittadella,False
903702,I2,2022,2022-12-11,ascoli,genoa,False
903711,I2,2022,2022-12-11,venezia,nuova cosenza,False
903707,I2,2022,2022-12-11,como,reggina,False
903710,I2,2022,2022-12-11,sudtirol,ternana,False
903703,I2,2022,2022-12-11,bari,modena,False
903708,I2,2022,2022-12-11,frosinone,pisa,False
903705,I2,2022,2022-12-12,brescia,parma,False
903719,I2,2022,2022-12-17,pisa,brescia,False
903720,I2,2022,2022-12-17,reggina,bari,False
903712,I2,2022,2022-12-18,cittadella,sudtirol,False
903721,I2,2022,2022-12-18,ternana,como,False
903717,I2,2022,2022-12-18,parma,spal,False
903715,I2,2022,2022-12-18,modena,benevento,False
903713,I2,2022,2022-12-18,nuova cosenza,ascoli,False
903716,I2,2022,2022-12-18,palermo,cagliari,False
903714,I2,2022,2022-12-18,genoa,frosinone,False
903718,I2,2022,2022-12-19,perugia,venezia,False
903725,I2,2022,2022-12-26,brescia,palermo,False
903726,I2,2022,2022-12-26,cagliari,nuova cosenza,False
903729,I2,2022,2022-12-26,spal,pisa,False
903724,I2,2022,2022-12-26,benevento,perugia,False
903722,I2,2022,2022-12-26,ascoli,reggina,False
903731,I2,2022,2022-12-26,venezia,parma,False
903727,I2,2022,2022-12-26,como,cittadella,False
903730,I2,2022,2022-12-26,sudtirol,modena,False
903728,I2,2022,2022-12-26,frosinone,ternana,False
903723,I2,2022,2022-12-26,bari,genoa,False
903733,I2,2022,2023-01-14,cagliari,como,False
903732,I2,2022,2023-01-14,bari,parma,False
903737,I2,2022,2023-01-14,perugia,palermo,False
903738,I2,2022,2023-01-14,pisa,cittadella,False
903739,I2,2022,2023-01-14,reggina,spal,False
903735,I2,2022,2023-01-14,frosinone,modena,False
903740,I2,2022,2023-01-15,sudtirol,brescia,False
903741,I2,2022,2023-01-15,ternana,ascoli,False
903734,I2,2022,2023-01-15,nuova cosenza,benevento,False
903736,I2,2022,2023-01-16,genoa,venezia,False
903747,I2,2022,2023-01-20,palermo,bari,False
903750,I2,2022,2023-01-21,spal,ascoli,False
903742,I2,2022,2023-01-21,benevento,genoa,False
903751,I2,2022,2023-01-21,venezia,sudtirol,False
903748,I2,2022,2023-01-21,parma,perugia,False
903745,I2,2022,2023-01-21,como,pisa,False
903746,I2,2022,2023-01-21,modena,nuova cosenza,False
903749,I2,2022,2023-01-21,reggina,ternana,False
903744,I2,2022,2023-01-21,cittadella,cagliari,False
903743,I2,2022,2023-01-22,brescia,frosinone,False
903755,I2,2022,2023-01-27,cagliari,spal,False
903753,I2,2022,2023-01-28,bari,perugia,False
903760,I2,2022,2023-01-28,ternana,modena,False
903761,I2,2022,2023-01-28,venezia,cittadella,False
903754,I2,2022,2023-01-28,brescia,como,False
903759,I2,2022,2023-01-28,sudtirol,reggina,False
903756,I2,2022,2023-01-28,nuova cosenza,parma,False
903758,I2,2022,2023-01-28,genoa,pisa,False
903752,I2,2022,2023-01-29,ascoli,palermo,False
903757,I2,2022,2023-01-29,frosinone,benevento,False
903766,I2,2022,2023-02-03,modena,cagliari,False
903771,I2,2022,2023-02-04,spal,bari,False
903762,I2,2022,2023-02-04,benevento,venezia,False
903763,I2,2022,2023-02-04,cittadella,ascoli,False
903769,I2,2022,2023-02-04,perugia,brescia,False
903770,I2,2022,2023-02-04,pisa,sudtirol,False
903765,I2,2022,2023-02-04,nuova cosenza,ternana,False
903764,I2,2022,2023-02-04,como,frosinone,False
903767,I2,2022,2023-02-05,palermo,reggina,False
903768,I2,2022,2023-02-05,parma,genoa,False
903777,I2,2022,2023-02-10,genoa,palermo,False
903775,I2,2022,2023-02-11,cagliari,benevento,False
903776,I2,2022,2023-02-11,frosinone,cittadella,False
903781,I2,2022,2023-02-11,venezia,spal,False
903774,I2,2022,2023-02-11,brescia,modena,False
903779,I2,2022,2023-02-11,sudtirol,como,False
903778,I2,2022,2023-02-11,reggina,pisa,False
903772,I2,2022,2023-02-11,ascoli,perugia,False
903780,I2,2022,2023-02-11,ternana,parma,False
903773,I2,2022,2023-02-12,bari,nuova cosenza,False
903790,I2,2022,2023-02-17,pisa,venezia,False
903791,I2,2022,2023-02-18,spal,como,False
903783,I2,2022,2023-02-18,benevento,brescia,False
903784,I2,2022,2023-02-18,cittadella,reggina,False
903787,I2,2022,2023-02-18,palermo,frosinone,False
903788,I2,2022,2023-02-18,parma,ascoli,False
903785,I2,2022,2023-02-18,nuova cosenza,sudtirol,False
903782,I2,2022,2023-02-18,bari,cagliari,False
903789,I2,2022,2023-02-18,perugia,ternana,False
903786,I2,2022,2023-02-19,modena,genoa,False
903795,I2,2022,2023-02-24,frosinone,parma,False
903797,I2,2022,2023-02-24,pisa,perugia,False
903800,I2,2022,2023-02-25,ternana,cittadella,False
903801,I2,2022,2023-02-25,venezia,cagliari,False
903793,I2,2022,2023-02-25,brescia,bari,False
903794,I2,2022,2023-02-25,como,nuova cosenza,False
903799,I2,2022,2023-02-25,sudtirol,palermo,False
903798,I2,2022,2023-02-25,reggina,modena,False
903796,I2,2022,2023-02-25,genoa,spal,False
903792,I2,2022,2023-02-26,ascoli,benevento,False
903808,I2,2022,2023-02-28,palermo,ternana,False
903809,I2,2022,2023-02-28,parma,pisa,False
903806,I2,2022,2023-02-28,nuova cosenza,reggina,False
903804,I2,2022,2023-03-01,cagliari,genoa,False
903811,I2,2022,2023-03-01,spal,frosinone,False
903803,I2,2022,2023-03-01,benevento,sudtirol,False
903802,I2,2022,2023-03-01,bari,venezia,False
903805,I2,2022,2023-03-01,cittadella,brescia,False
903810,I2,2022,2023-03-01,perugia,como,False
903807,I2,2022,2023-03-01,modena,ascoli,False
903817,I2,2022,2023-03-04,pisa,palermo,False
903818,I2,2022,2023-03-04,reggina,parma,False
903819,I2,2022,2023-03-05,spal,cittadella,False
903812,I2,2022,2023-03-05,ascoli,bari,False
903815,I2,2022,2023-03-05,frosinone,venezia,False
903821,I2,2022,2023-03-05,ternana,benevento,False
903813,I2,2022,2023-03-05,brescia,cagliari,False
903814,I2,2022,2023-03-05,como,modena,False
903820,I2,2022,2023-03-05,sudtirol,perugia,False
903816,I2,2022,2023-03-06,genoa,nuova cosenza,False
903824,I2,2022,2023-03-10,cagliari,ascoli,False
903823,I2,2022,2023-03-11,benevento,como,False
903825,I2,2022,2023-03-11,cittadella,palermo,False
903831,I2,2022,2023-03-11,venezia,brescia,False
903829,I2,2022,2023-03-11,parma,sudtirol,False
903828,I2,2022,2023-03-11,modena,pisa,False
903822,I2,2022,2023-03-11,bari,frosinone,False
903827,I2,2022,2023-03-12,genoa,ternana,False
903826,I2,2022,2023-03-12,nuova cosenza,spal,False
903837,I2,2022,2023-03-17,palermo,modena,False
903832,I2,2022,2023-03-18,ascoli,venezia,False
903834,I2,2022,2023-03-18,cittadella,perugia,False
903836,I2,2022,2023-03-18,frosinone,nuova cosenza,False
903833,I2,2022,2023-03-18,brescia,genoa,False
903838,I2,2022,2023-03-18,pisa,benevento,False
903835,I2,2022,2023-03-18,como,parma,False
903840,I2,2022,2023-03-18,sudtirol,spal,False
903839,I2,2022,2023-03-18,reggina,cagliari,False
903841,I2,2022,2023-03-19,ternana,bari,False
903846,I2,2022,2023-03-31,genoa,reggina,False
903844,I2,2022,2023-04-01,cagliari,sudtirol,False
903850,I2,2022,2023-04-01,spal,ternana,False
903842,I2,2022,2023-04-01,ascoli,brescia,False
903851,I2,2022,2023-04-01,venezia,como,False
903848,I2,2022,2023-04-01,parma,palermo,False
903845,I2,2022,2023-04-01,nuova cosenza,pisa,False
903843,I2,2022,2023-04-01,bari,benevento,False
903849,I2,2022,2023-04-01,perugia,frosinone,False
903847,I2,2022,2023-04-02,modena,cittadella,False
903830,I2,2022,2023-04-05,perugia,reggina,False
903852,I2,2022,2023-04-10,benevento,spal,False
903854,I2,2022,2023-04-10,cittadella,parma,False
903856,I2,2022,2023-04-10,frosinone,ascoli,False
903853,I2,2022,2023-04-10,brescia,ternana,False
903858,I2,2022,2023-04-10,perugia,modena,False
903855,I2,2022,2023-04-10,como,genoa,False
903861,I2,2022,2023-04-10,sudtirol,bari,False
903860,I2,2022,2023-04-10,reggina,venezia,False
903859,I2,2022,2023-04-10,pisa,cagliari,False
903857,I2,2022,2023-04-10,palermo,nuova cosenza,False
903868,I2,2022,2023-04-14,modena,parma,False
903869,I2,2022,2023-04-15,spal,brescia,False
903867,I2,2022,2023-04-15,genoa,perugia,False
903864,I2,2022,2023-04-15,benevento,reggina,False
903862,I2,2022,2023-04-15,ascoli,sudtirol,False
903863,I2,2022,2023-04-15,bari,como,False
903871,I2,2022,2023-04-15,venezia,palermo,False
903866,I2,2022,2023-04-15,nuova cosenza,cittadella,False
903865,I2,2022,2023-04-15,cagliari,frosinone,False
903870,I2,2022,2023-04-16,ternana,pisa,False
903880,I2,2022,2023-04-21,reggina,brescia,False
903872,I2,2022,2023-04-22,cittadella,genoa,False
903874,I2,2022,2023-04-22,frosinone,sudtirol,False
903877,I2,2022,2023-04-22,parma,cagliari,False
903878,I2,2022,2023-04-22,perugia,nuova cosenza,False
903873,I2,2022,2023-04-22,como,ascoli,False
903875,I2,2022,2023-04-22,modena,spal,False
903876,I2,2022,2023-04-22,palermo,benevento,False
903881,I2,2022,2023-04-23,ternana,venezia,False
903879,I2,2022,2023-04-23,pisa,bari,False
903886,I2,2022,2023-04-30,cagliari,ternana,False
903889,I2,2022,2023-04-30,spal,perugia,False
903887,I2,2022,2023-05-01,como,palermo,False
903884,I2,2022,2023-05-01,benevento,parma,False
903882,I2,2022,2023-05-01,ascoli,pisa,False
903883,I2,2022,2023-05-01,bari,cittadella,False
903885,I2,2022,2023-05-01,brescia,nuova cosenza,False
903890,I2,2022,2023-05-01,sudtirol,genoa,False
903891,I2,2022,2023-05-01,venezia,modena,False
903888,I2,2022,2023-05-01,frosinone,reggina,False
903898,I2,2022,2023-05-05,perugia,cagliari,False
903894,I2,2022,2023-05-06,genoa,ascoli,False
903892,I2,2022,2023-05-06,cittadella,benevento,False
903901,I2,2022,2023-05-06,ternana,sudtirol,False
903899,I2,2022,2023-05-06,pisa,frosinone,False
903895,I2,2022,2023-05-06,modena,bari,False
903900,I2,2022,2023-05-06,reggina,como,False
903893,I2,2022,2023-05-06,nuova cosenza,venezia,False
903896,I2,2022,2023-05-06,palermo,spal,False
903897,I2,2022,2023-05-07,parma,brescia,False
903906,I2,2022,2023-05-13,cagliari,palermo,False
903909,I2,2022,2023-05-13,spal,parma,False
903904,I2,2022,2023-05-13,benevento,modena,False
903902,I2,2022,2023-05-13,ascoli,nuova cosenza,False
903903,I2,2022,2023-05-13,bari,reggina,False
903911,I2,2022,2023-05-13,venezia,perugia,False
903905,I2,2022,2023-05-13,brescia,pisa,False
903907,I2,2022,2023-05-13,como,ternana,False
903910,I2,2022,2023-05-13,sudtirol,cittadella,False
903908,I2,2022,2023-05-13,frosinone,genoa,False
903914,I2,2022,2023-05-19,genoa,bari,False
903912,I2,2022,2023-05-19,cittadella,como,False
903921,I2,2022,2023-05-19,ternana,frosinone,False
903916,I2,2022,2023-05-19,palermo,brescia,False
903917,I2,2022,2023-05-19,parma,venezia,False
903918,I2,2022,2023-05-19,perugia,benevento,False
903919,I2,2022,2023-05-19,pisa,spal,False
903915,I2,2022,2023-05-19,modena,sudtirol,False
903920,I2,2022,2023-05-19,reggina,ascoli,False
903913,I2,2022,2023-05-19,nuova cosenza,cagliari,False
1028184,I2,2022,2023-05-25,cosenza,brescia,False
1028186,I2,2022,2023-05-26,sudtirol,reggina,False
1028187,I2,2022,2023-05-27,cagliari,venezia,False
1028902,I2,2022,2023-05-29,sudtirol,bari,False
1028904,I2,2022,2023-05-30,cagliari,parma,False
1028185,I2,2022,2023-06-01,brescia,cosenza,False
1028903,I2,2022,2023-06-02,bari,sudtirol,False
1028905,I2,2022,2023-06-03,parma,cagliari,False
1030277,I2,2022,2023-06-08,cagliari,bari,False
1030278,I2,2022,2023-06-11,bari,cagliari,False
1063003,I2,2023,2023-08-18,bari,palermo,False
1063010,I2,2023,2023-08-19,ternana,sampdoria,False
1063006,I2,2023,2023-08-19,cremonese,catanzaro,False
1063005,I2,2023,2023-08-19,cosenza,ascoli,False
1063009,I2,2023,2023-08-20,sudtirol,spezia,False
1063004,I2,2023,2023-08-20,cittadella,reggiana,False
1063011,I2,2023,2023-08-20,venezia,como,False
1063007,I2,2023,2023-08-20,parma,feralpisalo,False
1063019,I2,2023,2023-08-25,sampdoria,pisa,False
1063020,I2,2023,2023-08-26,venezia,cosenza,False
1063014,I2,2023,2023-08-26,cremonese,bari,False
1063018,I2,2023,2023-08-26,parma,cittadella,False
1063015,I2,2023,2023-08-26,feralpisalo,sudtirol,False
1063013,I2,2023,2023-08-26,como,reggiana,False
1063017,I2,2023,2023-08-26,modena,ascoli,False
1063012,I2,2023,2023-08-27,catanzaro,ternana,False
1063021,I2,2023,2023-08-29,ascoli,feralpisalo,False
1063026,I2,2023,2023-08-29,pisa,parma,False
1063027,I2,2023,2023-08-29,reggiana,palermo,False
1063025,I2,2023,2023-08-29,cosenza,modena,False
1063028,I2,2023,2023-08-30,sampdoria,venezia,False
1063022,I2,2023,2023-08-30,bari,cittadella,False
1063029,I2,2023,2023-08-30,ternana,cremonese,False
1063023,I2,2023,2023-08-30,catanzaro,spezia,False
1063034,I2,2023,2023-09-02,palermo,feralpisalo,False
1063035,I2,2023,2023-09-02,parma,reggiana,False
1063033,I2,2023,2023-09-02,modena,pisa,False
1063037,I2,2023,2023-09-02,sudtirol,ascoli,False
1125198,I2,2023,2023-09-03,brescia,cosenza,False
1063036,I2,2023,2023-09-03,spezia,como,False
1063038,I2,2023,2023-09-03,ternana,bari,False
1063031,I2,2023,2023-09-03,cremonese,sampdoria,False
1063032,I2,2023,2023-09-03,lecco,catanzaro,False
1063030,I2,2023,2023-09-03,cittadella,venezia,False
1063047,I2,2023,2023-09-15,venezia,spezia,False
1063039,I2,2023,2023-09-16,ascoli,palermo,False
1063044,I2,2023,2023-09-16,pisa,bari,False
1063043,I2,2023,2023-09-16,feralpisalo,modena,False
1125199,I2,2023,2023-09-16,lecco,brescia,False
1063042,I2,2023,2023-09-16,cosenza,sudtirol,False
1063045,I2,2023,2023-09-16,reggiana,cremonese,False
1063041,I2,2023,2023-09-17,como,ternana,False
1063040,I2,2023,2023-09-17,catanzaro,parma,False
1063046,I2,2023,2023-09-18,sampdoria,cittadella,False
1063053,I2,2023,2023-09-22,palermo,cosenza,False
1063056,I2,2023,2023-09-23,ternana,sudtirol,False
1125200,I2,2023,2023-09-23,brescia,venezia,False
1063050,I2,2023,2023-09-23,cremonese,ascoli,False
1063051,I2,2023,2023-09-23,feralpisalo,pisa,False
1063052,I2,2023,2023-09-23,modena,lecco,False
1063055,I2,2023,2023-09-23,spezia,reggiana,False
1063048,I2,2023,2023-09-24,bari,catanzaro,False
1063049,I2,2023,2023-09-24,cittadella,como,False
1063054,I2,2023,2023-09-24,parma,sampdoria,False
1063061,I2,2023,2023-09-26,lecco,feralpisalo,False
1063060,I2,2023,2023-09-26,cosenza,cremonese,False
1063057,I2,2023,2023-09-26,ascoli,ternana,False
1125201,I2,2023,2023-09-26,spezia,brescia,False
1063065,I2,2023,2023-09-26,venezia,palermo,False
1063063,I2,2023,2023-09-26,reggiana,pisa,False
1063064,I2,2023,2023-09-26,sudtirol,modena,False
1063062,I2,2023,2023-09-27,parma,bari,False
1063059,I2,2023,2023-09-27,como,sampdoria,False
1063058,I2,2023,2023-09-27,catanzaro,cittadella,False
1125202,I2,2023,2023-09-30,brescia,ascoli,False
1063072,I2,2023,2023-09-30,pisa,cosenza,False
1063069,I2,2023,2023-09-30,feralpisalo,spezia,False
1063070,I2,2023,2023-09-30,modena,venezia,False
1063074,I2,2023,2023-09-30,ternana,reggiana,False
1063073,I2,2023,2023-10-01,sampdoria,catanzaro,False
1063066,I2,2023,2023-10-01,bari,como,False
1063067,I2,2023,2023-10-01,cittadella,lecco,False
1063071,I2,2023,2023-10-01,palermo,sudtirol,False
1063068,I2,2023,2023-10-01,cremonese,parma,False
1125203,I2,2023,2023-10-06,brescia,feralpisalo,False
1063080,I2,2023,2023-10-07,reggiana,bari,False
1063079,I2,2023,2023-10-07,modena,palermo,False
1063082,I2,2023,2023-10-07,sudtirol,catanzaro,False
1063078,I2,2023,2023-10-07,cosenza,lecco,False
1063075,I2,2023,2023-10-07,ascoli,sampdoria,False
1063076,I2,2023,2023-10-07,cittadella,ternana,False
1063083,I2,2023,2023-10-07,venezia,parma,False
1063081,I2,2023,2023-10-08,spezia,pisa,False
1063077,I2,2023,2023-10-08,como,cremonese,False
1063089,I2,2023,2023-10-20,parma,como,False
1063084,I2,2023,2023-10-21,bari,modena,False
1125204,I2,2023,2023-10-21,ternana,brescia,False
1063086,I2,2023,2023-10-21,cremonese,sudtirol,False
1063090,I2,2023,2023-10-21,pisa,cittadella,False
1063087,I2,2023,2023-10-21,lecco,ascoli,False
1063085,I2,2023,2023-10-21,catanzaro,feralpisalo,False
1063092,I2,2023,2023-10-22,sampdoria,cosenza,False
1063091,I2,2023,2023-10-22,reggiana,venezia,False
1063088,I2,2023,2023-10-23,palermo,spezia,False
1125195,I2,2023,2023-10-24,brescia,modena,False
1063008,I2,2023,2023-10-24,pisa,lecco,False
1063094,I2,2023,2023-10-27,cittadella,cremonese,False
1063099,I2,2023,2023-10-28,spezia,cosenza,False
1063096,I2,2023,2023-10-28,feralpisalo,reggiana,False
1063095,I2,2023,2023-10-28,como,catanzaro,False
1063100,I2,2023,2023-10-28,sudtirol,sampdoria,False
1063093,I2,2023,2023-10-28,ascoli,parma,False
1063101,I2,2023,2023-10-29,venezia,pisa,False
1125205,I2,2023,2023-10-29,brescia,bari,False
1063098,I2,2023,2023-10-29,palermo,lecco,False
1063097,I2,2023,2023-10-29,modena,ternana,False
1063102,I2,2023,2023-11-04,bari,ascoli,False
1125206,I2,2023,2023-11-04,cittadella,brescia,False
1063110,I2,2023,2023-11-04,ternana,venezia,False
1063107,I2,2023,2023-11-04,pisa,como,False
1063103,I2,2023,2023-11-04,catanzaro,modena,False
1063104,I2,2023,2023-11-04,cosenza,feralpisalo,False
1063109,I2,2023,2023-11-04,sampdoria,palermo,False
1063105,I2,2023,2023-11-05,cremonese,spezia,False
1063106,I2,2023,2023-11-05,parma,sudtirol,False
1063108,I2,2023,2023-11-05,reggiana,lecco,False
1125196,I2,2023,2023-11-08,palermo,brescia,False
1063016,I2,2023,2023-11-08,lecco,spezia,False
1063119,I2,2023,2023-11-10,venezia,catanzaro,False
1063111,I2,2023,2023-11-11,ascoli,como,False
1063113,I2,2023,2023-11-11,feralpisalo,bari,False
1063118,I2,2023,2023-11-11,sudtirol,pisa,False
1063112,I2,2023,2023-11-11,cosenza,reggiana,False
1063115,I2,2023,2023-11-11,modena,sampdoria,False
1063117,I2,2023,2023-11-12,spezia,ternana,False
1125207,I2,2023,2023-11-12,brescia,cremonese,False
1063116,I2,2023,2023-11-12,palermo,cittadella,False
1063114,I2,2023,2023-11-12,lecco,parma,False
1063127,I2,2023,2023-11-24,sampdoria,spezia,False
1063120,I2,2023,2023-11-25,bari,venezia,False
1063122,I2,2023,2023-11-25,cittadella,sudtirol,False
1063124,I2,2023,2023-11-25,cremonese,lecco,False
1063125,I2,2023,2023-11-25,parma,modena,False
1063126,I2,2023,2023-11-25,reggiana,ascoli,False
1063123,I2,2023,2023-11-25,como,feralpisalo,False
1125208,I2,2023,2023-11-25,pisa,brescia,False
1063128,I2,2023,2023-11-26,ternana,palermo,False
1063121,I2,2023,2023-11-26,catanzaro,cosenza,False
1063024,I2,2023,2023-11-28,como,lecco,False
1125197,I2,2023,2023-11-28,sudtirol,brescia,False
1063133,I2,2023,2023-12-01,palermo,catanzaro,False
1063137,I2,2023,2023-12-02,venezia,ascoli,False
1063134,I2,2023,2023-12-02,pisa,cremonese,False
1063130,I2,2023,2023-12-02,feralpisalo,cittadella,False
1063132,I2,2023,2023-12-02,modena,reggiana,False
1063129,I2,2023,2023-12-02,cosenza,ternana,False
1063135,I2,2023,2023-12-02,spezia,parma,False
1125209,I2,2023,2023-12-03,brescia,sampdoria,False
1063136,I2,2023,2023-12-03,sudtirol,como,False
1063131,I2,2023,2023-12-03,lecco,bari,False
1063145,I2,2023,2023-12-09,sampdoria,lecco,False
1063138,I2,2023,2023-12-09,ascoli,spezia,False
1063139,I2,2023,2023-12-09,bari,sudtirol,False
1063141,I2,2023,2023-12-09,cittadella,cosenza,False
1063146,I2,2023,2023-12-09,ternana,feralpisalo,False
1063143,I2,2023,2023-12-09,cremonese,venezia,False
1063140,I2,2023,2023-12-09,catanzaro,pisa,False
1063144,I2,2023,2023-12-10,parma,palermo,False
1125210,I2,2023,2023-12-10,reggiana,brescia,False
1063142,I2,2023,2023-12-10,como,modena,False
1063154,I2,2023,2023-12-15,spezia,bari,False
1063155,I2,2023,2023-12-16,venezia,sudtirol,False
1125211,I2,2023,2023-12-16,brescia,como,False
1063153,I2,2023,2023-12-16,reggiana,sampdoria,False
1063149,I2,2023,2023-12-16,feralpisalo,cremonese,False
1063151,I2,2023,2023-12-16,modena,cittadella,False
1063147,I2,2023,2023-12-16,ascoli,catanzaro,False
1063152,I2,2023,2023-12-16,palermo,pisa,False
1063148,I2,2023,2023-12-16,cosenza,parma,False
1063150,I2,2023,2023-12-17,lecco,ternana,False
1063157,I2,2023,2023-12-23,cittadella,spezia,False
1063164,I2,2023,2023-12-23,venezia,lecco,False
1063159,I2,2023,2023-12-23,cremonese,modena,False
1063160,I2,2023,2023-12-23,parma,ternana,False
1063158,I2,2023,2023-12-23,como,palermo,False
1125212,I2,2023,2023-12-23,catanzaro,brescia,False
1063162,I2,2023,2023-12-23,sampdoria,feralpisalo,False
1063156,I2,2023,2023-12-23,bari,cosenza,False
1063161,I2,2023,2023-12-23,pisa,ascoli,False
1063163,I2,2023,2023-12-23,sudtirol,reggiana,False
1063170,I2,2023,2023-12-26,reggiana,catanzaro,False
1063165,I2,2023,2023-12-26,ascoli,cittadella,False
1063172,I2,2023,2023-12-26,spezia,modena,False
1063173,I2,2023,2023-12-26,ternana,pisa,False
1125213,I2,2023,2023-12-26,brescia,parma,False
1063167,I2,2023,2023-12-26,feralpisalo,venezia,False
1063168,I2,2023,2023-12-26,lecco,sudtirol,False
1063166,I2,2023,2023-12-26,cosenza,como,False
1063169,I2,2023,2023-12-26,palermo,cremonese,False
1063171,I2,2023,2023-12-26,sampdoria,bari,False
1063175,I2,2023,2024-01-12,catanzaro,lecco,False
1063174,I2,2023,2024-01-13,bari,ternana,False
1063176,I2,2023,2024-01-13,cittadella,palermo,False
1063177,I2,2023,2024-01-13,como,spezia,False
1125214,I2,2023,2024-01-13,modena,brescia,False
1063181,I2,2023,2024-01-13,sudtirol,feralpisalo,False
1063180,I2,2023,2024-01-13,pisa,reggiana,False
1063182,I2,2023,2024-01-14,venezia,sampdoria,False
1063178,I2,2023,2024-01-14,cremonese,cosenza,False
1063179,I2,2023,2024-01-14,parma,ascoli,False
1063189,I2,2023,2024-01-19,sampdoria,parma,False
1063190,I2,2023,2024-01-20,spezia,cremonese,False
1063191,I2,2023,2024-01-20,ternana,cittadella,False
1125215,I2,2023,2024-01-20,brescia,sudtirol,False
1063188,I2,2023,2024-01-20,reggiana,como,False
1063185,I2,2023,2024-01-20,feralpisalo,catanzaro,False
1063187,I2,2023,2024-01-20,palermo,modena,False
1063186,I2,2023,2024-01-20,lecco,pisa,False
1063184,I2,2023,2024-01-20,cosenza,venezia,False
1063183,I2,2023,2024-01-21,ascoli,bari,False
1063193,I2,2023,2024-01-26,catanzaro,palermo,False
1063200,I2,2023,2024-01-27,venezia,ternana,False
1125216,I2,2023,2024-01-27,cremonese,brescia,False
1063195,I2,2023,2024-01-27,como,ascoli,False
1063197,I2,2023,2024-01-27,modena,parma,False
1063199,I2,2023,2024-01-27,sudtirol,cosenza,False
1063192,I2,2023,2024-01-27,bari,reggiana,False
1063198,I2,2023,2024-01-27,pisa,spezia,False
1063196,I2,2023,2024-01-27,feralpisalo,lecco,False
1063194,I2,2023,2024-01-28,cittadella,sampdoria,False
1063204,I2,2023,2024-02-02,palermo,bari,False
1063208,I2,2023,2024-02-03,spezia,catanzaro,False
1125217,I2,2023,2024-02-03,brescia,cittadella,False
1063205,I2,2023,2024-02-03,parma,venezia,False
1063206,I2,2023,2024-02-03,reggiana,feralpisalo,False
1063202,I2,2023,2024-02-03,cosenza,pisa,False
1063207,I2,2023,2024-02-03,sampdoria,modena,False
1063209,I2,2023,2024-02-03,ternana,como,False
1063203,I2,2023,2024-02-03,lecco,cremonese,False
1063201,I2,2023,2024-02-04,ascoli,sudtirol,False
1125218,I2,2023,2024-02-09,como,brescia,False
1063212,I2,2023,2024-02-10,cittadella,parma,False
1063213,I2,2023,2024-02-10,cremonese,reggiana,False
1063214,I2,2023,2024-02-10,feralpisalo,palermo,False
1063215,I2,2023,2024-02-10,modena,cosenza,False
1063217,I2,2023,2024-02-10,sudtirol,venezia,False
1063210,I2,2023,2024-02-10,bari,lecco,False
1063216,I2,2023,2024-02-10,pisa,sampdoria,False
1063211,I2,2023,2024-02-10,catanzaro,ascoli,False
1063218,I2,2023,2024-02-11,ternana,spezia,False
1063219,I2,2023,2024-02-16,ascoli,cremonese,False
1063220,I2,2023,2024-02-17,bari,feralpisalo,False
1063226,I2,2023,2024-02-17,spezia,cittadella,False
1063224,I2,2023,2024-02-17,parma,pisa,False
1063225,I2,2023,2024-02-17,reggiana,ternana,False
1063222,I2,2023,2024-02-17,lecco,cosenza,False
1125219,I2,2023,2024-02-17,sampdoria,brescia,False
1063223,I2,2023,2024-02-17,palermo,como,False
1063221,I2,2023,2024-02-17,catanzaro,sudtirol,False
1063227,I2,2023,2024-02-18,venezia,modena,False
1063230,I2,2023,2024-02-23,cosenza,sampdoria,False
1063228,I2,2023,2024-02-24,cittadella,catanzaro,False
1125220,I2,2023,2024-02-24,brescia,reggiana,False
1063231,I2,2023,2024-02-24,cremonese,palermo,False
1063232,I2,2023,2024-02-24,feralpisalo,ascoli,False
1063235,I2,2023,2024-02-24,sudtirol,bari,False
1063236,I2,2023,2024-02-24,ternana,lecco,False
1063234,I2,2023,2024-02-24,pisa,venezia,False
1063229,I2,2023,2024-02-24,como,parma,False
1063233,I2,2023,2024-02-25,modena,spezia,False
1125221,I2,2023,2024-02-27,ascoli,brescia,False
1063242,I2,2023,2024-02-27,reggiana,sudtirol,False
1063243,I2,2023,2024-02-27,sampdoria,cremonese,False
1063239,I2,2023,2024-02-27,palermo,ternana,False
1063240,I2,2023,2024-02-27,parma,cosenza,False
1063237,I2,2023,2024-02-27,catanzaro,bari,False
1063238,I2,2023,2024-02-27,lecco,como,False
1063244,I2,2023,2024-02-28,spezia,feralpisalo,False
1063245,I2,2023,2024-02-28,venezia,cittadella,False
1063241,I2,2023,2024-02-28,pisa,modena,False
1063254,I2,2023,2024-03-02,ternana,parma,False
1125222,I2,2023,2024-03-02,brescia,palermo,False
1063253,I2,2023,2024-03-02,sudtirol,lecco,False
1063246,I2,2023,2024-03-03,ascoli,reggiana,False
1063247,I2,2023,2024-03-03,bari,spezia,False
1063248,I2,2023,2024-03-03,cittadella,pisa,False
1063251,I2,2023,2024-03-03,feralpisalo,sampdoria,False
1063249,I2,2023,2024-03-03,como,venezia,False
1063250,I2,2023,2024-03-03,cosenza,catanzaro,False
1063252,I2,2023,2024-03-03,modena,cremonese,False
1125223,I2,2023,2024-03-08,parma,brescia,False
1063262,I2,2023,2024-03-09,spezia,sudtirol,False
1063259,I2,2023,2024-03-09,modena,feralpisalo,False
1063256,I2,2023,2024-03-09,cosenza,cittadella,False
1063257,I2,2023,2024-03-09,cremonese,como,False
1063260,I2,2023,2024-03-09,pisa,ternana,False
1063255,I2,2023,2024-03-09,catanzaro,reggiana,False
1063263,I2,2023,2024-03-10,venezia,bari,False
1063258,I2,2023,2024-03-10,lecco,palermo,False
1063261,I2,2023,2024-03-11,sampdoria,ascoli,False
1063269,I2,2023,2024-03-15,palermo,venezia,False
1063272,I2,2023,2024-03-16,ternana,cosenza,False
1125224,I2,2023,2024-03-16,brescia,catanzaro,False
1063268,I2,2023,2024-03-16,feralpisalo,parma,False
1063267,I2,2023,2024-03-16,como,pisa,False
1063271,I2,2023,2024-03-16,sudtirol,cremonese,False
1063265,I2,2023,2024-03-16,bari,sampdoria,False
1063266,I2,2023,2024-03-16,cittadella,modena,False
1063270,I2,2023,2024-03-16,reggiana,spezia,False
1063264,I2,2023,2024-03-17,ascoli,lecco,False
1063276,I2,2023,2024-04-01,modena,bari,False
1063280,I2,2023,2024-04-01,spezia,ascoli,False
1063281,I2,2023,2024-04-01,venezia,reggiana,False
1063277,I2,2023,2024-04-01,parma,catanzaro,False
1063278,I2,2023,2024-04-01,pisa,palermo,False
1063273,I2,2023,2024-04-01,como,sudtirol,False
1063275,I2,2023,2024-04-01,lecco,cittadella,False
1125225,I2,2023,2024-04-01,cosenza,brescia,False
1063274,I2,2023,2024-04-01,cremonese,feralpisalo,False
1063279,I2,2023,2024-04-01,sampdoria,ternana,False
1063283,I2,2023,2024-04-05,bari,cremonese,False
1063288,I2,2023,2024-04-06,spezia,lecco,False
1063290,I2,2023,2024-04-06,ternana,modena,False
1125226,I2,2023,2024-04-06,brescia,pisa,False
1063285,I2,2023,2024-04-06,feralpisalo,cosenza,False
1063289,I2,2023,2024-04-06,sudtirol,parma,False
1063286,I2,2023,2024-04-06,palermo,sampdoria,False
1063287,I2,2023,2024-04-06,reggiana,cittadella,False
1063284,I2,2023,2024-04-06,catanzaro,como,False
1063282,I2,2023,2024-04-07,ascoli,venezia,False
1063296,I2,2023,2024-04-12,modena,catanzaro,False
1063299,I2,2023,2024-04-13,sampdoria,sudtirol,False
1063291,I2,2023,2024-04-13,cittadella,ascoli,False
1063294,I2,2023,2024-04-13,cremonese,ternana,False
1063298,I2,2023,2024-04-13,pisa,feralpisalo,False
1063292,I2,2023,2024-04-13,como,bari,False
1063297,I2,2023,2024-04-13,parma,spezia,False
1063295,I2,2023,2024-04-13,lecco,reggiana,False
1063293,I2,2023,2024-04-13,cosenza,palermo,False
1125227,I2,2023,2024-04-14,venezia,brescia,False
1063305,I2,2023,2024-04-19,palermo,parma,False
1063306,I2,2023,2024-04-19,reggiana,cosenza,False
1063300,I2,2023,2024-04-20,ascoli,modena,False
1063301,I2,2023,2024-04-20,bari,pisa,False
1125228,I2,2023,2024-04-20,brescia,ternana,False
1063303,I2,2023,2024-04-20,feralpisalo,como,False
1063307,I2,2023,2024-04-20,spezia,sampdoria,False
1063308,I2,2023,2024-04-20,sudtirol,cittadella,False
1063302,I2,2023,2024-04-20,catanzaro,cremonese,False
1063304,I2,2023,2024-04-20,lecco,venezia,False
1063317,I2,2023,2024-04-26,venezia,cremonese,False
1063314,I2,2023,2024-04-26,pisa,catanzaro,False
1063316,I2,2023,2024-04-27,ternana,ascoli,False
1125229,I2,2023,2024-04-27,brescia,spezia,False
1063313,I2,2023,2024-04-27,parma,lecco,False
1063311,I2,2023,2024-04-27,modena,sudtirol,False
1063315,I2,2023,2024-04-27,sampdoria,como,False
1063309,I2,2023,2024-04-27,cittadella,feralpisalo,False
1063312,I2,2023,2024-04-27,palermo,reggiana,False
1063310,I2,2023,2024-04-27,cosenza,bari,False
1063322,I2,2023,2024-05-01,cremonese,pisa,False
1063318,I2,2023,2024-05-01,ascoli,cosenza,False
1063325,I2,2023,2024-05-01,spezia,palermo,False
1063321,I2,2023,2024-05-01,como,cittadella,False
1063326,I2,2023,2024-05-01,sudtirol,ternana,False
1063320,I2,2023,2024-05-01,catanzaro,venezia,False
1063319,I2,2023,2024-05-01,bari,parma,False
1063324,I2,2023,2024-05-01,reggiana,modena,False
1125230,I2,2023,2024-05-01,feralpisalo,brescia,False
1063323,I2,2023,2024-05-01,lecco,sampdoria,False
1063333,I2,2023,2024-05-05,sampdoria,reggiana,False
1063327,I2,2023,2024-05-05,cittadella,bari,False
1063334,I2,2023,2024-05-05,ternana,catanzaro,False
1063335,I2,2023,2024-05-05,venezia,feralpisalo,False
1125231,I2,2023,2024-05-05,brescia,lecco,False
1063330,I2,2023,2024-05-05,palermo,ascoli,False
1063331,I2,2023,2024-05-05,parma,cremonese,False
1063332,I2,2023,2024-05-05,pisa,sudtirol,False
1063329,I2,2023,2024-05-05,modena,como,False
1063328,I2,2023,2024-05-05,cosenza,spezia,False
1063336,I2,2023,2024-05-10,ascoli,pisa,False
1125232,I2,2023,2024-05-10,bari,brescia,False
1063343,I2,2023,2024-05-10,spezia,venezia,False
1063339,I2,2023,2024-05-10,cremonese,cittadella,False
1063342,I2,2023,2024-05-10,reggiana,parma,False
1063340,I2,2023,2024-05-10,feralpisalo,ternana,False
1063338,I2,2023,2024-05-10,como,cosenza,False
1063344,I2,2023,2024-05-10,sudtirol,palermo,False
1063337,I2,2023,2024-05-10,catanzaro,sampdoria,False
1063341,I2,2023,2024-05-10,lecco,modena,False
1199922,I2,2023,2024-05-16,bari,ternana,False
1199924,I2,2023,2024-05-17,palermo,sampdoria,False
1200639,I2,2023,2024-05-20,palermo,venezia,False
1200641,I2,2023,2024-05-21,catanzaro,cremonese,False
1199923,I2,2023,2024-05-23,ternana,bari,False
1200640,I2,2023,2024-05-24,venezia,palermo,False
1200642,I2,2023,2024-05-25,cremonese,catanzaro,False
1201363,I2,2023,2024-05-30,cremonese,venezia,False
1201364,I2,2023,2024-06-02,venezia,cremonese,False
1234631,I2,2024,2024-08-16,brescia,palermo,False
1234630,I2,2024,2024-08-17,bari,juve stabia,False
1234638,I2,2024,2024-08-17,salernitana,cittadella,False
1234636,I2,2024,2024-08-17,pisa,spezia,False
1234639,I2,2024,2024-08-17,sudtirol,modena,False
1234633,I2,2024,2024-08-18,cesena,carrarese,False
1234635,I2,2024,2024-08-18,frosinone,sampdoria,False
1234637,I2,2024,2024-08-18,reggiana,mantova,False
1234632,I2,2024,2024-08-18,catanzaro,sassuolo,False
1234634,I2,2024,2024-08-18,cosenza,cremonese,False
1234644,I2,2024,2024-08-23,modena,bari,False
1234649,I2,2024,2024-08-24,sudtirol,salernitana,False
1234647,I2,2024,2024-08-24,sassuolo,cesena,False
1234646,I2,2024,2024-08-24,sampdoria,reggiana,False
1234648,I2,2024,2024-08-24,spezia,frosinone,False
1234640,I2,2024,2024-08-24,brescia,cittadella,False
1234642,I2,2024,2024-08-24,cremonese,carrarese,False
1234645,I2,2024,2024-08-24,pisa,palermo,False
1234641,I2,2024,2024-08-25,catanzaro,juve stabia,False
1234643,I2,2024,2024-08-25,mantova,cosenza,False
1234650,I2,2024,2024-08-27,bari,sassuolo,False
1234653,I2,2024,2024-08-27,cittadella,pisa,False
1234656,I2,2024,2024-08-27,frosinone,modena,False
1234659,I2,2024,2024-08-27,salernitana,sampdoria,False
1234655,I2,2024,2024-08-27,cremonese,palermo,False
1234658,I2,2024,2024-08-27,reggiana,brescia,False
1234651,I2,2024,2024-08-27,carrarese,sudtirol,False
1234652,I2,2024,2024-08-28,cesena,catanzaro,False
1234657,I2,2024,2024-08-28,juve stabia,mantova,False
1234654,I2,2024,2024-08-28,cosenza,spezia,False
1234666,I2,2024,2024-08-31,sampdoria,bari,False
1234667,I2,2024,2024-08-31,sassuolo,cremonese,False
1234665,I2,2024,2024-08-31,pisa,reggiana,False
1234663,I2,2024,2024-08-31,modena,cittadella,False
1234669,I2,2024,2024-08-31,sudtirol,brescia,False
1234661,I2,2024,2024-09-01,frosinone,juve stabia,False
1234668,I2,2024,2024-09-01,spezia,cesena,False
1234664,I2,2024,2024-09-01,palermo,cosenza,False
1234660,I2,2024,2024-09-01,catanzaro,carrarese,False
1234662,I2,2024,2024-09-01,mantova,salernitana,False
1234673,I2,2024,2024-09-13,cesena,modena,False
1234670,I2,2024,2024-09-14,bari,mantova,False
1234674,I2,2024,2024-09-14,cittadella,catanzaro,False
1234671,I2,2024,2024-09-14,brescia,frosinone,False
1234676,I2,2024,2024-09-14,cremonese,spezia,False
1234677,I2,2024,2024-09-14,juve stabia,palermo,False
1234679,I2,2024,2024-09-15,salernitana,pisa,False
1234678,I2,2024,2024-09-15,reggiana,sudtirol,False
1234672,I2,2024,2024-09-15,carrarese,sassuolo,False
1234675,I2,2024,2024-09-15,cosenza,sampdoria,False
1234680,I2,2024,2024-09-20,catanzaro,cremonese,False
1234688,I2,2024,2024-09-21,sampdoria,sudtirol,False
1234685,I2,2024,2024-09-21,palermo,cesena,False
1234686,I2,2024,2024-09-21,pisa,brescia,False
1234687,I2,2024,2024-09-21,reggiana,salernitana,False
1234681,I2,2024,2024-09-21,cosenza,sassuolo,False
1234684,I2,2024,2024-09-21,modena,juve stabia,False
1234682,I2,2024,2024-09-22,frosinone,bari,False
1234689,I2,2024,2024-09-22,spezia,carrarese,False
1234683,I2,2024,2024-09-22,mantova,cittadella,False
1234694,I2,2024,2024-09-27,cittadella,frosinone,False
1234698,I2,2024,2024-09-28,sassuolo,spezia,False
1234690,I2,2024,2024-09-28,bari,cosenza,False
1234692,I2,2024,2024-09-28,carrarese,reggiana,False
1234693,I2,2024,2024-09-29,cesena,mantova,False
1234697,I2,2024,2024-09-29,salernitana,catanzaro,False
1234695,I2,2024,2024-09-29,juve stabia,pisa,False
1234696,I2,2024,2024-09-29,modena,sampdoria,False
1234699,I2,2024,2024-09-30,sudtirol,palermo,False
1234691,I2,2024,2024-09-30,brescia,cremonese,False
1234707,I2,2024,2024-10-04,sampdoria,juve stabia,False
1234708,I2,2024,2024-10-05,sassuolo,cittadella,False
1234703,I2,2024,2024-10-05,frosinone,carrarese,False
1234709,I2,2024,2024-10-05,spezia,reggiana,False
1234706,I2,2024,2024-10-05,pisa,cesena,False
1234702,I2,2024,2024-10-06,cremonese,bari,False
1234705,I2,2024,2024-10-06,palermo,salernitana,False
1234700,I2,2024,2024-10-06,catanzaro,modena,False
1234704,I2,2024,2024-10-06,mantova,brescia,False
1234701,I2,2024,2024-10-06,cosenza,sudtirol,False
1234710,I2,2024,2024-10-18,bari,catanzaro,False
1234714,I2,2024,2024-10-19,cittadella,cosenza,False
1234718,I2,2024,2024-10-19,salernitana,spezia,False
1234716,I2,2024,2024-10-19,modena,palermo,False
1234719,I2,2024,2024-10-19,sudtirol,pisa,False
1234711,I2,2024,2024-10-19,brescia,sassuolo,False
1234715,I2,2024,2024-10-20,juve stabia,cremonese,False
1234717,I2,2024,2024-10-20,reggiana,frosinone,False
1234712,I2,2024,2024-10-20,carrarese,mantova,False
1234713,I2,2024,2024-10-20,cesena,sampdoria,False
1234729,I2,2024,2024-10-25,spezia,bari,False
1234722,I2,2024,2024-10-26,cesena,brescia,False
1234724,I2,2024,2024-10-26,cremonese,salernitana,False
1234726,I2,2024,2024-10-26,palermo,reggiana,False
1234723,I2,2024,2024-10-26,cosenza,juve stabia,False
1234728,I2,2024,2024-10-26,sassuolo,modena,False
1234720,I2,2024,2024-10-26,carrarese,cittadella,False
1234727,I2,2024,2024-10-27,sampdoria,mantova,False
1234725,I2,2024,2024-10-27,frosinone,pisa,False
1234721,I2,2024,2024-10-27,catanzaro,sudtirol,False
1234730,I2,2024,2024-10-29,bari,carrarese,False
1234738,I2,2024,2024-10-29,salernitana,cesena,False
1234731,I2,2024,2024-10-29,brescia,spezia,False
1234733,I2,2024,2024-10-29,juve stabia,sassuolo,False
1234737,I2,2024,2024-10-29,reggiana,cosenza,False
1234735,I2,2024,2024-10-29,modena,cremonese,False
1234739,I2,2024,2024-10-30,sudtirol,frosinone,False
1234732,I2,2024,2024-10-30,cittadella,sampdoria,False
1234736,I2,2024,2024-10-30,pisa,catanzaro,False
1234734,I2,2024,2024-10-30,mantova,palermo,False
1234740,I2,2024,2024-11-02,bari,reggiana,False
1234749,I2,2024,2024-11-02,spezia,modena,False
1234741,I2,2024,2024-11-02,carrarese,juve stabia,False
1234743,I2,2024,2024-11-03,cesena,sudtirol,False
1234745,I2,2024,2024-11-03,cremonese,pisa,False
1234746,I2,2024,2024-11-03,palermo,cittadella,False
1234742,I2,2024,2024-11-03,catanzaro,frosinone,False
1234744,I2,2024,2024-11-03,cosenza,salernitana,False
1234748,I2,2024,2024-11-03,sassuolo,mantova,False
1234747,I2,2024,2024-11-03,sampdoria,brescia,False
1234752,I2,2024,2024-11-08,frosinone,palermo,False
1234750,I2,2024,2024-11-09,brescia,cosenza,False
1234756,I2,2024,2024-11-09,pisa,sampdoria,False
1234755,I2,2024,2024-11-09,modena,carrarese,False
1234759,I2,2024,2024-11-09,sudtirol,sassuolo,False
1234754,I2,2024,2024-11-09,mantova,cremonese,False
1234751,I2,2024,2024-11-10,cittadella,cesena,False
1234753,I2,2024,2024-11-10,juve stabia,spezia,False
1234757,I2,2024,2024-11-10,reggiana,catanzaro,False
1234758,I2,2024,2024-11-10,salernitana,bari,False
1234764,I2,2024,2024-11-22,cosenza,modena,False
1234768,I2,2024,2024-11-23,sassuolo,salernitana,False
1234766,I2,2024,2024-11-23,juve stabia,brescia,False
1234761,I2,2024,2024-11-23,carrarese,pisa,False
1234762,I2,2024,2024-11-23,catanzaro,mantova,False
1234763,I2,2024,2024-11-23,cesena,reggiana,False
1234760,I2,2024,2024-11-24,bari,cittadella,False
1234769,I2,2024,2024-11-24,spezia,sudtirol,False
1234765,I2,2024,2024-11-24,cremonese,frosinone,False
1234767,I2,2024,2024-11-24,palermo,sampdoria,False
1234776,I2,2024,2024-11-29,reggiana,sassuolo,False
1234778,I2,2024,2024-11-30,sampdoria,catanzaro,False
1234771,I2,2024,2024-11-30,cittadella,juve stabia,False
1234770,I2,2024,2024-11-30,brescia,bari,False
1234779,I2,2024,2024-11-30,sudtirol,cremonese,False
1234773,I2,2024,2024-11-30,mantova,modena,False
1234772,I2,2024,2024-12-01,frosinone,cesena,False
1234774,I2,2024,2024-12-01,palermo,spezia,False
1234775,I2,2024,2024-12-01,pisa,cosenza,False
1234777,I2,2024,2024-12-01,salernitana,carrarese,False
1234785,I2,2024,2024-12-06,juve stabia,sudtirol,False
1234780,I2,2024,2024-12-07,bari,cesena,False
1234787,I2,2024,2024-12-07,modena,salernitana,False
1234781,I2,2024,2024-12-07,carrarese,palermo,False
1234786,I2,2024,2024-12-07,mantova,pisa,False
1234783,I2,2024,2024-12-07,cosenza,frosinone,False
1234789,I2,2024,2024-12-08,spezia,cittadella,False
1234784,I2,2024,2024-12-08,cremonese,reggiana,False
1234782,I2,2024,2024-12-08,catanzaro,brescia,False
1234788,I2,2024,2024-12-08,sassuolo,sampdoria,False
1234795,I2,2024,2024-12-13,pisa,bari,False
1234791,I2,2024,2024-12-14,cesena,cosenza,False
1234793,I2,2024,2024-12-14,frosinone,sassuolo,False
1234796,I2,2024,2024-12-14,reggiana,modena,False
1234799,I2,2024,2024-12-14,sudtirol,mantova,False
1234798,I2,2024,2024-12-14,sampdoria,spezia,False
1234792,I2,2024,2024-12-15,cittadella,cremonese,False
1234790,I2,2024,2024-12-15,brescia,carrarese,False
1234794,I2,2024,2024-12-15,palermo,catanzaro,False
1234797,I2,2024,2024-12-15,salernitana,juve stabia,False
1234808,I2,2024,2024-12-20,salernitana,brescia,False
1234809,I2,2024,2024-12-21,sassuolo,palermo,False
1234800,I2,2024,2024-12-21,bari,sudtirol,False
1234801,I2,2024,2024-12-21,carrarese,cosenza,False
1234806,I2,2024,2024-12-21,mantova,frosinone,False
1234803,I2,2024,2024-12-21,cittadella,reggiana,False
1234807,I2,2024,2024-12-21,modena,pisa,False
1234802,I2,2024,2024-12-21,catanzaro,spezia,False
1234805,I2,2024,2024-12-22,juve stabia,cesena,False
1234804,I2,2024,2024-12-22,cremonese,sampdoria,False
1234815,I2,2024,2024-12-26,pisa,sassuolo,False
1234811,I2,2024,2024-12-26,cesena,cremonese,False
1234813,I2,2024,2024-12-26,frosinone,salernitana,False
1234818,I2,2024,2024-12-26,spezia,mantova,False
1234810,I2,2024,2024-12-26,brescia,modena,False
1234816,I2,2024,2024-12-26,reggiana,juve stabia,False
1234819,I2,2024,2024-12-26,sudtirol,cittadella,False
1234812,I2,2024,2024-12-26,cosenza,catanzaro,False
1234814,I2,2024,2024-12-26,palermo,bari,False
1234817,I2,2024,2024-12-26,sampdoria,carrarese,False
1234824,I2,2024,2024-12-29,cremonese,brescia,False
1234829,I2,2024,2024-12-29,sassuolo,cosenza,False
1234820,I2,2024,2024-12-29,bari,spezia,False
1234827,I2,2024,2024-12-29,modena,sudtirol,False
1234821,I2,2024,2024-12-29,carrarese,cesena,False
1234826,I2,2024,2024-12-29,mantova,reggiana,False
1234823,I2,2024,2024-12-29,cittadella,palermo,False
1234825,I2,2024,2024-12-29,juve stabia,frosinone,False
1234822,I2,2024,2024-12-29,catanzaro,salernitana,False
1234828,I2,2024,2024-12-29,sampdoria,pisa,False
1234837,I2,2024,2025-01-12,salernitana,sassuolo,False
1234833,I2,2024,2025-01-12,frosinone,cremonese,False
1234838,I2,2024,2025-01-12,spezia,juve stabia,False
1234834,I2,2024,2025-01-12,palermo,modena,False
1234836,I2,2024,2025-01-12,reggiana,bari,False
1234839,I2,2024,2025-01-12,sudtirol,catanzaro,False
1234832,I2,2024,2025-01-12,cosenza,mantova,False
1234831,I2,2024,2025-01-12,cesena,cittadella,False
1234830,I2,2024,2025-01-12,brescia,sampdoria,False
1234835,I2,2024,2025-01-13,pisa,carrarese,False
1234848,I2,2024,2025-01-17,sampdoria,cesena,False
1234843,I2,2024,2025-01-18,cittadella,mantova,False
1234847,I2,2024,2025-01-18,salernitana,reggiana,False
1234844,I2,2024,2025-01-18,cremonese,cosenza,False
1234845,I2,2024,2025-01-18,modena,frosinone,False
1234840,I2,2024,2025-01-18,bari,brescia,False
1234849,I2,2024,2025-01-19,sassuolo,sudtirol,False
1234846,I2,2024,2025-01-19,palermo,juve stabia,False
1234842,I2,2024,2025-01-19,catanzaro,pisa,False
1234841,I2,2024,2025-01-19,carrarese,spezia,False
1234859,I2,2024,2025-01-24,spezia,sassuolo,False
1234851,I2,2024,2025-01-25,cesena,bari,False
1234854,I2,2024,2025-01-25,frosinone,sudtirol,False
1234855,I2,2024,2025-01-25,juve stabia,carrarese,False
1234852,I2,2024,2025-01-25,cosenza,cittadella,False
1234856,I2,2024,2025-01-25,mantova,sampdoria,False
1234850,I2,2024,2025-01-26,brescia,catanzaro,False
1234857,I2,2024,2025-01-26,pisa,salernitana,False
1234858,I2,2024,2025-01-26,reggiana,palermo,False
1234853,I2,2024,2025-01-26,cremonese,modena,False
1234865,I2,2024,2025-01-31,palermo,pisa,False
1234868,I2,2024,2025-02-01,sassuolo,juve stabia,False
1234867,I2,2024,2025-02-01,sampdoria,cosenza,False
1234863,I2,2024,2025-02-01,cittadella,spezia,False
1234862,I2,2024,2025-02-01,catanzaro,cesena,False
1234864,I2,2024,2025-02-01,modena,mantova,False
1234866,I2,2024,2025-02-02,salernitana,cremonese,False
1234869,I2,2024,2025-02-02,sudtirol,reggiana,False
1234861,I2,2024,2025-02-02,carrarese,brescia,False
1234860,I2,2024,2025-02-02,bari,frosinone,False
1234870,I2,2024,2025-02-07,brescia,salernitana,False
1234873,I2,2024,2025-02-08,frosinone,catanzaro,False
1234876,I2,2024,2025-02-08,pisa,cittadella,False
1234875,I2,2024,2025-02-08,mantova,sassuolo,False
1234871,I2,2024,2025-02-08,cosenza,carrarese,False
1234878,I2,2024,2025-02-08,sampdoria,modena,False
1234879,I2,2024,2025-02-09,spezia,palermo,False
1234872,I2,2024,2025-02-09,cremonese,sudtirol,False
1234877,I2,2024,2025-02-09,reggiana,cesena,False
1234874,I2,2024,2025-02-09,juve stabia,bari,False
1234882,I2,2024,2025-02-14,catanzaro,cittadella,False
1234888,I2,2024,2025-02-15,sassuolo,brescia,False
1234886,I2,2024,2025-02-15,modena,spezia,False
1234889,I2,2024,2025-02-15,sudtirol,sampdoria,False
1234881,I2,2024,2025-02-15,carrarese,salernitana,False
1234880,I2,2024,2025-02-15,bari,cremonese,False
1234884,I2,2024,2025-02-16,frosinone,reggiana,False
1234887,I2,2024,2025-02-16,palermo,mantova,False
1234885,I2,2024,2025-02-16,juve stabia,cosenza,False
1234883,I2,2024,2025-02-16,cesena,pisa,False
1234898,I2,2024,2025-02-21,sampdoria,sassuolo,False
1234891,I2,2024,2025-02-22,cittadella,modena,False
1234895,I2,2024,2025-02-22,pisa,juve stabia,False
1234896,I2,2024,2025-02-22,reggiana,carrarese,False
1234894,I2,2024,2025-02-22,mantova,bari,False
1234893,I2,2024,2025-02-22,cremonese,cesena,False
1234899,I2,2024,2025-02-23,spezia,catanzaro,False
1234890,I2,2024,2025-02-23,brescia,sudtirol,False
1234892,I2,2024,2025-02-23,cosenza,palermo,False
1234897,I2,2024,2025-02-23,salernitana,frosinone,False
1234909,I2,2024,2025-02-28,sudtirol,spezia,False
1234903,I2,2024,2025-03-01,cesena,salernitana,False
1234904,I2,2024,2025-03-01,frosinone,mantova,False
1234905,I2,2024,2025-03-01,juve stabia,cittadella,False
1234901,I2,2024,2025-03-01,carrarese,cremonese,False
1234908,I2,2024,2025-03-01,sassuolo,pisa,False
1234907,I2,2024,2025-03-02,palermo,brescia,False
1234906,I2,2024,2025-03-02,modena,cosenza,False
1234902,I2,2024,2025-03-02,catanzaro,reggiana,False
1234900,I2,2024,2025-03-02,bari,sampdoria,False
1234913,I2,2024,2025-03-07,cosenza,reggiana,False
1234916,I2,2024,2025-03-08,salernitana,modena,False
1234914,I2,2024,2025-03-08,cremonese,catanzaro,False
1234911,I2,2024,2025-03-08,carrarese,frosinone,False
1234915,I2,2024,2025-03-08,mantova,juve stabia,False
1234917,I2,2024,2025-03-08,sampdoria,palermo,False
1234910,I2,2024,2025-03-08,brescia,cesena,False
1234918,I2,2024,2025-03-09,sassuolo,bari,False
1234919,I2,2024,2025-03-09,spezia,pisa,False
1234912,I2,2024,2025-03-09,cittadella,sudtirol,False
1234926,I2,2024,2025-03-14,palermo,cremonese,False
1234922,I2,2024,2025-03-15,cesena,spezia,False
1234923,I2,2024,2025-03-15,cittadella,sassuolo,False
1234924,I2,2024,2025-03-15,frosinone,brescia,False
1234925,I2,2024,2025-03-15,juve stabia,modena,False
1234920,I2,2024,2025-03-15,bari,salernitana,False
1234927,I2,2024,2025-03-16,pisa,mantova,False
1234928,I2,2024,2025-03-16,reggiana,sampdoria,False
1234929,I2,2024,2025-03-16,sudtirol,carrarese,False
1234921,I2,2024,2025-03-16,catanzaro,cosenza,False
1234939,I2,2024,2025-03-28,spezia,brescia,False
1234937,I2,2024,2025-03-29,sampdoria,frosinone,False
1234935,I2,2024,2025-03-29,modena,catanzaro,False
1234934,I2,2024,2025-03-29,mantova,sudtirol,False
1234932,I2,2024,2025-03-29,cosenza,pisa,False
1234933,I2,2024,2025-03-29,cremonese,cittadella,False
1234938,I2,2024,2025-03-29,sassuolo,reggiana,False
1234931,I2,2024,2025-03-30,cesena,juve stabia,False
1234930,I2,2024,2025-03-30,carrarese,bari,False
1234936,I2,2024,2025-03-30,salernitana,palermo,False
1234947,I2,2024,2025-04-04,reggiana,cremonese,False
1234942,I2,2024,2025-04-05,cittadella,carrarese,False
1234943,I2,2024,2025-04-05,frosinone,cosenza,False
1234940,I2,2024,2025-04-05,brescia,mantova,False
1234949,I2,2024,2025-04-05,sudtirol,cesena,False
1234946,I2,2024,2025-04-05,pisa,modena,False
1234944,I2,2024,2025-04-05,juve stabia,salernitana,False
1234945,I2,2024,2025-04-06,palermo,sassuolo,False
1234941,I2,2024,2025-04-06,catanzaro,bari,False
1234948,I2,2024,2025-04-06,spezia,sampdoria,False
1234950,I2,2024,2025-04-11,bari,palermo,False
1234958,I2,2024,2025-04-12,salernitana,sudtirol,False
1234957,I2,2024,2025-04-12,reggiana,pisa,False
1234951,I2,2024,2025-04-12,carrarese,catanzaro,False
1234953,I2,2024,2025-04-12,cosenza,brescia,False
1234959,I2,2024,2025-04-12,sampdoria,cittadella,False
1234956,I2,2024,2025-04-12,modena,sassuolo,False
1234952,I2,2024,2025-04-13,cesena,frosinone,False
1234954,I2,2024,2025-04-13,cremonese,juve stabia,False
1234955,I2,2024,2025-04-13,mantova,spezia,False
1234976,I2,2024,2025-04-25,frosinone,spezia,False
1234970,I2,2024,2025-04-25,bari,modena,False
1234978,I2,2024,2025-04-25,salernitana,cosenza,False
1234971,I2,2024,2025-04-25,brescia,pisa,False
1234977,I2,2024,2025-04-25,reggiana,cittadella,False
1234972,I2,2024,2025-04-25,carrarese,sampdoria,False
1234975,I2,2024,2025-04-25,cremonese,mantova,False
1234974,I2,2024,2025-04-25,cesena,sassuolo,False
1234979,I2,2024,2025-04-27,sudtirol,juve stabia,False
1234973,I2,2024,2025-04-27,catanzaro,palermo,False
1234982,I2,2024,2025-05-01,juve stabia,catanzaro,False
1234987,I2,2024,2025-05-01,sampdoria,cremonese,False
1234989,I2,2024,2025-05-01,spezia,salernitana,False
1234985,I2,2024,2025-05-01,palermo,sudtirol,False
1234986,I2,2024,2025-05-01,pisa,frosinone,False
1234984,I2,2024,2025-05-01,modena,reggiana,False
1234983,I2,2024,2025-05-01,mantova,cesena,False
1234981,I2,2024,2025-05-01,cosenza,bari,False
1234980,I2,2024,2025-05-01,cittadella,brescia,False
1234988,I2,2024,2025-05-01,sassuolo,carrarese,False
1234990,I2,2024,2025-05-04,bari,pisa,False
1234994,I2,2024,2025-05-04,cesena,palermo,False
1234996,I2,2024,2025-05-04,frosinone,cittadella,False
1234998,I2,2024,2025-05-04,salernitana,mantova,False
1234991,I2,2024,2025-05-04,brescia,juve stabia,False
1234997,I2,2024,2025-05-04,reggiana,spezia,False
1234999,I2,2024,2025-05-04,sudtirol,cosenza,False
1234992,I2,2024,2025-05-04,carrarese,modena,False
1234993,I2,2024,2025-05-04,catanzaro,sampdoria,False
1234995,I2,2024,2025-05-04,cremonese,sassuolo,False
1235008,I2,2024,2025-05-09,sassuolo,catanzaro,False
1235007,I2,2024,2025-05-09,sampdoria,salernitana,False
1235000,I2,2024,2025-05-09,cittadella,bari,False
1235009,I2,2024,2025-05-09,spezia,cremonese,False
1235005,I2,2024,2025-05-09,palermo,frosinone,False
1235006,I2,2024,2025-05-09,pisa,sudtirol,False
1235002,I2,2024,2025-05-09,juve stabia,reggiana,False
1235004,I2,2024,2025-05-09,modena,brescia,False
1235003,I2,2024,2025-05-09,mantova,carrarese,False
1235001,I2,2024,2025-05-09,cosenza,cesena,False
1234967,I2,2024,2025-05-13,sassuolo,frosinone,False
1234961,I2,2024,2025-05-13,cittadella,salernitana,False
1234968,I2,2024,2025-05-13,spezia,cosenza,False
1234960,I2,2024,2025-05-13,brescia,reggiana,False
1234965,I2,2024,2025-05-13,palermo,carrarese,False
1234966,I2,2024,2025-05-13,pisa,cremonese,False
1234962,I2,2024,2025-05-13,juve stabia,sampdoria,False
1234964,I2,2024,2025-05-13,modena,cesena,False
1234969,I2,2024,2025-05-13,sudtirol,bari,False
1234963,I2,2024,2025-05-13,mantova,catanzaro,False
1375443,I2,2024,2025-05-17,catanzaro,cesena,False
1375444,I2,2024,2025-05-17,juve stabia,palermo,False
1375818,I2,2024,2025-05-21,juve stabia,cremonese,False
1375820,I2,2024,2025-05-21,catanzaro,spezia,False
1375819,I2,2024,2025-05-25,cremonese,juve stabia,False
1375821,I2,2024,2025-05-25,spezia,catanzaro,False
1376535,I2,2024,2025-05-29,cremonese,spezia,False
1376536,I2,2024,2025-06-01,spezia,cremonese,False
1375442,I2,2024,2025-06-15,sampdoria,salernitana,False
872530,SW1,2022,2022-07-16,bsc young boys,fc zurich,False
872531,SW1,2022,2022-07-16,fc winterthur,fc basel 1893,False
872532,SW1,2022,2022-07-17,fc lugano,fc sion,False
872533,SW1,2022,2022-07-17,servette fc,fc st. gallen,False
872535,SW1,2022,2022-07-23,fc zurich,fc luzern,False
872536,SW1,2022,2022-07-23,fc st. gallen,fc winterthur,False
872537,SW1,2022,2022-07-24,fc basel 1893,servette fc,False
872539,SW1,2022,2022-07-24,fc sion,bsc young boys,False
872538,SW1,2022,2022-07-24,grasshoppers,fc lugano,False
872540,SW1,2022,2022-07-30,fc st. gallen,fc zurich,False
872541,SW1,2022,2022-07-30,fc sion,servette fc,False
872543,SW1,2022,2022-07-31,bsc young boys,grasshoppers,False
872542,SW1,2022,2022-07-31,fc winterthur,fc lugano,False
872545,SW1,2022,2022-08-06,servette fc,fc winterthur,False
872546,SW1,2022,2022-08-06,grasshoppers,fc st. gallen,False
872547,SW1,2022,2022-08-07,fc zurich,fc sion,False
872548,SW1,2022,2022-08-07,fc basel 1893,bsc young boys,False
872549,SW1,2022,2022-08-07,fc lugano,fc luzern,False
872534,SW1,2022,2022-08-10,fc luzern,grasshoppers,False
872550,SW1,2022,2022-08-13,fc sion,grasshoppers,False
872552,SW1,2022,2022-08-13,fc st. gallen,fc luzern,False
872551,SW1,2022,2022-08-14,fc winterthur,fc zurich,False
872553,SW1,2022,2022-08-14,fc basel 1893,fc lugano,False
872554,SW1,2022,2022-08-14,bsc young boys,servette fc,False
872555,SW1,2022,2022-08-27,fc luzern,fc sion,False
872556,SW1,2022,2022-08-27,servette fc,grasshoppers,False
872557,SW1,2022,2022-08-28,fc lugano,fc st. gallen,False
872559,SW1,2022,2022-08-28,fc zurich,fc basel 1893,False
872558,SW1,2022,2022-08-28,fc winterthur,bsc young boys,False
872560,SW1,2022,2022-09-03,fc sion,fc basel 1893,False
872561,SW1,2022,2022-09-03,fc zurich,fc lugano,False
872562,SW1,2022,2022-09-04,fc luzern,servette fc,False
872564,SW1,2022,2022-09-04,fc st. gallen,bsc young boys,False
872563,SW1,2022,2022-09-04,grasshoppers,fc winterthur,False
872565,SW1,2022,2022-09-10,fc st. gallen,fc sion,False
872567,SW1,2022,2022-09-10,fc winterthur,fc luzern,False
872566,SW1,2022,2022-09-11,servette fc,fc zurich,False
872568,SW1,2022,2022-09-11,fc basel 1893,grasshoppers,False
872569,SW1,2022,2022-09-11,bsc young boys,fc lugano,False
872570,SW1,2022,2022-10-01,fc basel 1893,fc st. gallen,False
872571,SW1,2022,2022-10-01,grasshoppers,fc zurich,False
872572,SW1,2022,2022-10-02,fc sion,fc winterthur,False
872573,SW1,2022,2022-10-02,fc lugano,servette fc,False
872574,SW1,2022,2022-10-02,fc luzern,bsc young boys,False
872575,SW1,2022,2022-10-08,grasshoppers,fc sion,False
872578,SW1,2022,2022-10-08,bsc young boys,fc st. gallen,False
872577,SW1,2022,2022-10-09,servette fc,fc luzern,False
872576,SW1,2022,2022-10-09,fc lugano,fc basel 1893,False
872579,SW1,2022,2022-10-09,fc zurich,fc winterthur,False
872581,SW1,2022,2022-10-15,fc sion,fc luzern,False
872583,SW1,2022,2022-10-15,fc winterthur,grasshoppers,False
872582,SW1,2022,2022-10-16,fc st. gallen,fc lugano,False
872584,SW1,2022,2022-10-16,fc zurich,bsc young boys,False
872580,SW1,2022,2022-10-16,servette fc,fc basel 1893,False
872589,SW1,2022,2022-10-18,fc winterthur,fc sion,False
872587,SW1,2022,2022-10-19,fc lugano,bsc young boys,False
872588,SW1,2022,2022-10-19,fc luzern,fc st. gallen,False
872585,SW1,2022,2022-10-20,fc basel 1893,fc zurich,False
872586,SW1,2022,2022-10-20,grasshoppers,servette fc,False
872593,SW1,2022,2022-10-22,bsc young boys,fc sion,False
872591,SW1,2022,2022-10-22,fc luzern,fc lugano,False
872590,SW1,2022,2022-10-23,fc basel 1893,fc winterthur,False
872594,SW1,2022,2022-10-23,fc zurich,grasshoppers,False
872592,SW1,2022,2022-10-23,fc st. gallen,servette fc,False
872595,SW1,2022,2022-10-29,grasshoppers,fc luzern,False
872596,SW1,2022,2022-10-29,servette fc,fc lugano,False
872597,SW1,2022,2022-10-30,fc sion,fc zurich,False
872599,SW1,2022,2022-10-30,bsc young boys,fc basel 1893,False
872598,SW1,2022,2022-10-30,fc winterthur,fc st. gallen,False
872604,SW1,2022,2022-11-05,fc st. gallen,grasshoppers,False
872602,SW1,2022,2022-11-05,fc luzern,fc winterthur,False
872603,SW1,2022,2022-11-06,servette fc,bsc young boys,False
872600,SW1,2022,2022-11-06,fc basel 1893,fc sion,False
872601,SW1,2022,2022-11-06,fc lugano,fc zurich,False
872544,SW1,2022,2022-11-09,fc luzern,fc basel 1893,False
872606,SW1,2022,2022-11-12,fc sion,fc st. gallen,False
872605,SW1,2022,2022-11-12,grasshoppers,fc basel 1893,False
872609,SW1,2022,2022-11-13,fc zurich,servette fc,False
872608,SW1,2022,2022-11-13,bsc young boys,fc luzern,False
872607,SW1,2022,2022-11-13,fc lugano,fc winterthur,False
872611,SW1,2022,2023-01-21,fc luzern,fc zurich,False
872610,SW1,2022,2023-01-21,grasshoppers,bsc young boys,False
872612,SW1,2022,2023-01-22,fc sion,fc lugano,False
872613,SW1,2022,2023-01-22,fc st. gallen,fc basel 1893,False
872616,SW1,2022,2023-01-28,fc lugano,grasshoppers,False
872615,SW1,2022,2023-01-28,fc basel 1893,fc luzern,False
872618,SW1,2022,2023-01-29,bsc young boys,fc winterthur,False
872619,SW1,2022,2023-01-29,fc zurich,fc st. gallen,False
872617,SW1,2022,2023-01-29,servette fc,fc sion,False
872620,SW1,2022,2023-02-04,grasshoppers,fc basel 1893,False
872623,SW1,2022,2023-02-04,fc st. gallen,servette fc,False
872622,SW1,2022,2023-02-05,fc sion,fc zurich,False
872621,SW1,2022,2023-02-05,fc luzern,bsc young boys,False
872624,SW1,2022,2023-02-05,fc winterthur,fc lugano,False
872627,SW1,2022,2023-02-11,servette fc,grasshoppers,False
872625,SW1,2022,2023-02-11,fc basel 1893,fc sion,False
872626,SW1,2022,2023-02-12,fc lugano,fc luzern,False
872628,SW1,2022,2023-02-12,bsc young boys,fc st. gallen,False
872629,SW1,2022,2023-02-12,fc zurich,fc winterthur,False
872614,SW1,2022,2023-02-15,fc winterthur,servette fc,False
872633,SW1,2022,2023-02-18,fc winterthur,fc sion,False
872634,SW1,2022,2023-02-18,bsc young boys,fc lugano,False
872632,SW1,2022,2023-02-19,fc st. gallen,fc luzern,False
872630,SW1,2022,2023-02-19,fc basel 1893,servette fc,False
872631,SW1,2022,2023-02-19,grasshoppers,fc zurich,False
872638,SW1,2022,2023-02-25,fc sion,fc st. gallen,False
872639,SW1,2022,2023-02-25,fc zurich,bsc young boys,False
872636,SW1,2022,2023-02-26,fc luzern,grasshoppers,False
872635,SW1,2022,2023-02-26,fc lugano,fc basel 1893,False
872637,SW1,2022,2023-02-26,servette fc,fc winterthur,False
872643,SW1,2022,2023-03-04,fc winterthur,bsc young boys,False
872640,SW1,2022,2023-03-04,fc luzern,fc basel 1893,False
872642,SW1,2022,2023-03-05,fc st. gallen,grasshoppers,False
872641,SW1,2022,2023-03-05,fc sion,fc lugano,False
872644,SW1,2022,2023-03-05,fc zurich,servette fc,False
872649,SW1,2022,2023-03-11,bsc young boys,fc sion,False
872647,SW1,2022,2023-03-11,fc lugano,fc zurich,False
872648,SW1,2022,2023-03-12,servette fc,fc luzern,False
872645,SW1,2022,2023-03-12,fc basel 1893,fc st. gallen,False
872646,SW1,2022,2023-03-12,grasshoppers,fc winterthur,False
872654,SW1,2022,2023-03-18,fc zurich,fc luzern,False
872651,SW1,2022,2023-03-18,fc sion,grasshoppers,False
872652,SW1,2022,2023-03-19,fc winterthur,fc st. gallen,False
872653,SW1,2022,2023-03-19,bsc young boys,fc basel 1893,False
872650,SW1,2022,2023-03-19,fc lugano,servette fc,False
872658,SW1,2022,2023-04-01,servette fc,bsc young boys,False
872655,SW1,2022,2023-04-01,fc basel 1893,fc winterthur,False
872656,SW1,2022,2023-04-02,grasshoppers,fc lugano,False
872657,SW1,2022,2023-04-02,fc luzern,fc sion,False
872659,SW1,2022,2023-04-02,fc st. gallen,fc zurich,False
872664,SW1,2022,2023-04-08,fc zurich,fc basel 1893,False
872661,SW1,2022,2023-04-08,fc sion,servette fc,False
872660,SW1,2022,2023-04-10,fc lugano,fc st. gallen,False
872663,SW1,2022,2023-04-10,bsc young boys,grasshoppers,False
872662,SW1,2022,2023-04-10,fc winterthur,fc luzern,False
872668,SW1,2022,2023-04-15,servette fc,fc lugano,False
872667,SW1,2022,2023-04-15,fc luzern,fc zurich,False
872669,SW1,2022,2023-04-16,fc st. gallen,fc winterthur,False
872665,SW1,2022,2023-04-16,fc basel 1893,bsc young boys,False
872666,SW1,2022,2023-04-16,grasshoppers,fc sion,False
872672,SW1,2022,2023-04-22,fc winterthur,grasshoppers,False
872673,SW1,2022,2023-04-22,bsc young boys,servette fc,False
872670,SW1,2022,2023-04-23,fc basel 1893,fc luzern,False
872671,SW1,2022,2023-04-23,fc lugano,fc sion,False
872674,SW1,2022,2023-04-23,fc zurich,fc st. gallen,False
872675,SW1,2022,2023-04-25,grasshoppers,bsc young boys,False
872679,SW1,2022,2023-04-26,fc st. gallen,fc lugano,False
872677,SW1,2022,2023-04-26,servette fc,fc zurich,False
872678,SW1,2022,2023-04-27,fc sion,fc basel 1893,False
872676,SW1,2022,2023-04-27,fc luzern,fc winterthur,False
872680,SW1,2022,2023-04-29,fc lugano,grasshoppers,False
872681,SW1,2022,2023-04-29,servette fc,fc st. gallen,False
872684,SW1,2022,2023-04-30,fc zurich,fc sion,False
872683,SW1,2022,2023-04-30,bsc young boys,fc luzern,False
872682,SW1,2022,2023-04-30,fc winterthur,fc basel 1893,False
872688,SW1,2022,2023-05-06,fc sion,fc winterthur,False
872689,SW1,2022,2023-05-06,fc st. gallen,bsc young boys,False
872687,SW1,2022,2023-05-07,fc luzern,fc lugano,False
872685,SW1,2022,2023-05-07,fc basel 1893,fc zurich,False
872686,SW1,2022,2023-05-07,grasshoppers,servette fc,False
872690,SW1,2022,2023-05-13,grasshoppers,fc luzern,False
872692,SW1,2022,2023-05-13,servette fc,fc sion,False
872694,SW1,2022,2023-05-14,bsc young boys,fc zurich,False
872691,SW1,2022,2023-05-14,fc lugano,fc winterthur,False
872693,SW1,2022,2023-05-14,fc st. gallen,fc basel 1893,False
872698,SW1,2022,2023-05-20,fc winterthur,servette fc,False
872696,SW1,2022,2023-05-20,fc luzern,fc st. gallen,False
872697,SW1,2022,2023-05-21,fc sion,bsc young boys,False
872695,SW1,2022,2023-05-21,fc basel 1893,fc lugano,False
872699,SW1,2022,2023-05-21,fc zurich,grasshoppers,False
872701,SW1,2022,2023-05-25,fc lugano,bsc young boys,False
872703,SW1,2022,2023-05-25,fc sion,fc luzern,False
872700,SW1,2022,2023-05-25,grasshoppers,fc st. gallen,False
872704,SW1,2022,2023-05-25,fc winterthur,fc zurich,False
872702,SW1,2022,2023-05-25,servette fc,fc basel 1893,False
872705,SW1,2022,2023-05-29,fc basel 1893,grasshoppers,False
872708,SW1,2022,2023-05-29,bsc young boys,fc winterthur,False
872706,SW1,2022,2023-05-29,fc luzern,servette fc,False
872709,SW1,2022,2023-05-29,fc zurich,fc lugano,False
872707,SW1,2022,2023-05-29,fc st. gallen,fc sion,False
1030793,SW1,2022,2023-06-03,fc sion,stade lausanne-ouchy,False
1030794,SW1,2022,2023-06-06,stade lausanne-ouchy,fc sion,False
1048444,SW1,2023,2023-07-22,fc st. gallen,fc basel 1893,False
1048443,SW1,2023,2023-07-22,grasshoppers,servette fc,False
1048445,SW1,2023,2023-07-22,fc winterthur,fc luzern,False
1048446,SW1,2023,2023-07-23,bsc young boys,lausanne,False
1048447,SW1,2023,2023-07-23,fc zurich,yverdon sport,False
1048448,SW1,2023,2023-07-26,stade lausanne-ouchy,fc lugano,False
1048450,SW1,2023,2023-07-29,fc lugano,fc st. gallen,False
1048449,SW1,2023,2023-07-29,lausanne,grasshoppers,False
1048451,SW1,2023,2023-07-29,servette fc,fc zurich,False
1048452,SW1,2023,2023-07-30,fc luzern,stade lausanne-ouchy,False
1048453,SW1,2023,2023-07-30,fc basel 1893,fc winterthur,False
1048454,SW1,2023,2023-07-30,yverdon sport,bsc young boys,False
1048456,SW1,2023,2023-08-05,bsc young boys,fc winterthur,False
1048455,SW1,2023,2023-08-05,stade lausanne-ouchy,servette fc,False
1048457,SW1,2023,2023-08-05,fc zurich,fc lugano,False
1048458,SW1,2023,2023-08-06,lausanne,yverdon sport,False
1048460,SW1,2023,2023-08-06,fc st. gallen,fc luzern,False
1048459,SW1,2023,2023-08-06,grasshoppers,fc basel 1893,False
1048462,SW1,2023,2023-08-12,fc winterthur,grasshoppers,False
1048461,SW1,2023,2023-08-12,stade lausanne-ouchy,fc zurich,False
1048463,SW1,2023,2023-08-12,servette fc,fc st. gallen,False
1048464,SW1,2023,2023-08-13,fc basel 1893,lausanne,False
1048465,SW1,2023,2023-08-13,fc lugano,yverdon sport,False
1048466,SW1,2023,2023-08-13,fc luzern,bsc young boys,False
1048468,SW1,2023,2023-08-26,fc zurich,fc st. gallen,False
1048467,SW1,2023,2023-08-26,yverdon sport,servette fc,False
1048471,SW1,2023,2023-08-27,grasshoppers,fc luzern,False
1048472,SW1,2023,2023-08-27,lausanne,fc winterthur,False
1048473,SW1,2023,2023-09-02,fc st. gallen,lausanne,False
1048474,SW1,2023,2023-09-02,stade lausanne-ouchy,grasshoppers,False
1048475,SW1,2023,2023-09-02,fc winterthur,yverdon sport,False
1048476,SW1,2023,2023-09-03,servette fc,bsc young boys,False
1048477,SW1,2023,2023-09-03,fc basel 1893,fc zurich,False
1048478,SW1,2023,2023-09-03,fc luzern,fc lugano,False
1048479,SW1,2023,2023-09-23,lausanne,fc zurich,False
1048480,SW1,2023,2023-09-23,fc winterthur,stade lausanne-ouchy,False
1048481,SW1,2023,2023-09-23,grasshoppers,fc st. gallen,False
1048482,SW1,2023,2023-09-24,yverdon sport,fc basel 1893,False
1048484,SW1,2023,2023-09-24,bsc young boys,fc lugano,False
1048483,SW1,2023,2023-09-24,fc luzern,servette fc,False
1048485,SW1,2023,2023-09-26,fc zurich,grasshoppers,False
1048486,SW1,2023,2023-09-27,fc lugano,lausanne,False
1048488,SW1,2023,2023-09-27,fc st. gallen,bsc young boys,False
1048487,SW1,2023,2023-09-27,servette fc,fc winterthur,False
1048489,SW1,2023,2023-09-28,fc basel 1893,fc luzern,False
1048490,SW1,2023,2023-09-28,stade lausanne-ouchy,yverdon sport,False
1048492,SW1,2023,2023-09-30,fc winterthur,fc lugano,False
1048491,SW1,2023,2023-09-30,servette fc,lausanne,False
1048493,SW1,2023,2023-09-30,grasshoppers,bsc young boys,False
1048494,SW1,2023,2023-10-01,yverdon sport,fc st. gallen,False
1048495,SW1,2023,2023-10-01,fc basel 1893,stade lausanne-ouchy,False
1048496,SW1,2023,2023-10-01,fc luzern,fc zurich,False
1048498,SW1,2023,2023-10-07,fc zurich,fc winterthur,False
1048497,SW1,2023,2023-10-07,yverdon sport,grasshoppers,False
1048499,SW1,2023,2023-10-07,fc st. gallen,stade lausanne-ouchy,False
1048500,SW1,2023,2023-10-08,fc lugano,servette fc,False
1048502,SW1,2023,2023-10-08,bsc young boys,fc basel 1893,False
1048501,SW1,2023,2023-10-08,lausanne,fc luzern,False
1048504,SW1,2023,2023-10-21,bsc young boys,fc zurich,False
1048503,SW1,2023,2023-10-21,stade lausanne-ouchy,lausanne,False
1048505,SW1,2023,2023-10-21,fc basel 1893,servette fc,False
1048506,SW1,2023,2023-10-22,fc winterthur,fc st. gallen,False
1048508,SW1,2023,2023-10-22,fc luzern,yverdon sport,False
1048507,SW1,2023,2023-10-22,grasshoppers,fc lugano,False
1048512,SW1,2023,2023-10-28,fc st. gallen,grasshoppers,False
1048513,SW1,2023,2023-10-28,yverdon sport,fc winterthur,False
1048514,SW1,2023,2023-10-28,fc zurich,stade lausanne-ouchy,False
1048509,SW1,2023,2023-10-29,lausanne,fc basel 1893,False
1048510,SW1,2023,2023-10-29,fc lugano,bsc young boys,False
1048511,SW1,2023,2023-10-29,servette fc,fc luzern,False
1048516,SW1,2023,2023-11-04,lausanne,fc lugano,False
1048519,SW1,2023,2023-11-04,fc winterthur,bsc young boys,False
1048520,SW1,2023,2023-11-04,fc zurich,servette fc,False
1048517,SW1,2023,2023-11-05,fc luzern,grasshoppers,False
1048515,SW1,2023,2023-11-05,fc basel 1893,yverdon sport,False
1048518,SW1,2023,2023-11-05,stade lausanne-ouchy,fc st. gallen,False
1048524,SW1,2023,2023-11-11,fc st. gallen,fc winterthur,False
1048526,SW1,2023,2023-11-11,yverdon sport,lausanne,False
1048525,SW1,2023,2023-11-11,bsc young boys,fc luzern,False
1048521,SW1,2023,2023-11-12,grasshoppers,stade lausanne-ouchy,False
1048522,SW1,2023,2023-11-12,fc lugano,fc zurich,False
1048523,SW1,2023,2023-11-12,servette fc,fc basel 1893,False
1048529,SW1,2023,2023-11-25,fc luzern,fc winterthur,False
1048532,SW1,2023,2023-11-25,fc zurich,bsc young boys,False
1048531,SW1,2023,2023-11-25,yverdon sport,fc lugano,False
1048528,SW1,2023,2023-11-26,lausanne,stade lausanne-ouchy,False
1048527,SW1,2023,2023-11-26,fc basel 1893,fc st. gallen,False
1048530,SW1,2023,2023-11-26,servette fc,grasshoppers,False
1048533,SW1,2023,2023-12-02,grasshoppers,lausanne,False
1048536,SW1,2023,2023-12-02,stade lausanne-ouchy,fc basel 1893,False
1048538,SW1,2023,2023-12-03,bsc young boys,servette fc,False
1048534,SW1,2023,2023-12-03,fc lugano,fc luzern,False
1048535,SW1,2023,2023-12-06,fc st. gallen,yverdon sport,False
1048469,SW1,2023,2023-12-06,bsc young boys,stade lausanne-ouchy,False
1048470,SW1,2023,2023-12-06,fc lugano,fc basel 1893,False
1048539,SW1,2023,2023-12-09,fc basel 1893,grasshoppers,False
1048542,SW1,2023,2023-12-09,bsc young boys,fc st. gallen,False
1048540,SW1,2023,2023-12-09,lausanne,servette fc,False
1048541,SW1,2023,2023-12-10,fc lugano,fc winterthur,False
1048544,SW1,2023,2023-12-10,fc zurich,fc luzern,False
1048543,SW1,2023,2023-12-10,yverdon sport,stade lausanne-ouchy,False
1048537,SW1,2023,2023-12-13,fc winterthur,fc zurich,False
1048548,SW1,2023,2023-12-16,fc st. gallen,fc zurich,False
1048549,SW1,2023,2023-12-16,stade lausanne-ouchy,bsc young boys,False
1048545,SW1,2023,2023-12-16,grasshoppers,yverdon sport,False
1048550,SW1,2023,2023-12-17,fc winterthur,lausanne,False
1048546,SW1,2023,2023-12-17,fc luzern,fc basel 1893,False
1048547,SW1,2023,2023-12-17,servette fc,fc lugano,False
1048554,SW1,2023,2024-01-20,bsc young boys,grasshoppers,False
1048551,SW1,2023,2024-01-20,lausanne,fc st. gallen,False
1048552,SW1,2023,2024-01-21,fc lugano,stade lausanne-ouchy,False
1048556,SW1,2023,2024-01-21,fc zurich,fc basel 1893,False
1048553,SW1,2023,2024-01-23,fc winterthur,servette fc,False
1048555,SW1,2023,2024-01-23,yverdon sport,fc luzern,False
1048560,SW1,2023,2024-01-27,servette fc,yverdon sport,False
1048562,SW1,2023,2024-01-27,stade lausanne-ouchy,fc winterthur,False
1048557,SW1,2023,2024-01-27,fc basel 1893,bsc young boys,False
1048561,SW1,2023,2024-01-28,fc st. gallen,fc lugano,False
1048559,SW1,2023,2024-01-28,fc luzern,lausanne,False
1048558,SW1,2023,2024-01-28,grasshoppers,fc zurich,False
1048567,SW1,2023,2024-01-30,bsc young boys,yverdon sport,False
1048566,SW1,2023,2024-01-30,fc winterthur,fc basel 1893,False
1048563,SW1,2023,2024-01-31,fc lugano,grasshoppers,False
1048568,SW1,2023,2024-01-31,fc zurich,lausanne,False
1048564,SW1,2023,2024-01-31,fc st. gallen,servette fc,False
1048565,SW1,2023,2024-02-01,stade lausanne-ouchy,fc luzern,False
1048570,SW1,2023,2024-02-03,grasshoppers,fc winterthur,False
1048571,SW1,2023,2024-02-03,lausanne,bsc young boys,False
1048569,SW1,2023,2024-02-03,fc basel 1893,fc lugano,False
1048574,SW1,2023,2024-02-04,yverdon sport,fc zurich,False
1048572,SW1,2023,2024-02-04,fc luzern,fc st. gallen,False
1048573,SW1,2023,2024-02-04,servette fc,stade lausanne-ouchy,False
1150687,SW1,2023,2024-02-10,fc zurich,grasshoppers,False
1150686,SW1,2023,2024-02-10,stade lausanne-ouchy,lausanne,False
1150688,SW1,2023,2024-02-10,fc lugano,bsc young boys,False
1150689,SW1,2023,2024-02-11,fc winterthur,fc luzern,False
1150690,SW1,2023,2024-02-11,fc basel 1893,fc st. gallen,False
1150691,SW1,2023,2024-02-11,yverdon sport,servette fc,False
1150693,SW1,2023,2024-02-17,fc st. gallen,fc winterthur,False
1150692,SW1,2023,2024-02-17,lausanne,yverdon sport,False
1150694,SW1,2023,2024-02-17,grasshoppers,fc basel 1893,False
1150695,SW1,2023,2024-02-18,bsc young boys,stade lausanne-ouchy,False
1150696,SW1,2023,2024-02-18,fc luzern,fc zurich,False
1150697,SW1,2023,2024-02-18,servette fc,fc lugano,False
1150698,SW1,2023,2024-02-24,fc st. gallen,stade lausanne-ouchy,False
1150699,SW1,2023,2024-02-24,yverdon sport,fc basel 1893,False
1150700,SW1,2023,2024-02-24,grasshoppers,fc luzern,False
1150701,SW1,2023,2024-02-25,fc lugano,fc zurich,False
1150703,SW1,2023,2024-02-25,bsc young boys,servette fc,False
1150702,SW1,2023,2024-02-25,lausanne,fc winterthur,False
1150704,SW1,2023,2024-03-02,servette fc,fc st. gallen,False
1150705,SW1,2023,2024-03-02,stade lausanne-ouchy,grasshoppers,False
1150706,SW1,2023,2024-03-02,fc basel 1893,lausanne,False
1150707,SW1,2023,2024-03-03,fc luzern,fc lugano,False
1150709,SW1,2023,2024-03-03,fc zurich,bsc young boys,False
1150708,SW1,2023,2024-03-03,fc winterthur,yverdon sport,False
1150710,SW1,2023,2024-03-09,fc winterthur,grasshoppers,False
1150711,SW1,2023,2024-03-09,yverdon sport,fc zurich,False
1150712,SW1,2023,2024-03-09,fc st. gallen,fc lugano,False
1150713,SW1,2023,2024-03-10,servette fc,lausanne,False
1150715,SW1,2023,2024-03-10,bsc young boys,fc basel 1893,False
1150714,SW1,2023,2024-03-10,stade lausanne-ouchy,fc luzern,False
1150716,SW1,2023,2024-03-16,fc basel 1893,fc winterthur,False
1150717,SW1,2023,2024-03-16,grasshoppers,fc st. gallen,False
1150718,SW1,2023,2024-03-16,fc lugano,yverdon sport,False
1150719,SW1,2023,2024-03-17,fc zurich,stade lausanne-ouchy,False
1150721,SW1,2023,2024-03-17,fc luzern,servette fc,False
1150720,SW1,2023,2024-03-17,lausanne,bsc young boys,False
1150723,SW1,2023,2024-03-30,fc winterthur,servette fc,False
1150722,SW1,2023,2024-03-30,stade lausanne-ouchy,fc lugano,False
1150724,SW1,2023,2024-03-30,fc basel 1893,fc zurich,False
1150725,SW1,2023,2024-04-01,yverdon sport,bsc young boys,False
1150727,SW1,2023,2024-04-01,fc st. gallen,fc luzern,False
1150726,SW1,2023,2024-04-01,grasshoppers,lausanne,False
1150728,SW1,2023,2024-04-02,fc lugano,fc basel 1893,False
1150730,SW1,2023,2024-04-03,fc zurich,fc winterthur,False
1150729,SW1,2023,2024-04-03,servette fc,stade lausanne-ouchy,False
1150733,SW1,2023,2024-04-04,bsc young boys,grasshoppers,False
1150732,SW1,2023,2024-04-04,fc luzern,yverdon sport,False
1150731,SW1,2023,2024-04-04,lausanne,fc st. gallen,False
1150735,SW1,2023,2024-04-06,fc winterthur,fc lugano,False
1150734,SW1,2023,2024-04-06,stade lausanne-ouchy,fc basel 1893,False
1150736,SW1,2023,2024-04-06,servette fc,fc zurich,False
1150737,SW1,2023,2024-04-07,fc luzern,lausanne,False
1150738,SW1,2023,2024-04-07,fc st. gallen,bsc young boys,False
1150739,SW1,2023,2024-04-07,yverdon sport,grasshoppers,False
1150740,SW1,2023,2024-04-13,grasshoppers,fc lugano,False
1150741,SW1,2023,2024-04-13,lausanne,fc zurich,False
1150742,SW1,2023,2024-04-13,fc st. gallen,yverdon sport,False
1150743,SW1,2023,2024-04-14,fc basel 1893,servette fc,False
1150745,SW1,2023,2024-04-14,bsc young boys,fc luzern,False
1150744,SW1,2023,2024-04-14,stade lausanne-ouchy,fc winterthur,False
1150748,SW1,2023,2024-04-20,servette fc,grasshoppers,False
1150750,SW1,2023,2024-04-20,yverdon sport,stade lausanne-ouchy,False
1150746,SW1,2023,2024-04-20,fc lugano,lausanne,False
1150747,SW1,2023,2024-04-21,fc luzern,fc basel 1893,False
1150751,SW1,2023,2024-04-21,fc zurich,fc st. gallen,False
1150749,SW1,2023,2024-04-21,fc winterthur,bsc young boys,False
1196943,SW1,2023,2024-05-04,grasshoppers,stade lausanne-ouchy,False
1196928,SW1,2023,2024-05-04,servette fc,fc winterthur,False
1196929,SW1,2023,2024-05-04,fc lugano,fc st. gallen,False
1196944,SW1,2023,2024-05-05,fc basel 1893,fc luzern,False
1196930,SW1,2023,2024-05-05,fc zurich,bsc young boys,False
1196945,SW1,2023,2024-05-05,yverdon sport,lausanne,False
1196947,SW1,2023,2024-05-10,fc luzern,grasshoppers,False
1196946,SW1,2023,2024-05-10,lausanne,fc basel 1893,False
1196931,SW1,2023,2024-05-11,bsc young boys,fc lugano,False
1196948,SW1,2023,2024-05-11,stade lausanne-ouchy,yverdon sport,False
1196932,SW1,2023,2024-05-12,fc winterthur,fc zurich,False
1196933,SW1,2023,2024-05-12,fc st. gallen,servette fc,False
1196949,SW1,2023,2024-05-14,fc basel 1893,stade lausanne-ouchy,False
1196950,SW1,2023,2024-05-14,grasshoppers,yverdon sport,False
1196934,SW1,2023,2024-05-15,fc zurich,servette fc,False
1196951,SW1,2023,2024-05-15,lausanne,fc luzern,False
1196936,SW1,2023,2024-05-16,bsc young boys,fc st. gallen,False
1196935,SW1,2023,2024-05-16,fc lugano,fc winterthur,False
1196952,SW1,2023,2024-05-18,grasshoppers,fc basel 1893,False
1196953,SW1,2023,2024-05-18,stade lausanne-ouchy,lausanne,False
1196954,SW1,2023,2024-05-18,yverdon sport,fc luzern,False
1196939,SW1,2023,2024-05-20,fc zurich,fc lugano,False
1196938,SW1,2023,2024-05-20,fc winterthur,fc st. gallen,False
1196937,SW1,2023,2024-05-20,servette fc,bsc young boys,False
1196955,SW1,2023,2024-05-21,fc basel 1893,yverdon sport,False
1196957,SW1,2023,2024-05-21,fc luzern,stade lausanne-ouchy,False
1196956,SW1,2023,2024-05-21,lausanne,grasshoppers,False
1196942,SW1,2023,2024-05-25,bsc young boys,fc winterthur,False
1196940,SW1,2023,2024-05-25,fc lugano,servette fc,False
1196941,SW1,2023,2024-05-25,fc st. gallen,fc zurich,False
1201069,SW1,2023,2024-05-26,grasshoppers,fc thun,False
1201070,SW1,2023,2024-05-31,fc thun,grasshoppers,False
1214816,SW1,2024,2024-07-20,fc lugano,grasshoppers,False
1214817,SW1,2024,2024-07-20,yverdon sport,fc zurich,False
1214818,SW1,2024,2024-07-20,fc winterthur,fc st. gallen,False
1214819,SW1,2024,2024-07-21,bsc young boys,fc sion,False
1214821,SW1,2024,2024-07-21,fc luzern,servette fc,False
1214820,SW1,2024,2024-07-21,lausanne,fc basel 1893,False
1214840,SW1,2024,2024-07-24,servette fc,bsc young boys,False
1214823,SW1,2024,2024-07-27,fc sion,lausanne,False
1214822,SW1,2024,2024-07-27,grasshoppers,fc luzern,False
1214824,SW1,2024,2024-07-27,fc basel 1893,fc lugano,False
1214825,SW1,2024,2024-07-28,servette fc,yverdon sport,False
1214827,SW1,2024,2024-07-28,fc zurich,fc winterthur,False
1214826,SW1,2024,2024-07-28,fc st. gallen,bsc young boys,False
1214829,SW1,2024,2024-08-03,fc lugano,servette fc,False
1214828,SW1,2024,2024-08-03,grasshoppers,fc basel 1893,False
1214830,SW1,2024,2024-08-03,fc luzern,fc sion,False
1214831,SW1,2024,2024-08-04,lausanne,fc st. gallen,False
1214833,SW1,2024,2024-08-04,bsc young boys,fc zurich,False
1214832,SW1,2024,2024-08-04,fc winterthur,yverdon sport,False
1214835,SW1,2024,2024-08-10,fc sion,fc winterthur,False
1214836,SW1,2024,2024-08-10,yverdon sport,bsc young boys,False
1214837,SW1,2024,2024-08-11,fc st. gallen,grasshoppers,False
1214834,SW1,2024,2024-08-11,fc lugano,fc luzern,False
1214839,SW1,2024,2024-08-11,fc zurich,lausanne,False
1214838,SW1,2024,2024-08-11,servette fc,fc basel 1893,False
1214842,SW1,2024,2024-08-24,fc luzern,fc winterthur,False
1214843,SW1,2024,2024-08-24,grasshoppers,fc sion,False
1214844,SW1,2024,2024-08-25,fc basel 1893,yverdon sport,False
1214846,SW1,2024,2024-08-31,fc sion,fc basel 1893,False
1214847,SW1,2024,2024-08-31,yverdon sport,grasshoppers,False
1214848,SW1,2024,2024-08-31,bsc young boys,lausanne,False
1214849,SW1,2024,2024-09-01,fc winterthur,servette fc,False
1214850,SW1,2024,2024-09-01,fc lugano,fc st. gallen,False
1214851,SW1,2024,2024-09-01,fc zurich,fc luzern,False
1214841,SW1,2024,2024-09-18,lausanne,fc lugano,False
1214853,SW1,2024,2024-09-21,fc st. gallen,fc luzern,False
1214852,SW1,2024,2024-09-21,grasshoppers,servette fc,False
1214854,SW1,2024,2024-09-21,fc basel 1893,fc zurich,False
1214855,SW1,2024,2024-09-22,lausanne,yverdon sport,False
1214856,SW1,2024,2024-09-22,fc sion,fc lugano,False
1214857,SW1,2024,2024-09-22,fc winterthur,bsc young boys,False
1214845,SW1,2024,2024-09-24,fc st. gallen,fc zurich,False
1214860,SW1,2024,2024-09-28,servette fc,lausanne,False
1214858,SW1,2024,2024-09-28,yverdon sport,fc st. gallen,False
1214861,SW1,2024,2024-09-28,bsc young boys,grasshoppers,False
1214862,SW1,2024,2024-09-29,fc zurich,fc sion,False
1214859,SW1,2024,2024-09-29,fc lugano,fc winterthur,False
1214863,SW1,2024,2024-09-29,fc luzern,fc basel 1893,False
1214865,SW1,2024,2024-10-05,fc sion,yverdon sport,False
1214864,SW1,2024,2024-10-05,fc luzern,lausanne,False
1214866,SW1,2024,2024-10-05,fc winterthur,grasshoppers,False
1214867,SW1,2024,2024-10-06,fc zurich,fc lugano,False
1214868,SW1,2024,2024-10-06,fc basel 1893,bsc young boys,False
1214869,SW1,2024,2024-10-06,fc st. gallen,servette fc,False
1214871,SW1,2024,2024-10-19,bsc young boys,fc luzern,False
1214870,SW1,2024,2024-10-19,grasshoppers,fc zurich,False
1214872,SW1,2024,2024-10-19,servette fc,fc sion,False
1214873,SW1,2024,2024-10-20,fc basel 1893,fc st. gallen,False
1214874,SW1,2024,2024-10-20,lausanne,fc winterthur,False
1214875,SW1,2024,2024-10-20,yverdon sport,fc lugano,False
1214876,SW1,2024,2024-10-26,lausanne,grasshoppers,False
1214877,SW1,2024,2024-10-26,fc winterthur,fc basel 1893,False
1214878,SW1,2024,2024-10-26,fc luzern,yverdon sport,False
1214879,SW1,2024,2024-10-27,fc sion,fc st. gallen,False
1214880,SW1,2024,2024-10-27,fc lugano,bsc young boys,False
1214881,SW1,2024,2024-10-27,fc zurich,servette fc,False
1222542,SW1,2024,2024-10-29,yverdon sport,lausanne,False
1222541,SW1,2024,2024-10-30,bsc young boys,fc basel 1893,False
1222539,SW1,2024,2024-10-30,fc sion,fc zurich,False
1222540,SW1,2024,2024-10-30,fc st. gallen,fc winterthur,False
1222537,SW1,2024,2024-10-31,grasshoppers,fc lugano,False
1222538,SW1,2024,2024-10-31,servette fc,fc luzern,False
1222543,SW1,2024,2024-11-02,fc basel 1893,fc winterthur,False
1222548,SW1,2024,2024-11-02,fc zurich,bsc young boys,False
1222547,SW1,2024,2024-11-02,fc st. gallen,fc sion,False
1222544,SW1,2024,2024-11-03,lausanne,servette fc,False
1222545,SW1,2024,2024-11-03,fc lugano,yverdon sport,False
1222546,SW1,2024,2024-11-03,fc luzern,grasshoppers,False
1222552,SW1,2024,2024-11-09,fc winterthur,lausanne,False
1222554,SW1,2024,2024-11-09,yverdon sport,fc basel 1893,False
1222550,SW1,2024,2024-11-09,servette fc,fc zurich,False
1222551,SW1,2024,2024-11-10,fc sion,fc luzern,False
1222553,SW1,2024,2024-11-10,bsc young boys,fc lugano,False
1222549,SW1,2024,2024-11-10,grasshoppers,fc st. gallen,False
1222559,SW1,2024,2024-11-23,fc luzern,bsc young boys,False
1222556,SW1,2024,2024-11-23,grasshoppers,fc winterthur,False
1222557,SW1,2024,2024-11-23,lausanne,fc sion,False
1222558,SW1,2024,2024-11-24,fc lugano,fc zurich,False
1222555,SW1,2024,2024-11-24,fc basel 1893,servette fc,False
1222560,SW1,2024,2024-11-24,fc st. gallen,yverdon sport,False
1222561,SW1,2024,2024-11-30,fc basel 1893,lausanne,False
1222566,SW1,2024,2024-11-30,yverdon sport,fc luzern,False
1222565,SW1,2024,2024-11-30,fc zurich,grasshoppers,False
1222563,SW1,2024,2024-12-01,fc winterthur,fc sion,False
1222564,SW1,2024,2024-12-01,bsc young boys,fc st. gallen,False
1222562,SW1,2024,2024-12-01,servette fc,fc lugano,False
1222571,SW1,2024,2024-12-07,fc sion,bsc young boys,False
1222567,SW1,2024,2024-12-07,grasshoppers,yverdon sport,False
1222569,SW1,2024,2024-12-07,fc luzern,fc lugano,False
1222568,SW1,2024,2024-12-08,lausanne,fc zurich,False
1222572,SW1,2024,2024-12-08,fc st. gallen,fc basel 1893,False
1222570,SW1,2024,2024-12-08,servette fc,fc winterthur,False
1222575,SW1,2024,2024-12-14,fc winterthur,fc luzern,False
1222578,SW1,2024,2024-12-14,yverdon sport,fc sion,False
1222573,SW1,2024,2024-12-14,fc basel 1893,grasshoppers,False
1222576,SW1,2024,2024-12-15,bsc young boys,servette fc,False
1222574,SW1,2024,2024-12-15,fc lugano,lausanne,False
1222577,SW1,2024,2024-12-15,fc zurich,fc st. gallen,False
1222583,SW1,2024,2025-01-18,bsc young boys,fc winterthur,False
1222582,SW1,2024,2025-01-18,fc sion,grasshoppers,False
1222581,SW1,2024,2025-01-18,servette fc,fc st. gallen,False
1222584,SW1,2024,2025-01-19,fc zurich,yverdon sport,False
1222580,SW1,2024,2025-01-19,fc lugano,fc basel 1893,False
1222579,SW1,2024,2025-01-19,lausanne,fc luzern,False
1222586,SW1,2024,2025-01-25,grasshoppers,bsc young boys,False
1222590,SW1,2024,2025-01-25,yverdon sport,servette fc,False
1222589,SW1,2024,2025-01-25,fc winterthur,fc lugano,False
1222588,SW1,2024,2025-01-26,fc st. gallen,lausanne,False
1222585,SW1,2024,2025-01-26,fc basel 1893,fc sion,False
1222587,SW1,2024,2025-01-26,fc luzern,fc zurich,False
1222592,SW1,2024,2025-02-01,fc lugano,fc sion,False
1222591,SW1,2024,2025-02-01,lausanne,bsc young boys,False
1222594,SW1,2024,2025-02-01,servette fc,grasshoppers,False
1222593,SW1,2024,2025-02-02,fc luzern,fc st. gallen,False
1222595,SW1,2024,2025-02-02,fc zurich,fc basel 1893,False
1222596,SW1,2024,2025-02-02,yverdon sport,fc winterthur,False
1222599,SW1,2024,2025-02-04,fc sion,servette fc,False
1222598,SW1,2024,2025-02-04,grasshoppers,lausanne,False
1222602,SW1,2024,2025-02-05,bsc young boys,yverdon sport,False
1222600,SW1,2024,2025-02-05,fc st. gallen,fc lugano,False
1222597,SW1,2024,2025-02-06,fc basel 1893,fc luzern,False
1222601,SW1,2024,2025-02-06,fc winterthur,fc zurich,False
1327687,SW1,2024,2025-02-08,fc lugano,grasshoppers,False
1327686,SW1,2024,2025-02-08,lausanne,yverdon sport,False
1327688,SW1,2024,2025-02-08,bsc young boys,fc sion,False
1327689,SW1,2024,2025-02-09,servette fc,fc basel 1893,False
1327690,SW1,2024,2025-02-09,fc luzern,fc winterthur,False
1327691,SW1,2024,2025-02-09,fc zurich,fc st. gallen,False
1327692,SW1,2024,2025-02-15,fc lugano,fc luzern,False
1327693,SW1,2024,2025-02-15,fc sion,fc zurich,False
1327694,SW1,2024,2025-02-15,fc winterthur,bsc young boys,False
1327695,SW1,2024,2025-02-16,yverdon sport,fc st. gallen,False
1327696,SW1,2024,2025-02-16,fc basel 1893,lausanne,False
1327697,SW1,2024,2025-02-16,grasshoppers,servette fc,False
1327699,SW1,2024,2025-02-22,fc zurich,yverdon sport,False
1327698,SW1,2024,2025-02-22,lausanne,grasshoppers,False
1327700,SW1,2024,2025-02-22,fc st. gallen,fc basel 1893,False
1327701,SW1,2024,2025-02-23,fc luzern,fc sion,False
1327703,SW1,2024,2025-02-23,bsc young boys,fc lugano,False
1327702,SW1,2024,2025-02-23,servette fc,fc winterthur,False
1327704,SW1,2024,2025-03-01,fc basel 1893,fc sion,False
1327705,SW1,2024,2025-03-01,fc winterthur,fc st. gallen,False
1327706,SW1,2024,2025-03-01,lausanne,servette fc,False
1327707,SW1,2024,2025-03-02,fc lugano,fc zurich,False
1327708,SW1,2024,2025-03-02,grasshoppers,bsc young boys,False
1327709,SW1,2024,2025-03-02,yverdon sport,fc luzern,False
1327710,SW1,2024,2025-03-08,bsc young boys,lausanne,False
1327711,SW1,2024,2025-03-08,yverdon sport,fc winterthur,False
1327712,SW1,2024,2025-03-08,fc st. gallen,grasshoppers,False
1327713,SW1,2024,2025-03-09,fc zurich,servette fc,False
1327715,SW1,2024,2025-03-09,fc sion,fc lugano,False
1327714,SW1,2024,2025-03-09,fc luzern,fc basel 1893,False
1327717,SW1,2024,2025-03-15,fc st. gallen,lausanne,False
1327716,SW1,2024,2025-03-15,servette fc,yverdon sport,False
1327718,SW1,2024,2025-03-15,fc zurich,fc luzern,False
1327719,SW1,2024,2025-03-16,grasshoppers,fc sion,False
1327720,SW1,2024,2025-03-16,fc basel 1893,bsc young boys,False
1327721,SW1,2024,2025-03-16,fc lugano,fc winterthur,False
1327723,SW1,2024,2025-03-29,bsc young boys,fc st. gallen,False
1327722,SW1,2024,2025-03-29,fc sion,yverdon sport,False
1327724,SW1,2024,2025-03-29,fc lugano,servette fc,False
1327725,SW1,2024,2025-03-30,fc winterthur,fc basel 1893,False
1327726,SW1,2024,2025-03-30,grasshoppers,fc zurich,False
1327727,SW1,2024,2025-03-30,lausanne,fc luzern,False
1327728,SW1,2024,2025-04-01,servette fc,bsc young boys,False
1327729,SW1,2024,2025-04-01,yverdon sport,fc lugano,False
1327730,SW1,2024,2025-04-02,fc sion,fc winterthur,False
1327731,SW1,2024,2025-04-02,fc zurich,lausanne,False
1327732,SW1,2024,2025-04-03,fc basel 1893,grasshoppers,False
1327733,SW1,2024,2025-04-03,fc luzern,fc st. gallen,False
1327734,SW1,2024,2025-04-05,lausanne,fc sion,False
1327735,SW1,2024,2025-04-05,fc winterthur,fc zurich,False
1327736,SW1,2024,2025-04-05,bsc young boys,yverdon sport,False
1327737,SW1,2024,2025-04-06,fc st. gallen,servette fc,False
1327738,SW1,2024,2025-04-06,fc basel 1893,fc lugano,False
1327739,SW1,2024,2025-04-06,grasshoppers,fc luzern,False
1327740,SW1,2024,2025-04-12,fc winterthur,lausanne,False
1327741,SW1,2024,2025-04-12,yverdon sport,grasshoppers,False
1327742,SW1,2024,2025-04-12,fc zurich,fc basel 1893,False
1327743,SW1,2024,2025-04-13,fc lugano,fc st. gallen,False
1327745,SW1,2024,2025-04-13,fc sion,servette fc,False
1327744,SW1,2024,2025-04-13,fc luzern,bsc young boys,False
1327747,SW1,2024,2025-04-19,grasshoppers,fc winterthur,False
1327746,SW1,2024,2025-04-21,fc basel 1893,yverdon sport,False
1327751,SW1,2024,2025-04-21,bsc young boys,fc zurich,False
1327750,SW1,2024,2025-04-21,fc st. gallen,fc sion,False
1327748,SW1,2024,2025-04-21,lausanne,fc lugano,False
1327749,SW1,2024,2025-04-21,servette fc,fc luzern,False
1372882,SW1,2024,2025-05-03,fc winterthur,grasshoppers,False
1372867,SW1,2024,2025-05-03,lausanne,bsc young boys,False
1372883,SW1,2024,2025-05-04,fc sion,fc zurich,False
1372868,SW1,2024,2025-05-04,fc basel 1893,servette fc,False
1372869,SW1,2024,2025-05-04,fc luzern,fc lugano,False
1372884,SW1,2024,2025-05-06,yverdon sport,fc st. gallen,False
1372887,SW1,2024,2025-05-10,fc zurich,grasshoppers,False
1372885,SW1,2024,2025-05-10,fc st. gallen,fc winterthur,False
1372886,SW1,2024,2025-05-10,yverdon sport,fc sion,False
1372870,SW1,2024,2025-05-10,fc lugano,fc basel 1893,False
1372871,SW1,2024,2025-05-11,fc luzern,lausanne,False
1372872,SW1,2024,2025-05-11,servette fc,bsc young boys,False
1372888,SW1,2024,2025-05-13,fc sion,fc st. gallen,False
1372889,SW1,2024,2025-05-13,fc zurich,fc winterthur,False
1372890,SW1,2024,2025-05-14,grasshoppers,yverdon sport,False
1372873,SW1,2024,2025-05-14,lausanne,fc basel 1893,False
1372875,SW1,2024,2025-05-15,bsc young boys,fc luzern,False
1372874,SW1,2024,2025-05-15,servette fc,fc lugano,False
1372891,SW1,2024,2025-05-17,fc st. gallen,fc zurich,False
1372892,SW1,2024,2025-05-17,fc winterthur,yverdon sport,False
1372893,SW1,2024,2025-05-17,fc sion,grasshoppers,False
1372876,SW1,2024,2025-05-18,bsc young boys,fc basel 1893,False
1372878,SW1,2024,2025-05-18,fc luzern,servette fc,False
1372877,SW1,2024,2025-05-18,lausanne,fc lugano,False
1372894,SW1,2024,2025-05-22,grasshoppers,fc st. gallen,False
1372895,SW1,2024,2025-05-22,fc winterthur,fc sion,False
1372896,SW1,2024,2025-05-22,yverdon sport,fc zurich,False
1372879,SW1,2024,2025-05-24,fc basel 1893,fc luzern,False
1372880,SW1,2024,2025-05-24,fc lugano,bsc young boys,False
1372881,SW1,2024,2025-05-24,servette fc,lausanne,False
1376517,SW1,2024,2025-05-27,grasshoppers,fc aarau,False
1376518,SW1,2024,2025-05-30,fc aarau,grasshoppers,False
864349,DK1,2022,2022-07-15,fc midtjylland,randers fc,False
864351,DK1,2022,2022-07-17,lyngby,silkeborg,False
864350,DK1,2022,2022-07-17,viborg,aalborg,False
864352,DK1,2022,2022-07-17,fc copenhagen,ac horsens,False
864353,DK1,2022,2022-07-17,brondby,aarhus,False
864354,DK1,2022,2022-07-18,odense,fc nordsjaelland,False
864355,DK1,2022,2022-07-22,fc midtjylland,silkeborg,False
864357,DK1,2022,2022-07-24,randers fc,odense,False
864356,DK1,2022,2022-07-24,aarhus,viborg,False
864358,DK1,2022,2022-07-24,brondby,fc nordsjaelland,False
864359,DK1,2022,2022-07-24,aalborg,fc copenhagen,False
864360,DK1,2022,2022-07-25,ac horsens,lyngby,False
881638,DK1,2022,2022-07-29,odense,fc midtjylland,False
881640,DK1,2022,2022-07-31,aalborg,ac horsens,False
881639,DK1,2022,2022-07-31,aarhus,randers fc,False
881641,DK1,2022,2022-07-31,viborg,fc copenhagen,False
881642,DK1,2022,2022-07-31,silkeborg,brondby,False
881643,DK1,2022,2022-08-01,fc nordsjaelland,lyngby,False
881644,DK1,2022,2022-08-05,randers fc,ac horsens,False
881645,DK1,2022,2022-08-05,lyngby,fc midtjylland,False
881646,DK1,2022,2022-08-06,fc nordsjaelland,viborg,False
881647,DK1,2022,2022-08-07,fc copenhagen,brondby,False
881648,DK1,2022,2022-08-07,odense,aarhus,False
881649,DK1,2022,2022-08-08,silkeborg,aalborg,False
881650,DK1,2022,2022-08-12,ac horsens,fc midtjylland,False
881651,DK1,2022,2022-08-12,fc copenhagen,randers fc,False
881652,DK1,2022,2022-08-14,viborg,silkeborg,False
881653,DK1,2022,2022-08-14,aalborg,fc nordsjaelland,False
881654,DK1,2022,2022-08-14,brondby,odense,False
881655,DK1,2022,2022-08-15,aarhus,lyngby,False
881656,DK1,2022,2022-08-19,lyngby,fc copenhagen,False
881657,DK1,2022,2022-08-20,fc midtjylland,aarhus,False
881658,DK1,2022,2022-08-21,fc nordsjaelland,silkeborg,False
881659,DK1,2022,2022-08-21,randers fc,viborg,False
881660,DK1,2022,2022-08-21,aalborg,brondby,False
881661,DK1,2022,2022-08-22,odense,ac horsens,False
881662,DK1,2022,2022-08-26,ac horsens,aarhus,False
881663,DK1,2022,2022-08-28,randers fc,aalborg,False
881664,DK1,2022,2022-08-28,viborg,lyngby,False
881665,DK1,2022,2022-08-28,fc nordsjaelland,fc copenhagen,False
881666,DK1,2022,2022-08-28,silkeborg,odense,False
881667,DK1,2022,2022-08-29,brondby,fc midtjylland,False
881669,DK1,2022,2022-09-02,fc copenhagen,silkeborg,False
881670,DK1,2022,2022-09-04,odense,viborg,False
881671,DK1,2022,2022-09-04,lyngby,randers fc,False
881672,DK1,2022,2022-09-04,ac horsens,brondby,False
881673,DK1,2022,2022-09-04,fc midtjylland,aalborg,False
881668,DK1,2022,2022-09-05,aarhus,fc nordsjaelland,False
881678,DK1,2022,2022-09-10,odense,fc copenhagen,False
881676,DK1,2022,2022-09-11,fc nordsjaelland,fc midtjylland,False
881675,DK1,2022,2022-09-11,aalborg,lyngby,False
881674,DK1,2022,2022-09-11,brondby,randers fc,False
881677,DK1,2022,2022-09-11,silkeborg,aarhus,False
881679,DK1,2022,2022-09-12,viborg,ac horsens,False
881682,DK1,2022,2022-09-16,ac horsens,fc nordsjaelland,False
881685,DK1,2022,2022-09-17,aarhus,aalborg,False
881681,DK1,2022,2022-09-18,randers fc,silkeborg,False
881680,DK1,2022,2022-09-18,lyngby,odense,False
881683,DK1,2022,2022-09-18,viborg,brondby,False
881684,DK1,2022,2022-09-18,fc midtjylland,fc copenhagen,False
881688,DK1,2022,2022-09-30,aalborg,odense,False
881687,DK1,2022,2022-10-02,fc midtjylland,viborg,False
881691,DK1,2022,2022-10-02,silkeborg,ac horsens,False
881686,DK1,2022,2022-10-02,brondby,lyngby,False
881690,DK1,2022,2022-10-02,fc copenhagen,aarhus,False
881689,DK1,2022,2022-10-03,fc nordsjaelland,randers fc,False
881695,DK1,2022,2022-10-07,lyngby,viborg,False
881693,DK1,2022,2022-10-08,fc copenhagen,fc nordsjaelland,False
881692,DK1,2022,2022-10-09,aarhus,fc midtjylland,False
881694,DK1,2022,2022-10-09,odense,silkeborg,False
881696,DK1,2022,2022-10-09,randers fc,brondby,False
881697,DK1,2022,2022-10-10,ac horsens,aalborg,False
881700,DK1,2022,2022-10-14,lyngby,aalborg,False
881698,DK1,2022,2022-10-16,brondby,fc copenhagen,False
881701,DK1,2022,2022-10-16,viborg,odense,False
881699,DK1,2022,2022-10-16,fc nordsjaelland,aarhus,False
881703,DK1,2022,2022-10-16,fc midtjylland,ac horsens,False
881702,DK1,2022,2022-10-17,silkeborg,randers fc,False
881709,DK1,2022,2022-10-21,odense,lyngby,False
881705,DK1,2022,2022-10-22,fc copenhagen,fc midtjylland,False
881708,DK1,2022,2022-10-23,randers fc,fc nordsjaelland,False
881707,DK1,2022,2022-10-23,ac horsens,silkeborg,False
881704,DK1,2022,2022-10-23,aarhus,brondby,False
881706,DK1,2022,2022-10-24,aalborg,viborg,False
881715,DK1,2022,2022-10-28,fc nordsjaelland,ac horsens,False
881713,DK1,2022,2022-10-29,randers fc,fc copenhagen,False
881712,DK1,2022,2022-10-30,lyngby,aarhus,False
881711,DK1,2022,2022-10-30,silkeborg,viborg,False
881714,DK1,2022,2022-10-30,brondby,aalborg,False
881710,DK1,2022,2022-10-31,fc midtjylland,odense,False
881719,DK1,2022,2022-11-04,ac horsens,randers fc,False
881718,DK1,2022,2022-11-06,aalborg,silkeborg,False
881721,DK1,2022,2022-11-06,viborg,aarhus,False
881717,DK1,2022,2022-11-06,fc copenhagen,lyngby,False
881720,DK1,2022,2022-11-06,odense,brondby,False
881716,DK1,2022,2022-11-07,fc midtjylland,fc nordsjaelland,False
881727,DK1,2022,2022-11-12,silkeborg,lyngby,False
881724,DK1,2022,2022-11-13,ac horsens,odense,False
881723,DK1,2022,2022-11-13,aarhus,fc copenhagen,False
881722,DK1,2022,2022-11-13,brondby,viborg,False
881726,DK1,2022,2022-11-13,fc nordsjaelland,aalborg,False
881725,DK1,2022,2022-11-13,randers fc,fc midtjylland,False
881729,DK1,2022,2023-02-17,aalborg,aarhus,False
881730,DK1,2022,2023-02-19,odense,randers fc,False
881731,DK1,2022,2023-02-19,lyngby,fc nordsjaelland,False
881733,DK1,2022,2023-02-19,silkeborg,fc copenhagen,False
881728,DK1,2022,2023-02-19,brondby,ac horsens,False
881732,DK1,2022,2023-02-20,viborg,fc midtjylland,False
881735,DK1,2022,2023-02-24,fc nordsjaelland,odense,False
881739,DK1,2022,2023-02-26,randers fc,lyngby,False
881736,DK1,2022,2023-02-26,ac horsens,viborg,False
881738,DK1,2022,2023-02-26,fc copenhagen,aalborg,False
881734,DK1,2022,2023-02-26,aarhus,silkeborg,False
881737,DK1,2022,2023-02-27,fc midtjylland,brondby,False
881740,DK1,2022,2023-03-03,aarhus,ac horsens,False
881745,DK1,2022,2023-03-05,viborg,randers fc,False
881744,DK1,2022,2023-03-05,silkeborg,fc nordsjaelland,False
881743,DK1,2022,2023-03-05,lyngby,brondby,False
881741,DK1,2022,2023-03-05,fc copenhagen,odense,False
881742,DK1,2022,2023-03-06,aalborg,fc midtjylland,False
881749,DK1,2022,2023-03-10,odense,aalborg,False
881751,DK1,2022,2023-03-12,fc midtjylland,lyngby,False
881750,DK1,2022,2023-03-12,viborg,fc nordsjaelland,False
881747,DK1,2022,2023-03-12,ac horsens,fc copenhagen,False
881746,DK1,2022,2023-03-12,brondby,silkeborg,False
881748,DK1,2022,2023-03-13,randers fc,aarhus,False
881755,DK1,2022,2023-03-19,fc nordsjaelland,brondby,False
881753,DK1,2022,2023-03-19,fc copenhagen,viborg,False
881754,DK1,2022,2023-03-19,aalborg,randers fc,False
881752,DK1,2022,2023-03-19,aarhus,odense,False
881757,DK1,2022,2023-03-19,lyngby,ac horsens,False
881756,DK1,2022,2023-03-19,silkeborg,fc midtjylland,False
1017268,DK1,2022,2023-03-31,odense,fc midtjylland,False
1017270,DK1,2022,2023-04-02,ac horsens,aalborg,False
1017269,DK1,2022,2023-04-02,lyngby,silkeborg,False
1017238,DK1,2022,2023-04-02,brondby,viborg,False
1017239,DK1,2022,2023-04-02,fc copenhagen,fc nordsjaelland,False
1017240,DK1,2022,2023-04-03,aarhus,randers fc,False
1017241,DK1,2022,2023-04-09,viborg,aarhus,False
1017272,DK1,2022,2023-04-10,fc midtjylland,lyngby,False
1017271,DK1,2022,2023-04-10,aalborg,odense,False
1017242,DK1,2022,2023-04-10,randers fc,fc copenhagen,False
1017243,DK1,2022,2023-04-10,fc nordsjaelland,brondby,False
1017273,DK1,2022,2023-04-11,silkeborg,ac horsens,False
1017274,DK1,2022,2023-04-14,fc midtjylland,aalborg,False
1017276,DK1,2022,2023-04-16,odense,silkeborg,False
1017275,DK1,2022,2023-04-16,lyngby,ac horsens,False
1017244,DK1,2022,2023-04-16,fc copenhagen,viborg,False
1017245,DK1,2022,2023-04-16,brondby,aarhus,False
1017246,DK1,2022,2023-04-17,randers fc,fc nordsjaelland,False
1017277,DK1,2022,2023-04-21,silkeborg,aalborg,False
1017278,DK1,2022,2023-04-23,ac horsens,fc midtjylland,False
1017247,DK1,2022,2023-04-23,viborg,fc nordsjaelland,False
1017248,DK1,2022,2023-04-23,brondby,randers fc,False
1017249,DK1,2022,2023-04-23,aarhus,fc copenhagen,False
1017279,DK1,2022,2023-04-24,odense,lyngby,False
1017280,DK1,2022,2023-04-28,ac horsens,odense,False
1017281,DK1,2022,2023-04-30,aalborg,lyngby,False
1017250,DK1,2022,2023-04-30,viborg,randers fc,False
1017251,DK1,2022,2023-04-30,fc copenhagen,brondby,False
1017252,DK1,2022,2023-04-30,fc nordsjaelland,aarhus,False
1017282,DK1,2022,2023-05-01,fc midtjylland,silkeborg,False
1017283,DK1,2022,2023-05-07,aalborg,ac horsens,False
1017285,DK1,2022,2023-05-07,lyngby,fc midtjylland,False
1017284,DK1,2022,2023-05-07,silkeborg,odense,False
1017253,DK1,2022,2023-05-07,randers fc,brondby,False
1017254,DK1,2022,2023-05-07,aarhus,viborg,False
1017255,DK1,2022,2023-05-08,fc nordsjaelland,fc copenhagen,False
1017286,DK1,2022,2023-05-12,odense,aalborg,False
1017288,DK1,2022,2023-05-14,fc midtjylland,ac horsens,False
1017287,DK1,2022,2023-05-14,silkeborg,lyngby,False
1017256,DK1,2022,2023-05-14,brondby,fc copenhagen,False
1017257,DK1,2022,2023-05-14,aarhus,fc nordsjaelland,False
1017258,DK1,2022,2023-05-15,randers fc,viborg,False
1017291,DK1,2022,2023-05-19,ac horsens,silkeborg,False
1017289,DK1,2022,2023-05-21,aalborg,fc midtjylland,False
1017290,DK1,2022,2023-05-21,lyngby,odense,False
1017259,DK1,2022,2023-05-21,viborg,brondby,False
1017260,DK1,2022,2023-05-21,fc copenhagen,aarhus,False
1017261,DK1,2022,2023-05-22,fc nordsjaelland,randers fc,False
1017292,DK1,2022,2023-05-26,odense,ac horsens,False
1017294,DK1,2022,2023-05-29,lyngby,aalborg,False
1017293,DK1,2022,2023-05-29,silkeborg,fc midtjylland,False
1017262,DK1,2022,2023-05-29,viborg,fc copenhagen,False
1017263,DK1,2022,2023-05-29,brondby,fc nordsjaelland,False
1017264,DK1,2022,2023-05-30,randers fc,aarhus,False
1017295,DK1,2022,2023-06-03,fc midtjylland,odense,False
1017296,DK1,2022,2023-06-03,aalborg,silkeborg,False
1017297,DK1,2022,2023-06-03,ac horsens,lyngby,False
1017265,DK1,2022,2023-06-04,fc nordsjaelland,viborg,False
1017266,DK1,2022,2023-06-04,fc copenhagen,randers fc,False
1017267,DK1,2022,2023-06-04,aarhus,brondby,False
1030274,DK1,2022,2023-06-09,viborg,fc midtjylland,False
1034879,DK1,2023,2023-07-21,fc midtjylland,hvidovre,False
1034880,DK1,2023,2023-07-22,lyngby,fc copenhagen,False
1034881,DK1,2023,2023-07-23,aarhus,vejle,False
1034882,DK1,2023,2023-07-23,odense,randers fc,False
1034883,DK1,2023,2023-07-23,silkeborg,brondby,False
1034884,DK1,2023,2023-07-24,fc nordsjaelland,viborg,False
1034885,DK1,2023,2023-07-28,viborg,lyngby,False
1034886,DK1,2023,2023-07-29,vejle,fc copenhagen,False
1034887,DK1,2023,2023-07-30,fc midtjylland,silkeborg,False
1034888,DK1,2023,2023-07-30,randers fc,hvidovre,False
1034889,DK1,2023,2023-07-30,brondby,odense,False
1034890,DK1,2023,2023-07-31,aarhus,fc nordsjaelland,False
1034892,DK1,2023,2023-08-04,silkeborg,vejle,False
1034891,DK1,2023,2023-08-05,fc copenhagen,randers fc,False
1034893,DK1,2023,2023-08-06,hvidovre,aarhus,False
1034894,DK1,2023,2023-08-06,lyngby,fc midtjylland,False
1034895,DK1,2023,2023-08-06,fc nordsjaelland,brondby,False
1034896,DK1,2023,2023-08-07,odense,viborg,False
1034899,DK1,2023,2023-08-11,fc copenhagen,odense,False
1034898,DK1,2023,2023-08-13,vejle,fc midtjylland,False
1034897,DK1,2023,2023-08-13,randers fc,fc nordsjaelland,False
1034900,DK1,2023,2023-08-13,brondby,lyngby,False
1034901,DK1,2023,2023-08-13,aarhus,silkeborg,False
1034902,DK1,2023,2023-08-14,viborg,hvidovre,False
1034903,DK1,2023,2023-08-18,hvidovre,fc copenhagen,False
1034904,DK1,2023,2023-08-20,silkeborg,fc nordsjaelland,False
1034905,DK1,2023,2023-08-20,lyngby,randers fc,False
1034906,DK1,2023,2023-08-20,fc midtjylland,brondby,False
1034907,DK1,2023,2023-08-20,odense,aarhus,False
1034908,DK1,2023,2023-08-21,viborg,vejle,False
1034909,DK1,2023,2023-08-25,randers fc,viborg,False
1034910,DK1,2023,2023-08-26,fc copenhagen,silkeborg,False
1034911,DK1,2023,2023-08-27,aarhus,lyngby,False
1034912,DK1,2023,2023-08-27,hvidovre,odense,False
1034913,DK1,2023,2023-08-27,fc nordsjaelland,fc midtjylland,False
1034914,DK1,2023,2023-08-28,vejle,brondby,False
1034915,DK1,2023,2023-09-01,odense,vejle,False
1034917,DK1,2023,2023-09-03,lyngby,fc nordsjaelland,False
1034916,DK1,2023,2023-09-03,silkeborg,hvidovre,False
1034918,DK1,2023,2023-09-03,brondby,randers fc,False
1034919,DK1,2023,2023-09-03,fc copenhagen,viborg,False
1034920,DK1,2023,2023-09-03,fc midtjylland,aarhus,False
1034925,DK1,2023,2023-09-15,viborg,fc midtjylland,False
1034924,DK1,2023,2023-09-16,fc nordsjaelland,fc copenhagen,False
1034926,DK1,2023,2023-09-17,vejle,randers fc,False
1034922,DK1,2023,2023-09-17,hvidovre,lyngby,False
1034921,DK1,2023,2023-09-17,aarhus,brondby,False
1034923,DK1,2023,2023-09-18,odense,silkeborg,False
1034929,DK1,2023,2023-09-22,lyngby,vejle,False
1034927,DK1,2023,2023-09-24,brondby,fc copenhagen,False
1034930,DK1,2023,2023-09-24,silkeborg,viborg,False
1034931,DK1,2023,2023-09-24,randers fc,aarhus,False
1034928,DK1,2023,2023-09-24,fc midtjylland,odense,False
1034932,DK1,2023,2023-09-25,fc nordsjaelland,hvidovre,False
1034933,DK1,2023,2023-09-30,fc copenhagen,fc midtjylland,False
1034937,DK1,2023,2023-10-01,vejle,fc nordsjaelland,False
1034934,DK1,2023,2023-10-01,randers fc,silkeborg,False
1034936,DK1,2023,2023-10-01,hvidovre,brondby,False
1034935,DK1,2023,2023-10-01,viborg,aarhus,False
1034938,DK1,2023,2023-10-02,odense,lyngby,False
1034944,DK1,2023,2023-10-06,silkeborg,lyngby,False
1034943,DK1,2023,2023-10-08,vejle,hvidovre,False
1034942,DK1,2023,2023-10-08,fc nordsjaelland,odense,False
1034940,DK1,2023,2023-10-08,brondby,viborg,False
1034941,DK1,2023,2023-10-08,fc midtjylland,randers fc,False
1034939,DK1,2023,2023-10-08,aarhus,fc copenhagen,False
1034946,DK1,2023,2023-10-20,hvidovre,silkeborg,False
1034945,DK1,2023,2023-10-21,fc copenhagen,vejle,False
1034947,DK1,2023,2023-10-22,lyngby,aarhus,False
1034950,DK1,2023,2023-10-22,viborg,fc nordsjaelland,False
1034948,DK1,2023,2023-10-22,randers fc,brondby,False
1034949,DK1,2023,2023-10-23,odense,fc midtjylland,False
1034955,DK1,2023,2023-10-27,fc midtjylland,lyngby,False
1034954,DK1,2023,2023-10-28,fc copenhagen,hvidovre,False
1034953,DK1,2023,2023-10-29,vejle,viborg,False
1034956,DK1,2023,2023-10-29,silkeborg,odense,False
1034952,DK1,2023,2023-10-29,brondby,fc nordsjaelland,False
1034951,DK1,2023,2023-10-30,aarhus,randers fc,False
1034959,DK1,2023,2023-11-04,lyngby,odense,False
1034957,DK1,2023,2023-11-05,fc nordsjaelland,vejle,False
1034962,DK1,2023,2023-11-05,viborg,silkeborg,False
1034961,DK1,2023,2023-11-05,randers fc,fc copenhagen,False
1034958,DK1,2023,2023-11-05,hvidovre,fc midtjylland,False
1034960,DK1,2023,2023-11-06,brondby,aarhus,False
1034968,DK1,2023,2023-11-10,silkeborg,randers fc,False
1034965,DK1,2023,2023-11-12,fc copenhagen,brondby,False
1034967,DK1,2023,2023-11-12,vejle,lyngby,False
1034964,DK1,2023,2023-11-12,fc midtjylland,fc nordsjaelland,False
1034966,DK1,2023,2023-11-12,odense,hvidovre,False
1034963,DK1,2023,2023-11-12,aarhus,viborg,False
1034969,DK1,2023,2023-11-24,hvidovre,vejle,False
1034972,DK1,2023,2023-11-25,viborg,fc copenhagen,False
1034970,DK1,2023,2023-11-26,fc nordsjaelland,aarhus,False
1034974,DK1,2023,2023-11-26,randers fc,odense,False
1034971,DK1,2023,2023-11-26,lyngby,brondby,False
1034973,DK1,2023,2023-11-27,silkeborg,fc midtjylland,False
1034978,DK1,2023,2023-12-01,randers fc,vejle,False
1034980,DK1,2023,2023-12-03,odense,fc nordsjaelland,False
1034977,DK1,2023,2023-12-03,lyngby,silkeborg,False
1034975,DK1,2023,2023-12-03,brondby,hvidovre,False
1034979,DK1,2023,2023-12-03,fc copenhagen,aarhus,False
1034976,DK1,2023,2023-12-04,fc midtjylland,viborg,False
1034986,DK1,2023,2024-02-16,viborg,odense,False
1034985,DK1,2023,2024-02-18,fc nordsjaelland,lyngby,False
1034982,DK1,2023,2024-02-18,hvidovre,randers fc,False
1034984,DK1,2023,2024-02-18,silkeborg,fc copenhagen,False
1034981,DK1,2023,2024-02-18,brondby,fc midtjylland,False
1034983,DK1,2023,2024-02-19,vejle,aarhus,False
1034991,DK1,2023,2024-02-23,randers fc,lyngby,False
1034992,DK1,2023,2024-02-25,vejle,silkeborg,False
1034989,DK1,2023,2024-02-25,hvidovre,viborg,False
1034990,DK1,2023,2024-02-25,odense,brondby,False
1034987,DK1,2023,2024-02-25,aarhus,fc midtjylland,False
1034988,DK1,2023,2024-02-26,fc copenhagen,fc nordsjaelland,False
1034996,DK1,2023,2024-03-01,fc midtjylland,fc copenhagen,False
1034997,DK1,2023,2024-03-03,lyngby,hvidovre,False
1034998,DK1,2023,2024-03-03,viborg,randers fc,False
1034994,DK1,2023,2024-03-03,brondby,vejle,False
1034993,DK1,2023,2024-03-03,aarhus,odense,False
1034995,DK1,2023,2024-03-04,fc nordsjaelland,silkeborg,False
1035000,DK1,2023,2024-03-08,hvidovre,fc nordsjaelland,False
1035004,DK1,2023,2024-03-10,vejle,odense,False
1035001,DK1,2023,2024-03-10,silkeborg,aarhus,False
1034999,DK1,2023,2024-03-10,fc copenhagen,lyngby,False
1035002,DK1,2023,2024-03-10,viborg,brondby,False
1035003,DK1,2023,2024-03-11,randers fc,fc midtjylland,False
1035007,DK1,2023,2024-03-17,fc midtjylland,vejle,False
1035008,DK1,2023,2024-03-17,fc nordsjaelland,randers fc,False
1035010,DK1,2023,2024-03-17,odense,fc copenhagen,False
1035005,DK1,2023,2024-03-17,aarhus,hvidovre,False
1035006,DK1,2023,2024-03-17,brondby,silkeborg,False
1035009,DK1,2023,2024-03-17,lyngby,viborg,False
1186707,DK1,2023,2024-03-31,randers fc,lyngby,False
1186708,DK1,2023,2024-03-31,viborg,hvidovre,False
1186677,DK1,2023,2024-04-01,fc copenhagen,brondby,False
1186678,DK1,2023,2024-04-01,fc midtjylland,fc nordsjaelland,False
1186679,DK1,2023,2024-04-01,silkeborg,aarhus,False
1186709,DK1,2023,2024-04-02,odense,vejle,False
1186710,DK1,2023,2024-04-05,lyngby,odense,False
1186712,DK1,2023,2024-04-07,vejle,viborg,False
1186711,DK1,2023,2024-04-07,hvidovre,randers fc,False
1186680,DK1,2023,2024-04-07,fc nordsjaelland,fc copenhagen,False
1186681,DK1,2023,2024-04-07,aarhus,fc midtjylland,False
1186682,DK1,2023,2024-04-08,brondby,silkeborg,False
1186713,DK1,2023,2024-04-12,odense,viborg,False
1186715,DK1,2023,2024-04-14,vejle,randers fc,False
1186714,DK1,2023,2024-04-14,lyngby,hvidovre,False
1186683,DK1,2023,2024-04-14,aarhus,brondby,False
1186684,DK1,2023,2024-04-14,fc midtjylland,fc copenhagen,False
1186685,DK1,2023,2024-04-15,silkeborg,fc nordsjaelland,False
1186716,DK1,2023,2024-04-19,randers fc,odense,False
1186718,DK1,2023,2024-04-21,viborg,lyngby,False
1186717,DK1,2023,2024-04-21,hvidovre,vejle,False
1186686,DK1,2023,2024-04-21,fc copenhagen,silkeborg,False
1186687,DK1,2023,2024-04-21,brondby,fc midtjylland,False
1186688,DK1,2023,2024-04-22,fc nordsjaelland,aarhus,False
1186719,DK1,2023,2024-04-26,lyngby,vejle,False
1186721,DK1,2023,2024-04-28,odense,hvidovre,False
1186720,DK1,2023,2024-04-28,viborg,randers fc,False
1186689,DK1,2023,2024-04-28,fc nordsjaelland,brondby,False
1186690,DK1,2023,2024-04-28,fc copenhagen,aarhus,False
1186691,DK1,2023,2024-04-29,silkeborg,fc midtjylland,False
1186692,DK1,2023,2024-05-03,aarhus,fc nordsjaelland,False
1186723,DK1,2023,2024-05-05,lyngby,randers fc,False
1186722,DK1,2023,2024-05-05,hvidovre,viborg,False
1186693,DK1,2023,2024-05-05,silkeborg,fc copenhagen,False
1186694,DK1,2023,2024-05-05,fc midtjylland,brondby,False
1186724,DK1,2023,2024-05-06,vejle,odense,False
1186725,DK1,2023,2024-05-10,odense,lyngby,False
1186726,DK1,2023,2024-05-12,randers fc,hvidovre,False
1186727,DK1,2023,2024-05-12,viborg,vejle,False
1186695,DK1,2023,2024-05-12,brondby,fc copenhagen,False
1186696,DK1,2023,2024-05-12,fc midtjylland,aarhus,False
1186697,DK1,2023,2024-05-12,fc nordsjaelland,silkeborg,False
1186729,DK1,2023,2024-05-15,vejle,lyngby,False
1186728,DK1,2023,2024-05-15,randers fc,viborg,False
1186698,DK1,2023,2024-05-15,brondby,fc nordsjaelland,False
1186699,DK1,2023,2024-05-16,aarhus,silkeborg,False
1186730,DK1,2023,2024-05-16,hvidovre,odense,False
1186700,DK1,2023,2024-05-16,fc copenhagen,fc midtjylland,False
1186731,DK1,2023,2024-05-19,odense,randers fc,False
1186732,DK1,2023,2024-05-20,vejle,hvidovre,False
1186733,DK1,2023,2024-05-20,lyngby,viborg,False
1186701,DK1,2023,2024-05-20,silkeborg,brondby,False
1186702,DK1,2023,2024-05-20,fc nordsjaelland,fc midtjylland,False
1186703,DK1,2023,2024-05-21,aarhus,fc copenhagen,False
1186735,DK1,2023,2024-05-25,randers fc,vejle,False
1186736,DK1,2023,2024-05-25,viborg,odense,False
1186734,DK1,2023,2024-05-25,hvidovre,lyngby,False
1186704,DK1,2023,2024-05-26,fc midtjylland,silkeborg,False
1186705,DK1,2023,2024-05-26,fc copenhagen,fc nordsjaelland,False
1186706,DK1,2023,2024-05-26,brondby,aarhus,False
1201411,DK1,2023,2024-05-31,fc copenhagen,randers fc,False
1205424,DK1,2024,2024-07-19,aarhus,fc midtjylland,False
1205425,DK1,2024,2024-07-19,fc nordsjaelland,aalborg,False
1205426,DK1,2024,2024-07-21,silkeborg,sonderjyske,False
1205427,DK1,2024,2024-07-21,vejle,randers fc,False
1205428,DK1,2024,2024-07-21,viborg,brondby,False
1205429,DK1,2024,2024-07-22,lyngby,fc copenhagen,False
1205430,DK1,2024,2024-07-26,sonderjyske,lyngby,False
1205431,DK1,2024,2024-07-27,fc nordsjaelland,fc midtjylland,False
1205432,DK1,2024,2024-07-28,randers fc,viborg,False
1205433,DK1,2024,2024-07-28,aalborg,silkeborg,False
1205434,DK1,2024,2024-07-28,fc copenhagen,aarhus,False
1205435,DK1,2024,2024-07-29,brondby,vejle,False
1205437,DK1,2024,2024-08-02,aarhus,sonderjyske,False
1205436,DK1,2024,2024-08-03,fc midtjylland,aalborg,False
1205438,DK1,2024,2024-08-04,silkeborg,viborg,False
1205439,DK1,2024,2024-08-04,fc copenhagen,randers fc,False
1205440,DK1,2024,2024-08-04,lyngby,brondby,False
1205441,DK1,2024,2024-08-05,vejle,fc nordsjaelland,False
1205442,DK1,2024,2024-08-09,fc midtjylland,vejle,False
1205444,DK1,2024,2024-08-11,fc nordsjaelland,lyngby,False
1205443,DK1,2024,2024-08-11,randers fc,silkeborg,False
1205445,DK1,2024,2024-08-11,brondby,aarhus,False
1205446,DK1,2024,2024-08-11,sonderjyske,fc copenhagen,False
1205447,DK1,2024,2024-08-12,viborg,aalborg,False
1205448,DK1,2024,2024-08-16,lyngby,fc midtjylland,False
1205449,DK1,2024,2024-08-18,randers fc,sonderjyske,False
1205450,DK1,2024,2024-08-18,silkeborg,fc nordsjaelland,False
1205451,DK1,2024,2024-08-18,fc copenhagen,viborg,False
1205452,DK1,2024,2024-08-18,aalborg,brondby,False
1205453,DK1,2024,2024-08-19,aarhus,vejle,False
1205455,DK1,2024,2024-08-23,aalborg,aarhus,False
1205454,DK1,2024,2024-08-24,fc midtjylland,sonderjyske,False
1205456,DK1,2024,2024-08-25,vejle,silkeborg,False
1205457,DK1,2024,2024-08-25,fc nordsjaelland,fc copenhagen,False
1205458,DK1,2024,2024-08-25,brondby,randers fc,False
1205459,DK1,2024,2024-08-26,viborg,lyngby,False
1205460,DK1,2024,2024-08-30,lyngby,vejle,False
1205461,DK1,2024,2024-08-31,aarhus,fc nordsjaelland,False
1205462,DK1,2024,2024-09-01,sonderjyske,viborg,False
1205463,DK1,2024,2024-09-01,fc copenhagen,brondby,False
1205464,DK1,2024,2024-09-01,silkeborg,fc midtjylland,False
1205465,DK1,2024,2024-09-01,randers fc,aalborg,False
1205470,DK1,2024,2024-09-13,aalborg,lyngby,False
1205471,DK1,2024,2024-09-14,fc midtjylland,fc copenhagen,False
1205466,DK1,2024,2024-09-15,aarhus,silkeborg,False
1205469,DK1,2024,2024-09-15,vejle,viborg,False
1205467,DK1,2024,2024-09-15,brondby,sonderjyske,False
1205468,DK1,2024,2024-09-16,fc nordsjaelland,randers fc,False
1205476,DK1,2024,2024-09-20,viborg,fc nordsjaelland,False
1205472,DK1,2024,2024-09-22,sonderjyske,vejle,False
1205475,DK1,2024,2024-09-22,randers fc,fc midtjylland,False
1205473,DK1,2024,2024-09-22,lyngby,aarhus,False
1205474,DK1,2024,2024-09-22,silkeborg,brondby,False
1205477,DK1,2024,2024-09-23,fc copenhagen,aalborg,False
1205478,DK1,2024,2024-09-28,aarhus,randers fc,False
1205479,DK1,2024,2024-09-29,fc midtjylland,viborg,False
1205481,DK1,2024,2024-09-29,aalborg,sonderjyske,False
1205480,DK1,2024,2024-09-29,lyngby,silkeborg,False
1205483,DK1,2024,2024-09-29,vejle,fc copenhagen,False
1205482,DK1,2024,2024-09-30,fc nordsjaelland,brondby,False
1205489,DK1,2024,2024-10-04,vejle,aalborg,False
1205487,DK1,2024,2024-10-06,sonderjyske,fc nordsjaelland,False
1205488,DK1,2024,2024-10-06,randers fc,lyngby,False
1205485,DK1,2024,2024-10-06,viborg,aarhus,False
1205484,DK1,2024,2024-10-06,brondby,fc midtjylland,False
1205486,DK1,2024,2024-10-06,silkeborg,fc copenhagen,False
1205491,DK1,2024,2024-10-18,fc copenhagen,vejle,False
1205494,DK1,2024,2024-10-20,aalborg,randers fc,False
1205493,DK1,2024,2024-10-20,lyngby,viborg,False
1205492,DK1,2024,2024-10-20,fc nordsjaelland,silkeborg,False
1205495,DK1,2024,2024-10-20,sonderjyske,fc midtjylland,False
1205490,DK1,2024,2024-10-21,aarhus,brondby,False
1205501,DK1,2024,2024-10-25,silkeborg,aalborg,False
1205496,DK1,2024,2024-10-27,brondby,fc copenhagen,False
1205499,DK1,2024,2024-10-27,vejle,lyngby,False
1205500,DK1,2024,2024-10-27,viborg,sonderjyske,False
1205497,DK1,2024,2024-10-27,fc midtjylland,aarhus,False
1205498,DK1,2024,2024-10-28,randers fc,fc nordsjaelland,False
1205507,DK1,2024,2024-11-02,sonderjyske,randers fc,False
1205506,DK1,2024,2024-11-03,fc midtjylland,brondby,False
1205504,DK1,2024,2024-11-03,fc nordsjaelland,viborg,False
1205502,DK1,2024,2024-11-03,aarhus,lyngby,False
1205505,DK1,2024,2024-11-03,aalborg,vejle,False
1205503,DK1,2024,2024-11-04,fc copenhagen,silkeborg,False
1205512,DK1,2024,2024-11-08,vejle,sonderjyske,False
1205513,DK1,2024,2024-11-10,lyngby,aalborg,False
1205511,DK1,2024,2024-11-10,silkeborg,randers fc,False
1205510,DK1,2024,2024-11-10,viborg,fc midtjylland,False
1205508,DK1,2024,2024-11-10,aarhus,fc copenhagen,False
1205509,DK1,2024,2024-11-10,brondby,fc nordsjaelland,False
1205518,DK1,2024,2024-11-22,fc nordsjaelland,aarhus,False
1205516,DK1,2024,2024-11-24,randers fc,vejle,False
1205517,DK1,2024,2024-11-24,aalborg,viborg,False
1205519,DK1,2024,2024-11-24,sonderjyske,brondby,False
1205514,DK1,2024,2024-11-24,fc copenhagen,lyngby,False
1205515,DK1,2024,2024-11-25,fc midtjylland,silkeborg,False
1205525,DK1,2024,2024-11-29,brondby,aalborg,False
1205521,DK1,2024,2024-12-01,lyngby,sonderjyske,False
1205524,DK1,2024,2024-12-01,viborg,randers fc,False
1205523,DK1,2024,2024-12-01,vejle,fc midtjylland,False
1205522,DK1,2024,2024-12-01,silkeborg,aarhus,False
1205520,DK1,2024,2024-12-02,fc copenhagen,fc nordsjaelland,False
1205526,DK1,2024,2025-02-14,brondby,viborg,False
1205527,DK1,2024,2025-02-16,silkeborg,vejle,False
1205529,DK1,2024,2025-02-16,sonderjyske,aarhus,False
1205531,DK1,2024,2025-02-16,fc midtjylland,lyngby,False
1205530,DK1,2024,2025-02-17,randers fc,fc copenhagen,False
1205534,DK1,2024,2025-02-21,lyngby,randers fc,False
1205533,DK1,2024,2025-02-23,fc nordsjaelland,sonderjyske,False
1205537,DK1,2024,2025-02-23,aarhus,aalborg,False
1205535,DK1,2024,2025-02-23,vejle,brondby,False
1205532,DK1,2024,2025-02-23,fc copenhagen,fc midtjylland,False
1205536,DK1,2024,2025-02-24,viborg,silkeborg,False
1205528,DK1,2024,2025-02-26,aalborg,fc nordsjaelland,False
1205541,DK1,2024,2025-02-28,randers fc,aarhus,False
1205542,DK1,2024,2025-03-02,sonderjyske,silkeborg,False
1205543,DK1,2024,2025-03-02,viborg,vejle,False
1205539,DK1,2024,2025-03-02,fc midtjylland,fc nordsjaelland,False
1205540,DK1,2024,2025-03-02,aalborg,fc copenhagen,False
1205538,DK1,2024,2025-03-03,brondby,lyngby,False
1205546,DK1,2024,2025-03-07,fc nordsjaelland,vejle,False
1205547,DK1,2024,2025-03-09,aalborg,fc midtjylland,False
1205549,DK1,2024,2025-03-09,silkeborg,lyngby,False
1205544,DK1,2024,2025-03-09,aarhus,viborg,False
1205545,DK1,2024,2025-03-09,fc copenhagen,sonderjyske,False
1205548,DK1,2024,2025-03-10,randers fc,brondby,False
1205553,DK1,2024,2025-03-16,vejle,aarhus,False
1205555,DK1,2024,2025-03-16,sonderjyske,aalborg,False
1205551,DK1,2024,2025-03-16,fc midtjylland,randers fc,False
1205550,DK1,2024,2025-03-16,brondby,silkeborg,False
1205552,DK1,2024,2025-03-16,lyngby,fc nordsjaelland,False
1205554,DK1,2024,2025-03-16,viborg,fc copenhagen,False
1362792,DK1,2024,2025-03-28,aalborg,viborg,False
1362793,DK1,2024,2025-03-30,sonderjyske,silkeborg,False
1362794,DK1,2024,2025-03-30,lyngby,vejle,False
1362762,DK1,2024,2025-03-30,aarhus,fc nordsjaelland,False
1362763,DK1,2024,2025-03-30,fc midtjylland,brondby,False
1362764,DK1,2024,2025-03-31,fc copenhagen,randers fc,False
1362765,DK1,2024,2025-04-04,randers fc,fc midtjylland,False
1362795,DK1,2024,2025-04-06,viborg,sonderjyske,False
1362796,DK1,2024,2025-04-06,silkeborg,lyngby,False
1362797,DK1,2024,2025-04-06,vejle,aalborg,False
1362766,DK1,2024,2025-04-06,fc nordsjaelland,fc copenhagen,False
1362767,DK1,2024,2025-04-07,brondby,aarhus,False
1362798,DK1,2024,2025-04-11,aalborg,lyngby,False
1362768,DK1,2024,2025-04-13,fc copenhagen,brondby,False
1362799,DK1,2024,2025-04-13,viborg,silkeborg,False
1362769,DK1,2024,2025-04-13,aarhus,fc midtjylland,False
1362770,DK1,2024,2025-04-13,fc nordsjaelland,randers fc,False
1362800,DK1,2024,2025-04-14,sonderjyske,vejle,False
1362801,DK1,2024,2025-04-16,silkeborg,aalborg,False
1362803,DK1,2024,2025-04-17,vejle,viborg,False
1362802,DK1,2024,2025-04-17,lyngby,sonderjyske,False
1362771,DK1,2024,2025-04-17,randers fc,aarhus,False
1362772,DK1,2024,2025-04-17,fc midtjylland,fc copenhagen,False
1362773,DK1,2024,2025-04-18,brondby,fc nordsjaelland,False
1362804,DK1,2024,2025-04-20,aalborg,sonderjyske,False
1362805,DK1,2024,2025-04-21,vejle,silkeborg,False
1362806,DK1,2024,2025-04-21,viborg,lyngby,False
1362774,DK1,2024,2025-04-21,brondby,randers fc,False
1362775,DK1,2024,2025-04-21,fc copenhagen,aarhus,False
1362776,DK1,2024,2025-04-22,fc nordsjaelland,fc midtjylland,False
1362777,DK1,2024,2025-04-25,randers fc,brondby,False
1362807,DK1,2024,2025-04-27,sonderjyske,viborg,False
1362808,DK1,2024,2025-04-27,lyngby,silkeborg,False
1362778,DK1,2024,2025-04-27,aarhus,fc copenhagen,False
1362779,DK1,2024,2025-04-27,fc midtjylland,fc nordsjaelland,False
1362809,DK1,2024,2025-04-28,aalborg,vejle,False
1362780,DK1,2024,2025-05-02,randers fc,fc nordsjaelland,False
1362811,DK1,2024,2025-05-04,lyngby,viborg,False
1362810,DK1,2024,2025-05-04,silkeborg,vejle,False
1362781,DK1,2024,2025-05-04,brondby,fc copenhagen,False
1362782,DK1,2024,2025-05-04,fc midtjylland,aarhus,False
1362812,DK1,2024,2025-05-05,sonderjyske,aalborg,False
1362783,DK1,2024,2025-05-11,fc nordsjaelland,brondby,False
1362813,DK1,2024,2025-05-11,silkeborg,sonderjyske,False
1362784,DK1,2024,2025-05-11,aarhus,randers fc,False
1362814,DK1,2024,2025-05-11,viborg,aalborg,False
1362785,DK1,2024,2025-05-11,fc copenhagen,fc midtjylland,False
1362815,DK1,2024,2025-05-12,vejle,lyngby,False
1362786,DK1,2024,2025-05-16,fc nordsjaelland,aarhus,False
1362816,DK1,2024,2025-05-18,aalborg,silkeborg,False
1362817,DK1,2024,2025-05-18,viborg,vejle,False
1362818,DK1,2024,2025-05-18,sonderjyske,lyngby,False
1362787,DK1,2024,2025-05-18,randers fc,fc copenhagen,False
1362788,DK1,2024,2025-05-19,brondby,fc midtjylland,False
1362821,DK1,2024,2025-05-24,vejle,sonderjyske,False
1362820,DK1,2024,2025-05-24,lyngby,aalborg,False
1362819,DK1,2024,2025-05-24,silkeborg,viborg,False
1362789,DK1,2024,2025-05-25,fc midtjylland,randers fc,False
1362790,DK1,2024,2025-05-25,fc copenhagen,fc nordsjaelland,False
1362791,DK1,2024,2025-05-25,aarhus,brondby,False
1376896,DK1,2024,2025-06-01,randers fc,silkeborg,False
